attribute,target_column,target_file,feature_file,task_type,strategy,classifier,splitter,fold,n_folds,asset_id,y_true,y_pred,is_correct
attr_has_pedestrian_railing,attr_has_pedestrian_railing,data/processed/train/attr_has_pedestrian_railing_train.csv,data/features/dinov3_vitb16_remaining_attributes_assets.csv,classification,dinov3_frozen_embeddings_random_forest,random_forest,StratifiedGroupKFold,1,5,48120,No railings,No railings,True
attr_has_pedestrian_railing,attr_has_pedestrian_railing,data/processed/train/attr_has_pedestrian_railing_train.csv,data/features/dinov3_vitb16_remaining_attributes_assets.csv,classification,dinov3_frozen_embeddings_random_forest,random_forest,StratifiedGroupKFold,1,5,48934,No railings,No railings,True
attr_has_pedestrian_railing,attr_has_pedestrian_railing,data/processed/train/attr_has_pedestrian_railing_train.csv,data/features/dinov3_vitb16_remaining_attributes_assets.csv,classification,dinov3_frozen_embeddings_random_forest,random_forest,StratifiedGroupKFold,1,5,48935,No railings,No railings,True
attr_has_pedestrian_railing,attr_has_pedestrian_railing,data/processed/train/attr_has_pedestrian_railing_train.csv,data/features/dinov3_vitb16_remaining_attributes_assets.csv,classification,dinov3_frozen_embeddings_random_forest,random_forest,StratifiedGroupKFold,1,5,51255,No railings,No railings,True
attr_has_pedestrian_railing,attr_has_pedestrian_railing,data/processed/train/attr_has_pedestrian_railing_train.csv,data/features/dinov3_vitb16_remaining_attributes_assets.csv,classification,dinov3_frozen_embeddings_random_forest,random_forest,StratifiedGroupKFold,1,5,52128,No railings,No railings,True
attr_has_pedestrian_railing,attr_has_pedestrian_railing,data/processed/train/attr_has_pedestrian_railing_train.csv,data/features/dinov3_vitb16_remaining_attributes_assets.csv,classification,dinov3_frozen_embeddings_random_forest,random_forest,StratifiedGroupKFold,1,5,52469,No railings,No railings,True
attr_has_pedestrian_railing,attr_has_pedestrian_railing,data/processed/train/attr_has_pedestrian_railing_train.csv,data/features/dinov3_vitb16_remaining_attributes_assets.csv,classification,dinov3_frozen_embeddings_random_forest,random_forest,StratifiedGroupKFold,1,5,52245,No railings,No railings,True
attr_has_pedestrian_railing,attr_has_pedestrian_railing,data/processed/train/attr_has_pedestrian_railing_train.csv,data/features/dinov3_vitb16_remaining_attributes_assets.csv,classification,dinov3_frozen_embeddings_random_forest,random_forest,StratifiedGroupKFold,1,5,56778,No railings,No railings,True
attr_has_pedestrian_railing,attr_has_pedestrian_railing,data/processed/train/attr_has_pedestrian_railing_train.csv,data/features/dinov3_vitb16_remaining_attributes_assets.csv,classification,dinov3_frozen_embeddings_random_forest,random_forest,StratifiedGroupKFold,1,5,58826,No railings,No railings,True
attr_has_pedestrian_railing,attr_has_pedestrian_railing,data/processed/train/attr_has_pedestrian_railing_train.csv,data/features/dinov3_vitb16_remaining_attributes_assets.csv,classification,dinov3_frozen_embeddings_random_forest,random_forest,StratifiedGroupKFold,1,5,62448,No railings,No railings,True
attr_has_pedestrian_railing,attr_has_pedestrian_railing,data/processed/train/attr_has_pedestrian_railing_train.csv,data/features/dinov3_vitb16_remaining_attributes_assets.csv,classification,dinov3_frozen_embeddings_random_forest,random_forest,StratifiedGroupKFold,1,5,64207,No railings,No railings,True
attr_has_pedestrian_railing,attr_has_pedestrian_railing,data/processed/train/attr_has_pedestrian_railing_train.csv,data/features/dinov3_vitb16_remaining_attributes_assets.csv,classification,dinov3_frozen_embeddings_random_forest,random_forest,StratifiedGroupKFold,1,5,66040,No railings,No railings,True
attr_has_pedestrian_railing,attr_has_pedestrian_railing,data/processed/train/attr_has_pedestrian_railing_train.csv,data/features/dinov3_vitb16_remaining_attributes_assets.csv,classification,dinov3_frozen_embeddings_random_forest,random_forest,StratifiedGroupKFold,1,5,65430,No railings,No railings,True
attr_has_pedestrian_railing,attr_has_pedestrian_railing,data/processed/train/attr_has_pedestrian_railing_train.csv,data/features/dinov3_vitb16_remaining_attributes_assets.csv,classification,dinov3_frozen_embeddings_random_forest,random_forest,StratifiedGroupKFold,1,5,81875,No railings,No railings,True
attr_has_pedestrian_railing,attr_has_pedestrian_railing,data/processed/train/attr_has_pedestrian_railing_train.csv,data/features/dinov3_vitb16_remaining_attributes_assets.csv,classification,dinov3_frozen_embeddings_random_forest,random_forest,StratifiedGroupKFold,1,5,81411,No railings,No railings,True
attr_has_pedestrian_railing,attr_has_pedestrian_railing,data/processed/train/attr_has_pedestrian_railing_train.csv,data/features/dinov3_vitb16_remaining_attributes_assets.csv,classification,dinov3_frozen_embeddings_random_forest,random_forest,StratifiedGroupKFold,1,5,81887,No railings,No railings,True
attr_has_pedestrian_railing,attr_has_pedestrian_railing,data/processed/train/attr_has_pedestrian_railing_train.csv,data/features/dinov3_vitb16_remaining_attributes_assets.csv,classification,dinov3_frozen_embeddings_random_forest,random_forest,StratifiedGroupKFold,1,5,83146,No railings,No railings,True
attr_has_pedestrian_railing,attr_has_pedestrian_railing,data/processed/train/attr_has_pedestrian_railing_train.csv,data/features/dinov3_vitb16_remaining_attributes_assets.csv,classification,dinov3_frozen_embeddings_random_forest,random_forest,StratifiedGroupKFold,1,5,83948,No railings,No railings,True
attr_has_pedestrian_railing,attr_has_pedestrian_railing,data/processed/train/attr_has_pedestrian_railing_train.csv,data/features/dinov3_vitb16_remaining_attributes_assets.csv,classification,dinov3_frozen_embeddings_random_forest,random_forest,StratifiedGroupKFold,1,5,84852,No railings,No railings,True
attr_has_pedestrian_railing,attr_has_pedestrian_railing,data/processed/train/attr_has_pedestrian_railing_train.csv,data/features/dinov3_vitb16_remaining_attributes_assets.csv,classification,dinov3_frozen_embeddings_random_forest,random_forest,StratifiedGroupKFold,1,5,84863,No railings,No railings,True
attr_has_pedestrian_railing,attr_has_pedestrian_railing,data/processed/train/attr_has_pedestrian_railing_train.csv,data/features/dinov3_vitb16_remaining_attributes_assets.csv,classification,dinov3_frozen_embeddings_random_forest,random_forest,StratifiedGroupKFold,1,5,85485,No railings,No railings,True
attr_has_pedestrian_railing,attr_has_pedestrian_railing,data/processed/train/attr_has_pedestrian_railing_train.csv,data/features/dinov3_vitb16_remaining_attributes_assets.csv,classification,dinov3_frozen_embeddings_random_forest,random_forest,StratifiedGroupKFold,1,5,85545,No railings,No railings,True
attr_has_pedestrian_railing,attr_has_pedestrian_railing,data/processed/train/attr_has_pedestrian_railing_train.csv,data/features/dinov3_vitb16_remaining_attributes_assets.csv,classification,dinov3_frozen_embeddings_random_forest,random_forest,StratifiedGroupKFold,1,5,86069,No railings,No railings,True
attr_has_pedestrian_railing,attr_has_pedestrian_railing,data/processed/train/attr_has_pedestrian_railing_train.csv,data/features/dinov3_vitb16_remaining_attributes_assets.csv,classification,dinov3_frozen_embeddings_random_forest,random_forest,StratifiedGroupKFold,1,5,86074,No railings,No railings,True
attr_has_pedestrian_railing,attr_has_pedestrian_railing,data/processed/train/attr_has_pedestrian_railing_train.csv,data/features/dinov3_vitb16_remaining_attributes_assets.csv,classification,dinov3_frozen_embeddings_random_forest,random_forest,StratifiedGroupKFold,1,5,86083,No railings,No railings,True
attr_has_pedestrian_railing,attr_has_pedestrian_railing,data/processed/train/attr_has_pedestrian_railing_train.csv,data/features/dinov3_vitb16_remaining_attributes_assets.csv,classification,dinov3_frozen_embeddings_random_forest,random_forest,StratifiedGroupKFold,1,5,86103,No railings,No railings,True
attr_has_pedestrian_railing,attr_has_pedestrian_railing,data/processed/train/attr_has_pedestrian_railing_train.csv,data/features/dinov3_vitb16_remaining_attributes_assets.csv,classification,dinov3_frozen_embeddings_random_forest,random_forest,StratifiedGroupKFold,1,5,86106,No railings,No railings,True
attr_has_pedestrian_railing,attr_has_pedestrian_railing,data/processed/train/attr_has_pedestrian_railing_train.csv,data/features/dinov3_vitb16_remaining_attributes_assets.csv,classification,dinov3_frozen_embeddings_random_forest,random_forest,StratifiedGroupKFold,1,5,86107,No railings,No railings,True
attr_has_pedestrian_railing,attr_has_pedestrian_railing,data/processed/train/attr_has_pedestrian_railing_train.csv,data/features/dinov3_vitb16_remaining_attributes_assets.csv,classification,dinov3_frozen_embeddings_random_forest,random_forest,StratifiedGroupKFold,1,5,86137,No railings,No railings,True
attr_has_pedestrian_railing,attr_has_pedestrian_railing,data/processed/train/attr_has_pedestrian_railing_train.csv,data/features/dinov3_vitb16_remaining_attributes_assets.csv,classification,dinov3_frozen_embeddings_random_forest,random_forest,StratifiedGroupKFold,1,5,86162,No railings,No railings,True
attr_has_pedestrian_railing,attr_has_pedestrian_railing,data/processed/train/attr_has_pedestrian_railing_train.csv,data/features/dinov3_vitb16_remaining_attributes_assets.csv,classification,dinov3_frozen_embeddings_random_forest,random_forest,StratifiedGroupKFold,1,5,86165,No railings,No railings,True
attr_has_pedestrian_railing,attr_has_pedestrian_railing,data/processed/train/attr_has_pedestrian_railing_train.csv,data/features/dinov3_vitb16_remaining_attributes_assets.csv,classification,dinov3_frozen_embeddings_random_forest,random_forest,StratifiedGroupKFold,1,5,86175,No railings,No railings,True
attr_has_pedestrian_railing,attr_has_pedestrian_railing,data/processed/train/attr_has_pedestrian_railing_train.csv,data/features/dinov3_vitb16_remaining_attributes_assets.csv,classification,dinov3_frozen_embeddings_random_forest,random_forest,StratifiedGroupKFold,1,5,86179,No railings,No railings,True
attr_has_pedestrian_railing,attr_has_pedestrian_railing,data/processed/train/attr_has_pedestrian_railing_train.csv,data/features/dinov3_vitb16_remaining_attributes_assets.csv,classification,dinov3_frozen_embeddings_random_forest,random_forest,StratifiedGroupKFold,1,5,86178,No railings,No railings,True
attr_has_pedestrian_railing,attr_has_pedestrian_railing,data/processed/train/attr_has_pedestrian_railing_train.csv,data/features/dinov3_vitb16_remaining_attributes_assets.csv,classification,dinov3_frozen_embeddings_random_forest,random_forest,StratifiedGroupKFold,1,5,86188,No railings,No railings,True
attr_has_pedestrian_railing,attr_has_pedestrian_railing,data/processed/train/attr_has_pedestrian_railing_train.csv,data/features/dinov3_vitb16_remaining_attributes_assets.csv,classification,dinov3_frozen_embeddings_random_forest,random_forest,StratifiedGroupKFold,1,5,86193,No railings,No railings,True
attr_has_pedestrian_railing,attr_has_pedestrian_railing,data/processed/train/attr_has_pedestrian_railing_train.csv,data/features/dinov3_vitb16_remaining_attributes_assets.csv,classification,dinov3_frozen_embeddings_random_forest,random_forest,StratifiedGroupKFold,1,5,86195,No railings,No railings,True
attr_has_pedestrian_railing,attr_has_pedestrian_railing,data/processed/train/attr_has_pedestrian_railing_train.csv,data/features/dinov3_vitb16_remaining_attributes_assets.csv,classification,dinov3_frozen_embeddings_random_forest,random_forest,StratifiedGroupKFold,1,5,86203,No railings,No railings,True
attr_has_pedestrian_railing,attr_has_pedestrian_railing,data/processed/train/attr_has_pedestrian_railing_train.csv,data/features/dinov3_vitb16_remaining_attributes_assets.csv,classification,dinov3_frozen_embeddings_random_forest,random_forest,StratifiedGroupKFold,1,5,86205,No railings,No railings,True
attr_has_pedestrian_railing,attr_has_pedestrian_railing,data/processed/train/attr_has_pedestrian_railing_train.csv,data/features/dinov3_vitb16_remaining_attributes_assets.csv,classification,dinov3_frozen_embeddings_random_forest,random_forest,StratifiedGroupKFold,1,5,86215,No railings,No railings,True
attr_has_pedestrian_railing,attr_has_pedestrian_railing,data/processed/train/attr_has_pedestrian_railing_train.csv,data/features/dinov3_vitb16_remaining_attributes_assets.csv,classification,dinov3_frozen_embeddings_random_forest,random_forest,StratifiedGroupKFold,1,5,86231,No railings,No railings,True
attr_has_pedestrian_railing,attr_has_pedestrian_railing,data/processed/train/attr_has_pedestrian_railing_train.csv,data/features/dinov3_vitb16_remaining_attributes_assets.csv,classification,dinov3_frozen_embeddings_random_forest,random_forest,StratifiedGroupKFold,1,5,86229,No railings,No railings,True
attr_has_pedestrian_railing,attr_has_pedestrian_railing,data/processed/train/attr_has_pedestrian_railing_train.csv,data/features/dinov3_vitb16_remaining_attributes_assets.csv,classification,dinov3_frozen_embeddings_random_forest,random_forest,StratifiedGroupKFold,1,5,86250,No railings,No railings,True
attr_has_pedestrian_railing,attr_has_pedestrian_railing,data/processed/train/attr_has_pedestrian_railing_train.csv,data/features/dinov3_vitb16_remaining_attributes_assets.csv,classification,dinov3_frozen_embeddings_random_forest,random_forest,StratifiedGroupKFold,1,5,86256,No railings,No railings,True
attr_has_pedestrian_railing,attr_has_pedestrian_railing,data/processed/train/attr_has_pedestrian_railing_train.csv,data/features/dinov3_vitb16_remaining_attributes_assets.csv,classification,dinov3_frozen_embeddings_random_forest,random_forest,StratifiedGroupKFold,1,5,87575,No railings,No railings,True
attr_has_pedestrian_railing,attr_has_pedestrian_railing,data/processed/train/attr_has_pedestrian_railing_train.csv,data/features/dinov3_vitb16_remaining_attributes_assets.csv,classification,dinov3_frozen_embeddings_random_forest,random_forest,StratifiedGroupKFold,1,5,87582,No railings,No railings,True
attr_has_pedestrian_railing,attr_has_pedestrian_railing,data/processed/train/attr_has_pedestrian_railing_train.csv,data/features/dinov3_vitb16_remaining_attributes_assets.csv,classification,dinov3_frozen_embeddings_random_forest,random_forest,StratifiedGroupKFold,1,5,88281,No railings,No railings,True
attr_has_pedestrian_railing,attr_has_pedestrian_railing,data/processed/train/attr_has_pedestrian_railing_train.csv,data/features/dinov3_vitb16_remaining_attributes_assets.csv,classification,dinov3_frozen_embeddings_random_forest,random_forest,StratifiedGroupKFold,1,5,89410,No railings,No railings,True
attr_has_pedestrian_railing,attr_has_pedestrian_railing,data/processed/train/attr_has_pedestrian_railing_train.csv,data/features/dinov3_vitb16_remaining_attributes_assets.csv,classification,dinov3_frozen_embeddings_random_forest,random_forest,StratifiedGroupKFold,1,5,89575,No railings,No railings,True
attr_has_pedestrian_railing,attr_has_pedestrian_railing,data/processed/train/attr_has_pedestrian_railing_train.csv,data/features/dinov3_vitb16_remaining_attributes_assets.csv,classification,dinov3_frozen_embeddings_random_forest,random_forest,StratifiedGroupKFold,1,5,89591,No railings,No railings,True
attr_has_pedestrian_railing,attr_has_pedestrian_railing,data/processed/train/attr_has_pedestrian_railing_train.csv,data/features/dinov3_vitb16_remaining_attributes_assets.csv,classification,dinov3_frozen_embeddings_random_forest,random_forest,StratifiedGroupKFold,1,5,89600,No railings,No railings,True
attr_has_pedestrian_railing,attr_has_pedestrian_railing,data/processed/train/attr_has_pedestrian_railing_train.csv,data/features/dinov3_vitb16_remaining_attributes_assets.csv,classification,dinov3_frozen_embeddings_random_forest,random_forest,StratifiedGroupKFold,1,5,89715,No railings,No railings,True
attr_has_pedestrian_railing,attr_has_pedestrian_railing,data/processed/train/attr_has_pedestrian_railing_train.csv,data/features/dinov3_vitb16_remaining_attributes_assets.csv,classification,dinov3_frozen_embeddings_random_forest,random_forest,StratifiedGroupKFold,1,5,89721,No railings,No railings,True
attr_has_pedestrian_railing,attr_has_pedestrian_railing,data/processed/train/attr_has_pedestrian_railing_train.csv,data/features/dinov3_vitb16_remaining_attributes_assets.csv,classification,dinov3_frozen_embeddings_random_forest,random_forest,StratifiedGroupKFold,1,5,89724,No railings,No railings,True
attr_has_pedestrian_railing,attr_has_pedestrian_railing,data/processed/train/attr_has_pedestrian_railing_train.csv,data/features/dinov3_vitb16_remaining_attributes_assets.csv,classification,dinov3_frozen_embeddings_random_forest,random_forest,StratifiedGroupKFold,1,5,89764,No railings,No railings,True
attr_has_pedestrian_railing,attr_has_pedestrian_railing,data/processed/train/attr_has_pedestrian_railing_train.csv,data/features/dinov3_vitb16_remaining_attributes_assets.csv,classification,dinov3_frozen_embeddings_random_forest,random_forest,StratifiedGroupKFold,1,5,90333,No railings,No railings,True
attr_has_pedestrian_railing,attr_has_pedestrian_railing,data/processed/train/attr_has_pedestrian_railing_train.csv,data/features/dinov3_vitb16_remaining_attributes_assets.csv,classification,dinov3_frozen_embeddings_random_forest,random_forest,StratifiedGroupKFold,1,5,90348,No railings,No railings,True
attr_has_pedestrian_railing,attr_has_pedestrian_railing,data/processed/train/attr_has_pedestrian_railing_train.csv,data/features/dinov3_vitb16_remaining_attributes_assets.csv,classification,dinov3_frozen_embeddings_random_forest,random_forest,StratifiedGroupKFold,1,5,90349,No railings,No railings,True
attr_has_pedestrian_railing,attr_has_pedestrian_railing,data/processed/train/attr_has_pedestrian_railing_train.csv,data/features/dinov3_vitb16_remaining_attributes_assets.csv,classification,dinov3_frozen_embeddings_random_forest,random_forest,StratifiedGroupKFold,1,5,90352,No railings,No railings,True
attr_has_pedestrian_railing,attr_has_pedestrian_railing,data/processed/train/attr_has_pedestrian_railing_train.csv,data/features/dinov3_vitb16_remaining_attributes_assets.csv,classification,dinov3_frozen_embeddings_random_forest,random_forest,StratifiedGroupKFold,1,5,90362,No railings,No railings,True
attr_has_pedestrian_railing,attr_has_pedestrian_railing,data/processed/train/attr_has_pedestrian_railing_train.csv,data/features/dinov3_vitb16_remaining_attributes_assets.csv,classification,dinov3_frozen_embeddings_random_forest,random_forest,StratifiedGroupKFold,1,5,90366,No railings,No railings,True
attr_has_pedestrian_railing,attr_has_pedestrian_railing,data/processed/train/attr_has_pedestrian_railing_train.csv,data/features/dinov3_vitb16_remaining_attributes_assets.csv,classification,dinov3_frozen_embeddings_random_forest,random_forest,StratifiedGroupKFold,1,5,90368,No railings,No railings,True
attr_has_pedestrian_railing,attr_has_pedestrian_railing,data/processed/train/attr_has_pedestrian_railing_train.csv,data/features/dinov3_vitb16_remaining_attributes_assets.csv,classification,dinov3_frozen_embeddings_random_forest,random_forest,StratifiedGroupKFold,1,5,90376,No railings,No railings,True
attr_has_pedestrian_railing,attr_has_pedestrian_railing,data/processed/train/attr_has_pedestrian_railing_train.csv,data/features/dinov3_vitb16_remaining_attributes_assets.csv,classification,dinov3_frozen_embeddings_random_forest,random_forest,StratifiedGroupKFold,1,5,90388,No railings,No railings,True
attr_has_pedestrian_railing,attr_has_pedestrian_railing,data/processed/train/attr_has_pedestrian_railing_train.csv,data/features/dinov3_vitb16_remaining_attributes_assets.csv,classification,dinov3_frozen_embeddings_random_forest,random_forest,StratifiedGroupKFold,1,5,90389,No railings,No railings,True
attr_has_pedestrian_railing,attr_has_pedestrian_railing,data/processed/train/attr_has_pedestrian_railing_train.csv,data/features/dinov3_vitb16_remaining_attributes_assets.csv,classification,dinov3_frozen_embeddings_random_forest,random_forest,StratifiedGroupKFold,1,5,90395,No railings,No railings,True
attr_has_pedestrian_railing,attr_has_pedestrian_railing,data/processed/train/attr_has_pedestrian_railing_train.csv,data/features/dinov3_vitb16_remaining_attributes_assets.csv,classification,dinov3_frozen_embeddings_random_forest,random_forest,StratifiedGroupKFold,1,5,90396,No railings,No railings,True
attr_has_pedestrian_railing,attr_has_pedestrian_railing,data/processed/train/attr_has_pedestrian_railing_train.csv,data/features/dinov3_vitb16_remaining_attributes_assets.csv,classification,dinov3_frozen_embeddings_random_forest,random_forest,StratifiedGroupKFold,1,5,90398,No railings,No railings,True
attr_has_pedestrian_railing,attr_has_pedestrian_railing,data/processed/train/attr_has_pedestrian_railing_train.csv,data/features/dinov3_vitb16_remaining_attributes_assets.csv,classification,dinov3_frozen_embeddings_random_forest,random_forest,StratifiedGroupKFold,1,5,90399,No railings,No railings,True
attr_has_pedestrian_railing,attr_has_pedestrian_railing,data/processed/train/attr_has_pedestrian_railing_train.csv,data/features/dinov3_vitb16_remaining_attributes_assets.csv,classification,dinov3_frozen_embeddings_random_forest,random_forest,StratifiedGroupKFold,1,5,90493,No railings,No railings,True
attr_has_pedestrian_railing,attr_has_pedestrian_railing,data/processed/train/attr_has_pedestrian_railing_train.csv,data/features/dinov3_vitb16_remaining_attributes_assets.csv,classification,dinov3_frozen_embeddings_random_forest,random_forest,StratifiedGroupKFold,1,5,90496,No railings,No railings,True
attr_has_pedestrian_railing,attr_has_pedestrian_railing,data/processed/train/attr_has_pedestrian_railing_train.csv,data/features/dinov3_vitb16_remaining_attributes_assets.csv,classification,dinov3_frozen_embeddings_random_forest,random_forest,StratifiedGroupKFold,1,5,91716,No railings,No railings,True
attr_has_pedestrian_railing,attr_has_pedestrian_railing,data/processed/train/attr_has_pedestrian_railing_train.csv,data/features/dinov3_vitb16_remaining_attributes_assets.csv,classification,dinov3_frozen_embeddings_random_forest,random_forest,StratifiedGroupKFold,1,5,91943,No railings,No railings,True
attr_has_pedestrian_railing,attr_has_pedestrian_railing,data/processed/train/attr_has_pedestrian_railing_train.csv,data/features/dinov3_vitb16_remaining_attributes_assets.csv,classification,dinov3_frozen_embeddings_random_forest,random_forest,StratifiedGroupKFold,1,5,92016,No railings,No railings,True
attr_has_pedestrian_railing,attr_has_pedestrian_railing,data/processed/train/attr_has_pedestrian_railing_train.csv,data/features/dinov3_vitb16_remaining_attributes_assets.csv,classification,dinov3_frozen_embeddings_random_forest,random_forest,StratifiedGroupKFold,1,5,92025,No railings,No railings,True
attr_has_pedestrian_railing,attr_has_pedestrian_railing,data/processed/train/attr_has_pedestrian_railing_train.csv,data/features/dinov3_vitb16_remaining_attributes_assets.csv,classification,dinov3_frozen_embeddings_random_forest,random_forest,StratifiedGroupKFold,1,5,92027,No railings,No railings,True
attr_has_pedestrian_railing,attr_has_pedestrian_railing,data/processed/train/attr_has_pedestrian_railing_train.csv,data/features/dinov3_vitb16_remaining_attributes_assets.csv,classification,dinov3_frozen_embeddings_random_forest,random_forest,StratifiedGroupKFold,1,5,92048,No railings,No railings,True
attr_has_pedestrian_railing,attr_has_pedestrian_railing,data/processed/train/attr_has_pedestrian_railing_train.csv,data/features/dinov3_vitb16_remaining_attributes_assets.csv,classification,dinov3_frozen_embeddings_random_forest,random_forest,StratifiedGroupKFold,1,5,92058,No railings,No railings,True
attr_has_pedestrian_railing,attr_has_pedestrian_railing,data/processed/train/attr_has_pedestrian_railing_train.csv,data/features/dinov3_vitb16_remaining_attributes_assets.csv,classification,dinov3_frozen_embeddings_random_forest,random_forest,StratifiedGroupKFold,1,5,92069,No railings,No railings,True
attr_has_pedestrian_railing,attr_has_pedestrian_railing,data/processed/train/attr_has_pedestrian_railing_train.csv,data/features/dinov3_vitb16_remaining_attributes_assets.csv,classification,dinov3_frozen_embeddings_random_forest,random_forest,StratifiedGroupKFold,1,5,92079,No railings,No railings,True
attr_has_pedestrian_railing,attr_has_pedestrian_railing,data/processed/train/attr_has_pedestrian_railing_train.csv,data/features/dinov3_vitb16_remaining_attributes_assets.csv,classification,dinov3_frozen_embeddings_random_forest,random_forest,StratifiedGroupKFold,1,5,92082,No railings,No railings,True
attr_has_pedestrian_railing,attr_has_pedestrian_railing,data/processed/train/attr_has_pedestrian_railing_train.csv,data/features/dinov3_vitb16_remaining_attributes_assets.csv,classification,dinov3_frozen_embeddings_random_forest,random_forest,StratifiedGroupKFold,1,5,92086,No railings,No railings,True
attr_has_pedestrian_railing,attr_has_pedestrian_railing,data/processed/train/attr_has_pedestrian_railing_train.csv,data/features/dinov3_vitb16_remaining_attributes_assets.csv,classification,dinov3_frozen_embeddings_random_forest,random_forest,StratifiedGroupKFold,1,5,92708,No railings,No railings,True
attr_has_pedestrian_railing,attr_has_pedestrian_railing,data/processed/train/attr_has_pedestrian_railing_train.csv,data/features/dinov3_vitb16_remaining_attributes_assets.csv,classification,dinov3_frozen_embeddings_random_forest,random_forest,StratifiedGroupKFold,1,5,92842,No railings,No railings,True
attr_has_pedestrian_railing,attr_has_pedestrian_railing,data/processed/train/attr_has_pedestrian_railing_train.csv,data/features/dinov3_vitb16_remaining_attributes_assets.csv,classification,dinov3_frozen_embeddings_random_forest,random_forest,StratifiedGroupKFold,1,5,93032,No railings,No railings,True
attr_has_pedestrian_railing,attr_has_pedestrian_railing,data/processed/train/attr_has_pedestrian_railing_train.csv,data/features/dinov3_vitb16_remaining_attributes_assets.csv,classification,dinov3_frozen_embeddings_random_forest,random_forest,StratifiedGroupKFold,1,5,94266,No railings,No railings,True
attr_has_pedestrian_railing,attr_has_pedestrian_railing,data/processed/train/attr_has_pedestrian_railing_train.csv,data/features/dinov3_vitb16_remaining_attributes_assets.csv,classification,dinov3_frozen_embeddings_random_forest,random_forest,StratifiedGroupKFold,1,5,94272,No railings,No railings,True
attr_has_pedestrian_railing,attr_has_pedestrian_railing,data/processed/train/attr_has_pedestrian_railing_train.csv,data/features/dinov3_vitb16_remaining_attributes_assets.csv,classification,dinov3_frozen_embeddings_random_forest,random_forest,StratifiedGroupKFold,1,5,94274,No railings,No railings,True
attr_has_pedestrian_railing,attr_has_pedestrian_railing,data/processed/train/attr_has_pedestrian_railing_train.csv,data/features/dinov3_vitb16_remaining_attributes_assets.csv,classification,dinov3_frozen_embeddings_random_forest,random_forest,StratifiedGroupKFold,1,5,94285,No railings,No railings,True
attr_has_pedestrian_railing,attr_has_pedestrian_railing,data/processed/train/attr_has_pedestrian_railing_train.csv,data/features/dinov3_vitb16_remaining_attributes_assets.csv,classification,dinov3_frozen_embeddings_random_forest,random_forest,StratifiedGroupKFold,1,5,94305,No railings,No railings,True
attr_has_pedestrian_railing,attr_has_pedestrian_railing,data/processed/train/attr_has_pedestrian_railing_train.csv,data/features/dinov3_vitb16_remaining_attributes_assets.csv,classification,dinov3_frozen_embeddings_random_forest,random_forest,StratifiedGroupKFold,1,5,94319,No railings,No railings,True
attr_has_pedestrian_railing,attr_has_pedestrian_railing,data/processed/train/attr_has_pedestrian_railing_train.csv,data/features/dinov3_vitb16_remaining_attributes_assets.csv,classification,dinov3_frozen_embeddings_random_forest,random_forest,StratifiedGroupKFold,1,5,94354,No railings,No railings,True
attr_has_pedestrian_railing,attr_has_pedestrian_railing,data/processed/train/attr_has_pedestrian_railing_train.csv,data/features/dinov3_vitb16_remaining_attributes_assets.csv,classification,dinov3_frozen_embeddings_random_forest,random_forest,StratifiedGroupKFold,1,5,94359,No railings,No railings,True
attr_has_pedestrian_railing,attr_has_pedestrian_railing,data/processed/train/attr_has_pedestrian_railing_train.csv,data/features/dinov3_vitb16_remaining_attributes_assets.csv,classification,dinov3_frozen_embeddings_random_forest,random_forest,StratifiedGroupKFold,1,5,94361,No railings,No railings,True
attr_has_pedestrian_railing,attr_has_pedestrian_railing,data/processed/train/attr_has_pedestrian_railing_train.csv,data/features/dinov3_vitb16_remaining_attributes_assets.csv,classification,dinov3_frozen_embeddings_random_forest,random_forest,StratifiedGroupKFold,1,5,94362,No railings,No railings,True
attr_has_pedestrian_railing,attr_has_pedestrian_railing,data/processed/train/attr_has_pedestrian_railing_train.csv,data/features/dinov3_vitb16_remaining_attributes_assets.csv,classification,dinov3_frozen_embeddings_random_forest,random_forest,StratifiedGroupKFold,1,5,94367,No railings,No railings,True
attr_has_pedestrian_railing,attr_has_pedestrian_railing,data/processed/train/attr_has_pedestrian_railing_train.csv,data/features/dinov3_vitb16_remaining_attributes_assets.csv,classification,dinov3_frozen_embeddings_random_forest,random_forest,StratifiedGroupKFold,1,5,94375,No railings,No railings,True
attr_has_pedestrian_railing,attr_has_pedestrian_railing,data/processed/train/attr_has_pedestrian_railing_train.csv,data/features/dinov3_vitb16_remaining_attributes_assets.csv,classification,dinov3_frozen_embeddings_random_forest,random_forest,StratifiedGroupKFold,1,5,94385,No railings,No railings,True
attr_has_pedestrian_railing,attr_has_pedestrian_railing,data/processed/train/attr_has_pedestrian_railing_train.csv,data/features/dinov3_vitb16_remaining_attributes_assets.csv,classification,dinov3_frozen_embeddings_random_forest,random_forest,StratifiedGroupKFold,1,5,94388,No railings,No railings,True
attr_has_pedestrian_railing,attr_has_pedestrian_railing,data/processed/train/attr_has_pedestrian_railing_train.csv,data/features/dinov3_vitb16_remaining_attributes_assets.csv,classification,dinov3_frozen_embeddings_random_forest,random_forest,StratifiedGroupKFold,1,5,94408,No railings,No railings,True
attr_has_pedestrian_railing,attr_has_pedestrian_railing,data/processed/train/attr_has_pedestrian_railing_train.csv,data/features/dinov3_vitb16_remaining_attributes_assets.csv,classification,dinov3_frozen_embeddings_random_forest,random_forest,StratifiedGroupKFold,1,5,94410,No railings,No railings,True
attr_has_pedestrian_railing,attr_has_pedestrian_railing,data/processed/train/attr_has_pedestrian_railing_train.csv,data/features/dinov3_vitb16_remaining_attributes_assets.csv,classification,dinov3_frozen_embeddings_random_forest,random_forest,StratifiedGroupKFold,1,5,94416,No railings,No railings,True
attr_has_pedestrian_railing,attr_has_pedestrian_railing,data/processed/train/attr_has_pedestrian_railing_train.csv,data/features/dinov3_vitb16_remaining_attributes_assets.csv,classification,dinov3_frozen_embeddings_random_forest,random_forest,StratifiedGroupKFold,1,5,94422,No railings,No railings,True
attr_has_pedestrian_railing,attr_has_pedestrian_railing,data/processed/train/attr_has_pedestrian_railing_train.csv,data/features/dinov3_vitb16_remaining_attributes_assets.csv,classification,dinov3_frozen_embeddings_random_forest,random_forest,StratifiedGroupKFold,1,5,94783,No railings,No railings,True
attr_has_pedestrian_railing,attr_has_pedestrian_railing,data/processed/train/attr_has_pedestrian_railing_train.csv,data/features/dinov3_vitb16_remaining_attributes_assets.csv,classification,dinov3_frozen_embeddings_random_forest,random_forest,StratifiedGroupKFold,1,5,96358,No railings,No railings,True
attr_has_pedestrian_railing,attr_has_pedestrian_railing,data/processed/train/attr_has_pedestrian_railing_train.csv,data/features/dinov3_vitb16_remaining_attributes_assets.csv,classification,dinov3_frozen_embeddings_random_forest,random_forest,StratifiedGroupKFold,1,5,100260,No railings,No railings,True
attr_has_pedestrian_railing,attr_has_pedestrian_railing,data/processed/train/attr_has_pedestrian_railing_train.csv,data/features/dinov3_vitb16_remaining_attributes_assets.csv,classification,dinov3_frozen_embeddings_random_forest,random_forest,StratifiedGroupKFold,1,5,100345,No railings,No railings,True
attr_has_pedestrian_railing,attr_has_pedestrian_railing,data/processed/train/attr_has_pedestrian_railing_train.csv,data/features/dinov3_vitb16_remaining_attributes_assets.csv,classification,dinov3_frozen_embeddings_random_forest,random_forest,StratifiedGroupKFold,1,5,100999,No railings,No railings,True
attr_has_pedestrian_railing,attr_has_pedestrian_railing,data/processed/train/attr_has_pedestrian_railing_train.csv,data/features/dinov3_vitb16_remaining_attributes_assets.csv,classification,dinov3_frozen_embeddings_random_forest,random_forest,StratifiedGroupKFold,1,5,102430,No railings,No railings,True
attr_has_pedestrian_railing,attr_has_pedestrian_railing,data/processed/train/attr_has_pedestrian_railing_train.csv,data/features/dinov3_vitb16_remaining_attributes_assets.csv,classification,dinov3_frozen_embeddings_random_forest,random_forest,StratifiedGroupKFold,1,5,102431,No railings,No railings,True
attr_has_pedestrian_railing,attr_has_pedestrian_railing,data/processed/train/attr_has_pedestrian_railing_train.csv,data/features/dinov3_vitb16_remaining_attributes_assets.csv,classification,dinov3_frozen_embeddings_random_forest,random_forest,StratifiedGroupKFold,1,5,103700,No railings,No railings,True
attr_has_pedestrian_railing,attr_has_pedestrian_railing,data/processed/train/attr_has_pedestrian_railing_train.csv,data/features/dinov3_vitb16_remaining_attributes_assets.csv,classification,dinov3_frozen_embeddings_random_forest,random_forest,StratifiedGroupKFold,1,5,103708,No railings,No railings,True
attr_has_pedestrian_railing,attr_has_pedestrian_railing,data/processed/train/attr_has_pedestrian_railing_train.csv,data/features/dinov3_vitb16_remaining_attributes_assets.csv,classification,dinov3_frozen_embeddings_random_forest,random_forest,StratifiedGroupKFold,1,5,103742,No railings,No railings,True
attr_has_pedestrian_railing,attr_has_pedestrian_railing,data/processed/train/attr_has_pedestrian_railing_train.csv,data/features/dinov3_vitb16_remaining_attributes_assets.csv,classification,dinov3_frozen_embeddings_random_forest,random_forest,StratifiedGroupKFold,1,5,103745,No railings,No railings,True
attr_has_pedestrian_railing,attr_has_pedestrian_railing,data/processed/train/attr_has_pedestrian_railing_train.csv,data/features/dinov3_vitb16_remaining_attributes_assets.csv,classification,dinov3_frozen_embeddings_random_forest,random_forest,StratifiedGroupKFold,1,5,107051,No railings,No railings,True
attr_has_pedestrian_railing,attr_has_pedestrian_railing,data/processed/train/attr_has_pedestrian_railing_train.csv,data/features/dinov3_vitb16_remaining_attributes_assets.csv,classification,dinov3_frozen_embeddings_random_forest,random_forest,StratifiedGroupKFold,1,5,107060,No railings,No railings,True
attr_has_pedestrian_railing,attr_has_pedestrian_railing,data/processed/train/attr_has_pedestrian_railing_train.csv,data/features/dinov3_vitb16_remaining_attributes_assets.csv,classification,dinov3_frozen_embeddings_random_forest,random_forest,StratifiedGroupKFold,1,5,107065,No railings,No railings,True
attr_has_pedestrian_railing,attr_has_pedestrian_railing,data/processed/train/attr_has_pedestrian_railing_train.csv,data/features/dinov3_vitb16_remaining_attributes_assets.csv,classification,dinov3_frozen_embeddings_random_forest,random_forest,StratifiedGroupKFold,1,5,107076,No railings,No railings,True
attr_has_pedestrian_railing,attr_has_pedestrian_railing,data/processed/train/attr_has_pedestrian_railing_train.csv,data/features/dinov3_vitb16_remaining_attributes_assets.csv,classification,dinov3_frozen_embeddings_random_forest,random_forest,StratifiedGroupKFold,1,5,107327,No railings,No railings,True
attr_has_pedestrian_railing,attr_has_pedestrian_railing,data/processed/train/attr_has_pedestrian_railing_train.csv,data/features/dinov3_vitb16_remaining_attributes_assets.csv,classification,dinov3_frozen_embeddings_random_forest,random_forest,StratifiedGroupKFold,1,5,107340,No railings,No railings,True
attr_has_pedestrian_railing,attr_has_pedestrian_railing,data/processed/train/attr_has_pedestrian_railing_train.csv,data/features/dinov3_vitb16_remaining_attributes_assets.csv,classification,dinov3_frozen_embeddings_random_forest,random_forest,StratifiedGroupKFold,1,5,107358,No railings,No railings,True
attr_has_pedestrian_railing,attr_has_pedestrian_railing,data/processed/train/attr_has_pedestrian_railing_train.csv,data/features/dinov3_vitb16_remaining_attributes_assets.csv,classification,dinov3_frozen_embeddings_random_forest,random_forest,StratifiedGroupKFold,1,5,107360,No railings,No railings,True
attr_has_pedestrian_railing,attr_has_pedestrian_railing,data/processed/train/attr_has_pedestrian_railing_train.csv,data/features/dinov3_vitb16_remaining_attributes_assets.csv,classification,dinov3_frozen_embeddings_random_forest,random_forest,StratifiedGroupKFold,1,5,107384,No railings,No railings,True
attr_has_pedestrian_railing,attr_has_pedestrian_railing,data/processed/train/attr_has_pedestrian_railing_train.csv,data/features/dinov3_vitb16_remaining_attributes_assets.csv,classification,dinov3_frozen_embeddings_random_forest,random_forest,StratifiedGroupKFold,1,5,107872,No railings,No railings,True
attr_has_pedestrian_railing,attr_has_pedestrian_railing,data/processed/train/attr_has_pedestrian_railing_train.csv,data/features/dinov3_vitb16_remaining_attributes_assets.csv,classification,dinov3_frozen_embeddings_random_forest,random_forest,StratifiedGroupKFold,1,5,107891,No railings,No railings,True
attr_has_pedestrian_railing,attr_has_pedestrian_railing,data/processed/train/attr_has_pedestrian_railing_train.csv,data/features/dinov3_vitb16_remaining_attributes_assets.csv,classification,dinov3_frozen_embeddings_random_forest,random_forest,StratifiedGroupKFold,1,5,107896,No railings,No railings,True
attr_has_pedestrian_railing,attr_has_pedestrian_railing,data/processed/train/attr_has_pedestrian_railing_train.csv,data/features/dinov3_vitb16_remaining_attributes_assets.csv,classification,dinov3_frozen_embeddings_random_forest,random_forest,StratifiedGroupKFold,1,5,107920,No railings,No railings,True
attr_has_pedestrian_railing,attr_has_pedestrian_railing,data/processed/train/attr_has_pedestrian_railing_train.csv,data/features/dinov3_vitb16_remaining_attributes_assets.csv,classification,dinov3_frozen_embeddings_random_forest,random_forest,StratifiedGroupKFold,1,5,107959,No railings,No railings,True
attr_has_pedestrian_railing,attr_has_pedestrian_railing,data/processed/train/attr_has_pedestrian_railing_train.csv,data/features/dinov3_vitb16_remaining_attributes_assets.csv,classification,dinov3_frozen_embeddings_random_forest,random_forest,StratifiedGroupKFold,1,5,108041,No railings,No railings,True
attr_has_pedestrian_railing,attr_has_pedestrian_railing,data/processed/train/attr_has_pedestrian_railing_train.csv,data/features/dinov3_vitb16_remaining_attributes_assets.csv,classification,dinov3_frozen_embeddings_random_forest,random_forest,StratifiedGroupKFold,1,5,108333,No railings,No railings,True
attr_has_pedestrian_railing,attr_has_pedestrian_railing,data/processed/train/attr_has_pedestrian_railing_train.csv,data/features/dinov3_vitb16_remaining_attributes_assets.csv,classification,dinov3_frozen_embeddings_random_forest,random_forest,StratifiedGroupKFold,1,5,108395,No railings,No railings,True
attr_has_pedestrian_railing,attr_has_pedestrian_railing,data/processed/train/attr_has_pedestrian_railing_train.csv,data/features/dinov3_vitb16_remaining_attributes_assets.csv,classification,dinov3_frozen_embeddings_random_forest,random_forest,StratifiedGroupKFold,1,5,108397,No railings,No railings,True
attr_has_pedestrian_railing,attr_has_pedestrian_railing,data/processed/train/attr_has_pedestrian_railing_train.csv,data/features/dinov3_vitb16_remaining_attributes_assets.csv,classification,dinov3_frozen_embeddings_random_forest,random_forest,StratifiedGroupKFold,1,5,108413,No railings,No railings,True
attr_has_pedestrian_railing,attr_has_pedestrian_railing,data/processed/train/attr_has_pedestrian_railing_train.csv,data/features/dinov3_vitb16_remaining_attributes_assets.csv,classification,dinov3_frozen_embeddings_random_forest,random_forest,StratifiedGroupKFold,1,5,108733,No railings,No railings,True
attr_has_pedestrian_railing,attr_has_pedestrian_railing,data/processed/train/attr_has_pedestrian_railing_train.csv,data/features/dinov3_vitb16_remaining_attributes_assets.csv,classification,dinov3_frozen_embeddings_random_forest,random_forest,StratifiedGroupKFold,1,5,108779,No railings,No railings,True
attr_has_pedestrian_railing,attr_has_pedestrian_railing,data/processed/train/attr_has_pedestrian_railing_train.csv,data/features/dinov3_vitb16_remaining_attributes_assets.csv,classification,dinov3_frozen_embeddings_random_forest,random_forest,StratifiedGroupKFold,1,5,108782,No railings,No railings,True
attr_has_pedestrian_railing,attr_has_pedestrian_railing,data/processed/train/attr_has_pedestrian_railing_train.csv,data/features/dinov3_vitb16_remaining_attributes_assets.csv,classification,dinov3_frozen_embeddings_random_forest,random_forest,StratifiedGroupKFold,1,5,109190,No railings,No railings,True
attr_has_pedestrian_railing,attr_has_pedestrian_railing,data/processed/train/attr_has_pedestrian_railing_train.csv,data/features/dinov3_vitb16_remaining_attributes_assets.csv,classification,dinov3_frozen_embeddings_random_forest,random_forest,StratifiedGroupKFold,1,5,109595,No railings,No railings,True
attr_has_pedestrian_railing,attr_has_pedestrian_railing,data/processed/train/attr_has_pedestrian_railing_train.csv,data/features/dinov3_vitb16_remaining_attributes_assets.csv,classification,dinov3_frozen_embeddings_random_forest,random_forest,StratifiedGroupKFold,1,5,109618,No railings,No railings,True
attr_has_pedestrian_railing,attr_has_pedestrian_railing,data/processed/train/attr_has_pedestrian_railing_train.csv,data/features/dinov3_vitb16_remaining_attributes_assets.csv,classification,dinov3_frozen_embeddings_random_forest,random_forest,StratifiedGroupKFold,1,5,109622,No railings,No railings,True
attr_has_pedestrian_railing,attr_has_pedestrian_railing,data/processed/train/attr_has_pedestrian_railing_train.csv,data/features/dinov3_vitb16_remaining_attributes_assets.csv,classification,dinov3_frozen_embeddings_random_forest,random_forest,StratifiedGroupKFold,1,5,109703,No railings,No railings,True
attr_has_pedestrian_railing,attr_has_pedestrian_railing,data/processed/train/attr_has_pedestrian_railing_train.csv,data/features/dinov3_vitb16_remaining_attributes_assets.csv,classification,dinov3_frozen_embeddings_random_forest,random_forest,StratifiedGroupKFold,1,5,109711,No railings,No railings,True
attr_has_pedestrian_railing,attr_has_pedestrian_railing,data/processed/train/attr_has_pedestrian_railing_train.csv,data/features/dinov3_vitb16_remaining_attributes_assets.csv,classification,dinov3_frozen_embeddings_random_forest,random_forest,StratifiedGroupKFold,1,5,110221,No railings,No railings,True
attr_has_pedestrian_railing,attr_has_pedestrian_railing,data/processed/train/attr_has_pedestrian_railing_train.csv,data/features/dinov3_vitb16_remaining_attributes_assets.csv,classification,dinov3_frozen_embeddings_random_forest,random_forest,StratifiedGroupKFold,1,5,110238,No railings,No railings,True
attr_has_pedestrian_railing,attr_has_pedestrian_railing,data/processed/train/attr_has_pedestrian_railing_train.csv,data/features/dinov3_vitb16_remaining_attributes_assets.csv,classification,dinov3_frozen_embeddings_random_forest,random_forest,StratifiedGroupKFold,1,5,110283,No railings,No railings,True
attr_has_pedestrian_railing,attr_has_pedestrian_railing,data/processed/train/attr_has_pedestrian_railing_train.csv,data/features/dinov3_vitb16_remaining_attributes_assets.csv,classification,dinov3_frozen_embeddings_random_forest,random_forest,StratifiedGroupKFold,1,5,110579,No railings,No railings,True
attr_has_pedestrian_railing,attr_has_pedestrian_railing,data/processed/train/attr_has_pedestrian_railing_train.csv,data/features/dinov3_vitb16_remaining_attributes_assets.csv,classification,dinov3_frozen_embeddings_random_forest,random_forest,StratifiedGroupKFold,1,5,110602,No railings,No railings,True
attr_has_pedestrian_railing,attr_has_pedestrian_railing,data/processed/train/attr_has_pedestrian_railing_train.csv,data/features/dinov3_vitb16_remaining_attributes_assets.csv,classification,dinov3_frozen_embeddings_random_forest,random_forest,StratifiedGroupKFold,1,5,110607,No railings,No railings,True
attr_has_pedestrian_railing,attr_has_pedestrian_railing,data/processed/train/attr_has_pedestrian_railing_train.csv,data/features/dinov3_vitb16_remaining_attributes_assets.csv,classification,dinov3_frozen_embeddings_random_forest,random_forest,StratifiedGroupKFold,1,5,110720,No railings,No railings,True
attr_has_pedestrian_railing,attr_has_pedestrian_railing,data/processed/train/attr_has_pedestrian_railing_train.csv,data/features/dinov3_vitb16_remaining_attributes_assets.csv,classification,dinov3_frozen_embeddings_random_forest,random_forest,StratifiedGroupKFold,1,5,110731,No railings,No railings,True
attr_has_pedestrian_railing,attr_has_pedestrian_railing,data/processed/train/attr_has_pedestrian_railing_train.csv,data/features/dinov3_vitb16_remaining_attributes_assets.csv,classification,dinov3_frozen_embeddings_random_forest,random_forest,StratifiedGroupKFold,1,5,110837,No railings,No railings,True
attr_has_pedestrian_railing,attr_has_pedestrian_railing,data/processed/train/attr_has_pedestrian_railing_train.csv,data/features/dinov3_vitb16_remaining_attributes_assets.csv,classification,dinov3_frozen_embeddings_random_forest,random_forest,StratifiedGroupKFold,1,5,110873,No railings,No railings,True
attr_has_pedestrian_railing,attr_has_pedestrian_railing,data/processed/train/attr_has_pedestrian_railing_train.csv,data/features/dinov3_vitb16_remaining_attributes_assets.csv,classification,dinov3_frozen_embeddings_random_forest,random_forest,StratifiedGroupKFold,1,5,110968,No railings,No railings,True
attr_has_pedestrian_railing,attr_has_pedestrian_railing,data/processed/train/attr_has_pedestrian_railing_train.csv,data/features/dinov3_vitb16_remaining_attributes_assets.csv,classification,dinov3_frozen_embeddings_random_forest,random_forest,StratifiedGroupKFold,1,5,110969,No railings,No railings,True
attr_has_pedestrian_railing,attr_has_pedestrian_railing,data/processed/train/attr_has_pedestrian_railing_train.csv,data/features/dinov3_vitb16_remaining_attributes_assets.csv,classification,dinov3_frozen_embeddings_random_forest,random_forest,StratifiedGroupKFold,1,5,111432,No railings,No railings,True
attr_has_pedestrian_railing,attr_has_pedestrian_railing,data/processed/train/attr_has_pedestrian_railing_train.csv,data/features/dinov3_vitb16_remaining_attributes_assets.csv,classification,dinov3_frozen_embeddings_random_forest,random_forest,StratifiedGroupKFold,1,5,111691,No railings,No railings,True
attr_has_pedestrian_railing,attr_has_pedestrian_railing,data/processed/train/attr_has_pedestrian_railing_train.csv,data/features/dinov3_vitb16_remaining_attributes_assets.csv,classification,dinov3_frozen_embeddings_random_forest,random_forest,StratifiedGroupKFold,1,5,111717,No railings,No railings,True
attr_has_pedestrian_railing,attr_has_pedestrian_railing,data/processed/train/attr_has_pedestrian_railing_train.csv,data/features/dinov3_vitb16_remaining_attributes_assets.csv,classification,dinov3_frozen_embeddings_random_forest,random_forest,StratifiedGroupKFold,1,5,111765,No railings,No railings,True
attr_has_pedestrian_railing,attr_has_pedestrian_railing,data/processed/train/attr_has_pedestrian_railing_train.csv,data/features/dinov3_vitb16_remaining_attributes_assets.csv,classification,dinov3_frozen_embeddings_random_forest,random_forest,StratifiedGroupKFold,1,5,111801,No railings,No railings,True
attr_has_pedestrian_railing,attr_has_pedestrian_railing,data/processed/train/attr_has_pedestrian_railing_train.csv,data/features/dinov3_vitb16_remaining_attributes_assets.csv,classification,dinov3_frozen_embeddings_random_forest,random_forest,StratifiedGroupKFold,1,5,111804,No railings,No railings,True
attr_has_pedestrian_railing,attr_has_pedestrian_railing,data/processed/train/attr_has_pedestrian_railing_train.csv,data/features/dinov3_vitb16_remaining_attributes_assets.csv,classification,dinov3_frozen_embeddings_random_forest,random_forest,StratifiedGroupKFold,1,5,111809,No railings,No railings,True
attr_has_pedestrian_railing,attr_has_pedestrian_railing,data/processed/train/attr_has_pedestrian_railing_train.csv,data/features/dinov3_vitb16_remaining_attributes_assets.csv,classification,dinov3_frozen_embeddings_random_forest,random_forest,StratifiedGroupKFold,1,5,111813,No railings,No railings,True
attr_has_pedestrian_railing,attr_has_pedestrian_railing,data/processed/train/attr_has_pedestrian_railing_train.csv,data/features/dinov3_vitb16_remaining_attributes_assets.csv,classification,dinov3_frozen_embeddings_random_forest,random_forest,StratifiedGroupKFold,1,5,112035,No railings,No railings,True
attr_has_pedestrian_railing,attr_has_pedestrian_railing,data/processed/train/attr_has_pedestrian_railing_train.csv,data/features/dinov3_vitb16_remaining_attributes_assets.csv,classification,dinov3_frozen_embeddings_random_forest,random_forest,StratifiedGroupKFold,1,5,112326,No railings,No railings,True
attr_has_pedestrian_railing,attr_has_pedestrian_railing,data/processed/train/attr_has_pedestrian_railing_train.csv,data/features/dinov3_vitb16_remaining_attributes_assets.csv,classification,dinov3_frozen_embeddings_random_forest,random_forest,StratifiedGroupKFold,1,5,112965,No railings,No railings,True
attr_has_pedestrian_railing,attr_has_pedestrian_railing,data/processed/train/attr_has_pedestrian_railing_train.csv,data/features/dinov3_vitb16_remaining_attributes_assets.csv,classification,dinov3_frozen_embeddings_random_forest,random_forest,StratifiedGroupKFold,1,5,113130,No railings,No railings,True
attr_has_pedestrian_railing,attr_has_pedestrian_railing,data/processed/train/attr_has_pedestrian_railing_train.csv,data/features/dinov3_vitb16_remaining_attributes_assets.csv,classification,dinov3_frozen_embeddings_random_forest,random_forest,StratifiedGroupKFold,1,5,113156,No railings,No railings,True
attr_has_pedestrian_railing,attr_has_pedestrian_railing,data/processed/train/attr_has_pedestrian_railing_train.csv,data/features/dinov3_vitb16_remaining_attributes_assets.csv,classification,dinov3_frozen_embeddings_random_forest,random_forest,StratifiedGroupKFold,1,5,113171,No railings,No railings,True
attr_has_pedestrian_railing,attr_has_pedestrian_railing,data/processed/train/attr_has_pedestrian_railing_train.csv,data/features/dinov3_vitb16_remaining_attributes_assets.csv,classification,dinov3_frozen_embeddings_random_forest,random_forest,StratifiedGroupKFold,1,5,113173,No railings,No railings,True
attr_has_pedestrian_railing,attr_has_pedestrian_railing,data/processed/train/attr_has_pedestrian_railing_train.csv,data/features/dinov3_vitb16_remaining_attributes_assets.csv,classification,dinov3_frozen_embeddings_random_forest,random_forest,StratifiedGroupKFold,1,5,114055,No railings,No railings,True
attr_has_pedestrian_railing,attr_has_pedestrian_railing,data/processed/train/attr_has_pedestrian_railing_train.csv,data/features/dinov3_vitb16_remaining_attributes_assets.csv,classification,dinov3_frozen_embeddings_random_forest,random_forest,StratifiedGroupKFold,1,5,114632,No railings,No railings,True
attr_has_pedestrian_railing,attr_has_pedestrian_railing,data/processed/train/attr_has_pedestrian_railing_train.csv,data/features/dinov3_vitb16_remaining_attributes_assets.csv,classification,dinov3_frozen_embeddings_random_forest,random_forest,StratifiedGroupKFold,1,5,114916,No railings,No railings,True
attr_has_pedestrian_railing,attr_has_pedestrian_railing,data/processed/train/attr_has_pedestrian_railing_train.csv,data/features/dinov3_vitb16_remaining_attributes_assets.csv,classification,dinov3_frozen_embeddings_random_forest,random_forest,StratifiedGroupKFold,1,5,115441,No railings,No railings,True
attr_has_pedestrian_railing,attr_has_pedestrian_railing,data/processed/train/attr_has_pedestrian_railing_train.csv,data/features/dinov3_vitb16_remaining_attributes_assets.csv,classification,dinov3_frozen_embeddings_random_forest,random_forest,StratifiedGroupKFold,1,5,115448,No railings,No railings,True
attr_has_pedestrian_railing,attr_has_pedestrian_railing,data/processed/train/attr_has_pedestrian_railing_train.csv,data/features/dinov3_vitb16_remaining_attributes_assets.csv,classification,dinov3_frozen_embeddings_random_forest,random_forest,StratifiedGroupKFold,1,5,116635,No railings,No railings,True
attr_has_pedestrian_railing,attr_has_pedestrian_railing,data/processed/train/attr_has_pedestrian_railing_train.csv,data/features/dinov3_vitb16_remaining_attributes_assets.csv,classification,dinov3_frozen_embeddings_random_forest,random_forest,StratifiedGroupKFold,1,5,116746,No railings,No railings,True
attr_has_pedestrian_railing,attr_has_pedestrian_railing,data/processed/train/attr_has_pedestrian_railing_train.csv,data/features/dinov3_vitb16_remaining_attributes_assets.csv,classification,dinov3_frozen_embeddings_random_forest,random_forest,StratifiedGroupKFold,1,5,117212,No railings,No railings,True
attr_has_pedestrian_railing,attr_has_pedestrian_railing,data/processed/train/attr_has_pedestrian_railing_train.csv,data/features/dinov3_vitb16_remaining_attributes_assets.csv,classification,dinov3_frozen_embeddings_random_forest,random_forest,StratifiedGroupKFold,1,5,117578,No railings,No railings,True
attr_has_pedestrian_railing,attr_has_pedestrian_railing,data/processed/train/attr_has_pedestrian_railing_train.csv,data/features/dinov3_vitb16_remaining_attributes_assets.csv,classification,dinov3_frozen_embeddings_random_forest,random_forest,StratifiedGroupKFold,1,5,118201,No railings,No railings,True
attr_has_pedestrian_railing,attr_has_pedestrian_railing,data/processed/train/attr_has_pedestrian_railing_train.csv,data/features/dinov3_vitb16_remaining_attributes_assets.csv,classification,dinov3_frozen_embeddings_random_forest,random_forest,StratifiedGroupKFold,1,5,120680,No railings,No railings,True
attr_has_pedestrian_railing,attr_has_pedestrian_railing,data/processed/train/attr_has_pedestrian_railing_train.csv,data/features/dinov3_vitb16_remaining_attributes_assets.csv,classification,dinov3_frozen_embeddings_random_forest,random_forest,StratifiedGroupKFold,1,5,120690,No railings,No railings,True
attr_has_pedestrian_railing,attr_has_pedestrian_railing,data/processed/train/attr_has_pedestrian_railing_train.csv,data/features/dinov3_vitb16_remaining_attributes_assets.csv,classification,dinov3_frozen_embeddings_random_forest,random_forest,StratifiedGroupKFold,1,5,120691,No railings,No railings,True
attr_has_pedestrian_railing,attr_has_pedestrian_railing,data/processed/train/attr_has_pedestrian_railing_train.csv,data/features/dinov3_vitb16_remaining_attributes_assets.csv,classification,dinov3_frozen_embeddings_random_forest,random_forest,StratifiedGroupKFold,1,5,121007,No railings,No railings,True
attr_has_pedestrian_railing,attr_has_pedestrian_railing,data/processed/train/attr_has_pedestrian_railing_train.csv,data/features/dinov3_vitb16_remaining_attributes_assets.csv,classification,dinov3_frozen_embeddings_random_forest,random_forest,StratifiedGroupKFold,1,5,121009,No railings,No railings,True
attr_has_pedestrian_railing,attr_has_pedestrian_railing,data/processed/train/attr_has_pedestrian_railing_train.csv,data/features/dinov3_vitb16_remaining_attributes_assets.csv,classification,dinov3_frozen_embeddings_random_forest,random_forest,StratifiedGroupKFold,1,5,121572,No railings,No railings,True
attr_has_pedestrian_railing,attr_has_pedestrian_railing,data/processed/train/attr_has_pedestrian_railing_train.csv,data/features/dinov3_vitb16_remaining_attributes_assets.csv,classification,dinov3_frozen_embeddings_random_forest,random_forest,StratifiedGroupKFold,1,5,121573,No railings,No railings,True
attr_has_pedestrian_railing,attr_has_pedestrian_railing,data/processed/train/attr_has_pedestrian_railing_train.csv,data/features/dinov3_vitb16_remaining_attributes_assets.csv,classification,dinov3_frozen_embeddings_random_forest,random_forest,StratifiedGroupKFold,1,5,121577,No railings,No railings,True
attr_has_pedestrian_railing,attr_has_pedestrian_railing,data/processed/train/attr_has_pedestrian_railing_train.csv,data/features/dinov3_vitb16_remaining_attributes_assets.csv,classification,dinov3_frozen_embeddings_random_forest,random_forest,StratifiedGroupKFold,1,5,121584,No railings,No railings,True
attr_has_pedestrian_railing,attr_has_pedestrian_railing,data/processed/train/attr_has_pedestrian_railing_train.csv,data/features/dinov3_vitb16_remaining_attributes_assets.csv,classification,dinov3_frozen_embeddings_random_forest,random_forest,StratifiedGroupKFold,1,5,121611,No railings,No railings,True
attr_has_pedestrian_railing,attr_has_pedestrian_railing,data/processed/train/attr_has_pedestrian_railing_train.csv,data/features/dinov3_vitb16_remaining_attributes_assets.csv,classification,dinov3_frozen_embeddings_random_forest,random_forest,StratifiedGroupKFold,1,5,121746,No railings,No railings,True
attr_has_pedestrian_railing,attr_has_pedestrian_railing,data/processed/train/attr_has_pedestrian_railing_train.csv,data/features/dinov3_vitb16_remaining_attributes_assets.csv,classification,dinov3_frozen_embeddings_random_forest,random_forest,StratifiedGroupKFold,1,5,121789,No railings,No railings,True
attr_has_pedestrian_railing,attr_has_pedestrian_railing,data/processed/train/attr_has_pedestrian_railing_train.csv,data/features/dinov3_vitb16_remaining_attributes_assets.csv,classification,dinov3_frozen_embeddings_random_forest,random_forest,StratifiedGroupKFold,1,5,121791,No railings,No railings,True
attr_has_pedestrian_railing,attr_has_pedestrian_railing,data/processed/train/attr_has_pedestrian_railing_train.csv,data/features/dinov3_vitb16_remaining_attributes_assets.csv,classification,dinov3_frozen_embeddings_random_forest,random_forest,StratifiedGroupKFold,1,5,122699,No railings,No railings,True
attr_has_pedestrian_railing,attr_has_pedestrian_railing,data/processed/train/attr_has_pedestrian_railing_train.csv,data/features/dinov3_vitb16_remaining_attributes_assets.csv,classification,dinov3_frozen_embeddings_random_forest,random_forest,StratifiedGroupKFold,1,5,122918,No railings,No railings,True
attr_has_pedestrian_railing,attr_has_pedestrian_railing,data/processed/train/attr_has_pedestrian_railing_train.csv,data/features/dinov3_vitb16_remaining_attributes_assets.csv,classification,dinov3_frozen_embeddings_random_forest,random_forest,StratifiedGroupKFold,1,5,123472,No railings,No railings,True
attr_has_pedestrian_railing,attr_has_pedestrian_railing,data/processed/train/attr_has_pedestrian_railing_train.csv,data/features/dinov3_vitb16_remaining_attributes_assets.csv,classification,dinov3_frozen_embeddings_random_forest,random_forest,StratifiedGroupKFold,1,5,123600,No railings,No railings,True
attr_has_pedestrian_railing,attr_has_pedestrian_railing,data/processed/train/attr_has_pedestrian_railing_train.csv,data/features/dinov3_vitb16_remaining_attributes_assets.csv,classification,dinov3_frozen_embeddings_random_forest,random_forest,StratifiedGroupKFold,1,5,123609,No railings,No railings,True
attr_has_pedestrian_railing,attr_has_pedestrian_railing,data/processed/train/attr_has_pedestrian_railing_train.csv,data/features/dinov3_vitb16_remaining_attributes_assets.csv,classification,dinov3_frozen_embeddings_random_forest,random_forest,StratifiedGroupKFold,1,5,123776,No railings,No railings,True
attr_has_pedestrian_railing,attr_has_pedestrian_railing,data/processed/train/attr_has_pedestrian_railing_train.csv,data/features/dinov3_vitb16_remaining_attributes_assets.csv,classification,dinov3_frozen_embeddings_random_forest,random_forest,StratifiedGroupKFold,1,5,126129,No railings,No railings,True
attr_has_pedestrian_railing,attr_has_pedestrian_railing,data/processed/train/attr_has_pedestrian_railing_train.csv,data/features/dinov3_vitb16_remaining_attributes_assets.csv,classification,dinov3_frozen_embeddings_random_forest,random_forest,StratifiedGroupKFold,1,5,126691,No railings,No railings,True
attr_has_pedestrian_railing,attr_has_pedestrian_railing,data/processed/train/attr_has_pedestrian_railing_train.csv,data/features/dinov3_vitb16_remaining_attributes_assets.csv,classification,dinov3_frozen_embeddings_random_forest,random_forest,StratifiedGroupKFold,1,5,126701,No railings,No railings,True
attr_has_pedestrian_railing,attr_has_pedestrian_railing,data/processed/train/attr_has_pedestrian_railing_train.csv,data/features/dinov3_vitb16_remaining_attributes_assets.csv,classification,dinov3_frozen_embeddings_random_forest,random_forest,StratifiedGroupKFold,1,5,126835,No railings,No railings,True
attr_has_pedestrian_railing,attr_has_pedestrian_railing,data/processed/train/attr_has_pedestrian_railing_train.csv,data/features/dinov3_vitb16_remaining_attributes_assets.csv,classification,dinov3_frozen_embeddings_random_forest,random_forest,StratifiedGroupKFold,1,5,126839,No railings,No railings,True
attr_has_pedestrian_railing,attr_has_pedestrian_railing,data/processed/train/attr_has_pedestrian_railing_train.csv,data/features/dinov3_vitb16_remaining_attributes_assets.csv,classification,dinov3_frozen_embeddings_random_forest,random_forest,StratifiedGroupKFold,1,5,127148,No railings,No railings,True
attr_has_pedestrian_railing,attr_has_pedestrian_railing,data/processed/train/attr_has_pedestrian_railing_train.csv,data/features/dinov3_vitb16_remaining_attributes_assets.csv,classification,dinov3_frozen_embeddings_random_forest,random_forest,StratifiedGroupKFold,1,5,127149,No railings,No railings,True
attr_has_pedestrian_railing,attr_has_pedestrian_railing,data/processed/train/attr_has_pedestrian_railing_train.csv,data/features/dinov3_vitb16_remaining_attributes_assets.csv,classification,dinov3_frozen_embeddings_random_forest,random_forest,StratifiedGroupKFold,1,5,127154,No railings,No railings,True
attr_has_pedestrian_railing,attr_has_pedestrian_railing,data/processed/train/attr_has_pedestrian_railing_train.csv,data/features/dinov3_vitb16_remaining_attributes_assets.csv,classification,dinov3_frozen_embeddings_random_forest,random_forest,StratifiedGroupKFold,1,5,127155,No railings,No railings,True
attr_has_pedestrian_railing,attr_has_pedestrian_railing,data/processed/train/attr_has_pedestrian_railing_train.csv,data/features/dinov3_vitb16_remaining_attributes_assets.csv,classification,dinov3_frozen_embeddings_random_forest,random_forest,StratifiedGroupKFold,1,5,127756,No railings,No railings,True
attr_has_pedestrian_railing,attr_has_pedestrian_railing,data/processed/train/attr_has_pedestrian_railing_train.csv,data/features/dinov3_vitb16_remaining_attributes_assets.csv,classification,dinov3_frozen_embeddings_random_forest,random_forest,StratifiedGroupKFold,1,5,128639,No railings,No railings,True
attr_has_pedestrian_railing,attr_has_pedestrian_railing,data/processed/train/attr_has_pedestrian_railing_train.csv,data/features/dinov3_vitb16_remaining_attributes_assets.csv,classification,dinov3_frozen_embeddings_random_forest,random_forest,StratifiedGroupKFold,1,5,128951,No railings,No railings,True
attr_has_pedestrian_railing,attr_has_pedestrian_railing,data/processed/train/attr_has_pedestrian_railing_train.csv,data/features/dinov3_vitb16_remaining_attributes_assets.csv,classification,dinov3_frozen_embeddings_random_forest,random_forest,StratifiedGroupKFold,1,5,128953,No railings,No railings,True
attr_has_pedestrian_railing,attr_has_pedestrian_railing,data/processed/train/attr_has_pedestrian_railing_train.csv,data/features/dinov3_vitb16_remaining_attributes_assets.csv,classification,dinov3_frozen_embeddings_random_forest,random_forest,StratifiedGroupKFold,1,5,129378,1 railing,No railings,False
attr_has_pedestrian_railing,attr_has_pedestrian_railing,data/processed/train/attr_has_pedestrian_railing_train.csv,data/features/dinov3_vitb16_remaining_attributes_assets.csv,classification,dinov3_frozen_embeddings_random_forest,random_forest,StratifiedGroupKFold,1,5,89766,No railings,No railings,True
attr_has_pedestrian_railing,attr_has_pedestrian_railing,data/processed/train/attr_has_pedestrian_railing_train.csv,data/features/dinov3_vitb16_remaining_attributes_assets.csv,classification,dinov3_frozen_embeddings_random_forest,random_forest,StratifiedGroupKFold,1,5,106916,No railings,No railings,True
attr_has_pedestrian_railing,attr_has_pedestrian_railing,data/processed/train/attr_has_pedestrian_railing_train.csv,data/features/dinov3_vitb16_remaining_attributes_assets.csv,classification,dinov3_frozen_embeddings_random_forest,random_forest,StratifiedGroupKFold,1,5,108414,No railings,No railings,True
attr_has_pedestrian_railing,attr_has_pedestrian_railing,data/processed/train/attr_has_pedestrian_railing_train.csv,data/features/dinov3_vitb16_remaining_attributes_assets.csv,classification,dinov3_frozen_embeddings_random_forest,random_forest,StratifiedGroupKFold,1,5,109179,No railings,No railings,True
attr_has_pedestrian_railing,attr_has_pedestrian_railing,data/processed/train/attr_has_pedestrian_railing_train.csv,data/features/dinov3_vitb16_remaining_attributes_assets.csv,classification,dinov3_frozen_embeddings_random_forest,random_forest,StratifiedGroupKFold,1,5,109185,No railings,No railings,True
attr_has_pedestrian_railing,attr_has_pedestrian_railing,data/processed/train/attr_has_pedestrian_railing_train.csv,data/features/dinov3_vitb16_remaining_attributes_assets.csv,classification,dinov3_frozen_embeddings_random_forest,random_forest,StratifiedGroupKFold,1,5,109621,No railings,No railings,True
attr_has_pedestrian_railing,attr_has_pedestrian_railing,data/processed/train/attr_has_pedestrian_railing_train.csv,data/features/dinov3_vitb16_remaining_attributes_assets.csv,classification,dinov3_frozen_embeddings_random_forest,random_forest,StratifiedGroupKFold,1,5,114045,No railings,No railings,True
attr_has_pedestrian_railing,attr_has_pedestrian_railing,data/processed/train/attr_has_pedestrian_railing_train.csv,data/features/dinov3_vitb16_remaining_attributes_assets.csv,classification,dinov3_frozen_embeddings_random_forest,random_forest,StratifiedGroupKFold,1,5,114057,No railings,No railings,True
attr_has_pedestrian_railing,attr_has_pedestrian_railing,data/processed/train/attr_has_pedestrian_railing_train.csv,data/features/dinov3_vitb16_remaining_attributes_assets.csv,classification,dinov3_frozen_embeddings_random_forest,random_forest,StratifiedGroupKFold,1,5,114183,No railings,No railings,True
attr_has_pedestrian_railing,attr_has_pedestrian_railing,data/processed/train/attr_has_pedestrian_railing_train.csv,data/features/dinov3_vitb16_remaining_attributes_assets.csv,classification,dinov3_frozen_embeddings_random_forest,random_forest,StratifiedGroupKFold,1,5,114185,No railings,No railings,True
attr_has_pedestrian_railing,attr_has_pedestrian_railing,data/processed/train/attr_has_pedestrian_railing_train.csv,data/features/dinov3_vitb16_remaining_attributes_assets.csv,classification,dinov3_frozen_embeddings_random_forest,random_forest,StratifiedGroupKFold,1,5,114189,No railings,No railings,True
attr_has_pedestrian_railing,attr_has_pedestrian_railing,data/processed/train/attr_has_pedestrian_railing_train.csv,data/features/dinov3_vitb16_remaining_attributes_assets.csv,classification,dinov3_frozen_embeddings_random_forest,random_forest,StratifiedGroupKFold,1,5,114245,No railings,No railings,True
attr_has_pedestrian_railing,attr_has_pedestrian_railing,data/processed/train/attr_has_pedestrian_railing_train.csv,data/features/dinov3_vitb16_remaining_attributes_assets.csv,classification,dinov3_frozen_embeddings_random_forest,random_forest,StratifiedGroupKFold,1,5,114262,No railings,No railings,True
attr_has_pedestrian_railing,attr_has_pedestrian_railing,data/processed/train/attr_has_pedestrian_railing_train.csv,data/features/dinov3_vitb16_remaining_attributes_assets.csv,classification,dinov3_frozen_embeddings_random_forest,random_forest,StratifiedGroupKFold,1,5,114280,No railings,No railings,True
attr_has_pedestrian_railing,attr_has_pedestrian_railing,data/processed/train/attr_has_pedestrian_railing_train.csv,data/features/dinov3_vitb16_remaining_attributes_assets.csv,classification,dinov3_frozen_embeddings_random_forest,random_forest,StratifiedGroupKFold,1,5,118804,No railings,No railings,True
attr_has_pedestrian_railing,attr_has_pedestrian_railing,data/processed/train/attr_has_pedestrian_railing_train.csv,data/features/dinov3_vitb16_remaining_attributes_assets.csv,classification,dinov3_frozen_embeddings_random_forest,random_forest,StratifiedGroupKFold,1,5,118805,No railings,No railings,True
attr_has_pedestrian_railing,attr_has_pedestrian_railing,data/processed/train/attr_has_pedestrian_railing_train.csv,data/features/dinov3_vitb16_remaining_attributes_assets.csv,classification,dinov3_frozen_embeddings_random_forest,random_forest,StratifiedGroupKFold,1,5,121006,No railings,No railings,True
attr_has_pedestrian_railing,attr_has_pedestrian_railing,data/processed/train/attr_has_pedestrian_railing_train.csv,data/features/dinov3_vitb16_remaining_attributes_assets.csv,classification,dinov3_frozen_embeddings_random_forest,random_forest,StratifiedGroupKFold,1,5,122440,No railings,No railings,True
attr_has_pedestrian_railing,attr_has_pedestrian_railing,data/processed/train/attr_has_pedestrian_railing_train.csv,data/features/dinov3_vitb16_remaining_attributes_assets.csv,classification,dinov3_frozen_embeddings_random_forest,random_forest,StratifiedGroupKFold,1,5,126795,No railings,No railings,True
attr_has_pedestrian_railing,attr_has_pedestrian_railing,data/processed/train/attr_has_pedestrian_railing_train.csv,data/features/dinov3_vitb16_remaining_attributes_assets.csv,classification,dinov3_frozen_embeddings_random_forest,random_forest,StratifiedGroupKFold,1,5,127071,No railings,No railings,True
attr_has_pedestrian_railing,attr_has_pedestrian_railing,data/processed/train/attr_has_pedestrian_railing_train.csv,data/features/dinov3_vitb16_remaining_attributes_assets.csv,classification,dinov3_frozen_embeddings_random_forest,random_forest,StratifiedGroupKFold,1,5,128018,No railings,No railings,True
attr_has_pedestrian_railing,attr_has_pedestrian_railing,data/processed/train/attr_has_pedestrian_railing_train.csv,data/features/dinov3_vitb16_remaining_attributes_assets.csv,classification,dinov3_frozen_embeddings_random_forest,random_forest,StratifiedGroupKFold,1,5,129397,1 railing,No railings,False
attr_has_pedestrian_railing,attr_has_pedestrian_railing,data/processed/train/attr_has_pedestrian_railing_train.csv,data/features/dinov3_vitb16_remaining_attributes_assets.csv,classification,dinov3_frozen_embeddings_random_forest,random_forest,StratifiedGroupKFold,1,5,46496,No railings,No railings,True
attr_has_pedestrian_railing,attr_has_pedestrian_railing,data/processed/train/attr_has_pedestrian_railing_train.csv,data/features/dinov3_vitb16_remaining_attributes_assets.csv,classification,dinov3_frozen_embeddings_random_forest,random_forest,StratifiedGroupKFold,1,5,47050,No railings,No railings,True
attr_has_pedestrian_railing,attr_has_pedestrian_railing,data/processed/train/attr_has_pedestrian_railing_train.csv,data/features/dinov3_vitb16_remaining_attributes_assets.csv,classification,dinov3_frozen_embeddings_random_forest,random_forest,StratifiedGroupKFold,1,5,48131,No railings,No railings,True
attr_has_pedestrian_railing,attr_has_pedestrian_railing,data/processed/train/attr_has_pedestrian_railing_train.csv,data/features/dinov3_vitb16_remaining_attributes_assets.csv,classification,dinov3_frozen_embeddings_random_forest,random_forest,StratifiedGroupKFold,1,5,48799,1 railing,No railings,False
attr_has_pedestrian_railing,attr_has_pedestrian_railing,data/processed/train/attr_has_pedestrian_railing_train.csv,data/features/dinov3_vitb16_remaining_attributes_assets.csv,classification,dinov3_frozen_embeddings_random_forest,random_forest,StratifiedGroupKFold,1,5,48937,No railings,No railings,True
attr_has_pedestrian_railing,attr_has_pedestrian_railing,data/processed/train/attr_has_pedestrian_railing_train.csv,data/features/dinov3_vitb16_remaining_attributes_assets.csv,classification,dinov3_frozen_embeddings_random_forest,random_forest,StratifiedGroupKFold,1,5,49525,1 railing,No railings,False
attr_has_pedestrian_railing,attr_has_pedestrian_railing,data/processed/train/attr_has_pedestrian_railing_train.csv,data/features/dinov3_vitb16_remaining_attributes_assets.csv,classification,dinov3_frozen_embeddings_random_forest,random_forest,StratifiedGroupKFold,1,5,49706,No railings,No railings,True
attr_has_pedestrian_railing,attr_has_pedestrian_railing,data/processed/train/attr_has_pedestrian_railing_train.csv,data/features/dinov3_vitb16_remaining_attributes_assets.csv,classification,dinov3_frozen_embeddings_random_forest,random_forest,StratifiedGroupKFold,1,5,51270,1 railing,No railings,False
attr_has_pedestrian_railing,attr_has_pedestrian_railing,data/processed/train/attr_has_pedestrian_railing_train.csv,data/features/dinov3_vitb16_remaining_attributes_assets.csv,classification,dinov3_frozen_embeddings_random_forest,random_forest,StratifiedGroupKFold,1,5,51536,No railings,No railings,True
attr_has_pedestrian_railing,attr_has_pedestrian_railing,data/processed/train/attr_has_pedestrian_railing_train.csv,data/features/dinov3_vitb16_remaining_attributes_assets.csv,classification,dinov3_frozen_embeddings_random_forest,random_forest,StratifiedGroupKFold,1,5,55911,No railings,No railings,True
attr_has_pedestrian_railing,attr_has_pedestrian_railing,data/processed/train/attr_has_pedestrian_railing_train.csv,data/features/dinov3_vitb16_remaining_attributes_assets.csv,classification,dinov3_frozen_embeddings_random_forest,random_forest,StratifiedGroupKFold,1,5,56479,No railings,No railings,True
attr_has_pedestrian_railing,attr_has_pedestrian_railing,data/processed/train/attr_has_pedestrian_railing_train.csv,data/features/dinov3_vitb16_remaining_attributes_assets.csv,classification,dinov3_frozen_embeddings_random_forest,random_forest,StratifiedGroupKFold,1,5,56563,1 railing,1 railing,True
attr_has_pedestrian_railing,attr_has_pedestrian_railing,data/processed/train/attr_has_pedestrian_railing_train.csv,data/features/dinov3_vitb16_remaining_attributes_assets.csv,classification,dinov3_frozen_embeddings_random_forest,random_forest,StratifiedGroupKFold,1,5,56878,No railings,No railings,True
attr_has_pedestrian_railing,attr_has_pedestrian_railing,data/processed/train/attr_has_pedestrian_railing_train.csv,data/features/dinov3_vitb16_remaining_attributes_assets.csv,classification,dinov3_frozen_embeddings_random_forest,random_forest,StratifiedGroupKFold,1,5,57612,2 railings,1 railing,False
attr_has_pedestrian_railing,attr_has_pedestrian_railing,data/processed/train/attr_has_pedestrian_railing_train.csv,data/features/dinov3_vitb16_remaining_attributes_assets.csv,classification,dinov3_frozen_embeddings_random_forest,random_forest,StratifiedGroupKFold,1,5,57673,No railings,No railings,True
attr_has_pedestrian_railing,attr_has_pedestrian_railing,data/processed/train/attr_has_pedestrian_railing_train.csv,data/features/dinov3_vitb16_remaining_attributes_assets.csv,classification,dinov3_frozen_embeddings_random_forest,random_forest,StratifiedGroupKFold,1,5,58180,No railings,No railings,True
attr_has_pedestrian_railing,attr_has_pedestrian_railing,data/processed/train/attr_has_pedestrian_railing_train.csv,data/features/dinov3_vitb16_remaining_attributes_assets.csv,classification,dinov3_frozen_embeddings_random_forest,random_forest,StratifiedGroupKFold,1,5,58181,1 railing,No railings,False
attr_has_pedestrian_railing,attr_has_pedestrian_railing,data/processed/train/attr_has_pedestrian_railing_train.csv,data/features/dinov3_vitb16_remaining_attributes_assets.csv,classification,dinov3_frozen_embeddings_random_forest,random_forest,StratifiedGroupKFold,1,5,60066,No railings,No railings,True
attr_has_pedestrian_railing,attr_has_pedestrian_railing,data/processed/train/attr_has_pedestrian_railing_train.csv,data/features/dinov3_vitb16_remaining_attributes_assets.csv,classification,dinov3_frozen_embeddings_random_forest,random_forest,StratifiedGroupKFold,1,5,60443,1 railing,No railings,False
attr_has_pedestrian_railing,attr_has_pedestrian_railing,data/processed/train/attr_has_pedestrian_railing_train.csv,data/features/dinov3_vitb16_remaining_attributes_assets.csv,classification,dinov3_frozen_embeddings_random_forest,random_forest,StratifiedGroupKFold,1,5,60444,1 railing,1 railing,True
attr_has_pedestrian_railing,attr_has_pedestrian_railing,data/processed/train/attr_has_pedestrian_railing_train.csv,data/features/dinov3_vitb16_remaining_attributes_assets.csv,classification,dinov3_frozen_embeddings_random_forest,random_forest,StratifiedGroupKFold,1,5,60961,2 railings,No railings,False
attr_has_pedestrian_railing,attr_has_pedestrian_railing,data/processed/train/attr_has_pedestrian_railing_train.csv,data/features/dinov3_vitb16_remaining_attributes_assets.csv,classification,dinov3_frozen_embeddings_random_forest,random_forest,StratifiedGroupKFold,1,5,61221,1 railing,1 railing,True
attr_has_pedestrian_railing,attr_has_pedestrian_railing,data/processed/train/attr_has_pedestrian_railing_train.csv,data/features/dinov3_vitb16_remaining_attributes_assets.csv,classification,dinov3_frozen_embeddings_random_forest,random_forest,StratifiedGroupKFold,1,5,61611,No railings,No railings,True
attr_has_pedestrian_railing,attr_has_pedestrian_railing,data/processed/train/attr_has_pedestrian_railing_train.csv,data/features/dinov3_vitb16_remaining_attributes_assets.csv,classification,dinov3_frozen_embeddings_random_forest,random_forest,StratifiedGroupKFold,1,5,61933,1 railing,No railings,False
attr_has_pedestrian_railing,attr_has_pedestrian_railing,data/processed/train/attr_has_pedestrian_railing_train.csv,data/features/dinov3_vitb16_remaining_attributes_assets.csv,classification,dinov3_frozen_embeddings_random_forest,random_forest,StratifiedGroupKFold,1,5,61959,No railings,No railings,True
attr_has_pedestrian_railing,attr_has_pedestrian_railing,data/processed/train/attr_has_pedestrian_railing_train.csv,data/features/dinov3_vitb16_remaining_attributes_assets.csv,classification,dinov3_frozen_embeddings_random_forest,random_forest,StratifiedGroupKFold,1,5,62068,No railings,No railings,True
attr_has_pedestrian_railing,attr_has_pedestrian_railing,data/processed/train/attr_has_pedestrian_railing_train.csv,data/features/dinov3_vitb16_remaining_attributes_assets.csv,classification,dinov3_frozen_embeddings_random_forest,random_forest,StratifiedGroupKFold,1,5,64381,No railings,No railings,True
attr_has_pedestrian_railing,attr_has_pedestrian_railing,data/processed/train/attr_has_pedestrian_railing_train.csv,data/features/dinov3_vitb16_remaining_attributes_assets.csv,classification,dinov3_frozen_embeddings_random_forest,random_forest,StratifiedGroupKFold,1,5,64441,No railings,No railings,True
attr_has_pedestrian_railing,attr_has_pedestrian_railing,data/processed/train/attr_has_pedestrian_railing_train.csv,data/features/dinov3_vitb16_remaining_attributes_assets.csv,classification,dinov3_frozen_embeddings_random_forest,random_forest,StratifiedGroupKFold,1,5,64759,No railings,No railings,True
attr_has_pedestrian_railing,attr_has_pedestrian_railing,data/processed/train/attr_has_pedestrian_railing_train.csv,data/features/dinov3_vitb16_remaining_attributes_assets.csv,classification,dinov3_frozen_embeddings_random_forest,random_forest,StratifiedGroupKFold,1,5,65318,No railings,No railings,True
attr_has_pedestrian_railing,attr_has_pedestrian_railing,data/processed/train/attr_has_pedestrian_railing_train.csv,data/features/dinov3_vitb16_remaining_attributes_assets.csv,classification,dinov3_frozen_embeddings_random_forest,random_forest,StratifiedGroupKFold,1,5,66054,No railings,No railings,True
attr_has_pedestrian_railing,attr_has_pedestrian_railing,data/processed/train/attr_has_pedestrian_railing_train.csv,data/features/dinov3_vitb16_remaining_attributes_assets.csv,classification,dinov3_frozen_embeddings_random_forest,random_forest,StratifiedGroupKFold,1,5,66540,No railings,No railings,True
attr_has_pedestrian_railing,attr_has_pedestrian_railing,data/processed/train/attr_has_pedestrian_railing_train.csv,data/features/dinov3_vitb16_remaining_attributes_assets.csv,classification,dinov3_frozen_embeddings_random_forest,random_forest,StratifiedGroupKFold,1,5,80448,2 railings,2 railings,True
attr_has_pedestrian_railing,attr_has_pedestrian_railing,data/processed/train/attr_has_pedestrian_railing_train.csv,data/features/dinov3_vitb16_remaining_attributes_assets.csv,classification,dinov3_frozen_embeddings_random_forest,random_forest,StratifiedGroupKFold,1,5,80450,No railings,No railings,True
attr_has_pedestrian_railing,attr_has_pedestrian_railing,data/processed/train/attr_has_pedestrian_railing_train.csv,data/features/dinov3_vitb16_remaining_attributes_assets.csv,classification,dinov3_frozen_embeddings_random_forest,random_forest,StratifiedGroupKFold,1,5,80460,1 railing,No railings,False
attr_has_pedestrian_railing,attr_has_pedestrian_railing,data/processed/train/attr_has_pedestrian_railing_train.csv,data/features/dinov3_vitb16_remaining_attributes_assets.csv,classification,dinov3_frozen_embeddings_random_forest,random_forest,StratifiedGroupKFold,1,5,80608,2 railings,No railings,False
attr_has_pedestrian_railing,attr_has_pedestrian_railing,data/processed/train/attr_has_pedestrian_railing_train.csv,data/features/dinov3_vitb16_remaining_attributes_assets.csv,classification,dinov3_frozen_embeddings_random_forest,random_forest,StratifiedGroupKFold,1,5,81293,No railings,No railings,True
attr_has_pedestrian_railing,attr_has_pedestrian_railing,data/processed/train/attr_has_pedestrian_railing_train.csv,data/features/dinov3_vitb16_remaining_attributes_assets.csv,classification,dinov3_frozen_embeddings_random_forest,random_forest,StratifiedGroupKFold,1,5,82213,No railings,No railings,True
attr_has_pedestrian_railing,attr_has_pedestrian_railing,data/processed/train/attr_has_pedestrian_railing_train.csv,data/features/dinov3_vitb16_remaining_attributes_assets.csv,classification,dinov3_frozen_embeddings_random_forest,random_forest,StratifiedGroupKFold,1,5,83137,No railings,No railings,True
attr_has_pedestrian_railing,attr_has_pedestrian_railing,data/processed/train/attr_has_pedestrian_railing_train.csv,data/features/dinov3_vitb16_remaining_attributes_assets.csv,classification,dinov3_frozen_embeddings_random_forest,random_forest,StratifiedGroupKFold,1,5,83147,No railings,No railings,True
attr_has_pedestrian_railing,attr_has_pedestrian_railing,data/processed/train/attr_has_pedestrian_railing_train.csv,data/features/dinov3_vitb16_remaining_attributes_assets.csv,classification,dinov3_frozen_embeddings_random_forest,random_forest,StratifiedGroupKFold,1,5,83915,2 railings,No railings,False
attr_has_pedestrian_railing,attr_has_pedestrian_railing,data/processed/train/attr_has_pedestrian_railing_train.csv,data/features/dinov3_vitb16_remaining_attributes_assets.csv,classification,dinov3_frozen_embeddings_random_forest,random_forest,StratifiedGroupKFold,1,5,83940,No railings,No railings,True
attr_has_pedestrian_railing,attr_has_pedestrian_railing,data/processed/train/attr_has_pedestrian_railing_train.csv,data/features/dinov3_vitb16_remaining_attributes_assets.csv,classification,dinov3_frozen_embeddings_random_forest,random_forest,StratifiedGroupKFold,1,5,85087,2 railings,No railings,False
attr_has_pedestrian_railing,attr_has_pedestrian_railing,data/processed/train/attr_has_pedestrian_railing_train.csv,data/features/dinov3_vitb16_remaining_attributes_assets.csv,classification,dinov3_frozen_embeddings_random_forest,random_forest,StratifiedGroupKFold,1,5,85486,No railings,No railings,True
attr_has_pedestrian_railing,attr_has_pedestrian_railing,data/processed/train/attr_has_pedestrian_railing_train.csv,data/features/dinov3_vitb16_remaining_attributes_assets.csv,classification,dinov3_frozen_embeddings_random_forest,random_forest,StratifiedGroupKFold,1,5,85488,No railings,No railings,True
attr_has_pedestrian_railing,attr_has_pedestrian_railing,data/processed/train/attr_has_pedestrian_railing_train.csv,data/features/dinov3_vitb16_remaining_attributes_assets.csv,classification,dinov3_frozen_embeddings_random_forest,random_forest,StratifiedGroupKFold,1,5,85489,No railings,No railings,True
attr_has_pedestrian_railing,attr_has_pedestrian_railing,data/processed/train/attr_has_pedestrian_railing_train.csv,data/features/dinov3_vitb16_remaining_attributes_assets.csv,classification,dinov3_frozen_embeddings_random_forest,random_forest,StratifiedGroupKFold,1,5,85492,No railings,No railings,True
attr_has_pedestrian_railing,attr_has_pedestrian_railing,data/processed/train/attr_has_pedestrian_railing_train.csv,data/features/dinov3_vitb16_remaining_attributes_assets.csv,classification,dinov3_frozen_embeddings_random_forest,random_forest,StratifiedGroupKFold,1,5,85499,No railings,No railings,True
attr_has_pedestrian_railing,attr_has_pedestrian_railing,data/processed/train/attr_has_pedestrian_railing_train.csv,data/features/dinov3_vitb16_remaining_attributes_assets.csv,classification,dinov3_frozen_embeddings_random_forest,random_forest,StratifiedGroupKFold,1,5,86044,No railings,No railings,True
attr_has_pedestrian_railing,attr_has_pedestrian_railing,data/processed/train/attr_has_pedestrian_railing_train.csv,data/features/dinov3_vitb16_remaining_attributes_assets.csv,classification,dinov3_frozen_embeddings_random_forest,random_forest,StratifiedGroupKFold,1,5,86156,No railings,No railings,True
attr_has_pedestrian_railing,attr_has_pedestrian_railing,data/processed/train/attr_has_pedestrian_railing_train.csv,data/features/dinov3_vitb16_remaining_attributes_assets.csv,classification,dinov3_frozen_embeddings_random_forest,random_forest,StratifiedGroupKFold,1,5,86246,No railings,No railings,True
attr_has_pedestrian_railing,attr_has_pedestrian_railing,data/processed/train/attr_has_pedestrian_railing_train.csv,data/features/dinov3_vitb16_remaining_attributes_assets.csv,classification,dinov3_frozen_embeddings_random_forest,random_forest,StratifiedGroupKFold,1,5,87717,No railings,No railings,True
attr_has_pedestrian_railing,attr_has_pedestrian_railing,data/processed/train/attr_has_pedestrian_railing_train.csv,data/features/dinov3_vitb16_remaining_attributes_assets.csv,classification,dinov3_frozen_embeddings_random_forest,random_forest,StratifiedGroupKFold,1,5,120684,No railings,No railings,True
attr_has_pedestrian_railing,attr_has_pedestrian_railing,data/processed/train/attr_has_pedestrian_railing_train.csv,data/features/dinov3_vitb16_remaining_attributes_assets.csv,classification,dinov3_frozen_embeddings_random_forest,random_forest,StratifiedGroupKFold,1,5,89718,No railings,No railings,True
attr_has_pedestrian_railing,attr_has_pedestrian_railing,data/processed/train/attr_has_pedestrian_railing_train.csv,data/features/dinov3_vitb16_remaining_attributes_assets.csv,classification,dinov3_frozen_embeddings_random_forest,random_forest,StratifiedGroupKFold,1,5,89732,No railings,No railings,True
attr_has_pedestrian_railing,attr_has_pedestrian_railing,data/processed/train/attr_has_pedestrian_railing_train.csv,data/features/dinov3_vitb16_remaining_attributes_assets.csv,classification,dinov3_frozen_embeddings_random_forest,random_forest,StratifiedGroupKFold,1,5,92007,No railings,No railings,True
attr_has_pedestrian_railing,attr_has_pedestrian_railing,data/processed/train/attr_has_pedestrian_railing_train.csv,data/features/dinov3_vitb16_remaining_attributes_assets.csv,classification,dinov3_frozen_embeddings_random_forest,random_forest,StratifiedGroupKFold,1,5,92047,No railings,No railings,True
attr_has_pedestrian_railing,attr_has_pedestrian_railing,data/processed/train/attr_has_pedestrian_railing_train.csv,data/features/dinov3_vitb16_remaining_attributes_assets.csv,classification,dinov3_frozen_embeddings_random_forest,random_forest,StratifiedGroupKFold,1,5,93357,1 railing,No railings,False
attr_has_pedestrian_railing,attr_has_pedestrian_railing,data/processed/train/attr_has_pedestrian_railing_train.csv,data/features/dinov3_vitb16_remaining_attributes_assets.csv,classification,dinov3_frozen_embeddings_random_forest,random_forest,StratifiedGroupKFold,1,5,94295,No railings,No railings,True
attr_has_pedestrian_railing,attr_has_pedestrian_railing,data/processed/train/attr_has_pedestrian_railing_train.csv,data/features/dinov3_vitb16_remaining_attributes_assets.csv,classification,dinov3_frozen_embeddings_random_forest,random_forest,StratifiedGroupKFold,1,5,94296,No railings,No railings,True
attr_has_pedestrian_railing,attr_has_pedestrian_railing,data/processed/train/attr_has_pedestrian_railing_train.csv,data/features/dinov3_vitb16_remaining_attributes_assets.csv,classification,dinov3_frozen_embeddings_random_forest,random_forest,StratifiedGroupKFold,1,5,94333,No railings,No railings,True
attr_has_pedestrian_railing,attr_has_pedestrian_railing,data/processed/train/attr_has_pedestrian_railing_train.csv,data/features/dinov3_vitb16_remaining_attributes_assets.csv,classification,dinov3_frozen_embeddings_random_forest,random_forest,StratifiedGroupKFold,1,5,94343,No railings,No railings,True
attr_has_pedestrian_railing,attr_has_pedestrian_railing,data/processed/train/attr_has_pedestrian_railing_train.csv,data/features/dinov3_vitb16_remaining_attributes_assets.csv,classification,dinov3_frozen_embeddings_random_forest,random_forest,StratifiedGroupKFold,1,5,98299,No railings,No railings,True
attr_has_pedestrian_railing,attr_has_pedestrian_railing,data/processed/train/attr_has_pedestrian_railing_train.csv,data/features/dinov3_vitb16_remaining_attributes_assets.csv,classification,dinov3_frozen_embeddings_random_forest,random_forest,StratifiedGroupKFold,1,5,101380,2 railings,1 railing,False
attr_has_pedestrian_railing,attr_has_pedestrian_railing,data/processed/train/attr_has_pedestrian_railing_train.csv,data/features/dinov3_vitb16_remaining_attributes_assets.csv,classification,dinov3_frozen_embeddings_random_forest,random_forest,StratifiedGroupKFold,1,5,101396,1 railing,No railings,False
attr_has_pedestrian_railing,attr_has_pedestrian_railing,data/processed/train/attr_has_pedestrian_railing_train.csv,data/features/dinov3_vitb16_remaining_attributes_assets.csv,classification,dinov3_frozen_embeddings_random_forest,random_forest,StratifiedGroupKFold,1,5,101714,No railings,No railings,True
attr_has_pedestrian_railing,attr_has_pedestrian_railing,data/processed/train/attr_has_pedestrian_railing_train.csv,data/features/dinov3_vitb16_remaining_attributes_assets.csv,classification,dinov3_frozen_embeddings_random_forest,random_forest,StratifiedGroupKFold,1,5,101744,No railings,No railings,True
attr_has_pedestrian_railing,attr_has_pedestrian_railing,data/processed/train/attr_has_pedestrian_railing_train.csv,data/features/dinov3_vitb16_remaining_attributes_assets.csv,classification,dinov3_frozen_embeddings_random_forest,random_forest,StratifiedGroupKFold,1,5,101934,No railings,No railings,True
attr_has_pedestrian_railing,attr_has_pedestrian_railing,data/processed/train/attr_has_pedestrian_railing_train.csv,data/features/dinov3_vitb16_remaining_attributes_assets.csv,classification,dinov3_frozen_embeddings_random_forest,random_forest,StratifiedGroupKFold,1,5,102473,No railings,No railings,True
attr_has_pedestrian_railing,attr_has_pedestrian_railing,data/processed/train/attr_has_pedestrian_railing_train.csv,data/features/dinov3_vitb16_remaining_attributes_assets.csv,classification,dinov3_frozen_embeddings_random_forest,random_forest,StratifiedGroupKFold,1,5,102759,2 railings,No railings,False
attr_has_pedestrian_railing,attr_has_pedestrian_railing,data/processed/train/attr_has_pedestrian_railing_train.csv,data/features/dinov3_vitb16_remaining_attributes_assets.csv,classification,dinov3_frozen_embeddings_random_forest,random_forest,StratifiedGroupKFold,1,5,102839,No railings,No railings,True
attr_has_pedestrian_railing,attr_has_pedestrian_railing,data/processed/train/attr_has_pedestrian_railing_train.csv,data/features/dinov3_vitb16_remaining_attributes_assets.csv,classification,dinov3_frozen_embeddings_random_forest,random_forest,StratifiedGroupKFold,1,5,103909,No railings,No railings,True
attr_has_pedestrian_railing,attr_has_pedestrian_railing,data/processed/train/attr_has_pedestrian_railing_train.csv,data/features/dinov3_vitb16_remaining_attributes_assets.csv,classification,dinov3_frozen_embeddings_random_forest,random_forest,StratifiedGroupKFold,1,5,104861,2 railings,No railings,False
attr_has_pedestrian_railing,attr_has_pedestrian_railing,data/processed/train/attr_has_pedestrian_railing_train.csv,data/features/dinov3_vitb16_remaining_attributes_assets.csv,classification,dinov3_frozen_embeddings_random_forest,random_forest,StratifiedGroupKFold,1,5,105458,1 railing,1 railing,True
attr_has_pedestrian_railing,attr_has_pedestrian_railing,data/processed/train/attr_has_pedestrian_railing_train.csv,data/features/dinov3_vitb16_remaining_attributes_assets.csv,classification,dinov3_frozen_embeddings_random_forest,random_forest,StratifiedGroupKFold,1,5,107879,No railings,No railings,True
attr_has_pedestrian_railing,attr_has_pedestrian_railing,data/processed/train/attr_has_pedestrian_railing_train.csv,data/features/dinov3_vitb16_remaining_attributes_assets.csv,classification,dinov3_frozen_embeddings_random_forest,random_forest,StratifiedGroupKFold,1,5,107881,No railings,No railings,True
attr_has_pedestrian_railing,attr_has_pedestrian_railing,data/processed/train/attr_has_pedestrian_railing_train.csv,data/features/dinov3_vitb16_remaining_attributes_assets.csv,classification,dinov3_frozen_embeddings_random_forest,random_forest,StratifiedGroupKFold,1,5,107886,1 railing,No railings,False
attr_has_pedestrian_railing,attr_has_pedestrian_railing,data/processed/train/attr_has_pedestrian_railing_train.csv,data/features/dinov3_vitb16_remaining_attributes_assets.csv,classification,dinov3_frozen_embeddings_random_forest,random_forest,StratifiedGroupKFold,1,5,107899,1 railing,2 railings,False
attr_has_pedestrian_railing,attr_has_pedestrian_railing,data/processed/train/attr_has_pedestrian_railing_train.csv,data/features/dinov3_vitb16_remaining_attributes_assets.csv,classification,dinov3_frozen_embeddings_random_forest,random_forest,StratifiedGroupKFold,1,5,107902,No railings,No railings,True
attr_has_pedestrian_railing,attr_has_pedestrian_railing,data/processed/train/attr_has_pedestrian_railing_train.csv,data/features/dinov3_vitb16_remaining_attributes_assets.csv,classification,dinov3_frozen_embeddings_random_forest,random_forest,StratifiedGroupKFold,1,5,107903,No railings,No railings,True
attr_has_pedestrian_railing,attr_has_pedestrian_railing,data/processed/train/attr_has_pedestrian_railing_train.csv,data/features/dinov3_vitb16_remaining_attributes_assets.csv,classification,dinov3_frozen_embeddings_random_forest,random_forest,StratifiedGroupKFold,1,5,107931,No railings,No railings,True
attr_has_pedestrian_railing,attr_has_pedestrian_railing,data/processed/train/attr_has_pedestrian_railing_train.csv,data/features/dinov3_vitb16_remaining_attributes_assets.csv,classification,dinov3_frozen_embeddings_random_forest,random_forest,StratifiedGroupKFold,1,5,107932,No railings,No railings,True
attr_has_pedestrian_railing,attr_has_pedestrian_railing,data/processed/train/attr_has_pedestrian_railing_train.csv,data/features/dinov3_vitb16_remaining_attributes_assets.csv,classification,dinov3_frozen_embeddings_random_forest,random_forest,StratifiedGroupKFold,1,5,107938,No railings,No railings,True
attr_has_pedestrian_railing,attr_has_pedestrian_railing,data/processed/train/attr_has_pedestrian_railing_train.csv,data/features/dinov3_vitb16_remaining_attributes_assets.csv,classification,dinov3_frozen_embeddings_random_forest,random_forest,StratifiedGroupKFold,1,5,107943,No railings,No railings,True
attr_has_pedestrian_railing,attr_has_pedestrian_railing,data/processed/train/attr_has_pedestrian_railing_train.csv,data/features/dinov3_vitb16_remaining_attributes_assets.csv,classification,dinov3_frozen_embeddings_random_forest,random_forest,StratifiedGroupKFold,1,5,107968,No railings,No railings,True
attr_has_pedestrian_railing,attr_has_pedestrian_railing,data/processed/train/attr_has_pedestrian_railing_train.csv,data/features/dinov3_vitb16_remaining_attributes_assets.csv,classification,dinov3_frozen_embeddings_random_forest,random_forest,StratifiedGroupKFold,1,5,107974,No railings,No railings,True
attr_has_pedestrian_railing,attr_has_pedestrian_railing,data/processed/train/attr_has_pedestrian_railing_train.csv,data/features/dinov3_vitb16_remaining_attributes_assets.csv,classification,dinov3_frozen_embeddings_random_forest,random_forest,StratifiedGroupKFold,1,5,107977,No railings,No railings,True
attr_has_pedestrian_railing,attr_has_pedestrian_railing,data/processed/train/attr_has_pedestrian_railing_train.csv,data/features/dinov3_vitb16_remaining_attributes_assets.csv,classification,dinov3_frozen_embeddings_random_forest,random_forest,StratifiedGroupKFold,1,5,107999,No railings,No railings,True
attr_has_pedestrian_railing,attr_has_pedestrian_railing,data/processed/train/attr_has_pedestrian_railing_train.csv,data/features/dinov3_vitb16_remaining_attributes_assets.csv,classification,dinov3_frozen_embeddings_random_forest,random_forest,StratifiedGroupKFold,1,5,108028,No railings,No railings,True
attr_has_pedestrian_railing,attr_has_pedestrian_railing,data/processed/train/attr_has_pedestrian_railing_train.csv,data/features/dinov3_vitb16_remaining_attributes_assets.csv,classification,dinov3_frozen_embeddings_random_forest,random_forest,StratifiedGroupKFold,1,5,108035,No railings,No railings,True
attr_has_pedestrian_railing,attr_has_pedestrian_railing,data/processed/train/attr_has_pedestrian_railing_train.csv,data/features/dinov3_vitb16_remaining_attributes_assets.csv,classification,dinov3_frozen_embeddings_random_forest,random_forest,StratifiedGroupKFold,1,5,108734,No railings,No railings,True
attr_has_pedestrian_railing,attr_has_pedestrian_railing,data/processed/train/attr_has_pedestrian_railing_train.csv,data/features/dinov3_vitb16_remaining_attributes_assets.csv,classification,dinov3_frozen_embeddings_random_forest,random_forest,StratifiedGroupKFold,1,5,109153,No railings,No railings,True
attr_has_pedestrian_railing,attr_has_pedestrian_railing,data/processed/train/attr_has_pedestrian_railing_train.csv,data/features/dinov3_vitb16_remaining_attributes_assets.csv,classification,dinov3_frozen_embeddings_random_forest,random_forest,StratifiedGroupKFold,1,5,109804,1 railing,1 railing,True
attr_has_pedestrian_railing,attr_has_pedestrian_railing,data/processed/train/attr_has_pedestrian_railing_train.csv,data/features/dinov3_vitb16_remaining_attributes_assets.csv,classification,dinov3_frozen_embeddings_random_forest,random_forest,StratifiedGroupKFold,1,5,109806,1 railing,No railings,False
attr_has_pedestrian_railing,attr_has_pedestrian_railing,data/processed/train/attr_has_pedestrian_railing_train.csv,data/features/dinov3_vitb16_remaining_attributes_assets.csv,classification,dinov3_frozen_embeddings_random_forest,random_forest,StratifiedGroupKFold,1,5,109807,No railings,No railings,True
attr_has_pedestrian_railing,attr_has_pedestrian_railing,data/processed/train/attr_has_pedestrian_railing_train.csv,data/features/dinov3_vitb16_remaining_attributes_assets.csv,classification,dinov3_frozen_embeddings_random_forest,random_forest,StratifiedGroupKFold,1,5,110284,No railings,No railings,True
attr_has_pedestrian_railing,attr_has_pedestrian_railing,data/processed/train/attr_has_pedestrian_railing_train.csv,data/features/dinov3_vitb16_remaining_attributes_assets.csv,classification,dinov3_frozen_embeddings_random_forest,random_forest,StratifiedGroupKFold,1,5,110703,No railings,No railings,True
attr_has_pedestrian_railing,attr_has_pedestrian_railing,data/processed/train/attr_has_pedestrian_railing_train.csv,data/features/dinov3_vitb16_remaining_attributes_assets.csv,classification,dinov3_frozen_embeddings_random_forest,random_forest,StratifiedGroupKFold,1,5,112127,No railings,No railings,True
attr_has_pedestrian_railing,attr_has_pedestrian_railing,data/processed/train/attr_has_pedestrian_railing_train.csv,data/features/dinov3_vitb16_remaining_attributes_assets.csv,classification,dinov3_frozen_embeddings_random_forest,random_forest,StratifiedGroupKFold,1,5,113174,No railings,No railings,True
attr_has_pedestrian_railing,attr_has_pedestrian_railing,data/processed/train/attr_has_pedestrian_railing_train.csv,data/features/dinov3_vitb16_remaining_attributes_assets.csv,classification,dinov3_frozen_embeddings_random_forest,random_forest,StratifiedGroupKFold,1,5,113194,1 railing,No railings,False
attr_has_pedestrian_railing,attr_has_pedestrian_railing,data/processed/train/attr_has_pedestrian_railing_train.csv,data/features/dinov3_vitb16_remaining_attributes_assets.csv,classification,dinov3_frozen_embeddings_random_forest,random_forest,StratifiedGroupKFold,1,5,113205,1 railing,No railings,False
attr_has_pedestrian_railing,attr_has_pedestrian_railing,data/processed/train/attr_has_pedestrian_railing_train.csv,data/features/dinov3_vitb16_remaining_attributes_assets.csv,classification,dinov3_frozen_embeddings_random_forest,random_forest,StratifiedGroupKFold,1,5,114558,No railings,No railings,True
attr_has_pedestrian_railing,attr_has_pedestrian_railing,data/processed/train/attr_has_pedestrian_railing_train.csv,data/features/dinov3_vitb16_remaining_attributes_assets.csv,classification,dinov3_frozen_embeddings_random_forest,random_forest,StratifiedGroupKFold,1,5,115046,1 railing,No railings,False
attr_has_pedestrian_railing,attr_has_pedestrian_railing,data/processed/train/attr_has_pedestrian_railing_train.csv,data/features/dinov3_vitb16_remaining_attributes_assets.csv,classification,dinov3_frozen_embeddings_random_forest,random_forest,StratifiedGroupKFold,1,5,117209,1 railing,No railings,False
attr_has_pedestrian_railing,attr_has_pedestrian_railing,data/processed/train/attr_has_pedestrian_railing_train.csv,data/features/dinov3_vitb16_remaining_attributes_assets.csv,classification,dinov3_frozen_embeddings_random_forest,random_forest,StratifiedGroupKFold,1,5,118199,2 railings,No railings,False
attr_has_pedestrian_railing,attr_has_pedestrian_railing,data/processed/train/attr_has_pedestrian_railing_train.csv,data/features/dinov3_vitb16_remaining_attributes_assets.csv,classification,dinov3_frozen_embeddings_random_forest,random_forest,StratifiedGroupKFold,1,5,121019,No railings,No railings,True
attr_has_pedestrian_railing,attr_has_pedestrian_railing,data/processed/train/attr_has_pedestrian_railing_train.csv,data/features/dinov3_vitb16_remaining_attributes_assets.csv,classification,dinov3_frozen_embeddings_random_forest,random_forest,StratifiedGroupKFold,1,5,121918,1 railing,No railings,False
attr_has_pedestrian_railing,attr_has_pedestrian_railing,data/processed/train/attr_has_pedestrian_railing_train.csv,data/features/dinov3_vitb16_remaining_attributes_assets.csv,classification,dinov3_frozen_embeddings_random_forest,random_forest,StratifiedGroupKFold,1,5,122192,No railings,No railings,True
attr_has_pedestrian_railing,attr_has_pedestrian_railing,data/processed/train/attr_has_pedestrian_railing_train.csv,data/features/dinov3_vitb16_remaining_attributes_assets.csv,classification,dinov3_frozen_embeddings_random_forest,random_forest,StratifiedGroupKFold,1,5,122611,No railings,No railings,True
attr_has_pedestrian_railing,attr_has_pedestrian_railing,data/processed/train/attr_has_pedestrian_railing_train.csv,data/features/dinov3_vitb16_remaining_attributes_assets.csv,classification,dinov3_frozen_embeddings_random_forest,random_forest,StratifiedGroupKFold,1,5,122647,No railings,No railings,True
attr_has_pedestrian_railing,attr_has_pedestrian_railing,data/processed/train/attr_has_pedestrian_railing_train.csv,data/features/dinov3_vitb16_remaining_attributes_assets.csv,classification,dinov3_frozen_embeddings_random_forest,random_forest,StratifiedGroupKFold,1,5,122662,1 railing,2 railings,False
attr_has_pedestrian_railing,attr_has_pedestrian_railing,data/processed/train/attr_has_pedestrian_railing_train.csv,data/features/dinov3_vitb16_remaining_attributes_assets.csv,classification,dinov3_frozen_embeddings_random_forest,random_forest,StratifiedGroupKFold,1,5,123217,1 railing,No railings,False
attr_has_pedestrian_railing,attr_has_pedestrian_railing,data/processed/train/attr_has_pedestrian_railing_train.csv,data/features/dinov3_vitb16_remaining_attributes_assets.csv,classification,dinov3_frozen_embeddings_random_forest,random_forest,StratifiedGroupKFold,1,5,126333,No railings,No railings,True
attr_has_pedestrian_railing,attr_has_pedestrian_railing,data/processed/train/attr_has_pedestrian_railing_train.csv,data/features/dinov3_vitb16_remaining_attributes_assets.csv,classification,dinov3_frozen_embeddings_random_forest,random_forest,StratifiedGroupKFold,1,5,126739,No railings,No railings,True
attr_has_pedestrian_railing,attr_has_pedestrian_railing,data/processed/train/attr_has_pedestrian_railing_train.csv,data/features/dinov3_vitb16_remaining_attributes_assets.csv,classification,dinov3_frozen_embeddings_random_forest,random_forest,StratifiedGroupKFold,1,5,127020,No railings,No railings,True
attr_has_pedestrian_railing,attr_has_pedestrian_railing,data/processed/train/attr_has_pedestrian_railing_train.csv,data/features/dinov3_vitb16_remaining_attributes_assets.csv,classification,dinov3_frozen_embeddings_random_forest,random_forest,StratifiedGroupKFold,1,5,46926,No railings,No railings,True
attr_has_pedestrian_railing,attr_has_pedestrian_railing,data/processed/train/attr_has_pedestrian_railing_train.csv,data/features/dinov3_vitb16_remaining_attributes_assets.csv,classification,dinov3_frozen_embeddings_random_forest,random_forest,StratifiedGroupKFold,1,5,47633,No railings,No railings,True
attr_has_pedestrian_railing,attr_has_pedestrian_railing,data/processed/train/attr_has_pedestrian_railing_train.csv,data/features/dinov3_vitb16_remaining_attributes_assets.csv,classification,dinov3_frozen_embeddings_random_forest,random_forest,StratifiedGroupKFold,1,5,48340,No railings,No railings,True
attr_has_pedestrian_railing,attr_has_pedestrian_railing,data/processed/train/attr_has_pedestrian_railing_train.csv,data/features/dinov3_vitb16_remaining_attributes_assets.csv,classification,dinov3_frozen_embeddings_random_forest,random_forest,StratifiedGroupKFold,1,5,48341,No railings,No railings,True
attr_has_pedestrian_railing,attr_has_pedestrian_railing,data/processed/train/attr_has_pedestrian_railing_train.csv,data/features/dinov3_vitb16_remaining_attributes_assets.csv,classification,dinov3_frozen_embeddings_random_forest,random_forest,StratifiedGroupKFold,1,5,48693,No railings,No railings,True
attr_has_pedestrian_railing,attr_has_pedestrian_railing,data/processed/train/attr_has_pedestrian_railing_train.csv,data/features/dinov3_vitb16_remaining_attributes_assets.csv,classification,dinov3_frozen_embeddings_random_forest,random_forest,StratifiedGroupKFold,1,5,49060,No railings,No railings,True
attr_has_pedestrian_railing,attr_has_pedestrian_railing,data/processed/train/attr_has_pedestrian_railing_train.csv,data/features/dinov3_vitb16_remaining_attributes_assets.csv,classification,dinov3_frozen_embeddings_random_forest,random_forest,StratifiedGroupKFold,1,5,49243,No railings,No railings,True
attr_has_pedestrian_railing,attr_has_pedestrian_railing,data/processed/train/attr_has_pedestrian_railing_train.csv,data/features/dinov3_vitb16_remaining_attributes_assets.csv,classification,dinov3_frozen_embeddings_random_forest,random_forest,StratifiedGroupKFold,1,5,50749,No railings,No railings,True
attr_has_pedestrian_railing,attr_has_pedestrian_railing,data/processed/train/attr_has_pedestrian_railing_train.csv,data/features/dinov3_vitb16_remaining_attributes_assets.csv,classification,dinov3_frozen_embeddings_random_forest,random_forest,StratifiedGroupKFold,1,5,51214,No railings,No railings,True
attr_has_pedestrian_railing,attr_has_pedestrian_railing,data/processed/train/attr_has_pedestrian_railing_train.csv,data/features/dinov3_vitb16_remaining_attributes_assets.csv,classification,dinov3_frozen_embeddings_random_forest,random_forest,StratifiedGroupKFold,1,5,51244,No railings,No railings,True
attr_has_pedestrian_railing,attr_has_pedestrian_railing,data/processed/train/attr_has_pedestrian_railing_train.csv,data/features/dinov3_vitb16_remaining_attributes_assets.csv,classification,dinov3_frozen_embeddings_random_forest,random_forest,StratifiedGroupKFold,1,5,51248,No railings,No railings,True
attr_has_pedestrian_railing,attr_has_pedestrian_railing,data/processed/train/attr_has_pedestrian_railing_train.csv,data/features/dinov3_vitb16_remaining_attributes_assets.csv,classification,dinov3_frozen_embeddings_random_forest,random_forest,StratifiedGroupKFold,1,5,51599,No railings,No railings,True
attr_has_pedestrian_railing,attr_has_pedestrian_railing,data/processed/train/attr_has_pedestrian_railing_train.csv,data/features/dinov3_vitb16_remaining_attributes_assets.csv,classification,dinov3_frozen_embeddings_random_forest,random_forest,StratifiedGroupKFold,1,5,52667,No railings,No railings,True
attr_has_pedestrian_railing,attr_has_pedestrian_railing,data/processed/train/attr_has_pedestrian_railing_train.csv,data/features/dinov3_vitb16_remaining_attributes_assets.csv,classification,dinov3_frozen_embeddings_random_forest,random_forest,StratifiedGroupKFold,1,5,55636,No railings,No railings,True
attr_has_pedestrian_railing,attr_has_pedestrian_railing,data/processed/train/attr_has_pedestrian_railing_train.csv,data/features/dinov3_vitb16_remaining_attributes_assets.csv,classification,dinov3_frozen_embeddings_random_forest,random_forest,StratifiedGroupKFold,1,5,55642,No railings,No railings,True
attr_has_pedestrian_railing,attr_has_pedestrian_railing,data/processed/train/attr_has_pedestrian_railing_train.csv,data/features/dinov3_vitb16_remaining_attributes_assets.csv,classification,dinov3_frozen_embeddings_random_forest,random_forest,StratifiedGroupKFold,1,5,56204,No railings,No railings,True
attr_has_pedestrian_railing,attr_has_pedestrian_railing,data/processed/train/attr_has_pedestrian_railing_train.csv,data/features/dinov3_vitb16_remaining_attributes_assets.csv,classification,dinov3_frozen_embeddings_random_forest,random_forest,StratifiedGroupKFold,1,5,58168,No railings,No railings,True
attr_has_pedestrian_railing,attr_has_pedestrian_railing,data/processed/train/attr_has_pedestrian_railing_train.csv,data/features/dinov3_vitb16_remaining_attributes_assets.csv,classification,dinov3_frozen_embeddings_random_forest,random_forest,StratifiedGroupKFold,1,5,58881,2 railings,No railings,False
attr_has_pedestrian_railing,attr_has_pedestrian_railing,data/processed/train/attr_has_pedestrian_railing_train.csv,data/features/dinov3_vitb16_remaining_attributes_assets.csv,classification,dinov3_frozen_embeddings_random_forest,random_forest,StratifiedGroupKFold,1,5,58958,No railings,No railings,True
attr_has_pedestrian_railing,attr_has_pedestrian_railing,data/processed/train/attr_has_pedestrian_railing_train.csv,data/features/dinov3_vitb16_remaining_attributes_assets.csv,classification,dinov3_frozen_embeddings_random_forest,random_forest,StratifiedGroupKFold,1,5,60528,No railings,No railings,True
attr_has_pedestrian_railing,attr_has_pedestrian_railing,data/processed/train/attr_has_pedestrian_railing_train.csv,data/features/dinov3_vitb16_remaining_attributes_assets.csv,classification,dinov3_frozen_embeddings_random_forest,random_forest,StratifiedGroupKFold,1,5,60956,No railings,No railings,True
attr_has_pedestrian_railing,attr_has_pedestrian_railing,data/processed/train/attr_has_pedestrian_railing_train.csv,data/features/dinov3_vitb16_remaining_attributes_assets.csv,classification,dinov3_frozen_embeddings_random_forest,random_forest,StratifiedGroupKFold,1,5,61109,2 railings,No railings,False
attr_has_pedestrian_railing,attr_has_pedestrian_railing,data/processed/train/attr_has_pedestrian_railing_train.csv,data/features/dinov3_vitb16_remaining_attributes_assets.csv,classification,dinov3_frozen_embeddings_random_forest,random_forest,StratifiedGroupKFold,1,5,61414,No railings,No railings,True
attr_has_pedestrian_railing,attr_has_pedestrian_railing,data/processed/train/attr_has_pedestrian_railing_train.csv,data/features/dinov3_vitb16_remaining_attributes_assets.csv,classification,dinov3_frozen_embeddings_random_forest,random_forest,StratifiedGroupKFold,1,5,61499,No railings,No railings,True
attr_has_pedestrian_railing,attr_has_pedestrian_railing,data/processed/train/attr_has_pedestrian_railing_train.csv,data/features/dinov3_vitb16_remaining_attributes_assets.csv,classification,dinov3_frozen_embeddings_random_forest,random_forest,StratifiedGroupKFold,1,5,61610,No railings,No railings,True
attr_has_pedestrian_railing,attr_has_pedestrian_railing,data/processed/train/attr_has_pedestrian_railing_train.csv,data/features/dinov3_vitb16_remaining_attributes_assets.csv,classification,dinov3_frozen_embeddings_random_forest,random_forest,StratifiedGroupKFold,1,5,63218,No railings,No railings,True
attr_has_pedestrian_railing,attr_has_pedestrian_railing,data/processed/train/attr_has_pedestrian_railing_train.csv,data/features/dinov3_vitb16_remaining_attributes_assets.csv,classification,dinov3_frozen_embeddings_random_forest,random_forest,StratifiedGroupKFold,1,5,64100,No railings,No railings,True
attr_has_pedestrian_railing,attr_has_pedestrian_railing,data/processed/train/attr_has_pedestrian_railing_train.csv,data/features/dinov3_vitb16_remaining_attributes_assets.csv,classification,dinov3_frozen_embeddings_random_forest,random_forest,StratifiedGroupKFold,1,5,64111,1 railing,No railings,False
attr_has_pedestrian_railing,attr_has_pedestrian_railing,data/processed/train/attr_has_pedestrian_railing_train.csv,data/features/dinov3_vitb16_remaining_attributes_assets.csv,classification,dinov3_frozen_embeddings_random_forest,random_forest,StratifiedGroupKFold,1,5,64137,No railings,No railings,True
attr_has_pedestrian_railing,attr_has_pedestrian_railing,data/processed/train/attr_has_pedestrian_railing_train.csv,data/features/dinov3_vitb16_remaining_attributes_assets.csv,classification,dinov3_frozen_embeddings_random_forest,random_forest,StratifiedGroupKFold,1,5,64142,2 railings,No railings,False
attr_has_pedestrian_railing,attr_has_pedestrian_railing,data/processed/train/attr_has_pedestrian_railing_train.csv,data/features/dinov3_vitb16_remaining_attributes_assets.csv,classification,dinov3_frozen_embeddings_random_forest,random_forest,StratifiedGroupKFold,1,5,64838,No railings,No railings,True
attr_has_pedestrian_railing,attr_has_pedestrian_railing,data/processed/train/attr_has_pedestrian_railing_train.csv,data/features/dinov3_vitb16_remaining_attributes_assets.csv,classification,dinov3_frozen_embeddings_random_forest,random_forest,StratifiedGroupKFold,1,5,65427,No railings,No railings,True
attr_has_pedestrian_railing,attr_has_pedestrian_railing,data/processed/train/attr_has_pedestrian_railing_train.csv,data/features/dinov3_vitb16_remaining_attributes_assets.csv,classification,dinov3_frozen_embeddings_random_forest,random_forest,StratifiedGroupKFold,1,5,66168,No railings,No railings,True
attr_has_pedestrian_railing,attr_has_pedestrian_railing,data/processed/train/attr_has_pedestrian_railing_train.csv,data/features/dinov3_vitb16_remaining_attributes_assets.csv,classification,dinov3_frozen_embeddings_random_forest,random_forest,StratifiedGroupKFold,1,5,66171,No railings,No railings,True
attr_has_pedestrian_railing,attr_has_pedestrian_railing,data/processed/train/attr_has_pedestrian_railing_train.csv,data/features/dinov3_vitb16_remaining_attributes_assets.csv,classification,dinov3_frozen_embeddings_random_forest,random_forest,StratifiedGroupKFold,1,5,67465,No railings,No railings,True
attr_has_pedestrian_railing,attr_has_pedestrian_railing,data/processed/train/attr_has_pedestrian_railing_train.csv,data/features/dinov3_vitb16_remaining_attributes_assets.csv,classification,dinov3_frozen_embeddings_random_forest,random_forest,StratifiedGroupKFold,1,5,79980,No railings,No railings,True
attr_has_pedestrian_railing,attr_has_pedestrian_railing,data/processed/train/attr_has_pedestrian_railing_train.csv,data/features/dinov3_vitb16_remaining_attributes_assets.csv,classification,dinov3_frozen_embeddings_random_forest,random_forest,StratifiedGroupKFold,1,5,80432,No railings,No railings,True
attr_has_pedestrian_railing,attr_has_pedestrian_railing,data/processed/train/attr_has_pedestrian_railing_train.csv,data/features/dinov3_vitb16_remaining_attributes_assets.csv,classification,dinov3_frozen_embeddings_random_forest,random_forest,StratifiedGroupKFold,1,5,80451,No railings,No railings,True
attr_has_pedestrian_railing,attr_has_pedestrian_railing,data/processed/train/attr_has_pedestrian_railing_train.csv,data/features/dinov3_vitb16_remaining_attributes_assets.csv,classification,dinov3_frozen_embeddings_random_forest,random_forest,StratifiedGroupKFold,1,5,81415,No railings,No railings,True
attr_has_pedestrian_railing,attr_has_pedestrian_railing,data/processed/train/attr_has_pedestrian_railing_train.csv,data/features/dinov3_vitb16_remaining_attributes_assets.csv,classification,dinov3_frozen_embeddings_random_forest,random_forest,StratifiedGroupKFold,1,5,82270,No railings,No railings,True
attr_has_pedestrian_railing,attr_has_pedestrian_railing,data/processed/train/attr_has_pedestrian_railing_train.csv,data/features/dinov3_vitb16_remaining_attributes_assets.csv,classification,dinov3_frozen_embeddings_random_forest,random_forest,StratifiedGroupKFold,1,5,85143,No railings,No railings,True
attr_has_pedestrian_railing,attr_has_pedestrian_railing,data/processed/train/attr_has_pedestrian_railing_train.csv,data/features/dinov3_vitb16_remaining_attributes_assets.csv,classification,dinov3_frozen_embeddings_random_forest,random_forest,StratifiedGroupKFold,1,5,86369,2 railings,No railings,False
attr_has_pedestrian_railing,attr_has_pedestrian_railing,data/processed/train/attr_has_pedestrian_railing_train.csv,data/features/dinov3_vitb16_remaining_attributes_assets.csv,classification,dinov3_frozen_embeddings_random_forest,random_forest,StratifiedGroupKFold,1,5,88199,2 railings,No railings,False
attr_has_pedestrian_railing,attr_has_pedestrian_railing,data/processed/train/attr_has_pedestrian_railing_train.csv,data/features/dinov3_vitb16_remaining_attributes_assets.csv,classification,dinov3_frozen_embeddings_random_forest,random_forest,StratifiedGroupKFold,1,5,88818,2 railings,No railings,False
attr_has_pedestrian_railing,attr_has_pedestrian_railing,data/processed/train/attr_has_pedestrian_railing_train.csv,data/features/dinov3_vitb16_remaining_attributes_assets.csv,classification,dinov3_frozen_embeddings_random_forest,random_forest,StratifiedGroupKFold,1,5,89154,2 railings,No railings,False
attr_has_pedestrian_railing,attr_has_pedestrian_railing,data/processed/train/attr_has_pedestrian_railing_train.csv,data/features/dinov3_vitb16_remaining_attributes_assets.csv,classification,dinov3_frozen_embeddings_random_forest,random_forest,StratifiedGroupKFold,1,5,89163,2 railings,No railings,False
attr_has_pedestrian_railing,attr_has_pedestrian_railing,data/processed/train/attr_has_pedestrian_railing_train.csv,data/features/dinov3_vitb16_remaining_attributes_assets.csv,classification,dinov3_frozen_embeddings_random_forest,random_forest,StratifiedGroupKFold,1,5,89443,No railings,No railings,True
attr_has_pedestrian_railing,attr_has_pedestrian_railing,data/processed/train/attr_has_pedestrian_railing_train.csv,data/features/dinov3_vitb16_remaining_attributes_assets.csv,classification,dinov3_frozen_embeddings_random_forest,random_forest,StratifiedGroupKFold,1,5,89589,No railings,No railings,True
attr_has_pedestrian_railing,attr_has_pedestrian_railing,data/processed/train/attr_has_pedestrian_railing_train.csv,data/features/dinov3_vitb16_remaining_attributes_assets.csv,classification,dinov3_frozen_embeddings_random_forest,random_forest,StratifiedGroupKFold,1,5,91248,No railings,No railings,True
attr_has_pedestrian_railing,attr_has_pedestrian_railing,data/processed/train/attr_has_pedestrian_railing_train.csv,data/features/dinov3_vitb16_remaining_attributes_assets.csv,classification,dinov3_frozen_embeddings_random_forest,random_forest,StratifiedGroupKFold,1,5,92147,No railings,No railings,True
attr_has_pedestrian_railing,attr_has_pedestrian_railing,data/processed/train/attr_has_pedestrian_railing_train.csv,data/features/dinov3_vitb16_remaining_attributes_assets.csv,classification,dinov3_frozen_embeddings_random_forest,random_forest,StratifiedGroupKFold,1,5,92160,No railings,No railings,True
attr_has_pedestrian_railing,attr_has_pedestrian_railing,data/processed/train/attr_has_pedestrian_railing_train.csv,data/features/dinov3_vitb16_remaining_attributes_assets.csv,classification,dinov3_frozen_embeddings_random_forest,random_forest,StratifiedGroupKFold,1,5,92800,No railings,No railings,True
attr_has_pedestrian_railing,attr_has_pedestrian_railing,data/processed/train/attr_has_pedestrian_railing_train.csv,data/features/dinov3_vitb16_remaining_attributes_assets.csv,classification,dinov3_frozen_embeddings_random_forest,random_forest,StratifiedGroupKFold,1,5,95948,2 railings,No railings,False
attr_has_pedestrian_railing,attr_has_pedestrian_railing,data/processed/train/attr_has_pedestrian_railing_train.csv,data/features/dinov3_vitb16_remaining_attributes_assets.csv,classification,dinov3_frozen_embeddings_random_forest,random_forest,StratifiedGroupKFold,1,5,96292,No railings,No railings,True
attr_has_pedestrian_railing,attr_has_pedestrian_railing,data/processed/train/attr_has_pedestrian_railing_train.csv,data/features/dinov3_vitb16_remaining_attributes_assets.csv,classification,dinov3_frozen_embeddings_random_forest,random_forest,StratifiedGroupKFold,1,5,96293,No railings,No railings,True
attr_has_pedestrian_railing,attr_has_pedestrian_railing,data/processed/train/attr_has_pedestrian_railing_train.csv,data/features/dinov3_vitb16_remaining_attributes_assets.csv,classification,dinov3_frozen_embeddings_random_forest,random_forest,StratifiedGroupKFold,1,5,99454,No railings,No railings,True
attr_has_pedestrian_railing,attr_has_pedestrian_railing,data/processed/train/attr_has_pedestrian_railing_train.csv,data/features/dinov3_vitb16_remaining_attributes_assets.csv,classification,dinov3_frozen_embeddings_random_forest,random_forest,StratifiedGroupKFold,1,5,99884,No railings,No railings,True
attr_has_pedestrian_railing,attr_has_pedestrian_railing,data/processed/train/attr_has_pedestrian_railing_train.csv,data/features/dinov3_vitb16_remaining_attributes_assets.csv,classification,dinov3_frozen_embeddings_random_forest,random_forest,StratifiedGroupKFold,1,5,100348,No railings,No railings,True
attr_has_pedestrian_railing,attr_has_pedestrian_railing,data/processed/train/attr_has_pedestrian_railing_train.csv,data/features/dinov3_vitb16_remaining_attributes_assets.csv,classification,dinov3_frozen_embeddings_random_forest,random_forest,StratifiedGroupKFold,1,5,100740,2 railings,No railings,False
attr_has_pedestrian_railing,attr_has_pedestrian_railing,data/processed/train/attr_has_pedestrian_railing_train.csv,data/features/dinov3_vitb16_remaining_attributes_assets.csv,classification,dinov3_frozen_embeddings_random_forest,random_forest,StratifiedGroupKFold,1,5,100837,No railings,No railings,True
attr_has_pedestrian_railing,attr_has_pedestrian_railing,data/processed/train/attr_has_pedestrian_railing_train.csv,data/features/dinov3_vitb16_remaining_attributes_assets.csv,classification,dinov3_frozen_embeddings_random_forest,random_forest,StratifiedGroupKFold,1,5,101638,2 railings,No railings,False
attr_has_pedestrian_railing,attr_has_pedestrian_railing,data/processed/train/attr_has_pedestrian_railing_train.csv,data/features/dinov3_vitb16_remaining_attributes_assets.csv,classification,dinov3_frozen_embeddings_random_forest,random_forest,StratifiedGroupKFold,1,5,101890,No railings,No railings,True
attr_has_pedestrian_railing,attr_has_pedestrian_railing,data/processed/train/attr_has_pedestrian_railing_train.csv,data/features/dinov3_vitb16_remaining_attributes_assets.csv,classification,dinov3_frozen_embeddings_random_forest,random_forest,StratifiedGroupKFold,1,5,102352,No railings,No railings,True
attr_has_pedestrian_railing,attr_has_pedestrian_railing,data/processed/train/attr_has_pedestrian_railing_train.csv,data/features/dinov3_vitb16_remaining_attributes_assets.csv,classification,dinov3_frozen_embeddings_random_forest,random_forest,StratifiedGroupKFold,1,5,102359,No railings,No railings,True
attr_has_pedestrian_railing,attr_has_pedestrian_railing,data/processed/train/attr_has_pedestrian_railing_train.csv,data/features/dinov3_vitb16_remaining_attributes_assets.csv,classification,dinov3_frozen_embeddings_random_forest,random_forest,StratifiedGroupKFold,1,5,102365,No railings,No railings,True
attr_has_pedestrian_railing,attr_has_pedestrian_railing,data/processed/train/attr_has_pedestrian_railing_train.csv,data/features/dinov3_vitb16_remaining_attributes_assets.csv,classification,dinov3_frozen_embeddings_random_forest,random_forest,StratifiedGroupKFold,1,5,102373,No railings,No railings,True
attr_has_pedestrian_railing,attr_has_pedestrian_railing,data/processed/train/attr_has_pedestrian_railing_train.csv,data/features/dinov3_vitb16_remaining_attributes_assets.csv,classification,dinov3_frozen_embeddings_random_forest,random_forest,StratifiedGroupKFold,1,5,102422,No railings,No railings,True
attr_has_pedestrian_railing,attr_has_pedestrian_railing,data/processed/train/attr_has_pedestrian_railing_train.csv,data/features/dinov3_vitb16_remaining_attributes_assets.csv,classification,dinov3_frozen_embeddings_random_forest,random_forest,StratifiedGroupKFold,1,5,102849,No railings,No railings,True
attr_has_pedestrian_railing,attr_has_pedestrian_railing,data/processed/train/attr_has_pedestrian_railing_train.csv,data/features/dinov3_vitb16_remaining_attributes_assets.csv,classification,dinov3_frozen_embeddings_random_forest,random_forest,StratifiedGroupKFold,1,5,104088,No railings,No railings,True
attr_has_pedestrian_railing,attr_has_pedestrian_railing,data/processed/train/attr_has_pedestrian_railing_train.csv,data/features/dinov3_vitb16_remaining_attributes_assets.csv,classification,dinov3_frozen_embeddings_random_forest,random_forest,StratifiedGroupKFold,1,5,104865,No railings,No railings,True
attr_has_pedestrian_railing,attr_has_pedestrian_railing,data/processed/train/attr_has_pedestrian_railing_train.csv,data/features/dinov3_vitb16_remaining_attributes_assets.csv,classification,dinov3_frozen_embeddings_random_forest,random_forest,StratifiedGroupKFold,1,5,105445,No railings,No railings,True
attr_has_pedestrian_railing,attr_has_pedestrian_railing,data/processed/train/attr_has_pedestrian_railing_train.csv,data/features/dinov3_vitb16_remaining_attributes_assets.csv,classification,dinov3_frozen_embeddings_random_forest,random_forest,StratifiedGroupKFold,1,5,106030,No railings,No railings,True
attr_has_pedestrian_railing,attr_has_pedestrian_railing,data/processed/train/attr_has_pedestrian_railing_train.csv,data/features/dinov3_vitb16_remaining_attributes_assets.csv,classification,dinov3_frozen_embeddings_random_forest,random_forest,StratifiedGroupKFold,1,5,106037,No railings,No railings,True
attr_has_pedestrian_railing,attr_has_pedestrian_railing,data/processed/train/attr_has_pedestrian_railing_train.csv,data/features/dinov3_vitb16_remaining_attributes_assets.csv,classification,dinov3_frozen_embeddings_random_forest,random_forest,StratifiedGroupKFold,1,5,106350,No railings,No railings,True
attr_has_pedestrian_railing,attr_has_pedestrian_railing,data/processed/train/attr_has_pedestrian_railing_train.csv,data/features/dinov3_vitb16_remaining_attributes_assets.csv,classification,dinov3_frozen_embeddings_random_forest,random_forest,StratifiedGroupKFold,1,5,106637,No railings,No railings,True
attr_has_pedestrian_railing,attr_has_pedestrian_railing,data/processed/train/attr_has_pedestrian_railing_train.csv,data/features/dinov3_vitb16_remaining_attributes_assets.csv,classification,dinov3_frozen_embeddings_random_forest,random_forest,StratifiedGroupKFold,1,5,106925,No railings,No railings,True
attr_has_pedestrian_railing,attr_has_pedestrian_railing,data/processed/train/attr_has_pedestrian_railing_train.csv,data/features/dinov3_vitb16_remaining_attributes_assets.csv,classification,dinov3_frozen_embeddings_random_forest,random_forest,StratifiedGroupKFold,1,5,107109,No railings,No railings,True
attr_has_pedestrian_railing,attr_has_pedestrian_railing,data/processed/train/attr_has_pedestrian_railing_train.csv,data/features/dinov3_vitb16_remaining_attributes_assets.csv,classification,dinov3_frozen_embeddings_random_forest,random_forest,StratifiedGroupKFold,1,5,107122,No railings,No railings,True
attr_has_pedestrian_railing,attr_has_pedestrian_railing,data/processed/train/attr_has_pedestrian_railing_train.csv,data/features/dinov3_vitb16_remaining_attributes_assets.csv,classification,dinov3_frozen_embeddings_random_forest,random_forest,StratifiedGroupKFold,1,5,107890,No railings,No railings,True
attr_has_pedestrian_railing,attr_has_pedestrian_railing,data/processed/train/attr_has_pedestrian_railing_train.csv,data/features/dinov3_vitb16_remaining_attributes_assets.csv,classification,dinov3_frozen_embeddings_random_forest,random_forest,StratifiedGroupKFold,1,5,107923,No railings,No railings,True
attr_has_pedestrian_railing,attr_has_pedestrian_railing,data/processed/train/attr_has_pedestrian_railing_train.csv,data/features/dinov3_vitb16_remaining_attributes_assets.csv,classification,dinov3_frozen_embeddings_random_forest,random_forest,StratifiedGroupKFold,1,5,108040,No railings,No railings,True
attr_has_pedestrian_railing,attr_has_pedestrian_railing,data/processed/train/attr_has_pedestrian_railing_train.csv,data/features/dinov3_vitb16_remaining_attributes_assets.csv,classification,dinov3_frozen_embeddings_random_forest,random_forest,StratifiedGroupKFold,1,5,108799,No railings,No railings,True
attr_has_pedestrian_railing,attr_has_pedestrian_railing,data/processed/train/attr_has_pedestrian_railing_train.csv,data/features/dinov3_vitb16_remaining_attributes_assets.csv,classification,dinov3_frozen_embeddings_random_forest,random_forest,StratifiedGroupKFold,1,5,109149,No railings,No railings,True
attr_has_pedestrian_railing,attr_has_pedestrian_railing,data/processed/train/attr_has_pedestrian_railing_train.csv,data/features/dinov3_vitb16_remaining_attributes_assets.csv,classification,dinov3_frozen_embeddings_random_forest,random_forest,StratifiedGroupKFold,1,5,109151,No railings,No railings,True
attr_has_pedestrian_railing,attr_has_pedestrian_railing,data/processed/train/attr_has_pedestrian_railing_train.csv,data/features/dinov3_vitb16_remaining_attributes_assets.csv,classification,dinov3_frozen_embeddings_random_forest,random_forest,StratifiedGroupKFold,1,5,109535,No railings,No railings,True
attr_has_pedestrian_railing,attr_has_pedestrian_railing,data/processed/train/attr_has_pedestrian_railing_train.csv,data/features/dinov3_vitb16_remaining_attributes_assets.csv,classification,dinov3_frozen_embeddings_random_forest,random_forest,StratifiedGroupKFold,1,5,109538,No railings,No railings,True
attr_has_pedestrian_railing,attr_has_pedestrian_railing,data/processed/train/attr_has_pedestrian_railing_train.csv,data/features/dinov3_vitb16_remaining_attributes_assets.csv,classification,dinov3_frozen_embeddings_random_forest,random_forest,StratifiedGroupKFold,1,5,110121,No railings,No railings,True
attr_has_pedestrian_railing,attr_has_pedestrian_railing,data/processed/train/attr_has_pedestrian_railing_train.csv,data/features/dinov3_vitb16_remaining_attributes_assets.csv,classification,dinov3_frozen_embeddings_random_forest,random_forest,StratifiedGroupKFold,1,5,110775,No railings,No railings,True
attr_has_pedestrian_railing,attr_has_pedestrian_railing,data/processed/train/attr_has_pedestrian_railing_train.csv,data/features/dinov3_vitb16_remaining_attributes_assets.csv,classification,dinov3_frozen_embeddings_random_forest,random_forest,StratifiedGroupKFold,1,5,110956,No railings,No railings,True
attr_has_pedestrian_railing,attr_has_pedestrian_railing,data/processed/train/attr_has_pedestrian_railing_train.csv,data/features/dinov3_vitb16_remaining_attributes_assets.csv,classification,dinov3_frozen_embeddings_random_forest,random_forest,StratifiedGroupKFold,1,5,110997,No railings,No railings,True
attr_has_pedestrian_railing,attr_has_pedestrian_railing,data/processed/train/attr_has_pedestrian_railing_train.csv,data/features/dinov3_vitb16_remaining_attributes_assets.csv,classification,dinov3_frozen_embeddings_random_forest,random_forest,StratifiedGroupKFold,1,5,111439,No railings,No railings,True
attr_has_pedestrian_railing,attr_has_pedestrian_railing,data/processed/train/attr_has_pedestrian_railing_train.csv,data/features/dinov3_vitb16_remaining_attributes_assets.csv,classification,dinov3_frozen_embeddings_random_forest,random_forest,StratifiedGroupKFold,1,5,112129,No railings,No railings,True
attr_has_pedestrian_railing,attr_has_pedestrian_railing,data/processed/train/attr_has_pedestrian_railing_train.csv,data/features/dinov3_vitb16_remaining_attributes_assets.csv,classification,dinov3_frozen_embeddings_random_forest,random_forest,StratifiedGroupKFold,1,5,112141,No railings,No railings,True
attr_has_pedestrian_railing,attr_has_pedestrian_railing,data/processed/train/attr_has_pedestrian_railing_train.csv,data/features/dinov3_vitb16_remaining_attributes_assets.csv,classification,dinov3_frozen_embeddings_random_forest,random_forest,StratifiedGroupKFold,1,5,113217,No railings,No railings,True
attr_has_pedestrian_railing,attr_has_pedestrian_railing,data/processed/train/attr_has_pedestrian_railing_train.csv,data/features/dinov3_vitb16_remaining_attributes_assets.csv,classification,dinov3_frozen_embeddings_random_forest,random_forest,StratifiedGroupKFold,1,5,113804,No railings,No railings,True
attr_has_pedestrian_railing,attr_has_pedestrian_railing,data/processed/train/attr_has_pedestrian_railing_train.csv,data/features/dinov3_vitb16_remaining_attributes_assets.csv,classification,dinov3_frozen_embeddings_random_forest,random_forest,StratifiedGroupKFold,1,5,113805,No railings,No railings,True
attr_has_pedestrian_railing,attr_has_pedestrian_railing,data/processed/train/attr_has_pedestrian_railing_train.csv,data/features/dinov3_vitb16_remaining_attributes_assets.csv,classification,dinov3_frozen_embeddings_random_forest,random_forest,StratifiedGroupKFold,1,5,114635,No railings,No railings,True
attr_has_pedestrian_railing,attr_has_pedestrian_railing,data/processed/train/attr_has_pedestrian_railing_train.csv,data/features/dinov3_vitb16_remaining_attributes_assets.csv,classification,dinov3_frozen_embeddings_random_forest,random_forest,StratifiedGroupKFold,1,5,114951,No railings,No railings,True
attr_has_pedestrian_railing,attr_has_pedestrian_railing,data/processed/train/attr_has_pedestrian_railing_train.csv,data/features/dinov3_vitb16_remaining_attributes_assets.csv,classification,dinov3_frozen_embeddings_random_forest,random_forest,StratifiedGroupKFold,1,5,114971,No railings,No railings,True
attr_has_pedestrian_railing,attr_has_pedestrian_railing,data/processed/train/attr_has_pedestrian_railing_train.csv,data/features/dinov3_vitb16_remaining_attributes_assets.csv,classification,dinov3_frozen_embeddings_random_forest,random_forest,StratifiedGroupKFold,1,5,115806,No railings,No railings,True
attr_has_pedestrian_railing,attr_has_pedestrian_railing,data/processed/train/attr_has_pedestrian_railing_train.csv,data/features/dinov3_vitb16_remaining_attributes_assets.csv,classification,dinov3_frozen_embeddings_random_forest,random_forest,StratifiedGroupKFold,1,5,116619,No railings,No railings,True
attr_has_pedestrian_railing,attr_has_pedestrian_railing,data/processed/train/attr_has_pedestrian_railing_train.csv,data/features/dinov3_vitb16_remaining_attributes_assets.csv,classification,dinov3_frozen_embeddings_random_forest,random_forest,StratifiedGroupKFold,1,5,117297,No railings,No railings,True
attr_has_pedestrian_railing,attr_has_pedestrian_railing,data/processed/train/attr_has_pedestrian_railing_train.csv,data/features/dinov3_vitb16_remaining_attributes_assets.csv,classification,dinov3_frozen_embeddings_random_forest,random_forest,StratifiedGroupKFold,1,5,118143,No railings,No railings,True
attr_has_pedestrian_railing,attr_has_pedestrian_railing,data/processed/train/attr_has_pedestrian_railing_train.csv,data/features/dinov3_vitb16_remaining_attributes_assets.csv,classification,dinov3_frozen_embeddings_random_forest,random_forest,StratifiedGroupKFold,1,5,119844,No railings,No railings,True
attr_has_pedestrian_railing,attr_has_pedestrian_railing,data/processed/train/attr_has_pedestrian_railing_train.csv,data/features/dinov3_vitb16_remaining_attributes_assets.csv,classification,dinov3_frozen_embeddings_random_forest,random_forest,StratifiedGroupKFold,1,5,120294,No railings,No railings,True
attr_has_pedestrian_railing,attr_has_pedestrian_railing,data/processed/train/attr_has_pedestrian_railing_train.csv,data/features/dinov3_vitb16_remaining_attributes_assets.csv,classification,dinov3_frozen_embeddings_random_forest,random_forest,StratifiedGroupKFold,1,5,120548,No railings,No railings,True
attr_has_pedestrian_railing,attr_has_pedestrian_railing,data/processed/train/attr_has_pedestrian_railing_train.csv,data/features/dinov3_vitb16_remaining_attributes_assets.csv,classification,dinov3_frozen_embeddings_random_forest,random_forest,StratifiedGroupKFold,1,5,121993,No railings,No railings,True
attr_has_pedestrian_railing,attr_has_pedestrian_railing,data/processed/train/attr_has_pedestrian_railing_train.csv,data/features/dinov3_vitb16_remaining_attributes_assets.csv,classification,dinov3_frozen_embeddings_random_forest,random_forest,StratifiedGroupKFold,1,5,122830,No railings,No railings,True
attr_has_pedestrian_railing,attr_has_pedestrian_railing,data/processed/train/attr_has_pedestrian_railing_train.csv,data/features/dinov3_vitb16_remaining_attributes_assets.csv,classification,dinov3_frozen_embeddings_random_forest,random_forest,StratifiedGroupKFold,1,5,123219,No railings,No railings,True
attr_has_pedestrian_railing,attr_has_pedestrian_railing,data/processed/train/attr_has_pedestrian_railing_train.csv,data/features/dinov3_vitb16_remaining_attributes_assets.csv,classification,dinov3_frozen_embeddings_random_forest,random_forest,StratifiedGroupKFold,1,5,123352,No railings,No railings,True
attr_has_pedestrian_railing,attr_has_pedestrian_railing,data/processed/train/attr_has_pedestrian_railing_train.csv,data/features/dinov3_vitb16_remaining_attributes_assets.csv,classification,dinov3_frozen_embeddings_random_forest,random_forest,StratifiedGroupKFold,1,5,126709,No railings,No railings,True
attr_has_pedestrian_railing,attr_has_pedestrian_railing,data/processed/train/attr_has_pedestrian_railing_train.csv,data/features/dinov3_vitb16_remaining_attributes_assets.csv,classification,dinov3_frozen_embeddings_random_forest,random_forest,StratifiedGroupKFold,1,5,126737,No railings,No railings,True
attr_has_pedestrian_railing,attr_has_pedestrian_railing,data/processed/train/attr_has_pedestrian_railing_train.csv,data/features/dinov3_vitb16_remaining_attributes_assets.csv,classification,dinov3_frozen_embeddings_random_forest,random_forest,StratifiedGroupKFold,1,5,127147,1 railing,No railings,False
attr_has_pedestrian_railing,attr_has_pedestrian_railing,data/processed/train/attr_has_pedestrian_railing_train.csv,data/features/dinov3_vitb16_remaining_attributes_assets.csv,classification,dinov3_frozen_embeddings_random_forest,random_forest,StratifiedGroupKFold,1,5,128041,No railings,No railings,True
attr_has_pedestrian_railing,attr_has_pedestrian_railing,data/processed/train/attr_has_pedestrian_railing_train.csv,data/features/dinov3_vitb16_remaining_attributes_assets.csv,classification,dinov3_frozen_embeddings_random_forest,random_forest,StratifiedGroupKFold,1,5,128273,2 railings,No railings,False
attr_has_pedestrian_railing,attr_has_pedestrian_railing,data/processed/train/attr_has_pedestrian_railing_train.csv,data/features/dinov3_vitb16_remaining_attributes_assets.csv,classification,dinov3_frozen_embeddings_random_forest,random_forest,StratifiedGroupKFold,1,5,129739,No railings,No railings,True
attr_has_pedestrian_railing,attr_has_pedestrian_railing,data/processed/train/attr_has_pedestrian_railing_train.csv,data/features/dinov3_vitb16_remaining_attributes_assets.csv,classification,dinov3_frozen_embeddings_random_forest,random_forest,StratifiedGroupKFold,1,5,54072,No railings,No railings,True
attr_has_pedestrian_railing,attr_has_pedestrian_railing,data/processed/train/attr_has_pedestrian_railing_train.csv,data/features/dinov3_vitb16_remaining_attributes_assets.csv,classification,dinov3_frozen_embeddings_random_forest,random_forest,StratifiedGroupKFold,1,5,54186,No railings,No railings,True
attr_has_pedestrian_railing,attr_has_pedestrian_railing,data/processed/train/attr_has_pedestrian_railing_train.csv,data/features/dinov3_vitb16_remaining_attributes_assets.csv,classification,dinov3_frozen_embeddings_random_forest,random_forest,StratifiedGroupKFold,1,5,102358,No railings,No railings,True
attr_has_pedestrian_railing,attr_has_pedestrian_railing,data/processed/train/attr_has_pedestrian_railing_train.csv,data/features/dinov3_vitb16_remaining_attributes_assets.csv,classification,dinov3_frozen_embeddings_random_forest,random_forest,StratifiedGroupKFold,1,5,60963,No railings,No railings,True
attr_has_pedestrian_railing,attr_has_pedestrian_railing,data/processed/train/attr_has_pedestrian_railing_train.csv,data/features/dinov3_vitb16_remaining_attributes_assets.csv,classification,dinov3_frozen_embeddings_random_forest,random_forest,StratifiedGroupKFold,1,5,105832,No railings,No railings,True
attr_has_pedestrian_railing,attr_has_pedestrian_railing,data/processed/train/attr_has_pedestrian_railing_train.csv,data/features/dinov3_vitb16_remaining_attributes_assets.csv,classification,dinov3_frozen_embeddings_random_forest,random_forest,StratifiedGroupKFold,1,5,111784,No railings,No railings,True
attr_has_pedestrian_railing,attr_has_pedestrian_railing,data/processed/train/attr_has_pedestrian_railing_train.csv,data/features/dinov3_vitb16_remaining_attributes_assets.csv,classification,dinov3_frozen_embeddings_random_forest,random_forest,StratifiedGroupKFold,2,5,51547,No railings,No railings,True
attr_has_pedestrian_railing,attr_has_pedestrian_railing,data/processed/train/attr_has_pedestrian_railing_train.csv,data/features/dinov3_vitb16_remaining_attributes_assets.csv,classification,dinov3_frozen_embeddings_random_forest,random_forest,StratifiedGroupKFold,2,5,53993,No railings,No railings,True
attr_has_pedestrian_railing,attr_has_pedestrian_railing,data/processed/train/attr_has_pedestrian_railing_train.csv,data/features/dinov3_vitb16_remaining_attributes_assets.csv,classification,dinov3_frozen_embeddings_random_forest,random_forest,StratifiedGroupKFold,2,5,56877,No railings,No railings,True
attr_has_pedestrian_railing,attr_has_pedestrian_railing,data/processed/train/attr_has_pedestrian_railing_train.csv,data/features/dinov3_vitb16_remaining_attributes_assets.csv,classification,dinov3_frozen_embeddings_random_forest,random_forest,StratifiedGroupKFold,2,5,58825,No railings,No railings,True
attr_has_pedestrian_railing,attr_has_pedestrian_railing,data/processed/train/attr_has_pedestrian_railing_train.csv,data/features/dinov3_vitb16_remaining_attributes_assets.csv,classification,dinov3_frozen_embeddings_random_forest,random_forest,StratifiedGroupKFold,2,5,61005,No railings,No railings,True
attr_has_pedestrian_railing,attr_has_pedestrian_railing,data/processed/train/attr_has_pedestrian_railing_train.csv,data/features/dinov3_vitb16_remaining_attributes_assets.csv,classification,dinov3_frozen_embeddings_random_forest,random_forest,StratifiedGroupKFold,2,5,57747,No railings,No railings,True
attr_has_pedestrian_railing,attr_has_pedestrian_railing,data/processed/train/attr_has_pedestrian_railing_train.csv,data/features/dinov3_vitb16_remaining_attributes_assets.csv,classification,dinov3_frozen_embeddings_random_forest,random_forest,StratifiedGroupKFold,2,5,61737,No railings,No railings,True
attr_has_pedestrian_railing,attr_has_pedestrian_railing,data/processed/train/attr_has_pedestrian_railing_train.csv,data/features/dinov3_vitb16_remaining_attributes_assets.csv,classification,dinov3_frozen_embeddings_random_forest,random_forest,StratifiedGroupKFold,2,5,61958,No railings,No railings,True
attr_has_pedestrian_railing,attr_has_pedestrian_railing,data/processed/train/attr_has_pedestrian_railing_train.csv,data/features/dinov3_vitb16_remaining_attributes_assets.csv,classification,dinov3_frozen_embeddings_random_forest,random_forest,StratifiedGroupKFold,2,5,63070,No railings,No railings,True
attr_has_pedestrian_railing,attr_has_pedestrian_railing,data/processed/train/attr_has_pedestrian_railing_train.csv,data/features/dinov3_vitb16_remaining_attributes_assets.csv,classification,dinov3_frozen_embeddings_random_forest,random_forest,StratifiedGroupKFold,2,5,64272,No railings,No railings,True
attr_has_pedestrian_railing,attr_has_pedestrian_railing,data/processed/train/attr_has_pedestrian_railing_train.csv,data/features/dinov3_vitb16_remaining_attributes_assets.csv,classification,dinov3_frozen_embeddings_random_forest,random_forest,StratifiedGroupKFold,2,5,67630,No railings,No railings,True
attr_has_pedestrian_railing,attr_has_pedestrian_railing,data/processed/train/attr_has_pedestrian_railing_train.csv,data/features/dinov3_vitb16_remaining_attributes_assets.csv,classification,dinov3_frozen_embeddings_random_forest,random_forest,StratifiedGroupKFold,2,5,83926,No railings,No railings,True
attr_has_pedestrian_railing,attr_has_pedestrian_railing,data/processed/train/attr_has_pedestrian_railing_train.csv,data/features/dinov3_vitb16_remaining_attributes_assets.csv,classification,dinov3_frozen_embeddings_random_forest,random_forest,StratifiedGroupKFold,2,5,83934,No railings,No railings,True
attr_has_pedestrian_railing,attr_has_pedestrian_railing,data/processed/train/attr_has_pedestrian_railing_train.csv,data/features/dinov3_vitb16_remaining_attributes_assets.csv,classification,dinov3_frozen_embeddings_random_forest,random_forest,StratifiedGroupKFold,2,5,83938,No railings,No railings,True
attr_has_pedestrian_railing,attr_has_pedestrian_railing,data/processed/train/attr_has_pedestrian_railing_train.csv,data/features/dinov3_vitb16_remaining_attributes_assets.csv,classification,dinov3_frozen_embeddings_random_forest,random_forest,StratifiedGroupKFold,2,5,83947,No railings,No railings,True
attr_has_pedestrian_railing,attr_has_pedestrian_railing,data/processed/train/attr_has_pedestrian_railing_train.csv,data/features/dinov3_vitb16_remaining_attributes_assets.csv,classification,dinov3_frozen_embeddings_random_forest,random_forest,StratifiedGroupKFold,2,5,83952,No railings,No railings,True
attr_has_pedestrian_railing,attr_has_pedestrian_railing,data/processed/train/attr_has_pedestrian_railing_train.csv,data/features/dinov3_vitb16_remaining_attributes_assets.csv,classification,dinov3_frozen_embeddings_random_forest,random_forest,StratifiedGroupKFold,2,5,84096,No railings,No railings,True
attr_has_pedestrian_railing,attr_has_pedestrian_railing,data/processed/train/attr_has_pedestrian_railing_train.csv,data/features/dinov3_vitb16_remaining_attributes_assets.csv,classification,dinov3_frozen_embeddings_random_forest,random_forest,StratifiedGroupKFold,2,5,84824,No railings,No railings,True
attr_has_pedestrian_railing,attr_has_pedestrian_railing,data/processed/train/attr_has_pedestrian_railing_train.csv,data/features/dinov3_vitb16_remaining_attributes_assets.csv,classification,dinov3_frozen_embeddings_random_forest,random_forest,StratifiedGroupKFold,2,5,84819,No railings,No railings,True
attr_has_pedestrian_railing,attr_has_pedestrian_railing,data/processed/train/attr_has_pedestrian_railing_train.csv,data/features/dinov3_vitb16_remaining_attributes_assets.csv,classification,dinov3_frozen_embeddings_random_forest,random_forest,StratifiedGroupKFold,2,5,84848,No railings,No railings,True
attr_has_pedestrian_railing,attr_has_pedestrian_railing,data/processed/train/attr_has_pedestrian_railing_train.csv,data/features/dinov3_vitb16_remaining_attributes_assets.csv,classification,dinov3_frozen_embeddings_random_forest,random_forest,StratifiedGroupKFold,2,5,85078,No railings,No railings,True
attr_has_pedestrian_railing,attr_has_pedestrian_railing,data/processed/train/attr_has_pedestrian_railing_train.csv,data/features/dinov3_vitb16_remaining_attributes_assets.csv,classification,dinov3_frozen_embeddings_random_forest,random_forest,StratifiedGroupKFold,2,5,85477,No railings,No railings,True
attr_has_pedestrian_railing,attr_has_pedestrian_railing,data/processed/train/attr_has_pedestrian_railing_train.csv,data/features/dinov3_vitb16_remaining_attributes_assets.csv,classification,dinov3_frozen_embeddings_random_forest,random_forest,StratifiedGroupKFold,2,5,85479,No railings,No railings,True
attr_has_pedestrian_railing,attr_has_pedestrian_railing,data/processed/train/attr_has_pedestrian_railing_train.csv,data/features/dinov3_vitb16_remaining_attributes_assets.csv,classification,dinov3_frozen_embeddings_random_forest,random_forest,StratifiedGroupKFold,2,5,85506,No railings,No railings,True
attr_has_pedestrian_railing,attr_has_pedestrian_railing,data/processed/train/attr_has_pedestrian_railing_train.csv,data/features/dinov3_vitb16_remaining_attributes_assets.csv,classification,dinov3_frozen_embeddings_random_forest,random_forest,StratifiedGroupKFold,2,5,85558,No railings,No railings,True
attr_has_pedestrian_railing,attr_has_pedestrian_railing,data/processed/train/attr_has_pedestrian_railing_train.csv,data/features/dinov3_vitb16_remaining_attributes_assets.csv,classification,dinov3_frozen_embeddings_random_forest,random_forest,StratifiedGroupKFold,2,5,86039,No railings,No railings,True
attr_has_pedestrian_railing,attr_has_pedestrian_railing,data/processed/train/attr_has_pedestrian_railing_train.csv,data/features/dinov3_vitb16_remaining_attributes_assets.csv,classification,dinov3_frozen_embeddings_random_forest,random_forest,StratifiedGroupKFold,2,5,86058,No railings,No railings,True
attr_has_pedestrian_railing,attr_has_pedestrian_railing,data/processed/train/attr_has_pedestrian_railing_train.csv,data/features/dinov3_vitb16_remaining_attributes_assets.csv,classification,dinov3_frozen_embeddings_random_forest,random_forest,StratifiedGroupKFold,2,5,86065,No railings,No railings,True
attr_has_pedestrian_railing,attr_has_pedestrian_railing,data/processed/train/attr_has_pedestrian_railing_train.csv,data/features/dinov3_vitb16_remaining_attributes_assets.csv,classification,dinov3_frozen_embeddings_random_forest,random_forest,StratifiedGroupKFold,2,5,86072,No railings,No railings,True
attr_has_pedestrian_railing,attr_has_pedestrian_railing,data/processed/train/attr_has_pedestrian_railing_train.csv,data/features/dinov3_vitb16_remaining_attributes_assets.csv,classification,dinov3_frozen_embeddings_random_forest,random_forest,StratifiedGroupKFold,2,5,86082,No railings,No railings,True
attr_has_pedestrian_railing,attr_has_pedestrian_railing,data/processed/train/attr_has_pedestrian_railing_train.csv,data/features/dinov3_vitb16_remaining_attributes_assets.csv,classification,dinov3_frozen_embeddings_random_forest,random_forest,StratifiedGroupKFold,2,5,86084,No railings,No railings,True
attr_has_pedestrian_railing,attr_has_pedestrian_railing,data/processed/train/attr_has_pedestrian_railing_train.csv,data/features/dinov3_vitb16_remaining_attributes_assets.csv,classification,dinov3_frozen_embeddings_random_forest,random_forest,StratifiedGroupKFold,2,5,86085,No railings,No railings,True
attr_has_pedestrian_railing,attr_has_pedestrian_railing,data/processed/train/attr_has_pedestrian_railing_train.csv,data/features/dinov3_vitb16_remaining_attributes_assets.csv,classification,dinov3_frozen_embeddings_random_forest,random_forest,StratifiedGroupKFold,2,5,86089,No railings,No railings,True
attr_has_pedestrian_railing,attr_has_pedestrian_railing,data/processed/train/attr_has_pedestrian_railing_train.csv,data/features/dinov3_vitb16_remaining_attributes_assets.csv,classification,dinov3_frozen_embeddings_random_forest,random_forest,StratifiedGroupKFold,2,5,86092,No railings,No railings,True
attr_has_pedestrian_railing,attr_has_pedestrian_railing,data/processed/train/attr_has_pedestrian_railing_train.csv,data/features/dinov3_vitb16_remaining_attributes_assets.csv,classification,dinov3_frozen_embeddings_random_forest,random_forest,StratifiedGroupKFold,2,5,86096,No railings,No railings,True
attr_has_pedestrian_railing,attr_has_pedestrian_railing,data/processed/train/attr_has_pedestrian_railing_train.csv,data/features/dinov3_vitb16_remaining_attributes_assets.csv,classification,dinov3_frozen_embeddings_random_forest,random_forest,StratifiedGroupKFold,2,5,86114,No railings,No railings,True
attr_has_pedestrian_railing,attr_has_pedestrian_railing,data/processed/train/attr_has_pedestrian_railing_train.csv,data/features/dinov3_vitb16_remaining_attributes_assets.csv,classification,dinov3_frozen_embeddings_random_forest,random_forest,StratifiedGroupKFold,2,5,86122,No railings,No railings,True
attr_has_pedestrian_railing,attr_has_pedestrian_railing,data/processed/train/attr_has_pedestrian_railing_train.csv,data/features/dinov3_vitb16_remaining_attributes_assets.csv,classification,dinov3_frozen_embeddings_random_forest,random_forest,StratifiedGroupKFold,2,5,86127,No railings,No railings,True
attr_has_pedestrian_railing,attr_has_pedestrian_railing,data/processed/train/attr_has_pedestrian_railing_train.csv,data/features/dinov3_vitb16_remaining_attributes_assets.csv,classification,dinov3_frozen_embeddings_random_forest,random_forest,StratifiedGroupKFold,2,5,86134,No railings,No railings,True
attr_has_pedestrian_railing,attr_has_pedestrian_railing,data/processed/train/attr_has_pedestrian_railing_train.csv,data/features/dinov3_vitb16_remaining_attributes_assets.csv,classification,dinov3_frozen_embeddings_random_forest,random_forest,StratifiedGroupKFold,2,5,86139,No railings,No railings,True
attr_has_pedestrian_railing,attr_has_pedestrian_railing,data/processed/train/attr_has_pedestrian_railing_train.csv,data/features/dinov3_vitb16_remaining_attributes_assets.csv,classification,dinov3_frozen_embeddings_random_forest,random_forest,StratifiedGroupKFold,2,5,86142,No railings,No railings,True
attr_has_pedestrian_railing,attr_has_pedestrian_railing,data/processed/train/attr_has_pedestrian_railing_train.csv,data/features/dinov3_vitb16_remaining_attributes_assets.csv,classification,dinov3_frozen_embeddings_random_forest,random_forest,StratifiedGroupKFold,2,5,86157,No railings,No railings,True
attr_has_pedestrian_railing,attr_has_pedestrian_railing,data/processed/train/attr_has_pedestrian_railing_train.csv,data/features/dinov3_vitb16_remaining_attributes_assets.csv,classification,dinov3_frozen_embeddings_random_forest,random_forest,StratifiedGroupKFold,2,5,86176,No railings,No railings,True
attr_has_pedestrian_railing,attr_has_pedestrian_railing,data/processed/train/attr_has_pedestrian_railing_train.csv,data/features/dinov3_vitb16_remaining_attributes_assets.csv,classification,dinov3_frozen_embeddings_random_forest,random_forest,StratifiedGroupKFold,2,5,86177,No railings,No railings,True
attr_has_pedestrian_railing,attr_has_pedestrian_railing,data/processed/train/attr_has_pedestrian_railing_train.csv,data/features/dinov3_vitb16_remaining_attributes_assets.csv,classification,dinov3_frozen_embeddings_random_forest,random_forest,StratifiedGroupKFold,2,5,86186,No railings,No railings,True
attr_has_pedestrian_railing,attr_has_pedestrian_railing,data/processed/train/attr_has_pedestrian_railing_train.csv,data/features/dinov3_vitb16_remaining_attributes_assets.csv,classification,dinov3_frozen_embeddings_random_forest,random_forest,StratifiedGroupKFold,2,5,86190,No railings,No railings,True
attr_has_pedestrian_railing,attr_has_pedestrian_railing,data/processed/train/attr_has_pedestrian_railing_train.csv,data/features/dinov3_vitb16_remaining_attributes_assets.csv,classification,dinov3_frozen_embeddings_random_forest,random_forest,StratifiedGroupKFold,2,5,86194,No railings,No railings,True
attr_has_pedestrian_railing,attr_has_pedestrian_railing,data/processed/train/attr_has_pedestrian_railing_train.csv,data/features/dinov3_vitb16_remaining_attributes_assets.csv,classification,dinov3_frozen_embeddings_random_forest,random_forest,StratifiedGroupKFold,2,5,86202,No railings,No railings,True
attr_has_pedestrian_railing,attr_has_pedestrian_railing,data/processed/train/attr_has_pedestrian_railing_train.csv,data/features/dinov3_vitb16_remaining_attributes_assets.csv,classification,dinov3_frozen_embeddings_random_forest,random_forest,StratifiedGroupKFold,2,5,86207,No railings,No railings,True
attr_has_pedestrian_railing,attr_has_pedestrian_railing,data/processed/train/attr_has_pedestrian_railing_train.csv,data/features/dinov3_vitb16_remaining_attributes_assets.csv,classification,dinov3_frozen_embeddings_random_forest,random_forest,StratifiedGroupKFold,2,5,86206,No railings,No railings,True
attr_has_pedestrian_railing,attr_has_pedestrian_railing,data/processed/train/attr_has_pedestrian_railing_train.csv,data/features/dinov3_vitb16_remaining_attributes_assets.csv,classification,dinov3_frozen_embeddings_random_forest,random_forest,StratifiedGroupKFold,2,5,86210,No railings,No railings,True
attr_has_pedestrian_railing,attr_has_pedestrian_railing,data/processed/train/attr_has_pedestrian_railing_train.csv,data/features/dinov3_vitb16_remaining_attributes_assets.csv,classification,dinov3_frozen_embeddings_random_forest,random_forest,StratifiedGroupKFold,2,5,86211,No railings,No railings,True
attr_has_pedestrian_railing,attr_has_pedestrian_railing,data/processed/train/attr_has_pedestrian_railing_train.csv,data/features/dinov3_vitb16_remaining_attributes_assets.csv,classification,dinov3_frozen_embeddings_random_forest,random_forest,StratifiedGroupKFold,2,5,86220,No railings,No railings,True
attr_has_pedestrian_railing,attr_has_pedestrian_railing,data/processed/train/attr_has_pedestrian_railing_train.csv,data/features/dinov3_vitb16_remaining_attributes_assets.csv,classification,dinov3_frozen_embeddings_random_forest,random_forest,StratifiedGroupKFold,2,5,86219,No railings,No railings,True
attr_has_pedestrian_railing,attr_has_pedestrian_railing,data/processed/train/attr_has_pedestrian_railing_train.csv,data/features/dinov3_vitb16_remaining_attributes_assets.csv,classification,dinov3_frozen_embeddings_random_forest,random_forest,StratifiedGroupKFold,2,5,86236,No railings,No railings,True
attr_has_pedestrian_railing,attr_has_pedestrian_railing,data/processed/train/attr_has_pedestrian_railing_train.csv,data/features/dinov3_vitb16_remaining_attributes_assets.csv,classification,dinov3_frozen_embeddings_random_forest,random_forest,StratifiedGroupKFold,2,5,86253,No railings,No railings,True
attr_has_pedestrian_railing,attr_has_pedestrian_railing,data/processed/train/attr_has_pedestrian_railing_train.csv,data/features/dinov3_vitb16_remaining_attributes_assets.csv,classification,dinov3_frozen_embeddings_random_forest,random_forest,StratifiedGroupKFold,2,5,86257,No railings,No railings,True
attr_has_pedestrian_railing,attr_has_pedestrian_railing,data/processed/train/attr_has_pedestrian_railing_train.csv,data/features/dinov3_vitb16_remaining_attributes_assets.csv,classification,dinov3_frozen_embeddings_random_forest,random_forest,StratifiedGroupKFold,2,5,86260,No railings,No railings,True
attr_has_pedestrian_railing,attr_has_pedestrian_railing,data/processed/train/attr_has_pedestrian_railing_train.csv,data/features/dinov3_vitb16_remaining_attributes_assets.csv,classification,dinov3_frozen_embeddings_random_forest,random_forest,StratifiedGroupKFold,2,5,86886,No railings,No railings,True
attr_has_pedestrian_railing,attr_has_pedestrian_railing,data/processed/train/attr_has_pedestrian_railing_train.csv,data/features/dinov3_vitb16_remaining_attributes_assets.csv,classification,dinov3_frozen_embeddings_random_forest,random_forest,StratifiedGroupKFold,2,5,86884,No railings,No railings,True
attr_has_pedestrian_railing,attr_has_pedestrian_railing,data/processed/train/attr_has_pedestrian_railing_train.csv,data/features/dinov3_vitb16_remaining_attributes_assets.csv,classification,dinov3_frozen_embeddings_random_forest,random_forest,StratifiedGroupKFold,2,5,86901,No railings,No railings,True
attr_has_pedestrian_railing,attr_has_pedestrian_railing,data/processed/train/attr_has_pedestrian_railing_train.csv,data/features/dinov3_vitb16_remaining_attributes_assets.csv,classification,dinov3_frozen_embeddings_random_forest,random_forest,StratifiedGroupKFold,2,5,86915,No railings,No railings,True
attr_has_pedestrian_railing,attr_has_pedestrian_railing,data/processed/train/attr_has_pedestrian_railing_train.csv,data/features/dinov3_vitb16_remaining_attributes_assets.csv,classification,dinov3_frozen_embeddings_random_forest,random_forest,StratifiedGroupKFold,2,5,87499,No railings,No railings,True
attr_has_pedestrian_railing,attr_has_pedestrian_railing,data/processed/train/attr_has_pedestrian_railing_train.csv,data/features/dinov3_vitb16_remaining_attributes_assets.csv,classification,dinov3_frozen_embeddings_random_forest,random_forest,StratifiedGroupKFold,2,5,87508,No railings,No railings,True
attr_has_pedestrian_railing,attr_has_pedestrian_railing,data/processed/train/attr_has_pedestrian_railing_train.csv,data/features/dinov3_vitb16_remaining_attributes_assets.csv,classification,dinov3_frozen_embeddings_random_forest,random_forest,StratifiedGroupKFold,2,5,87523,No railings,No railings,True
attr_has_pedestrian_railing,attr_has_pedestrian_railing,data/processed/train/attr_has_pedestrian_railing_train.csv,data/features/dinov3_vitb16_remaining_attributes_assets.csv,classification,dinov3_frozen_embeddings_random_forest,random_forest,StratifiedGroupKFold,2,5,87579,No railings,No railings,True
attr_has_pedestrian_railing,attr_has_pedestrian_railing,data/processed/train/attr_has_pedestrian_railing_train.csv,data/features/dinov3_vitb16_remaining_attributes_assets.csv,classification,dinov3_frozen_embeddings_random_forest,random_forest,StratifiedGroupKFold,2,5,88089,No railings,No railings,True
attr_has_pedestrian_railing,attr_has_pedestrian_railing,data/processed/train/attr_has_pedestrian_railing_train.csv,data/features/dinov3_vitb16_remaining_attributes_assets.csv,classification,dinov3_frozen_embeddings_random_forest,random_forest,StratifiedGroupKFold,2,5,88099,No railings,No railings,True
attr_has_pedestrian_railing,attr_has_pedestrian_railing,data/processed/train/attr_has_pedestrian_railing_train.csv,data/features/dinov3_vitb16_remaining_attributes_assets.csv,classification,dinov3_frozen_embeddings_random_forest,random_forest,StratifiedGroupKFold,2,5,88100,No railings,No railings,True
attr_has_pedestrian_railing,attr_has_pedestrian_railing,data/processed/train/attr_has_pedestrian_railing_train.csv,data/features/dinov3_vitb16_remaining_attributes_assets.csv,classification,dinov3_frozen_embeddings_random_forest,random_forest,StratifiedGroupKFold,2,5,88273,No railings,No railings,True
attr_has_pedestrian_railing,attr_has_pedestrian_railing,data/processed/train/attr_has_pedestrian_railing_train.csv,data/features/dinov3_vitb16_remaining_attributes_assets.csv,classification,dinov3_frozen_embeddings_random_forest,random_forest,StratifiedGroupKFold,2,5,89574,No railings,No railings,True
attr_has_pedestrian_railing,attr_has_pedestrian_railing,data/processed/train/attr_has_pedestrian_railing_train.csv,data/features/dinov3_vitb16_remaining_attributes_assets.csv,classification,dinov3_frozen_embeddings_random_forest,random_forest,StratifiedGroupKFold,2,5,89588,No railings,No railings,True
attr_has_pedestrian_railing,attr_has_pedestrian_railing,data/processed/train/attr_has_pedestrian_railing_train.csv,data/features/dinov3_vitb16_remaining_attributes_assets.csv,classification,dinov3_frozen_embeddings_random_forest,random_forest,StratifiedGroupKFold,2,5,89598,No railings,No railings,True
attr_has_pedestrian_railing,attr_has_pedestrian_railing,data/processed/train/attr_has_pedestrian_railing_train.csv,data/features/dinov3_vitb16_remaining_attributes_assets.csv,classification,dinov3_frozen_embeddings_random_forest,random_forest,StratifiedGroupKFold,2,5,89601,No railings,No railings,True
attr_has_pedestrian_railing,attr_has_pedestrian_railing,data/processed/train/attr_has_pedestrian_railing_train.csv,data/features/dinov3_vitb16_remaining_attributes_assets.csv,classification,dinov3_frozen_embeddings_random_forest,random_forest,StratifiedGroupKFold,2,5,89705,No railings,No railings,True
attr_has_pedestrian_railing,attr_has_pedestrian_railing,data/processed/train/attr_has_pedestrian_railing_train.csv,data/features/dinov3_vitb16_remaining_attributes_assets.csv,classification,dinov3_frozen_embeddings_random_forest,random_forest,StratifiedGroupKFold,2,5,90323,No railings,No railings,True
attr_has_pedestrian_railing,attr_has_pedestrian_railing,data/processed/train/attr_has_pedestrian_railing_train.csv,data/features/dinov3_vitb16_remaining_attributes_assets.csv,classification,dinov3_frozen_embeddings_random_forest,random_forest,StratifiedGroupKFold,2,5,90326,No railings,No railings,True
attr_has_pedestrian_railing,attr_has_pedestrian_railing,data/processed/train/attr_has_pedestrian_railing_train.csv,data/features/dinov3_vitb16_remaining_attributes_assets.csv,classification,dinov3_frozen_embeddings_random_forest,random_forest,StratifiedGroupKFold,2,5,90328,No railings,No railings,True
attr_has_pedestrian_railing,attr_has_pedestrian_railing,data/processed/train/attr_has_pedestrian_railing_train.csv,data/features/dinov3_vitb16_remaining_attributes_assets.csv,classification,dinov3_frozen_embeddings_random_forest,random_forest,StratifiedGroupKFold,2,5,90330,No railings,No railings,True
attr_has_pedestrian_railing,attr_has_pedestrian_railing,data/processed/train/attr_has_pedestrian_railing_train.csv,data/features/dinov3_vitb16_remaining_attributes_assets.csv,classification,dinov3_frozen_embeddings_random_forest,random_forest,StratifiedGroupKFold,2,5,90332,No railings,No railings,True
attr_has_pedestrian_railing,attr_has_pedestrian_railing,data/processed/train/attr_has_pedestrian_railing_train.csv,data/features/dinov3_vitb16_remaining_attributes_assets.csv,classification,dinov3_frozen_embeddings_random_forest,random_forest,StratifiedGroupKFold,2,5,90337,No railings,No railings,True
attr_has_pedestrian_railing,attr_has_pedestrian_railing,data/processed/train/attr_has_pedestrian_railing_train.csv,data/features/dinov3_vitb16_remaining_attributes_assets.csv,classification,dinov3_frozen_embeddings_random_forest,random_forest,StratifiedGroupKFold,2,5,90354,No railings,No railings,True
attr_has_pedestrian_railing,attr_has_pedestrian_railing,data/processed/train/attr_has_pedestrian_railing_train.csv,data/features/dinov3_vitb16_remaining_attributes_assets.csv,classification,dinov3_frozen_embeddings_random_forest,random_forest,StratifiedGroupKFold,2,5,90364,No railings,No railings,True
attr_has_pedestrian_railing,attr_has_pedestrian_railing,data/processed/train/attr_has_pedestrian_railing_train.csv,data/features/dinov3_vitb16_remaining_attributes_assets.csv,classification,dinov3_frozen_embeddings_random_forest,random_forest,StratifiedGroupKFold,2,5,90367,No railings,No railings,True
attr_has_pedestrian_railing,attr_has_pedestrian_railing,data/processed/train/attr_has_pedestrian_railing_train.csv,data/features/dinov3_vitb16_remaining_attributes_assets.csv,classification,dinov3_frozen_embeddings_random_forest,random_forest,StratifiedGroupKFold,2,5,90373,No railings,No railings,True
attr_has_pedestrian_railing,attr_has_pedestrian_railing,data/processed/train/attr_has_pedestrian_railing_train.csv,data/features/dinov3_vitb16_remaining_attributes_assets.csv,classification,dinov3_frozen_embeddings_random_forest,random_forest,StratifiedGroupKFold,2,5,90386,No railings,No railings,True
attr_has_pedestrian_railing,attr_has_pedestrian_railing,data/processed/train/attr_has_pedestrian_railing_train.csv,data/features/dinov3_vitb16_remaining_attributes_assets.csv,classification,dinov3_frozen_embeddings_random_forest,random_forest,StratifiedGroupKFold,2,5,90400,No railings,No railings,True
attr_has_pedestrian_railing,attr_has_pedestrian_railing,data/processed/train/attr_has_pedestrian_railing_train.csv,data/features/dinov3_vitb16_remaining_attributes_assets.csv,classification,dinov3_frozen_embeddings_random_forest,random_forest,StratifiedGroupKFold,2,5,90494,No railings,No railings,True
attr_has_pedestrian_railing,attr_has_pedestrian_railing,data/processed/train/attr_has_pedestrian_railing_train.csv,data/features/dinov3_vitb16_remaining_attributes_assets.csv,classification,dinov3_frozen_embeddings_random_forest,random_forest,StratifiedGroupKFold,2,5,92008,No railings,No railings,True
attr_has_pedestrian_railing,attr_has_pedestrian_railing,data/processed/train/attr_has_pedestrian_railing_train.csv,data/features/dinov3_vitb16_remaining_attributes_assets.csv,classification,dinov3_frozen_embeddings_random_forest,random_forest,StratifiedGroupKFold,2,5,92009,No railings,No railings,True
attr_has_pedestrian_railing,attr_has_pedestrian_railing,data/processed/train/attr_has_pedestrian_railing_train.csv,data/features/dinov3_vitb16_remaining_attributes_assets.csv,classification,dinov3_frozen_embeddings_random_forest,random_forest,StratifiedGroupKFold,2,5,92018,No railings,No railings,True
attr_has_pedestrian_railing,attr_has_pedestrian_railing,data/processed/train/attr_has_pedestrian_railing_train.csv,data/features/dinov3_vitb16_remaining_attributes_assets.csv,classification,dinov3_frozen_embeddings_random_forest,random_forest,StratifiedGroupKFold,2,5,92022,No railings,No railings,True
attr_has_pedestrian_railing,attr_has_pedestrian_railing,data/processed/train/attr_has_pedestrian_railing_train.csv,data/features/dinov3_vitb16_remaining_attributes_assets.csv,classification,dinov3_frozen_embeddings_random_forest,random_forest,StratifiedGroupKFold,2,5,92028,No railings,No railings,True
attr_has_pedestrian_railing,attr_has_pedestrian_railing,data/processed/train/attr_has_pedestrian_railing_train.csv,data/features/dinov3_vitb16_remaining_attributes_assets.csv,classification,dinov3_frozen_embeddings_random_forest,random_forest,StratifiedGroupKFold,2,5,92031,No railings,No railings,True
attr_has_pedestrian_railing,attr_has_pedestrian_railing,data/processed/train/attr_has_pedestrian_railing_train.csv,data/features/dinov3_vitb16_remaining_attributes_assets.csv,classification,dinov3_frozen_embeddings_random_forest,random_forest,StratifiedGroupKFold,2,5,92036,No railings,No railings,True
attr_has_pedestrian_railing,attr_has_pedestrian_railing,data/processed/train/attr_has_pedestrian_railing_train.csv,data/features/dinov3_vitb16_remaining_attributes_assets.csv,classification,dinov3_frozen_embeddings_random_forest,random_forest,StratifiedGroupKFold,2,5,92042,No railings,No railings,True
attr_has_pedestrian_railing,attr_has_pedestrian_railing,data/processed/train/attr_has_pedestrian_railing_train.csv,data/features/dinov3_vitb16_remaining_attributes_assets.csv,classification,dinov3_frozen_embeddings_random_forest,random_forest,StratifiedGroupKFold,2,5,92044,No railings,No railings,True
attr_has_pedestrian_railing,attr_has_pedestrian_railing,data/processed/train/attr_has_pedestrian_railing_train.csv,data/features/dinov3_vitb16_remaining_attributes_assets.csv,classification,dinov3_frozen_embeddings_random_forest,random_forest,StratifiedGroupKFold,2,5,92049,No railings,No railings,True
attr_has_pedestrian_railing,attr_has_pedestrian_railing,data/processed/train/attr_has_pedestrian_railing_train.csv,data/features/dinov3_vitb16_remaining_attributes_assets.csv,classification,dinov3_frozen_embeddings_random_forest,random_forest,StratifiedGroupKFold,2,5,92051,No railings,No railings,True
attr_has_pedestrian_railing,attr_has_pedestrian_railing,data/processed/train/attr_has_pedestrian_railing_train.csv,data/features/dinov3_vitb16_remaining_attributes_assets.csv,classification,dinov3_frozen_embeddings_random_forest,random_forest,StratifiedGroupKFold,2,5,92071,No railings,No railings,True
attr_has_pedestrian_railing,attr_has_pedestrian_railing,data/processed/train/attr_has_pedestrian_railing_train.csv,data/features/dinov3_vitb16_remaining_attributes_assets.csv,classification,dinov3_frozen_embeddings_random_forest,random_forest,StratifiedGroupKFold,2,5,93025,No railings,No railings,True
attr_has_pedestrian_railing,attr_has_pedestrian_railing,data/processed/train/attr_has_pedestrian_railing_train.csv,data/features/dinov3_vitb16_remaining_attributes_assets.csv,classification,dinov3_frozen_embeddings_random_forest,random_forest,StratifiedGroupKFold,2,5,93039,No railings,No railings,True
attr_has_pedestrian_railing,attr_has_pedestrian_railing,data/processed/train/attr_has_pedestrian_railing_train.csv,data/features/dinov3_vitb16_remaining_attributes_assets.csv,classification,dinov3_frozen_embeddings_random_forest,random_forest,StratifiedGroupKFold,2,5,93042,No railings,No railings,True
attr_has_pedestrian_railing,attr_has_pedestrian_railing,data/processed/train/attr_has_pedestrian_railing_train.csv,data/features/dinov3_vitb16_remaining_attributes_assets.csv,classification,dinov3_frozen_embeddings_random_forest,random_forest,StratifiedGroupKFold,2,5,94265,No railings,No railings,True
attr_has_pedestrian_railing,attr_has_pedestrian_railing,data/processed/train/attr_has_pedestrian_railing_train.csv,data/features/dinov3_vitb16_remaining_attributes_assets.csv,classification,dinov3_frozen_embeddings_random_forest,random_forest,StratifiedGroupKFold,2,5,94280,No railings,No railings,True
attr_has_pedestrian_railing,attr_has_pedestrian_railing,data/processed/train/attr_has_pedestrian_railing_train.csv,data/features/dinov3_vitb16_remaining_attributes_assets.csv,classification,dinov3_frozen_embeddings_random_forest,random_forest,StratifiedGroupKFold,2,5,94287,No railings,No railings,True
attr_has_pedestrian_railing,attr_has_pedestrian_railing,data/processed/train/attr_has_pedestrian_railing_train.csv,data/features/dinov3_vitb16_remaining_attributes_assets.csv,classification,dinov3_frozen_embeddings_random_forest,random_forest,StratifiedGroupKFold,2,5,94289,No railings,No railings,True
attr_has_pedestrian_railing,attr_has_pedestrian_railing,data/processed/train/attr_has_pedestrian_railing_train.csv,data/features/dinov3_vitb16_remaining_attributes_assets.csv,classification,dinov3_frozen_embeddings_random_forest,random_forest,StratifiedGroupKFold,2,5,94290,No railings,No railings,True
attr_has_pedestrian_railing,attr_has_pedestrian_railing,data/processed/train/attr_has_pedestrian_railing_train.csv,data/features/dinov3_vitb16_remaining_attributes_assets.csv,classification,dinov3_frozen_embeddings_random_forest,random_forest,StratifiedGroupKFold,2,5,94292,No railings,No railings,True
attr_has_pedestrian_railing,attr_has_pedestrian_railing,data/processed/train/attr_has_pedestrian_railing_train.csv,data/features/dinov3_vitb16_remaining_attributes_assets.csv,classification,dinov3_frozen_embeddings_random_forest,random_forest,StratifiedGroupKFold,2,5,94309,No railings,No railings,True
attr_has_pedestrian_railing,attr_has_pedestrian_railing,data/processed/train/attr_has_pedestrian_railing_train.csv,data/features/dinov3_vitb16_remaining_attributes_assets.csv,classification,dinov3_frozen_embeddings_random_forest,random_forest,StratifiedGroupKFold,2,5,94322,No railings,No railings,True
attr_has_pedestrian_railing,attr_has_pedestrian_railing,data/processed/train/attr_has_pedestrian_railing_train.csv,data/features/dinov3_vitb16_remaining_attributes_assets.csv,classification,dinov3_frozen_embeddings_random_forest,random_forest,StratifiedGroupKFold,2,5,94346,No railings,No railings,True
attr_has_pedestrian_railing,attr_has_pedestrian_railing,data/processed/train/attr_has_pedestrian_railing_train.csv,data/features/dinov3_vitb16_remaining_attributes_assets.csv,classification,dinov3_frozen_embeddings_random_forest,random_forest,StratifiedGroupKFold,2,5,94347,No railings,No railings,True
attr_has_pedestrian_railing,attr_has_pedestrian_railing,data/processed/train/attr_has_pedestrian_railing_train.csv,data/features/dinov3_vitb16_remaining_attributes_assets.csv,classification,dinov3_frozen_embeddings_random_forest,random_forest,StratifiedGroupKFold,2,5,94352,No railings,No railings,True
attr_has_pedestrian_railing,attr_has_pedestrian_railing,data/processed/train/attr_has_pedestrian_railing_train.csv,data/features/dinov3_vitb16_remaining_attributes_assets.csv,classification,dinov3_frozen_embeddings_random_forest,random_forest,StratifiedGroupKFold,2,5,94358,No railings,No railings,True
attr_has_pedestrian_railing,attr_has_pedestrian_railing,data/processed/train/attr_has_pedestrian_railing_train.csv,data/features/dinov3_vitb16_remaining_attributes_assets.csv,classification,dinov3_frozen_embeddings_random_forest,random_forest,StratifiedGroupKFold,2,5,94374,No railings,No railings,True
attr_has_pedestrian_railing,attr_has_pedestrian_railing,data/processed/train/attr_has_pedestrian_railing_train.csv,data/features/dinov3_vitb16_remaining_attributes_assets.csv,classification,dinov3_frozen_embeddings_random_forest,random_forest,StratifiedGroupKFold,2,5,94381,No railings,No railings,True
attr_has_pedestrian_railing,attr_has_pedestrian_railing,data/processed/train/attr_has_pedestrian_railing_train.csv,data/features/dinov3_vitb16_remaining_attributes_assets.csv,classification,dinov3_frozen_embeddings_random_forest,random_forest,StratifiedGroupKFold,2,5,94390,No railings,No railings,True
attr_has_pedestrian_railing,attr_has_pedestrian_railing,data/processed/train/attr_has_pedestrian_railing_train.csv,data/features/dinov3_vitb16_remaining_attributes_assets.csv,classification,dinov3_frozen_embeddings_random_forest,random_forest,StratifiedGroupKFold,2,5,94395,No railings,No railings,True
attr_has_pedestrian_railing,attr_has_pedestrian_railing,data/processed/train/attr_has_pedestrian_railing_train.csv,data/features/dinov3_vitb16_remaining_attributes_assets.csv,classification,dinov3_frozen_embeddings_random_forest,random_forest,StratifiedGroupKFold,2,5,94409,No railings,No railings,True
attr_has_pedestrian_railing,attr_has_pedestrian_railing,data/processed/train/attr_has_pedestrian_railing_train.csv,data/features/dinov3_vitb16_remaining_attributes_assets.csv,classification,dinov3_frozen_embeddings_random_forest,random_forest,StratifiedGroupKFold,2,5,94423,No railings,No railings,True
attr_has_pedestrian_railing,attr_has_pedestrian_railing,data/processed/train/attr_has_pedestrian_railing_train.csv,data/features/dinov3_vitb16_remaining_attributes_assets.csv,classification,dinov3_frozen_embeddings_random_forest,random_forest,StratifiedGroupKFold,2,5,94425,No railings,No railings,True
attr_has_pedestrian_railing,attr_has_pedestrian_railing,data/processed/train/attr_has_pedestrian_railing_train.csv,data/features/dinov3_vitb16_remaining_attributes_assets.csv,classification,dinov3_frozen_embeddings_random_forest,random_forest,StratifiedGroupKFold,2,5,94486,No railings,No railings,True
attr_has_pedestrian_railing,attr_has_pedestrian_railing,data/processed/train/attr_has_pedestrian_railing_train.csv,data/features/dinov3_vitb16_remaining_attributes_assets.csv,classification,dinov3_frozen_embeddings_random_forest,random_forest,StratifiedGroupKFold,2,5,94487,No railings,No railings,True
attr_has_pedestrian_railing,attr_has_pedestrian_railing,data/processed/train/attr_has_pedestrian_railing_train.csv,data/features/dinov3_vitb16_remaining_attributes_assets.csv,classification,dinov3_frozen_embeddings_random_forest,random_forest,StratifiedGroupKFold,2,5,95950,No railings,No railings,True
attr_has_pedestrian_railing,attr_has_pedestrian_railing,data/processed/train/attr_has_pedestrian_railing_train.csv,data/features/dinov3_vitb16_remaining_attributes_assets.csv,classification,dinov3_frozen_embeddings_random_forest,random_forest,StratifiedGroupKFold,2,5,96332,No railings,No railings,True
attr_has_pedestrian_railing,attr_has_pedestrian_railing,data/processed/train/attr_has_pedestrian_railing_train.csv,data/features/dinov3_vitb16_remaining_attributes_assets.csv,classification,dinov3_frozen_embeddings_random_forest,random_forest,StratifiedGroupKFold,2,5,102362,No railings,No railings,True
attr_has_pedestrian_railing,attr_has_pedestrian_railing,data/processed/train/attr_has_pedestrian_railing_train.csv,data/features/dinov3_vitb16_remaining_attributes_assets.csv,classification,dinov3_frozen_embeddings_random_forest,random_forest,StratifiedGroupKFold,2,5,102364,No railings,No railings,True
attr_has_pedestrian_railing,attr_has_pedestrian_railing,data/processed/train/attr_has_pedestrian_railing_train.csv,data/features/dinov3_vitb16_remaining_attributes_assets.csv,classification,dinov3_frozen_embeddings_random_forest,random_forest,StratifiedGroupKFold,2,5,102424,No railings,No railings,True
attr_has_pedestrian_railing,attr_has_pedestrian_railing,data/processed/train/attr_has_pedestrian_railing_train.csv,data/features/dinov3_vitb16_remaining_attributes_assets.csv,classification,dinov3_frozen_embeddings_random_forest,random_forest,StratifiedGroupKFold,2,5,102974,No railings,No railings,True
attr_has_pedestrian_railing,attr_has_pedestrian_railing,data/processed/train/attr_has_pedestrian_railing_train.csv,data/features/dinov3_vitb16_remaining_attributes_assets.csv,classification,dinov3_frozen_embeddings_random_forest,random_forest,StratifiedGroupKFold,2,5,103712,No railings,No railings,True
attr_has_pedestrian_railing,attr_has_pedestrian_railing,data/processed/train/attr_has_pedestrian_railing_train.csv,data/features/dinov3_vitb16_remaining_attributes_assets.csv,classification,dinov3_frozen_embeddings_random_forest,random_forest,StratifiedGroupKFold,2,5,103740,No railings,No railings,True
attr_has_pedestrian_railing,attr_has_pedestrian_railing,data/processed/train/attr_has_pedestrian_railing_train.csv,data/features/dinov3_vitb16_remaining_attributes_assets.csv,classification,dinov3_frozen_embeddings_random_forest,random_forest,StratifiedGroupKFold,2,5,103752,No railings,No railings,True
attr_has_pedestrian_railing,attr_has_pedestrian_railing,data/processed/train/attr_has_pedestrian_railing_train.csv,data/features/dinov3_vitb16_remaining_attributes_assets.csv,classification,dinov3_frozen_embeddings_random_forest,random_forest,StratifiedGroupKFold,2,5,104081,No railings,No railings,True
attr_has_pedestrian_railing,attr_has_pedestrian_railing,data/processed/train/attr_has_pedestrian_railing_train.csv,data/features/dinov3_vitb16_remaining_attributes_assets.csv,classification,dinov3_frozen_embeddings_random_forest,random_forest,StratifiedGroupKFold,2,5,105274,No railings,No railings,True
attr_has_pedestrian_railing,attr_has_pedestrian_railing,data/processed/train/attr_has_pedestrian_railing_train.csv,data/features/dinov3_vitb16_remaining_attributes_assets.csv,classification,dinov3_frozen_embeddings_random_forest,random_forest,StratifiedGroupKFold,2,5,106401,No railings,No railings,True
attr_has_pedestrian_railing,attr_has_pedestrian_railing,data/processed/train/attr_has_pedestrian_railing_train.csv,data/features/dinov3_vitb16_remaining_attributes_assets.csv,classification,dinov3_frozen_embeddings_random_forest,random_forest,StratifiedGroupKFold,2,5,107320,No railings,No railings,True
attr_has_pedestrian_railing,attr_has_pedestrian_railing,data/processed/train/attr_has_pedestrian_railing_train.csv,data/features/dinov3_vitb16_remaining_attributes_assets.csv,classification,dinov3_frozen_embeddings_random_forest,random_forest,StratifiedGroupKFold,2,5,107363,No railings,No railings,True
attr_has_pedestrian_railing,attr_has_pedestrian_railing,data/processed/train/attr_has_pedestrian_railing_train.csv,data/features/dinov3_vitb16_remaining_attributes_assets.csv,classification,dinov3_frozen_embeddings_random_forest,random_forest,StratifiedGroupKFold,2,5,107587,No railings,No railings,True
attr_has_pedestrian_railing,attr_has_pedestrian_railing,data/processed/train/attr_has_pedestrian_railing_train.csv,data/features/dinov3_vitb16_remaining_attributes_assets.csv,classification,dinov3_frozen_embeddings_random_forest,random_forest,StratifiedGroupKFold,2,5,107591,No railings,No railings,True
attr_has_pedestrian_railing,attr_has_pedestrian_railing,data/processed/train/attr_has_pedestrian_railing_train.csv,data/features/dinov3_vitb16_remaining_attributes_assets.csv,classification,dinov3_frozen_embeddings_random_forest,random_forest,StratifiedGroupKFold,2,5,107867,No railings,No railings,True
attr_has_pedestrian_railing,attr_has_pedestrian_railing,data/processed/train/attr_has_pedestrian_railing_train.csv,data/features/dinov3_vitb16_remaining_attributes_assets.csv,classification,dinov3_frozen_embeddings_random_forest,random_forest,StratifiedGroupKFold,2,5,107888,No railings,No railings,True
attr_has_pedestrian_railing,attr_has_pedestrian_railing,data/processed/train/attr_has_pedestrian_railing_train.csv,data/features/dinov3_vitb16_remaining_attributes_assets.csv,classification,dinov3_frozen_embeddings_random_forest,random_forest,StratifiedGroupKFold,2,5,107900,No railings,No railings,True
attr_has_pedestrian_railing,attr_has_pedestrian_railing,data/processed/train/attr_has_pedestrian_railing_train.csv,data/features/dinov3_vitb16_remaining_attributes_assets.csv,classification,dinov3_frozen_embeddings_random_forest,random_forest,StratifiedGroupKFold,2,5,107966,No railings,No railings,True
attr_has_pedestrian_railing,attr_has_pedestrian_railing,data/processed/train/attr_has_pedestrian_railing_train.csv,data/features/dinov3_vitb16_remaining_attributes_assets.csv,classification,dinov3_frozen_embeddings_random_forest,random_forest,StratifiedGroupKFold,2,5,107980,No railings,No railings,True
attr_has_pedestrian_railing,attr_has_pedestrian_railing,data/processed/train/attr_has_pedestrian_railing_train.csv,data/features/dinov3_vitb16_remaining_attributes_assets.csv,classification,dinov3_frozen_embeddings_random_forest,random_forest,StratifiedGroupKFold,2,5,108001,No railings,No railings,True
attr_has_pedestrian_railing,attr_has_pedestrian_railing,data/processed/train/attr_has_pedestrian_railing_train.csv,data/features/dinov3_vitb16_remaining_attributes_assets.csv,classification,dinov3_frozen_embeddings_random_forest,random_forest,StratifiedGroupKFold,2,5,108327,No railings,No railings,True
attr_has_pedestrian_railing,attr_has_pedestrian_railing,data/processed/train/attr_has_pedestrian_railing_train.csv,data/features/dinov3_vitb16_remaining_attributes_assets.csv,classification,dinov3_frozen_embeddings_random_forest,random_forest,StratifiedGroupKFold,2,5,108345,No railings,No railings,True
attr_has_pedestrian_railing,attr_has_pedestrian_railing,data/processed/train/attr_has_pedestrian_railing_train.csv,data/features/dinov3_vitb16_remaining_attributes_assets.csv,classification,dinov3_frozen_embeddings_random_forest,random_forest,StratifiedGroupKFold,2,5,108358,No railings,No railings,True
attr_has_pedestrian_railing,attr_has_pedestrian_railing,data/processed/train/attr_has_pedestrian_railing_train.csv,data/features/dinov3_vitb16_remaining_attributes_assets.csv,classification,dinov3_frozen_embeddings_random_forest,random_forest,StratifiedGroupKFold,2,5,108373,No railings,No railings,True
attr_has_pedestrian_railing,attr_has_pedestrian_railing,data/processed/train/attr_has_pedestrian_railing_train.csv,data/features/dinov3_vitb16_remaining_attributes_assets.csv,classification,dinov3_frozen_embeddings_random_forest,random_forest,StratifiedGroupKFold,2,5,108656,No railings,No railings,True
attr_has_pedestrian_railing,attr_has_pedestrian_railing,data/processed/train/attr_has_pedestrian_railing_train.csv,data/features/dinov3_vitb16_remaining_attributes_assets.csv,classification,dinov3_frozen_embeddings_random_forest,random_forest,StratifiedGroupKFold,2,5,108661,No railings,No railings,True
attr_has_pedestrian_railing,attr_has_pedestrian_railing,data/processed/train/attr_has_pedestrian_railing_train.csv,data/features/dinov3_vitb16_remaining_attributes_assets.csv,classification,dinov3_frozen_embeddings_random_forest,random_forest,StratifiedGroupKFold,2,5,108708,No railings,No railings,True
attr_has_pedestrian_railing,attr_has_pedestrian_railing,data/processed/train/attr_has_pedestrian_railing_train.csv,data/features/dinov3_vitb16_remaining_attributes_assets.csv,classification,dinov3_frozen_embeddings_random_forest,random_forest,StratifiedGroupKFold,2,5,108712,No railings,No railings,True
attr_has_pedestrian_railing,attr_has_pedestrian_railing,data/processed/train/attr_has_pedestrian_railing_train.csv,data/features/dinov3_vitb16_remaining_attributes_assets.csv,classification,dinov3_frozen_embeddings_random_forest,random_forest,StratifiedGroupKFold,2,5,108713,No railings,No railings,True
attr_has_pedestrian_railing,attr_has_pedestrian_railing,data/processed/train/attr_has_pedestrian_railing_train.csv,data/features/dinov3_vitb16_remaining_attributes_assets.csv,classification,dinov3_frozen_embeddings_random_forest,random_forest,StratifiedGroupKFold,2,5,108727,No railings,No railings,True
attr_has_pedestrian_railing,attr_has_pedestrian_railing,data/processed/train/attr_has_pedestrian_railing_train.csv,data/features/dinov3_vitb16_remaining_attributes_assets.csv,classification,dinov3_frozen_embeddings_random_forest,random_forest,StratifiedGroupKFold,2,5,108735,No railings,No railings,True
attr_has_pedestrian_railing,attr_has_pedestrian_railing,data/processed/train/attr_has_pedestrian_railing_train.csv,data/features/dinov3_vitb16_remaining_attributes_assets.csv,classification,dinov3_frozen_embeddings_random_forest,random_forest,StratifiedGroupKFold,2,5,108792,No railings,No railings,True
attr_has_pedestrian_railing,attr_has_pedestrian_railing,data/processed/train/attr_has_pedestrian_railing_train.csv,data/features/dinov3_vitb16_remaining_attributes_assets.csv,classification,dinov3_frozen_embeddings_random_forest,random_forest,StratifiedGroupKFold,2,5,108794,No railings,No railings,True
attr_has_pedestrian_railing,attr_has_pedestrian_railing,data/processed/train/attr_has_pedestrian_railing_train.csv,data/features/dinov3_vitb16_remaining_attributes_assets.csv,classification,dinov3_frozen_embeddings_random_forest,random_forest,StratifiedGroupKFold,2,5,109609,No railings,No railings,True
attr_has_pedestrian_railing,attr_has_pedestrian_railing,data/processed/train/attr_has_pedestrian_railing_train.csv,data/features/dinov3_vitb16_remaining_attributes_assets.csv,classification,dinov3_frozen_embeddings_random_forest,random_forest,StratifiedGroupKFold,2,5,109614,No railings,No railings,True
attr_has_pedestrian_railing,attr_has_pedestrian_railing,data/processed/train/attr_has_pedestrian_railing_train.csv,data/features/dinov3_vitb16_remaining_attributes_assets.csv,classification,dinov3_frozen_embeddings_random_forest,random_forest,StratifiedGroupKFold,2,5,109617,No railings,No railings,True
attr_has_pedestrian_railing,attr_has_pedestrian_railing,data/processed/train/attr_has_pedestrian_railing_train.csv,data/features/dinov3_vitb16_remaining_attributes_assets.csv,classification,dinov3_frozen_embeddings_random_forest,random_forest,StratifiedGroupKFold,2,5,109698,No railings,No railings,True
attr_has_pedestrian_railing,attr_has_pedestrian_railing,data/processed/train/attr_has_pedestrian_railing_train.csv,data/features/dinov3_vitb16_remaining_attributes_assets.csv,classification,dinov3_frozen_embeddings_random_forest,random_forest,StratifiedGroupKFold,2,5,110268,No railings,No railings,True
attr_has_pedestrian_railing,attr_has_pedestrian_railing,data/processed/train/attr_has_pedestrian_railing_train.csv,data/features/dinov3_vitb16_remaining_attributes_assets.csv,classification,dinov3_frozen_embeddings_random_forest,random_forest,StratifiedGroupKFold,2,5,110280,No railings,No railings,True
attr_has_pedestrian_railing,attr_has_pedestrian_railing,data/processed/train/attr_has_pedestrian_railing_train.csv,data/features/dinov3_vitb16_remaining_attributes_assets.csv,classification,dinov3_frozen_embeddings_random_forest,random_forest,StratifiedGroupKFold,2,5,110282,No railings,No railings,True
attr_has_pedestrian_railing,attr_has_pedestrian_railing,data/processed/train/attr_has_pedestrian_railing_train.csv,data/features/dinov3_vitb16_remaining_attributes_assets.csv,classification,dinov3_frozen_embeddings_random_forest,random_forest,StratifiedGroupKFold,2,5,110285,No railings,No railings,True
attr_has_pedestrian_railing,attr_has_pedestrian_railing,data/processed/train/attr_has_pedestrian_railing_train.csv,data/features/dinov3_vitb16_remaining_attributes_assets.csv,classification,dinov3_frozen_embeddings_random_forest,random_forest,StratifiedGroupKFold,2,5,110301,No railings,No railings,True
attr_has_pedestrian_railing,attr_has_pedestrian_railing,data/processed/train/attr_has_pedestrian_railing_train.csv,data/features/dinov3_vitb16_remaining_attributes_assets.csv,classification,dinov3_frozen_embeddings_random_forest,random_forest,StratifiedGroupKFold,2,5,110563,No railings,No railings,True
attr_has_pedestrian_railing,attr_has_pedestrian_railing,data/processed/train/attr_has_pedestrian_railing_train.csv,data/features/dinov3_vitb16_remaining_attributes_assets.csv,classification,dinov3_frozen_embeddings_random_forest,random_forest,StratifiedGroupKFold,2,5,110580,No railings,No railings,True
attr_has_pedestrian_railing,attr_has_pedestrian_railing,data/processed/train/attr_has_pedestrian_railing_train.csv,data/features/dinov3_vitb16_remaining_attributes_assets.csv,classification,dinov3_frozen_embeddings_random_forest,random_forest,StratifiedGroupKFold,2,5,110583,No railings,No railings,True
attr_has_pedestrian_railing,attr_has_pedestrian_railing,data/processed/train/attr_has_pedestrian_railing_train.csv,data/features/dinov3_vitb16_remaining_attributes_assets.csv,classification,dinov3_frozen_embeddings_random_forest,random_forest,StratifiedGroupKFold,2,5,110835,No railings,No railings,True
attr_has_pedestrian_railing,attr_has_pedestrian_railing,data/processed/train/attr_has_pedestrian_railing_train.csv,data/features/dinov3_vitb16_remaining_attributes_assets.csv,classification,dinov3_frozen_embeddings_random_forest,random_forest,StratifiedGroupKFold,2,5,110966,No railings,No railings,True
attr_has_pedestrian_railing,attr_has_pedestrian_railing,data/processed/train/attr_has_pedestrian_railing_train.csv,data/features/dinov3_vitb16_remaining_attributes_assets.csv,classification,dinov3_frozen_embeddings_random_forest,random_forest,StratifiedGroupKFold,2,5,111642,No railings,No railings,True
attr_has_pedestrian_railing,attr_has_pedestrian_railing,data/processed/train/attr_has_pedestrian_railing_train.csv,data/features/dinov3_vitb16_remaining_attributes_assets.csv,classification,dinov3_frozen_embeddings_random_forest,random_forest,StratifiedGroupKFold,2,5,111666,No railings,No railings,True
attr_has_pedestrian_railing,attr_has_pedestrian_railing,data/processed/train/attr_has_pedestrian_railing_train.csv,data/features/dinov3_vitb16_remaining_attributes_assets.csv,classification,dinov3_frozen_embeddings_random_forest,random_forest,StratifiedGroupKFold,2,5,111733,No railings,No railings,True
attr_has_pedestrian_railing,attr_has_pedestrian_railing,data/processed/train/attr_has_pedestrian_railing_train.csv,data/features/dinov3_vitb16_remaining_attributes_assets.csv,classification,dinov3_frozen_embeddings_random_forest,random_forest,StratifiedGroupKFold,2,5,111777,No railings,No railings,True
attr_has_pedestrian_railing,attr_has_pedestrian_railing,data/processed/train/attr_has_pedestrian_railing_train.csv,data/features/dinov3_vitb16_remaining_attributes_assets.csv,classification,dinov3_frozen_embeddings_random_forest,random_forest,StratifiedGroupKFold,2,5,111779,No railings,No railings,True
attr_has_pedestrian_railing,attr_has_pedestrian_railing,data/processed/train/attr_has_pedestrian_railing_train.csv,data/features/dinov3_vitb16_remaining_attributes_assets.csv,classification,dinov3_frozen_embeddings_random_forest,random_forest,StratifiedGroupKFold,2,5,111788,No railings,No railings,True
attr_has_pedestrian_railing,attr_has_pedestrian_railing,data/processed/train/attr_has_pedestrian_railing_train.csv,data/features/dinov3_vitb16_remaining_attributes_assets.csv,classification,dinov3_frozen_embeddings_random_forest,random_forest,StratifiedGroupKFold,2,5,111789,No railings,No railings,True
attr_has_pedestrian_railing,attr_has_pedestrian_railing,data/processed/train/attr_has_pedestrian_railing_train.csv,data/features/dinov3_vitb16_remaining_attributes_assets.csv,classification,dinov3_frozen_embeddings_random_forest,random_forest,StratifiedGroupKFold,2,5,111810,No railings,No railings,True
attr_has_pedestrian_railing,attr_has_pedestrian_railing,data/processed/train/attr_has_pedestrian_railing_train.csv,data/features/dinov3_vitb16_remaining_attributes_assets.csv,classification,dinov3_frozen_embeddings_random_forest,random_forest,StratifiedGroupKFold,2,5,111817,No railings,No railings,True
attr_has_pedestrian_railing,attr_has_pedestrian_railing,data/processed/train/attr_has_pedestrian_railing_train.csv,data/features/dinov3_vitb16_remaining_attributes_assets.csv,classification,dinov3_frozen_embeddings_random_forest,random_forest,StratifiedGroupKFold,2,5,111832,No railings,No railings,True
attr_has_pedestrian_railing,attr_has_pedestrian_railing,data/processed/train/attr_has_pedestrian_railing_train.csv,data/features/dinov3_vitb16_remaining_attributes_assets.csv,classification,dinov3_frozen_embeddings_random_forest,random_forest,StratifiedGroupKFold,2,5,112034,No railings,No railings,True
attr_has_pedestrian_railing,attr_has_pedestrian_railing,data/processed/train/attr_has_pedestrian_railing_train.csv,data/features/dinov3_vitb16_remaining_attributes_assets.csv,classification,dinov3_frozen_embeddings_random_forest,random_forest,StratifiedGroupKFold,2,5,112580,No railings,No railings,True
attr_has_pedestrian_railing,attr_has_pedestrian_railing,data/processed/train/attr_has_pedestrian_railing_train.csv,data/features/dinov3_vitb16_remaining_attributes_assets.csv,classification,dinov3_frozen_embeddings_random_forest,random_forest,StratifiedGroupKFold,2,5,112581,No railings,No railings,True
attr_has_pedestrian_railing,attr_has_pedestrian_railing,data/processed/train/attr_has_pedestrian_railing_train.csv,data/features/dinov3_vitb16_remaining_attributes_assets.csv,classification,dinov3_frozen_embeddings_random_forest,random_forest,StratifiedGroupKFold,2,5,112582,No railings,No railings,True
attr_has_pedestrian_railing,attr_has_pedestrian_railing,data/processed/train/attr_has_pedestrian_railing_train.csv,data/features/dinov3_vitb16_remaining_attributes_assets.csv,classification,dinov3_frozen_embeddings_random_forest,random_forest,StratifiedGroupKFold,2,5,112587,No railings,No railings,True
attr_has_pedestrian_railing,attr_has_pedestrian_railing,data/processed/train/attr_has_pedestrian_railing_train.csv,data/features/dinov3_vitb16_remaining_attributes_assets.csv,classification,dinov3_frozen_embeddings_random_forest,random_forest,StratifiedGroupKFold,2,5,113167,No railings,No railings,True
attr_has_pedestrian_railing,attr_has_pedestrian_railing,data/processed/train/attr_has_pedestrian_railing_train.csv,data/features/dinov3_vitb16_remaining_attributes_assets.csv,classification,dinov3_frozen_embeddings_random_forest,random_forest,StratifiedGroupKFold,2,5,114958,No railings,No railings,True
attr_has_pedestrian_railing,attr_has_pedestrian_railing,data/processed/train/attr_has_pedestrian_railing_train.csv,data/features/dinov3_vitb16_remaining_attributes_assets.csv,classification,dinov3_frozen_embeddings_random_forest,random_forest,StratifiedGroupKFold,2,5,115449,No railings,No railings,True
attr_has_pedestrian_railing,attr_has_pedestrian_railing,data/processed/train/attr_has_pedestrian_railing_train.csv,data/features/dinov3_vitb16_remaining_attributes_assets.csv,classification,dinov3_frozen_embeddings_random_forest,random_forest,StratifiedGroupKFold,2,5,116203,No railings,No railings,True
attr_has_pedestrian_railing,attr_has_pedestrian_railing,data/processed/train/attr_has_pedestrian_railing_train.csv,data/features/dinov3_vitb16_remaining_attributes_assets.csv,classification,dinov3_frozen_embeddings_random_forest,random_forest,StratifiedGroupKFold,2,5,116634,No railings,No railings,True
attr_has_pedestrian_railing,attr_has_pedestrian_railing,data/processed/train/attr_has_pedestrian_railing_train.csv,data/features/dinov3_vitb16_remaining_attributes_assets.csv,classification,dinov3_frozen_embeddings_random_forest,random_forest,StratifiedGroupKFold,2,5,117199,No railings,No railings,True
attr_has_pedestrian_railing,attr_has_pedestrian_railing,data/processed/train/attr_has_pedestrian_railing_train.csv,data/features/dinov3_vitb16_remaining_attributes_assets.csv,classification,dinov3_frozen_embeddings_random_forest,random_forest,StratifiedGroupKFold,2,5,117210,No railings,No railings,True
attr_has_pedestrian_railing,attr_has_pedestrian_railing,data/processed/train/attr_has_pedestrian_railing_train.csv,data/features/dinov3_vitb16_remaining_attributes_assets.csv,classification,dinov3_frozen_embeddings_random_forest,random_forest,StratifiedGroupKFold,2,5,117535,No railings,No railings,True
attr_has_pedestrian_railing,attr_has_pedestrian_railing,data/processed/train/attr_has_pedestrian_railing_train.csv,data/features/dinov3_vitb16_remaining_attributes_assets.csv,classification,dinov3_frozen_embeddings_random_forest,random_forest,StratifiedGroupKFold,2,5,117579,No railings,No railings,True
attr_has_pedestrian_railing,attr_has_pedestrian_railing,data/processed/train/attr_has_pedestrian_railing_train.csv,data/features/dinov3_vitb16_remaining_attributes_assets.csv,classification,dinov3_frozen_embeddings_random_forest,random_forest,StratifiedGroupKFold,2,5,118770,No railings,No railings,True
attr_has_pedestrian_railing,attr_has_pedestrian_railing,data/processed/train/attr_has_pedestrian_railing_train.csv,data/features/dinov3_vitb16_remaining_attributes_assets.csv,classification,dinov3_frozen_embeddings_random_forest,random_forest,StratifiedGroupKFold,2,5,120661,No railings,No railings,True
attr_has_pedestrian_railing,attr_has_pedestrian_railing,data/processed/train/attr_has_pedestrian_railing_train.csv,data/features/dinov3_vitb16_remaining_attributes_assets.csv,classification,dinov3_frozen_embeddings_random_forest,random_forest,StratifiedGroupKFold,2,5,120664,No railings,No railings,True
attr_has_pedestrian_railing,attr_has_pedestrian_railing,data/processed/train/attr_has_pedestrian_railing_train.csv,data/features/dinov3_vitb16_remaining_attributes_assets.csv,classification,dinov3_frozen_embeddings_random_forest,random_forest,StratifiedGroupKFold,2,5,120665,No railings,No railings,True
attr_has_pedestrian_railing,attr_has_pedestrian_railing,data/processed/train/attr_has_pedestrian_railing_train.csv,data/features/dinov3_vitb16_remaining_attributes_assets.csv,classification,dinov3_frozen_embeddings_random_forest,random_forest,StratifiedGroupKFold,2,5,120676,No railings,No railings,True
attr_has_pedestrian_railing,attr_has_pedestrian_railing,data/processed/train/attr_has_pedestrian_railing_train.csv,data/features/dinov3_vitb16_remaining_attributes_assets.csv,classification,dinov3_frozen_embeddings_random_forest,random_forest,StratifiedGroupKFold,2,5,120679,No railings,No railings,True
attr_has_pedestrian_railing,attr_has_pedestrian_railing,data/processed/train/attr_has_pedestrian_railing_train.csv,data/features/dinov3_vitb16_remaining_attributes_assets.csv,classification,dinov3_frozen_embeddings_random_forest,random_forest,StratifiedGroupKFold,2,5,120732,No railings,No railings,True
attr_has_pedestrian_railing,attr_has_pedestrian_railing,data/processed/train/attr_has_pedestrian_railing_train.csv,data/features/dinov3_vitb16_remaining_attributes_assets.csv,classification,dinov3_frozen_embeddings_random_forest,random_forest,StratifiedGroupKFold,2,5,120908,No railings,No railings,True
attr_has_pedestrian_railing,attr_has_pedestrian_railing,data/processed/train/attr_has_pedestrian_railing_train.csv,data/features/dinov3_vitb16_remaining_attributes_assets.csv,classification,dinov3_frozen_embeddings_random_forest,random_forest,StratifiedGroupKFold,2,5,121003,No railings,No railings,True
attr_has_pedestrian_railing,attr_has_pedestrian_railing,data/processed/train/attr_has_pedestrian_railing_train.csv,data/features/dinov3_vitb16_remaining_attributes_assets.csv,classification,dinov3_frozen_embeddings_random_forest,random_forest,StratifiedGroupKFold,2,5,121015,No railings,No railings,True
attr_has_pedestrian_railing,attr_has_pedestrian_railing,data/processed/train/attr_has_pedestrian_railing_train.csv,data/features/dinov3_vitb16_remaining_attributes_assets.csv,classification,dinov3_frozen_embeddings_random_forest,random_forest,StratifiedGroupKFold,2,5,121575,No railings,No railings,True
attr_has_pedestrian_railing,attr_has_pedestrian_railing,data/processed/train/attr_has_pedestrian_railing_train.csv,data/features/dinov3_vitb16_remaining_attributes_assets.csv,classification,dinov3_frozen_embeddings_random_forest,random_forest,StratifiedGroupKFold,2,5,121578,No railings,No railings,True
attr_has_pedestrian_railing,attr_has_pedestrian_railing,data/processed/train/attr_has_pedestrian_railing_train.csv,data/features/dinov3_vitb16_remaining_attributes_assets.csv,classification,dinov3_frozen_embeddings_random_forest,random_forest,StratifiedGroupKFold,2,5,121581,No railings,No railings,True
attr_has_pedestrian_railing,attr_has_pedestrian_railing,data/processed/train/attr_has_pedestrian_railing_train.csv,data/features/dinov3_vitb16_remaining_attributes_assets.csv,classification,dinov3_frozen_embeddings_random_forest,random_forest,StratifiedGroupKFold,2,5,121598,No railings,No railings,True
attr_has_pedestrian_railing,attr_has_pedestrian_railing,data/processed/train/attr_has_pedestrian_railing_train.csv,data/features/dinov3_vitb16_remaining_attributes_assets.csv,classification,dinov3_frozen_embeddings_random_forest,random_forest,StratifiedGroupKFold,2,5,121737,No railings,No railings,True
attr_has_pedestrian_railing,attr_has_pedestrian_railing,data/processed/train/attr_has_pedestrian_railing_train.csv,data/features/dinov3_vitb16_remaining_attributes_assets.csv,classification,dinov3_frozen_embeddings_random_forest,random_forest,StratifiedGroupKFold,2,5,121739,No railings,No railings,True
attr_has_pedestrian_railing,attr_has_pedestrian_railing,data/processed/train/attr_has_pedestrian_railing_train.csv,data/features/dinov3_vitb16_remaining_attributes_assets.csv,classification,dinov3_frozen_embeddings_random_forest,random_forest,StratifiedGroupKFold,2,5,121776,No railings,No railings,True
attr_has_pedestrian_railing,attr_has_pedestrian_railing,data/processed/train/attr_has_pedestrian_railing_train.csv,data/features/dinov3_vitb16_remaining_attributes_assets.csv,classification,dinov3_frozen_embeddings_random_forest,random_forest,StratifiedGroupKFold,2,5,121779,No railings,No railings,True
attr_has_pedestrian_railing,attr_has_pedestrian_railing,data/processed/train/attr_has_pedestrian_railing_train.csv,data/features/dinov3_vitb16_remaining_attributes_assets.csv,classification,dinov3_frozen_embeddings_random_forest,random_forest,StratifiedGroupKFold,2,5,122434,No railings,No railings,True
attr_has_pedestrian_railing,attr_has_pedestrian_railing,data/processed/train/attr_has_pedestrian_railing_train.csv,data/features/dinov3_vitb16_remaining_attributes_assets.csv,classification,dinov3_frozen_embeddings_random_forest,random_forest,StratifiedGroupKFold,2,5,122436,No railings,No railings,True
attr_has_pedestrian_railing,attr_has_pedestrian_railing,data/processed/train/attr_has_pedestrian_railing_train.csv,data/features/dinov3_vitb16_remaining_attributes_assets.csv,classification,dinov3_frozen_embeddings_random_forest,random_forest,StratifiedGroupKFold,2,5,122976,No railings,No railings,True
attr_has_pedestrian_railing,attr_has_pedestrian_railing,data/processed/train/attr_has_pedestrian_railing_train.csv,data/features/dinov3_vitb16_remaining_attributes_assets.csv,classification,dinov3_frozen_embeddings_random_forest,random_forest,StratifiedGroupKFold,2,5,123154,No railings,No railings,True
attr_has_pedestrian_railing,attr_has_pedestrian_railing,data/processed/train/attr_has_pedestrian_railing_train.csv,data/features/dinov3_vitb16_remaining_attributes_assets.csv,classification,dinov3_frozen_embeddings_random_forest,random_forest,StratifiedGroupKFold,2,5,123414,No railings,No railings,True
attr_has_pedestrian_railing,attr_has_pedestrian_railing,data/processed/train/attr_has_pedestrian_railing_train.csv,data/features/dinov3_vitb16_remaining_attributes_assets.csv,classification,dinov3_frozen_embeddings_random_forest,random_forest,StratifiedGroupKFold,2,5,123417,No railings,No railings,True
attr_has_pedestrian_railing,attr_has_pedestrian_railing,data/processed/train/attr_has_pedestrian_railing_train.csv,data/features/dinov3_vitb16_remaining_attributes_assets.csv,classification,dinov3_frozen_embeddings_random_forest,random_forest,StratifiedGroupKFold,2,5,123473,No railings,No railings,True
attr_has_pedestrian_railing,attr_has_pedestrian_railing,data/processed/train/attr_has_pedestrian_railing_train.csv,data/features/dinov3_vitb16_remaining_attributes_assets.csv,classification,dinov3_frozen_embeddings_random_forest,random_forest,StratifiedGroupKFold,2,5,123601,No railings,No railings,True
attr_has_pedestrian_railing,attr_has_pedestrian_railing,data/processed/train/attr_has_pedestrian_railing_train.csv,data/features/dinov3_vitb16_remaining_attributes_assets.csv,classification,dinov3_frozen_embeddings_random_forest,random_forest,StratifiedGroupKFold,2,5,123607,No railings,No railings,True
attr_has_pedestrian_railing,attr_has_pedestrian_railing,data/processed/train/attr_has_pedestrian_railing_train.csv,data/features/dinov3_vitb16_remaining_attributes_assets.csv,classification,dinov3_frozen_embeddings_random_forest,random_forest,StratifiedGroupKFold,2,5,123608,No railings,No railings,True
attr_has_pedestrian_railing,attr_has_pedestrian_railing,data/processed/train/attr_has_pedestrian_railing_train.csv,data/features/dinov3_vitb16_remaining_attributes_assets.csv,classification,dinov3_frozen_embeddings_random_forest,random_forest,StratifiedGroupKFold,2,5,123786,No railings,No railings,True
attr_has_pedestrian_railing,attr_has_pedestrian_railing,data/processed/train/attr_has_pedestrian_railing_train.csv,data/features/dinov3_vitb16_remaining_attributes_assets.csv,classification,dinov3_frozen_embeddings_random_forest,random_forest,StratifiedGroupKFold,2,5,125629,No railings,No railings,True
attr_has_pedestrian_railing,attr_has_pedestrian_railing,data/processed/train/attr_has_pedestrian_railing_train.csv,data/features/dinov3_vitb16_remaining_attributes_assets.csv,classification,dinov3_frozen_embeddings_random_forest,random_forest,StratifiedGroupKFold,2,5,126408,No railings,No railings,True
attr_has_pedestrian_railing,attr_has_pedestrian_railing,data/processed/train/attr_has_pedestrian_railing_train.csv,data/features/dinov3_vitb16_remaining_attributes_assets.csv,classification,dinov3_frozen_embeddings_random_forest,random_forest,StratifiedGroupKFold,2,5,126690,No railings,No railings,True
attr_has_pedestrian_railing,attr_has_pedestrian_railing,data/processed/train/attr_has_pedestrian_railing_train.csv,data/features/dinov3_vitb16_remaining_attributes_assets.csv,classification,dinov3_frozen_embeddings_random_forest,random_forest,StratifiedGroupKFold,2,5,126800,No railings,No railings,True
attr_has_pedestrian_railing,attr_has_pedestrian_railing,data/processed/train/attr_has_pedestrian_railing_train.csv,data/features/dinov3_vitb16_remaining_attributes_assets.csv,classification,dinov3_frozen_embeddings_random_forest,random_forest,StratifiedGroupKFold,2,5,126805,No railings,No railings,True
attr_has_pedestrian_railing,attr_has_pedestrian_railing,data/processed/train/attr_has_pedestrian_railing_train.csv,data/features/dinov3_vitb16_remaining_attributes_assets.csv,classification,dinov3_frozen_embeddings_random_forest,random_forest,StratifiedGroupKFold,2,5,126833,No railings,No railings,True
attr_has_pedestrian_railing,attr_has_pedestrian_railing,data/processed/train/attr_has_pedestrian_railing_train.csv,data/features/dinov3_vitb16_remaining_attributes_assets.csv,classification,dinov3_frozen_embeddings_random_forest,random_forest,StratifiedGroupKFold,2,5,126837,No railings,No railings,True
attr_has_pedestrian_railing,attr_has_pedestrian_railing,data/processed/train/attr_has_pedestrian_railing_train.csv,data/features/dinov3_vitb16_remaining_attributes_assets.csv,classification,dinov3_frozen_embeddings_random_forest,random_forest,StratifiedGroupKFold,2,5,127142,No railings,No railings,True
attr_has_pedestrian_railing,attr_has_pedestrian_railing,data/processed/train/attr_has_pedestrian_railing_train.csv,data/features/dinov3_vitb16_remaining_attributes_assets.csv,classification,dinov3_frozen_embeddings_random_forest,random_forest,StratifiedGroupKFold,2,5,127242,No railings,No railings,True
attr_has_pedestrian_railing,attr_has_pedestrian_railing,data/processed/train/attr_has_pedestrian_railing_train.csv,data/features/dinov3_vitb16_remaining_attributes_assets.csv,classification,dinov3_frozen_embeddings_random_forest,random_forest,StratifiedGroupKFold,2,5,127385,No railings,No railings,True
attr_has_pedestrian_railing,attr_has_pedestrian_railing,data/processed/train/attr_has_pedestrian_railing_train.csv,data/features/dinov3_vitb16_remaining_attributes_assets.csv,classification,dinov3_frozen_embeddings_random_forest,random_forest,StratifiedGroupKFold,2,5,127459,No railings,No railings,True
attr_has_pedestrian_railing,attr_has_pedestrian_railing,data/processed/train/attr_has_pedestrian_railing_train.csv,data/features/dinov3_vitb16_remaining_attributes_assets.csv,classification,dinov3_frozen_embeddings_random_forest,random_forest,StratifiedGroupKFold,2,5,127507,No railings,No railings,True
attr_has_pedestrian_railing,attr_has_pedestrian_railing,data/processed/train/attr_has_pedestrian_railing_train.csv,data/features/dinov3_vitb16_remaining_attributes_assets.csv,classification,dinov3_frozen_embeddings_random_forest,random_forest,StratifiedGroupKFold,2,5,127653,No railings,No railings,True
attr_has_pedestrian_railing,attr_has_pedestrian_railing,data/processed/train/attr_has_pedestrian_railing_train.csv,data/features/dinov3_vitb16_remaining_attributes_assets.csv,classification,dinov3_frozen_embeddings_random_forest,random_forest,StratifiedGroupKFold,2,5,129399,1 railing,No railings,False
attr_has_pedestrian_railing,attr_has_pedestrian_railing,data/processed/train/attr_has_pedestrian_railing_train.csv,data/features/dinov3_vitb16_remaining_attributes_assets.csv,classification,dinov3_frozen_embeddings_random_forest,random_forest,StratifiedGroupKFold,2,5,103626,No railings,No railings,True
attr_has_pedestrian_railing,attr_has_pedestrian_railing,data/processed/train/attr_has_pedestrian_railing_train.csv,data/features/dinov3_vitb16_remaining_attributes_assets.csv,classification,dinov3_frozen_embeddings_random_forest,random_forest,StratifiedGroupKFold,2,5,109181,No railings,No railings,True
attr_has_pedestrian_railing,attr_has_pedestrian_railing,data/processed/train/attr_has_pedestrian_railing_train.csv,data/features/dinov3_vitb16_remaining_attributes_assets.csv,classification,dinov3_frozen_embeddings_random_forest,random_forest,StratifiedGroupKFold,2,5,109189,No railings,No railings,True
attr_has_pedestrian_railing,attr_has_pedestrian_railing,data/processed/train/attr_has_pedestrian_railing_train.csv,data/features/dinov3_vitb16_remaining_attributes_assets.csv,classification,dinov3_frozen_embeddings_random_forest,random_forest,StratifiedGroupKFold,2,5,110256,No railings,No railings,True
attr_has_pedestrian_railing,attr_has_pedestrian_railing,data/processed/train/attr_has_pedestrian_railing_train.csv,data/features/dinov3_vitb16_remaining_attributes_assets.csv,classification,dinov3_frozen_embeddings_random_forest,random_forest,StratifiedGroupKFold,2,5,114054,No railings,No railings,True
attr_has_pedestrian_railing,attr_has_pedestrian_railing,data/processed/train/attr_has_pedestrian_railing_train.csv,data/features/dinov3_vitb16_remaining_attributes_assets.csv,classification,dinov3_frozen_embeddings_random_forest,random_forest,StratifiedGroupKFold,2,5,114182,No railings,No railings,True
attr_has_pedestrian_railing,attr_has_pedestrian_railing,data/processed/train/attr_has_pedestrian_railing_train.csv,data/features/dinov3_vitb16_remaining_attributes_assets.csv,classification,dinov3_frozen_embeddings_random_forest,random_forest,StratifiedGroupKFold,2,5,115446,No railings,No railings,True
attr_has_pedestrian_railing,attr_has_pedestrian_railing,data/processed/train/attr_has_pedestrian_railing_train.csv,data/features/dinov3_vitb16_remaining_attributes_assets.csv,classification,dinov3_frozen_embeddings_random_forest,random_forest,StratifiedGroupKFold,2,5,49702,1 railing,No railings,False
attr_has_pedestrian_railing,attr_has_pedestrian_railing,data/processed/train/attr_has_pedestrian_railing_train.csv,data/features/dinov3_vitb16_remaining_attributes_assets.csv,classification,dinov3_frozen_embeddings_random_forest,random_forest,StratifiedGroupKFold,2,5,49711,1 railing,No railings,False
attr_has_pedestrian_railing,attr_has_pedestrian_railing,data/processed/train/attr_has_pedestrian_railing_train.csv,data/features/dinov3_vitb16_remaining_attributes_assets.csv,classification,dinov3_frozen_embeddings_random_forest,random_forest,StratifiedGroupKFold,2,5,50723,No railings,No railings,True
attr_has_pedestrian_railing,attr_has_pedestrian_railing,data/processed/train/attr_has_pedestrian_railing_train.csv,data/features/dinov3_vitb16_remaining_attributes_assets.csv,classification,dinov3_frozen_embeddings_random_forest,random_forest,StratifiedGroupKFold,2,5,51458,No railings,No railings,True
attr_has_pedestrian_railing,attr_has_pedestrian_railing,data/processed/train/attr_has_pedestrian_railing_train.csv,data/features/dinov3_vitb16_remaining_attributes_assets.csv,classification,dinov3_frozen_embeddings_random_forest,random_forest,StratifiedGroupKFold,2,5,51805,No railings,No railings,True
attr_has_pedestrian_railing,attr_has_pedestrian_railing,data/processed/train/attr_has_pedestrian_railing_train.csv,data/features/dinov3_vitb16_remaining_attributes_assets.csv,classification,dinov3_frozen_embeddings_random_forest,random_forest,StratifiedGroupKFold,2,5,52248,2 railings,1 railing,False
attr_has_pedestrian_railing,attr_has_pedestrian_railing,data/processed/train/attr_has_pedestrian_railing_train.csv,data/features/dinov3_vitb16_remaining_attributes_assets.csv,classification,dinov3_frozen_embeddings_random_forest,random_forest,StratifiedGroupKFold,2,5,54208,1 railing,No railings,False
attr_has_pedestrian_railing,attr_has_pedestrian_railing,data/processed/train/attr_has_pedestrian_railing_train.csv,data/features/dinov3_vitb16_remaining_attributes_assets.csv,classification,dinov3_frozen_embeddings_random_forest,random_forest,StratifiedGroupKFold,2,5,55707,2 railings,2 railings,True
attr_has_pedestrian_railing,attr_has_pedestrian_railing,data/processed/train/attr_has_pedestrian_railing_train.csv,data/features/dinov3_vitb16_remaining_attributes_assets.csv,classification,dinov3_frozen_embeddings_random_forest,random_forest,StratifiedGroupKFold,2,5,58182,2 railings,No railings,False
attr_has_pedestrian_railing,attr_has_pedestrian_railing,data/processed/train/attr_has_pedestrian_railing_train.csv,data/features/dinov3_vitb16_remaining_attributes_assets.csv,classification,dinov3_frozen_embeddings_random_forest,random_forest,StratifiedGroupKFold,2,5,66055,2 railings,1 railing,False
attr_has_pedestrian_railing,attr_has_pedestrian_railing,data/processed/train/attr_has_pedestrian_railing_train.csv,data/features/dinov3_vitb16_remaining_attributes_assets.csv,classification,dinov3_frozen_embeddings_random_forest,random_forest,StratifiedGroupKFold,2,5,66243,No railings,No railings,True
attr_has_pedestrian_railing,attr_has_pedestrian_railing,data/processed/train/attr_has_pedestrian_railing_train.csv,data/features/dinov3_vitb16_remaining_attributes_assets.csv,classification,dinov3_frozen_embeddings_random_forest,random_forest,StratifiedGroupKFold,2,5,67210,No railings,No railings,True
attr_has_pedestrian_railing,attr_has_pedestrian_railing,data/processed/train/attr_has_pedestrian_railing_train.csv,data/features/dinov3_vitb16_remaining_attributes_assets.csv,classification,dinov3_frozen_embeddings_random_forest,random_forest,StratifiedGroupKFold,2,5,80436,No railings,No railings,True
attr_has_pedestrian_railing,attr_has_pedestrian_railing,data/processed/train/attr_has_pedestrian_railing_train.csv,data/features/dinov3_vitb16_remaining_attributes_assets.csv,classification,dinov3_frozen_embeddings_random_forest,random_forest,StratifiedGroupKFold,2,5,80438,No railings,No railings,True
attr_has_pedestrian_railing,attr_has_pedestrian_railing,data/processed/train/attr_has_pedestrian_railing_train.csv,data/features/dinov3_vitb16_remaining_attributes_assets.csv,classification,dinov3_frozen_embeddings_random_forest,random_forest,StratifiedGroupKFold,2,5,80458,No railings,No railings,True
attr_has_pedestrian_railing,attr_has_pedestrian_railing,data/processed/train/attr_has_pedestrian_railing_train.csv,data/features/dinov3_vitb16_remaining_attributes_assets.csv,classification,dinov3_frozen_embeddings_random_forest,random_forest,StratifiedGroupKFold,2,5,80641,No railings,No railings,True
attr_has_pedestrian_railing,attr_has_pedestrian_railing,data/processed/train/attr_has_pedestrian_railing_train.csv,data/features/dinov3_vitb16_remaining_attributes_assets.csv,classification,dinov3_frozen_embeddings_random_forest,random_forest,StratifiedGroupKFold,2,5,82555,1 railing,No railings,False
attr_has_pedestrian_railing,attr_has_pedestrian_railing,data/processed/train/attr_has_pedestrian_railing_train.csv,data/features/dinov3_vitb16_remaining_attributes_assets.csv,classification,dinov3_frozen_embeddings_random_forest,random_forest,StratifiedGroupKFold,2,5,82778,No railings,No railings,True
attr_has_pedestrian_railing,attr_has_pedestrian_railing,data/processed/train/attr_has_pedestrian_railing_train.csv,data/features/dinov3_vitb16_remaining_attributes_assets.csv,classification,dinov3_frozen_embeddings_random_forest,random_forest,StratifiedGroupKFold,2,5,83842,1 railing,No railings,False
attr_has_pedestrian_railing,attr_has_pedestrian_railing,data/processed/train/attr_has_pedestrian_railing_train.csv,data/features/dinov3_vitb16_remaining_attributes_assets.csv,classification,dinov3_frozen_embeddings_random_forest,random_forest,StratifiedGroupKFold,2,5,83852,1 railing,No railings,False
attr_has_pedestrian_railing,attr_has_pedestrian_railing,data/processed/train/attr_has_pedestrian_railing_train.csv,data/features/dinov3_vitb16_remaining_attributes_assets.csv,classification,dinov3_frozen_embeddings_random_forest,random_forest,StratifiedGroupKFold,2,5,83868,1 railing,No railings,False
attr_has_pedestrian_railing,attr_has_pedestrian_railing,data/processed/train/attr_has_pedestrian_railing_train.csv,data/features/dinov3_vitb16_remaining_attributes_assets.csv,classification,dinov3_frozen_embeddings_random_forest,random_forest,StratifiedGroupKFold,2,5,85958,No railings,No railings,True
attr_has_pedestrian_railing,attr_has_pedestrian_railing,data/processed/train/attr_has_pedestrian_railing_train.csv,data/features/dinov3_vitb16_remaining_attributes_assets.csv,classification,dinov3_frozen_embeddings_random_forest,random_forest,StratifiedGroupKFold,2,5,86062,No railings,No railings,True
attr_has_pedestrian_railing,attr_has_pedestrian_railing,data/processed/train/attr_has_pedestrian_railing_train.csv,data/features/dinov3_vitb16_remaining_attributes_assets.csv,classification,dinov3_frozen_embeddings_random_forest,random_forest,StratifiedGroupKFold,2,5,86091,No railings,No railings,True
attr_has_pedestrian_railing,attr_has_pedestrian_railing,data/processed/train/attr_has_pedestrian_railing_train.csv,data/features/dinov3_vitb16_remaining_attributes_assets.csv,classification,dinov3_frozen_embeddings_random_forest,random_forest,StratifiedGroupKFold,2,5,86259,No railings,No railings,True
attr_has_pedestrian_railing,attr_has_pedestrian_railing,data/processed/train/attr_has_pedestrian_railing_train.csv,data/features/dinov3_vitb16_remaining_attributes_assets.csv,classification,dinov3_frozen_embeddings_random_forest,random_forest,StratifiedGroupKFold,2,5,86617,No railings,No railings,True
attr_has_pedestrian_railing,attr_has_pedestrian_railing,data/processed/train/attr_has_pedestrian_railing_train.csv,data/features/dinov3_vitb16_remaining_attributes_assets.csv,classification,dinov3_frozen_embeddings_random_forest,random_forest,StratifiedGroupKFold,2,5,86620,No railings,No railings,True
attr_has_pedestrian_railing,attr_has_pedestrian_railing,data/processed/train/attr_has_pedestrian_railing_train.csv,data/features/dinov3_vitb16_remaining_attributes_assets.csv,classification,dinov3_frozen_embeddings_random_forest,random_forest,StratifiedGroupKFold,2,5,120683,No railings,No railings,True
attr_has_pedestrian_railing,attr_has_pedestrian_railing,data/processed/train/attr_has_pedestrian_railing_train.csv,data/features/dinov3_vitb16_remaining_attributes_assets.csv,classification,dinov3_frozen_embeddings_random_forest,random_forest,StratifiedGroupKFold,2,5,91434,1 railing,No railings,False
attr_has_pedestrian_railing,attr_has_pedestrian_railing,data/processed/train/attr_has_pedestrian_railing_train.csv,data/features/dinov3_vitb16_remaining_attributes_assets.csv,classification,dinov3_frozen_embeddings_random_forest,random_forest,StratifiedGroupKFold,2,5,92005,No railings,No railings,True
attr_has_pedestrian_railing,attr_has_pedestrian_railing,data/processed/train/attr_has_pedestrian_railing_train.csv,data/features/dinov3_vitb16_remaining_attributes_assets.csv,classification,dinov3_frozen_embeddings_random_forest,random_forest,StratifiedGroupKFold,2,5,92015,No railings,No railings,True
attr_has_pedestrian_railing,attr_has_pedestrian_railing,data/processed/train/attr_has_pedestrian_railing_train.csv,data/features/dinov3_vitb16_remaining_attributes_assets.csv,classification,dinov3_frozen_embeddings_random_forest,random_forest,StratifiedGroupKFold,2,5,92055,No railings,No railings,True
attr_has_pedestrian_railing,attr_has_pedestrian_railing,data/processed/train/attr_has_pedestrian_railing_train.csv,data/features/dinov3_vitb16_remaining_attributes_assets.csv,classification,dinov3_frozen_embeddings_random_forest,random_forest,StratifiedGroupKFold,2,5,92806,No railings,No railings,True
attr_has_pedestrian_railing,attr_has_pedestrian_railing,data/processed/train/attr_has_pedestrian_railing_train.csv,data/features/dinov3_vitb16_remaining_attributes_assets.csv,classification,dinov3_frozen_embeddings_random_forest,random_forest,StratifiedGroupKFold,2,5,92939,No railings,No railings,True
attr_has_pedestrian_railing,attr_has_pedestrian_railing,data/processed/train/attr_has_pedestrian_railing_train.csv,data/features/dinov3_vitb16_remaining_attributes_assets.csv,classification,dinov3_frozen_embeddings_random_forest,random_forest,StratifiedGroupKFold,2,5,94329,No railings,No railings,True
attr_has_pedestrian_railing,attr_has_pedestrian_railing,data/processed/train/attr_has_pedestrian_railing_train.csv,data/features/dinov3_vitb16_remaining_attributes_assets.csv,classification,dinov3_frozen_embeddings_random_forest,random_forest,StratifiedGroupKFold,2,5,94341,No railings,No railings,True
attr_has_pedestrian_railing,attr_has_pedestrian_railing,data/processed/train/attr_has_pedestrian_railing_train.csv,data/features/dinov3_vitb16_remaining_attributes_assets.csv,classification,dinov3_frozen_embeddings_random_forest,random_forest,StratifiedGroupKFold,2,5,94369,No railings,No railings,True
attr_has_pedestrian_railing,attr_has_pedestrian_railing,data/processed/train/attr_has_pedestrian_railing_train.csv,data/features/dinov3_vitb16_remaining_attributes_assets.csv,classification,dinov3_frozen_embeddings_random_forest,random_forest,StratifiedGroupKFold,2,5,94398,1 railing,No railings,False
attr_has_pedestrian_railing,attr_has_pedestrian_railing,data/processed/train/attr_has_pedestrian_railing_train.csv,data/features/dinov3_vitb16_remaining_attributes_assets.csv,classification,dinov3_frozen_embeddings_random_forest,random_forest,StratifiedGroupKFold,2,5,94417,No railings,No railings,True
attr_has_pedestrian_railing,attr_has_pedestrian_railing,data/processed/train/attr_has_pedestrian_railing_train.csv,data/features/dinov3_vitb16_remaining_attributes_assets.csv,classification,dinov3_frozen_embeddings_random_forest,random_forest,StratifiedGroupKFold,2,5,94426,1 railing,No railings,False
attr_has_pedestrian_railing,attr_has_pedestrian_railing,data/processed/train/attr_has_pedestrian_railing_train.csv,data/features/dinov3_vitb16_remaining_attributes_assets.csv,classification,dinov3_frozen_embeddings_random_forest,random_forest,StratifiedGroupKFold,2,5,97127,1 railing,No railings,False
attr_has_pedestrian_railing,attr_has_pedestrian_railing,data/processed/train/attr_has_pedestrian_railing_train.csv,data/features/dinov3_vitb16_remaining_attributes_assets.csv,classification,dinov3_frozen_embeddings_random_forest,random_forest,StratifiedGroupKFold,2,5,98951,2 railings,1 railing,False
attr_has_pedestrian_railing,attr_has_pedestrian_railing,data/processed/train/attr_has_pedestrian_railing_train.csv,data/features/dinov3_vitb16_remaining_attributes_assets.csv,classification,dinov3_frozen_embeddings_random_forest,random_forest,StratifiedGroupKFold,2,5,100334,No railings,No railings,True
attr_has_pedestrian_railing,attr_has_pedestrian_railing,data/processed/train/attr_has_pedestrian_railing_train.csv,data/features/dinov3_vitb16_remaining_attributes_assets.csv,classification,dinov3_frozen_embeddings_random_forest,random_forest,StratifiedGroupKFold,2,5,101027,No railings,No railings,True
attr_has_pedestrian_railing,attr_has_pedestrian_railing,data/processed/train/attr_has_pedestrian_railing_train.csv,data/features/dinov3_vitb16_remaining_attributes_assets.csv,classification,dinov3_frozen_embeddings_random_forest,random_forest,StratifiedGroupKFold,2,5,101607,1 railing,1 railing,True
attr_has_pedestrian_railing,attr_has_pedestrian_railing,data/processed/train/attr_has_pedestrian_railing_train.csv,data/features/dinov3_vitb16_remaining_attributes_assets.csv,classification,dinov3_frozen_embeddings_random_forest,random_forest,StratifiedGroupKFold,2,5,102843,No railings,No railings,True
attr_has_pedestrian_railing,attr_has_pedestrian_railing,data/processed/train/attr_has_pedestrian_railing_train.csv,data/features/dinov3_vitb16_remaining_attributes_assets.csv,classification,dinov3_frozen_embeddings_random_forest,random_forest,StratifiedGroupKFold,2,5,104317,1 railing,No railings,False
attr_has_pedestrian_railing,attr_has_pedestrian_railing,data/processed/train/attr_has_pedestrian_railing_train.csv,data/features/dinov3_vitb16_remaining_attributes_assets.csv,classification,dinov3_frozen_embeddings_random_forest,random_forest,StratifiedGroupKFold,2,5,105083,No railings,No railings,True
attr_has_pedestrian_railing,attr_has_pedestrian_railing,data/processed/train/attr_has_pedestrian_railing_train.csv,data/features/dinov3_vitb16_remaining_attributes_assets.csv,classification,dinov3_frozen_embeddings_random_forest,random_forest,StratifiedGroupKFold,2,5,105840,1 railing,2 railings,False
attr_has_pedestrian_railing,attr_has_pedestrian_railing,data/processed/train/attr_has_pedestrian_railing_train.csv,data/features/dinov3_vitb16_remaining_attributes_assets.csv,classification,dinov3_frozen_embeddings_random_forest,random_forest,StratifiedGroupKFold,2,5,105854,No railings,No railings,True
attr_has_pedestrian_railing,attr_has_pedestrian_railing,data/processed/train/attr_has_pedestrian_railing_train.csv,data/features/dinov3_vitb16_remaining_attributes_assets.csv,classification,dinov3_frozen_embeddings_random_forest,random_forest,StratifiedGroupKFold,2,5,105855,No railings,No railings,True
attr_has_pedestrian_railing,attr_has_pedestrian_railing,data/processed/train/attr_has_pedestrian_railing_train.csv,data/features/dinov3_vitb16_remaining_attributes_assets.csv,classification,dinov3_frozen_embeddings_random_forest,random_forest,StratifiedGroupKFold,2,5,106065,No railings,No railings,True
attr_has_pedestrian_railing,attr_has_pedestrian_railing,data/processed/train/attr_has_pedestrian_railing_train.csv,data/features/dinov3_vitb16_remaining_attributes_assets.csv,classification,dinov3_frozen_embeddings_random_forest,random_forest,StratifiedGroupKFold,2,5,106066,No railings,No railings,True
attr_has_pedestrian_railing,attr_has_pedestrian_railing,data/processed/train/attr_has_pedestrian_railing_train.csv,data/features/dinov3_vitb16_remaining_attributes_assets.csv,classification,dinov3_frozen_embeddings_random_forest,random_forest,StratifiedGroupKFold,2,5,106067,No railings,No railings,True
attr_has_pedestrian_railing,attr_has_pedestrian_railing,data/processed/train/attr_has_pedestrian_railing_train.csv,data/features/dinov3_vitb16_remaining_attributes_assets.csv,classification,dinov3_frozen_embeddings_random_forest,random_forest,StratifiedGroupKFold,2,5,106068,1 railing,1 railing,True
attr_has_pedestrian_railing,attr_has_pedestrian_railing,data/processed/train/attr_has_pedestrian_railing_train.csv,data/features/dinov3_vitb16_remaining_attributes_assets.csv,classification,dinov3_frozen_embeddings_random_forest,random_forest,StratifiedGroupKFold,2,5,106071,No railings,No railings,True
attr_has_pedestrian_railing,attr_has_pedestrian_railing,data/processed/train/attr_has_pedestrian_railing_train.csv,data/features/dinov3_vitb16_remaining_attributes_assets.csv,classification,dinov3_frozen_embeddings_random_forest,random_forest,StratifiedGroupKFold,2,5,106072,No railings,No railings,True
attr_has_pedestrian_railing,attr_has_pedestrian_railing,data/processed/train/attr_has_pedestrian_railing_train.csv,data/features/dinov3_vitb16_remaining_attributes_assets.csv,classification,dinov3_frozen_embeddings_random_forest,random_forest,StratifiedGroupKFold,2,5,106074,1 railing,1 railing,True
attr_has_pedestrian_railing,attr_has_pedestrian_railing,data/processed/train/attr_has_pedestrian_railing_train.csv,data/features/dinov3_vitb16_remaining_attributes_assets.csv,classification,dinov3_frozen_embeddings_random_forest,random_forest,StratifiedGroupKFold,2,5,106506,No railings,No railings,True
attr_has_pedestrian_railing,attr_has_pedestrian_railing,data/processed/train/attr_has_pedestrian_railing_train.csv,data/features/dinov3_vitb16_remaining_attributes_assets.csv,classification,dinov3_frozen_embeddings_random_forest,random_forest,StratifiedGroupKFold,2,5,107290,No railings,No railings,True
attr_has_pedestrian_railing,attr_has_pedestrian_railing,data/processed/train/attr_has_pedestrian_railing_train.csv,data/features/dinov3_vitb16_remaining_attributes_assets.csv,classification,dinov3_frozen_embeddings_random_forest,random_forest,StratifiedGroupKFold,2,5,107475,No railings,No railings,True
attr_has_pedestrian_railing,attr_has_pedestrian_railing,data/processed/train/attr_has_pedestrian_railing_train.csv,data/features/dinov3_vitb16_remaining_attributes_assets.csv,classification,dinov3_frozen_embeddings_random_forest,random_forest,StratifiedGroupKFold,2,5,107490,No railings,No railings,True
attr_has_pedestrian_railing,attr_has_pedestrian_railing,data/processed/train/attr_has_pedestrian_railing_train.csv,data/features/dinov3_vitb16_remaining_attributes_assets.csv,classification,dinov3_frozen_embeddings_random_forest,random_forest,StratifiedGroupKFold,2,5,107876,No railings,No railings,True
attr_has_pedestrian_railing,attr_has_pedestrian_railing,data/processed/train/attr_has_pedestrian_railing_train.csv,data/features/dinov3_vitb16_remaining_attributes_assets.csv,classification,dinov3_frozen_embeddings_random_forest,random_forest,StratifiedGroupKFold,2,5,107893,No railings,No railings,True
attr_has_pedestrian_railing,attr_has_pedestrian_railing,data/processed/train/attr_has_pedestrian_railing_train.csv,data/features/dinov3_vitb16_remaining_attributes_assets.csv,classification,dinov3_frozen_embeddings_random_forest,random_forest,StratifiedGroupKFold,2,5,107894,2 railings,1 railing,False
attr_has_pedestrian_railing,attr_has_pedestrian_railing,data/processed/train/attr_has_pedestrian_railing_train.csv,data/features/dinov3_vitb16_remaining_attributes_assets.csv,classification,dinov3_frozen_embeddings_random_forest,random_forest,StratifiedGroupKFold,2,5,107929,No railings,No railings,True
attr_has_pedestrian_railing,attr_has_pedestrian_railing,data/processed/train/attr_has_pedestrian_railing_train.csv,data/features/dinov3_vitb16_remaining_attributes_assets.csv,classification,dinov3_frozen_embeddings_random_forest,random_forest,StratifiedGroupKFold,2,5,107937,No railings,No railings,True
attr_has_pedestrian_railing,attr_has_pedestrian_railing,data/processed/train/attr_has_pedestrian_railing_train.csv,data/features/dinov3_vitb16_remaining_attributes_assets.csv,classification,dinov3_frozen_embeddings_random_forest,random_forest,StratifiedGroupKFold,2,5,107939,No railings,No railings,True
attr_has_pedestrian_railing,attr_has_pedestrian_railing,data/processed/train/attr_has_pedestrian_railing_train.csv,data/features/dinov3_vitb16_remaining_attributes_assets.csv,classification,dinov3_frozen_embeddings_random_forest,random_forest,StratifiedGroupKFold,2,5,107947,No railings,No railings,True
attr_has_pedestrian_railing,attr_has_pedestrian_railing,data/processed/train/attr_has_pedestrian_railing_train.csv,data/features/dinov3_vitb16_remaining_attributes_assets.csv,classification,dinov3_frozen_embeddings_random_forest,random_forest,StratifiedGroupKFold,2,5,107950,No railings,No railings,True
attr_has_pedestrian_railing,attr_has_pedestrian_railing,data/processed/train/attr_has_pedestrian_railing_train.csv,data/features/dinov3_vitb16_remaining_attributes_assets.csv,classification,dinov3_frozen_embeddings_random_forest,random_forest,StratifiedGroupKFold,2,5,107975,No railings,No railings,True
attr_has_pedestrian_railing,attr_has_pedestrian_railing,data/processed/train/attr_has_pedestrian_railing_train.csv,data/features/dinov3_vitb16_remaining_attributes_assets.csv,classification,dinov3_frozen_embeddings_random_forest,random_forest,StratifiedGroupKFold,2,5,107993,No railings,No railings,True
attr_has_pedestrian_railing,attr_has_pedestrian_railing,data/processed/train/attr_has_pedestrian_railing_train.csv,data/features/dinov3_vitb16_remaining_attributes_assets.csv,classification,dinov3_frozen_embeddings_random_forest,random_forest,StratifiedGroupKFold,2,5,108005,No railings,No railings,True
attr_has_pedestrian_railing,attr_has_pedestrian_railing,data/processed/train/attr_has_pedestrian_railing_train.csv,data/features/dinov3_vitb16_remaining_attributes_assets.csv,classification,dinov3_frozen_embeddings_random_forest,random_forest,StratifiedGroupKFold,2,5,108241,No railings,No railings,True
attr_has_pedestrian_railing,attr_has_pedestrian_railing,data/processed/train/attr_has_pedestrian_railing_train.csv,data/features/dinov3_vitb16_remaining_attributes_assets.csv,classification,dinov3_frozen_embeddings_random_forest,random_forest,StratifiedGroupKFold,2,5,108487,No railings,No railings,True
attr_has_pedestrian_railing,attr_has_pedestrian_railing,data/processed/train/attr_has_pedestrian_railing_train.csv,data/features/dinov3_vitb16_remaining_attributes_assets.csv,classification,dinov3_frozen_embeddings_random_forest,random_forest,StratifiedGroupKFold,2,5,108862,2 railings,No railings,False
attr_has_pedestrian_railing,attr_has_pedestrian_railing,data/processed/train/attr_has_pedestrian_railing_train.csv,data/features/dinov3_vitb16_remaining_attributes_assets.csv,classification,dinov3_frozen_embeddings_random_forest,random_forest,StratifiedGroupKFold,2,5,109155,No railings,No railings,True
attr_has_pedestrian_railing,attr_has_pedestrian_railing,data/processed/train/attr_has_pedestrian_railing_train.csv,data/features/dinov3_vitb16_remaining_attributes_assets.csv,classification,dinov3_frozen_embeddings_random_forest,random_forest,StratifiedGroupKFold,2,5,109159,No railings,No railings,True
attr_has_pedestrian_railing,attr_has_pedestrian_railing,data/processed/train/attr_has_pedestrian_railing_train.csv,data/features/dinov3_vitb16_remaining_attributes_assets.csv,classification,dinov3_frozen_embeddings_random_forest,random_forest,StratifiedGroupKFold,2,5,109165,No railings,No railings,True
attr_has_pedestrian_railing,attr_has_pedestrian_railing,data/processed/train/attr_has_pedestrian_railing_train.csv,data/features/dinov3_vitb16_remaining_attributes_assets.csv,classification,dinov3_frozen_embeddings_random_forest,random_forest,StratifiedGroupKFold,2,5,109628,1 railing,No railings,False
attr_has_pedestrian_railing,attr_has_pedestrian_railing,data/processed/train/attr_has_pedestrian_railing_train.csv,data/features/dinov3_vitb16_remaining_attributes_assets.csv,classification,dinov3_frozen_embeddings_random_forest,random_forest,StratifiedGroupKFold,2,5,109762,No railings,No railings,True
attr_has_pedestrian_railing,attr_has_pedestrian_railing,data/processed/train/attr_has_pedestrian_railing_train.csv,data/features/dinov3_vitb16_remaining_attributes_assets.csv,classification,dinov3_frozen_embeddings_random_forest,random_forest,StratifiedGroupKFold,2,5,110706,No railings,No railings,True
attr_has_pedestrian_railing,attr_has_pedestrian_railing,data/processed/train/attr_has_pedestrian_railing_train.csv,data/features/dinov3_vitb16_remaining_attributes_assets.csv,classification,dinov3_frozen_embeddings_random_forest,random_forest,StratifiedGroupKFold,2,5,112490,No railings,No railings,True
attr_has_pedestrian_railing,attr_has_pedestrian_railing,data/processed/train/attr_has_pedestrian_railing_train.csv,data/features/dinov3_vitb16_remaining_attributes_assets.csv,classification,dinov3_frozen_embeddings_random_forest,random_forest,StratifiedGroupKFold,2,5,112573,No railings,No railings,True
attr_has_pedestrian_railing,attr_has_pedestrian_railing,data/processed/train/attr_has_pedestrian_railing_train.csv,data/features/dinov3_vitb16_remaining_attributes_assets.csv,classification,dinov3_frozen_embeddings_random_forest,random_forest,StratifiedGroupKFold,2,5,113157,1 railing,No railings,False
attr_has_pedestrian_railing,attr_has_pedestrian_railing,data/processed/train/attr_has_pedestrian_railing_train.csv,data/features/dinov3_vitb16_remaining_attributes_assets.csv,classification,dinov3_frozen_embeddings_random_forest,random_forest,StratifiedGroupKFold,2,5,113160,1 railing,No railings,False
attr_has_pedestrian_railing,attr_has_pedestrian_railing,data/processed/train/attr_has_pedestrian_railing_train.csv,data/features/dinov3_vitb16_remaining_attributes_assets.csv,classification,dinov3_frozen_embeddings_random_forest,random_forest,StratifiedGroupKFold,2,5,113162,1 railing,No railings,False
attr_has_pedestrian_railing,attr_has_pedestrian_railing,data/processed/train/attr_has_pedestrian_railing_train.csv,data/features/dinov3_vitb16_remaining_attributes_assets.csv,classification,dinov3_frozen_embeddings_random_forest,random_forest,StratifiedGroupKFold,2,5,113187,1 railing,No railings,False
attr_has_pedestrian_railing,attr_has_pedestrian_railing,data/processed/train/attr_has_pedestrian_railing_train.csv,data/features/dinov3_vitb16_remaining_attributes_assets.csv,classification,dinov3_frozen_embeddings_random_forest,random_forest,StratifiedGroupKFold,2,5,113196,1 railing,1 railing,True
attr_has_pedestrian_railing,attr_has_pedestrian_railing,data/processed/train/attr_has_pedestrian_railing_train.csv,data/features/dinov3_vitb16_remaining_attributes_assets.csv,classification,dinov3_frozen_embeddings_random_forest,random_forest,StratifiedGroupKFold,2,5,113200,No railings,No railings,True
attr_has_pedestrian_railing,attr_has_pedestrian_railing,data/processed/train/attr_has_pedestrian_railing_train.csv,data/features/dinov3_vitb16_remaining_attributes_assets.csv,classification,dinov3_frozen_embeddings_random_forest,random_forest,StratifiedGroupKFold,2,5,115706,No railings,No railings,True
attr_has_pedestrian_railing,attr_has_pedestrian_railing,data/processed/train/attr_has_pedestrian_railing_train.csv,data/features/dinov3_vitb16_remaining_attributes_assets.csv,classification,dinov3_frozen_embeddings_random_forest,random_forest,StratifiedGroupKFold,2,5,116732,No railings,No railings,True
attr_has_pedestrian_railing,attr_has_pedestrian_railing,data/processed/train/attr_has_pedestrian_railing_train.csv,data/features/dinov3_vitb16_remaining_attributes_assets.csv,classification,dinov3_frozen_embeddings_random_forest,random_forest,StratifiedGroupKFold,2,5,117044,1 railing,No railings,False
attr_has_pedestrian_railing,attr_has_pedestrian_railing,data/processed/train/attr_has_pedestrian_railing_train.csv,data/features/dinov3_vitb16_remaining_attributes_assets.csv,classification,dinov3_frozen_embeddings_random_forest,random_forest,StratifiedGroupKFold,2,5,117194,No railings,No railings,True
attr_has_pedestrian_railing,attr_has_pedestrian_railing,data/processed/train/attr_has_pedestrian_railing_train.csv,data/features/dinov3_vitb16_remaining_attributes_assets.csv,classification,dinov3_frozen_embeddings_random_forest,random_forest,StratifiedGroupKFold,2,5,117311,2 railings,No railings,False
attr_has_pedestrian_railing,attr_has_pedestrian_railing,data/processed/train/attr_has_pedestrian_railing_train.csv,data/features/dinov3_vitb16_remaining_attributes_assets.csv,classification,dinov3_frozen_embeddings_random_forest,random_forest,StratifiedGroupKFold,2,5,117575,No railings,No railings,True
attr_has_pedestrian_railing,attr_has_pedestrian_railing,data/processed/train/attr_has_pedestrian_railing_train.csv,data/features/dinov3_vitb16_remaining_attributes_assets.csv,classification,dinov3_frozen_embeddings_random_forest,random_forest,StratifiedGroupKFold,2,5,121071,No railings,No railings,True
attr_has_pedestrian_railing,attr_has_pedestrian_railing,data/processed/train/attr_has_pedestrian_railing_train.csv,data/features/dinov3_vitb16_remaining_attributes_assets.csv,classification,dinov3_frozen_embeddings_random_forest,random_forest,StratifiedGroupKFold,2,5,121921,2 railings,No railings,False
attr_has_pedestrian_railing,attr_has_pedestrian_railing,data/processed/train/attr_has_pedestrian_railing_train.csv,data/features/dinov3_vitb16_remaining_attributes_assets.csv,classification,dinov3_frozen_embeddings_random_forest,random_forest,StratifiedGroupKFold,2,5,122646,2 railings,No railings,False
attr_has_pedestrian_railing,attr_has_pedestrian_railing,data/processed/train/attr_has_pedestrian_railing_train.csv,data/features/dinov3_vitb16_remaining_attributes_assets.csv,classification,dinov3_frozen_embeddings_random_forest,random_forest,StratifiedGroupKFold,2,5,122648,No railings,No railings,True
attr_has_pedestrian_railing,attr_has_pedestrian_railing,data/processed/train/attr_has_pedestrian_railing_train.csv,data/features/dinov3_vitb16_remaining_attributes_assets.csv,classification,dinov3_frozen_embeddings_random_forest,random_forest,StratifiedGroupKFold,2,5,122779,No railings,No railings,True
attr_has_pedestrian_railing,attr_has_pedestrian_railing,data/processed/train/attr_has_pedestrian_railing_train.csv,data/features/dinov3_vitb16_remaining_attributes_assets.csv,classification,dinov3_frozen_embeddings_random_forest,random_forest,StratifiedGroupKFold,2,5,122780,2 railings,2 railings,True
attr_has_pedestrian_railing,attr_has_pedestrian_railing,data/processed/train/attr_has_pedestrian_railing_train.csv,data/features/dinov3_vitb16_remaining_attributes_assets.csv,classification,dinov3_frozen_embeddings_random_forest,random_forest,StratifiedGroupKFold,2,5,123413,No railings,No railings,True
attr_has_pedestrian_railing,attr_has_pedestrian_railing,data/processed/train/attr_has_pedestrian_railing_train.csv,data/features/dinov3_vitb16_remaining_attributes_assets.csv,classification,dinov3_frozen_embeddings_random_forest,random_forest,StratifiedGroupKFold,2,5,125604,No railings,No railings,True
attr_has_pedestrian_railing,attr_has_pedestrian_railing,data/processed/train/attr_has_pedestrian_railing_train.csv,data/features/dinov3_vitb16_remaining_attributes_assets.csv,classification,dinov3_frozen_embeddings_random_forest,random_forest,StratifiedGroupKFold,2,5,126696,No railings,No railings,True
attr_has_pedestrian_railing,attr_has_pedestrian_railing,data/processed/train/attr_has_pedestrian_railing_train.csv,data/features/dinov3_vitb16_remaining_attributes_assets.csv,classification,dinov3_frozen_embeddings_random_forest,random_forest,StratifiedGroupKFold,2,5,127152,1 railing,No railings,False
attr_has_pedestrian_railing,attr_has_pedestrian_railing,data/processed/train/attr_has_pedestrian_railing_train.csv,data/features/dinov3_vitb16_remaining_attributes_assets.csv,classification,dinov3_frozen_embeddings_random_forest,random_forest,StratifiedGroupKFold,2,5,46924,No railings,No railings,True
attr_has_pedestrian_railing,attr_has_pedestrian_railing,data/processed/train/attr_has_pedestrian_railing_train.csv,data/features/dinov3_vitb16_remaining_attributes_assets.csv,classification,dinov3_frozen_embeddings_random_forest,random_forest,StratifiedGroupKFold,2,5,46929,No railings,No railings,True
attr_has_pedestrian_railing,attr_has_pedestrian_railing,data/processed/train/attr_has_pedestrian_railing_train.csv,data/features/dinov3_vitb16_remaining_attributes_assets.csv,classification,dinov3_frozen_embeddings_random_forest,random_forest,StratifiedGroupKFold,2,5,48342,No railings,No railings,True
attr_has_pedestrian_railing,attr_has_pedestrian_railing,data/processed/train/attr_has_pedestrian_railing_train.csv,data/features/dinov3_vitb16_remaining_attributes_assets.csv,classification,dinov3_frozen_embeddings_random_forest,random_forest,StratifiedGroupKFold,2,5,49057,No railings,No railings,True
attr_has_pedestrian_railing,attr_has_pedestrian_railing,data/processed/train/attr_has_pedestrian_railing_train.csv,data/features/dinov3_vitb16_remaining_attributes_assets.csv,classification,dinov3_frozen_embeddings_random_forest,random_forest,StratifiedGroupKFold,2,5,49430,No railings,No railings,True
attr_has_pedestrian_railing,attr_has_pedestrian_railing,data/processed/train/attr_has_pedestrian_railing_train.csv,data/features/dinov3_vitb16_remaining_attributes_assets.csv,classification,dinov3_frozen_embeddings_random_forest,random_forest,StratifiedGroupKFold,2,5,51220,No railings,No railings,True
attr_has_pedestrian_railing,attr_has_pedestrian_railing,data/processed/train/attr_has_pedestrian_railing_train.csv,data/features/dinov3_vitb16_remaining_attributes_assets.csv,classification,dinov3_frozen_embeddings_random_forest,random_forest,StratifiedGroupKFold,2,5,51532,No railings,No railings,True
attr_has_pedestrian_railing,attr_has_pedestrian_railing,data/processed/train/attr_has_pedestrian_railing_train.csv,data/features/dinov3_vitb16_remaining_attributes_assets.csv,classification,dinov3_frozen_embeddings_random_forest,random_forest,StratifiedGroupKFold,2,5,54184,No railings,No railings,True
attr_has_pedestrian_railing,attr_has_pedestrian_railing,data/processed/train/attr_has_pedestrian_railing_train.csv,data/features/dinov3_vitb16_remaining_attributes_assets.csv,classification,dinov3_frozen_embeddings_random_forest,random_forest,StratifiedGroupKFold,2,5,54327,No railings,No railings,True
attr_has_pedestrian_railing,attr_has_pedestrian_railing,data/processed/train/attr_has_pedestrian_railing_train.csv,data/features/dinov3_vitb16_remaining_attributes_assets.csv,classification,dinov3_frozen_embeddings_random_forest,random_forest,StratifiedGroupKFold,2,5,55635,No railings,No railings,True
attr_has_pedestrian_railing,attr_has_pedestrian_railing,data/processed/train/attr_has_pedestrian_railing_train.csv,data/features/dinov3_vitb16_remaining_attributes_assets.csv,classification,dinov3_frozen_embeddings_random_forest,random_forest,StratifiedGroupKFold,2,5,58413,No railings,No railings,True
attr_has_pedestrian_railing,attr_has_pedestrian_railing,data/processed/train/attr_has_pedestrian_railing_train.csv,data/features/dinov3_vitb16_remaining_attributes_assets.csv,classification,dinov3_frozen_embeddings_random_forest,random_forest,StratifiedGroupKFold,2,5,58955,No railings,No railings,True
attr_has_pedestrian_railing,attr_has_pedestrian_railing,data/processed/train/attr_has_pedestrian_railing_train.csv,data/features/dinov3_vitb16_remaining_attributes_assets.csv,classification,dinov3_frozen_embeddings_random_forest,random_forest,StratifiedGroupKFold,2,5,58957,No railings,No railings,True
attr_has_pedestrian_railing,attr_has_pedestrian_railing,data/processed/train/attr_has_pedestrian_railing_train.csv,data/features/dinov3_vitb16_remaining_attributes_assets.csv,classification,dinov3_frozen_embeddings_random_forest,random_forest,StratifiedGroupKFold,2,5,61110,No railings,No railings,True
attr_has_pedestrian_railing,attr_has_pedestrian_railing,data/processed/train/attr_has_pedestrian_railing_train.csv,data/features/dinov3_vitb16_remaining_attributes_assets.csv,classification,dinov3_frozen_embeddings_random_forest,random_forest,StratifiedGroupKFold,2,5,61113,No railings,No railings,True
attr_has_pedestrian_railing,attr_has_pedestrian_railing,data/processed/train/attr_has_pedestrian_railing_train.csv,data/features/dinov3_vitb16_remaining_attributes_assets.csv,classification,dinov3_frozen_embeddings_random_forest,random_forest,StratifiedGroupKFold,2,5,62927,No railings,No railings,True
attr_has_pedestrian_railing,attr_has_pedestrian_railing,data/processed/train/attr_has_pedestrian_railing_train.csv,data/features/dinov3_vitb16_remaining_attributes_assets.csv,classification,dinov3_frozen_embeddings_random_forest,random_forest,StratifiedGroupKFold,2,5,63071,No railings,No railings,True
attr_has_pedestrian_railing,attr_has_pedestrian_railing,data/processed/train/attr_has_pedestrian_railing_train.csv,data/features/dinov3_vitb16_remaining_attributes_assets.csv,classification,dinov3_frozen_embeddings_random_forest,random_forest,StratifiedGroupKFold,2,5,64108,2 railings,No railings,False
attr_has_pedestrian_railing,attr_has_pedestrian_railing,data/processed/train/attr_has_pedestrian_railing_train.csv,data/features/dinov3_vitb16_remaining_attributes_assets.csv,classification,dinov3_frozen_embeddings_random_forest,random_forest,StratifiedGroupKFold,2,5,66038,No railings,No railings,True
attr_has_pedestrian_railing,attr_has_pedestrian_railing,data/processed/train/attr_has_pedestrian_railing_train.csv,data/features/dinov3_vitb16_remaining_attributes_assets.csv,classification,dinov3_frozen_embeddings_random_forest,random_forest,StratifiedGroupKFold,2,5,83132,No railings,No railings,True
attr_has_pedestrian_railing,attr_has_pedestrian_railing,data/processed/train/attr_has_pedestrian_railing_train.csv,data/features/dinov3_vitb16_remaining_attributes_assets.csv,classification,dinov3_frozen_embeddings_random_forest,random_forest,StratifiedGroupKFold,2,5,83135,No railings,No railings,True
attr_has_pedestrian_railing,attr_has_pedestrian_railing,data/processed/train/attr_has_pedestrian_railing_train.csv,data/features/dinov3_vitb16_remaining_attributes_assets.csv,classification,dinov3_frozen_embeddings_random_forest,random_forest,StratifiedGroupKFold,2,5,83138,No railings,No railings,True
attr_has_pedestrian_railing,attr_has_pedestrian_railing,data/processed/train/attr_has_pedestrian_railing_train.csv,data/features/dinov3_vitb16_remaining_attributes_assets.csv,classification,dinov3_frozen_embeddings_random_forest,random_forest,StratifiedGroupKFold,2,5,83515,No railings,No railings,True
attr_has_pedestrian_railing,attr_has_pedestrian_railing,data/processed/train/attr_has_pedestrian_railing_train.csv,data/features/dinov3_vitb16_remaining_attributes_assets.csv,classification,dinov3_frozen_embeddings_random_forest,random_forest,StratifiedGroupKFold,2,5,85177,No railings,No railings,True
attr_has_pedestrian_railing,attr_has_pedestrian_railing,data/processed/train/attr_has_pedestrian_railing_train.csv,data/features/dinov3_vitb16_remaining_attributes_assets.csv,classification,dinov3_frozen_embeddings_random_forest,random_forest,StratifiedGroupKFold,2,5,85208,No railings,No railings,True
attr_has_pedestrian_railing,attr_has_pedestrian_railing,data/processed/train/attr_has_pedestrian_railing_train.csv,data/features/dinov3_vitb16_remaining_attributes_assets.csv,classification,dinov3_frozen_embeddings_random_forest,random_forest,StratifiedGroupKFold,2,5,87745,No railings,No railings,True
attr_has_pedestrian_railing,attr_has_pedestrian_railing,data/processed/train/attr_has_pedestrian_railing_train.csv,data/features/dinov3_vitb16_remaining_attributes_assets.csv,classification,dinov3_frozen_embeddings_random_forest,random_forest,StratifiedGroupKFold,2,5,88095,1 railing,No railings,False
attr_has_pedestrian_railing,attr_has_pedestrian_railing,data/processed/train/attr_has_pedestrian_railing_train.csv,data/features/dinov3_vitb16_remaining_attributes_assets.csv,classification,dinov3_frozen_embeddings_random_forest,random_forest,StratifiedGroupKFold,2,5,88131,2 railings,No railings,False
attr_has_pedestrian_railing,attr_has_pedestrian_railing,data/processed/train/attr_has_pedestrian_railing_train.csv,data/features/dinov3_vitb16_remaining_attributes_assets.csv,classification,dinov3_frozen_embeddings_random_forest,random_forest,StratifiedGroupKFold,2,5,88132,2 railings,No railings,False
attr_has_pedestrian_railing,attr_has_pedestrian_railing,data/processed/train/attr_has_pedestrian_railing_train.csv,data/features/dinov3_vitb16_remaining_attributes_assets.csv,classification,dinov3_frozen_embeddings_random_forest,random_forest,StratifiedGroupKFold,2,5,88201,No railings,No railings,True
attr_has_pedestrian_railing,attr_has_pedestrian_railing,data/processed/train/attr_has_pedestrian_railing_train.csv,data/features/dinov3_vitb16_remaining_attributes_assets.csv,classification,dinov3_frozen_embeddings_random_forest,random_forest,StratifiedGroupKFold,2,5,88267,No railings,No railings,True
attr_has_pedestrian_railing,attr_has_pedestrian_railing,data/processed/train/attr_has_pedestrian_railing_train.csv,data/features/dinov3_vitb16_remaining_attributes_assets.csv,classification,dinov3_frozen_embeddings_random_forest,random_forest,StratifiedGroupKFold,2,5,88736,No railings,No railings,True
attr_has_pedestrian_railing,attr_has_pedestrian_railing,data/processed/train/attr_has_pedestrian_railing_train.csv,data/features/dinov3_vitb16_remaining_attributes_assets.csv,classification,dinov3_frozen_embeddings_random_forest,random_forest,StratifiedGroupKFold,2,5,88824,2 railings,No railings,False
attr_has_pedestrian_railing,attr_has_pedestrian_railing,data/processed/train/attr_has_pedestrian_railing_train.csv,data/features/dinov3_vitb16_remaining_attributes_assets.csv,classification,dinov3_frozen_embeddings_random_forest,random_forest,StratifiedGroupKFold,2,5,88848,No railings,No railings,True
attr_has_pedestrian_railing,attr_has_pedestrian_railing,data/processed/train/attr_has_pedestrian_railing_train.csv,data/features/dinov3_vitb16_remaining_attributes_assets.csv,classification,dinov3_frozen_embeddings_random_forest,random_forest,StratifiedGroupKFold,2,5,88860,2 railings,No railings,False
attr_has_pedestrian_railing,attr_has_pedestrian_railing,data/processed/train/attr_has_pedestrian_railing_train.csv,data/features/dinov3_vitb16_remaining_attributes_assets.csv,classification,dinov3_frozen_embeddings_random_forest,random_forest,StratifiedGroupKFold,2,5,88869,2 railings,No railings,False
attr_has_pedestrian_railing,attr_has_pedestrian_railing,data/processed/train/attr_has_pedestrian_railing_train.csv,data/features/dinov3_vitb16_remaining_attributes_assets.csv,classification,dinov3_frozen_embeddings_random_forest,random_forest,StratifiedGroupKFold,2,5,88871,2 railings,No railings,False
attr_has_pedestrian_railing,attr_has_pedestrian_railing,data/processed/train/attr_has_pedestrian_railing_train.csv,data/features/dinov3_vitb16_remaining_attributes_assets.csv,classification,dinov3_frozen_embeddings_random_forest,random_forest,StratifiedGroupKFold,2,5,89177,2 railings,2 railings,True
attr_has_pedestrian_railing,attr_has_pedestrian_railing,data/processed/train/attr_has_pedestrian_railing_train.csv,data/features/dinov3_vitb16_remaining_attributes_assets.csv,classification,dinov3_frozen_embeddings_random_forest,random_forest,StratifiedGroupKFold,2,5,89438,No railings,No railings,True
attr_has_pedestrian_railing,attr_has_pedestrian_railing,data/processed/train/attr_has_pedestrian_railing_train.csv,data/features/dinov3_vitb16_remaining_attributes_assets.csv,classification,dinov3_frozen_embeddings_random_forest,random_forest,StratifiedGroupKFold,2,5,89441,No railings,No railings,True
attr_has_pedestrian_railing,attr_has_pedestrian_railing,data/processed/train/attr_has_pedestrian_railing_train.csv,data/features/dinov3_vitb16_remaining_attributes_assets.csv,classification,dinov3_frozen_embeddings_random_forest,random_forest,StratifiedGroupKFold,2,5,89452,No railings,No railings,True
attr_has_pedestrian_railing,attr_has_pedestrian_railing,data/processed/train/attr_has_pedestrian_railing_train.csv,data/features/dinov3_vitb16_remaining_attributes_assets.csv,classification,dinov3_frozen_embeddings_random_forest,random_forest,StratifiedGroupKFold,2,5,89727,No railings,No railings,True
attr_has_pedestrian_railing,attr_has_pedestrian_railing,data/processed/train/attr_has_pedestrian_railing_train.csv,data/features/dinov3_vitb16_remaining_attributes_assets.csv,classification,dinov3_frozen_embeddings_random_forest,random_forest,StratifiedGroupKFold,2,5,90361,No railings,No railings,True
attr_has_pedestrian_railing,attr_has_pedestrian_railing,data/processed/train/attr_has_pedestrian_railing_train.csv,data/features/dinov3_vitb16_remaining_attributes_assets.csv,classification,dinov3_frozen_embeddings_random_forest,random_forest,StratifiedGroupKFold,2,5,90647,2 railings,2 railings,True
attr_has_pedestrian_railing,attr_has_pedestrian_railing,data/processed/train/attr_has_pedestrian_railing_train.csv,data/features/dinov3_vitb16_remaining_attributes_assets.csv,classification,dinov3_frozen_embeddings_random_forest,random_forest,StratifiedGroupKFold,2,5,92151,No railings,No railings,True
attr_has_pedestrian_railing,attr_has_pedestrian_railing,data/processed/train/attr_has_pedestrian_railing_train.csv,data/features/dinov3_vitb16_remaining_attributes_assets.csv,classification,dinov3_frozen_embeddings_random_forest,random_forest,StratifiedGroupKFold,2,5,92164,No railings,No railings,True
attr_has_pedestrian_railing,attr_has_pedestrian_railing,data/processed/train/attr_has_pedestrian_railing_train.csv,data/features/dinov3_vitb16_remaining_attributes_assets.csv,classification,dinov3_frozen_embeddings_random_forest,random_forest,StratifiedGroupKFold,2,5,92854,No railings,No railings,True
attr_has_pedestrian_railing,attr_has_pedestrian_railing,data/processed/train/attr_has_pedestrian_railing_train.csv,data/features/dinov3_vitb16_remaining_attributes_assets.csv,classification,dinov3_frozen_embeddings_random_forest,random_forest,StratifiedGroupKFold,2,5,93036,No railings,No railings,True
attr_has_pedestrian_railing,attr_has_pedestrian_railing,data/processed/train/attr_has_pedestrian_railing_train.csv,data/features/dinov3_vitb16_remaining_attributes_assets.csv,classification,dinov3_frozen_embeddings_random_forest,random_forest,StratifiedGroupKFold,2,5,97446,No railings,No railings,True
attr_has_pedestrian_railing,attr_has_pedestrian_railing,data/processed/train/attr_has_pedestrian_railing_train.csv,data/features/dinov3_vitb16_remaining_attributes_assets.csv,classification,dinov3_frozen_embeddings_random_forest,random_forest,StratifiedGroupKFold,2,5,99457,No railings,No railings,True
attr_has_pedestrian_railing,attr_has_pedestrian_railing,data/processed/train/attr_has_pedestrian_railing_train.csv,data/features/dinov3_vitb16_remaining_attributes_assets.csv,classification,dinov3_frozen_embeddings_random_forest,random_forest,StratifiedGroupKFold,2,5,100582,No railings,No railings,True
attr_has_pedestrian_railing,attr_has_pedestrian_railing,data/processed/train/attr_has_pedestrian_railing_train.csv,data/features/dinov3_vitb16_remaining_attributes_assets.csv,classification,dinov3_frozen_embeddings_random_forest,random_forest,StratifiedGroupKFold,2,5,100751,No railings,No railings,True
attr_has_pedestrian_railing,attr_has_pedestrian_railing,data/processed/train/attr_has_pedestrian_railing_train.csv,data/features/dinov3_vitb16_remaining_attributes_assets.csv,classification,dinov3_frozen_embeddings_random_forest,random_forest,StratifiedGroupKFold,2,5,100826,No railings,No railings,True
attr_has_pedestrian_railing,attr_has_pedestrian_railing,data/processed/train/attr_has_pedestrian_railing_train.csv,data/features/dinov3_vitb16_remaining_attributes_assets.csv,classification,dinov3_frozen_embeddings_random_forest,random_forest,StratifiedGroupKFold,2,5,101599,No railings,No railings,True
attr_has_pedestrian_railing,attr_has_pedestrian_railing,data/processed/train/attr_has_pedestrian_railing_train.csv,data/features/dinov3_vitb16_remaining_attributes_assets.csv,classification,dinov3_frozen_embeddings_random_forest,random_forest,StratifiedGroupKFold,2,5,102347,No railings,No railings,True
attr_has_pedestrian_railing,attr_has_pedestrian_railing,data/processed/train/attr_has_pedestrian_railing_train.csv,data/features/dinov3_vitb16_remaining_attributes_assets.csv,classification,dinov3_frozen_embeddings_random_forest,random_forest,StratifiedGroupKFold,2,5,102354,No railings,No railings,True
attr_has_pedestrian_railing,attr_has_pedestrian_railing,data/processed/train/attr_has_pedestrian_railing_train.csv,data/features/dinov3_vitb16_remaining_attributes_assets.csv,classification,dinov3_frozen_embeddings_random_forest,random_forest,StratifiedGroupKFold,2,5,102342,No railings,No railings,True
attr_has_pedestrian_railing,attr_has_pedestrian_railing,data/processed/train/attr_has_pedestrian_railing_train.csv,data/features/dinov3_vitb16_remaining_attributes_assets.csv,classification,dinov3_frozen_embeddings_random_forest,random_forest,StratifiedGroupKFold,2,5,102808,No railings,No railings,True
attr_has_pedestrian_railing,attr_has_pedestrian_railing,data/processed/train/attr_has_pedestrian_railing_train.csv,data/features/dinov3_vitb16_remaining_attributes_assets.csv,classification,dinov3_frozen_embeddings_random_forest,random_forest,StratifiedGroupKFold,2,5,103721,No railings,No railings,True
attr_has_pedestrian_railing,attr_has_pedestrian_railing,data/processed/train/attr_has_pedestrian_railing_train.csv,data/features/dinov3_vitb16_remaining_attributes_assets.csv,classification,dinov3_frozen_embeddings_random_forest,random_forest,StratifiedGroupKFold,2,5,104083,No railings,No railings,True
attr_has_pedestrian_railing,attr_has_pedestrian_railing,data/processed/train/attr_has_pedestrian_railing_train.csv,data/features/dinov3_vitb16_remaining_attributes_assets.csv,classification,dinov3_frozen_embeddings_random_forest,random_forest,StratifiedGroupKFold,2,5,104159,1 railing,No railings,False
attr_has_pedestrian_railing,attr_has_pedestrian_railing,data/processed/train/attr_has_pedestrian_railing_train.csv,data/features/dinov3_vitb16_remaining_attributes_assets.csv,classification,dinov3_frozen_embeddings_random_forest,random_forest,StratifiedGroupKFold,2,5,105440,No railings,No railings,True
attr_has_pedestrian_railing,attr_has_pedestrian_railing,data/processed/train/attr_has_pedestrian_railing_train.csv,data/features/dinov3_vitb16_remaining_attributes_assets.csv,classification,dinov3_frozen_embeddings_random_forest,random_forest,StratifiedGroupKFold,2,5,105444,No railings,No railings,True
attr_has_pedestrian_railing,attr_has_pedestrian_railing,data/processed/train/attr_has_pedestrian_railing_train.csv,data/features/dinov3_vitb16_remaining_attributes_assets.csv,classification,dinov3_frozen_embeddings_random_forest,random_forest,StratifiedGroupKFold,2,5,105457,No railings,No railings,True
attr_has_pedestrian_railing,attr_has_pedestrian_railing,data/processed/train/attr_has_pedestrian_railing_train.csv,data/features/dinov3_vitb16_remaining_attributes_assets.csv,classification,dinov3_frozen_embeddings_random_forest,random_forest,StratifiedGroupKFold,2,5,107115,No railings,No railings,True
attr_has_pedestrian_railing,attr_has_pedestrian_railing,data/processed/train/attr_has_pedestrian_railing_train.csv,data/features/dinov3_vitb16_remaining_attributes_assets.csv,classification,dinov3_frozen_embeddings_random_forest,random_forest,StratifiedGroupKFold,2,5,107898,No railings,No railings,True
attr_has_pedestrian_railing,attr_has_pedestrian_railing,data/processed/train/attr_has_pedestrian_railing_train.csv,data/features/dinov3_vitb16_remaining_attributes_assets.csv,classification,dinov3_frozen_embeddings_random_forest,random_forest,StratifiedGroupKFold,2,5,107907,No railings,No railings,True
attr_has_pedestrian_railing,attr_has_pedestrian_railing,data/processed/train/attr_has_pedestrian_railing_train.csv,data/features/dinov3_vitb16_remaining_attributes_assets.csv,classification,dinov3_frozen_embeddings_random_forest,random_forest,StratifiedGroupKFold,2,5,107914,No railings,No railings,True
attr_has_pedestrian_railing,attr_has_pedestrian_railing,data/processed/train/attr_has_pedestrian_railing_train.csv,data/features/dinov3_vitb16_remaining_attributes_assets.csv,classification,dinov3_frozen_embeddings_random_forest,random_forest,StratifiedGroupKFold,2,5,107955,No railings,No railings,True
attr_has_pedestrian_railing,attr_has_pedestrian_railing,data/processed/train/attr_has_pedestrian_railing_train.csv,data/features/dinov3_vitb16_remaining_attributes_assets.csv,classification,dinov3_frozen_embeddings_random_forest,random_forest,StratifiedGroupKFold,2,5,107969,No railings,No railings,True
attr_has_pedestrian_railing,attr_has_pedestrian_railing,data/processed/train/attr_has_pedestrian_railing_train.csv,data/features/dinov3_vitb16_remaining_attributes_assets.csv,classification,dinov3_frozen_embeddings_random_forest,random_forest,StratifiedGroupKFold,2,5,108378,No railings,No railings,True
attr_has_pedestrian_railing,attr_has_pedestrian_railing,data/processed/train/attr_has_pedestrian_railing_train.csv,data/features/dinov3_vitb16_remaining_attributes_assets.csv,classification,dinov3_frozen_embeddings_random_forest,random_forest,StratifiedGroupKFold,2,5,108662,No railings,No railings,True
attr_has_pedestrian_railing,attr_has_pedestrian_railing,data/processed/train/attr_has_pedestrian_railing_train.csv,data/features/dinov3_vitb16_remaining_attributes_assets.csv,classification,dinov3_frozen_embeddings_random_forest,random_forest,StratifiedGroupKFold,2,5,108665,No railings,No railings,True
attr_has_pedestrian_railing,attr_has_pedestrian_railing,data/processed/train/attr_has_pedestrian_railing_train.csv,data/features/dinov3_vitb16_remaining_attributes_assets.csv,classification,dinov3_frozen_embeddings_random_forest,random_forest,StratifiedGroupKFold,2,5,108725,No railings,No railings,True
attr_has_pedestrian_railing,attr_has_pedestrian_railing,data/processed/train/attr_has_pedestrian_railing_train.csv,data/features/dinov3_vitb16_remaining_attributes_assets.csv,classification,dinov3_frozen_embeddings_random_forest,random_forest,StratifiedGroupKFold,2,5,108781,No railings,No railings,True
attr_has_pedestrian_railing,attr_has_pedestrian_railing,data/processed/train/attr_has_pedestrian_railing_train.csv,data/features/dinov3_vitb16_remaining_attributes_assets.csv,classification,dinov3_frozen_embeddings_random_forest,random_forest,StratifiedGroupKFold,2,5,109148,No railings,No railings,True
attr_has_pedestrian_railing,attr_has_pedestrian_railing,data/processed/train/attr_has_pedestrian_railing_train.csv,data/features/dinov3_vitb16_remaining_attributes_assets.csv,classification,dinov3_frozen_embeddings_random_forest,random_forest,StratifiedGroupKFold,2,5,109166,No railings,No railings,True
attr_has_pedestrian_railing,attr_has_pedestrian_railing,data/processed/train/attr_has_pedestrian_railing_train.csv,data/features/dinov3_vitb16_remaining_attributes_assets.csv,classification,dinov3_frozen_embeddings_random_forest,random_forest,StratifiedGroupKFold,2,5,109167,No railings,No railings,True
attr_has_pedestrian_railing,attr_has_pedestrian_railing,data/processed/train/attr_has_pedestrian_railing_train.csv,data/features/dinov3_vitb16_remaining_attributes_assets.csv,classification,dinov3_frozen_embeddings_random_forest,random_forest,StratifiedGroupKFold,2,5,109560,No railings,No railings,True
attr_has_pedestrian_railing,attr_has_pedestrian_railing,data/processed/train/attr_has_pedestrian_railing_train.csv,data/features/dinov3_vitb16_remaining_attributes_assets.csv,classification,dinov3_frozen_embeddings_random_forest,random_forest,StratifiedGroupKFold,2,5,109619,No railings,No railings,True
attr_has_pedestrian_railing,attr_has_pedestrian_railing,data/processed/train/attr_has_pedestrian_railing_train.csv,data/features/dinov3_vitb16_remaining_attributes_assets.csv,classification,dinov3_frozen_embeddings_random_forest,random_forest,StratifiedGroupKFold,2,5,110131,No railings,No railings,True
attr_has_pedestrian_railing,attr_has_pedestrian_railing,data/processed/train/attr_has_pedestrian_railing_train.csv,data/features/dinov3_vitb16_remaining_attributes_assets.csv,classification,dinov3_frozen_embeddings_random_forest,random_forest,StratifiedGroupKFold,2,5,110839,2 railings,No railings,False
attr_has_pedestrian_railing,attr_has_pedestrian_railing,data/processed/train/attr_has_pedestrian_railing_train.csv,data/features/dinov3_vitb16_remaining_attributes_assets.csv,classification,dinov3_frozen_embeddings_random_forest,random_forest,StratifiedGroupKFold,2,5,111426,No railings,No railings,True
attr_has_pedestrian_railing,attr_has_pedestrian_railing,data/processed/train/attr_has_pedestrian_railing_train.csv,data/features/dinov3_vitb16_remaining_attributes_assets.csv,classification,dinov3_frozen_embeddings_random_forest,random_forest,StratifiedGroupKFold,2,5,112145,No railings,No railings,True
attr_has_pedestrian_railing,attr_has_pedestrian_railing,data/processed/train/attr_has_pedestrian_railing_train.csv,data/features/dinov3_vitb16_remaining_attributes_assets.csv,classification,dinov3_frozen_embeddings_random_forest,random_forest,StratifiedGroupKFold,2,5,112276,No railings,No railings,True
attr_has_pedestrian_railing,attr_has_pedestrian_railing,data/processed/train/attr_has_pedestrian_railing_train.csv,data/features/dinov3_vitb16_remaining_attributes_assets.csv,classification,dinov3_frozen_embeddings_random_forest,random_forest,StratifiedGroupKFold,2,5,112386,No railings,No railings,True
attr_has_pedestrian_railing,attr_has_pedestrian_railing,data/processed/train/attr_has_pedestrian_railing_train.csv,data/features/dinov3_vitb16_remaining_attributes_assets.csv,classification,dinov3_frozen_embeddings_random_forest,random_forest,StratifiedGroupKFold,2,5,112868,No railings,No railings,True
attr_has_pedestrian_railing,attr_has_pedestrian_railing,data/processed/train/attr_has_pedestrian_railing_train.csv,data/features/dinov3_vitb16_remaining_attributes_assets.csv,classification,dinov3_frozen_embeddings_random_forest,random_forest,StratifiedGroupKFold,2,5,113159,No railings,No railings,True
attr_has_pedestrian_railing,attr_has_pedestrian_railing,data/processed/train/attr_has_pedestrian_railing_train.csv,data/features/dinov3_vitb16_remaining_attributes_assets.csv,classification,dinov3_frozen_embeddings_random_forest,random_forest,StratifiedGroupKFold,2,5,113168,No railings,No railings,True
attr_has_pedestrian_railing,attr_has_pedestrian_railing,data/processed/train/attr_has_pedestrian_railing_train.csv,data/features/dinov3_vitb16_remaining_attributes_assets.csv,classification,dinov3_frozen_embeddings_random_forest,random_forest,StratifiedGroupKFold,2,5,113184,No railings,No railings,True
attr_has_pedestrian_railing,attr_has_pedestrian_railing,data/processed/train/attr_has_pedestrian_railing_train.csv,data/features/dinov3_vitb16_remaining_attributes_assets.csv,classification,dinov3_frozen_embeddings_random_forest,random_forest,StratifiedGroupKFold,2,5,114085,No railings,No railings,True
attr_has_pedestrian_railing,attr_has_pedestrian_railing,data/processed/train/attr_has_pedestrian_railing_train.csv,data/features/dinov3_vitb16_remaining_attributes_assets.csv,classification,dinov3_frozen_embeddings_random_forest,random_forest,StratifiedGroupKFold,2,5,114646,No railings,No railings,True
attr_has_pedestrian_railing,attr_has_pedestrian_railing,data/processed/train/attr_has_pedestrian_railing_train.csv,data/features/dinov3_vitb16_remaining_attributes_assets.csv,classification,dinov3_frozen_embeddings_random_forest,random_forest,StratifiedGroupKFold,2,5,114701,No railings,No railings,True
attr_has_pedestrian_railing,attr_has_pedestrian_railing,data/processed/train/attr_has_pedestrian_railing_train.csv,data/features/dinov3_vitb16_remaining_attributes_assets.csv,classification,dinov3_frozen_embeddings_random_forest,random_forest,StratifiedGroupKFold,2,5,114923,No railings,No railings,True
attr_has_pedestrian_railing,attr_has_pedestrian_railing,data/processed/train/attr_has_pedestrian_railing_train.csv,data/features/dinov3_vitb16_remaining_attributes_assets.csv,classification,dinov3_frozen_embeddings_random_forest,random_forest,StratifiedGroupKFold,2,5,114950,No railings,No railings,True
attr_has_pedestrian_railing,attr_has_pedestrian_railing,data/processed/train/attr_has_pedestrian_railing_train.csv,data/features/dinov3_vitb16_remaining_attributes_assets.csv,classification,dinov3_frozen_embeddings_random_forest,random_forest,StratifiedGroupKFold,2,5,115807,No railings,No railings,True
attr_has_pedestrian_railing,attr_has_pedestrian_railing,data/processed/train/attr_has_pedestrian_railing_train.csv,data/features/dinov3_vitb16_remaining_attributes_assets.csv,classification,dinov3_frozen_embeddings_random_forest,random_forest,StratifiedGroupKFold,2,5,115809,No railings,No railings,True
attr_has_pedestrian_railing,attr_has_pedestrian_railing,data/processed/train/attr_has_pedestrian_railing_train.csv,data/features/dinov3_vitb16_remaining_attributes_assets.csv,classification,dinov3_frozen_embeddings_random_forest,random_forest,StratifiedGroupKFold,2,5,115870,No railings,No railings,True
attr_has_pedestrian_railing,attr_has_pedestrian_railing,data/processed/train/attr_has_pedestrian_railing_train.csv,data/features/dinov3_vitb16_remaining_attributes_assets.csv,classification,dinov3_frozen_embeddings_random_forest,random_forest,StratifiedGroupKFold,2,5,117720,No railings,No railings,True
attr_has_pedestrian_railing,attr_has_pedestrian_railing,data/processed/train/attr_has_pedestrian_railing_train.csv,data/features/dinov3_vitb16_remaining_attributes_assets.csv,classification,dinov3_frozen_embeddings_random_forest,random_forest,StratifiedGroupKFold,2,5,118246,No railings,No railings,True
attr_has_pedestrian_railing,attr_has_pedestrian_railing,data/processed/train/attr_has_pedestrian_railing_train.csv,data/features/dinov3_vitb16_remaining_attributes_assets.csv,classification,dinov3_frozen_embeddings_random_forest,random_forest,StratifiedGroupKFold,2,5,118757,No railings,No railings,True
attr_has_pedestrian_railing,attr_has_pedestrian_railing,data/processed/train/attr_has_pedestrian_railing_train.csv,data/features/dinov3_vitb16_remaining_attributes_assets.csv,classification,dinov3_frozen_embeddings_random_forest,random_forest,StratifiedGroupKFold,2,5,121796,No railings,No railings,True
attr_has_pedestrian_railing,attr_has_pedestrian_railing,data/processed/train/attr_has_pedestrian_railing_train.csv,data/features/dinov3_vitb16_remaining_attributes_assets.csv,classification,dinov3_frozen_embeddings_random_forest,random_forest,StratifiedGroupKFold,2,5,122825,No railings,No railings,True
attr_has_pedestrian_railing,attr_has_pedestrian_railing,data/processed/train/attr_has_pedestrian_railing_train.csv,data/features/dinov3_vitb16_remaining_attributes_assets.csv,classification,dinov3_frozen_embeddings_random_forest,random_forest,StratifiedGroupKFold,2,5,123164,No railings,No railings,True
attr_has_pedestrian_railing,attr_has_pedestrian_railing,data/processed/train/attr_has_pedestrian_railing_train.csv,data/features/dinov3_vitb16_remaining_attributes_assets.csv,classification,dinov3_frozen_embeddings_random_forest,random_forest,StratifiedGroupKFold,2,5,124929,No railings,No railings,True
attr_has_pedestrian_railing,attr_has_pedestrian_railing,data/processed/train/attr_has_pedestrian_railing_train.csv,data/features/dinov3_vitb16_remaining_attributes_assets.csv,classification,dinov3_frozen_embeddings_random_forest,random_forest,StratifiedGroupKFold,2,5,126740,No railings,No railings,True
attr_has_pedestrian_railing,attr_has_pedestrian_railing,data/processed/train/attr_has_pedestrian_railing_train.csv,data/features/dinov3_vitb16_remaining_attributes_assets.csv,classification,dinov3_frozen_embeddings_random_forest,random_forest,StratifiedGroupKFold,2,5,126913,No railings,No railings,True
attr_has_pedestrian_railing,attr_has_pedestrian_railing,data/processed/train/attr_has_pedestrian_railing_train.csv,data/features/dinov3_vitb16_remaining_attributes_assets.csv,classification,dinov3_frozen_embeddings_random_forest,random_forest,StratifiedGroupKFold,2,5,127205,No railings,No railings,True
attr_has_pedestrian_railing,attr_has_pedestrian_railing,data/processed/train/attr_has_pedestrian_railing_train.csv,data/features/dinov3_vitb16_remaining_attributes_assets.csv,classification,dinov3_frozen_embeddings_random_forest,random_forest,StratifiedGroupKFold,2,5,127388,2 railings,No railings,False
attr_has_pedestrian_railing,attr_has_pedestrian_railing,data/processed/train/attr_has_pedestrian_railing_train.csv,data/features/dinov3_vitb16_remaining_attributes_assets.csv,classification,dinov3_frozen_embeddings_random_forest,random_forest,StratifiedGroupKFold,2,5,128033,No railings,No railings,True
attr_has_pedestrian_railing,attr_has_pedestrian_railing,data/processed/train/attr_has_pedestrian_railing_train.csv,data/features/dinov3_vitb16_remaining_attributes_assets.csv,classification,dinov3_frozen_embeddings_random_forest,random_forest,StratifiedGroupKFold,2,5,48700,No railings,No railings,True
attr_has_pedestrian_railing,attr_has_pedestrian_railing,data/processed/train/attr_has_pedestrian_railing_train.csv,data/features/dinov3_vitb16_remaining_attributes_assets.csv,classification,dinov3_frozen_embeddings_random_forest,random_forest,StratifiedGroupKFold,2,5,53224,No railings,No railings,True
attr_has_pedestrian_railing,attr_has_pedestrian_railing,data/processed/train/attr_has_pedestrian_railing_train.csv,data/features/dinov3_vitb16_remaining_attributes_assets.csv,classification,dinov3_frozen_embeddings_random_forest,random_forest,StratifiedGroupKFold,2,5,55472,No railings,No railings,True
attr_has_pedestrian_railing,attr_has_pedestrian_railing,data/processed/train/attr_has_pedestrian_railing_train.csv,data/features/dinov3_vitb16_remaining_attributes_assets.csv,classification,dinov3_frozen_embeddings_random_forest,random_forest,StratifiedGroupKFold,2,5,56785,No railings,No railings,True
attr_has_pedestrian_railing,attr_has_pedestrian_railing,data/processed/train/attr_has_pedestrian_railing_train.csv,data/features/dinov3_vitb16_remaining_attributes_assets.csv,classification,dinov3_frozen_embeddings_random_forest,random_forest,StratifiedGroupKFold,2,5,59089,No railings,No railings,True
attr_has_pedestrian_railing,attr_has_pedestrian_railing,data/processed/train/attr_has_pedestrian_railing_train.csv,data/features/dinov3_vitb16_remaining_attributes_assets.csv,classification,dinov3_frozen_embeddings_random_forest,random_forest,StratifiedGroupKFold,2,5,62340,No railings,No railings,True
attr_has_pedestrian_railing,attr_has_pedestrian_railing,data/processed/train/attr_has_pedestrian_railing_train.csv,data/features/dinov3_vitb16_remaining_attributes_assets.csv,classification,dinov3_frozen_embeddings_random_forest,random_forest,StratifiedGroupKFold,2,5,71092,No railings,No railings,True
attr_has_pedestrian_railing,attr_has_pedestrian_railing,data/processed/train/attr_has_pedestrian_railing_train.csv,data/features/dinov3_vitb16_remaining_attributes_assets.csv,classification,dinov3_frozen_embeddings_random_forest,random_forest,StratifiedGroupKFold,2,5,127557,1 railing,No railings,False
attr_has_pedestrian_railing,attr_has_pedestrian_railing,data/processed/train/attr_has_pedestrian_railing_train.csv,data/features/dinov3_vitb16_remaining_attributes_assets.csv,classification,dinov3_frozen_embeddings_random_forest,random_forest,StratifiedGroupKFold,3,5,46933,No railings,No railings,True
attr_has_pedestrian_railing,attr_has_pedestrian_railing,data/processed/train/attr_has_pedestrian_railing_train.csv,data/features/dinov3_vitb16_remaining_attributes_assets.csv,classification,dinov3_frozen_embeddings_random_forest,random_forest,StratifiedGroupKFold,3,5,46935,No railings,No railings,True
attr_has_pedestrian_railing,attr_has_pedestrian_railing,data/processed/train/attr_has_pedestrian_railing_train.csv,data/features/dinov3_vitb16_remaining_attributes_assets.csv,classification,dinov3_frozen_embeddings_random_forest,random_forest,StratifiedGroupKFold,3,5,48637,No railings,No railings,True
attr_has_pedestrian_railing,attr_has_pedestrian_railing,data/processed/train/attr_has_pedestrian_railing_train.csv,data/features/dinov3_vitb16_remaining_attributes_assets.csv,classification,dinov3_frozen_embeddings_random_forest,random_forest,StratifiedGroupKFold,3,5,48634,No railings,No railings,True
attr_has_pedestrian_railing,attr_has_pedestrian_railing,data/processed/train/attr_has_pedestrian_railing_train.csv,data/features/dinov3_vitb16_remaining_attributes_assets.csv,classification,dinov3_frozen_embeddings_random_forest,random_forest,StratifiedGroupKFold,3,5,51603,No railings,No railings,True
attr_has_pedestrian_railing,attr_has_pedestrian_railing,data/processed/train/attr_has_pedestrian_railing_train.csv,data/features/dinov3_vitb16_remaining_attributes_assets.csv,classification,dinov3_frozen_embeddings_random_forest,random_forest,StratifiedGroupKFold,3,5,54329,No railings,No railings,True
attr_has_pedestrian_railing,attr_has_pedestrian_railing,data/processed/train/attr_has_pedestrian_railing_train.csv,data/features/dinov3_vitb16_remaining_attributes_assets.csv,classification,dinov3_frozen_embeddings_random_forest,random_forest,StratifiedGroupKFold,3,5,55645,No railings,No railings,True
attr_has_pedestrian_railing,attr_has_pedestrian_railing,data/processed/train/attr_has_pedestrian_railing_train.csv,data/features/dinov3_vitb16_remaining_attributes_assets.csv,classification,dinov3_frozen_embeddings_random_forest,random_forest,StratifiedGroupKFold,3,5,56345,No railings,No railings,True
attr_has_pedestrian_railing,attr_has_pedestrian_railing,data/processed/train/attr_has_pedestrian_railing_train.csv,data/features/dinov3_vitb16_remaining_attributes_assets.csv,classification,dinov3_frozen_embeddings_random_forest,random_forest,StratifiedGroupKFold,3,5,58171,No railings,No railings,True
attr_has_pedestrian_railing,attr_has_pedestrian_railing,data/processed/train/attr_has_pedestrian_railing_train.csv,data/features/dinov3_vitb16_remaining_attributes_assets.csv,classification,dinov3_frozen_embeddings_random_forest,random_forest,StratifiedGroupKFold,3,5,61114,No railings,No railings,True
attr_has_pedestrian_railing,attr_has_pedestrian_railing,data/processed/train/attr_has_pedestrian_railing_train.csv,data/features/dinov3_vitb16_remaining_attributes_assets.csv,classification,dinov3_frozen_embeddings_random_forest,random_forest,StratifiedGroupKFold,3,5,61734,No railings,No railings,True
attr_has_pedestrian_railing,attr_has_pedestrian_railing,data/processed/train/attr_has_pedestrian_railing_train.csv,data/features/dinov3_vitb16_remaining_attributes_assets.csv,classification,dinov3_frozen_embeddings_random_forest,random_forest,StratifiedGroupKFold,3,5,64261,No railings,No railings,True
attr_has_pedestrian_railing,attr_has_pedestrian_railing,data/processed/train/attr_has_pedestrian_railing_train.csv,data/features/dinov3_vitb16_remaining_attributes_assets.csv,classification,dinov3_frozen_embeddings_random_forest,random_forest,StratifiedGroupKFold,3,5,64260,No railings,No railings,True
attr_has_pedestrian_railing,attr_has_pedestrian_railing,data/processed/train/attr_has_pedestrian_railing_train.csv,data/features/dinov3_vitb16_remaining_attributes_assets.csv,classification,dinov3_frozen_embeddings_random_forest,random_forest,StratifiedGroupKFold,3,5,64888,No railings,No railings,True
attr_has_pedestrian_railing,attr_has_pedestrian_railing,data/processed/train/attr_has_pedestrian_railing_train.csv,data/features/dinov3_vitb16_remaining_attributes_assets.csv,classification,dinov3_frozen_embeddings_random_forest,random_forest,StratifiedGroupKFold,3,5,83898,No railings,No railings,True
attr_has_pedestrian_railing,attr_has_pedestrian_railing,data/processed/train/attr_has_pedestrian_railing_train.csv,data/features/dinov3_vitb16_remaining_attributes_assets.csv,classification,dinov3_frozen_embeddings_random_forest,random_forest,StratifiedGroupKFold,3,5,83925,No railings,No railings,True
attr_has_pedestrian_railing,attr_has_pedestrian_railing,data/processed/train/attr_has_pedestrian_railing_train.csv,data/features/dinov3_vitb16_remaining_attributes_assets.csv,classification,dinov3_frozen_embeddings_random_forest,random_forest,StratifiedGroupKFold,3,5,83941,No railings,No railings,True
attr_has_pedestrian_railing,attr_has_pedestrian_railing,data/processed/train/attr_has_pedestrian_railing_train.csv,data/features/dinov3_vitb16_remaining_attributes_assets.csv,classification,dinov3_frozen_embeddings_random_forest,random_forest,StratifiedGroupKFold,3,5,83943,No railings,No railings,True
attr_has_pedestrian_railing,attr_has_pedestrian_railing,data/processed/train/attr_has_pedestrian_railing_train.csv,data/features/dinov3_vitb16_remaining_attributes_assets.csv,classification,dinov3_frozen_embeddings_random_forest,random_forest,StratifiedGroupKFold,3,5,83936,No railings,No railings,True
attr_has_pedestrian_railing,attr_has_pedestrian_railing,data/processed/train/attr_has_pedestrian_railing_train.csv,data/features/dinov3_vitb16_remaining_attributes_assets.csv,classification,dinov3_frozen_embeddings_random_forest,random_forest,StratifiedGroupKFold,3,5,84099,No railings,No railings,True
attr_has_pedestrian_railing,attr_has_pedestrian_railing,data/processed/train/attr_has_pedestrian_railing_train.csv,data/features/dinov3_vitb16_remaining_attributes_assets.csv,classification,dinov3_frozen_embeddings_random_forest,random_forest,StratifiedGroupKFold,3,5,84101,No railings,No railings,True
attr_has_pedestrian_railing,attr_has_pedestrian_railing,data/processed/train/attr_has_pedestrian_railing_train.csv,data/features/dinov3_vitb16_remaining_attributes_assets.csv,classification,dinov3_frozen_embeddings_random_forest,random_forest,StratifiedGroupKFold,3,5,84106,No railings,No railings,True
attr_has_pedestrian_railing,attr_has_pedestrian_railing,data/processed/train/attr_has_pedestrian_railing_train.csv,data/features/dinov3_vitb16_remaining_attributes_assets.csv,classification,dinov3_frozen_embeddings_random_forest,random_forest,StratifiedGroupKFold,3,5,84113,No railings,No railings,True
attr_has_pedestrian_railing,attr_has_pedestrian_railing,data/processed/train/attr_has_pedestrian_railing_train.csv,data/features/dinov3_vitb16_remaining_attributes_assets.csv,classification,dinov3_frozen_embeddings_random_forest,random_forest,StratifiedGroupKFold,3,5,85171,No railings,No railings,True
attr_has_pedestrian_railing,attr_has_pedestrian_railing,data/processed/train/attr_has_pedestrian_railing_train.csv,data/features/dinov3_vitb16_remaining_attributes_assets.csv,classification,dinov3_frozen_embeddings_random_forest,random_forest,StratifiedGroupKFold,3,5,85091,No railings,No railings,True
attr_has_pedestrian_railing,attr_has_pedestrian_railing,data/processed/train/attr_has_pedestrian_railing_train.csv,data/features/dinov3_vitb16_remaining_attributes_assets.csv,classification,dinov3_frozen_embeddings_random_forest,random_forest,StratifiedGroupKFold,3,5,85474,No railings,No railings,True
attr_has_pedestrian_railing,attr_has_pedestrian_railing,data/processed/train/attr_has_pedestrian_railing_train.csv,data/features/dinov3_vitb16_remaining_attributes_assets.csv,classification,dinov3_frozen_embeddings_random_forest,random_forest,StratifiedGroupKFold,3,5,85484,No railings,No railings,True
attr_has_pedestrian_railing,attr_has_pedestrian_railing,data/processed/train/attr_has_pedestrian_railing_train.csv,data/features/dinov3_vitb16_remaining_attributes_assets.csv,classification,dinov3_frozen_embeddings_random_forest,random_forest,StratifiedGroupKFold,3,5,85498,No railings,No railings,True
attr_has_pedestrian_railing,attr_has_pedestrian_railing,data/processed/train/attr_has_pedestrian_railing_train.csv,data/features/dinov3_vitb16_remaining_attributes_assets.csv,classification,dinov3_frozen_embeddings_random_forest,random_forest,StratifiedGroupKFold,3,5,86006,No railings,No railings,True
attr_has_pedestrian_railing,attr_has_pedestrian_railing,data/processed/train/attr_has_pedestrian_railing_train.csv,data/features/dinov3_vitb16_remaining_attributes_assets.csv,classification,dinov3_frozen_embeddings_random_forest,random_forest,StratifiedGroupKFold,3,5,86066,No railings,No railings,True
attr_has_pedestrian_railing,attr_has_pedestrian_railing,data/processed/train/attr_has_pedestrian_railing_train.csv,data/features/dinov3_vitb16_remaining_attributes_assets.csv,classification,dinov3_frozen_embeddings_random_forest,random_forest,StratifiedGroupKFold,3,5,86068,No railings,No railings,True
attr_has_pedestrian_railing,attr_has_pedestrian_railing,data/processed/train/attr_has_pedestrian_railing_train.csv,data/features/dinov3_vitb16_remaining_attributes_assets.csv,classification,dinov3_frozen_embeddings_random_forest,random_forest,StratifiedGroupKFold,3,5,86071,No railings,No railings,True
attr_has_pedestrian_railing,attr_has_pedestrian_railing,data/processed/train/attr_has_pedestrian_railing_train.csv,data/features/dinov3_vitb16_remaining_attributes_assets.csv,classification,dinov3_frozen_embeddings_random_forest,random_forest,StratifiedGroupKFold,3,5,86075,No railings,No railings,True
attr_has_pedestrian_railing,attr_has_pedestrian_railing,data/processed/train/attr_has_pedestrian_railing_train.csv,data/features/dinov3_vitb16_remaining_attributes_assets.csv,classification,dinov3_frozen_embeddings_random_forest,random_forest,StratifiedGroupKFold,3,5,86080,No railings,No railings,True
attr_has_pedestrian_railing,attr_has_pedestrian_railing,data/processed/train/attr_has_pedestrian_railing_train.csv,data/features/dinov3_vitb16_remaining_attributes_assets.csv,classification,dinov3_frozen_embeddings_random_forest,random_forest,StratifiedGroupKFold,3,5,86101,No railings,No railings,True
attr_has_pedestrian_railing,attr_has_pedestrian_railing,data/processed/train/attr_has_pedestrian_railing_train.csv,data/features/dinov3_vitb16_remaining_attributes_assets.csv,classification,dinov3_frozen_embeddings_random_forest,random_forest,StratifiedGroupKFold,3,5,86105,No railings,No railings,True
attr_has_pedestrian_railing,attr_has_pedestrian_railing,data/processed/train/attr_has_pedestrian_railing_train.csv,data/features/dinov3_vitb16_remaining_attributes_assets.csv,classification,dinov3_frozen_embeddings_random_forest,random_forest,StratifiedGroupKFold,3,5,86108,No railings,No railings,True
attr_has_pedestrian_railing,attr_has_pedestrian_railing,data/processed/train/attr_has_pedestrian_railing_train.csv,data/features/dinov3_vitb16_remaining_attributes_assets.csv,classification,dinov3_frozen_embeddings_random_forest,random_forest,StratifiedGroupKFold,3,5,86112,No railings,No railings,True
attr_has_pedestrian_railing,attr_has_pedestrian_railing,data/processed/train/attr_has_pedestrian_railing_train.csv,data/features/dinov3_vitb16_remaining_attributes_assets.csv,classification,dinov3_frozen_embeddings_random_forest,random_forest,StratifiedGroupKFold,3,5,86115,No railings,No railings,True
attr_has_pedestrian_railing,attr_has_pedestrian_railing,data/processed/train/attr_has_pedestrian_railing_train.csv,data/features/dinov3_vitb16_remaining_attributes_assets.csv,classification,dinov3_frozen_embeddings_random_forest,random_forest,StratifiedGroupKFold,3,5,86119,No railings,No railings,True
attr_has_pedestrian_railing,attr_has_pedestrian_railing,data/processed/train/attr_has_pedestrian_railing_train.csv,data/features/dinov3_vitb16_remaining_attributes_assets.csv,classification,dinov3_frozen_embeddings_random_forest,random_forest,StratifiedGroupKFold,3,5,86118,No railings,No railings,True
attr_has_pedestrian_railing,attr_has_pedestrian_railing,data/processed/train/attr_has_pedestrian_railing_train.csv,data/features/dinov3_vitb16_remaining_attributes_assets.csv,classification,dinov3_frozen_embeddings_random_forest,random_forest,StratifiedGroupKFold,3,5,86124,No railings,No railings,True
attr_has_pedestrian_railing,attr_has_pedestrian_railing,data/processed/train/attr_has_pedestrian_railing_train.csv,data/features/dinov3_vitb16_remaining_attributes_assets.csv,classification,dinov3_frozen_embeddings_random_forest,random_forest,StratifiedGroupKFold,3,5,86133,No railings,No railings,True
attr_has_pedestrian_railing,attr_has_pedestrian_railing,data/processed/train/attr_has_pedestrian_railing_train.csv,data/features/dinov3_vitb16_remaining_attributes_assets.csv,classification,dinov3_frozen_embeddings_random_forest,random_forest,StratifiedGroupKFold,3,5,86136,No railings,No railings,True
attr_has_pedestrian_railing,attr_has_pedestrian_railing,data/processed/train/attr_has_pedestrian_railing_train.csv,data/features/dinov3_vitb16_remaining_attributes_assets.csv,classification,dinov3_frozen_embeddings_random_forest,random_forest,StratifiedGroupKFold,3,5,86146,No railings,No railings,True
attr_has_pedestrian_railing,attr_has_pedestrian_railing,data/processed/train/attr_has_pedestrian_railing_train.csv,data/features/dinov3_vitb16_remaining_attributes_assets.csv,classification,dinov3_frozen_embeddings_random_forest,random_forest,StratifiedGroupKFold,3,5,86145,No railings,No railings,True
attr_has_pedestrian_railing,attr_has_pedestrian_railing,data/processed/train/attr_has_pedestrian_railing_train.csv,data/features/dinov3_vitb16_remaining_attributes_assets.csv,classification,dinov3_frozen_embeddings_random_forest,random_forest,StratifiedGroupKFold,3,5,86148,No railings,No railings,True
attr_has_pedestrian_railing,attr_has_pedestrian_railing,data/processed/train/attr_has_pedestrian_railing_train.csv,data/features/dinov3_vitb16_remaining_attributes_assets.csv,classification,dinov3_frozen_embeddings_random_forest,random_forest,StratifiedGroupKFold,3,5,86153,No railings,No railings,True
attr_has_pedestrian_railing,attr_has_pedestrian_railing,data/processed/train/attr_has_pedestrian_railing_train.csv,data/features/dinov3_vitb16_remaining_attributes_assets.csv,classification,dinov3_frozen_embeddings_random_forest,random_forest,StratifiedGroupKFold,3,5,86155,No railings,No railings,True
attr_has_pedestrian_railing,attr_has_pedestrian_railing,data/processed/train/attr_has_pedestrian_railing_train.csv,data/features/dinov3_vitb16_remaining_attributes_assets.csv,classification,dinov3_frozen_embeddings_random_forest,random_forest,StratifiedGroupKFold,3,5,86169,No railings,No railings,True
attr_has_pedestrian_railing,attr_has_pedestrian_railing,data/processed/train/attr_has_pedestrian_railing_train.csv,data/features/dinov3_vitb16_remaining_attributes_assets.csv,classification,dinov3_frozen_embeddings_random_forest,random_forest,StratifiedGroupKFold,3,5,86170,No railings,No railings,True
attr_has_pedestrian_railing,attr_has_pedestrian_railing,data/processed/train/attr_has_pedestrian_railing_train.csv,data/features/dinov3_vitb16_remaining_attributes_assets.csv,classification,dinov3_frozen_embeddings_random_forest,random_forest,StratifiedGroupKFold,3,5,86181,No railings,No railings,True
attr_has_pedestrian_railing,attr_has_pedestrian_railing,data/processed/train/attr_has_pedestrian_railing_train.csv,data/features/dinov3_vitb16_remaining_attributes_assets.csv,classification,dinov3_frozen_embeddings_random_forest,random_forest,StratifiedGroupKFold,3,5,86184,No railings,No railings,True
attr_has_pedestrian_railing,attr_has_pedestrian_railing,data/processed/train/attr_has_pedestrian_railing_train.csv,data/features/dinov3_vitb16_remaining_attributes_assets.csv,classification,dinov3_frozen_embeddings_random_forest,random_forest,StratifiedGroupKFold,3,5,86201,No railings,No railings,True
attr_has_pedestrian_railing,attr_has_pedestrian_railing,data/processed/train/attr_has_pedestrian_railing_train.csv,data/features/dinov3_vitb16_remaining_attributes_assets.csv,classification,dinov3_frozen_embeddings_random_forest,random_forest,StratifiedGroupKFold,3,5,86204,No railings,No railings,True
attr_has_pedestrian_railing,attr_has_pedestrian_railing,data/processed/train/attr_has_pedestrian_railing_train.csv,data/features/dinov3_vitb16_remaining_attributes_assets.csv,classification,dinov3_frozen_embeddings_random_forest,random_forest,StratifiedGroupKFold,3,5,86222,No railings,No railings,True
attr_has_pedestrian_railing,attr_has_pedestrian_railing,data/processed/train/attr_has_pedestrian_railing_train.csv,data/features/dinov3_vitb16_remaining_attributes_assets.csv,classification,dinov3_frozen_embeddings_random_forest,random_forest,StratifiedGroupKFold,3,5,86224,No railings,No railings,True
attr_has_pedestrian_railing,attr_has_pedestrian_railing,data/processed/train/attr_has_pedestrian_railing_train.csv,data/features/dinov3_vitb16_remaining_attributes_assets.csv,classification,dinov3_frozen_embeddings_random_forest,random_forest,StratifiedGroupKFold,3,5,86223,No railings,No railings,True
attr_has_pedestrian_railing,attr_has_pedestrian_railing,data/processed/train/attr_has_pedestrian_railing_train.csv,data/features/dinov3_vitb16_remaining_attributes_assets.csv,classification,dinov3_frozen_embeddings_random_forest,random_forest,StratifiedGroupKFold,3,5,86226,No railings,No railings,True
attr_has_pedestrian_railing,attr_has_pedestrian_railing,data/processed/train/attr_has_pedestrian_railing_train.csv,data/features/dinov3_vitb16_remaining_attributes_assets.csv,classification,dinov3_frozen_embeddings_random_forest,random_forest,StratifiedGroupKFold,3,5,86245,No railings,No railings,True
attr_has_pedestrian_railing,attr_has_pedestrian_railing,data/processed/train/attr_has_pedestrian_railing_train.csv,data/features/dinov3_vitb16_remaining_attributes_assets.csv,classification,dinov3_frozen_embeddings_random_forest,random_forest,StratifiedGroupKFold,3,5,86255,No railings,No railings,True
attr_has_pedestrian_railing,attr_has_pedestrian_railing,data/processed/train/attr_has_pedestrian_railing_train.csv,data/features/dinov3_vitb16_remaining_attributes_assets.csv,classification,dinov3_frozen_embeddings_random_forest,random_forest,StratifiedGroupKFold,3,5,86258,No railings,No railings,True
attr_has_pedestrian_railing,attr_has_pedestrian_railing,data/processed/train/attr_has_pedestrian_railing_train.csv,data/features/dinov3_vitb16_remaining_attributes_assets.csv,classification,dinov3_frozen_embeddings_random_forest,random_forest,StratifiedGroupKFold,3,5,86363,No railings,No railings,True
attr_has_pedestrian_railing,attr_has_pedestrian_railing,data/processed/train/attr_has_pedestrian_railing_train.csv,data/features/dinov3_vitb16_remaining_attributes_assets.csv,classification,dinov3_frozen_embeddings_random_forest,random_forest,StratifiedGroupKFold,3,5,86896,No railings,No railings,True
attr_has_pedestrian_railing,attr_has_pedestrian_railing,data/processed/train/attr_has_pedestrian_railing_train.csv,data/features/dinov3_vitb16_remaining_attributes_assets.csv,classification,dinov3_frozen_embeddings_random_forest,random_forest,StratifiedGroupKFold,3,5,86899,No railings,No railings,True
attr_has_pedestrian_railing,attr_has_pedestrian_railing,data/processed/train/attr_has_pedestrian_railing_train.csv,data/features/dinov3_vitb16_remaining_attributes_assets.csv,classification,dinov3_frozen_embeddings_random_forest,random_forest,StratifiedGroupKFold,3,5,87500,No railings,No railings,True
attr_has_pedestrian_railing,attr_has_pedestrian_railing,data/processed/train/attr_has_pedestrian_railing_train.csv,data/features/dinov3_vitb16_remaining_attributes_assets.csv,classification,dinov3_frozen_embeddings_random_forest,random_forest,StratifiedGroupKFold,3,5,87530,No railings,No railings,True
attr_has_pedestrian_railing,attr_has_pedestrian_railing,data/processed/train/attr_has_pedestrian_railing_train.csv,data/features/dinov3_vitb16_remaining_attributes_assets.csv,classification,dinov3_frozen_embeddings_random_forest,random_forest,StratifiedGroupKFold,3,5,87561,No railings,No railings,True
attr_has_pedestrian_railing,attr_has_pedestrian_railing,data/processed/train/attr_has_pedestrian_railing_train.csv,data/features/dinov3_vitb16_remaining_attributes_assets.csv,classification,dinov3_frozen_embeddings_random_forest,random_forest,StratifiedGroupKFold,3,5,87583,No railings,No railings,True
attr_has_pedestrian_railing,attr_has_pedestrian_railing,data/processed/train/attr_has_pedestrian_railing_train.csv,data/features/dinov3_vitb16_remaining_attributes_assets.csv,classification,dinov3_frozen_embeddings_random_forest,random_forest,StratifiedGroupKFold,3,5,88094,No railings,No railings,True
attr_has_pedestrian_railing,attr_has_pedestrian_railing,data/processed/train/attr_has_pedestrian_railing_train.csv,data/features/dinov3_vitb16_remaining_attributes_assets.csv,classification,dinov3_frozen_embeddings_random_forest,random_forest,StratifiedGroupKFold,3,5,88261,No railings,No railings,True
attr_has_pedestrian_railing,attr_has_pedestrian_railing,data/processed/train/attr_has_pedestrian_railing_train.csv,data/features/dinov3_vitb16_remaining_attributes_assets.csv,classification,dinov3_frozen_embeddings_random_forest,random_forest,StratifiedGroupKFold,3,5,88270,No railings,No railings,True
attr_has_pedestrian_railing,attr_has_pedestrian_railing,data/processed/train/attr_has_pedestrian_railing_train.csv,data/features/dinov3_vitb16_remaining_attributes_assets.csv,classification,dinov3_frozen_embeddings_random_forest,random_forest,StratifiedGroupKFold,3,5,88279,No railings,No railings,True
attr_has_pedestrian_railing,attr_has_pedestrian_railing,data/processed/train/attr_has_pedestrian_railing_train.csv,data/features/dinov3_vitb16_remaining_attributes_assets.csv,classification,dinov3_frozen_embeddings_random_forest,random_forest,StratifiedGroupKFold,3,5,88674,No railings,No railings,True
attr_has_pedestrian_railing,attr_has_pedestrian_railing,data/processed/train/attr_has_pedestrian_railing_train.csv,data/features/dinov3_vitb16_remaining_attributes_assets.csv,classification,dinov3_frozen_embeddings_random_forest,random_forest,StratifiedGroupKFold,3,5,89448,No railings,No railings,True
attr_has_pedestrian_railing,attr_has_pedestrian_railing,data/processed/train/attr_has_pedestrian_railing_train.csv,data/features/dinov3_vitb16_remaining_attributes_assets.csv,classification,dinov3_frozen_embeddings_random_forest,random_forest,StratifiedGroupKFold,3,5,89584,No railings,No railings,True
attr_has_pedestrian_railing,attr_has_pedestrian_railing,data/processed/train/attr_has_pedestrian_railing_train.csv,data/features/dinov3_vitb16_remaining_attributes_assets.csv,classification,dinov3_frozen_embeddings_random_forest,random_forest,StratifiedGroupKFold,3,5,89595,No railings,No railings,True
attr_has_pedestrian_railing,attr_has_pedestrian_railing,data/processed/train/attr_has_pedestrian_railing_train.csv,data/features/dinov3_vitb16_remaining_attributes_assets.csv,classification,dinov3_frozen_embeddings_random_forest,random_forest,StratifiedGroupKFold,3,5,89712,No railings,No railings,True
attr_has_pedestrian_railing,attr_has_pedestrian_railing,data/processed/train/attr_has_pedestrian_railing_train.csv,data/features/dinov3_vitb16_remaining_attributes_assets.csv,classification,dinov3_frozen_embeddings_random_forest,random_forest,StratifiedGroupKFold,3,5,90324,No railings,No railings,True
attr_has_pedestrian_railing,attr_has_pedestrian_railing,data/processed/train/attr_has_pedestrian_railing_train.csv,data/features/dinov3_vitb16_remaining_attributes_assets.csv,classification,dinov3_frozen_embeddings_random_forest,random_forest,StratifiedGroupKFold,3,5,90325,No railings,No railings,True
attr_has_pedestrian_railing,attr_has_pedestrian_railing,data/processed/train/attr_has_pedestrian_railing_train.csv,data/features/dinov3_vitb16_remaining_attributes_assets.csv,classification,dinov3_frozen_embeddings_random_forest,random_forest,StratifiedGroupKFold,3,5,90329,No railings,No railings,True
attr_has_pedestrian_railing,attr_has_pedestrian_railing,data/processed/train/attr_has_pedestrian_railing_train.csv,data/features/dinov3_vitb16_remaining_attributes_assets.csv,classification,dinov3_frozen_embeddings_random_forest,random_forest,StratifiedGroupKFold,3,5,90341,No railings,No railings,True
attr_has_pedestrian_railing,attr_has_pedestrian_railing,data/processed/train/attr_has_pedestrian_railing_train.csv,data/features/dinov3_vitb16_remaining_attributes_assets.csv,classification,dinov3_frozen_embeddings_random_forest,random_forest,StratifiedGroupKFold,3,5,90342,No railings,No railings,True
attr_has_pedestrian_railing,attr_has_pedestrian_railing,data/processed/train/attr_has_pedestrian_railing_train.csv,data/features/dinov3_vitb16_remaining_attributes_assets.csv,classification,dinov3_frozen_embeddings_random_forest,random_forest,StratifiedGroupKFold,3,5,90345,No railings,No railings,True
attr_has_pedestrian_railing,attr_has_pedestrian_railing,data/processed/train/attr_has_pedestrian_railing_train.csv,data/features/dinov3_vitb16_remaining_attributes_assets.csv,classification,dinov3_frozen_embeddings_random_forest,random_forest,StratifiedGroupKFold,3,5,90377,No railings,No railings,True
attr_has_pedestrian_railing,attr_has_pedestrian_railing,data/processed/train/attr_has_pedestrian_railing_train.csv,data/features/dinov3_vitb16_remaining_attributes_assets.csv,classification,dinov3_frozen_embeddings_random_forest,random_forest,StratifiedGroupKFold,3,5,90387,No railings,No railings,True
attr_has_pedestrian_railing,attr_has_pedestrian_railing,data/processed/train/attr_has_pedestrian_railing_train.csv,data/features/dinov3_vitb16_remaining_attributes_assets.csv,classification,dinov3_frozen_embeddings_random_forest,random_forest,StratifiedGroupKFold,3,5,90498,No railings,No railings,True
attr_has_pedestrian_railing,attr_has_pedestrian_railing,data/processed/train/attr_has_pedestrian_railing_train.csv,data/features/dinov3_vitb16_remaining_attributes_assets.csv,classification,dinov3_frozen_embeddings_random_forest,random_forest,StratifiedGroupKFold,3,5,90500,No railings,No railings,True
attr_has_pedestrian_railing,attr_has_pedestrian_railing,data/processed/train/attr_has_pedestrian_railing_train.csv,data/features/dinov3_vitb16_remaining_attributes_assets.csv,classification,dinov3_frozen_embeddings_random_forest,random_forest,StratifiedGroupKFold,3,5,90501,No railings,No railings,True
attr_has_pedestrian_railing,attr_has_pedestrian_railing,data/processed/train/attr_has_pedestrian_railing_train.csv,data/features/dinov3_vitb16_remaining_attributes_assets.csv,classification,dinov3_frozen_embeddings_random_forest,random_forest,StratifiedGroupKFold,3,5,92006,No railings,No railings,True
attr_has_pedestrian_railing,attr_has_pedestrian_railing,data/processed/train/attr_has_pedestrian_railing_train.csv,data/features/dinov3_vitb16_remaining_attributes_assets.csv,classification,dinov3_frozen_embeddings_random_forest,random_forest,StratifiedGroupKFold,3,5,92017,No railings,No railings,True
attr_has_pedestrian_railing,attr_has_pedestrian_railing,data/processed/train/attr_has_pedestrian_railing_train.csv,data/features/dinov3_vitb16_remaining_attributes_assets.csv,classification,dinov3_frozen_embeddings_random_forest,random_forest,StratifiedGroupKFold,3,5,92021,No railings,No railings,True
attr_has_pedestrian_railing,attr_has_pedestrian_railing,data/processed/train/attr_has_pedestrian_railing_train.csv,data/features/dinov3_vitb16_remaining_attributes_assets.csv,classification,dinov3_frozen_embeddings_random_forest,random_forest,StratifiedGroupKFold,3,5,92034,No railings,No railings,True
attr_has_pedestrian_railing,attr_has_pedestrian_railing,data/processed/train/attr_has_pedestrian_railing_train.csv,data/features/dinov3_vitb16_remaining_attributes_assets.csv,classification,dinov3_frozen_embeddings_random_forest,random_forest,StratifiedGroupKFold,3,5,92035,No railings,No railings,True
attr_has_pedestrian_railing,attr_has_pedestrian_railing,data/processed/train/attr_has_pedestrian_railing_train.csv,data/features/dinov3_vitb16_remaining_attributes_assets.csv,classification,dinov3_frozen_embeddings_random_forest,random_forest,StratifiedGroupKFold,3,5,92041,No railings,No railings,True
attr_has_pedestrian_railing,attr_has_pedestrian_railing,data/processed/train/attr_has_pedestrian_railing_train.csv,data/features/dinov3_vitb16_remaining_attributes_assets.csv,classification,dinov3_frozen_embeddings_random_forest,random_forest,StratifiedGroupKFold,3,5,92057,No railings,No railings,True
attr_has_pedestrian_railing,attr_has_pedestrian_railing,data/processed/train/attr_has_pedestrian_railing_train.csv,data/features/dinov3_vitb16_remaining_attributes_assets.csv,classification,dinov3_frozen_embeddings_random_forest,random_forest,StratifiedGroupKFold,3,5,92066,No railings,No railings,True
attr_has_pedestrian_railing,attr_has_pedestrian_railing,data/processed/train/attr_has_pedestrian_railing_train.csv,data/features/dinov3_vitb16_remaining_attributes_assets.csv,classification,dinov3_frozen_embeddings_random_forest,random_forest,StratifiedGroupKFold,3,5,92072,No railings,No railings,True
attr_has_pedestrian_railing,attr_has_pedestrian_railing,data/processed/train/attr_has_pedestrian_railing_train.csv,data/features/dinov3_vitb16_remaining_attributes_assets.csv,classification,dinov3_frozen_embeddings_random_forest,random_forest,StratifiedGroupKFold,3,5,92073,No railings,No railings,True
attr_has_pedestrian_railing,attr_has_pedestrian_railing,data/processed/train/attr_has_pedestrian_railing_train.csv,data/features/dinov3_vitb16_remaining_attributes_assets.csv,classification,dinov3_frozen_embeddings_random_forest,random_forest,StratifiedGroupKFold,3,5,94275,No railings,No railings,True
attr_has_pedestrian_railing,attr_has_pedestrian_railing,data/processed/train/attr_has_pedestrian_railing_train.csv,data/features/dinov3_vitb16_remaining_attributes_assets.csv,classification,dinov3_frozen_embeddings_random_forest,random_forest,StratifiedGroupKFold,3,5,94277,No railings,No railings,True
attr_has_pedestrian_railing,attr_has_pedestrian_railing,data/processed/train/attr_has_pedestrian_railing_train.csv,data/features/dinov3_vitb16_remaining_attributes_assets.csv,classification,dinov3_frozen_embeddings_random_forest,random_forest,StratifiedGroupKFold,3,5,94279,No railings,No railings,True
attr_has_pedestrian_railing,attr_has_pedestrian_railing,data/processed/train/attr_has_pedestrian_railing_train.csv,data/features/dinov3_vitb16_remaining_attributes_assets.csv,classification,dinov3_frozen_embeddings_random_forest,random_forest,StratifiedGroupKFold,3,5,94284,No railings,No railings,True
attr_has_pedestrian_railing,attr_has_pedestrian_railing,data/processed/train/attr_has_pedestrian_railing_train.csv,data/features/dinov3_vitb16_remaining_attributes_assets.csv,classification,dinov3_frozen_embeddings_random_forest,random_forest,StratifiedGroupKFold,3,5,94291,No railings,No railings,True
attr_has_pedestrian_railing,attr_has_pedestrian_railing,data/processed/train/attr_has_pedestrian_railing_train.csv,data/features/dinov3_vitb16_remaining_attributes_assets.csv,classification,dinov3_frozen_embeddings_random_forest,random_forest,StratifiedGroupKFold,3,5,94294,No railings,No railings,True
attr_has_pedestrian_railing,attr_has_pedestrian_railing,data/processed/train/attr_has_pedestrian_railing_train.csv,data/features/dinov3_vitb16_remaining_attributes_assets.csv,classification,dinov3_frozen_embeddings_random_forest,random_forest,StratifiedGroupKFold,3,5,94300,No railings,No railings,True
attr_has_pedestrian_railing,attr_has_pedestrian_railing,data/processed/train/attr_has_pedestrian_railing_train.csv,data/features/dinov3_vitb16_remaining_attributes_assets.csv,classification,dinov3_frozen_embeddings_random_forest,random_forest,StratifiedGroupKFold,3,5,94303,No railings,No railings,True
attr_has_pedestrian_railing,attr_has_pedestrian_railing,data/processed/train/attr_has_pedestrian_railing_train.csv,data/features/dinov3_vitb16_remaining_attributes_assets.csv,classification,dinov3_frozen_embeddings_random_forest,random_forest,StratifiedGroupKFold,3,5,94310,No railings,No railings,True
attr_has_pedestrian_railing,attr_has_pedestrian_railing,data/processed/train/attr_has_pedestrian_railing_train.csv,data/features/dinov3_vitb16_remaining_attributes_assets.csv,classification,dinov3_frozen_embeddings_random_forest,random_forest,StratifiedGroupKFold,3,5,94327,No railings,No railings,True
attr_has_pedestrian_railing,attr_has_pedestrian_railing,data/processed/train/attr_has_pedestrian_railing_train.csv,data/features/dinov3_vitb16_remaining_attributes_assets.csv,classification,dinov3_frozen_embeddings_random_forest,random_forest,StratifiedGroupKFold,3,5,94335,No railings,No railings,True
attr_has_pedestrian_railing,attr_has_pedestrian_railing,data/processed/train/attr_has_pedestrian_railing_train.csv,data/features/dinov3_vitb16_remaining_attributes_assets.csv,classification,dinov3_frozen_embeddings_random_forest,random_forest,StratifiedGroupKFold,3,5,94337,No railings,No railings,True
attr_has_pedestrian_railing,attr_has_pedestrian_railing,data/processed/train/attr_has_pedestrian_railing_train.csv,data/features/dinov3_vitb16_remaining_attributes_assets.csv,classification,dinov3_frozen_embeddings_random_forest,random_forest,StratifiedGroupKFold,3,5,94345,No railings,No railings,True
attr_has_pedestrian_railing,attr_has_pedestrian_railing,data/processed/train/attr_has_pedestrian_railing_train.csv,data/features/dinov3_vitb16_remaining_attributes_assets.csv,classification,dinov3_frozen_embeddings_random_forest,random_forest,StratifiedGroupKFold,3,5,94348,No railings,No railings,True
attr_has_pedestrian_railing,attr_has_pedestrian_railing,data/processed/train/attr_has_pedestrian_railing_train.csv,data/features/dinov3_vitb16_remaining_attributes_assets.csv,classification,dinov3_frozen_embeddings_random_forest,random_forest,StratifiedGroupKFold,3,5,94350,No railings,No railings,True
attr_has_pedestrian_railing,attr_has_pedestrian_railing,data/processed/train/attr_has_pedestrian_railing_train.csv,data/features/dinov3_vitb16_remaining_attributes_assets.csv,classification,dinov3_frozen_embeddings_random_forest,random_forest,StratifiedGroupKFold,3,5,94355,No railings,No railings,True
attr_has_pedestrian_railing,attr_has_pedestrian_railing,data/processed/train/attr_has_pedestrian_railing_train.csv,data/features/dinov3_vitb16_remaining_attributes_assets.csv,classification,dinov3_frozen_embeddings_random_forest,random_forest,StratifiedGroupKFold,3,5,94356,No railings,No railings,True
attr_has_pedestrian_railing,attr_has_pedestrian_railing,data/processed/train/attr_has_pedestrian_railing_train.csv,data/features/dinov3_vitb16_remaining_attributes_assets.csv,classification,dinov3_frozen_embeddings_random_forest,random_forest,StratifiedGroupKFold,3,5,94364,No railings,No railings,True
attr_has_pedestrian_railing,attr_has_pedestrian_railing,data/processed/train/attr_has_pedestrian_railing_train.csv,data/features/dinov3_vitb16_remaining_attributes_assets.csv,classification,dinov3_frozen_embeddings_random_forest,random_forest,StratifiedGroupKFold,3,5,94365,No railings,No railings,True
attr_has_pedestrian_railing,attr_has_pedestrian_railing,data/processed/train/attr_has_pedestrian_railing_train.csv,data/features/dinov3_vitb16_remaining_attributes_assets.csv,classification,dinov3_frozen_embeddings_random_forest,random_forest,StratifiedGroupKFold,3,5,94366,No railings,No railings,True
attr_has_pedestrian_railing,attr_has_pedestrian_railing,data/processed/train/attr_has_pedestrian_railing_train.csv,data/features/dinov3_vitb16_remaining_attributes_assets.csv,classification,dinov3_frozen_embeddings_random_forest,random_forest,StratifiedGroupKFold,3,5,94382,No railings,No railings,True
attr_has_pedestrian_railing,attr_has_pedestrian_railing,data/processed/train/attr_has_pedestrian_railing_train.csv,data/features/dinov3_vitb16_remaining_attributes_assets.csv,classification,dinov3_frozen_embeddings_random_forest,random_forest,StratifiedGroupKFold,3,5,94389,No railings,No railings,True
attr_has_pedestrian_railing,attr_has_pedestrian_railing,data/processed/train/attr_has_pedestrian_railing_train.csv,data/features/dinov3_vitb16_remaining_attributes_assets.csv,classification,dinov3_frozen_embeddings_random_forest,random_forest,StratifiedGroupKFold,3,5,94406,No railings,No railings,True
attr_has_pedestrian_railing,attr_has_pedestrian_railing,data/processed/train/attr_has_pedestrian_railing_train.csv,data/features/dinov3_vitb16_remaining_attributes_assets.csv,classification,dinov3_frozen_embeddings_random_forest,random_forest,StratifiedGroupKFold,3,5,94420,No railings,No railings,True
attr_has_pedestrian_railing,attr_has_pedestrian_railing,data/processed/train/attr_has_pedestrian_railing_train.csv,data/features/dinov3_vitb16_remaining_attributes_assets.csv,classification,dinov3_frozen_embeddings_random_forest,random_forest,StratifiedGroupKFold,3,5,102415,No railings,No railings,True
attr_has_pedestrian_railing,attr_has_pedestrian_railing,data/processed/train/attr_has_pedestrian_railing_train.csv,data/features/dinov3_vitb16_remaining_attributes_assets.csv,classification,dinov3_frozen_embeddings_random_forest,random_forest,StratifiedGroupKFold,3,5,102472,No railings,No railings,True
attr_has_pedestrian_railing,attr_has_pedestrian_railing,data/processed/train/attr_has_pedestrian_railing_train.csv,data/features/dinov3_vitb16_remaining_attributes_assets.csv,classification,dinov3_frozen_embeddings_random_forest,random_forest,StratifiedGroupKFold,3,5,102545,No railings,No railings,True
attr_has_pedestrian_railing,attr_has_pedestrian_railing,data/processed/train/attr_has_pedestrian_railing_train.csv,data/features/dinov3_vitb16_remaining_attributes_assets.csv,classification,dinov3_frozen_embeddings_random_forest,random_forest,StratifiedGroupKFold,3,5,102979,No railings,No railings,True
attr_has_pedestrian_railing,attr_has_pedestrian_railing,data/processed/train/attr_has_pedestrian_railing_train.csv,data/features/dinov3_vitb16_remaining_attributes_assets.csv,classification,dinov3_frozen_embeddings_random_forest,random_forest,StratifiedGroupKFold,3,5,103710,No railings,No railings,True
attr_has_pedestrian_railing,attr_has_pedestrian_railing,data/processed/train/attr_has_pedestrian_railing_train.csv,data/features/dinov3_vitb16_remaining_attributes_assets.csv,classification,dinov3_frozen_embeddings_random_forest,random_forest,StratifiedGroupKFold,3,5,103737,No railings,No railings,True
attr_has_pedestrian_railing,attr_has_pedestrian_railing,data/processed/train/attr_has_pedestrian_railing_train.csv,data/features/dinov3_vitb16_remaining_attributes_assets.csv,classification,dinov3_frozen_embeddings_random_forest,random_forest,StratifiedGroupKFold,3,5,105246,No railings,No railings,True
attr_has_pedestrian_railing,attr_has_pedestrian_railing,data/processed/train/attr_has_pedestrian_railing_train.csv,data/features/dinov3_vitb16_remaining_attributes_assets.csv,classification,dinov3_frozen_embeddings_random_forest,random_forest,StratifiedGroupKFold,3,5,105250,No railings,No railings,True
attr_has_pedestrian_railing,attr_has_pedestrian_railing,data/processed/train/attr_has_pedestrian_railing_train.csv,data/features/dinov3_vitb16_remaining_attributes_assets.csv,classification,dinov3_frozen_embeddings_random_forest,random_forest,StratifiedGroupKFold,3,5,106937,No railings,No railings,True
attr_has_pedestrian_railing,attr_has_pedestrian_railing,data/processed/train/attr_has_pedestrian_railing_train.csv,data/features/dinov3_vitb16_remaining_attributes_assets.csv,classification,dinov3_frozen_embeddings_random_forest,random_forest,StratifiedGroupKFold,3,5,107079,No railings,No railings,True
attr_has_pedestrian_railing,attr_has_pedestrian_railing,data/processed/train/attr_has_pedestrian_railing_train.csv,data/features/dinov3_vitb16_remaining_attributes_assets.csv,classification,dinov3_frozen_embeddings_random_forest,random_forest,StratifiedGroupKFold,3,5,107082,No railings,No railings,True
attr_has_pedestrian_railing,attr_has_pedestrian_railing,data/processed/train/attr_has_pedestrian_railing_train.csv,data/features/dinov3_vitb16_remaining_attributes_assets.csv,classification,dinov3_frozen_embeddings_random_forest,random_forest,StratifiedGroupKFold,3,5,107322,No railings,No railings,True
attr_has_pedestrian_railing,attr_has_pedestrian_railing,data/processed/train/attr_has_pedestrian_railing_train.csv,data/features/dinov3_vitb16_remaining_attributes_assets.csv,classification,dinov3_frozen_embeddings_random_forest,random_forest,StratifiedGroupKFold,3,5,107359,No railings,No railings,True
attr_has_pedestrian_railing,attr_has_pedestrian_railing,data/processed/train/attr_has_pedestrian_railing_train.csv,data/features/dinov3_vitb16_remaining_attributes_assets.csv,classification,dinov3_frozen_embeddings_random_forest,random_forest,StratifiedGroupKFold,3,5,107364,No railings,No railings,True
attr_has_pedestrian_railing,attr_has_pedestrian_railing,data/processed/train/attr_has_pedestrian_railing_train.csv,data/features/dinov3_vitb16_remaining_attributes_assets.csv,classification,dinov3_frozen_embeddings_random_forest,random_forest,StratifiedGroupKFold,3,5,107365,No railings,No railings,True
attr_has_pedestrian_railing,attr_has_pedestrian_railing,data/processed/train/attr_has_pedestrian_railing_train.csv,data/features/dinov3_vitb16_remaining_attributes_assets.csv,classification,dinov3_frozen_embeddings_random_forest,random_forest,StratifiedGroupKFold,3,5,107590,No railings,No railings,True
attr_has_pedestrian_railing,attr_has_pedestrian_railing,data/processed/train/attr_has_pedestrian_railing_train.csv,data/features/dinov3_vitb16_remaining_attributes_assets.csv,classification,dinov3_frozen_embeddings_random_forest,random_forest,StratifiedGroupKFold,3,5,107602,No railings,No railings,True
attr_has_pedestrian_railing,attr_has_pedestrian_railing,data/processed/train/attr_has_pedestrian_railing_train.csv,data/features/dinov3_vitb16_remaining_attributes_assets.csv,classification,dinov3_frozen_embeddings_random_forest,random_forest,StratifiedGroupKFold,3,5,107874,No railings,No railings,True
attr_has_pedestrian_railing,attr_has_pedestrian_railing,data/processed/train/attr_has_pedestrian_railing_train.csv,data/features/dinov3_vitb16_remaining_attributes_assets.csv,classification,dinov3_frozen_embeddings_random_forest,random_forest,StratifiedGroupKFold,3,5,107883,No railings,No railings,True
attr_has_pedestrian_railing,attr_has_pedestrian_railing,data/processed/train/attr_has_pedestrian_railing_train.csv,data/features/dinov3_vitb16_remaining_attributes_assets.csv,classification,dinov3_frozen_embeddings_random_forest,random_forest,StratifiedGroupKFold,3,5,107906,No railings,No railings,True
attr_has_pedestrian_railing,attr_has_pedestrian_railing,data/processed/train/attr_has_pedestrian_railing_train.csv,data/features/dinov3_vitb16_remaining_attributes_assets.csv,classification,dinov3_frozen_embeddings_random_forest,random_forest,StratifiedGroupKFold,3,5,108292,No railings,No railings,True
attr_has_pedestrian_railing,attr_has_pedestrian_railing,data/processed/train/attr_has_pedestrian_railing_train.csv,data/features/dinov3_vitb16_remaining_attributes_assets.csv,classification,dinov3_frozen_embeddings_random_forest,random_forest,StratifiedGroupKFold,3,5,108353,No railings,No railings,True
attr_has_pedestrian_railing,attr_has_pedestrian_railing,data/processed/train/attr_has_pedestrian_railing_train.csv,data/features/dinov3_vitb16_remaining_attributes_assets.csv,classification,dinov3_frozen_embeddings_random_forest,random_forest,StratifiedGroupKFold,3,5,108381,No railings,No railings,True
attr_has_pedestrian_railing,attr_has_pedestrian_railing,data/processed/train/attr_has_pedestrian_railing_train.csv,data/features/dinov3_vitb16_remaining_attributes_assets.csv,classification,dinov3_frozen_embeddings_random_forest,random_forest,StratifiedGroupKFold,3,5,108398,No railings,No railings,True
attr_has_pedestrian_railing,attr_has_pedestrian_railing,data/processed/train/attr_has_pedestrian_railing_train.csv,data/features/dinov3_vitb16_remaining_attributes_assets.csv,classification,dinov3_frozen_embeddings_random_forest,random_forest,StratifiedGroupKFold,3,5,108780,No railings,No railings,True
attr_has_pedestrian_railing,attr_has_pedestrian_railing,data/processed/train/attr_has_pedestrian_railing_train.csv,data/features/dinov3_vitb16_remaining_attributes_assets.csv,classification,dinov3_frozen_embeddings_random_forest,random_forest,StratifiedGroupKFold,3,5,108784,No railings,No railings,True
attr_has_pedestrian_railing,attr_has_pedestrian_railing,data/processed/train/attr_has_pedestrian_railing_train.csv,data/features/dinov3_vitb16_remaining_attributes_assets.csv,classification,dinov3_frozen_embeddings_random_forest,random_forest,StratifiedGroupKFold,3,5,108790,No railings,No railings,True
attr_has_pedestrian_railing,attr_has_pedestrian_railing,data/processed/train/attr_has_pedestrian_railing_train.csv,data/features/dinov3_vitb16_remaining_attributes_assets.csv,classification,dinov3_frozen_embeddings_random_forest,random_forest,StratifiedGroupKFold,3,5,108795,No railings,No railings,True
attr_has_pedestrian_railing,attr_has_pedestrian_railing,data/processed/train/attr_has_pedestrian_railing_train.csv,data/features/dinov3_vitb16_remaining_attributes_assets.csv,classification,dinov3_frozen_embeddings_random_forest,random_forest,StratifiedGroupKFold,3,5,108798,No railings,No railings,True
attr_has_pedestrian_railing,attr_has_pedestrian_railing,data/processed/train/attr_has_pedestrian_railing_train.csv,data/features/dinov3_vitb16_remaining_attributes_assets.csv,classification,dinov3_frozen_embeddings_random_forest,random_forest,StratifiedGroupKFold,3,5,109163,No railings,No railings,True
attr_has_pedestrian_railing,attr_has_pedestrian_railing,data/processed/train/attr_has_pedestrian_railing_train.csv,data/features/dinov3_vitb16_remaining_attributes_assets.csv,classification,dinov3_frozen_embeddings_random_forest,random_forest,StratifiedGroupKFold,3,5,109702,No railings,No railings,True
attr_has_pedestrian_railing,attr_has_pedestrian_railing,data/processed/train/attr_has_pedestrian_railing_train.csv,data/features/dinov3_vitb16_remaining_attributes_assets.csv,classification,dinov3_frozen_embeddings_random_forest,random_forest,StratifiedGroupKFold,3,5,109822,No railings,No railings,True
attr_has_pedestrian_railing,attr_has_pedestrian_railing,data/processed/train/attr_has_pedestrian_railing_train.csv,data/features/dinov3_vitb16_remaining_attributes_assets.csv,classification,dinov3_frozen_embeddings_random_forest,random_forest,StratifiedGroupKFold,3,5,110228,No railings,No railings,True
attr_has_pedestrian_railing,attr_has_pedestrian_railing,data/processed/train/attr_has_pedestrian_railing_train.csv,data/features/dinov3_vitb16_remaining_attributes_assets.csv,classification,dinov3_frozen_embeddings_random_forest,random_forest,StratifiedGroupKFold,3,5,110281,No railings,No railings,True
attr_has_pedestrian_railing,attr_has_pedestrian_railing,data/processed/train/attr_has_pedestrian_railing_train.csv,data/features/dinov3_vitb16_remaining_attributes_assets.csv,classification,dinov3_frozen_embeddings_random_forest,random_forest,StratifiedGroupKFold,3,5,110293,No railings,No railings,True
attr_has_pedestrian_railing,attr_has_pedestrian_railing,data/processed/train/attr_has_pedestrian_railing_train.csv,data/features/dinov3_vitb16_remaining_attributes_assets.csv,classification,dinov3_frozen_embeddings_random_forest,random_forest,StratifiedGroupKFold,3,5,110463,No railings,No railings,True
attr_has_pedestrian_railing,attr_has_pedestrian_railing,data/processed/train/attr_has_pedestrian_railing_train.csv,data/features/dinov3_vitb16_remaining_attributes_assets.csv,classification,dinov3_frozen_embeddings_random_forest,random_forest,StratifiedGroupKFold,3,5,110467,No railings,No railings,True
attr_has_pedestrian_railing,attr_has_pedestrian_railing,data/processed/train/attr_has_pedestrian_railing_train.csv,data/features/dinov3_vitb16_remaining_attributes_assets.csv,classification,dinov3_frozen_embeddings_random_forest,random_forest,StratifiedGroupKFold,3,5,110571,No railings,No railings,True
attr_has_pedestrian_railing,attr_has_pedestrian_railing,data/processed/train/attr_has_pedestrian_railing_train.csv,data/features/dinov3_vitb16_remaining_attributes_assets.csv,classification,dinov3_frozen_embeddings_random_forest,random_forest,StratifiedGroupKFold,3,5,110578,No railings,No railings,True
attr_has_pedestrian_railing,attr_has_pedestrian_railing,data/processed/train/attr_has_pedestrian_railing_train.csv,data/features/dinov3_vitb16_remaining_attributes_assets.csv,classification,dinov3_frozen_embeddings_random_forest,random_forest,StratifiedGroupKFold,3,5,110832,No railings,No railings,True
attr_has_pedestrian_railing,attr_has_pedestrian_railing,data/processed/train/attr_has_pedestrian_railing_train.csv,data/features/dinov3_vitb16_remaining_attributes_assets.csv,classification,dinov3_frozen_embeddings_random_forest,random_forest,StratifiedGroupKFold,3,5,110955,No railings,No railings,True
attr_has_pedestrian_railing,attr_has_pedestrian_railing,data/processed/train/attr_has_pedestrian_railing_train.csv,data/features/dinov3_vitb16_remaining_attributes_assets.csv,classification,dinov3_frozen_embeddings_random_forest,random_forest,StratifiedGroupKFold,3,5,111005,No railings,No railings,True
attr_has_pedestrian_railing,attr_has_pedestrian_railing,data/processed/train/attr_has_pedestrian_railing_train.csv,data/features/dinov3_vitb16_remaining_attributes_assets.csv,classification,dinov3_frozen_embeddings_random_forest,random_forest,StratifiedGroupKFold,3,5,111644,No railings,No railings,True
attr_has_pedestrian_railing,attr_has_pedestrian_railing,data/processed/train/attr_has_pedestrian_railing_train.csv,data/features/dinov3_vitb16_remaining_attributes_assets.csv,classification,dinov3_frozen_embeddings_random_forest,random_forest,StratifiedGroupKFold,3,5,111671,No railings,No railings,True
attr_has_pedestrian_railing,attr_has_pedestrian_railing,data/processed/train/attr_has_pedestrian_railing_train.csv,data/features/dinov3_vitb16_remaining_attributes_assets.csv,classification,dinov3_frozen_embeddings_random_forest,random_forest,StratifiedGroupKFold,3,5,111675,No railings,No railings,True
attr_has_pedestrian_railing,attr_has_pedestrian_railing,data/processed/train/attr_has_pedestrian_railing_train.csv,data/features/dinov3_vitb16_remaining_attributes_assets.csv,classification,dinov3_frozen_embeddings_random_forest,random_forest,StratifiedGroupKFold,3,5,111729,No railings,No railings,True
attr_has_pedestrian_railing,attr_has_pedestrian_railing,data/processed/train/attr_has_pedestrian_railing_train.csv,data/features/dinov3_vitb16_remaining_attributes_assets.csv,classification,dinov3_frozen_embeddings_random_forest,random_forest,StratifiedGroupKFold,3,5,111767,No railings,No railings,True
attr_has_pedestrian_railing,attr_has_pedestrian_railing,data/processed/train/attr_has_pedestrian_railing_train.csv,data/features/dinov3_vitb16_remaining_attributes_assets.csv,classification,dinov3_frozen_embeddings_random_forest,random_forest,StratifiedGroupKFold,3,5,111791,No railings,No railings,True
attr_has_pedestrian_railing,attr_has_pedestrian_railing,data/processed/train/attr_has_pedestrian_railing_train.csv,data/features/dinov3_vitb16_remaining_attributes_assets.csv,classification,dinov3_frozen_embeddings_random_forest,random_forest,StratifiedGroupKFold,3,5,111803,No railings,No railings,True
attr_has_pedestrian_railing,attr_has_pedestrian_railing,data/processed/train/attr_has_pedestrian_railing_train.csv,data/features/dinov3_vitb16_remaining_attributes_assets.csv,classification,dinov3_frozen_embeddings_random_forest,random_forest,StratifiedGroupKFold,3,5,111805,No railings,No railings,True
attr_has_pedestrian_railing,attr_has_pedestrian_railing,data/processed/train/attr_has_pedestrian_railing_train.csv,data/features/dinov3_vitb16_remaining_attributes_assets.csv,classification,dinov3_frozen_embeddings_random_forest,random_forest,StratifiedGroupKFold,3,5,111815,No railings,No railings,True
attr_has_pedestrian_railing,attr_has_pedestrian_railing,data/processed/train/attr_has_pedestrian_railing_train.csv,data/features/dinov3_vitb16_remaining_attributes_assets.csv,classification,dinov3_frozen_embeddings_random_forest,random_forest,StratifiedGroupKFold,3,5,111824,No railings,No railings,True
attr_has_pedestrian_railing,attr_has_pedestrian_railing,data/processed/train/attr_has_pedestrian_railing_train.csv,data/features/dinov3_vitb16_remaining_attributes_assets.csv,classification,dinov3_frozen_embeddings_random_forest,random_forest,StratifiedGroupKFold,3,5,112571,No railings,No railings,True
attr_has_pedestrian_railing,attr_has_pedestrian_railing,data/processed/train/attr_has_pedestrian_railing_train.csv,data/features/dinov3_vitb16_remaining_attributes_assets.csv,classification,dinov3_frozen_embeddings_random_forest,random_forest,StratifiedGroupKFold,3,5,112579,No railings,No railings,True
attr_has_pedestrian_railing,attr_has_pedestrian_railing,data/processed/train/attr_has_pedestrian_railing_train.csv,data/features/dinov3_vitb16_remaining_attributes_assets.csv,classification,dinov3_frozen_embeddings_random_forest,random_forest,StratifiedGroupKFold,3,5,112612,No railings,No railings,True
attr_has_pedestrian_railing,attr_has_pedestrian_railing,data/processed/train/attr_has_pedestrian_railing_train.csv,data/features/dinov3_vitb16_remaining_attributes_assets.csv,classification,dinov3_frozen_embeddings_random_forest,random_forest,StratifiedGroupKFold,3,5,113178,No railings,No railings,True
attr_has_pedestrian_railing,attr_has_pedestrian_railing,data/processed/train/attr_has_pedestrian_railing_train.csv,data/features/dinov3_vitb16_remaining_attributes_assets.csv,classification,dinov3_frozen_embeddings_random_forest,random_forest,StratifiedGroupKFold,3,5,114039,No railings,No railings,True
attr_has_pedestrian_railing,attr_has_pedestrian_railing,data/processed/train/attr_has_pedestrian_railing_train.csv,data/features/dinov3_vitb16_remaining_attributes_assets.csv,classification,dinov3_frozen_embeddings_random_forest,random_forest,StratifiedGroupKFold,3,5,114050,No railings,No railings,True
attr_has_pedestrian_railing,attr_has_pedestrian_railing,data/processed/train/attr_has_pedestrian_railing_train.csv,data/features/dinov3_vitb16_remaining_attributes_assets.csv,classification,dinov3_frozen_embeddings_random_forest,random_forest,StratifiedGroupKFold,3,5,114286,No railings,No railings,True
attr_has_pedestrian_railing,attr_has_pedestrian_railing,data/processed/train/attr_has_pedestrian_railing_train.csv,data/features/dinov3_vitb16_remaining_attributes_assets.csv,classification,dinov3_frozen_embeddings_random_forest,random_forest,StratifiedGroupKFold,3,5,114934,No railings,No railings,True
attr_has_pedestrian_railing,attr_has_pedestrian_railing,data/processed/train/attr_has_pedestrian_railing_train.csv,data/features/dinov3_vitb16_remaining_attributes_assets.csv,classification,dinov3_frozen_embeddings_random_forest,random_forest,StratifiedGroupKFold,3,5,114946,No railings,No railings,True
attr_has_pedestrian_railing,attr_has_pedestrian_railing,data/processed/train/attr_has_pedestrian_railing_train.csv,data/features/dinov3_vitb16_remaining_attributes_assets.csv,classification,dinov3_frozen_embeddings_random_forest,random_forest,StratifiedGroupKFold,3,5,114953,No railings,No railings,True
attr_has_pedestrian_railing,attr_has_pedestrian_railing,data/processed/train/attr_has_pedestrian_railing_train.csv,data/features/dinov3_vitb16_remaining_attributes_assets.csv,classification,dinov3_frozen_embeddings_random_forest,random_forest,StratifiedGroupKFold,3,5,114955,No railings,No railings,True
attr_has_pedestrian_railing,attr_has_pedestrian_railing,data/processed/train/attr_has_pedestrian_railing_train.csv,data/features/dinov3_vitb16_remaining_attributes_assets.csv,classification,dinov3_frozen_embeddings_random_forest,random_forest,StratifiedGroupKFold,3,5,115444,No railings,No railings,True
attr_has_pedestrian_railing,attr_has_pedestrian_railing,data/processed/train/attr_has_pedestrian_railing_train.csv,data/features/dinov3_vitb16_remaining_attributes_assets.csv,classification,dinov3_frozen_embeddings_random_forest,random_forest,StratifiedGroupKFold,3,5,115447,No railings,No railings,True
attr_has_pedestrian_railing,attr_has_pedestrian_railing,data/processed/train/attr_has_pedestrian_railing_train.csv,data/features/dinov3_vitb16_remaining_attributes_assets.csv,classification,dinov3_frozen_embeddings_random_forest,random_forest,StratifiedGroupKFold,3,5,116739,No railings,No railings,True
attr_has_pedestrian_railing,attr_has_pedestrian_railing,data/processed/train/attr_has_pedestrian_railing_train.csv,data/features/dinov3_vitb16_remaining_attributes_assets.csv,classification,dinov3_frozen_embeddings_random_forest,random_forest,StratifiedGroupKFold,3,5,116769,No railings,No railings,True
attr_has_pedestrian_railing,attr_has_pedestrian_railing,data/processed/train/attr_has_pedestrian_railing_train.csv,data/features/dinov3_vitb16_remaining_attributes_assets.csv,classification,dinov3_frozen_embeddings_random_forest,random_forest,StratifiedGroupKFold,3,5,116848,No railings,No railings,True
attr_has_pedestrian_railing,attr_has_pedestrian_railing,data/processed/train/attr_has_pedestrian_railing_train.csv,data/features/dinov3_vitb16_remaining_attributes_assets.csv,classification,dinov3_frozen_embeddings_random_forest,random_forest,StratifiedGroupKFold,3,5,117141,No railings,No railings,True
attr_has_pedestrian_railing,attr_has_pedestrian_railing,data/processed/train/attr_has_pedestrian_railing_train.csv,data/features/dinov3_vitb16_remaining_attributes_assets.csv,classification,dinov3_frozen_embeddings_random_forest,random_forest,StratifiedGroupKFold,3,5,117156,No railings,No railings,True
attr_has_pedestrian_railing,attr_has_pedestrian_railing,data/processed/train/attr_has_pedestrian_railing_train.csv,data/features/dinov3_vitb16_remaining_attributes_assets.csv,classification,dinov3_frozen_embeddings_random_forest,random_forest,StratifiedGroupKFold,3,5,117208,No railings,No railings,True
attr_has_pedestrian_railing,attr_has_pedestrian_railing,data/processed/train/attr_has_pedestrian_railing_train.csv,data/features/dinov3_vitb16_remaining_attributes_assets.csv,classification,dinov3_frozen_embeddings_random_forest,random_forest,StratifiedGroupKFold,3,5,117217,No railings,No railings,True
attr_has_pedestrian_railing,attr_has_pedestrian_railing,data/processed/train/attr_has_pedestrian_railing_train.csv,data/features/dinov3_vitb16_remaining_attributes_assets.csv,classification,dinov3_frozen_embeddings_random_forest,random_forest,StratifiedGroupKFold,3,5,117218,No railings,No railings,True
attr_has_pedestrian_railing,attr_has_pedestrian_railing,data/processed/train/attr_has_pedestrian_railing_train.csv,data/features/dinov3_vitb16_remaining_attributes_assets.csv,classification,dinov3_frozen_embeddings_random_forest,random_forest,StratifiedGroupKFold,3,5,117362,No railings,No railings,True
attr_has_pedestrian_railing,attr_has_pedestrian_railing,data/processed/train/attr_has_pedestrian_railing_train.csv,data/features/dinov3_vitb16_remaining_attributes_assets.csv,classification,dinov3_frozen_embeddings_random_forest,random_forest,StratifiedGroupKFold,3,5,117587,No railings,No railings,True
attr_has_pedestrian_railing,attr_has_pedestrian_railing,data/processed/train/attr_has_pedestrian_railing_train.csv,data/features/dinov3_vitb16_remaining_attributes_assets.csv,classification,dinov3_frozen_embeddings_random_forest,random_forest,StratifiedGroupKFold,3,5,120667,No railings,No railings,True
attr_has_pedestrian_railing,attr_has_pedestrian_railing,data/processed/train/attr_has_pedestrian_railing_train.csv,data/features/dinov3_vitb16_remaining_attributes_assets.csv,classification,dinov3_frozen_embeddings_random_forest,random_forest,StratifiedGroupKFold,3,5,120668,No railings,No railings,True
attr_has_pedestrian_railing,attr_has_pedestrian_railing,data/processed/train/attr_has_pedestrian_railing_train.csv,data/features/dinov3_vitb16_remaining_attributes_assets.csv,classification,dinov3_frozen_embeddings_random_forest,random_forest,StratifiedGroupKFold,3,5,120670,No railings,No railings,True
attr_has_pedestrian_railing,attr_has_pedestrian_railing,data/processed/train/attr_has_pedestrian_railing_train.csv,data/features/dinov3_vitb16_remaining_attributes_assets.csv,classification,dinov3_frozen_embeddings_random_forest,random_forest,StratifiedGroupKFold,3,5,120673,No railings,No railings,True
attr_has_pedestrian_railing,attr_has_pedestrian_railing,data/processed/train/attr_has_pedestrian_railing_train.csv,data/features/dinov3_vitb16_remaining_attributes_assets.csv,classification,dinov3_frozen_embeddings_random_forest,random_forest,StratifiedGroupKFold,3,5,120687,No railings,No railings,True
attr_has_pedestrian_railing,attr_has_pedestrian_railing,data/processed/train/attr_has_pedestrian_railing_train.csv,data/features/dinov3_vitb16_remaining_attributes_assets.csv,classification,dinov3_frozen_embeddings_random_forest,random_forest,StratifiedGroupKFold,3,5,120693,No railings,No railings,True
attr_has_pedestrian_railing,attr_has_pedestrian_railing,data/processed/train/attr_has_pedestrian_railing_train.csv,data/features/dinov3_vitb16_remaining_attributes_assets.csv,classification,dinov3_frozen_embeddings_random_forest,random_forest,StratifiedGroupKFold,3,5,121010,No railings,No railings,True
attr_has_pedestrian_railing,attr_has_pedestrian_railing,data/processed/train/attr_has_pedestrian_railing_train.csv,data/features/dinov3_vitb16_remaining_attributes_assets.csv,classification,dinov3_frozen_embeddings_random_forest,random_forest,StratifiedGroupKFold,3,5,121011,No railings,No railings,True
attr_has_pedestrian_railing,attr_has_pedestrian_railing,data/processed/train/attr_has_pedestrian_railing_train.csv,data/features/dinov3_vitb16_remaining_attributes_assets.csv,classification,dinov3_frozen_embeddings_random_forest,random_forest,StratifiedGroupKFold,3,5,121248,No railings,No railings,True
attr_has_pedestrian_railing,attr_has_pedestrian_railing,data/processed/train/attr_has_pedestrian_railing_train.csv,data/features/dinov3_vitb16_remaining_attributes_assets.csv,classification,dinov3_frozen_embeddings_random_forest,random_forest,StratifiedGroupKFold,3,5,121480,No railings,No railings,True
attr_has_pedestrian_railing,attr_has_pedestrian_railing,data/processed/train/attr_has_pedestrian_railing_train.csv,data/features/dinov3_vitb16_remaining_attributes_assets.csv,classification,dinov3_frozen_embeddings_random_forest,random_forest,StratifiedGroupKFold,3,5,121481,No railings,No railings,True
attr_has_pedestrian_railing,attr_has_pedestrian_railing,data/processed/train/attr_has_pedestrian_railing_train.csv,data/features/dinov3_vitb16_remaining_attributes_assets.csv,classification,dinov3_frozen_embeddings_random_forest,random_forest,StratifiedGroupKFold,3,5,121594,No railings,No railings,True
attr_has_pedestrian_railing,attr_has_pedestrian_railing,data/processed/train/attr_has_pedestrian_railing_train.csv,data/features/dinov3_vitb16_remaining_attributes_assets.csv,classification,dinov3_frozen_embeddings_random_forest,random_forest,StratifiedGroupKFold,3,5,121596,No railings,No railings,True
attr_has_pedestrian_railing,attr_has_pedestrian_railing,data/processed/train/attr_has_pedestrian_railing_train.csv,data/features/dinov3_vitb16_remaining_attributes_assets.csv,classification,dinov3_frozen_embeddings_random_forest,random_forest,StratifiedGroupKFold,3,5,121601,No railings,No railings,True
attr_has_pedestrian_railing,attr_has_pedestrian_railing,data/processed/train/attr_has_pedestrian_railing_train.csv,data/features/dinov3_vitb16_remaining_attributes_assets.csv,classification,dinov3_frozen_embeddings_random_forest,random_forest,StratifiedGroupKFold,3,5,121612,No railings,No railings,True
attr_has_pedestrian_railing,attr_has_pedestrian_railing,data/processed/train/attr_has_pedestrian_railing_train.csv,data/features/dinov3_vitb16_remaining_attributes_assets.csv,classification,dinov3_frozen_embeddings_random_forest,random_forest,StratifiedGroupKFold,3,5,121670,No railings,No railings,True
attr_has_pedestrian_railing,attr_has_pedestrian_railing,data/processed/train/attr_has_pedestrian_railing_train.csv,data/features/dinov3_vitb16_remaining_attributes_assets.csv,classification,dinov3_frozen_embeddings_random_forest,random_forest,StratifiedGroupKFold,3,5,121747,No railings,No railings,True
attr_has_pedestrian_railing,attr_has_pedestrian_railing,data/processed/train/attr_has_pedestrian_railing_train.csv,data/features/dinov3_vitb16_remaining_attributes_assets.csv,classification,dinov3_frozen_embeddings_random_forest,random_forest,StratifiedGroupKFold,3,5,121748,No railings,No railings,True
attr_has_pedestrian_railing,attr_has_pedestrian_railing,data/processed/train/attr_has_pedestrian_railing_train.csv,data/features/dinov3_vitb16_remaining_attributes_assets.csv,classification,dinov3_frozen_embeddings_random_forest,random_forest,StratifiedGroupKFold,3,5,121777,No railings,No railings,True
attr_has_pedestrian_railing,attr_has_pedestrian_railing,data/processed/train/attr_has_pedestrian_railing_train.csv,data/features/dinov3_vitb16_remaining_attributes_assets.csv,classification,dinov3_frozen_embeddings_random_forest,random_forest,StratifiedGroupKFold,3,5,121785,No railings,No railings,True
attr_has_pedestrian_railing,attr_has_pedestrian_railing,data/processed/train/attr_has_pedestrian_railing_train.csv,data/features/dinov3_vitb16_remaining_attributes_assets.csv,classification,dinov3_frozen_embeddings_random_forest,random_forest,StratifiedGroupKFold,3,5,121792,No railings,No railings,True
attr_has_pedestrian_railing,attr_has_pedestrian_railing,data/processed/train/attr_has_pedestrian_railing_train.csv,data/features/dinov3_vitb16_remaining_attributes_assets.csv,classification,dinov3_frozen_embeddings_random_forest,random_forest,StratifiedGroupKFold,3,5,122406,No railings,No railings,True
attr_has_pedestrian_railing,attr_has_pedestrian_railing,data/processed/train/attr_has_pedestrian_railing_train.csv,data/features/dinov3_vitb16_remaining_attributes_assets.csv,classification,dinov3_frozen_embeddings_random_forest,random_forest,StratifiedGroupKFold,3,5,122751,No railings,No railings,True
attr_has_pedestrian_railing,attr_has_pedestrian_railing,data/processed/train/attr_has_pedestrian_railing_train.csv,data/features/dinov3_vitb16_remaining_attributes_assets.csv,classification,dinov3_frozen_embeddings_random_forest,random_forest,StratifiedGroupKFold,3,5,122856,No railings,No railings,True
attr_has_pedestrian_railing,attr_has_pedestrian_railing,data/processed/train/attr_has_pedestrian_railing_train.csv,data/features/dinov3_vitb16_remaining_attributes_assets.csv,classification,dinov3_frozen_embeddings_random_forest,random_forest,StratifiedGroupKFold,3,5,123099,No railings,No railings,True
attr_has_pedestrian_railing,attr_has_pedestrian_railing,data/processed/train/attr_has_pedestrian_railing_train.csv,data/features/dinov3_vitb16_remaining_attributes_assets.csv,classification,dinov3_frozen_embeddings_random_forest,random_forest,StratifiedGroupKFold,3,5,123142,No railings,No railings,True
attr_has_pedestrian_railing,attr_has_pedestrian_railing,data/processed/train/attr_has_pedestrian_railing_train.csv,data/features/dinov3_vitb16_remaining_attributes_assets.csv,classification,dinov3_frozen_embeddings_random_forest,random_forest,StratifiedGroupKFold,3,5,123143,No railings,No railings,True
attr_has_pedestrian_railing,attr_has_pedestrian_railing,data/processed/train/attr_has_pedestrian_railing_train.csv,data/features/dinov3_vitb16_remaining_attributes_assets.csv,classification,dinov3_frozen_embeddings_random_forest,random_forest,StratifiedGroupKFold,3,5,123258,No railings,No railings,True
attr_has_pedestrian_railing,attr_has_pedestrian_railing,data/processed/train/attr_has_pedestrian_railing_train.csv,data/features/dinov3_vitb16_remaining_attributes_assets.csv,classification,dinov3_frozen_embeddings_random_forest,random_forest,StratifiedGroupKFold,3,5,123603,No railings,No railings,True
attr_has_pedestrian_railing,attr_has_pedestrian_railing,data/processed/train/attr_has_pedestrian_railing_train.csv,data/features/dinov3_vitb16_remaining_attributes_assets.csv,classification,dinov3_frozen_embeddings_random_forest,random_forest,StratifiedGroupKFold,3,5,124739,No railings,No railings,True
attr_has_pedestrian_railing,attr_has_pedestrian_railing,data/processed/train/attr_has_pedestrian_railing_train.csv,data/features/dinov3_vitb16_remaining_attributes_assets.csv,classification,dinov3_frozen_embeddings_random_forest,random_forest,StratifiedGroupKFold,3,5,126335,No railings,No railings,True
attr_has_pedestrian_railing,attr_has_pedestrian_railing,data/processed/train/attr_has_pedestrian_railing_train.csv,data/features/dinov3_vitb16_remaining_attributes_assets.csv,classification,dinov3_frozen_embeddings_random_forest,random_forest,StratifiedGroupKFold,3,5,126697,No railings,No railings,True
attr_has_pedestrian_railing,attr_has_pedestrian_railing,data/processed/train/attr_has_pedestrian_railing_train.csv,data/features/dinov3_vitb16_remaining_attributes_assets.csv,classification,dinov3_frozen_embeddings_random_forest,random_forest,StratifiedGroupKFold,3,5,126783,No railings,No railings,True
attr_has_pedestrian_railing,attr_has_pedestrian_railing,data/processed/train/attr_has_pedestrian_railing_train.csv,data/features/dinov3_vitb16_remaining_attributes_assets.csv,classification,dinov3_frozen_embeddings_random_forest,random_forest,StratifiedGroupKFold,3,5,126807,No railings,No railings,True
attr_has_pedestrian_railing,attr_has_pedestrian_railing,data/processed/train/attr_has_pedestrian_railing_train.csv,data/features/dinov3_vitb16_remaining_attributes_assets.csv,classification,dinov3_frozen_embeddings_random_forest,random_forest,StratifiedGroupKFold,3,5,127131,No railings,No railings,True
attr_has_pedestrian_railing,attr_has_pedestrian_railing,data/processed/train/attr_has_pedestrian_railing_train.csv,data/features/dinov3_vitb16_remaining_attributes_assets.csv,classification,dinov3_frozen_embeddings_random_forest,random_forest,StratifiedGroupKFold,3,5,127167,No railings,No railings,True
attr_has_pedestrian_railing,attr_has_pedestrian_railing,data/processed/train/attr_has_pedestrian_railing_train.csv,data/features/dinov3_vitb16_remaining_attributes_assets.csv,classification,dinov3_frozen_embeddings_random_forest,random_forest,StratifiedGroupKFold,3,5,127231,No railings,No railings,True
attr_has_pedestrian_railing,attr_has_pedestrian_railing,data/processed/train/attr_has_pedestrian_railing_train.csv,data/features/dinov3_vitb16_remaining_attributes_assets.csv,classification,dinov3_frozen_embeddings_random_forest,random_forest,StratifiedGroupKFold,3,5,127458,No railings,No railings,True
attr_has_pedestrian_railing,attr_has_pedestrian_railing,data/processed/train/attr_has_pedestrian_railing_train.csv,data/features/dinov3_vitb16_remaining_attributes_assets.csv,classification,dinov3_frozen_embeddings_random_forest,random_forest,StratifiedGroupKFold,3,5,128637,No railings,No railings,True
attr_has_pedestrian_railing,attr_has_pedestrian_railing,data/processed/train/attr_has_pedestrian_railing_train.csv,data/features/dinov3_vitb16_remaining_attributes_assets.csv,classification,dinov3_frozen_embeddings_random_forest,random_forest,StratifiedGroupKFold,3,5,128638,No railings,No railings,True
attr_has_pedestrian_railing,attr_has_pedestrian_railing,data/processed/train/attr_has_pedestrian_railing_train.csv,data/features/dinov3_vitb16_remaining_attributes_assets.csv,classification,dinov3_frozen_embeddings_random_forest,random_forest,StratifiedGroupKFold,3,5,81881,No railings,No railings,True
attr_has_pedestrian_railing,attr_has_pedestrian_railing,data/processed/train/attr_has_pedestrian_railing_train.csv,data/features/dinov3_vitb16_remaining_attributes_assets.csv,classification,dinov3_frozen_embeddings_random_forest,random_forest,StratifiedGroupKFold,3,5,107070,No railings,No railings,True
attr_has_pedestrian_railing,attr_has_pedestrian_railing,data/processed/train/attr_has_pedestrian_railing_train.csv,data/features/dinov3_vitb16_remaining_attributes_assets.csv,classification,dinov3_frozen_embeddings_random_forest,random_forest,StratifiedGroupKFold,3,5,114060,No railings,No railings,True
attr_has_pedestrian_railing,attr_has_pedestrian_railing,data/processed/train/attr_has_pedestrian_railing_train.csv,data/features/dinov3_vitb16_remaining_attributes_assets.csv,classification,dinov3_frozen_embeddings_random_forest,random_forest,StratifiedGroupKFold,3,5,114198,No railings,No railings,True
attr_has_pedestrian_railing,attr_has_pedestrian_railing,data/processed/train/attr_has_pedestrian_railing_train.csv,data/features/dinov3_vitb16_remaining_attributes_assets.csv,classification,dinov3_frozen_embeddings_random_forest,random_forest,StratifiedGroupKFold,3,5,114247,No railings,No railings,True
attr_has_pedestrian_railing,attr_has_pedestrian_railing,data/processed/train/attr_has_pedestrian_railing_train.csv,data/features/dinov3_vitb16_remaining_attributes_assets.csv,classification,dinov3_frozen_embeddings_random_forest,random_forest,StratifiedGroupKFold,3,5,114255,No railings,No railings,True
attr_has_pedestrian_railing,attr_has_pedestrian_railing,data/processed/train/attr_has_pedestrian_railing_train.csv,data/features/dinov3_vitb16_remaining_attributes_assets.csv,classification,dinov3_frozen_embeddings_random_forest,random_forest,StratifiedGroupKFold,3,5,114261,No railings,No railings,True
attr_has_pedestrian_railing,attr_has_pedestrian_railing,data/processed/train/attr_has_pedestrian_railing_train.csv,data/features/dinov3_vitb16_remaining_attributes_assets.csv,classification,dinov3_frozen_embeddings_random_forest,random_forest,StratifiedGroupKFold,3,5,116552,No railings,No railings,True
attr_has_pedestrian_railing,attr_has_pedestrian_railing,data/processed/train/attr_has_pedestrian_railing_train.csv,data/features/dinov3_vitb16_remaining_attributes_assets.csv,classification,dinov3_frozen_embeddings_random_forest,random_forest,StratifiedGroupKFold,3,5,117576,No railings,No railings,True
attr_has_pedestrian_railing,attr_has_pedestrian_railing,data/processed/train/attr_has_pedestrian_railing_train.csv,data/features/dinov3_vitb16_remaining_attributes_assets.csv,classification,dinov3_frozen_embeddings_random_forest,random_forest,StratifiedGroupKFold,3,5,122443,No railings,No railings,True
attr_has_pedestrian_railing,attr_has_pedestrian_railing,data/processed/train/attr_has_pedestrian_railing_train.csv,data/features/dinov3_vitb16_remaining_attributes_assets.csv,classification,dinov3_frozen_embeddings_random_forest,random_forest,StratifiedGroupKFold,3,5,127074,No railings,No railings,True
attr_has_pedestrian_railing,attr_has_pedestrian_railing,data/processed/train/attr_has_pedestrian_railing_train.csv,data/features/dinov3_vitb16_remaining_attributes_assets.csv,classification,dinov3_frozen_embeddings_random_forest,random_forest,StratifiedGroupKFold,3,5,128876,1 railing,No railings,False
attr_has_pedestrian_railing,attr_has_pedestrian_railing,data/processed/train/attr_has_pedestrian_railing_train.csv,data/features/dinov3_vitb16_remaining_attributes_assets.csv,classification,dinov3_frozen_embeddings_random_forest,random_forest,StratifiedGroupKFold,3,5,49703,No railings,No railings,True
attr_has_pedestrian_railing,attr_has_pedestrian_railing,data/processed/train/attr_has_pedestrian_railing_train.csv,data/features/dinov3_vitb16_remaining_attributes_assets.csv,classification,dinov3_frozen_embeddings_random_forest,random_forest,StratifiedGroupKFold,3,5,49704,No railings,No railings,True
attr_has_pedestrian_railing,attr_has_pedestrian_railing,data/processed/train/attr_has_pedestrian_railing_train.csv,data/features/dinov3_vitb16_remaining_attributes_assets.csv,classification,dinov3_frozen_embeddings_random_forest,random_forest,StratifiedGroupKFold,3,5,49705,No railings,No railings,True
attr_has_pedestrian_railing,attr_has_pedestrian_railing,data/processed/train/attr_has_pedestrian_railing_train.csv,data/features/dinov3_vitb16_remaining_attributes_assets.csv,classification,dinov3_frozen_embeddings_random_forest,random_forest,StratifiedGroupKFold,3,5,49710,1 railing,No railings,False
attr_has_pedestrian_railing,attr_has_pedestrian_railing,data/processed/train/attr_has_pedestrian_railing_train.csv,data/features/dinov3_vitb16_remaining_attributes_assets.csv,classification,dinov3_frozen_embeddings_random_forest,random_forest,StratifiedGroupKFold,3,5,50514,No railings,No railings,True
attr_has_pedestrian_railing,attr_has_pedestrian_railing,data/processed/train/attr_has_pedestrian_railing_train.csv,data/features/dinov3_vitb16_remaining_attributes_assets.csv,classification,dinov3_frozen_embeddings_random_forest,random_forest,StratifiedGroupKFold,3,5,51695,No railings,No railings,True
attr_has_pedestrian_railing,attr_has_pedestrian_railing,data/processed/train/attr_has_pedestrian_railing_train.csv,data/features/dinov3_vitb16_remaining_attributes_assets.csv,classification,dinov3_frozen_embeddings_random_forest,random_forest,StratifiedGroupKFold,3,5,53213,1 railing,1 railing,True
attr_has_pedestrian_railing,attr_has_pedestrian_railing,data/processed/train/attr_has_pedestrian_railing_train.csv,data/features/dinov3_vitb16_remaining_attributes_assets.csv,classification,dinov3_frozen_embeddings_random_forest,random_forest,StratifiedGroupKFold,3,5,53807,1 railing,No railings,False
attr_has_pedestrian_railing,attr_has_pedestrian_railing,data/processed/train/attr_has_pedestrian_railing_train.csv,data/features/dinov3_vitb16_remaining_attributes_assets.csv,classification,dinov3_frozen_embeddings_random_forest,random_forest,StratifiedGroupKFold,3,5,54335,2 railings,No railings,False
attr_has_pedestrian_railing,attr_has_pedestrian_railing,data/processed/train/attr_has_pedestrian_railing_train.csv,data/features/dinov3_vitb16_remaining_attributes_assets.csv,classification,dinov3_frozen_embeddings_random_forest,random_forest,StratifiedGroupKFold,3,5,55708,No railings,No railings,True
attr_has_pedestrian_railing,attr_has_pedestrian_railing,data/processed/train/attr_has_pedestrian_railing_train.csv,data/features/dinov3_vitb16_remaining_attributes_assets.csv,classification,dinov3_frozen_embeddings_random_forest,random_forest,StratifiedGroupKFold,3,5,55912,1 railing,No railings,False
attr_has_pedestrian_railing,attr_has_pedestrian_railing,data/processed/train/attr_has_pedestrian_railing_train.csv,data/features/dinov3_vitb16_remaining_attributes_assets.csv,classification,dinov3_frozen_embeddings_random_forest,random_forest,StratifiedGroupKFold,3,5,56477,No railings,No railings,True
attr_has_pedestrian_railing,attr_has_pedestrian_railing,data/processed/train/attr_has_pedestrian_railing_train.csv,data/features/dinov3_vitb16_remaining_attributes_assets.csv,classification,dinov3_frozen_embeddings_random_forest,random_forest,StratifiedGroupKFold,3,5,61846,No railings,No railings,True
attr_has_pedestrian_railing,attr_has_pedestrian_railing,data/processed/train/attr_has_pedestrian_railing_train.csv,data/features/dinov3_vitb16_remaining_attributes_assets.csv,classification,dinov3_frozen_embeddings_random_forest,random_forest,StratifiedGroupKFold,3,5,62890,No railings,No railings,True
attr_has_pedestrian_railing,attr_has_pedestrian_railing,data/processed/train/attr_has_pedestrian_railing_train.csv,data/features/dinov3_vitb16_remaining_attributes_assets.csv,classification,dinov3_frozen_embeddings_random_forest,random_forest,StratifiedGroupKFold,3,5,64459,No railings,No railings,True
attr_has_pedestrian_railing,attr_has_pedestrian_railing,data/processed/train/attr_has_pedestrian_railing_train.csv,data/features/dinov3_vitb16_remaining_attributes_assets.csv,classification,dinov3_frozen_embeddings_random_forest,random_forest,StratifiedGroupKFold,3,5,64840,No railings,No railings,True
attr_has_pedestrian_railing,attr_has_pedestrian_railing,data/processed/train/attr_has_pedestrian_railing_train.csv,data/features/dinov3_vitb16_remaining_attributes_assets.csv,classification,dinov3_frozen_embeddings_random_forest,random_forest,StratifiedGroupKFold,3,5,67211,No railings,No railings,True
attr_has_pedestrian_railing,attr_has_pedestrian_railing,data/processed/train/attr_has_pedestrian_railing_train.csv,data/features/dinov3_vitb16_remaining_attributes_assets.csv,classification,dinov3_frozen_embeddings_random_forest,random_forest,StratifiedGroupKFold,3,5,80606,1 railing,No railings,False
attr_has_pedestrian_railing,attr_has_pedestrian_railing,data/processed/train/attr_has_pedestrian_railing_train.csv,data/features/dinov3_vitb16_remaining_attributes_assets.csv,classification,dinov3_frozen_embeddings_random_forest,random_forest,StratifiedGroupKFold,3,5,82280,2 railings,No railings,False
attr_has_pedestrian_railing,attr_has_pedestrian_railing,data/processed/train/attr_has_pedestrian_railing_train.csv,data/features/dinov3_vitb16_remaining_attributes_assets.csv,classification,dinov3_frozen_embeddings_random_forest,random_forest,StratifiedGroupKFold,3,5,82406,No railings,No railings,True
attr_has_pedestrian_railing,attr_has_pedestrian_railing,data/processed/train/attr_has_pedestrian_railing_train.csv,data/features/dinov3_vitb16_remaining_attributes_assets.csv,classification,dinov3_frozen_embeddings_random_forest,random_forest,StratifiedGroupKFold,3,5,82461,No railings,No railings,True
attr_has_pedestrian_railing,attr_has_pedestrian_railing,data/processed/train/attr_has_pedestrian_railing_train.csv,data/features/dinov3_vitb16_remaining_attributes_assets.csv,classification,dinov3_frozen_embeddings_random_forest,random_forest,StratifiedGroupKFold,3,5,82806,No railings,No railings,True
attr_has_pedestrian_railing,attr_has_pedestrian_railing,data/processed/train/attr_has_pedestrian_railing_train.csv,data/features/dinov3_vitb16_remaining_attributes_assets.csv,classification,dinov3_frozen_embeddings_random_forest,random_forest,StratifiedGroupKFold,3,5,82811,No railings,No railings,True
attr_has_pedestrian_railing,attr_has_pedestrian_railing,data/processed/train/attr_has_pedestrian_railing_train.csv,data/features/dinov3_vitb16_remaining_attributes_assets.csv,classification,dinov3_frozen_embeddings_random_forest,random_forest,StratifiedGroupKFold,3,5,83142,No railings,No railings,True
attr_has_pedestrian_railing,attr_has_pedestrian_railing,data/processed/train/attr_has_pedestrian_railing_train.csv,data/features/dinov3_vitb16_remaining_attributes_assets.csv,classification,dinov3_frozen_embeddings_random_forest,random_forest,StratifiedGroupKFold,3,5,83152,No railings,No railings,True
attr_has_pedestrian_railing,attr_has_pedestrian_railing,data/processed/train/attr_has_pedestrian_railing_train.csv,data/features/dinov3_vitb16_remaining_attributes_assets.csv,classification,dinov3_frozen_embeddings_random_forest,random_forest,StratifiedGroupKFold,3,5,85476,No railings,No railings,True
attr_has_pedestrian_railing,attr_has_pedestrian_railing,data/processed/train/attr_has_pedestrian_railing_train.csv,data/features/dinov3_vitb16_remaining_attributes_assets.csv,classification,dinov3_frozen_embeddings_random_forest,random_forest,StratifiedGroupKFold,3,5,85964,No railings,No railings,True
attr_has_pedestrian_railing,attr_has_pedestrian_railing,data/processed/train/attr_has_pedestrian_railing_train.csv,data/features/dinov3_vitb16_remaining_attributes_assets.csv,classification,dinov3_frozen_embeddings_random_forest,random_forest,StratifiedGroupKFold,3,5,86143,No railings,No railings,True
attr_has_pedestrian_railing,attr_has_pedestrian_railing,data/processed/train/attr_has_pedestrian_railing_train.csv,data/features/dinov3_vitb16_remaining_attributes_assets.csv,classification,dinov3_frozen_embeddings_random_forest,random_forest,StratifiedGroupKFold,3,5,89201,1 railing,No railings,False
attr_has_pedestrian_railing,attr_has_pedestrian_railing,data/processed/train/attr_has_pedestrian_railing_train.csv,data/features/dinov3_vitb16_remaining_attributes_assets.csv,classification,dinov3_frozen_embeddings_random_forest,random_forest,StratifiedGroupKFold,3,5,89639,No railings,No railings,True
attr_has_pedestrian_railing,attr_has_pedestrian_railing,data/processed/train/attr_has_pedestrian_railing_train.csv,data/features/dinov3_vitb16_remaining_attributes_assets.csv,classification,dinov3_frozen_embeddings_random_forest,random_forest,StratifiedGroupKFold,3,5,89730,No railings,No railings,True
attr_has_pedestrian_railing,attr_has_pedestrian_railing,data/processed/train/attr_has_pedestrian_railing_train.csv,data/features/dinov3_vitb16_remaining_attributes_assets.csv,classification,dinov3_frozen_embeddings_random_forest,random_forest,StratifiedGroupKFold,3,5,92076,No railings,No railings,True
attr_has_pedestrian_railing,attr_has_pedestrian_railing,data/processed/train/attr_has_pedestrian_railing_train.csv,data/features/dinov3_vitb16_remaining_attributes_assets.csv,classification,dinov3_frozen_embeddings_random_forest,random_forest,StratifiedGroupKFold,3,5,92084,No railings,No railings,True
attr_has_pedestrian_railing,attr_has_pedestrian_railing,data/processed/train/attr_has_pedestrian_railing_train.csv,data/features/dinov3_vitb16_remaining_attributes_assets.csv,classification,dinov3_frozen_embeddings_random_forest,random_forest,StratifiedGroupKFold,3,5,92085,No railings,No railings,True
attr_has_pedestrian_railing,attr_has_pedestrian_railing,data/processed/train/attr_has_pedestrian_railing_train.csv,data/features/dinov3_vitb16_remaining_attributes_assets.csv,classification,dinov3_frozen_embeddings_random_forest,random_forest,StratifiedGroupKFold,3,5,92432,1 railing,No railings,False
attr_has_pedestrian_railing,attr_has_pedestrian_railing,data/processed/train/attr_has_pedestrian_railing_train.csv,data/features/dinov3_vitb16_remaining_attributes_assets.csv,classification,dinov3_frozen_embeddings_random_forest,random_forest,StratifiedGroupKFold,3,5,92436,1 railing,No railings,False
attr_has_pedestrian_railing,attr_has_pedestrian_railing,data/processed/train/attr_has_pedestrian_railing_train.csv,data/features/dinov3_vitb16_remaining_attributes_assets.csv,classification,dinov3_frozen_embeddings_random_forest,random_forest,StratifiedGroupKFold,3,5,93352,2 railings,No railings,False
attr_has_pedestrian_railing,attr_has_pedestrian_railing,data/processed/train/attr_has_pedestrian_railing_train.csv,data/features/dinov3_vitb16_remaining_attributes_assets.csv,classification,dinov3_frozen_embeddings_random_forest,random_forest,StratifiedGroupKFold,3,5,94137,No railings,No railings,True
attr_has_pedestrian_railing,attr_has_pedestrian_railing,data/processed/train/attr_has_pedestrian_railing_train.csv,data/features/dinov3_vitb16_remaining_attributes_assets.csv,classification,dinov3_frozen_embeddings_random_forest,random_forest,StratifiedGroupKFold,3,5,94334,No railings,No railings,True
attr_has_pedestrian_railing,attr_has_pedestrian_railing,data/processed/train/attr_has_pedestrian_railing_train.csv,data/features/dinov3_vitb16_remaining_attributes_assets.csv,classification,dinov3_frozen_embeddings_random_forest,random_forest,StratifiedGroupKFold,3,5,94339,No railings,No railings,True
attr_has_pedestrian_railing,attr_has_pedestrian_railing,data/processed/train/attr_has_pedestrian_railing_train.csv,data/features/dinov3_vitb16_remaining_attributes_assets.csv,classification,dinov3_frozen_embeddings_random_forest,random_forest,StratifiedGroupKFold,3,5,94340,No railings,No railings,True
attr_has_pedestrian_railing,attr_has_pedestrian_railing,data/processed/train/attr_has_pedestrian_railing_train.csv,data/features/dinov3_vitb16_remaining_attributes_assets.csv,classification,dinov3_frozen_embeddings_random_forest,random_forest,StratifiedGroupKFold,3,5,94404,No railings,No railings,True
attr_has_pedestrian_railing,attr_has_pedestrian_railing,data/processed/train/attr_has_pedestrian_railing_train.csv,data/features/dinov3_vitb16_remaining_attributes_assets.csv,classification,dinov3_frozen_embeddings_random_forest,random_forest,StratifiedGroupKFold,3,5,100301,No railings,No railings,True
attr_has_pedestrian_railing,attr_has_pedestrian_railing,data/processed/train/attr_has_pedestrian_railing_train.csv,data/features/dinov3_vitb16_remaining_attributes_assets.csv,classification,dinov3_frozen_embeddings_random_forest,random_forest,StratifiedGroupKFold,3,5,100302,No railings,No railings,True
attr_has_pedestrian_railing,attr_has_pedestrian_railing,data/processed/train/attr_has_pedestrian_railing_train.csv,data/features/dinov3_vitb16_remaining_attributes_assets.csv,classification,dinov3_frozen_embeddings_random_forest,random_forest,StratifiedGroupKFold,3,5,101066,No railings,No railings,True
attr_has_pedestrian_railing,attr_has_pedestrian_railing,data/processed/train/attr_has_pedestrian_railing_train.csv,data/features/dinov3_vitb16_remaining_attributes_assets.csv,classification,dinov3_frozen_embeddings_random_forest,random_forest,StratifiedGroupKFold,3,5,101440,1 railing,No railings,False
attr_has_pedestrian_railing,attr_has_pedestrian_railing,data/processed/train/attr_has_pedestrian_railing_train.csv,data/features/dinov3_vitb16_remaining_attributes_assets.csv,classification,dinov3_frozen_embeddings_random_forest,random_forest,StratifiedGroupKFold,3,5,101739,No railings,No railings,True
attr_has_pedestrian_railing,attr_has_pedestrian_railing,data/processed/train/attr_has_pedestrian_railing_train.csv,data/features/dinov3_vitb16_remaining_attributes_assets.csv,classification,dinov3_frozen_embeddings_random_forest,random_forest,StratifiedGroupKFold,3,5,102425,No railings,No railings,True
attr_has_pedestrian_railing,attr_has_pedestrian_railing,data/processed/train/attr_has_pedestrian_railing_train.csv,data/features/dinov3_vitb16_remaining_attributes_assets.csv,classification,dinov3_frozen_embeddings_random_forest,random_forest,StratifiedGroupKFold,3,5,102455,No railings,No railings,True
attr_has_pedestrian_railing,attr_has_pedestrian_railing,data/processed/train/attr_has_pedestrian_railing_train.csv,data/features/dinov3_vitb16_remaining_attributes_assets.csv,classification,dinov3_frozen_embeddings_random_forest,random_forest,StratifiedGroupKFold,3,5,104721,No railings,No railings,True
attr_has_pedestrian_railing,attr_has_pedestrian_railing,data/processed/train/attr_has_pedestrian_railing_train.csv,data/features/dinov3_vitb16_remaining_attributes_assets.csv,classification,dinov3_frozen_embeddings_random_forest,random_forest,StratifiedGroupKFold,3,5,104870,No railings,No railings,True
attr_has_pedestrian_railing,attr_has_pedestrian_railing,data/processed/train/attr_has_pedestrian_railing_train.csv,data/features/dinov3_vitb16_remaining_attributes_assets.csv,classification,dinov3_frozen_embeddings_random_forest,random_forest,StratifiedGroupKFold,3,5,105614,2 railings,1 railing,False
attr_has_pedestrian_railing,attr_has_pedestrian_railing,data/processed/train/attr_has_pedestrian_railing_train.csv,data/features/dinov3_vitb16_remaining_attributes_assets.csv,classification,dinov3_frozen_embeddings_random_forest,random_forest,StratifiedGroupKFold,3,5,105616,No railings,No railings,True
attr_has_pedestrian_railing,attr_has_pedestrian_railing,data/processed/train/attr_has_pedestrian_railing_train.csv,data/features/dinov3_vitb16_remaining_attributes_assets.csv,classification,dinov3_frozen_embeddings_random_forest,random_forest,StratifiedGroupKFold,3,5,105617,No railings,No railings,True
attr_has_pedestrian_railing,attr_has_pedestrian_railing,data/processed/train/attr_has_pedestrian_railing_train.csv,data/features/dinov3_vitb16_remaining_attributes_assets.csv,classification,dinov3_frozen_embeddings_random_forest,random_forest,StratifiedGroupKFold,3,5,105619,No railings,No railings,True
attr_has_pedestrian_railing,attr_has_pedestrian_railing,data/processed/train/attr_has_pedestrian_railing_train.csv,data/features/dinov3_vitb16_remaining_attributes_assets.csv,classification,dinov3_frozen_embeddings_random_forest,random_forest,StratifiedGroupKFold,3,5,105817,2 railings,No railings,False
attr_has_pedestrian_railing,attr_has_pedestrian_railing,data/processed/train/attr_has_pedestrian_railing_train.csv,data/features/dinov3_vitb16_remaining_attributes_assets.csv,classification,dinov3_frozen_embeddings_random_forest,random_forest,StratifiedGroupKFold,3,5,106581,1 railing,No railings,False
attr_has_pedestrian_railing,attr_has_pedestrian_railing,data/processed/train/attr_has_pedestrian_railing_train.csv,data/features/dinov3_vitb16_remaining_attributes_assets.csv,classification,dinov3_frozen_embeddings_random_forest,random_forest,StratifiedGroupKFold,3,5,106583,1 railing,1 railing,True
attr_has_pedestrian_railing,attr_has_pedestrian_railing,data/processed/train/attr_has_pedestrian_railing_train.csv,data/features/dinov3_vitb16_remaining_attributes_assets.csv,classification,dinov3_frozen_embeddings_random_forest,random_forest,StratifiedGroupKFold,3,5,107518,No railings,No railings,True
attr_has_pedestrian_railing,attr_has_pedestrian_railing,data/processed/train/attr_has_pedestrian_railing_train.csv,data/features/dinov3_vitb16_remaining_attributes_assets.csv,classification,dinov3_frozen_embeddings_random_forest,random_forest,StratifiedGroupKFold,3,5,107905,No railings,No railings,True
attr_has_pedestrian_railing,attr_has_pedestrian_railing,data/processed/train/attr_has_pedestrian_railing_train.csv,data/features/dinov3_vitb16_remaining_attributes_assets.csv,classification,dinov3_frozen_embeddings_random_forest,random_forest,StratifiedGroupKFold,3,5,107942,No railings,No railings,True
attr_has_pedestrian_railing,attr_has_pedestrian_railing,data/processed/train/attr_has_pedestrian_railing_train.csv,data/features/dinov3_vitb16_remaining_attributes_assets.csv,classification,dinov3_frozen_embeddings_random_forest,random_forest,StratifiedGroupKFold,3,5,107972,No railings,No railings,True
attr_has_pedestrian_railing,attr_has_pedestrian_railing,data/processed/train/attr_has_pedestrian_railing_train.csv,data/features/dinov3_vitb16_remaining_attributes_assets.csv,classification,dinov3_frozen_embeddings_random_forest,random_forest,StratifiedGroupKFold,3,5,108024,No railings,No railings,True
attr_has_pedestrian_railing,attr_has_pedestrian_railing,data/processed/train/attr_has_pedestrian_railing_train.csv,data/features/dinov3_vitb16_remaining_attributes_assets.csv,classification,dinov3_frozen_embeddings_random_forest,random_forest,StratifiedGroupKFold,3,5,108764,No railings,No railings,True
attr_has_pedestrian_railing,attr_has_pedestrian_railing,data/processed/train/attr_has_pedestrian_railing_train.csv,data/features/dinov3_vitb16_remaining_attributes_assets.csv,classification,dinov3_frozen_embeddings_random_forest,random_forest,StratifiedGroupKFold,3,5,109154,No railings,No railings,True
attr_has_pedestrian_railing,attr_has_pedestrian_railing,data/processed/train/attr_has_pedestrian_railing_train.csv,data/features/dinov3_vitb16_remaining_attributes_assets.csv,classification,dinov3_frozen_embeddings_random_forest,random_forest,StratifiedGroupKFold,3,5,109157,No railings,No railings,True
attr_has_pedestrian_railing,attr_has_pedestrian_railing,data/processed/train/attr_has_pedestrian_railing_train.csv,data/features/dinov3_vitb16_remaining_attributes_assets.csv,classification,dinov3_frozen_embeddings_random_forest,random_forest,StratifiedGroupKFold,3,5,109803,1 railing,1 railing,True
attr_has_pedestrian_railing,attr_has_pedestrian_railing,data/processed/train/attr_has_pedestrian_railing_train.csv,data/features/dinov3_vitb16_remaining_attributes_assets.csv,classification,dinov3_frozen_embeddings_random_forest,random_forest,StratifiedGroupKFold,3,5,109959,No railings,No railings,True
attr_has_pedestrian_railing,attr_has_pedestrian_railing,data/processed/train/attr_has_pedestrian_railing_train.csv,data/features/dinov3_vitb16_remaining_attributes_assets.csv,classification,dinov3_frozen_embeddings_random_forest,random_forest,StratifiedGroupKFold,3,5,110287,1 railing,No railings,False
attr_has_pedestrian_railing,attr_has_pedestrian_railing,data/processed/train/attr_has_pedestrian_railing_train.csv,data/features/dinov3_vitb16_remaining_attributes_assets.csv,classification,dinov3_frozen_embeddings_random_forest,random_forest,StratifiedGroupKFold,3,5,111450,No railings,No railings,True
attr_has_pedestrian_railing,attr_has_pedestrian_railing,data/processed/train/attr_has_pedestrian_railing_train.csv,data/features/dinov3_vitb16_remaining_attributes_assets.csv,classification,dinov3_frozen_embeddings_random_forest,random_forest,StratifiedGroupKFold,3,5,112342,1 railing,No railings,False
attr_has_pedestrian_railing,attr_has_pedestrian_railing,data/processed/train/attr_has_pedestrian_railing_train.csv,data/features/dinov3_vitb16_remaining_attributes_assets.csv,classification,dinov3_frozen_embeddings_random_forest,random_forest,StratifiedGroupKFold,3,5,113193,1 railing,No railings,False
attr_has_pedestrian_railing,attr_has_pedestrian_railing,data/processed/train/attr_has_pedestrian_railing_train.csv,data/features/dinov3_vitb16_remaining_attributes_assets.csv,classification,dinov3_frozen_embeddings_random_forest,random_forest,StratifiedGroupKFold,3,5,113203,1 railing,No railings,False
attr_has_pedestrian_railing,attr_has_pedestrian_railing,data/processed/train/attr_has_pedestrian_railing_train.csv,data/features/dinov3_vitb16_remaining_attributes_assets.csv,classification,dinov3_frozen_embeddings_random_forest,random_forest,StratifiedGroupKFold,3,5,114575,No railings,No railings,True
attr_has_pedestrian_railing,attr_has_pedestrian_railing,data/processed/train/attr_has_pedestrian_railing_train.csv,data/features/dinov3_vitb16_remaining_attributes_assets.csv,classification,dinov3_frozen_embeddings_random_forest,random_forest,StratifiedGroupKFold,3,5,116796,1 railing,No railings,False
attr_has_pedestrian_railing,attr_has_pedestrian_railing,data/processed/train/attr_has_pedestrian_railing_train.csv,data/features/dinov3_vitb16_remaining_attributes_assets.csv,classification,dinov3_frozen_embeddings_random_forest,random_forest,StratifiedGroupKFold,3,5,117800,No railings,No railings,True
attr_has_pedestrian_railing,attr_has_pedestrian_railing,data/processed/train/attr_has_pedestrian_railing_train.csv,data/features/dinov3_vitb16_remaining_attributes_assets.csv,classification,dinov3_frozen_embeddings_random_forest,random_forest,StratifiedGroupKFold,3,5,120546,No railings,No railings,True
attr_has_pedestrian_railing,attr_has_pedestrian_railing,data/processed/train/attr_has_pedestrian_railing_train.csv,data/features/dinov3_vitb16_remaining_attributes_assets.csv,classification,dinov3_frozen_embeddings_random_forest,random_forest,StratifiedGroupKFold,3,5,121000,1 railing,No railings,False
attr_has_pedestrian_railing,attr_has_pedestrian_railing,data/processed/train/attr_has_pedestrian_railing_train.csv,data/features/dinov3_vitb16_remaining_attributes_assets.csv,classification,dinov3_frozen_embeddings_random_forest,random_forest,StratifiedGroupKFold,3,5,121001,1 railing,No railings,False
attr_has_pedestrian_railing,attr_has_pedestrian_railing,data/processed/train/attr_has_pedestrian_railing_train.csv,data/features/dinov3_vitb16_remaining_attributes_assets.csv,classification,dinov3_frozen_embeddings_random_forest,random_forest,StratifiedGroupKFold,3,5,121013,No railings,No railings,True
attr_has_pedestrian_railing,attr_has_pedestrian_railing,data/processed/train/attr_has_pedestrian_railing_train.csv,data/features/dinov3_vitb16_remaining_attributes_assets.csv,classification,dinov3_frozen_embeddings_random_forest,random_forest,StratifiedGroupKFold,3,5,121018,2 railings,No railings,False
attr_has_pedestrian_railing,attr_has_pedestrian_railing,data/processed/train/attr_has_pedestrian_railing_train.csv,data/features/dinov3_vitb16_remaining_attributes_assets.csv,classification,dinov3_frozen_embeddings_random_forest,random_forest,StratifiedGroupKFold,3,5,121919,2 railings,1 railing,False
attr_has_pedestrian_railing,attr_has_pedestrian_railing,data/processed/train/attr_has_pedestrian_railing_train.csv,data/features/dinov3_vitb16_remaining_attributes_assets.csv,classification,dinov3_frozen_embeddings_random_forest,random_forest,StratifiedGroupKFold,3,5,123416,No railings,No railings,True
attr_has_pedestrian_railing,attr_has_pedestrian_railing,data/processed/train/attr_has_pedestrian_railing_train.csv,data/features/dinov3_vitb16_remaining_attributes_assets.csv,classification,dinov3_frozen_embeddings_random_forest,random_forest,StratifiedGroupKFold,3,5,125311,No railings,No railings,True
attr_has_pedestrian_railing,attr_has_pedestrian_railing,data/processed/train/attr_has_pedestrian_railing_train.csv,data/features/dinov3_vitb16_remaining_attributes_assets.csv,classification,dinov3_frozen_embeddings_random_forest,random_forest,StratifiedGroupKFold,3,5,126782,1 railing,No railings,False
attr_has_pedestrian_railing,attr_has_pedestrian_railing,data/processed/train/attr_has_pedestrian_railing_train.csv,data/features/dinov3_vitb16_remaining_attributes_assets.csv,classification,dinov3_frozen_embeddings_random_forest,random_forest,StratifiedGroupKFold,3,5,126796,1 railing,No railings,False
attr_has_pedestrian_railing,attr_has_pedestrian_railing,data/processed/train/attr_has_pedestrian_railing_train.csv,data/features/dinov3_vitb16_remaining_attributes_assets.csv,classification,dinov3_frozen_embeddings_random_forest,random_forest,StratifiedGroupKFold,3,5,126797,1 railing,1 railing,True
attr_has_pedestrian_railing,attr_has_pedestrian_railing,data/processed/train/attr_has_pedestrian_railing_train.csv,data/features/dinov3_vitb16_remaining_attributes_assets.csv,classification,dinov3_frozen_embeddings_random_forest,random_forest,StratifiedGroupKFold,3,5,127026,No railings,No railings,True
attr_has_pedestrian_railing,attr_has_pedestrian_railing,data/processed/train/attr_has_pedestrian_railing_train.csv,data/features/dinov3_vitb16_remaining_attributes_assets.csv,classification,dinov3_frozen_embeddings_random_forest,random_forest,StratifiedGroupKFold,3,5,127081,No railings,No railings,True
attr_has_pedestrian_railing,attr_has_pedestrian_railing,data/processed/train/attr_has_pedestrian_railing_train.csv,data/features/dinov3_vitb16_remaining_attributes_assets.csv,classification,dinov3_frozen_embeddings_random_forest,random_forest,StratifiedGroupKFold,3,5,127157,1 railing,No railings,False
attr_has_pedestrian_railing,attr_has_pedestrian_railing,data/processed/train/attr_has_pedestrian_railing_train.csv,data/features/dinov3_vitb16_remaining_attributes_assets.csv,classification,dinov3_frozen_embeddings_random_forest,random_forest,StratifiedGroupKFold,3,5,48627,No railings,No railings,True
attr_has_pedestrian_railing,attr_has_pedestrian_railing,data/processed/train/attr_has_pedestrian_railing_train.csv,data/features/dinov3_vitb16_remaining_attributes_assets.csv,classification,dinov3_frozen_embeddings_random_forest,random_forest,StratifiedGroupKFold,3,5,48697,No railings,No railings,True
attr_has_pedestrian_railing,attr_has_pedestrian_railing,data/processed/train/attr_has_pedestrian_railing_train.csv,data/features/dinov3_vitb16_remaining_attributes_assets.csv,classification,dinov3_frozen_embeddings_random_forest,random_forest,StratifiedGroupKFold,3,5,49059,No railings,No railings,True
attr_has_pedestrian_railing,attr_has_pedestrian_railing,data/processed/train/attr_has_pedestrian_railing_train.csv,data/features/dinov3_vitb16_remaining_attributes_assets.csv,classification,dinov3_frozen_embeddings_random_forest,random_forest,StratifiedGroupKFold,3,5,49680,No railings,No railings,True
attr_has_pedestrian_railing,attr_has_pedestrian_railing,data/processed/train/attr_has_pedestrian_railing_train.csv,data/features/dinov3_vitb16_remaining_attributes_assets.csv,classification,dinov3_frozen_embeddings_random_forest,random_forest,StratifiedGroupKFold,3,5,50231,No railings,No railings,True
attr_has_pedestrian_railing,attr_has_pedestrian_railing,data/processed/train/attr_has_pedestrian_railing_train.csv,data/features/dinov3_vitb16_remaining_attributes_assets.csv,classification,dinov3_frozen_embeddings_random_forest,random_forest,StratifiedGroupKFold,3,5,51234,No railings,No railings,True
attr_has_pedestrian_railing,attr_has_pedestrian_railing,data/processed/train/attr_has_pedestrian_railing_train.csv,data/features/dinov3_vitb16_remaining_attributes_assets.csv,classification,dinov3_frozen_embeddings_random_forest,random_forest,StratifiedGroupKFold,3,5,51800,No railings,No railings,True
attr_has_pedestrian_railing,attr_has_pedestrian_railing,data/processed/train/attr_has_pedestrian_railing_train.csv,data/features/dinov3_vitb16_remaining_attributes_assets.csv,classification,dinov3_frozen_embeddings_random_forest,random_forest,StratifiedGroupKFold,3,5,52242,No railings,No railings,True
attr_has_pedestrian_railing,attr_has_pedestrian_railing,data/processed/train/attr_has_pedestrian_railing_train.csv,data/features/dinov3_vitb16_remaining_attributes_assets.csv,classification,dinov3_frozen_embeddings_random_forest,random_forest,StratifiedGroupKFold,3,5,53983,No railings,No railings,True
attr_has_pedestrian_railing,attr_has_pedestrian_railing,data/processed/train/attr_has_pedestrian_railing_train.csv,data/features/dinov3_vitb16_remaining_attributes_assets.csv,classification,dinov3_frozen_embeddings_random_forest,random_forest,StratifiedGroupKFold,3,5,55631,No railings,No railings,True
attr_has_pedestrian_railing,attr_has_pedestrian_railing,data/processed/train/attr_has_pedestrian_railing_train.csv,data/features/dinov3_vitb16_remaining_attributes_assets.csv,classification,dinov3_frozen_embeddings_random_forest,random_forest,StratifiedGroupKFold,3,5,55634,No railings,No railings,True
attr_has_pedestrian_railing,attr_has_pedestrian_railing,data/processed/train/attr_has_pedestrian_railing_train.csv,data/features/dinov3_vitb16_remaining_attributes_assets.csv,classification,dinov3_frozen_embeddings_random_forest,random_forest,StratifiedGroupKFold,3,5,56205,No railings,No railings,True
attr_has_pedestrian_railing,attr_has_pedestrian_railing,data/processed/train/attr_has_pedestrian_railing_train.csv,data/features/dinov3_vitb16_remaining_attributes_assets.csv,classification,dinov3_frozen_embeddings_random_forest,random_forest,StratifiedGroupKFold,3,5,58164,No railings,No railings,True
attr_has_pedestrian_railing,attr_has_pedestrian_railing,data/processed/train/attr_has_pedestrian_railing_train.csv,data/features/dinov3_vitb16_remaining_attributes_assets.csv,classification,dinov3_frozen_embeddings_random_forest,random_forest,StratifiedGroupKFold,3,5,58954,No railings,No railings,True
attr_has_pedestrian_railing,attr_has_pedestrian_railing,data/processed/train/attr_has_pedestrian_railing_train.csv,data/features/dinov3_vitb16_remaining_attributes_assets.csv,classification,dinov3_frozen_embeddings_random_forest,random_forest,StratifiedGroupKFold,3,5,60633,No railings,No railings,True
attr_has_pedestrian_railing,attr_has_pedestrian_railing,data/processed/train/attr_has_pedestrian_railing_train.csv,data/features/dinov3_vitb16_remaining_attributes_assets.csv,classification,dinov3_frozen_embeddings_random_forest,random_forest,StratifiedGroupKFold,3,5,65426,No railings,No railings,True
attr_has_pedestrian_railing,attr_has_pedestrian_railing,data/processed/train/attr_has_pedestrian_railing_train.csv,data/features/dinov3_vitb16_remaining_attributes_assets.csv,classification,dinov3_frozen_embeddings_random_forest,random_forest,StratifiedGroupKFold,3,5,82304,No railings,No railings,True
attr_has_pedestrian_railing,attr_has_pedestrian_railing,data/processed/train/attr_has_pedestrian_railing_train.csv,data/features/dinov3_vitb16_remaining_attributes_assets.csv,classification,dinov3_frozen_embeddings_random_forest,random_forest,StratifiedGroupKFold,3,5,83513,No railings,No railings,True
attr_has_pedestrian_railing,attr_has_pedestrian_railing,data/processed/train/attr_has_pedestrian_railing_train.csv,data/features/dinov3_vitb16_remaining_attributes_assets.csv,classification,dinov3_frozen_embeddings_random_forest,random_forest,StratifiedGroupKFold,3,5,86218,No railings,No railings,True
attr_has_pedestrian_railing,attr_has_pedestrian_railing,data/processed/train/attr_has_pedestrian_railing_train.csv,data/features/dinov3_vitb16_remaining_attributes_assets.csv,classification,dinov3_frozen_embeddings_random_forest,random_forest,StratifiedGroupKFold,3,5,86350,2 railings,No railings,False
attr_has_pedestrian_railing,attr_has_pedestrian_railing,data/processed/train/attr_has_pedestrian_railing_train.csv,data/features/dinov3_vitb16_remaining_attributes_assets.csv,classification,dinov3_frozen_embeddings_random_forest,random_forest,StratifiedGroupKFold,3,5,86356,2 railings,No railings,False
attr_has_pedestrian_railing,attr_has_pedestrian_railing,data/processed/train/attr_has_pedestrian_railing_train.csv,data/features/dinov3_vitb16_remaining_attributes_assets.csv,classification,dinov3_frozen_embeddings_random_forest,random_forest,StratifiedGroupKFold,3,5,87734,No railings,No railings,True
attr_has_pedestrian_railing,attr_has_pedestrian_railing,data/processed/train/attr_has_pedestrian_railing_train.csv,data/features/dinov3_vitb16_remaining_attributes_assets.csv,classification,dinov3_frozen_embeddings_random_forest,random_forest,StratifiedGroupKFold,3,5,87769,No railings,No railings,True
attr_has_pedestrian_railing,attr_has_pedestrian_railing,data/processed/train/attr_has_pedestrian_railing_train.csv,data/features/dinov3_vitb16_remaining_attributes_assets.csv,classification,dinov3_frozen_embeddings_random_forest,random_forest,StratifiedGroupKFold,3,5,88129,2 railings,No railings,False
attr_has_pedestrian_railing,attr_has_pedestrian_railing,data/processed/train/attr_has_pedestrian_railing_train.csv,data/features/dinov3_vitb16_remaining_attributes_assets.csv,classification,dinov3_frozen_embeddings_random_forest,random_forest,StratifiedGroupKFold,3,5,88133,No railings,No railings,True
attr_has_pedestrian_railing,attr_has_pedestrian_railing,data/processed/train/attr_has_pedestrian_railing_train.csv,data/features/dinov3_vitb16_remaining_attributes_assets.csv,classification,dinov3_frozen_embeddings_random_forest,random_forest,StratifiedGroupKFold,3,5,88135,2 railings,No railings,False
attr_has_pedestrian_railing,attr_has_pedestrian_railing,data/processed/train/attr_has_pedestrian_railing_train.csv,data/features/dinov3_vitb16_remaining_attributes_assets.csv,classification,dinov3_frozen_embeddings_random_forest,random_forest,StratifiedGroupKFold,3,5,88814,No railings,No railings,True
attr_has_pedestrian_railing,attr_has_pedestrian_railing,data/processed/train/attr_has_pedestrian_railing_train.csv,data/features/dinov3_vitb16_remaining_attributes_assets.csv,classification,dinov3_frozen_embeddings_random_forest,random_forest,StratifiedGroupKFold,3,5,88838,2 railings,No railings,False
attr_has_pedestrian_railing,attr_has_pedestrian_railing,data/processed/train/attr_has_pedestrian_railing_train.csv,data/features/dinov3_vitb16_remaining_attributes_assets.csv,classification,dinov3_frozen_embeddings_random_forest,random_forest,StratifiedGroupKFold,3,5,88842,2 railings,2 railings,True
attr_has_pedestrian_railing,attr_has_pedestrian_railing,data/processed/train/attr_has_pedestrian_railing_train.csv,data/features/dinov3_vitb16_remaining_attributes_assets.csv,classification,dinov3_frozen_embeddings_random_forest,random_forest,StratifiedGroupKFold,3,5,88865,2 railings,2 railings,True
attr_has_pedestrian_railing,attr_has_pedestrian_railing,data/processed/train/attr_has_pedestrian_railing_train.csv,data/features/dinov3_vitb16_remaining_attributes_assets.csv,classification,dinov3_frozen_embeddings_random_forest,random_forest,StratifiedGroupKFold,3,5,88866,No railings,2 railings,False
attr_has_pedestrian_railing,attr_has_pedestrian_railing,data/processed/train/attr_has_pedestrian_railing_train.csv,data/features/dinov3_vitb16_remaining_attributes_assets.csv,classification,dinov3_frozen_embeddings_random_forest,random_forest,StratifiedGroupKFold,3,5,89445,No railings,No railings,True
attr_has_pedestrian_railing,attr_has_pedestrian_railing,data/processed/train/attr_has_pedestrian_railing_train.csv,data/features/dinov3_vitb16_remaining_attributes_assets.csv,classification,dinov3_frozen_embeddings_random_forest,random_forest,StratifiedGroupKFold,3,5,89447,No railings,No railings,True
attr_has_pedestrian_railing,attr_has_pedestrian_railing,data/processed/train/attr_has_pedestrian_railing_train.csv,data/features/dinov3_vitb16_remaining_attributes_assets.csv,classification,dinov3_frozen_embeddings_random_forest,random_forest,StratifiedGroupKFold,3,5,89449,No railings,No railings,True
attr_has_pedestrian_railing,attr_has_pedestrian_railing,data/processed/train/attr_has_pedestrian_railing_train.csv,data/features/dinov3_vitb16_remaining_attributes_assets.csv,classification,dinov3_frozen_embeddings_random_forest,random_forest,StratifiedGroupKFold,3,5,89596,No railings,No railings,True
attr_has_pedestrian_railing,attr_has_pedestrian_railing,data/processed/train/attr_has_pedestrian_railing_train.csv,data/features/dinov3_vitb16_remaining_attributes_assets.csv,classification,dinov3_frozen_embeddings_random_forest,random_forest,StratifiedGroupKFold,3,5,92149,No railings,No railings,True
attr_has_pedestrian_railing,attr_has_pedestrian_railing,data/processed/train/attr_has_pedestrian_railing_train.csv,data/features/dinov3_vitb16_remaining_attributes_assets.csv,classification,dinov3_frozen_embeddings_random_forest,random_forest,StratifiedGroupKFold,3,5,93038,No railings,No railings,True
attr_has_pedestrian_railing,attr_has_pedestrian_railing,data/processed/train/attr_has_pedestrian_railing_train.csv,data/features/dinov3_vitb16_remaining_attributes_assets.csv,classification,dinov3_frozen_embeddings_random_forest,random_forest,StratifiedGroupKFold,3,5,93043,No railings,No railings,True
attr_has_pedestrian_railing,attr_has_pedestrian_railing,data/processed/train/attr_has_pedestrian_railing_train.csv,data/features/dinov3_vitb16_remaining_attributes_assets.csv,classification,dinov3_frozen_embeddings_random_forest,random_forest,StratifiedGroupKFold,3,5,94172,No railings,No railings,True
attr_has_pedestrian_railing,attr_has_pedestrian_railing,data/processed/train/attr_has_pedestrian_railing_train.csv,data/features/dinov3_vitb16_remaining_attributes_assets.csv,classification,dinov3_frozen_embeddings_random_forest,random_forest,StratifiedGroupKFold,3,5,94777,No railings,No railings,True
attr_has_pedestrian_railing,attr_has_pedestrian_railing,data/processed/train/attr_has_pedestrian_railing_train.csv,data/features/dinov3_vitb16_remaining_attributes_assets.csv,classification,dinov3_frozen_embeddings_random_forest,random_forest,StratifiedGroupKFold,3,5,94778,No railings,No railings,True
attr_has_pedestrian_railing,attr_has_pedestrian_railing,data/processed/train/attr_has_pedestrian_railing_train.csv,data/features/dinov3_vitb16_remaining_attributes_assets.csv,classification,dinov3_frozen_embeddings_random_forest,random_forest,StratifiedGroupKFold,3,5,95947,No railings,2 railings,False
attr_has_pedestrian_railing,attr_has_pedestrian_railing,data/processed/train/attr_has_pedestrian_railing_train.csv,data/features/dinov3_vitb16_remaining_attributes_assets.csv,classification,dinov3_frozen_embeddings_random_forest,random_forest,StratifiedGroupKFold,3,5,97442,No railings,No railings,True
attr_has_pedestrian_railing,attr_has_pedestrian_railing,data/processed/train/attr_has_pedestrian_railing_train.csv,data/features/dinov3_vitb16_remaining_attributes_assets.csv,classification,dinov3_frozen_embeddings_random_forest,random_forest,StratifiedGroupKFold,3,5,97447,No railings,No railings,True
attr_has_pedestrian_railing,attr_has_pedestrian_railing,data/processed/train/attr_has_pedestrian_railing_train.csv,data/features/dinov3_vitb16_remaining_attributes_assets.csv,classification,dinov3_frozen_embeddings_random_forest,random_forest,StratifiedGroupKFold,3,5,99455,No railings,No railings,True
attr_has_pedestrian_railing,attr_has_pedestrian_railing,data/processed/train/attr_has_pedestrian_railing_train.csv,data/features/dinov3_vitb16_remaining_attributes_assets.csv,classification,dinov3_frozen_embeddings_random_forest,random_forest,StratifiedGroupKFold,3,5,100347,No railings,No railings,True
attr_has_pedestrian_railing,attr_has_pedestrian_railing,data/processed/train/attr_has_pedestrian_railing_train.csv,data/features/dinov3_vitb16_remaining_attributes_assets.csv,classification,dinov3_frozen_embeddings_random_forest,random_forest,StratifiedGroupKFold,3,5,101831,No railings,No railings,True
attr_has_pedestrian_railing,attr_has_pedestrian_railing,data/processed/train/attr_has_pedestrian_railing_train.csv,data/features/dinov3_vitb16_remaining_attributes_assets.csv,classification,dinov3_frozen_embeddings_random_forest,random_forest,StratifiedGroupKFold,3,5,101988,No railings,No railings,True
attr_has_pedestrian_railing,attr_has_pedestrian_railing,data/processed/train/attr_has_pedestrian_railing_train.csv,data/features/dinov3_vitb16_remaining_attributes_assets.csv,classification,dinov3_frozen_embeddings_random_forest,random_forest,StratifiedGroupKFold,3,5,102353,No railings,No railings,True
attr_has_pedestrian_railing,attr_has_pedestrian_railing,data/processed/train/attr_has_pedestrian_railing_train.csv,data/features/dinov3_vitb16_remaining_attributes_assets.csv,classification,dinov3_frozen_embeddings_random_forest,random_forest,StratifiedGroupKFold,3,5,102370,No railings,No railings,True
attr_has_pedestrian_railing,attr_has_pedestrian_railing,data/processed/train/attr_has_pedestrian_railing_train.csv,data/features/dinov3_vitb16_remaining_attributes_assets.csv,classification,dinov3_frozen_embeddings_random_forest,random_forest,StratifiedGroupKFold,3,5,102471,No railings,No railings,True
attr_has_pedestrian_railing,attr_has_pedestrian_railing,data/processed/train/attr_has_pedestrian_railing_train.csv,data/features/dinov3_vitb16_remaining_attributes_assets.csv,classification,dinov3_frozen_embeddings_random_forest,random_forest,StratifiedGroupKFold,3,5,102851,2 railings,No railings,False
attr_has_pedestrian_railing,attr_has_pedestrian_railing,data/processed/train/attr_has_pedestrian_railing_train.csv,data/features/dinov3_vitb16_remaining_attributes_assets.csv,classification,dinov3_frozen_embeddings_random_forest,random_forest,StratifiedGroupKFold,3,5,103256,No railings,No railings,True
attr_has_pedestrian_railing,attr_has_pedestrian_railing,data/processed/train/attr_has_pedestrian_railing_train.csv,data/features/dinov3_vitb16_remaining_attributes_assets.csv,classification,dinov3_frozen_embeddings_random_forest,random_forest,StratifiedGroupKFold,3,5,104066,No railings,No railings,True
attr_has_pedestrian_railing,attr_has_pedestrian_railing,data/processed/train/attr_has_pedestrian_railing_train.csv,data/features/dinov3_vitb16_remaining_attributes_assets.csv,classification,dinov3_frozen_embeddings_random_forest,random_forest,StratifiedGroupKFold,3,5,104097,No railings,No railings,True
attr_has_pedestrian_railing,attr_has_pedestrian_railing,data/processed/train/attr_has_pedestrian_railing_train.csv,data/features/dinov3_vitb16_remaining_attributes_assets.csv,classification,dinov3_frozen_embeddings_random_forest,random_forest,StratifiedGroupKFold,3,5,104170,2 railings,No railings,False
attr_has_pedestrian_railing,attr_has_pedestrian_railing,data/processed/train/attr_has_pedestrian_railing_train.csv,data/features/dinov3_vitb16_remaining_attributes_assets.csv,classification,dinov3_frozen_embeddings_random_forest,random_forest,StratifiedGroupKFold,3,5,104172,1 railing,No railings,False
attr_has_pedestrian_railing,attr_has_pedestrian_railing,data/processed/train/attr_has_pedestrian_railing_train.csv,data/features/dinov3_vitb16_remaining_attributes_assets.csv,classification,dinov3_frozen_embeddings_random_forest,random_forest,StratifiedGroupKFold,3,5,105287,No railings,No railings,True
attr_has_pedestrian_railing,attr_has_pedestrian_railing,data/processed/train/attr_has_pedestrian_railing_train.csv,data/features/dinov3_vitb16_remaining_attributes_assets.csv,classification,dinov3_frozen_embeddings_random_forest,random_forest,StratifiedGroupKFold,3,5,105438,No railings,No railings,True
attr_has_pedestrian_railing,attr_has_pedestrian_railing,data/processed/train/attr_has_pedestrian_railing_train.csv,data/features/dinov3_vitb16_remaining_attributes_assets.csv,classification,dinov3_frozen_embeddings_random_forest,random_forest,StratifiedGroupKFold,3,5,105442,No railings,No railings,True
attr_has_pedestrian_railing,attr_has_pedestrian_railing,data/processed/train/attr_has_pedestrian_railing_train.csv,data/features/dinov3_vitb16_remaining_attributes_assets.csv,classification,dinov3_frozen_embeddings_random_forest,random_forest,StratifiedGroupKFold,3,5,106032,No railings,No railings,True
attr_has_pedestrian_railing,attr_has_pedestrian_railing,data/processed/train/attr_has_pedestrian_railing_train.csv,data/features/dinov3_vitb16_remaining_attributes_assets.csv,classification,dinov3_frozen_embeddings_random_forest,random_forest,StratifiedGroupKFold,3,5,106045,No railings,No railings,True
attr_has_pedestrian_railing,attr_has_pedestrian_railing,data/processed/train/attr_has_pedestrian_railing_train.csv,data/features/dinov3_vitb16_remaining_attributes_assets.csv,classification,dinov3_frozen_embeddings_random_forest,random_forest,StratifiedGroupKFold,3,5,106046,No railings,No railings,True
attr_has_pedestrian_railing,attr_has_pedestrian_railing,data/processed/train/attr_has_pedestrian_railing_train.csv,data/features/dinov3_vitb16_remaining_attributes_assets.csv,classification,dinov3_frozen_embeddings_random_forest,random_forest,StratifiedGroupKFold,3,5,106050,No railings,No railings,True
attr_has_pedestrian_railing,attr_has_pedestrian_railing,data/processed/train/attr_has_pedestrian_railing_train.csv,data/features/dinov3_vitb16_remaining_attributes_assets.csv,classification,dinov3_frozen_embeddings_random_forest,random_forest,StratifiedGroupKFold,3,5,106273,No railings,No railings,True
attr_has_pedestrian_railing,attr_has_pedestrian_railing,data/processed/train/attr_has_pedestrian_railing_train.csv,data/features/dinov3_vitb16_remaining_attributes_assets.csv,classification,dinov3_frozen_embeddings_random_forest,random_forest,StratifiedGroupKFold,3,5,106920,No railings,No railings,True
attr_has_pedestrian_railing,attr_has_pedestrian_railing,data/processed/train/attr_has_pedestrian_railing_train.csv,data/features/dinov3_vitb16_remaining_attributes_assets.csv,classification,dinov3_frozen_embeddings_random_forest,random_forest,StratifiedGroupKFold,3,5,107058,No railings,No railings,True
attr_has_pedestrian_railing,attr_has_pedestrian_railing,data/processed/train/attr_has_pedestrian_railing_train.csv,data/features/dinov3_vitb16_remaining_attributes_assets.csv,classification,dinov3_frozen_embeddings_random_forest,random_forest,StratifiedGroupKFold,3,5,107068,No railings,No railings,True
attr_has_pedestrian_railing,attr_has_pedestrian_railing,data/processed/train/attr_has_pedestrian_railing_train.csv,data/features/dinov3_vitb16_remaining_attributes_assets.csv,classification,dinov3_frozen_embeddings_random_forest,random_forest,StratifiedGroupKFold,3,5,107118,No railings,No railings,True
attr_has_pedestrian_railing,attr_has_pedestrian_railing,data/processed/train/attr_has_pedestrian_railing_train.csv,data/features/dinov3_vitb16_remaining_attributes_assets.csv,classification,dinov3_frozen_embeddings_random_forest,random_forest,StratifiedGroupKFold,3,5,107291,No railings,No railings,True
attr_has_pedestrian_railing,attr_has_pedestrian_railing,data/processed/train/attr_has_pedestrian_railing_train.csv,data/features/dinov3_vitb16_remaining_attributes_assets.csv,classification,dinov3_frozen_embeddings_random_forest,random_forest,StratifiedGroupKFold,3,5,107295,No railings,No railings,True
attr_has_pedestrian_railing,attr_has_pedestrian_railing,data/processed/train/attr_has_pedestrian_railing_train.csv,data/features/dinov3_vitb16_remaining_attributes_assets.csv,classification,dinov3_frozen_embeddings_random_forest,random_forest,StratifiedGroupKFold,3,5,107922,No railings,No railings,True
attr_has_pedestrian_railing,attr_has_pedestrian_railing,data/processed/train/attr_has_pedestrian_railing_train.csv,data/features/dinov3_vitb16_remaining_attributes_assets.csv,classification,dinov3_frozen_embeddings_random_forest,random_forest,StratifiedGroupKFold,3,5,108663,No railings,No railings,True
attr_has_pedestrian_railing,attr_has_pedestrian_railing,data/processed/train/attr_has_pedestrian_railing_train.csv,data/features/dinov3_vitb16_remaining_attributes_assets.csv,classification,dinov3_frozen_embeddings_random_forest,random_forest,StratifiedGroupKFold,3,5,108666,No railings,No railings,True
attr_has_pedestrian_railing,attr_has_pedestrian_railing,data/processed/train/attr_has_pedestrian_railing_train.csv,data/features/dinov3_vitb16_remaining_attributes_assets.csv,classification,dinov3_frozen_embeddings_random_forest,random_forest,StratifiedGroupKFold,3,5,109160,No railings,No railings,True
attr_has_pedestrian_railing,attr_has_pedestrian_railing,data/processed/train/attr_has_pedestrian_railing_train.csv,data/features/dinov3_vitb16_remaining_attributes_assets.csv,classification,dinov3_frozen_embeddings_random_forest,random_forest,StratifiedGroupKFold,3,5,109334,No railings,No railings,True
attr_has_pedestrian_railing,attr_has_pedestrian_railing,data/processed/train/attr_has_pedestrian_railing_train.csv,data/features/dinov3_vitb16_remaining_attributes_assets.csv,classification,dinov3_frozen_embeddings_random_forest,random_forest,StratifiedGroupKFold,3,5,109407,No railings,No railings,True
attr_has_pedestrian_railing,attr_has_pedestrian_railing,data/processed/train/attr_has_pedestrian_railing_train.csv,data/features/dinov3_vitb16_remaining_attributes_assets.csv,classification,dinov3_frozen_embeddings_random_forest,random_forest,StratifiedGroupKFold,3,5,109534,No railings,No railings,True
attr_has_pedestrian_railing,attr_has_pedestrian_railing,data/processed/train/attr_has_pedestrian_railing_train.csv,data/features/dinov3_vitb16_remaining_attributes_assets.csv,classification,dinov3_frozen_embeddings_random_forest,random_forest,StratifiedGroupKFold,3,5,109537,No railings,No railings,True
attr_has_pedestrian_railing,attr_has_pedestrian_railing,data/processed/train/attr_has_pedestrian_railing_train.csv,data/features/dinov3_vitb16_remaining_attributes_assets.csv,classification,dinov3_frozen_embeddings_random_forest,random_forest,StratifiedGroupKFold,3,5,109658,2 railings,No railings,False
attr_has_pedestrian_railing,attr_has_pedestrian_railing,data/processed/train/attr_has_pedestrian_railing_train.csv,data/features/dinov3_vitb16_remaining_attributes_assets.csv,classification,dinov3_frozen_embeddings_random_forest,random_forest,StratifiedGroupKFold,3,5,110139,No railings,No railings,True
attr_has_pedestrian_railing,attr_has_pedestrian_railing,data/processed/train/attr_has_pedestrian_railing_train.csv,data/features/dinov3_vitb16_remaining_attributes_assets.csv,classification,dinov3_frozen_embeddings_random_forest,random_forest,StratifiedGroupKFold,3,5,110356,No railings,No railings,True
attr_has_pedestrian_railing,attr_has_pedestrian_railing,data/processed/train/attr_has_pedestrian_railing_train.csv,data/features/dinov3_vitb16_remaining_attributes_assets.csv,classification,dinov3_frozen_embeddings_random_forest,random_forest,StratifiedGroupKFold,3,5,110788,No railings,No railings,True
attr_has_pedestrian_railing,attr_has_pedestrian_railing,data/processed/train/attr_has_pedestrian_railing_train.csv,data/features/dinov3_vitb16_remaining_attributes_assets.csv,classification,dinov3_frozen_embeddings_random_forest,random_forest,StratifiedGroupKFold,3,5,110810,2 railings,No railings,False
attr_has_pedestrian_railing,attr_has_pedestrian_railing,data/processed/train/attr_has_pedestrian_railing_train.csv,data/features/dinov3_vitb16_remaining_attributes_assets.csv,classification,dinov3_frozen_embeddings_random_forest,random_forest,StratifiedGroupKFold,3,5,110870,No railings,No railings,True
attr_has_pedestrian_railing,attr_has_pedestrian_railing,data/processed/train/attr_has_pedestrian_railing_train.csv,data/features/dinov3_vitb16_remaining_attributes_assets.csv,classification,dinov3_frozen_embeddings_random_forest,random_forest,StratifiedGroupKFold,3,5,110996,No railings,No railings,True
attr_has_pedestrian_railing,attr_has_pedestrian_railing,data/processed/train/attr_has_pedestrian_railing_train.csv,data/features/dinov3_vitb16_remaining_attributes_assets.csv,classification,dinov3_frozen_embeddings_random_forest,random_forest,StratifiedGroupKFold,3,5,111452,No railings,No railings,True
attr_has_pedestrian_railing,attr_has_pedestrian_railing,data/processed/train/attr_has_pedestrian_railing_train.csv,data/features/dinov3_vitb16_remaining_attributes_assets.csv,classification,dinov3_frozen_embeddings_random_forest,random_forest,StratifiedGroupKFold,3,5,111942,No railings,No railings,True
attr_has_pedestrian_railing,attr_has_pedestrian_railing,data/processed/train/attr_has_pedestrian_railing_train.csv,data/features/dinov3_vitb16_remaining_attributes_assets.csv,classification,dinov3_frozen_embeddings_random_forest,random_forest,StratifiedGroupKFold,3,5,112071,No railings,No railings,True
attr_has_pedestrian_railing,attr_has_pedestrian_railing,data/processed/train/attr_has_pedestrian_railing_train.csv,data/features/dinov3_vitb16_remaining_attributes_assets.csv,classification,dinov3_frozen_embeddings_random_forest,random_forest,StratifiedGroupKFold,3,5,112087,No railings,No railings,True
attr_has_pedestrian_railing,attr_has_pedestrian_railing,data/processed/train/attr_has_pedestrian_railing_train.csv,data/features/dinov3_vitb16_remaining_attributes_assets.csv,classification,dinov3_frozen_embeddings_random_forest,random_forest,StratifiedGroupKFold,3,5,112236,No railings,No railings,True
attr_has_pedestrian_railing,attr_has_pedestrian_railing,data/processed/train/attr_has_pedestrian_railing_train.csv,data/features/dinov3_vitb16_remaining_attributes_assets.csv,classification,dinov3_frozen_embeddings_random_forest,random_forest,StratifiedGroupKFold,3,5,112348,No railings,No railings,True
attr_has_pedestrian_railing,attr_has_pedestrian_railing,data/processed/train/attr_has_pedestrian_railing_train.csv,data/features/dinov3_vitb16_remaining_attributes_assets.csv,classification,dinov3_frozen_embeddings_random_forest,random_forest,StratifiedGroupKFold,3,5,112411,1 railing,No railings,False
attr_has_pedestrian_railing,attr_has_pedestrian_railing,data/processed/train/attr_has_pedestrian_railing_train.csv,data/features/dinov3_vitb16_remaining_attributes_assets.csv,classification,dinov3_frozen_embeddings_random_forest,random_forest,StratifiedGroupKFold,3,5,112524,No railings,No railings,True
attr_has_pedestrian_railing,attr_has_pedestrian_railing,data/processed/train/attr_has_pedestrian_railing_train.csv,data/features/dinov3_vitb16_remaining_attributes_assets.csv,classification,dinov3_frozen_embeddings_random_forest,random_forest,StratifiedGroupKFold,3,5,113800,No railings,No railings,True
attr_has_pedestrian_railing,attr_has_pedestrian_railing,data/processed/train/attr_has_pedestrian_railing_train.csv,data/features/dinov3_vitb16_remaining_attributes_assets.csv,classification,dinov3_frozen_embeddings_random_forest,random_forest,StratifiedGroupKFold,3,5,113803,No railings,No railings,True
attr_has_pedestrian_railing,attr_has_pedestrian_railing,data/processed/train/attr_has_pedestrian_railing_train.csv,data/features/dinov3_vitb16_remaining_attributes_assets.csv,classification,dinov3_frozen_embeddings_random_forest,random_forest,StratifiedGroupKFold,3,5,113958,No railings,No railings,True
attr_has_pedestrian_railing,attr_has_pedestrian_railing,data/processed/train/attr_has_pedestrian_railing_train.csv,data/features/dinov3_vitb16_remaining_attributes_assets.csv,classification,dinov3_frozen_embeddings_random_forest,random_forest,StratifiedGroupKFold,3,5,114081,No railings,No railings,True
attr_has_pedestrian_railing,attr_has_pedestrian_railing,data/processed/train/attr_has_pedestrian_railing_train.csv,data/features/dinov3_vitb16_remaining_attributes_assets.csv,classification,dinov3_frozen_embeddings_random_forest,random_forest,StratifiedGroupKFold,3,5,114090,No railings,No railings,True
attr_has_pedestrian_railing,attr_has_pedestrian_railing,data/processed/train/attr_has_pedestrian_railing_train.csv,data/features/dinov3_vitb16_remaining_attributes_assets.csv,classification,dinov3_frozen_embeddings_random_forest,random_forest,StratifiedGroupKFold,3,5,114290,No railings,No railings,True
attr_has_pedestrian_railing,attr_has_pedestrian_railing,data/processed/train/attr_has_pedestrian_railing_train.csv,data/features/dinov3_vitb16_remaining_attributes_assets.csv,classification,dinov3_frozen_embeddings_random_forest,random_forest,StratifiedGroupKFold,3,5,114940,No railings,No railings,True
attr_has_pedestrian_railing,attr_has_pedestrian_railing,data/processed/train/attr_has_pedestrian_railing_train.csv,data/features/dinov3_vitb16_remaining_attributes_assets.csv,classification,dinov3_frozen_embeddings_random_forest,random_forest,StratifiedGroupKFold,3,5,114943,No railings,No railings,True
attr_has_pedestrian_railing,attr_has_pedestrian_railing,data/processed/train/attr_has_pedestrian_railing_train.csv,data/features/dinov3_vitb16_remaining_attributes_assets.csv,classification,dinov3_frozen_embeddings_random_forest,random_forest,StratifiedGroupKFold,3,5,115209,No railings,No railings,True
attr_has_pedestrian_railing,attr_has_pedestrian_railing,data/processed/train/attr_has_pedestrian_railing_train.csv,data/features/dinov3_vitb16_remaining_attributes_assets.csv,classification,dinov3_frozen_embeddings_random_forest,random_forest,StratifiedGroupKFold,3,5,115814,No railings,No railings,True
attr_has_pedestrian_railing,attr_has_pedestrian_railing,data/processed/train/attr_has_pedestrian_railing_train.csv,data/features/dinov3_vitb16_remaining_attributes_assets.csv,classification,dinov3_frozen_embeddings_random_forest,random_forest,StratifiedGroupKFold,3,5,116852,No railings,No railings,True
attr_has_pedestrian_railing,attr_has_pedestrian_railing,data/processed/train/attr_has_pedestrian_railing_train.csv,data/features/dinov3_vitb16_remaining_attributes_assets.csv,classification,dinov3_frozen_embeddings_random_forest,random_forest,StratifiedGroupKFold,3,5,118759,No railings,No railings,True
attr_has_pedestrian_railing,attr_has_pedestrian_railing,data/processed/train/attr_has_pedestrian_railing_train.csv,data/features/dinov3_vitb16_remaining_attributes_assets.csv,classification,dinov3_frozen_embeddings_random_forest,random_forest,StratifiedGroupKFold,3,5,118797,No railings,No railings,True
attr_has_pedestrian_railing,attr_has_pedestrian_railing,data/processed/train/attr_has_pedestrian_railing_train.csv,data/features/dinov3_vitb16_remaining_attributes_assets.csv,classification,dinov3_frozen_embeddings_random_forest,random_forest,StratifiedGroupKFold,3,5,119774,No railings,No railings,True
attr_has_pedestrian_railing,attr_has_pedestrian_railing,data/processed/train/attr_has_pedestrian_railing_train.csv,data/features/dinov3_vitb16_remaining_attributes_assets.csv,classification,dinov3_frozen_embeddings_random_forest,random_forest,StratifiedGroupKFold,3,5,119811,No railings,No railings,True
attr_has_pedestrian_railing,attr_has_pedestrian_railing,data/processed/train/attr_has_pedestrian_railing_train.csv,data/features/dinov3_vitb16_remaining_attributes_assets.csv,classification,dinov3_frozen_embeddings_random_forest,random_forest,StratifiedGroupKFold,3,5,119851,No railings,No railings,True
attr_has_pedestrian_railing,attr_has_pedestrian_railing,data/processed/train/attr_has_pedestrian_railing_train.csv,data/features/dinov3_vitb16_remaining_attributes_assets.csv,classification,dinov3_frozen_embeddings_random_forest,random_forest,StratifiedGroupKFold,3,5,119863,No railings,No railings,True
attr_has_pedestrian_railing,attr_has_pedestrian_railing,data/processed/train/attr_has_pedestrian_railing_train.csv,data/features/dinov3_vitb16_remaining_attributes_assets.csv,classification,dinov3_frozen_embeddings_random_forest,random_forest,StratifiedGroupKFold,3,5,102350,No railings,No railings,True
attr_has_pedestrian_railing,attr_has_pedestrian_railing,data/processed/train/attr_has_pedestrian_railing_train.csv,data/features/dinov3_vitb16_remaining_attributes_assets.csv,classification,dinov3_frozen_embeddings_random_forest,random_forest,StratifiedGroupKFold,3,5,121755,No railings,No railings,True
attr_has_pedestrian_railing,attr_has_pedestrian_railing,data/processed/train/attr_has_pedestrian_railing_train.csv,data/features/dinov3_vitb16_remaining_attributes_assets.csv,classification,dinov3_frozen_embeddings_random_forest,random_forest,StratifiedGroupKFold,3,5,121990,2 railings,No railings,False
attr_has_pedestrian_railing,attr_has_pedestrian_railing,data/processed/train/attr_has_pedestrian_railing_train.csv,data/features/dinov3_vitb16_remaining_attributes_assets.csv,classification,dinov3_frozen_embeddings_random_forest,random_forest,StratifiedGroupKFold,3,5,122178,No railings,No railings,True
attr_has_pedestrian_railing,attr_has_pedestrian_railing,data/processed/train/attr_has_pedestrian_railing_train.csv,data/features/dinov3_vitb16_remaining_attributes_assets.csv,classification,dinov3_frozen_embeddings_random_forest,random_forest,StratifiedGroupKFold,3,5,123167,No railings,No railings,True
attr_has_pedestrian_railing,attr_has_pedestrian_railing,data/processed/train/attr_has_pedestrian_railing_train.csv,data/features/dinov3_vitb16_remaining_attributes_assets.csv,classification,dinov3_frozen_embeddings_random_forest,random_forest,StratifiedGroupKFold,3,5,126721,2 railings,No railings,False
attr_has_pedestrian_railing,attr_has_pedestrian_railing,data/processed/train/attr_has_pedestrian_railing_train.csv,data/features/dinov3_vitb16_remaining_attributes_assets.csv,classification,dinov3_frozen_embeddings_random_forest,random_forest,StratifiedGroupKFold,3,5,126914,No railings,No railings,True
attr_has_pedestrian_railing,attr_has_pedestrian_railing,data/processed/train/attr_has_pedestrian_railing_train.csv,data/features/dinov3_vitb16_remaining_attributes_assets.csv,classification,dinov3_frozen_embeddings_random_forest,random_forest,StratifiedGroupKFold,3,5,127136,2 railings,No railings,False
attr_has_pedestrian_railing,attr_has_pedestrian_railing,data/processed/train/attr_has_pedestrian_railing_train.csv,data/features/dinov3_vitb16_remaining_attributes_assets.csv,classification,dinov3_frozen_embeddings_random_forest,random_forest,StratifiedGroupKFold,3,5,127184,1 railing,No railings,False
attr_has_pedestrian_railing,attr_has_pedestrian_railing,data/processed/train/attr_has_pedestrian_railing_train.csv,data/features/dinov3_vitb16_remaining_attributes_assets.csv,classification,dinov3_frozen_embeddings_random_forest,random_forest,StratifiedGroupKFold,3,5,127204,No railings,No railings,True
attr_has_pedestrian_railing,attr_has_pedestrian_railing,data/processed/train/attr_has_pedestrian_railing_train.csv,data/features/dinov3_vitb16_remaining_attributes_assets.csv,classification,dinov3_frozen_embeddings_random_forest,random_forest,StratifiedGroupKFold,3,5,127455,No railings,No railings,True
attr_has_pedestrian_railing,attr_has_pedestrian_railing,data/processed/train/attr_has_pedestrian_railing_train.csv,data/features/dinov3_vitb16_remaining_attributes_assets.csv,classification,dinov3_frozen_embeddings_random_forest,random_forest,StratifiedGroupKFold,3,5,128643,2 railings,No railings,False
attr_has_pedestrian_railing,attr_has_pedestrian_railing,data/processed/train/attr_has_pedestrian_railing_train.csv,data/features/dinov3_vitb16_remaining_attributes_assets.csv,classification,dinov3_frozen_embeddings_random_forest,random_forest,StratifiedGroupKFold,3,5,129364,No railings,No railings,True
attr_has_pedestrian_railing,attr_has_pedestrian_railing,data/processed/train/attr_has_pedestrian_railing_train.csv,data/features/dinov3_vitb16_remaining_attributes_assets.csv,classification,dinov3_frozen_embeddings_random_forest,random_forest,StratifiedGroupKFold,3,5,46730,1 railing,No railings,False
attr_has_pedestrian_railing,attr_has_pedestrian_railing,data/processed/train/attr_has_pedestrian_railing_train.csv,data/features/dinov3_vitb16_remaining_attributes_assets.csv,classification,dinov3_frozen_embeddings_random_forest,random_forest,StratifiedGroupKFold,3,5,52073,No railings,No railings,True
attr_has_pedestrian_railing,attr_has_pedestrian_railing,data/processed/train/attr_has_pedestrian_railing_train.csv,data/features/dinov3_vitb16_remaining_attributes_assets.csv,classification,dinov3_frozen_embeddings_random_forest,random_forest,StratifiedGroupKFold,3,5,55656,No railings,No railings,True
attr_has_pedestrian_railing,attr_has_pedestrian_railing,data/processed/train/attr_has_pedestrian_railing_train.csv,data/features/dinov3_vitb16_remaining_attributes_assets.csv,classification,dinov3_frozen_embeddings_random_forest,random_forest,StratifiedGroupKFold,3,5,61424,No railings,No railings,True
attr_has_pedestrian_railing,attr_has_pedestrian_railing,data/processed/train/attr_has_pedestrian_railing_train.csv,data/features/dinov3_vitb16_remaining_attributes_assets.csv,classification,dinov3_frozen_embeddings_random_forest,random_forest,StratifiedGroupKFold,3,5,62341,No railings,No railings,True
attr_has_pedestrian_railing,attr_has_pedestrian_railing,data/processed/train/attr_has_pedestrian_railing_train.csv,data/features/dinov3_vitb16_remaining_attributes_assets.csv,classification,dinov3_frozen_embeddings_random_forest,random_forest,StratifiedGroupKFold,3,5,64468,No railings,No railings,True
attr_has_pedestrian_railing,attr_has_pedestrian_railing,data/processed/train/attr_has_pedestrian_railing_train.csv,data/features/dinov3_vitb16_remaining_attributes_assets.csv,classification,dinov3_frozen_embeddings_random_forest,random_forest,StratifiedGroupKFold,3,5,71175,No railings,No railings,True
attr_has_pedestrian_railing,attr_has_pedestrian_railing,data/processed/train/attr_has_pedestrian_railing_train.csv,data/features/dinov3_vitb16_remaining_attributes_assets.csv,classification,dinov3_frozen_embeddings_random_forest,random_forest,StratifiedGroupKFold,4,5,47664,No railings,No railings,True
attr_has_pedestrian_railing,attr_has_pedestrian_railing,data/processed/train/attr_has_pedestrian_railing_train.csv,data/features/dinov3_vitb16_remaining_attributes_assets.csv,classification,dinov3_frozen_embeddings_random_forest,random_forest,StratifiedGroupKFold,4,5,49689,No railings,No railings,True
attr_has_pedestrian_railing,attr_has_pedestrian_railing,data/processed/train/attr_has_pedestrian_railing_train.csv,data/features/dinov3_vitb16_remaining_attributes_assets.csv,classification,dinov3_frozen_embeddings_random_forest,random_forest,StratifiedGroupKFold,4,5,48936,No railings,No railings,True
attr_has_pedestrian_railing,attr_has_pedestrian_railing,data/processed/train/attr_has_pedestrian_railing_train.csv,data/features/dinov3_vitb16_remaining_attributes_assets.csv,classification,dinov3_frozen_embeddings_random_forest,random_forest,StratifiedGroupKFold,4,5,50513,No railings,No railings,True
attr_has_pedestrian_railing,attr_has_pedestrian_railing,data/processed/train/attr_has_pedestrian_railing_train.csv,data/features/dinov3_vitb16_remaining_attributes_assets.csv,classification,dinov3_frozen_embeddings_random_forest,random_forest,StratifiedGroupKFold,4,5,51538,No railings,No railings,True
attr_has_pedestrian_railing,attr_has_pedestrian_railing,data/processed/train/attr_has_pedestrian_railing_train.csv,data/features/dinov3_vitb16_remaining_attributes_assets.csv,classification,dinov3_frozen_embeddings_random_forest,random_forest,StratifiedGroupKFold,4,5,55646,No railings,No railings,True
attr_has_pedestrian_railing,attr_has_pedestrian_railing,data/processed/train/attr_has_pedestrian_railing_train.csv,data/features/dinov3_vitb16_remaining_attributes_assets.csv,classification,dinov3_frozen_embeddings_random_forest,random_forest,StratifiedGroupKFold,4,5,55648,No railings,No railings,True
attr_has_pedestrian_railing,attr_has_pedestrian_railing,data/processed/train/attr_has_pedestrian_railing_train.csv,data/features/dinov3_vitb16_remaining_attributes_assets.csv,classification,dinov3_frozen_embeddings_random_forest,random_forest,StratifiedGroupKFold,4,5,55643,No railings,No railings,True
attr_has_pedestrian_railing,attr_has_pedestrian_railing,data/processed/train/attr_has_pedestrian_railing_train.csv,data/features/dinov3_vitb16_remaining_attributes_assets.csv,classification,dinov3_frozen_embeddings_random_forest,random_forest,StratifiedGroupKFold,4,5,56779,No railings,No railings,True
attr_has_pedestrian_railing,attr_has_pedestrian_railing,data/processed/train/attr_has_pedestrian_railing_train.csv,data/features/dinov3_vitb16_remaining_attributes_assets.csv,classification,dinov3_frozen_embeddings_random_forest,random_forest,StratifiedGroupKFold,4,5,58824,No railings,No railings,True
attr_has_pedestrian_railing,attr_has_pedestrian_railing,data/processed/train/attr_has_pedestrian_railing_train.csv,data/features/dinov3_vitb16_remaining_attributes_assets.csv,classification,dinov3_frozen_embeddings_random_forest,random_forest,StratifiedGroupKFold,4,5,59061,No railings,No railings,True
attr_has_pedestrian_railing,attr_has_pedestrian_railing,data/processed/train/attr_has_pedestrian_railing_train.csv,data/features/dinov3_vitb16_remaining_attributes_assets.csv,classification,dinov3_frozen_embeddings_random_forest,random_forest,StratifiedGroupKFold,4,5,61735,No railings,No railings,True
attr_has_pedestrian_railing,attr_has_pedestrian_railing,data/processed/train/attr_has_pedestrian_railing_train.csv,data/features/dinov3_vitb16_remaining_attributes_assets.csv,classification,dinov3_frozen_embeddings_random_forest,random_forest,StratifiedGroupKFold,4,5,61732,No railings,No railings,True
attr_has_pedestrian_railing,attr_has_pedestrian_railing,data/processed/train/attr_has_pedestrian_railing_train.csv,data/features/dinov3_vitb16_remaining_attributes_assets.csv,classification,dinov3_frozen_embeddings_random_forest,random_forest,StratifiedGroupKFold,4,5,63074,No railings,No railings,True
attr_has_pedestrian_railing,attr_has_pedestrian_railing,data/processed/train/attr_has_pedestrian_railing_train.csv,data/features/dinov3_vitb16_remaining_attributes_assets.csv,classification,dinov3_frozen_embeddings_random_forest,random_forest,StratifiedGroupKFold,4,5,63220,No railings,No railings,True
attr_has_pedestrian_railing,attr_has_pedestrian_railing,data/processed/train/attr_has_pedestrian_railing_train.csv,data/features/dinov3_vitb16_remaining_attributes_assets.csv,classification,dinov3_frozen_embeddings_random_forest,random_forest,StratifiedGroupKFold,4,5,64273,No railings,No railings,True
attr_has_pedestrian_railing,attr_has_pedestrian_railing,data/processed/train/attr_has_pedestrian_railing_train.csv,data/features/dinov3_vitb16_remaining_attributes_assets.csv,classification,dinov3_frozen_embeddings_random_forest,random_forest,StratifiedGroupKFold,4,5,64887,No railings,No railings,True
attr_has_pedestrian_railing,attr_has_pedestrian_railing,data/processed/train/attr_has_pedestrian_railing_train.csv,data/features/dinov3_vitb16_remaining_attributes_assets.csv,classification,dinov3_frozen_embeddings_random_forest,random_forest,StratifiedGroupKFold,4,5,66539,No railings,No railings,True
attr_has_pedestrian_railing,attr_has_pedestrian_railing,data/processed/train/attr_has_pedestrian_railing_train.csv,data/features/dinov3_vitb16_remaining_attributes_assets.csv,classification,dinov3_frozen_embeddings_random_forest,random_forest,StratifiedGroupKFold,4,5,83942,No railings,No railings,True
attr_has_pedestrian_railing,attr_has_pedestrian_railing,data/processed/train/attr_has_pedestrian_railing_train.csv,data/features/dinov3_vitb16_remaining_attributes_assets.csv,classification,dinov3_frozen_embeddings_random_forest,random_forest,StratifiedGroupKFold,4,5,83945,No railings,No railings,True
attr_has_pedestrian_railing,attr_has_pedestrian_railing,data/processed/train/attr_has_pedestrian_railing_train.csv,data/features/dinov3_vitb16_remaining_attributes_assets.csv,classification,dinov3_frozen_embeddings_random_forest,random_forest,StratifiedGroupKFold,4,5,83953,No railings,No railings,True
attr_has_pedestrian_railing,attr_has_pedestrian_railing,data/processed/train/attr_has_pedestrian_railing_train.csv,data/features/dinov3_vitb16_remaining_attributes_assets.csv,classification,dinov3_frozen_embeddings_random_forest,random_forest,StratifiedGroupKFold,4,5,84095,No railings,No railings,True
attr_has_pedestrian_railing,attr_has_pedestrian_railing,data/processed/train/attr_has_pedestrian_railing_train.csv,data/features/dinov3_vitb16_remaining_attributes_assets.csv,classification,dinov3_frozen_embeddings_random_forest,random_forest,StratifiedGroupKFold,4,5,84825,No railings,No railings,True
attr_has_pedestrian_railing,attr_has_pedestrian_railing,data/processed/train/attr_has_pedestrian_railing_train.csv,data/features/dinov3_vitb16_remaining_attributes_assets.csv,classification,dinov3_frozen_embeddings_random_forest,random_forest,StratifiedGroupKFold,4,5,84846,No railings,No railings,True
attr_has_pedestrian_railing,attr_has_pedestrian_railing,data/processed/train/attr_has_pedestrian_railing_train.csv,data/features/dinov3_vitb16_remaining_attributes_assets.csv,classification,dinov3_frozen_embeddings_random_forest,random_forest,StratifiedGroupKFold,4,5,84826,No railings,No railings,True
attr_has_pedestrian_railing,attr_has_pedestrian_railing,data/processed/train/attr_has_pedestrian_railing_train.csv,data/features/dinov3_vitb16_remaining_attributes_assets.csv,classification,dinov3_frozen_embeddings_random_forest,random_forest,StratifiedGroupKFold,4,5,84861,No railings,No railings,True
attr_has_pedestrian_railing,attr_has_pedestrian_railing,data/processed/train/attr_has_pedestrian_railing_train.csv,data/features/dinov3_vitb16_remaining_attributes_assets.csv,classification,dinov3_frozen_embeddings_random_forest,random_forest,StratifiedGroupKFold,4,5,85500,No railings,No railings,True
attr_has_pedestrian_railing,attr_has_pedestrian_railing,data/processed/train/attr_has_pedestrian_railing_train.csv,data/features/dinov3_vitb16_remaining_attributes_assets.csv,classification,dinov3_frozen_embeddings_random_forest,random_forest,StratifiedGroupKFold,4,5,85508,No railings,No railings,True
attr_has_pedestrian_railing,attr_has_pedestrian_railing,data/processed/train/attr_has_pedestrian_railing_train.csv,data/features/dinov3_vitb16_remaining_attributes_assets.csv,classification,dinov3_frozen_embeddings_random_forest,random_forest,StratifiedGroupKFold,4,5,86052,No railings,No railings,True
attr_has_pedestrian_railing,attr_has_pedestrian_railing,data/processed/train/attr_has_pedestrian_railing_train.csv,data/features/dinov3_vitb16_remaining_attributes_assets.csv,classification,dinov3_frozen_embeddings_random_forest,random_forest,StratifiedGroupKFold,4,5,86041,No railings,No railings,True
attr_has_pedestrian_railing,attr_has_pedestrian_railing,data/processed/train/attr_has_pedestrian_railing_train.csv,data/features/dinov3_vitb16_remaining_attributes_assets.csv,classification,dinov3_frozen_embeddings_random_forest,random_forest,StratifiedGroupKFold,4,5,86054,No railings,No railings,True
attr_has_pedestrian_railing,attr_has_pedestrian_railing,data/processed/train/attr_has_pedestrian_railing_train.csv,data/features/dinov3_vitb16_remaining_attributes_assets.csv,classification,dinov3_frozen_embeddings_random_forest,random_forest,StratifiedGroupKFold,4,5,86063,No railings,No railings,True
attr_has_pedestrian_railing,attr_has_pedestrian_railing,data/processed/train/attr_has_pedestrian_railing_train.csv,data/features/dinov3_vitb16_remaining_attributes_assets.csv,classification,dinov3_frozen_embeddings_random_forest,random_forest,StratifiedGroupKFold,4,5,86093,No railings,No railings,True
attr_has_pedestrian_railing,attr_has_pedestrian_railing,data/processed/train/attr_has_pedestrian_railing_train.csv,data/features/dinov3_vitb16_remaining_attributes_assets.csv,classification,dinov3_frozen_embeddings_random_forest,random_forest,StratifiedGroupKFold,4,5,86087,No railings,No railings,True
attr_has_pedestrian_railing,attr_has_pedestrian_railing,data/processed/train/attr_has_pedestrian_railing_train.csv,data/features/dinov3_vitb16_remaining_attributes_assets.csv,classification,dinov3_frozen_embeddings_random_forest,random_forest,StratifiedGroupKFold,4,5,86099,No railings,No railings,True
attr_has_pedestrian_railing,attr_has_pedestrian_railing,data/processed/train/attr_has_pedestrian_railing_train.csv,data/features/dinov3_vitb16_remaining_attributes_assets.csv,classification,dinov3_frozen_embeddings_random_forest,random_forest,StratifiedGroupKFold,4,5,86100,No railings,No railings,True
attr_has_pedestrian_railing,attr_has_pedestrian_railing,data/processed/train/attr_has_pedestrian_railing_train.csv,data/features/dinov3_vitb16_remaining_attributes_assets.csv,classification,dinov3_frozen_embeddings_random_forest,random_forest,StratifiedGroupKFold,4,5,86110,No railings,No railings,True
attr_has_pedestrian_railing,attr_has_pedestrian_railing,data/processed/train/attr_has_pedestrian_railing_train.csv,data/features/dinov3_vitb16_remaining_attributes_assets.csv,classification,dinov3_frozen_embeddings_random_forest,random_forest,StratifiedGroupKFold,4,5,86111,No railings,No railings,True
attr_has_pedestrian_railing,attr_has_pedestrian_railing,data/processed/train/attr_has_pedestrian_railing_train.csv,data/features/dinov3_vitb16_remaining_attributes_assets.csv,classification,dinov3_frozen_embeddings_random_forest,random_forest,StratifiedGroupKFold,4,5,86135,No railings,No railings,True
attr_has_pedestrian_railing,attr_has_pedestrian_railing,data/processed/train/attr_has_pedestrian_railing_train.csv,data/features/dinov3_vitb16_remaining_attributes_assets.csv,classification,dinov3_frozen_embeddings_random_forest,random_forest,StratifiedGroupKFold,4,5,86147,No railings,No railings,True
attr_has_pedestrian_railing,attr_has_pedestrian_railing,data/processed/train/attr_has_pedestrian_railing_train.csv,data/features/dinov3_vitb16_remaining_attributes_assets.csv,classification,dinov3_frozen_embeddings_random_forest,random_forest,StratifiedGroupKFold,4,5,86150,No railings,No railings,True
attr_has_pedestrian_railing,attr_has_pedestrian_railing,data/processed/train/attr_has_pedestrian_railing_train.csv,data/features/dinov3_vitb16_remaining_attributes_assets.csv,classification,dinov3_frozen_embeddings_random_forest,random_forest,StratifiedGroupKFold,4,5,86163,No railings,No railings,True
attr_has_pedestrian_railing,attr_has_pedestrian_railing,data/processed/train/attr_has_pedestrian_railing_train.csv,data/features/dinov3_vitb16_remaining_attributes_assets.csv,classification,dinov3_frozen_embeddings_random_forest,random_forest,StratifiedGroupKFold,4,5,86167,No railings,No railings,True
attr_has_pedestrian_railing,attr_has_pedestrian_railing,data/processed/train/attr_has_pedestrian_railing_train.csv,data/features/dinov3_vitb16_remaining_attributes_assets.csv,classification,dinov3_frozen_embeddings_random_forest,random_forest,StratifiedGroupKFold,4,5,86166,No railings,No railings,True
attr_has_pedestrian_railing,attr_has_pedestrian_railing,data/processed/train/attr_has_pedestrian_railing_train.csv,data/features/dinov3_vitb16_remaining_attributes_assets.csv,classification,dinov3_frozen_embeddings_random_forest,random_forest,StratifiedGroupKFold,4,5,86182,No railings,No railings,True
attr_has_pedestrian_railing,attr_has_pedestrian_railing,data/processed/train/attr_has_pedestrian_railing_train.csv,data/features/dinov3_vitb16_remaining_attributes_assets.csv,classification,dinov3_frozen_embeddings_random_forest,random_forest,StratifiedGroupKFold,4,5,86187,No railings,No railings,True
attr_has_pedestrian_railing,attr_has_pedestrian_railing,data/processed/train/attr_has_pedestrian_railing_train.csv,data/features/dinov3_vitb16_remaining_attributes_assets.csv,classification,dinov3_frozen_embeddings_random_forest,random_forest,StratifiedGroupKFold,4,5,86189,No railings,No railings,True
attr_has_pedestrian_railing,attr_has_pedestrian_railing,data/processed/train/attr_has_pedestrian_railing_train.csv,data/features/dinov3_vitb16_remaining_attributes_assets.csv,classification,dinov3_frozen_embeddings_random_forest,random_forest,StratifiedGroupKFold,4,5,86192,No railings,No railings,True
attr_has_pedestrian_railing,attr_has_pedestrian_railing,data/processed/train/attr_has_pedestrian_railing_train.csv,data/features/dinov3_vitb16_remaining_attributes_assets.csv,classification,dinov3_frozen_embeddings_random_forest,random_forest,StratifiedGroupKFold,4,5,86191,No railings,No railings,True
attr_has_pedestrian_railing,attr_has_pedestrian_railing,data/processed/train/attr_has_pedestrian_railing_train.csv,data/features/dinov3_vitb16_remaining_attributes_assets.csv,classification,dinov3_frozen_embeddings_random_forest,random_forest,StratifiedGroupKFold,4,5,86196,No railings,No railings,True
attr_has_pedestrian_railing,attr_has_pedestrian_railing,data/processed/train/attr_has_pedestrian_railing_train.csv,data/features/dinov3_vitb16_remaining_attributes_assets.csv,classification,dinov3_frozen_embeddings_random_forest,random_forest,StratifiedGroupKFold,4,5,86199,No railings,No railings,True
attr_has_pedestrian_railing,attr_has_pedestrian_railing,data/processed/train/attr_has_pedestrian_railing_train.csv,data/features/dinov3_vitb16_remaining_attributes_assets.csv,classification,dinov3_frozen_embeddings_random_forest,random_forest,StratifiedGroupKFold,4,5,86216,No railings,No railings,True
attr_has_pedestrian_railing,attr_has_pedestrian_railing,data/processed/train/attr_has_pedestrian_railing_train.csv,data/features/dinov3_vitb16_remaining_attributes_assets.csv,classification,dinov3_frozen_embeddings_random_forest,random_forest,StratifiedGroupKFold,4,5,86232,No railings,No railings,True
attr_has_pedestrian_railing,attr_has_pedestrian_railing,data/processed/train/attr_has_pedestrian_railing_train.csv,data/features/dinov3_vitb16_remaining_attributes_assets.csv,classification,dinov3_frozen_embeddings_random_forest,random_forest,StratifiedGroupKFold,4,5,86235,No railings,No railings,True
attr_has_pedestrian_railing,attr_has_pedestrian_railing,data/processed/train/attr_has_pedestrian_railing_train.csv,data/features/dinov3_vitb16_remaining_attributes_assets.csv,classification,dinov3_frozen_embeddings_random_forest,random_forest,StratifiedGroupKFold,4,5,86329,No railings,No railings,True
attr_has_pedestrian_railing,attr_has_pedestrian_railing,data/processed/train/attr_has_pedestrian_railing_train.csv,data/features/dinov3_vitb16_remaining_attributes_assets.csv,classification,dinov3_frozen_embeddings_random_forest,random_forest,StratifiedGroupKFold,4,5,86358,No railings,No railings,True
attr_has_pedestrian_railing,attr_has_pedestrian_railing,data/processed/train/attr_has_pedestrian_railing_train.csv,data/features/dinov3_vitb16_remaining_attributes_assets.csv,classification,dinov3_frozen_embeddings_random_forest,random_forest,StratifiedGroupKFold,4,5,86878,No railings,No railings,True
attr_has_pedestrian_railing,attr_has_pedestrian_railing,data/processed/train/attr_has_pedestrian_railing_train.csv,data/features/dinov3_vitb16_remaining_attributes_assets.csv,classification,dinov3_frozen_embeddings_random_forest,random_forest,StratifiedGroupKFold,4,5,86889,No railings,No railings,True
attr_has_pedestrian_railing,attr_has_pedestrian_railing,data/processed/train/attr_has_pedestrian_railing_train.csv,data/features/dinov3_vitb16_remaining_attributes_assets.csv,classification,dinov3_frozen_embeddings_random_forest,random_forest,StratifiedGroupKFold,4,5,86898,No railings,No railings,True
attr_has_pedestrian_railing,attr_has_pedestrian_railing,data/processed/train/attr_has_pedestrian_railing_train.csv,data/features/dinov3_vitb16_remaining_attributes_assets.csv,classification,dinov3_frozen_embeddings_random_forest,random_forest,StratifiedGroupKFold,4,5,86910,No railings,No railings,True
attr_has_pedestrian_railing,attr_has_pedestrian_railing,data/processed/train/attr_has_pedestrian_railing_train.csv,data/features/dinov3_vitb16_remaining_attributes_assets.csv,classification,dinov3_frozen_embeddings_random_forest,random_forest,StratifiedGroupKFold,4,5,86917,No railings,No railings,True
attr_has_pedestrian_railing,attr_has_pedestrian_railing,data/processed/train/attr_has_pedestrian_railing_train.csv,data/features/dinov3_vitb16_remaining_attributes_assets.csv,classification,dinov3_frozen_embeddings_random_forest,random_forest,StratifiedGroupKFold,4,5,86925,No railings,No railings,True
attr_has_pedestrian_railing,attr_has_pedestrian_railing,data/processed/train/attr_has_pedestrian_railing_train.csv,data/features/dinov3_vitb16_remaining_attributes_assets.csv,classification,dinov3_frozen_embeddings_random_forest,random_forest,StratifiedGroupKFold,4,5,86926,No railings,No railings,True
attr_has_pedestrian_railing,attr_has_pedestrian_railing,data/processed/train/attr_has_pedestrian_railing_train.csv,data/features/dinov3_vitb16_remaining_attributes_assets.csv,classification,dinov3_frozen_embeddings_random_forest,random_forest,StratifiedGroupKFold,4,5,88097,No railings,No railings,True
attr_has_pedestrian_railing,attr_has_pedestrian_railing,data/processed/train/attr_has_pedestrian_railing_train.csv,data/features/dinov3_vitb16_remaining_attributes_assets.csv,classification,dinov3_frozen_embeddings_random_forest,random_forest,StratifiedGroupKFold,4,5,88282,No railings,No railings,True
attr_has_pedestrian_railing,attr_has_pedestrian_railing,data/processed/train/attr_has_pedestrian_railing_train.csv,data/features/dinov3_vitb16_remaining_attributes_assets.csv,classification,dinov3_frozen_embeddings_random_forest,random_forest,StratifiedGroupKFold,4,5,89446,No railings,No railings,True
attr_has_pedestrian_railing,attr_has_pedestrian_railing,data/processed/train/attr_has_pedestrian_railing_train.csv,data/features/dinov3_vitb16_remaining_attributes_assets.csv,classification,dinov3_frozen_embeddings_random_forest,random_forest,StratifiedGroupKFold,4,5,89577,No railings,No railings,True
attr_has_pedestrian_railing,attr_has_pedestrian_railing,data/processed/train/attr_has_pedestrian_railing_train.csv,data/features/dinov3_vitb16_remaining_attributes_assets.csv,classification,dinov3_frozen_embeddings_random_forest,random_forest,StratifiedGroupKFold,4,5,89579,No railings,No railings,True
attr_has_pedestrian_railing,attr_has_pedestrian_railing,data/processed/train/attr_has_pedestrian_railing_train.csv,data/features/dinov3_vitb16_remaining_attributes_assets.csv,classification,dinov3_frozen_embeddings_random_forest,random_forest,StratifiedGroupKFold,4,5,89582,No railings,No railings,True
attr_has_pedestrian_railing,attr_has_pedestrian_railing,data/processed/train/attr_has_pedestrian_railing_train.csv,data/features/dinov3_vitb16_remaining_attributes_assets.csv,classification,dinov3_frozen_embeddings_random_forest,random_forest,StratifiedGroupKFold,4,5,89709,No railings,No railings,True
attr_has_pedestrian_railing,attr_has_pedestrian_railing,data/processed/train/attr_has_pedestrian_railing_train.csv,data/features/dinov3_vitb16_remaining_attributes_assets.csv,classification,dinov3_frozen_embeddings_random_forest,random_forest,StratifiedGroupKFold,4,5,89713,No railings,No railings,True
attr_has_pedestrian_railing,attr_has_pedestrian_railing,data/processed/train/attr_has_pedestrian_railing_train.csv,data/features/dinov3_vitb16_remaining_attributes_assets.csv,classification,dinov3_frozen_embeddings_random_forest,random_forest,StratifiedGroupKFold,4,5,90319,No railings,No railings,True
attr_has_pedestrian_railing,attr_has_pedestrian_railing,data/processed/train/attr_has_pedestrian_railing_train.csv,data/features/dinov3_vitb16_remaining_attributes_assets.csv,classification,dinov3_frozen_embeddings_random_forest,random_forest,StratifiedGroupKFold,4,5,90334,No railings,No railings,True
attr_has_pedestrian_railing,attr_has_pedestrian_railing,data/processed/train/attr_has_pedestrian_railing_train.csv,data/features/dinov3_vitb16_remaining_attributes_assets.csv,classification,dinov3_frozen_embeddings_random_forest,random_forest,StratifiedGroupKFold,4,5,90343,No railings,No railings,True
attr_has_pedestrian_railing,attr_has_pedestrian_railing,data/processed/train/attr_has_pedestrian_railing_train.csv,data/features/dinov3_vitb16_remaining_attributes_assets.csv,classification,dinov3_frozen_embeddings_random_forest,random_forest,StratifiedGroupKFold,4,5,90344,No railings,No railings,True
attr_has_pedestrian_railing,attr_has_pedestrian_railing,data/processed/train/attr_has_pedestrian_railing_train.csv,data/features/dinov3_vitb16_remaining_attributes_assets.csv,classification,dinov3_frozen_embeddings_random_forest,random_forest,StratifiedGroupKFold,4,5,90347,No railings,No railings,True
attr_has_pedestrian_railing,attr_has_pedestrian_railing,data/processed/train/attr_has_pedestrian_railing_train.csv,data/features/dinov3_vitb16_remaining_attributes_assets.csv,classification,dinov3_frozen_embeddings_random_forest,random_forest,StratifiedGroupKFold,4,5,90353,No railings,No railings,True
attr_has_pedestrian_railing,attr_has_pedestrian_railing,data/processed/train/attr_has_pedestrian_railing_train.csv,data/features/dinov3_vitb16_remaining_attributes_assets.csv,classification,dinov3_frozen_embeddings_random_forest,random_forest,StratifiedGroupKFold,4,5,90355,No railings,No railings,True
attr_has_pedestrian_railing,attr_has_pedestrian_railing,data/processed/train/attr_has_pedestrian_railing_train.csv,data/features/dinov3_vitb16_remaining_attributes_assets.csv,classification,dinov3_frozen_embeddings_random_forest,random_forest,StratifiedGroupKFold,4,5,90356,No railings,No railings,True
attr_has_pedestrian_railing,attr_has_pedestrian_railing,data/processed/train/attr_has_pedestrian_railing_train.csv,data/features/dinov3_vitb16_remaining_attributes_assets.csv,classification,dinov3_frozen_embeddings_random_forest,random_forest,StratifiedGroupKFold,4,5,90357,No railings,No railings,True
attr_has_pedestrian_railing,attr_has_pedestrian_railing,data/processed/train/attr_has_pedestrian_railing_train.csv,data/features/dinov3_vitb16_remaining_attributes_assets.csv,classification,dinov3_frozen_embeddings_random_forest,random_forest,StratifiedGroupKFold,4,5,90360,No railings,No railings,True
attr_has_pedestrian_railing,attr_has_pedestrian_railing,data/processed/train/attr_has_pedestrian_railing_train.csv,data/features/dinov3_vitb16_remaining_attributes_assets.csv,classification,dinov3_frozen_embeddings_random_forest,random_forest,StratifiedGroupKFold,4,5,90369,No railings,No railings,True
attr_has_pedestrian_railing,attr_has_pedestrian_railing,data/processed/train/attr_has_pedestrian_railing_train.csv,data/features/dinov3_vitb16_remaining_attributes_assets.csv,classification,dinov3_frozen_embeddings_random_forest,random_forest,StratifiedGroupKFold,4,5,90375,No railings,No railings,True
attr_has_pedestrian_railing,attr_has_pedestrian_railing,data/processed/train/attr_has_pedestrian_railing_train.csv,data/features/dinov3_vitb16_remaining_attributes_assets.csv,classification,dinov3_frozen_embeddings_random_forest,random_forest,StratifiedGroupKFold,4,5,90380,No railings,No railings,True
attr_has_pedestrian_railing,attr_has_pedestrian_railing,data/processed/train/attr_has_pedestrian_railing_train.csv,data/features/dinov3_vitb16_remaining_attributes_assets.csv,classification,dinov3_frozen_embeddings_random_forest,random_forest,StratifiedGroupKFold,4,5,90390,No railings,No railings,True
attr_has_pedestrian_railing,attr_has_pedestrian_railing,data/processed/train/attr_has_pedestrian_railing_train.csv,data/features/dinov3_vitb16_remaining_attributes_assets.csv,classification,dinov3_frozen_embeddings_random_forest,random_forest,StratifiedGroupKFold,4,5,90392,No railings,No railings,True
attr_has_pedestrian_railing,attr_has_pedestrian_railing,data/processed/train/attr_has_pedestrian_railing_train.csv,data/features/dinov3_vitb16_remaining_attributes_assets.csv,classification,dinov3_frozen_embeddings_random_forest,random_forest,StratifiedGroupKFold,4,5,90393,No railings,No railings,True
attr_has_pedestrian_railing,attr_has_pedestrian_railing,data/processed/train/attr_has_pedestrian_railing_train.csv,data/features/dinov3_vitb16_remaining_attributes_assets.csv,classification,dinov3_frozen_embeddings_random_forest,random_forest,StratifiedGroupKFold,4,5,90489,No railings,No railings,True
attr_has_pedestrian_railing,attr_has_pedestrian_railing,data/processed/train/attr_has_pedestrian_railing_train.csv,data/features/dinov3_vitb16_remaining_attributes_assets.csv,classification,dinov3_frozen_embeddings_random_forest,random_forest,StratifiedGroupKFold,4,5,90506,No railings,No railings,True
attr_has_pedestrian_railing,attr_has_pedestrian_railing,data/processed/train/attr_has_pedestrian_railing_train.csv,data/features/dinov3_vitb16_remaining_attributes_assets.csv,classification,dinov3_frozen_embeddings_random_forest,random_forest,StratifiedGroupKFold,4,5,90673,No railings,No railings,True
attr_has_pedestrian_railing,attr_has_pedestrian_railing,data/processed/train/attr_has_pedestrian_railing_train.csv,data/features/dinov3_vitb16_remaining_attributes_assets.csv,classification,dinov3_frozen_embeddings_random_forest,random_forest,StratifiedGroupKFold,4,5,90683,No railings,No railings,True
attr_has_pedestrian_railing,attr_has_pedestrian_railing,data/processed/train/attr_has_pedestrian_railing_train.csv,data/features/dinov3_vitb16_remaining_attributes_assets.csv,classification,dinov3_frozen_embeddings_random_forest,random_forest,StratifiedGroupKFold,4,5,92038,No railings,No railings,True
attr_has_pedestrian_railing,attr_has_pedestrian_railing,data/processed/train/attr_has_pedestrian_railing_train.csv,data/features/dinov3_vitb16_remaining_attributes_assets.csv,classification,dinov3_frozen_embeddings_random_forest,random_forest,StratifiedGroupKFold,4,5,92045,No railings,No railings,True
attr_has_pedestrian_railing,attr_has_pedestrian_railing,data/processed/train/attr_has_pedestrian_railing_train.csv,data/features/dinov3_vitb16_remaining_attributes_assets.csv,classification,dinov3_frozen_embeddings_random_forest,random_forest,StratifiedGroupKFold,4,5,92046,No railings,No railings,True
attr_has_pedestrian_railing,attr_has_pedestrian_railing,data/processed/train/attr_has_pedestrian_railing_train.csv,data/features/dinov3_vitb16_remaining_attributes_assets.csv,classification,dinov3_frozen_embeddings_random_forest,random_forest,StratifiedGroupKFold,4,5,92060,No railings,No railings,True
attr_has_pedestrian_railing,attr_has_pedestrian_railing,data/processed/train/attr_has_pedestrian_railing_train.csv,data/features/dinov3_vitb16_remaining_attributes_assets.csv,classification,dinov3_frozen_embeddings_random_forest,random_forest,StratifiedGroupKFold,4,5,92081,No railings,No railings,True
attr_has_pedestrian_railing,attr_has_pedestrian_railing,data/processed/train/attr_has_pedestrian_railing_train.csv,data/features/dinov3_vitb16_remaining_attributes_assets.csv,classification,dinov3_frozen_embeddings_random_forest,random_forest,StratifiedGroupKFold,4,5,92089,No railings,No railings,True
attr_has_pedestrian_railing,attr_has_pedestrian_railing,data/processed/train/attr_has_pedestrian_railing_train.csv,data/features/dinov3_vitb16_remaining_attributes_assets.csv,classification,dinov3_frozen_embeddings_random_forest,random_forest,StratifiedGroupKFold,4,5,92106,No railings,No railings,True
attr_has_pedestrian_railing,attr_has_pedestrian_railing,data/processed/train/attr_has_pedestrian_railing_train.csv,data/features/dinov3_vitb16_remaining_attributes_assets.csv,classification,dinov3_frozen_embeddings_random_forest,random_forest,StratifiedGroupKFold,4,5,93027,No railings,No railings,True
attr_has_pedestrian_railing,attr_has_pedestrian_railing,data/processed/train/attr_has_pedestrian_railing_train.csv,data/features/dinov3_vitb16_remaining_attributes_assets.csv,classification,dinov3_frozen_embeddings_random_forest,random_forest,StratifiedGroupKFold,4,5,94171,No railings,No railings,True
attr_has_pedestrian_railing,attr_has_pedestrian_railing,data/processed/train/attr_has_pedestrian_railing_train.csv,data/features/dinov3_vitb16_remaining_attributes_assets.csv,classification,dinov3_frozen_embeddings_random_forest,random_forest,StratifiedGroupKFold,4,5,94267,No railings,No railings,True
attr_has_pedestrian_railing,attr_has_pedestrian_railing,data/processed/train/attr_has_pedestrian_railing_train.csv,data/features/dinov3_vitb16_remaining_attributes_assets.csv,classification,dinov3_frozen_embeddings_random_forest,random_forest,StratifiedGroupKFold,4,5,94268,No railings,No railings,True
attr_has_pedestrian_railing,attr_has_pedestrian_railing,data/processed/train/attr_has_pedestrian_railing_train.csv,data/features/dinov3_vitb16_remaining_attributes_assets.csv,classification,dinov3_frozen_embeddings_random_forest,random_forest,StratifiedGroupKFold,4,5,94269,No railings,No railings,True
attr_has_pedestrian_railing,attr_has_pedestrian_railing,data/processed/train/attr_has_pedestrian_railing_train.csv,data/features/dinov3_vitb16_remaining_attributes_assets.csv,classification,dinov3_frozen_embeddings_random_forest,random_forest,StratifiedGroupKFold,4,5,94271,No railings,No railings,True
attr_has_pedestrian_railing,attr_has_pedestrian_railing,data/processed/train/attr_has_pedestrian_railing_train.csv,data/features/dinov3_vitb16_remaining_attributes_assets.csv,classification,dinov3_frozen_embeddings_random_forest,random_forest,StratifiedGroupKFold,4,5,94273,No railings,No railings,True
attr_has_pedestrian_railing,attr_has_pedestrian_railing,data/processed/train/attr_has_pedestrian_railing_train.csv,data/features/dinov3_vitb16_remaining_attributes_assets.csv,classification,dinov3_frozen_embeddings_random_forest,random_forest,StratifiedGroupKFold,4,5,94281,No railings,No railings,True
attr_has_pedestrian_railing,attr_has_pedestrian_railing,data/processed/train/attr_has_pedestrian_railing_train.csv,data/features/dinov3_vitb16_remaining_attributes_assets.csv,classification,dinov3_frozen_embeddings_random_forest,random_forest,StratifiedGroupKFold,4,5,94282,No railings,No railings,True
attr_has_pedestrian_railing,attr_has_pedestrian_railing,data/processed/train/attr_has_pedestrian_railing_train.csv,data/features/dinov3_vitb16_remaining_attributes_assets.csv,classification,dinov3_frozen_embeddings_random_forest,random_forest,StratifiedGroupKFold,4,5,94283,No railings,No railings,True
attr_has_pedestrian_railing,attr_has_pedestrian_railing,data/processed/train/attr_has_pedestrian_railing_train.csv,data/features/dinov3_vitb16_remaining_attributes_assets.csv,classification,dinov3_frozen_embeddings_random_forest,random_forest,StratifiedGroupKFold,4,5,94293,No railings,No railings,True
attr_has_pedestrian_railing,attr_has_pedestrian_railing,data/processed/train/attr_has_pedestrian_railing_train.csv,data/features/dinov3_vitb16_remaining_attributes_assets.csv,classification,dinov3_frozen_embeddings_random_forest,random_forest,StratifiedGroupKFold,4,5,94299,No railings,No railings,True
attr_has_pedestrian_railing,attr_has_pedestrian_railing,data/processed/train/attr_has_pedestrian_railing_train.csv,data/features/dinov3_vitb16_remaining_attributes_assets.csv,classification,dinov3_frozen_embeddings_random_forest,random_forest,StratifiedGroupKFold,4,5,94317,No railings,No railings,True
attr_has_pedestrian_railing,attr_has_pedestrian_railing,data/processed/train/attr_has_pedestrian_railing_train.csv,data/features/dinov3_vitb16_remaining_attributes_assets.csv,classification,dinov3_frozen_embeddings_random_forest,random_forest,StratifiedGroupKFold,4,5,94326,No railings,No railings,True
attr_has_pedestrian_railing,attr_has_pedestrian_railing,data/processed/train/attr_has_pedestrian_railing_train.csv,data/features/dinov3_vitb16_remaining_attributes_assets.csv,classification,dinov3_frozen_embeddings_random_forest,random_forest,StratifiedGroupKFold,4,5,94349,No railings,No railings,True
attr_has_pedestrian_railing,attr_has_pedestrian_railing,data/processed/train/attr_has_pedestrian_railing_train.csv,data/features/dinov3_vitb16_remaining_attributes_assets.csv,classification,dinov3_frozen_embeddings_random_forest,random_forest,StratifiedGroupKFold,4,5,94351,No railings,No railings,True
attr_has_pedestrian_railing,attr_has_pedestrian_railing,data/processed/train/attr_has_pedestrian_railing_train.csv,data/features/dinov3_vitb16_remaining_attributes_assets.csv,classification,dinov3_frozen_embeddings_random_forest,random_forest,StratifiedGroupKFold,4,5,94353,No railings,No railings,True
attr_has_pedestrian_railing,attr_has_pedestrian_railing,data/processed/train/attr_has_pedestrian_railing_train.csv,data/features/dinov3_vitb16_remaining_attributes_assets.csv,classification,dinov3_frozen_embeddings_random_forest,random_forest,StratifiedGroupKFold,4,5,94357,No railings,No railings,True
attr_has_pedestrian_railing,attr_has_pedestrian_railing,data/processed/train/attr_has_pedestrian_railing_train.csv,data/features/dinov3_vitb16_remaining_attributes_assets.csv,classification,dinov3_frozen_embeddings_random_forest,random_forest,StratifiedGroupKFold,4,5,94368,No railings,No railings,True
attr_has_pedestrian_railing,attr_has_pedestrian_railing,data/processed/train/attr_has_pedestrian_railing_train.csv,data/features/dinov3_vitb16_remaining_attributes_assets.csv,classification,dinov3_frozen_embeddings_random_forest,random_forest,StratifiedGroupKFold,4,5,94373,No railings,No railings,True
attr_has_pedestrian_railing,attr_has_pedestrian_railing,data/processed/train/attr_has_pedestrian_railing_train.csv,data/features/dinov3_vitb16_remaining_attributes_assets.csv,classification,dinov3_frozen_embeddings_random_forest,random_forest,StratifiedGroupKFold,4,5,94379,No railings,No railings,True
attr_has_pedestrian_railing,attr_has_pedestrian_railing,data/processed/train/attr_has_pedestrian_railing_train.csv,data/features/dinov3_vitb16_remaining_attributes_assets.csv,classification,dinov3_frozen_embeddings_random_forest,random_forest,StratifiedGroupKFold,4,5,94383,No railings,No railings,True
attr_has_pedestrian_railing,attr_has_pedestrian_railing,data/processed/train/attr_has_pedestrian_railing_train.csv,data/features/dinov3_vitb16_remaining_attributes_assets.csv,classification,dinov3_frozen_embeddings_random_forest,random_forest,StratifiedGroupKFold,4,5,94393,No railings,No railings,True
attr_has_pedestrian_railing,attr_has_pedestrian_railing,data/processed/train/attr_has_pedestrian_railing_train.csv,data/features/dinov3_vitb16_remaining_attributes_assets.csv,classification,dinov3_frozen_embeddings_random_forest,random_forest,StratifiedGroupKFold,4,5,94394,No railings,No railings,True
attr_has_pedestrian_railing,attr_has_pedestrian_railing,data/processed/train/attr_has_pedestrian_railing_train.csv,data/features/dinov3_vitb16_remaining_attributes_assets.csv,classification,dinov3_frozen_embeddings_random_forest,random_forest,StratifiedGroupKFold,4,5,94407,No railings,No railings,True
attr_has_pedestrian_railing,attr_has_pedestrian_railing,data/processed/train/attr_has_pedestrian_railing_train.csv,data/features/dinov3_vitb16_remaining_attributes_assets.csv,classification,dinov3_frozen_embeddings_random_forest,random_forest,StratifiedGroupKFold,4,5,94413,No railings,No railings,True
attr_has_pedestrian_railing,attr_has_pedestrian_railing,data/processed/train/attr_has_pedestrian_railing_train.csv,data/features/dinov3_vitb16_remaining_attributes_assets.csv,classification,dinov3_frozen_embeddings_random_forest,random_forest,StratifiedGroupKFold,4,5,94414,No railings,No railings,True
attr_has_pedestrian_railing,attr_has_pedestrian_railing,data/processed/train/attr_has_pedestrian_railing_train.csv,data/features/dinov3_vitb16_remaining_attributes_assets.csv,classification,dinov3_frozen_embeddings_random_forest,random_forest,StratifiedGroupKFold,4,5,94421,No railings,No railings,True
attr_has_pedestrian_railing,attr_has_pedestrian_railing,data/processed/train/attr_has_pedestrian_railing_train.csv,data/features/dinov3_vitb16_remaining_attributes_assets.csv,classification,dinov3_frozen_embeddings_random_forest,random_forest,StratifiedGroupKFold,4,5,94424,No railings,No railings,True
attr_has_pedestrian_railing,attr_has_pedestrian_railing,data/processed/train/attr_has_pedestrian_railing_train.csv,data/features/dinov3_vitb16_remaining_attributes_assets.csv,classification,dinov3_frozen_embeddings_random_forest,random_forest,StratifiedGroupKFold,4,5,94781,No railings,No railings,True
attr_has_pedestrian_railing,attr_has_pedestrian_railing,data/processed/train/attr_has_pedestrian_railing_train.csv,data/features/dinov3_vitb16_remaining_attributes_assets.csv,classification,dinov3_frozen_embeddings_random_forest,random_forest,StratifiedGroupKFold,4,5,95730,No railings,No railings,True
attr_has_pedestrian_railing,attr_has_pedestrian_railing,data/processed/train/attr_has_pedestrian_railing_train.csv,data/features/dinov3_vitb16_remaining_attributes_assets.csv,classification,dinov3_frozen_embeddings_random_forest,random_forest,StratifiedGroupKFold,4,5,97287,No railings,No railings,True
attr_has_pedestrian_railing,attr_has_pedestrian_railing,data/processed/train/attr_has_pedestrian_railing_train.csv,data/features/dinov3_vitb16_remaining_attributes_assets.csv,classification,dinov3_frozen_embeddings_random_forest,random_forest,StratifiedGroupKFold,4,5,99815,No railings,No railings,True
attr_has_pedestrian_railing,attr_has_pedestrian_railing,data/processed/train/attr_has_pedestrian_railing_train.csv,data/features/dinov3_vitb16_remaining_attributes_assets.csv,classification,dinov3_frozen_embeddings_random_forest,random_forest,StratifiedGroupKFold,4,5,99891,No railings,No railings,True
attr_has_pedestrian_railing,attr_has_pedestrian_railing,data/processed/train/attr_has_pedestrian_railing_train.csv,data/features/dinov3_vitb16_remaining_attributes_assets.csv,classification,dinov3_frozen_embeddings_random_forest,random_forest,StratifiedGroupKFold,4,5,99892,No railings,No railings,True
attr_has_pedestrian_railing,attr_has_pedestrian_railing,data/processed/train/attr_has_pedestrian_railing_train.csv,data/features/dinov3_vitb16_remaining_attributes_assets.csv,classification,dinov3_frozen_embeddings_random_forest,random_forest,StratifiedGroupKFold,4,5,100556,No railings,No railings,True
attr_has_pedestrian_railing,attr_has_pedestrian_railing,data/processed/train/attr_has_pedestrian_railing_train.csv,data/features/dinov3_vitb16_remaining_attributes_assets.csv,classification,dinov3_frozen_embeddings_random_forest,random_forest,StratifiedGroupKFold,4,5,102356,No railings,No railings,True
attr_has_pedestrian_railing,attr_has_pedestrian_railing,data/processed/train/attr_has_pedestrian_railing_train.csv,data/features/dinov3_vitb16_remaining_attributes_assets.csv,classification,dinov3_frozen_embeddings_random_forest,random_forest,StratifiedGroupKFold,4,5,102412,No railings,No railings,True
attr_has_pedestrian_railing,attr_has_pedestrian_railing,data/processed/train/attr_has_pedestrian_railing_train.csv,data/features/dinov3_vitb16_remaining_attributes_assets.csv,classification,dinov3_frozen_embeddings_random_forest,random_forest,StratifiedGroupKFold,4,5,102423,No railings,No railings,True
attr_has_pedestrian_railing,attr_has_pedestrian_railing,data/processed/train/attr_has_pedestrian_railing_train.csv,data/features/dinov3_vitb16_remaining_attributes_assets.csv,classification,dinov3_frozen_embeddings_random_forest,random_forest,StratifiedGroupKFold,4,5,102440,No railings,No railings,True
attr_has_pedestrian_railing,attr_has_pedestrian_railing,data/processed/train/attr_has_pedestrian_railing_train.csv,data/features/dinov3_vitb16_remaining_attributes_assets.csv,classification,dinov3_frozen_embeddings_random_forest,random_forest,StratifiedGroupKFold,4,5,102538,No railings,No railings,True
attr_has_pedestrian_railing,attr_has_pedestrian_railing,data/processed/train/attr_has_pedestrian_railing_train.csv,data/features/dinov3_vitb16_remaining_attributes_assets.csv,classification,dinov3_frozen_embeddings_random_forest,random_forest,StratifiedGroupKFold,4,5,102560,No railings,No railings,True
attr_has_pedestrian_railing,attr_has_pedestrian_railing,data/processed/train/attr_has_pedestrian_railing_train.csv,data/features/dinov3_vitb16_remaining_attributes_assets.csv,classification,dinov3_frozen_embeddings_random_forest,random_forest,StratifiedGroupKFold,4,5,103729,No railings,No railings,True
attr_has_pedestrian_railing,attr_has_pedestrian_railing,data/processed/train/attr_has_pedestrian_railing_train.csv,data/features/dinov3_vitb16_remaining_attributes_assets.csv,classification,dinov3_frozen_embeddings_random_forest,random_forest,StratifiedGroupKFold,4,5,107048,No railings,No railings,True
attr_has_pedestrian_railing,attr_has_pedestrian_railing,data/processed/train/attr_has_pedestrian_railing_train.csv,data/features/dinov3_vitb16_remaining_attributes_assets.csv,classification,dinov3_frozen_embeddings_random_forest,random_forest,StratifiedGroupKFold,4,5,107066,No railings,No railings,True
attr_has_pedestrian_railing,attr_has_pedestrian_railing,data/processed/train/attr_has_pedestrian_railing_train.csv,data/features/dinov3_vitb16_remaining_attributes_assets.csv,classification,dinov3_frozen_embeddings_random_forest,random_forest,StratifiedGroupKFold,4,5,107319,No railings,No railings,True
attr_has_pedestrian_railing,attr_has_pedestrian_railing,data/processed/train/attr_has_pedestrian_railing_train.csv,data/features/dinov3_vitb16_remaining_attributes_assets.csv,classification,dinov3_frozen_embeddings_random_forest,random_forest,StratifiedGroupKFold,4,5,107361,No railings,No railings,True
attr_has_pedestrian_railing,attr_has_pedestrian_railing,data/processed/train/attr_has_pedestrian_railing_train.csv,data/features/dinov3_vitb16_remaining_attributes_assets.csv,classification,dinov3_frozen_embeddings_random_forest,random_forest,StratifiedGroupKFold,4,5,107370,No railings,No railings,True
attr_has_pedestrian_railing,attr_has_pedestrian_railing,data/processed/train/attr_has_pedestrian_railing_train.csv,data/features/dinov3_vitb16_remaining_attributes_assets.csv,classification,dinov3_frozen_embeddings_random_forest,random_forest,StratifiedGroupKFold,4,5,107579,No railings,No railings,True
attr_has_pedestrian_railing,attr_has_pedestrian_railing,data/processed/train/attr_has_pedestrian_railing_train.csv,data/features/dinov3_vitb16_remaining_attributes_assets.csv,classification,dinov3_frozen_embeddings_random_forest,random_forest,StratifiedGroupKFold,4,5,107582,No railings,No railings,True
attr_has_pedestrian_railing,attr_has_pedestrian_railing,data/processed/train/attr_has_pedestrian_railing_train.csv,data/features/dinov3_vitb16_remaining_attributes_assets.csv,classification,dinov3_frozen_embeddings_random_forest,random_forest,StratifiedGroupKFold,4,5,107601,No railings,No railings,True
attr_has_pedestrian_railing,attr_has_pedestrian_railing,data/processed/train/attr_has_pedestrian_railing_train.csv,data/features/dinov3_vitb16_remaining_attributes_assets.csv,classification,dinov3_frozen_embeddings_random_forest,random_forest,StratifiedGroupKFold,4,5,107875,No railings,No railings,True
attr_has_pedestrian_railing,attr_has_pedestrian_railing,data/processed/train/attr_has_pedestrian_railing_train.csv,data/features/dinov3_vitb16_remaining_attributes_assets.csv,classification,dinov3_frozen_embeddings_random_forest,random_forest,StratifiedGroupKFold,4,5,107901,No railings,No railings,True
attr_has_pedestrian_railing,attr_has_pedestrian_railing,data/processed/train/attr_has_pedestrian_railing_train.csv,data/features/dinov3_vitb16_remaining_attributes_assets.csv,classification,dinov3_frozen_embeddings_random_forest,random_forest,StratifiedGroupKFold,4,5,107919,No railings,No railings,True
attr_has_pedestrian_railing,attr_has_pedestrian_railing,data/processed/train/attr_has_pedestrian_railing_train.csv,data/features/dinov3_vitb16_remaining_attributes_assets.csv,classification,dinov3_frozen_embeddings_random_forest,random_forest,StratifiedGroupKFold,4,5,107957,No railings,No railings,True
attr_has_pedestrian_railing,attr_has_pedestrian_railing,data/processed/train/attr_has_pedestrian_railing_train.csv,data/features/dinov3_vitb16_remaining_attributes_assets.csv,classification,dinov3_frozen_embeddings_random_forest,random_forest,StratifiedGroupKFold,4,5,107978,No railings,No railings,True
attr_has_pedestrian_railing,attr_has_pedestrian_railing,data/processed/train/attr_has_pedestrian_railing_train.csv,data/features/dinov3_vitb16_remaining_attributes_assets.csv,classification,dinov3_frozen_embeddings_random_forest,random_forest,StratifiedGroupKFold,4,5,108002,No railings,No railings,True
attr_has_pedestrian_railing,attr_has_pedestrian_railing,data/processed/train/attr_has_pedestrian_railing_train.csv,data/features/dinov3_vitb16_remaining_attributes_assets.csv,classification,dinov3_frozen_embeddings_random_forest,random_forest,StratifiedGroupKFold,4,5,108008,No railings,No railings,True
attr_has_pedestrian_railing,attr_has_pedestrian_railing,data/processed/train/attr_has_pedestrian_railing_train.csv,data/features/dinov3_vitb16_remaining_attributes_assets.csv,classification,dinov3_frozen_embeddings_random_forest,random_forest,StratifiedGroupKFold,4,5,108011,No railings,No railings,True
attr_has_pedestrian_railing,attr_has_pedestrian_railing,data/processed/train/attr_has_pedestrian_railing_train.csv,data/features/dinov3_vitb16_remaining_attributes_assets.csv,classification,dinov3_frozen_embeddings_random_forest,random_forest,StratifiedGroupKFold,4,5,108014,No railings,No railings,True
attr_has_pedestrian_railing,attr_has_pedestrian_railing,data/processed/train/attr_has_pedestrian_railing_train.csv,data/features/dinov3_vitb16_remaining_attributes_assets.csv,classification,dinov3_frozen_embeddings_random_forest,random_forest,StratifiedGroupKFold,4,5,108034,No railings,No railings,True
attr_has_pedestrian_railing,attr_has_pedestrian_railing,data/processed/train/attr_has_pedestrian_railing_train.csv,data/features/dinov3_vitb16_remaining_attributes_assets.csv,classification,dinov3_frozen_embeddings_random_forest,random_forest,StratifiedGroupKFold,4,5,108297,No railings,No railings,True
attr_has_pedestrian_railing,attr_has_pedestrian_railing,data/processed/train/attr_has_pedestrian_railing_train.csv,data/features/dinov3_vitb16_remaining_attributes_assets.csv,classification,dinov3_frozen_embeddings_random_forest,random_forest,StratifiedGroupKFold,4,5,108299,No railings,No railings,True
attr_has_pedestrian_railing,attr_has_pedestrian_railing,data/processed/train/attr_has_pedestrian_railing_train.csv,data/features/dinov3_vitb16_remaining_attributes_assets.csv,classification,dinov3_frozen_embeddings_random_forest,random_forest,StratifiedGroupKFold,4,5,108303,No railings,No railings,True
attr_has_pedestrian_railing,attr_has_pedestrian_railing,data/processed/train/attr_has_pedestrian_railing_train.csv,data/features/dinov3_vitb16_remaining_attributes_assets.csv,classification,dinov3_frozen_embeddings_random_forest,random_forest,StratifiedGroupKFold,4,5,108339,No railings,No railings,True
attr_has_pedestrian_railing,attr_has_pedestrian_railing,data/processed/train/attr_has_pedestrian_railing_train.csv,data/features/dinov3_vitb16_remaining_attributes_assets.csv,classification,dinov3_frozen_embeddings_random_forest,random_forest,StratifiedGroupKFold,4,5,108341,No railings,No railings,True
attr_has_pedestrian_railing,attr_has_pedestrian_railing,data/processed/train/attr_has_pedestrian_railing_train.csv,data/features/dinov3_vitb16_remaining_attributes_assets.csv,classification,dinov3_frozen_embeddings_random_forest,random_forest,StratifiedGroupKFold,4,5,108365,No railings,No railings,True
attr_has_pedestrian_railing,attr_has_pedestrian_railing,data/processed/train/attr_has_pedestrian_railing_train.csv,data/features/dinov3_vitb16_remaining_attributes_assets.csv,classification,dinov3_frozen_embeddings_random_forest,random_forest,StratifiedGroupKFold,4,5,108654,No railings,No railings,True
attr_has_pedestrian_railing,attr_has_pedestrian_railing,data/processed/train/attr_has_pedestrian_railing_train.csv,data/features/dinov3_vitb16_remaining_attributes_assets.csv,classification,dinov3_frozen_embeddings_random_forest,random_forest,StratifiedGroupKFold,4,5,108705,No railings,No railings,True
attr_has_pedestrian_railing,attr_has_pedestrian_railing,data/processed/train/attr_has_pedestrian_railing_train.csv,data/features/dinov3_vitb16_remaining_attributes_assets.csv,classification,dinov3_frozen_embeddings_random_forest,random_forest,StratifiedGroupKFold,4,5,108710,No railings,No railings,True
attr_has_pedestrian_railing,attr_has_pedestrian_railing,data/processed/train/attr_has_pedestrian_railing_train.csv,data/features/dinov3_vitb16_remaining_attributes_assets.csv,classification,dinov3_frozen_embeddings_random_forest,random_forest,StratifiedGroupKFold,4,5,108729,No railings,No railings,True
attr_has_pedestrian_railing,attr_has_pedestrian_railing,data/processed/train/attr_has_pedestrian_railing_train.csv,data/features/dinov3_vitb16_remaining_attributes_assets.csv,classification,dinov3_frozen_embeddings_random_forest,random_forest,StratifiedGroupKFold,4,5,108788,No railings,No railings,True
attr_has_pedestrian_railing,attr_has_pedestrian_railing,data/processed/train/attr_has_pedestrian_railing_train.csv,data/features/dinov3_vitb16_remaining_attributes_assets.csv,classification,dinov3_frozen_embeddings_random_forest,random_forest,StratifiedGroupKFold,4,5,108793,No railings,No railings,True
attr_has_pedestrian_railing,attr_has_pedestrian_railing,data/processed/train/attr_has_pedestrian_railing_train.csv,data/features/dinov3_vitb16_remaining_attributes_assets.csv,classification,dinov3_frozen_embeddings_random_forest,random_forest,StratifiedGroupKFold,4,5,109137,No railings,No railings,True
attr_has_pedestrian_railing,attr_has_pedestrian_railing,data/processed/train/attr_has_pedestrian_railing_train.csv,data/features/dinov3_vitb16_remaining_attributes_assets.csv,classification,dinov3_frozen_embeddings_random_forest,random_forest,StratifiedGroupKFold,4,5,109331,No railings,No railings,True
attr_has_pedestrian_railing,attr_has_pedestrian_railing,data/processed/train/attr_has_pedestrian_railing_train.csv,data/features/dinov3_vitb16_remaining_attributes_assets.csv,classification,dinov3_frozen_embeddings_random_forest,random_forest,StratifiedGroupKFold,4,5,109413,No railings,No railings,True
attr_has_pedestrian_railing,attr_has_pedestrian_railing,data/processed/train/attr_has_pedestrian_railing_train.csv,data/features/dinov3_vitb16_remaining_attributes_assets.csv,classification,dinov3_frozen_embeddings_random_forest,random_forest,StratifiedGroupKFold,4,5,109555,No railings,No railings,True
attr_has_pedestrian_railing,attr_has_pedestrian_railing,data/processed/train/attr_has_pedestrian_railing_train.csv,data/features/dinov3_vitb16_remaining_attributes_assets.csv,classification,dinov3_frozen_embeddings_random_forest,random_forest,StratifiedGroupKFold,4,5,109700,No railings,No railings,True
attr_has_pedestrian_railing,attr_has_pedestrian_railing,data/processed/train/attr_has_pedestrian_railing_train.csv,data/features/dinov3_vitb16_remaining_attributes_assets.csv,classification,dinov3_frozen_embeddings_random_forest,random_forest,StratifiedGroupKFold,4,5,109706,No railings,No railings,True
attr_has_pedestrian_railing,attr_has_pedestrian_railing,data/processed/train/attr_has_pedestrian_railing_train.csv,data/features/dinov3_vitb16_remaining_attributes_assets.csv,classification,dinov3_frozen_embeddings_random_forest,random_forest,StratifiedGroupKFold,4,5,109815,No railings,No railings,True
attr_has_pedestrian_railing,attr_has_pedestrian_railing,data/processed/train/attr_has_pedestrian_railing_train.csv,data/features/dinov3_vitb16_remaining_attributes_assets.csv,classification,dinov3_frozen_embeddings_random_forest,random_forest,StratifiedGroupKFold,4,5,110291,No railings,No railings,True
attr_has_pedestrian_railing,attr_has_pedestrian_railing,data/processed/train/attr_has_pedestrian_railing_train.csv,data/features/dinov3_vitb16_remaining_attributes_assets.csv,classification,dinov3_frozen_embeddings_random_forest,random_forest,StratifiedGroupKFold,4,5,110570,No railings,No railings,True
attr_has_pedestrian_railing,attr_has_pedestrian_railing,data/processed/train/attr_has_pedestrian_railing_train.csv,data/features/dinov3_vitb16_remaining_attributes_assets.csv,classification,dinov3_frozen_embeddings_random_forest,random_forest,StratifiedGroupKFold,4,5,110711,No railings,No railings,True
attr_has_pedestrian_railing,attr_has_pedestrian_railing,data/processed/train/attr_has_pedestrian_railing_train.csv,data/features/dinov3_vitb16_remaining_attributes_assets.csv,classification,dinov3_frozen_embeddings_random_forest,random_forest,StratifiedGroupKFold,4,5,110712,No railings,No railings,True
attr_has_pedestrian_railing,attr_has_pedestrian_railing,data/processed/train/attr_has_pedestrian_railing_train.csv,data/features/dinov3_vitb16_remaining_attributes_assets.csv,classification,dinov3_frozen_embeddings_random_forest,random_forest,StratifiedGroupKFold,4,5,110755,No railings,No railings,True
attr_has_pedestrian_railing,attr_has_pedestrian_railing,data/processed/train/attr_has_pedestrian_railing_train.csv,data/features/dinov3_vitb16_remaining_attributes_assets.csv,classification,dinov3_frozen_embeddings_random_forest,random_forest,StratifiedGroupKFold,4,5,110821,No railings,No railings,True
attr_has_pedestrian_railing,attr_has_pedestrian_railing,data/processed/train/attr_has_pedestrian_railing_train.csv,data/features/dinov3_vitb16_remaining_attributes_assets.csv,classification,dinov3_frozen_embeddings_random_forest,random_forest,StratifiedGroupKFold,4,5,110960,No railings,No railings,True
attr_has_pedestrian_railing,attr_has_pedestrian_railing,data/processed/train/attr_has_pedestrian_railing_train.csv,data/features/dinov3_vitb16_remaining_attributes_assets.csv,classification,dinov3_frozen_embeddings_random_forest,random_forest,StratifiedGroupKFold,4,5,110963,No railings,No railings,True
attr_has_pedestrian_railing,attr_has_pedestrian_railing,data/processed/train/attr_has_pedestrian_railing_train.csv,data/features/dinov3_vitb16_remaining_attributes_assets.csv,classification,dinov3_frozen_embeddings_random_forest,random_forest,StratifiedGroupKFold,4,5,110970,No railings,No railings,True
attr_has_pedestrian_railing,attr_has_pedestrian_railing,data/processed/train/attr_has_pedestrian_railing_train.csv,data/features/dinov3_vitb16_remaining_attributes_assets.csv,classification,dinov3_frozen_embeddings_random_forest,random_forest,StratifiedGroupKFold,4,5,111003,No railings,No railings,True
attr_has_pedestrian_railing,attr_has_pedestrian_railing,data/processed/train/attr_has_pedestrian_railing_train.csv,data/features/dinov3_vitb16_remaining_attributes_assets.csv,classification,dinov3_frozen_embeddings_random_forest,random_forest,StratifiedGroupKFold,4,5,111673,No railings,No railings,True
attr_has_pedestrian_railing,attr_has_pedestrian_railing,data/processed/train/attr_has_pedestrian_railing_train.csv,data/features/dinov3_vitb16_remaining_attributes_assets.csv,classification,dinov3_frozen_embeddings_random_forest,random_forest,StratifiedGroupKFold,4,5,111677,No railings,No railings,True
attr_has_pedestrian_railing,attr_has_pedestrian_railing,data/processed/train/attr_has_pedestrian_railing_train.csv,data/features/dinov3_vitb16_remaining_attributes_assets.csv,classification,dinov3_frozen_embeddings_random_forest,random_forest,StratifiedGroupKFold,4,5,111783,No railings,No railings,True
attr_has_pedestrian_railing,attr_has_pedestrian_railing,data/processed/train/attr_has_pedestrian_railing_train.csv,data/features/dinov3_vitb16_remaining_attributes_assets.csv,classification,dinov3_frozen_embeddings_random_forest,random_forest,StratifiedGroupKFold,4,5,111786,No railings,No railings,True
attr_has_pedestrian_railing,attr_has_pedestrian_railing,data/processed/train/attr_has_pedestrian_railing_train.csv,data/features/dinov3_vitb16_remaining_attributes_assets.csv,classification,dinov3_frozen_embeddings_random_forest,random_forest,StratifiedGroupKFold,4,5,111792,No railings,No railings,True
attr_has_pedestrian_railing,attr_has_pedestrian_railing,data/processed/train/attr_has_pedestrian_railing_train.csv,data/features/dinov3_vitb16_remaining_attributes_assets.csv,classification,dinov3_frozen_embeddings_random_forest,random_forest,StratifiedGroupKFold,4,5,111797,No railings,No railings,True
attr_has_pedestrian_railing,attr_has_pedestrian_railing,data/processed/train/attr_has_pedestrian_railing_train.csv,data/features/dinov3_vitb16_remaining_attributes_assets.csv,classification,dinov3_frozen_embeddings_random_forest,random_forest,StratifiedGroupKFold,4,5,111802,No railings,No railings,True
attr_has_pedestrian_railing,attr_has_pedestrian_railing,data/processed/train/attr_has_pedestrian_railing_train.csv,data/features/dinov3_vitb16_remaining_attributes_assets.csv,classification,dinov3_frozen_embeddings_random_forest,random_forest,StratifiedGroupKFold,4,5,111807,No railings,No railings,True
attr_has_pedestrian_railing,attr_has_pedestrian_railing,data/processed/train/attr_has_pedestrian_railing_train.csv,data/features/dinov3_vitb16_remaining_attributes_assets.csv,classification,dinov3_frozen_embeddings_random_forest,random_forest,StratifiedGroupKFold,4,5,111808,No railings,No railings,True
attr_has_pedestrian_railing,attr_has_pedestrian_railing,data/processed/train/attr_has_pedestrian_railing_train.csv,data/features/dinov3_vitb16_remaining_attributes_assets.csv,classification,dinov3_frozen_embeddings_random_forest,random_forest,StratifiedGroupKFold,4,5,112033,No railings,No railings,True
attr_has_pedestrian_railing,attr_has_pedestrian_railing,data/processed/train/attr_has_pedestrian_railing_train.csv,data/features/dinov3_vitb16_remaining_attributes_assets.csv,classification,dinov3_frozen_embeddings_random_forest,random_forest,StratifiedGroupKFold,4,5,112578,No railings,No railings,True
attr_has_pedestrian_railing,attr_has_pedestrian_railing,data/processed/train/attr_has_pedestrian_railing_train.csv,data/features/dinov3_vitb16_remaining_attributes_assets.csv,classification,dinov3_frozen_embeddings_random_forest,random_forest,StratifiedGroupKFold,4,5,112588,No railings,No railings,True
attr_has_pedestrian_railing,attr_has_pedestrian_railing,data/processed/train/attr_has_pedestrian_railing_train.csv,data/features/dinov3_vitb16_remaining_attributes_assets.csv,classification,dinov3_frozen_embeddings_random_forest,random_forest,StratifiedGroupKFold,4,5,113128,No railings,No railings,True
attr_has_pedestrian_railing,attr_has_pedestrian_railing,data/processed/train/attr_has_pedestrian_railing_train.csv,data/features/dinov3_vitb16_remaining_attributes_assets.csv,classification,dinov3_frozen_embeddings_random_forest,random_forest,StratifiedGroupKFold,4,5,114289,No railings,No railings,True
attr_has_pedestrian_railing,attr_has_pedestrian_railing,data/processed/train/attr_has_pedestrian_railing_train.csv,data/features/dinov3_vitb16_remaining_attributes_assets.csv,classification,dinov3_frozen_embeddings_random_forest,random_forest,StratifiedGroupKFold,4,5,114562,No railings,No railings,True
attr_has_pedestrian_railing,attr_has_pedestrian_railing,data/processed/train/attr_has_pedestrian_railing_train.csv,data/features/dinov3_vitb16_remaining_attributes_assets.csv,classification,dinov3_frozen_embeddings_random_forest,random_forest,StratifiedGroupKFold,4,5,114975,No railings,No railings,True
attr_has_pedestrian_railing,attr_has_pedestrian_railing,data/processed/train/attr_has_pedestrian_railing_train.csv,data/features/dinov3_vitb16_remaining_attributes_assets.csv,classification,dinov3_frozen_embeddings_random_forest,random_forest,StratifiedGroupKFold,4,5,115442,No railings,No railings,True
attr_has_pedestrian_railing,attr_has_pedestrian_railing,data/processed/train/attr_has_pedestrian_railing_train.csv,data/features/dinov3_vitb16_remaining_attributes_assets.csv,classification,dinov3_frozen_embeddings_random_forest,random_forest,StratifiedGroupKFold,4,5,116202,No railings,No railings,True
attr_has_pedestrian_railing,attr_has_pedestrian_railing,data/processed/train/attr_has_pedestrian_railing_train.csv,data/features/dinov3_vitb16_remaining_attributes_assets.csv,classification,dinov3_frozen_embeddings_random_forest,random_forest,StratifiedGroupKFold,4,5,116765,No railings,No railings,True
attr_has_pedestrian_railing,attr_has_pedestrian_railing,data/processed/train/attr_has_pedestrian_railing_train.csv,data/features/dinov3_vitb16_remaining_attributes_assets.csv,classification,dinov3_frozen_embeddings_random_forest,random_forest,StratifiedGroupKFold,4,5,117201,No railings,No railings,True
attr_has_pedestrian_railing,attr_has_pedestrian_railing,data/processed/train/attr_has_pedestrian_railing_train.csv,data/features/dinov3_vitb16_remaining_attributes_assets.csv,classification,dinov3_frozen_embeddings_random_forest,random_forest,StratifiedGroupKFold,4,5,117213,No railings,No railings,True
attr_has_pedestrian_railing,attr_has_pedestrian_railing,data/processed/train/attr_has_pedestrian_railing_train.csv,data/features/dinov3_vitb16_remaining_attributes_assets.csv,classification,dinov3_frozen_embeddings_random_forest,random_forest,StratifiedGroupKFold,4,5,117582,No railings,No railings,True
attr_has_pedestrian_railing,attr_has_pedestrian_railing,data/processed/train/attr_has_pedestrian_railing_train.csv,data/features/dinov3_vitb16_remaining_attributes_assets.csv,classification,dinov3_frozen_embeddings_random_forest,random_forest,StratifiedGroupKFold,4,5,117586,No railings,No railings,True
attr_has_pedestrian_railing,attr_has_pedestrian_railing,data/processed/train/attr_has_pedestrian_railing_train.csv,data/features/dinov3_vitb16_remaining_attributes_assets.csv,classification,dinov3_frozen_embeddings_random_forest,random_forest,StratifiedGroupKFold,4,5,117773,No railings,No railings,True
attr_has_pedestrian_railing,attr_has_pedestrian_railing,data/processed/train/attr_has_pedestrian_railing_train.csv,data/features/dinov3_vitb16_remaining_attributes_assets.csv,classification,dinov3_frozen_embeddings_random_forest,random_forest,StratifiedGroupKFold,4,5,118203,No railings,No railings,True
attr_has_pedestrian_railing,attr_has_pedestrian_railing,data/processed/train/attr_has_pedestrian_railing_train.csv,data/features/dinov3_vitb16_remaining_attributes_assets.csv,classification,dinov3_frozen_embeddings_random_forest,random_forest,StratifiedGroupKFold,4,5,118516,No railings,No railings,True
attr_has_pedestrian_railing,attr_has_pedestrian_railing,data/processed/train/attr_has_pedestrian_railing_train.csv,data/features/dinov3_vitb16_remaining_attributes_assets.csv,classification,dinov3_frozen_embeddings_random_forest,random_forest,StratifiedGroupKFold,4,5,120666,No railings,No railings,True
attr_has_pedestrian_railing,attr_has_pedestrian_railing,data/processed/train/attr_has_pedestrian_railing_train.csv,data/features/dinov3_vitb16_remaining_attributes_assets.csv,classification,dinov3_frozen_embeddings_random_forest,random_forest,StratifiedGroupKFold,4,5,120669,No railings,No railings,True
attr_has_pedestrian_railing,attr_has_pedestrian_railing,data/processed/train/attr_has_pedestrian_railing_train.csv,data/features/dinov3_vitb16_remaining_attributes_assets.csv,classification,dinov3_frozen_embeddings_random_forest,random_forest,StratifiedGroupKFold,4,5,120674,No railings,No railings,True
attr_has_pedestrian_railing,attr_has_pedestrian_railing,data/processed/train/attr_has_pedestrian_railing_train.csv,data/features/dinov3_vitb16_remaining_attributes_assets.csv,classification,dinov3_frozen_embeddings_random_forest,random_forest,StratifiedGroupKFold,4,5,120688,No railings,No railings,True
attr_has_pedestrian_railing,attr_has_pedestrian_railing,data/processed/train/attr_has_pedestrian_railing_train.csv,data/features/dinov3_vitb16_remaining_attributes_assets.csv,classification,dinov3_frozen_embeddings_random_forest,random_forest,StratifiedGroupKFold,4,5,120692,No railings,No railings,True
attr_has_pedestrian_railing,attr_has_pedestrian_railing,data/processed/train/attr_has_pedestrian_railing_train.csv,data/features/dinov3_vitb16_remaining_attributes_assets.csv,classification,dinov3_frozen_embeddings_random_forest,random_forest,StratifiedGroupKFold,4,5,120909,No railings,No railings,True
attr_has_pedestrian_railing,attr_has_pedestrian_railing,data/processed/train/attr_has_pedestrian_railing_train.csv,data/features/dinov3_vitb16_remaining_attributes_assets.csv,classification,dinov3_frozen_embeddings_random_forest,random_forest,StratifiedGroupKFold,4,5,120920,No railings,No railings,True
attr_has_pedestrian_railing,attr_has_pedestrian_railing,data/processed/train/attr_has_pedestrian_railing_train.csv,data/features/dinov3_vitb16_remaining_attributes_assets.csv,classification,dinov3_frozen_embeddings_random_forest,random_forest,StratifiedGroupKFold,4,5,121005,No railings,No railings,True
attr_has_pedestrian_railing,attr_has_pedestrian_railing,data/processed/train/attr_has_pedestrian_railing_train.csv,data/features/dinov3_vitb16_remaining_attributes_assets.csv,classification,dinov3_frozen_embeddings_random_forest,random_forest,StratifiedGroupKFold,4,5,121070,No railings,No railings,True
attr_has_pedestrian_railing,attr_has_pedestrian_railing,data/processed/train/attr_has_pedestrian_railing_train.csv,data/features/dinov3_vitb16_remaining_attributes_assets.csv,classification,dinov3_frozen_embeddings_random_forest,random_forest,StratifiedGroupKFold,4,5,121570,No railings,No railings,True
attr_has_pedestrian_railing,attr_has_pedestrian_railing,data/processed/train/attr_has_pedestrian_railing_train.csv,data/features/dinov3_vitb16_remaining_attributes_assets.csv,classification,dinov3_frozen_embeddings_random_forest,random_forest,StratifiedGroupKFold,4,5,121576,No railings,No railings,True
attr_has_pedestrian_railing,attr_has_pedestrian_railing,data/processed/train/attr_has_pedestrian_railing_train.csv,data/features/dinov3_vitb16_remaining_attributes_assets.csv,classification,dinov3_frozen_embeddings_random_forest,random_forest,StratifiedGroupKFold,4,5,121597,No railings,No railings,True
attr_has_pedestrian_railing,attr_has_pedestrian_railing,data/processed/train/attr_has_pedestrian_railing_train.csv,data/features/dinov3_vitb16_remaining_attributes_assets.csv,classification,dinov3_frozen_embeddings_random_forest,random_forest,StratifiedGroupKFold,4,5,121599,No railings,No railings,True
attr_has_pedestrian_railing,attr_has_pedestrian_railing,data/processed/train/attr_has_pedestrian_railing_train.csv,data/features/dinov3_vitb16_remaining_attributes_assets.csv,classification,dinov3_frozen_embeddings_random_forest,random_forest,StratifiedGroupKFold,4,5,121672,No railings,No railings,True
attr_has_pedestrian_railing,attr_has_pedestrian_railing,data/processed/train/attr_has_pedestrian_railing_train.csv,data/features/dinov3_vitb16_remaining_attributes_assets.csv,classification,dinov3_frozen_embeddings_random_forest,random_forest,StratifiedGroupKFold,4,5,121673,No railings,No railings,True
attr_has_pedestrian_railing,attr_has_pedestrian_railing,data/processed/train/attr_has_pedestrian_railing_train.csv,data/features/dinov3_vitb16_remaining_attributes_assets.csv,classification,dinov3_frozen_embeddings_random_forest,random_forest,StratifiedGroupKFold,4,5,121728,No railings,No railings,True
attr_has_pedestrian_railing,attr_has_pedestrian_railing,data/processed/train/attr_has_pedestrian_railing_train.csv,data/features/dinov3_vitb16_remaining_attributes_assets.csv,classification,dinov3_frozen_embeddings_random_forest,random_forest,StratifiedGroupKFold,4,5,121730,No railings,No railings,True
attr_has_pedestrian_railing,attr_has_pedestrian_railing,data/processed/train/attr_has_pedestrian_railing_train.csv,data/features/dinov3_vitb16_remaining_attributes_assets.csv,classification,dinov3_frozen_embeddings_random_forest,random_forest,StratifiedGroupKFold,4,5,121734,No railings,No railings,True
attr_has_pedestrian_railing,attr_has_pedestrian_railing,data/processed/train/attr_has_pedestrian_railing_train.csv,data/features/dinov3_vitb16_remaining_attributes_assets.csv,classification,dinov3_frozen_embeddings_random_forest,random_forest,StratifiedGroupKFold,4,5,121736,No railings,No railings,True
attr_has_pedestrian_railing,attr_has_pedestrian_railing,data/processed/train/attr_has_pedestrian_railing_train.csv,data/features/dinov3_vitb16_remaining_attributes_assets.csv,classification,dinov3_frozen_embeddings_random_forest,random_forest,StratifiedGroupKFold,4,5,121749,No railings,No railings,True
attr_has_pedestrian_railing,attr_has_pedestrian_railing,data/processed/train/attr_has_pedestrian_railing_train.csv,data/features/dinov3_vitb16_remaining_attributes_assets.csv,classification,dinov3_frozen_embeddings_random_forest,random_forest,StratifiedGroupKFold,4,5,121786,No railings,No railings,True
attr_has_pedestrian_railing,attr_has_pedestrian_railing,data/processed/train/attr_has_pedestrian_railing_train.csv,data/features/dinov3_vitb16_remaining_attributes_assets.csv,classification,dinov3_frozen_embeddings_random_forest,random_forest,StratifiedGroupKFold,4,5,121790,No railings,No railings,True
attr_has_pedestrian_railing,attr_has_pedestrian_railing,data/processed/train/attr_has_pedestrian_railing_train.csv,data/features/dinov3_vitb16_remaining_attributes_assets.csv,classification,dinov3_frozen_embeddings_random_forest,random_forest,StratifiedGroupKFold,4,5,122317,No railings,No railings,True
attr_has_pedestrian_railing,attr_has_pedestrian_railing,data/processed/train/attr_has_pedestrian_railing_train.csv,data/features/dinov3_vitb16_remaining_attributes_assets.csv,classification,dinov3_frozen_embeddings_random_forest,random_forest,StratifiedGroupKFold,4,5,122831,No railings,No railings,True
attr_has_pedestrian_railing,attr_has_pedestrian_railing,data/processed/train/attr_has_pedestrian_railing_train.csv,data/features/dinov3_vitb16_remaining_attributes_assets.csv,classification,dinov3_frozen_embeddings_random_forest,random_forest,StratifiedGroupKFold,4,5,123094,No railings,No railings,True
attr_has_pedestrian_railing,attr_has_pedestrian_railing,data/processed/train/attr_has_pedestrian_railing_train.csv,data/features/dinov3_vitb16_remaining_attributes_assets.csv,classification,dinov3_frozen_embeddings_random_forest,random_forest,StratifiedGroupKFold,4,5,123096,No railings,No railings,True
attr_has_pedestrian_railing,attr_has_pedestrian_railing,data/processed/train/attr_has_pedestrian_railing_train.csv,data/features/dinov3_vitb16_remaining_attributes_assets.csv,classification,dinov3_frozen_embeddings_random_forest,random_forest,StratifiedGroupKFold,4,5,123101,No railings,No railings,True
attr_has_pedestrian_railing,attr_has_pedestrian_railing,data/processed/train/attr_has_pedestrian_railing_train.csv,data/features/dinov3_vitb16_remaining_attributes_assets.csv,classification,dinov3_frozen_embeddings_random_forest,random_forest,StratifiedGroupKFold,4,5,123105,No railings,No railings,True
attr_has_pedestrian_railing,attr_has_pedestrian_railing,data/processed/train/attr_has_pedestrian_railing_train.csv,data/features/dinov3_vitb16_remaining_attributes_assets.csv,classification,dinov3_frozen_embeddings_random_forest,random_forest,StratifiedGroupKFold,4,5,123420,No railings,No railings,True
attr_has_pedestrian_railing,attr_has_pedestrian_railing,data/processed/train/attr_has_pedestrian_railing_train.csv,data/features/dinov3_vitb16_remaining_attributes_assets.csv,classification,dinov3_frozen_embeddings_random_forest,random_forest,StratifiedGroupKFold,4,5,123470,No railings,No railings,True
attr_has_pedestrian_railing,attr_has_pedestrian_railing,data/processed/train/attr_has_pedestrian_railing_train.csv,data/features/dinov3_vitb16_remaining_attributes_assets.csv,classification,dinov3_frozen_embeddings_random_forest,random_forest,StratifiedGroupKFold,4,5,124741,No railings,No railings,True
attr_has_pedestrian_railing,attr_has_pedestrian_railing,data/processed/train/attr_has_pedestrian_railing_train.csv,data/features/dinov3_vitb16_remaining_attributes_assets.csv,classification,dinov3_frozen_embeddings_random_forest,random_forest,StratifiedGroupKFold,4,5,126406,No railings,No railings,True
attr_has_pedestrian_railing,attr_has_pedestrian_railing,data/processed/train/attr_has_pedestrian_railing_train.csv,data/features/dinov3_vitb16_remaining_attributes_assets.csv,classification,dinov3_frozen_embeddings_random_forest,random_forest,StratifiedGroupKFold,4,5,126410,No railings,No railings,True
attr_has_pedestrian_railing,attr_has_pedestrian_railing,data/processed/train/attr_has_pedestrian_railing_train.csv,data/features/dinov3_vitb16_remaining_attributes_assets.csv,classification,dinov3_frozen_embeddings_random_forest,random_forest,StratifiedGroupKFold,4,5,126692,No railings,No railings,True
attr_has_pedestrian_railing,attr_has_pedestrian_railing,data/processed/train/attr_has_pedestrian_railing_train.csv,data/features/dinov3_vitb16_remaining_attributes_assets.csv,classification,dinov3_frozen_embeddings_random_forest,random_forest,StratifiedGroupKFold,4,5,126840,No railings,No railings,True
attr_has_pedestrian_railing,attr_has_pedestrian_railing,data/processed/train/attr_has_pedestrian_railing_train.csv,data/features/dinov3_vitb16_remaining_attributes_assets.csv,classification,dinov3_frozen_embeddings_random_forest,random_forest,StratifiedGroupKFold,4,5,127156,No railings,No railings,True
attr_has_pedestrian_railing,attr_has_pedestrian_railing,data/processed/train/attr_has_pedestrian_railing_train.csv,data/features/dinov3_vitb16_remaining_attributes_assets.csv,classification,dinov3_frozen_embeddings_random_forest,random_forest,StratifiedGroupKFold,4,5,127229,No railings,No railings,True
attr_has_pedestrian_railing,attr_has_pedestrian_railing,data/processed/train/attr_has_pedestrian_railing_train.csv,data/features/dinov3_vitb16_remaining_attributes_assets.csv,classification,dinov3_frozen_embeddings_random_forest,random_forest,StratifiedGroupKFold,4,5,128875,No railings,No railings,True
attr_has_pedestrian_railing,attr_has_pedestrian_railing,data/processed/train/attr_has_pedestrian_railing_train.csv,data/features/dinov3_vitb16_remaining_attributes_assets.csv,classification,dinov3_frozen_embeddings_random_forest,random_forest,StratifiedGroupKFold,4,5,129402,1 railing,No railings,False
attr_has_pedestrian_railing,attr_has_pedestrian_railing,data/processed/train/attr_has_pedestrian_railing_train.csv,data/features/dinov3_vitb16_remaining_attributes_assets.csv,classification,dinov3_frozen_embeddings_random_forest,random_forest,StratifiedGroupKFold,4,5,90486,No railings,No railings,True
attr_has_pedestrian_railing,attr_has_pedestrian_railing,data/processed/train/attr_has_pedestrian_railing_train.csv,data/features/dinov3_vitb16_remaining_attributes_assets.csv,classification,dinov3_frozen_embeddings_random_forest,random_forest,StratifiedGroupKFold,4,5,107055,No railings,No railings,True
attr_has_pedestrian_railing,attr_has_pedestrian_railing,data/processed/train/attr_has_pedestrian_railing_train.csv,data/features/dinov3_vitb16_remaining_attributes_assets.csv,classification,dinov3_frozen_embeddings_random_forest,random_forest,StratifiedGroupKFold,4,5,107077,No railings,No railings,True
attr_has_pedestrian_railing,attr_has_pedestrian_railing,data/processed/train/attr_has_pedestrian_railing_train.csv,data/features/dinov3_vitb16_remaining_attributes_assets.csv,classification,dinov3_frozen_embeddings_random_forest,random_forest,StratifiedGroupKFold,4,5,112068,No railings,No railings,True
attr_has_pedestrian_railing,attr_has_pedestrian_railing,data/processed/train/attr_has_pedestrian_railing_train.csv,data/features/dinov3_vitb16_remaining_attributes_assets.csv,classification,dinov3_frozen_embeddings_random_forest,random_forest,StratifiedGroupKFold,4,5,114197,No railings,No railings,True
attr_has_pedestrian_railing,attr_has_pedestrian_railing,data/processed/train/attr_has_pedestrian_railing_train.csv,data/features/dinov3_vitb16_remaining_attributes_assets.csv,classification,dinov3_frozen_embeddings_random_forest,random_forest,StratifiedGroupKFold,4,5,114211,No railings,No railings,True
attr_has_pedestrian_railing,attr_has_pedestrian_railing,data/processed/train/attr_has_pedestrian_railing_train.csv,data/features/dinov3_vitb16_remaining_attributes_assets.csv,classification,dinov3_frozen_embeddings_random_forest,random_forest,StratifiedGroupKFold,4,5,115440,No railings,No railings,True
attr_has_pedestrian_railing,attr_has_pedestrian_railing,data/processed/train/attr_has_pedestrian_railing_train.csv,data/features/dinov3_vitb16_remaining_attributes_assets.csv,classification,dinov3_frozen_embeddings_random_forest,random_forest,StratifiedGroupKFold,4,5,117577,No railings,No railings,True
attr_has_pedestrian_railing,attr_has_pedestrian_railing,data/processed/train/attr_has_pedestrian_railing_train.csv,data/features/dinov3_vitb16_remaining_attributes_assets.csv,classification,dinov3_frozen_embeddings_random_forest,random_forest,StratifiedGroupKFold,4,5,118807,No railings,No railings,True
attr_has_pedestrian_railing,attr_has_pedestrian_railing,data/processed/train/attr_has_pedestrian_railing_train.csv,data/features/dinov3_vitb16_remaining_attributes_assets.csv,classification,dinov3_frozen_embeddings_random_forest,random_forest,StratifiedGroupKFold,4,5,127153,No railings,No railings,True
attr_has_pedestrian_railing,attr_has_pedestrian_railing,data/processed/train/attr_has_pedestrian_railing_train.csv,data/features/dinov3_vitb16_remaining_attributes_assets.csv,classification,dinov3_frozen_embeddings_random_forest,random_forest,StratifiedGroupKFold,4,5,128874,No railings,No railings,True
attr_has_pedestrian_railing,attr_has_pedestrian_railing,data/processed/train/attr_has_pedestrian_railing_train.csv,data/features/dinov3_vitb16_remaining_attributes_assets.csv,classification,dinov3_frozen_embeddings_random_forest,random_forest,StratifiedGroupKFold,4,5,46616,1 railing,No railings,False
attr_has_pedestrian_railing,attr_has_pedestrian_railing,data/processed/train/attr_has_pedestrian_railing_train.csv,data/features/dinov3_vitb16_remaining_attributes_assets.csv,classification,dinov3_frozen_embeddings_random_forest,random_forest,StratifiedGroupKFold,4,5,47049,1 railing,1 railing,True
attr_has_pedestrian_railing,attr_has_pedestrian_railing,data/processed/train/attr_has_pedestrian_railing_train.csv,data/features/dinov3_vitb16_remaining_attributes_assets.csv,classification,dinov3_frozen_embeddings_random_forest,random_forest,StratifiedGroupKFold,4,5,47054,No railings,No railings,True
attr_has_pedestrian_railing,attr_has_pedestrian_railing,data/processed/train/attr_has_pedestrian_railing_train.csv,data/features/dinov3_vitb16_remaining_attributes_assets.csv,classification,dinov3_frozen_embeddings_random_forest,random_forest,StratifiedGroupKFold,4,5,47184,1 railing,No railings,False
attr_has_pedestrian_railing,attr_has_pedestrian_railing,data/processed/train/attr_has_pedestrian_railing_train.csv,data/features/dinov3_vitb16_remaining_attributes_assets.csv,classification,dinov3_frozen_embeddings_random_forest,random_forest,StratifiedGroupKFold,4,5,48269,No railings,No railings,True
attr_has_pedestrian_railing,attr_has_pedestrian_railing,data/processed/train/attr_has_pedestrian_railing_train.csv,data/features/dinov3_vitb16_remaining_attributes_assets.csv,classification,dinov3_frozen_embeddings_random_forest,random_forest,StratifiedGroupKFold,4,5,48347,No railings,No railings,True
attr_has_pedestrian_railing,attr_has_pedestrian_railing,data/processed/train/attr_has_pedestrian_railing_train.csv,data/features/dinov3_vitb16_remaining_attributes_assets.csv,classification,dinov3_frozen_embeddings_random_forest,random_forest,StratifiedGroupKFold,4,5,48394,No railings,No railings,True
attr_has_pedestrian_railing,attr_has_pedestrian_railing,data/processed/train/attr_has_pedestrian_railing_train.csv,data/features/dinov3_vitb16_remaining_attributes_assets.csv,classification,dinov3_frozen_embeddings_random_forest,random_forest,StratifiedGroupKFold,4,5,49500,No railings,No railings,True
attr_has_pedestrian_railing,attr_has_pedestrian_railing,data/processed/train/attr_has_pedestrian_railing_train.csv,data/features/dinov3_vitb16_remaining_attributes_assets.csv,classification,dinov3_frozen_embeddings_random_forest,random_forest,StratifiedGroupKFold,4,5,49865,1 railing,No railings,False
attr_has_pedestrian_railing,attr_has_pedestrian_railing,data/processed/train/attr_has_pedestrian_railing_train.csv,data/features/dinov3_vitb16_remaining_attributes_assets.csv,classification,dinov3_frozen_embeddings_random_forest,random_forest,StratifiedGroupKFold,4,5,50805,No railings,No railings,True
attr_has_pedestrian_railing,attr_has_pedestrian_railing,data/processed/train/attr_has_pedestrian_railing_train.csv,data/features/dinov3_vitb16_remaining_attributes_assets.csv,classification,dinov3_frozen_embeddings_random_forest,random_forest,StratifiedGroupKFold,4,5,52072,1 railing,No railings,False
attr_has_pedestrian_railing,attr_has_pedestrian_railing,data/processed/train/attr_has_pedestrian_railing_train.csv,data/features/dinov3_vitb16_remaining_attributes_assets.csv,classification,dinov3_frozen_embeddings_random_forest,random_forest,StratifiedGroupKFold,4,5,52146,1 railing,No railings,False
attr_has_pedestrian_railing,attr_has_pedestrian_railing,data/processed/train/attr_has_pedestrian_railing_train.csv,data/features/dinov3_vitb16_remaining_attributes_assets.csv,classification,dinov3_frozen_embeddings_random_forest,random_forest,StratifiedGroupKFold,4,5,53211,1 railing,No railings,False
attr_has_pedestrian_railing,attr_has_pedestrian_railing,data/processed/train/attr_has_pedestrian_railing_train.csv,data/features/dinov3_vitb16_remaining_attributes_assets.csv,classification,dinov3_frozen_embeddings_random_forest,random_forest,StratifiedGroupKFold,4,5,55654,1 railing,No railings,False
attr_has_pedestrian_railing,attr_has_pedestrian_railing,data/processed/train/attr_has_pedestrian_railing_train.csv,data/features/dinov3_vitb16_remaining_attributes_assets.csv,classification,dinov3_frozen_embeddings_random_forest,random_forest,StratifiedGroupKFold,4,5,57614,2 railings,2 railings,True
attr_has_pedestrian_railing,attr_has_pedestrian_railing,data/processed/train/attr_has_pedestrian_railing_train.csv,data/features/dinov3_vitb16_remaining_attributes_assets.csv,classification,dinov3_frozen_embeddings_random_forest,random_forest,StratifiedGroupKFold,4,5,60664,1 railing,No railings,False
attr_has_pedestrian_railing,attr_has_pedestrian_railing,data/processed/train/attr_has_pedestrian_railing_train.csv,data/features/dinov3_vitb16_remaining_attributes_assets.csv,classification,dinov3_frozen_embeddings_random_forest,random_forest,StratifiedGroupKFold,4,5,60695,No railings,No railings,True
attr_has_pedestrian_railing,attr_has_pedestrian_railing,data/processed/train/attr_has_pedestrian_railing_train.csv,data/features/dinov3_vitb16_remaining_attributes_assets.csv,classification,dinov3_frozen_embeddings_random_forest,random_forest,StratifiedGroupKFold,4,5,62338,No railings,No railings,True
attr_has_pedestrian_railing,attr_has_pedestrian_railing,data/processed/train/attr_has_pedestrian_railing_train.csv,data/features/dinov3_vitb16_remaining_attributes_assets.csv,classification,dinov3_frozen_embeddings_random_forest,random_forest,StratifiedGroupKFold,4,5,63006,1 railing,No railings,False
attr_has_pedestrian_railing,attr_has_pedestrian_railing,data/processed/train/attr_has_pedestrian_railing_train.csv,data/features/dinov3_vitb16_remaining_attributes_assets.csv,classification,dinov3_frozen_embeddings_random_forest,random_forest,StratifiedGroupKFold,4,5,64398,2 railings,No railings,False
attr_has_pedestrian_railing,attr_has_pedestrian_railing,data/processed/train/attr_has_pedestrian_railing_train.csv,data/features/dinov3_vitb16_remaining_attributes_assets.csv,classification,dinov3_frozen_embeddings_random_forest,random_forest,StratifiedGroupKFold,4,5,64656,No railings,No railings,True
attr_has_pedestrian_railing,attr_has_pedestrian_railing,data/processed/train/attr_has_pedestrian_railing_train.csv,data/features/dinov3_vitb16_remaining_attributes_assets.csv,classification,dinov3_frozen_embeddings_random_forest,random_forest,StratifiedGroupKFold,4,5,65613,No railings,No railings,True
attr_has_pedestrian_railing,attr_has_pedestrian_railing,data/processed/train/attr_has_pedestrian_railing_train.csv,data/features/dinov3_vitb16_remaining_attributes_assets.csv,classification,dinov3_frozen_embeddings_random_forest,random_forest,StratifiedGroupKFold,4,5,79979,1 railing,No railings,False
attr_has_pedestrian_railing,attr_has_pedestrian_railing,data/processed/train/attr_has_pedestrian_railing_train.csv,data/features/dinov3_vitb16_remaining_attributes_assets.csv,classification,dinov3_frozen_embeddings_random_forest,random_forest,StratifiedGroupKFold,4,5,80452,No railings,No railings,True
attr_has_pedestrian_railing,attr_has_pedestrian_railing,data/processed/train/attr_has_pedestrian_railing_train.csv,data/features/dinov3_vitb16_remaining_attributes_assets.csv,classification,dinov3_frozen_embeddings_random_forest,random_forest,StratifiedGroupKFold,4,5,80463,No railings,No railings,True
attr_has_pedestrian_railing,attr_has_pedestrian_railing,data/processed/train/attr_has_pedestrian_railing_train.csv,data/features/dinov3_vitb16_remaining_attributes_assets.csv,classification,dinov3_frozen_embeddings_random_forest,random_forest,StratifiedGroupKFold,4,5,80640,No railings,No railings,True
attr_has_pedestrian_railing,attr_has_pedestrian_railing,data/processed/train/attr_has_pedestrian_railing_train.csv,data/features/dinov3_vitb16_remaining_attributes_assets.csv,classification,dinov3_frozen_embeddings_random_forest,random_forest,StratifiedGroupKFold,4,5,81109,No railings,No railings,True
attr_has_pedestrian_railing,attr_has_pedestrian_railing,data/processed/train/attr_has_pedestrian_railing_train.csv,data/features/dinov3_vitb16_remaining_attributes_assets.csv,classification,dinov3_frozen_embeddings_random_forest,random_forest,StratifiedGroupKFold,4,5,82178,No railings,No railings,True
attr_has_pedestrian_railing,attr_has_pedestrian_railing,data/processed/train/attr_has_pedestrian_railing_train.csv,data/features/dinov3_vitb16_remaining_attributes_assets.csv,classification,dinov3_frozen_embeddings_random_forest,random_forest,StratifiedGroupKFold,4,5,82182,No railings,No railings,True
attr_has_pedestrian_railing,attr_has_pedestrian_railing,data/processed/train/attr_has_pedestrian_railing_train.csv,data/features/dinov3_vitb16_remaining_attributes_assets.csv,classification,dinov3_frozen_embeddings_random_forest,random_forest,StratifiedGroupKFold,4,5,82281,2 railings,1 railing,False
attr_has_pedestrian_railing,attr_has_pedestrian_railing,data/processed/train/attr_has_pedestrian_railing_train.csv,data/features/dinov3_vitb16_remaining_attributes_assets.csv,classification,dinov3_frozen_embeddings_random_forest,random_forest,StratifiedGroupKFold,4,5,82425,No railings,No railings,True
attr_has_pedestrian_railing,attr_has_pedestrian_railing,data/processed/train/attr_has_pedestrian_railing_train.csv,data/features/dinov3_vitb16_remaining_attributes_assets.csv,classification,dinov3_frozen_embeddings_random_forest,random_forest,StratifiedGroupKFold,4,5,84856,No railings,No railings,True
attr_has_pedestrian_railing,attr_has_pedestrian_railing,data/processed/train/attr_has_pedestrian_railing_train.csv,data/features/dinov3_vitb16_remaining_attributes_assets.csv,classification,dinov3_frozen_embeddings_random_forest,random_forest,StratifiedGroupKFold,4,5,85483,No railings,No railings,True
attr_has_pedestrian_railing,attr_has_pedestrian_railing,data/processed/train/attr_has_pedestrian_railing_train.csv,data/features/dinov3_vitb16_remaining_attributes_assets.csv,classification,dinov3_frozen_embeddings_random_forest,random_forest,StratifiedGroupKFold,4,5,85494,No railings,No railings,True
attr_has_pedestrian_railing,attr_has_pedestrian_railing,data/processed/train/attr_has_pedestrian_railing_train.csv,data/features/dinov3_vitb16_remaining_attributes_assets.csv,classification,dinov3_frozen_embeddings_random_forest,random_forest,StratifiedGroupKFold,4,5,85966,No railings,No railings,True
attr_has_pedestrian_railing,attr_has_pedestrian_railing,data/processed/train/attr_has_pedestrian_railing_train.csv,data/features/dinov3_vitb16_remaining_attributes_assets.csv,classification,dinov3_frozen_embeddings_random_forest,random_forest,StratifiedGroupKFold,4,5,86174,No railings,No railings,True
attr_has_pedestrian_railing,attr_has_pedestrian_railing,data/processed/train/attr_has_pedestrian_railing_train.csv,data/features/dinov3_vitb16_remaining_attributes_assets.csv,classification,dinov3_frozen_embeddings_random_forest,random_forest,StratifiedGroupKFold,4,5,86209,No railings,No railings,True
attr_has_pedestrian_railing,attr_has_pedestrian_railing,data/processed/train/attr_has_pedestrian_railing_train.csv,data/features/dinov3_vitb16_remaining_attributes_assets.csv,classification,dinov3_frozen_embeddings_random_forest,random_forest,StratifiedGroupKFold,4,5,87005,2 railings,No railings,False
attr_has_pedestrian_railing,attr_has_pedestrian_railing,data/processed/train/attr_has_pedestrian_railing_train.csv,data/features/dinov3_vitb16_remaining_attributes_assets.csv,classification,dinov3_frozen_embeddings_random_forest,random_forest,StratifiedGroupKFold,4,5,87713,1 railing,No railings,False
attr_has_pedestrian_railing,attr_has_pedestrian_railing,data/processed/train/attr_has_pedestrian_railing_train.csv,data/features/dinov3_vitb16_remaining_attributes_assets.csv,classification,dinov3_frozen_embeddings_random_forest,random_forest,StratifiedGroupKFold,4,5,88198,1 railing,No railings,False
attr_has_pedestrian_railing,attr_has_pedestrian_railing,data/processed/train/attr_has_pedestrian_railing_train.csv,data/features/dinov3_vitb16_remaining_attributes_assets.csv,classification,dinov3_frozen_embeddings_random_forest,random_forest,StratifiedGroupKFold,4,5,89719,No railings,No railings,True
attr_has_pedestrian_railing,attr_has_pedestrian_railing,data/processed/train/attr_has_pedestrian_railing_train.csv,data/features/dinov3_vitb16_remaining_attributes_assets.csv,classification,dinov3_frozen_embeddings_random_forest,random_forest,StratifiedGroupKFold,4,5,92807,1 railing,No railings,False
attr_has_pedestrian_railing,attr_has_pedestrian_railing,data/processed/train/attr_has_pedestrian_railing_train.csv,data/features/dinov3_vitb16_remaining_attributes_assets.csv,classification,dinov3_frozen_embeddings_random_forest,random_forest,StratifiedGroupKFold,4,5,92917,1 railing,No railings,False
attr_has_pedestrian_railing,attr_has_pedestrian_railing,data/processed/train/attr_has_pedestrian_railing_train.csv,data/features/dinov3_vitb16_remaining_attributes_assets.csv,classification,dinov3_frozen_embeddings_random_forest,random_forest,StratifiedGroupKFold,4,5,93363,No railings,No railings,True
attr_has_pedestrian_railing,attr_has_pedestrian_railing,data/processed/train/attr_has_pedestrian_railing_train.csv,data/features/dinov3_vitb16_remaining_attributes_assets.csv,classification,dinov3_frozen_embeddings_random_forest,random_forest,StratifiedGroupKFold,4,5,94135,No railings,No railings,True
attr_has_pedestrian_railing,attr_has_pedestrian_railing,data/processed/train/attr_has_pedestrian_railing_train.csv,data/features/dinov3_vitb16_remaining_attributes_assets.csv,classification,dinov3_frozen_embeddings_random_forest,random_forest,StratifiedGroupKFold,4,5,94307,No railings,No railings,True
attr_has_pedestrian_railing,attr_has_pedestrian_railing,data/processed/train/attr_has_pedestrian_railing_train.csv,data/features/dinov3_vitb16_remaining_attributes_assets.csv,classification,dinov3_frozen_embeddings_random_forest,random_forest,StratifiedGroupKFold,4,5,94311,No railings,No railings,True
attr_has_pedestrian_railing,attr_has_pedestrian_railing,data/processed/train/attr_has_pedestrian_railing_train.csv,data/features/dinov3_vitb16_remaining_attributes_assets.csv,classification,dinov3_frozen_embeddings_random_forest,random_forest,StratifiedGroupKFold,4,5,94313,No railings,No railings,True
attr_has_pedestrian_railing,attr_has_pedestrian_railing,data/processed/train/attr_has_pedestrian_railing_train.csv,data/features/dinov3_vitb16_remaining_attributes_assets.csv,classification,dinov3_frozen_embeddings_random_forest,random_forest,StratifiedGroupKFold,4,5,94328,No railings,No railings,True
attr_has_pedestrian_railing,attr_has_pedestrian_railing,data/processed/train/attr_has_pedestrian_railing_train.csv,data/features/dinov3_vitb16_remaining_attributes_assets.csv,classification,dinov3_frozen_embeddings_random_forest,random_forest,StratifiedGroupKFold,4,5,94332,No railings,No railings,True
attr_has_pedestrian_railing,attr_has_pedestrian_railing,data/processed/train/attr_has_pedestrian_railing_train.csv,data/features/dinov3_vitb16_remaining_attributes_assets.csv,classification,dinov3_frozen_embeddings_random_forest,random_forest,StratifiedGroupKFold,4,5,101016,No railings,No railings,True
attr_has_pedestrian_railing,attr_has_pedestrian_railing,data/processed/train/attr_has_pedestrian_railing_train.csv,data/features/dinov3_vitb16_remaining_attributes_assets.csv,classification,dinov3_frozen_embeddings_random_forest,random_forest,StratifiedGroupKFold,4,5,101031,No railings,No railings,True
attr_has_pedestrian_railing,attr_has_pedestrian_railing,data/processed/train/attr_has_pedestrian_railing_train.csv,data/features/dinov3_vitb16_remaining_attributes_assets.csv,classification,dinov3_frozen_embeddings_random_forest,random_forest,StratifiedGroupKFold,4,5,101449,1 railing,No railings,False
attr_has_pedestrian_railing,attr_has_pedestrian_railing,data/processed/train/attr_has_pedestrian_railing_train.csv,data/features/dinov3_vitb16_remaining_attributes_assets.csv,classification,dinov3_frozen_embeddings_random_forest,random_forest,StratifiedGroupKFold,4,5,102439,No railings,No railings,True
attr_has_pedestrian_railing,attr_has_pedestrian_railing,data/processed/train/attr_has_pedestrian_railing_train.csv,data/features/dinov3_vitb16_remaining_attributes_assets.csv,classification,dinov3_frozen_embeddings_random_forest,random_forest,StratifiedGroupKFold,4,5,103887,1 railing,No railings,False
attr_has_pedestrian_railing,attr_has_pedestrian_railing,data/processed/train/attr_has_pedestrian_railing_train.csv,data/features/dinov3_vitb16_remaining_attributes_assets.csv,classification,dinov3_frozen_embeddings_random_forest,random_forest,StratifiedGroupKFold,4,5,103888,1 railing,No railings,False
attr_has_pedestrian_railing,attr_has_pedestrian_railing,data/processed/train/attr_has_pedestrian_railing_train.csv,data/features/dinov3_vitb16_remaining_attributes_assets.csv,classification,dinov3_frozen_embeddings_random_forest,random_forest,StratifiedGroupKFold,4,5,103932,1 railing,1 railing,True
attr_has_pedestrian_railing,attr_has_pedestrian_railing,data/processed/train/attr_has_pedestrian_railing_train.csv,data/features/dinov3_vitb16_remaining_attributes_assets.csv,classification,dinov3_frozen_embeddings_random_forest,random_forest,StratifiedGroupKFold,4,5,104143,1 railing,No railings,False
attr_has_pedestrian_railing,attr_has_pedestrian_railing,data/processed/train/attr_has_pedestrian_railing_train.csv,data/features/dinov3_vitb16_remaining_attributes_assets.csv,classification,dinov3_frozen_embeddings_random_forest,random_forest,StratifiedGroupKFold,4,5,105082,No railings,No railings,True
attr_has_pedestrian_railing,attr_has_pedestrian_railing,data/processed/train/attr_has_pedestrian_railing_train.csv,data/features/dinov3_vitb16_remaining_attributes_assets.csv,classification,dinov3_frozen_embeddings_random_forest,random_forest,StratifiedGroupKFold,4,5,106011,No railings,No railings,True
attr_has_pedestrian_railing,attr_has_pedestrian_railing,data/processed/train/attr_has_pedestrian_railing_train.csv,data/features/dinov3_vitb16_remaining_attributes_assets.csv,classification,dinov3_frozen_embeddings_random_forest,random_forest,StratifiedGroupKFold,4,5,106073,No railings,No railings,True
attr_has_pedestrian_railing,attr_has_pedestrian_railing,data/processed/train/attr_has_pedestrian_railing_train.csv,data/features/dinov3_vitb16_remaining_attributes_assets.csv,classification,dinov3_frozen_embeddings_random_forest,random_forest,StratifiedGroupKFold,4,5,107471,No railings,No railings,True
attr_has_pedestrian_railing,attr_has_pedestrian_railing,data/processed/train/attr_has_pedestrian_railing_train.csv,data/features/dinov3_vitb16_remaining_attributes_assets.csv,classification,dinov3_frozen_embeddings_random_forest,random_forest,StratifiedGroupKFold,4,5,107485,No railings,No railings,True
attr_has_pedestrian_railing,attr_has_pedestrian_railing,data/processed/train/attr_has_pedestrian_railing_train.csv,data/features/dinov3_vitb16_remaining_attributes_assets.csv,classification,dinov3_frozen_embeddings_random_forest,random_forest,StratifiedGroupKFold,4,5,107667,1 railing,No railings,False
attr_has_pedestrian_railing,attr_has_pedestrian_railing,data/processed/train/attr_has_pedestrian_railing_train.csv,data/features/dinov3_vitb16_remaining_attributes_assets.csv,classification,dinov3_frozen_embeddings_random_forest,random_forest,StratifiedGroupKFold,4,5,107921,No railings,No railings,True
attr_has_pedestrian_railing,attr_has_pedestrian_railing,data/processed/train/attr_has_pedestrian_railing_train.csv,data/features/dinov3_vitb16_remaining_attributes_assets.csv,classification,dinov3_frozen_embeddings_random_forest,random_forest,StratifiedGroupKFold,4,5,107927,No railings,No railings,True
attr_has_pedestrian_railing,attr_has_pedestrian_railing,data/processed/train/attr_has_pedestrian_railing_train.csv,data/features/dinov3_vitb16_remaining_attributes_assets.csv,classification,dinov3_frozen_embeddings_random_forest,random_forest,StratifiedGroupKFold,4,5,107928,No railings,No railings,True
attr_has_pedestrian_railing,attr_has_pedestrian_railing,data/processed/train/attr_has_pedestrian_railing_train.csv,data/features/dinov3_vitb16_remaining_attributes_assets.csv,classification,dinov3_frozen_embeddings_random_forest,random_forest,StratifiedGroupKFold,4,5,107941,No railings,No railings,True
attr_has_pedestrian_railing,attr_has_pedestrian_railing,data/processed/train/attr_has_pedestrian_railing_train.csv,data/features/dinov3_vitb16_remaining_attributes_assets.csv,classification,dinov3_frozen_embeddings_random_forest,random_forest,StratifiedGroupKFold,4,5,107945,No railings,No railings,True
attr_has_pedestrian_railing,attr_has_pedestrian_railing,data/processed/train/attr_has_pedestrian_railing_train.csv,data/features/dinov3_vitb16_remaining_attributes_assets.csv,classification,dinov3_frozen_embeddings_random_forest,random_forest,StratifiedGroupKFold,4,5,107954,1 railing,1 railing,True
attr_has_pedestrian_railing,attr_has_pedestrian_railing,data/processed/train/attr_has_pedestrian_railing_train.csv,data/features/dinov3_vitb16_remaining_attributes_assets.csv,classification,dinov3_frozen_embeddings_random_forest,random_forest,StratifiedGroupKFold,4,5,107956,No railings,No railings,True
attr_has_pedestrian_railing,attr_has_pedestrian_railing,data/processed/train/attr_has_pedestrian_railing_train.csv,data/features/dinov3_vitb16_remaining_attributes_assets.csv,classification,dinov3_frozen_embeddings_random_forest,random_forest,StratifiedGroupKFold,4,5,108010,No railings,No railings,True
attr_has_pedestrian_railing,attr_has_pedestrian_railing,data/processed/train/attr_has_pedestrian_railing_train.csv,data/features/dinov3_vitb16_remaining_attributes_assets.csv,classification,dinov3_frozen_embeddings_random_forest,random_forest,StratifiedGroupKFold,4,5,109150,No railings,No railings,True
attr_has_pedestrian_railing,attr_has_pedestrian_railing,data/processed/train/attr_has_pedestrian_railing_train.csv,data/features/dinov3_vitb16_remaining_attributes_assets.csv,classification,dinov3_frozen_embeddings_random_forest,random_forest,StratifiedGroupKFold,4,5,110173,No railings,No railings,True
attr_has_pedestrian_railing,attr_has_pedestrian_railing,data/processed/train/attr_has_pedestrian_railing_train.csv,data/features/dinov3_vitb16_remaining_attributes_assets.csv,classification,dinov3_frozen_embeddings_random_forest,random_forest,StratifiedGroupKFold,4,5,110175,No railings,No railings,True
attr_has_pedestrian_railing,attr_has_pedestrian_railing,data/processed/train/attr_has_pedestrian_railing_train.csv,data/features/dinov3_vitb16_remaining_attributes_assets.csv,classification,dinov3_frozen_embeddings_random_forest,random_forest,StratifiedGroupKFold,4,5,110371,No railings,No railings,True
attr_has_pedestrian_railing,attr_has_pedestrian_railing,data/processed/train/attr_has_pedestrian_railing_train.csv,data/features/dinov3_vitb16_remaining_attributes_assets.csv,classification,dinov3_frozen_embeddings_random_forest,random_forest,StratifiedGroupKFold,4,5,110568,1 railing,No railings,False
attr_has_pedestrian_railing,attr_has_pedestrian_railing,data/processed/train/attr_has_pedestrian_railing_train.csv,data/features/dinov3_vitb16_remaining_attributes_assets.csv,classification,dinov3_frozen_embeddings_random_forest,random_forest,StratifiedGroupKFold,4,5,111482,1 railing,No railings,False
attr_has_pedestrian_railing,attr_has_pedestrian_railing,data/processed/train/attr_has_pedestrian_railing_train.csv,data/features/dinov3_vitb16_remaining_attributes_assets.csv,classification,dinov3_frozen_embeddings_random_forest,random_forest,StratifiedGroupKFold,4,5,112908,No railings,No railings,True
attr_has_pedestrian_railing,attr_has_pedestrian_railing,data/processed/train/attr_has_pedestrian_railing_train.csv,data/features/dinov3_vitb16_remaining_attributes_assets.csv,classification,dinov3_frozen_embeddings_random_forest,random_forest,StratifiedGroupKFold,4,5,113149,No railings,No railings,True
attr_has_pedestrian_railing,attr_has_pedestrian_railing,data/processed/train/attr_has_pedestrian_railing_train.csv,data/features/dinov3_vitb16_remaining_attributes_assets.csv,classification,dinov3_frozen_embeddings_random_forest,random_forest,StratifiedGroupKFold,4,5,116610,2 railings,No railings,False
attr_has_pedestrian_railing,attr_has_pedestrian_railing,data/processed/train/attr_has_pedestrian_railing_train.csv,data/features/dinov3_vitb16_remaining_attributes_assets.csv,classification,dinov3_frozen_embeddings_random_forest,random_forest,StratifiedGroupKFold,4,5,120519,No railings,No railings,True
attr_has_pedestrian_railing,attr_has_pedestrian_railing,data/processed/train/attr_has_pedestrian_railing_train.csv,data/features/dinov3_vitb16_remaining_attributes_assets.csv,classification,dinov3_frozen_embeddings_random_forest,random_forest,StratifiedGroupKFold,4,5,121014,No railings,No railings,True
attr_has_pedestrian_railing,attr_has_pedestrian_railing,data/processed/train/attr_has_pedestrian_railing_train.csv,data/features/dinov3_vitb16_remaining_attributes_assets.csv,classification,dinov3_frozen_embeddings_random_forest,random_forest,StratifiedGroupKFold,4,5,121499,2 railings,1 railing,False
attr_has_pedestrian_railing,attr_has_pedestrian_railing,data/processed/train/attr_has_pedestrian_railing_train.csv,data/features/dinov3_vitb16_remaining_attributes_assets.csv,classification,dinov3_frozen_embeddings_random_forest,random_forest,StratifiedGroupKFold,4,5,121829,No railings,No railings,True
attr_has_pedestrian_railing,attr_has_pedestrian_railing,data/processed/train/attr_has_pedestrian_railing_train.csv,data/features/dinov3_vitb16_remaining_attributes_assets.csv,classification,dinov3_frozen_embeddings_random_forest,random_forest,StratifiedGroupKFold,4,5,122663,2 railings,1 railing,False
attr_has_pedestrian_railing,attr_has_pedestrian_railing,data/processed/train/attr_has_pedestrian_railing_train.csv,data/features/dinov3_vitb16_remaining_attributes_assets.csv,classification,dinov3_frozen_embeddings_random_forest,random_forest,StratifiedGroupKFold,4,5,122777,2 railings,2 railings,True
attr_has_pedestrian_railing,attr_has_pedestrian_railing,data/processed/train/attr_has_pedestrian_railing_train.csv,data/features/dinov3_vitb16_remaining_attributes_assets.csv,classification,dinov3_frozen_embeddings_random_forest,random_forest,StratifiedGroupKFold,4,5,123140,2 railings,No railings,False
attr_has_pedestrian_railing,attr_has_pedestrian_railing,data/processed/train/attr_has_pedestrian_railing_train.csv,data/features/dinov3_vitb16_remaining_attributes_assets.csv,classification,dinov3_frozen_embeddings_random_forest,random_forest,StratifiedGroupKFold,4,5,123141,2 railings,1 railing,False
attr_has_pedestrian_railing,attr_has_pedestrian_railing,data/processed/train/attr_has_pedestrian_railing_train.csv,data/features/dinov3_vitb16_remaining_attributes_assets.csv,classification,dinov3_frozen_embeddings_random_forest,random_forest,StratifiedGroupKFold,4,5,123577,No railings,No railings,True
attr_has_pedestrian_railing,attr_has_pedestrian_railing,data/processed/train/attr_has_pedestrian_railing_train.csv,data/features/dinov3_vitb16_remaining_attributes_assets.csv,classification,dinov3_frozen_embeddings_random_forest,random_forest,StratifiedGroupKFold,4,5,123618,No railings,No railings,True
attr_has_pedestrian_railing,attr_has_pedestrian_railing,data/processed/train/attr_has_pedestrian_railing_train.csv,data/features/dinov3_vitb16_remaining_attributes_assets.csv,classification,dinov3_frozen_embeddings_random_forest,random_forest,StratifiedGroupKFold,4,5,124044,No railings,No railings,True
attr_has_pedestrian_railing,attr_has_pedestrian_railing,data/processed/train/attr_has_pedestrian_railing_train.csv,data/features/dinov3_vitb16_remaining_attributes_assets.csv,classification,dinov3_frozen_embeddings_random_forest,random_forest,StratifiedGroupKFold,4,5,126332,No railings,No railings,True
attr_has_pedestrian_railing,attr_has_pedestrian_railing,data/processed/train/attr_has_pedestrian_railing_train.csv,data/features/dinov3_vitb16_remaining_attributes_assets.csv,classification,dinov3_frozen_embeddings_random_forest,random_forest,StratifiedGroupKFold,4,5,126777,1 railing,1 railing,True
attr_has_pedestrian_railing,attr_has_pedestrian_railing,data/processed/train/attr_has_pedestrian_railing_train.csv,data/features/dinov3_vitb16_remaining_attributes_assets.csv,classification,dinov3_frozen_embeddings_random_forest,random_forest,StratifiedGroupKFold,4,5,127144,No railings,No railings,True
attr_has_pedestrian_railing,attr_has_pedestrian_railing,data/processed/train/attr_has_pedestrian_railing_train.csv,data/features/dinov3_vitb16_remaining_attributes_assets.csv,classification,dinov3_frozen_embeddings_random_forest,random_forest,StratifiedGroupKFold,4,5,46922,No railings,No railings,True
attr_has_pedestrian_railing,attr_has_pedestrian_railing,data/processed/train/attr_has_pedestrian_railing_train.csv,data/features/dinov3_vitb16_remaining_attributes_assets.csv,classification,dinov3_frozen_embeddings_random_forest,random_forest,StratifiedGroupKFold,4,5,47182,No railings,No railings,True
attr_has_pedestrian_railing,attr_has_pedestrian_railing,data/processed/train/attr_has_pedestrian_railing_train.csv,data/features/dinov3_vitb16_remaining_attributes_assets.csv,classification,dinov3_frozen_embeddings_random_forest,random_forest,StratifiedGroupKFold,4,5,48694,No railings,No railings,True
attr_has_pedestrian_railing,attr_has_pedestrian_railing,data/processed/train/attr_has_pedestrian_railing_train.csv,data/features/dinov3_vitb16_remaining_attributes_assets.csv,classification,dinov3_frozen_embeddings_random_forest,random_forest,StratifiedGroupKFold,4,5,48695,No railings,No railings,True
attr_has_pedestrian_railing,attr_has_pedestrian_railing,data/processed/train/attr_has_pedestrian_railing_train.csv,data/features/dinov3_vitb16_remaining_attributes_assets.csv,classification,dinov3_frozen_embeddings_random_forest,random_forest,StratifiedGroupKFold,4,5,49058,No railings,No railings,True
attr_has_pedestrian_railing,attr_has_pedestrian_railing,data/processed/train/attr_has_pedestrian_railing_train.csv,data/features/dinov3_vitb16_remaining_attributes_assets.csv,classification,dinov3_frozen_embeddings_random_forest,random_forest,StratifiedGroupKFold,4,5,49681,No railings,No railings,True
attr_has_pedestrian_railing,attr_has_pedestrian_railing,data/processed/train/attr_has_pedestrian_railing_train.csv,data/features/dinov3_vitb16_remaining_attributes_assets.csv,classification,dinov3_frozen_embeddings_random_forest,random_forest,StratifiedGroupKFold,4,5,51216,No railings,2 railings,False
attr_has_pedestrian_railing,attr_has_pedestrian_railing,data/processed/train/attr_has_pedestrian_railing_train.csv,data/features/dinov3_vitb16_remaining_attributes_assets.csv,classification,dinov3_frozen_embeddings_random_forest,random_forest,StratifiedGroupKFold,4,5,51218,No railings,No railings,True
attr_has_pedestrian_railing,attr_has_pedestrian_railing,data/processed/train/attr_has_pedestrian_railing_train.csv,data/features/dinov3_vitb16_remaining_attributes_assets.csv,classification,dinov3_frozen_embeddings_random_forest,random_forest,StratifiedGroupKFold,4,5,52456,No railings,No railings,True
attr_has_pedestrian_railing,attr_has_pedestrian_railing,data/processed/train/attr_has_pedestrian_railing_train.csv,data/features/dinov3_vitb16_remaining_attributes_assets.csv,classification,dinov3_frozen_embeddings_random_forest,random_forest,StratifiedGroupKFold,4,5,53984,No railings,No railings,True
attr_has_pedestrian_railing,attr_has_pedestrian_railing,data/processed/train/attr_has_pedestrian_railing_train.csv,data/features/dinov3_vitb16_remaining_attributes_assets.csv,classification,dinov3_frozen_embeddings_random_forest,random_forest,StratifiedGroupKFold,4,5,55272,No railings,No railings,True
attr_has_pedestrian_railing,attr_has_pedestrian_railing,data/processed/train/attr_has_pedestrian_railing_train.csv,data/features/dinov3_vitb16_remaining_attributes_assets.csv,classification,dinov3_frozen_embeddings_random_forest,random_forest,StratifiedGroupKFold,4,5,56469,No railings,No railings,True
attr_has_pedestrian_railing,attr_has_pedestrian_railing,data/processed/train/attr_has_pedestrian_railing_train.csv,data/features/dinov3_vitb16_remaining_attributes_assets.csv,classification,dinov3_frozen_embeddings_random_forest,random_forest,StratifiedGroupKFold,4,5,56876,No railings,No railings,True
attr_has_pedestrian_railing,attr_has_pedestrian_railing,data/processed/train/attr_has_pedestrian_railing_train.csv,data/features/dinov3_vitb16_remaining_attributes_assets.csv,classification,dinov3_frozen_embeddings_random_forest,random_forest,StratifiedGroupKFold,4,5,57507,No railings,No railings,True
attr_has_pedestrian_railing,attr_has_pedestrian_railing,data/processed/train/attr_has_pedestrian_railing_train.csv,data/features/dinov3_vitb16_remaining_attributes_assets.csv,classification,dinov3_frozen_embeddings_random_forest,random_forest,StratifiedGroupKFold,4,5,58677,No railings,No railings,True
attr_has_pedestrian_railing,attr_has_pedestrian_railing,data/processed/train/attr_has_pedestrian_railing_train.csv,data/features/dinov3_vitb16_remaining_attributes_assets.csv,classification,dinov3_frozen_embeddings_random_forest,random_forest,StratifiedGroupKFold,4,5,58956,No railings,No railings,True
attr_has_pedestrian_railing,attr_has_pedestrian_railing,data/processed/train/attr_has_pedestrian_railing_train.csv,data/features/dinov3_vitb16_remaining_attributes_assets.csv,classification,dinov3_frozen_embeddings_random_forest,random_forest,StratifiedGroupKFold,4,5,60126,2 railings,No railings,False
attr_has_pedestrian_railing,attr_has_pedestrian_railing,data/processed/train/attr_has_pedestrian_railing_train.csv,data/features/dinov3_vitb16_remaining_attributes_assets.csv,classification,dinov3_frozen_embeddings_random_forest,random_forest,StratifiedGroupKFold,4,5,61213,No railings,No railings,True
attr_has_pedestrian_railing,attr_has_pedestrian_railing,data/processed/train/attr_has_pedestrian_railing_train.csv,data/features/dinov3_vitb16_remaining_attributes_assets.csv,classification,dinov3_frozen_embeddings_random_forest,random_forest,StratifiedGroupKFold,4,5,63069,No railings,No railings,True
attr_has_pedestrian_railing,attr_has_pedestrian_railing,data/processed/train/attr_has_pedestrian_railing_train.csv,data/features/dinov3_vitb16_remaining_attributes_assets.csv,classification,dinov3_frozen_embeddings_random_forest,random_forest,StratifiedGroupKFold,4,5,63073,No railings,No railings,True
attr_has_pedestrian_railing,attr_has_pedestrian_railing,data/processed/train/attr_has_pedestrian_railing_train.csv,data/features/dinov3_vitb16_remaining_attributes_assets.csv,classification,dinov3_frozen_embeddings_random_forest,random_forest,StratifiedGroupKFold,4,5,63075,No railings,No railings,True
attr_has_pedestrian_railing,attr_has_pedestrian_railing,data/processed/train/attr_has_pedestrian_railing_train.csv,data/features/dinov3_vitb16_remaining_attributes_assets.csv,classification,dinov3_frozen_embeddings_random_forest,random_forest,StratifiedGroupKFold,4,5,63076,No railings,No railings,True
attr_has_pedestrian_railing,attr_has_pedestrian_railing,data/processed/train/attr_has_pedestrian_railing_train.csv,data/features/dinov3_vitb16_remaining_attributes_assets.csv,classification,dinov3_frozen_embeddings_random_forest,random_forest,StratifiedGroupKFold,4,5,63217,No railings,No railings,True
attr_has_pedestrian_railing,attr_has_pedestrian_railing,data/processed/train/attr_has_pedestrian_railing_train.csv,data/features/dinov3_vitb16_remaining_attributes_assets.csv,classification,dinov3_frozen_embeddings_random_forest,random_forest,StratifiedGroupKFold,4,5,63389,No railings,No railings,True
attr_has_pedestrian_railing,attr_has_pedestrian_railing,data/processed/train/attr_has_pedestrian_railing_train.csv,data/features/dinov3_vitb16_remaining_attributes_assets.csv,classification,dinov3_frozen_embeddings_random_forest,random_forest,StratifiedGroupKFold,4,5,64114,2 railings,No railings,False
attr_has_pedestrian_railing,attr_has_pedestrian_railing,data/processed/train/attr_has_pedestrian_railing_train.csv,data/features/dinov3_vitb16_remaining_attributes_assets.csv,classification,dinov3_frozen_embeddings_random_forest,random_forest,StratifiedGroupKFold,4,5,66920,No railings,No railings,True
attr_has_pedestrian_railing,attr_has_pedestrian_railing,data/processed/train/attr_has_pedestrian_railing_train.csv,data/features/dinov3_vitb16_remaining_attributes_assets.csv,classification,dinov3_frozen_embeddings_random_forest,random_forest,StratifiedGroupKFold,4,5,81419,No railings,No railings,True
attr_has_pedestrian_railing,attr_has_pedestrian_railing,data/processed/train/attr_has_pedestrian_railing_train.csv,data/features/dinov3_vitb16_remaining_attributes_assets.csv,classification,dinov3_frozen_embeddings_random_forest,random_forest,StratifiedGroupKFold,4,5,83815,2 railings,2 railings,True
attr_has_pedestrian_railing,attr_has_pedestrian_railing,data/processed/train/attr_has_pedestrian_railing_train.csv,data/features/dinov3_vitb16_remaining_attributes_assets.csv,classification,dinov3_frozen_embeddings_random_forest,random_forest,StratifiedGroupKFold,4,5,83937,2 railings,No railings,False
attr_has_pedestrian_railing,attr_has_pedestrian_railing,data/processed/train/attr_has_pedestrian_railing_train.csv,data/features/dinov3_vitb16_remaining_attributes_assets.csv,classification,dinov3_frozen_embeddings_random_forest,random_forest,StratifiedGroupKFold,4,5,85148,No railings,No railings,True
attr_has_pedestrian_railing,attr_has_pedestrian_railing,data/processed/train/attr_has_pedestrian_railing_train.csv,data/features/dinov3_vitb16_remaining_attributes_assets.csv,classification,dinov3_frozen_embeddings_random_forest,random_forest,StratifiedGroupKFold,4,5,86352,2 railings,No railings,False
attr_has_pedestrian_railing,attr_has_pedestrian_railing,data/processed/train/attr_has_pedestrian_railing_train.csv,data/features/dinov3_vitb16_remaining_attributes_assets.csv,classification,dinov3_frozen_embeddings_random_forest,random_forest,StratifiedGroupKFold,4,5,86365,No railings,No railings,True
attr_has_pedestrian_railing,attr_has_pedestrian_railing,data/processed/train/attr_has_pedestrian_railing_train.csv,data/features/dinov3_vitb16_remaining_attributes_assets.csv,classification,dinov3_frozen_embeddings_random_forest,random_forest,StratifiedGroupKFold,4,5,88812,No railings,No railings,True
attr_has_pedestrian_railing,attr_has_pedestrian_railing,data/processed/train/attr_has_pedestrian_railing_train.csv,data/features/dinov3_vitb16_remaining_attributes_assets.csv,classification,dinov3_frozen_embeddings_random_forest,random_forest,StratifiedGroupKFold,4,5,88859,2 railings,No railings,False
attr_has_pedestrian_railing,attr_has_pedestrian_railing,data/processed/train/attr_has_pedestrian_railing_train.csv,data/features/dinov3_vitb16_remaining_attributes_assets.csv,classification,dinov3_frozen_embeddings_random_forest,random_forest,StratifiedGroupKFold,4,5,89155,2 railings,No railings,False
attr_has_pedestrian_railing,attr_has_pedestrian_railing,data/processed/train/attr_has_pedestrian_railing_train.csv,data/features/dinov3_vitb16_remaining_attributes_assets.csv,classification,dinov3_frozen_embeddings_random_forest,random_forest,StratifiedGroupKFold,4,5,89450,No railings,No railings,True
attr_has_pedestrian_railing,attr_has_pedestrian_railing,data/processed/train/attr_has_pedestrian_railing_train.csv,data/features/dinov3_vitb16_remaining_attributes_assets.csv,classification,dinov3_frozen_embeddings_random_forest,random_forest,StratifiedGroupKFold,4,5,89609,No railings,No railings,True
attr_has_pedestrian_railing,attr_has_pedestrian_railing,data/processed/train/attr_has_pedestrian_railing_train.csv,data/features/dinov3_vitb16_remaining_attributes_assets.csv,classification,dinov3_frozen_embeddings_random_forest,random_forest,StratifiedGroupKFold,4,5,90385,No railings,No railings,True
attr_has_pedestrian_railing,attr_has_pedestrian_railing,data/processed/train/attr_has_pedestrian_railing_train.csv,data/features/dinov3_vitb16_remaining_attributes_assets.csv,classification,dinov3_frozen_embeddings_random_forest,random_forest,StratifiedGroupKFold,4,5,90391,No railings,No railings,True
attr_has_pedestrian_railing,attr_has_pedestrian_railing,data/processed/train/attr_has_pedestrian_railing_train.csv,data/features/dinov3_vitb16_remaining_attributes_assets.csv,classification,dinov3_frozen_embeddings_random_forest,random_forest,StratifiedGroupKFold,4,5,90641,No railings,No railings,True
attr_has_pedestrian_railing,attr_has_pedestrian_railing,data/processed/train/attr_has_pedestrian_railing_train.csv,data/features/dinov3_vitb16_remaining_attributes_assets.csv,classification,dinov3_frozen_embeddings_random_forest,random_forest,StratifiedGroupKFold,4,5,91711,No railings,No railings,True
attr_has_pedestrian_railing,attr_has_pedestrian_railing,data/processed/train/attr_has_pedestrian_railing_train.csv,data/features/dinov3_vitb16_remaining_attributes_assets.csv,classification,dinov3_frozen_embeddings_random_forest,random_forest,StratifiedGroupKFold,4,5,92090,No railings,No railings,True
attr_has_pedestrian_railing,attr_has_pedestrian_railing,data/processed/train/attr_has_pedestrian_railing_train.csv,data/features/dinov3_vitb16_remaining_attributes_assets.csv,classification,dinov3_frozen_embeddings_random_forest,random_forest,StratifiedGroupKFold,4,5,92150,No railings,No railings,True
attr_has_pedestrian_railing,attr_has_pedestrian_railing,data/processed/train/attr_has_pedestrian_railing_train.csv,data/features/dinov3_vitb16_remaining_attributes_assets.csv,classification,dinov3_frozen_embeddings_random_forest,random_forest,StratifiedGroupKFold,4,5,92152,No railings,No railings,True
attr_has_pedestrian_railing,attr_has_pedestrian_railing,data/processed/train/attr_has_pedestrian_railing_train.csv,data/features/dinov3_vitb16_remaining_attributes_assets.csv,classification,dinov3_frozen_embeddings_random_forest,random_forest,StratifiedGroupKFold,4,5,94779,No railings,No railings,True
attr_has_pedestrian_railing,attr_has_pedestrian_railing,data/processed/train/attr_has_pedestrian_railing_train.csv,data/features/dinov3_vitb16_remaining_attributes_assets.csv,classification,dinov3_frozen_embeddings_random_forest,random_forest,StratifiedGroupKFold,4,5,97444,No railings,No railings,True
attr_has_pedestrian_railing,attr_has_pedestrian_railing,data/processed/train/attr_has_pedestrian_railing_train.csv,data/features/dinov3_vitb16_remaining_attributes_assets.csv,classification,dinov3_frozen_embeddings_random_forest,random_forest,StratifiedGroupKFold,4,5,99459,No railings,No railings,True
attr_has_pedestrian_railing,attr_has_pedestrian_railing,data/processed/train/attr_has_pedestrian_railing_train.csv,data/features/dinov3_vitb16_remaining_attributes_assets.csv,classification,dinov3_frozen_embeddings_random_forest,random_forest,StratifiedGroupKFold,4,5,101826,No railings,No railings,True
attr_has_pedestrian_railing,attr_has_pedestrian_railing,data/processed/train/attr_has_pedestrian_railing_train.csv,data/features/dinov3_vitb16_remaining_attributes_assets.csv,classification,dinov3_frozen_embeddings_random_forest,random_forest,StratifiedGroupKFold,4,5,102341,No railings,No railings,True
attr_has_pedestrian_railing,attr_has_pedestrian_railing,data/processed/train/attr_has_pedestrian_railing_train.csv,data/features/dinov3_vitb16_remaining_attributes_assets.csv,classification,dinov3_frozen_embeddings_random_forest,random_forest,StratifiedGroupKFold,4,5,102344,No railings,No railings,True
attr_has_pedestrian_railing,attr_has_pedestrian_railing,data/processed/train/attr_has_pedestrian_railing_train.csv,data/features/dinov3_vitb16_remaining_attributes_assets.csv,classification,dinov3_frozen_embeddings_random_forest,random_forest,StratifiedGroupKFold,4,5,102348,No railings,No railings,True
attr_has_pedestrian_railing,attr_has_pedestrian_railing,data/processed/train/attr_has_pedestrian_railing_train.csv,data/features/dinov3_vitb16_remaining_attributes_assets.csv,classification,dinov3_frozen_embeddings_random_forest,random_forest,StratifiedGroupKFold,4,5,102355,No railings,No railings,True
attr_has_pedestrian_railing,attr_has_pedestrian_railing,data/processed/train/attr_has_pedestrian_railing_train.csv,data/features/dinov3_vitb16_remaining_attributes_assets.csv,classification,dinov3_frozen_embeddings_random_forest,random_forest,StratifiedGroupKFold,4,5,102816,No railings,No railings,True
attr_has_pedestrian_railing,attr_has_pedestrian_railing,data/processed/train/attr_has_pedestrian_railing_train.csv,data/features/dinov3_vitb16_remaining_attributes_assets.csv,classification,dinov3_frozen_embeddings_random_forest,random_forest,StratifiedGroupKFold,4,5,103253,No railings,No railings,True
attr_has_pedestrian_railing,attr_has_pedestrian_railing,data/processed/train/attr_has_pedestrian_railing_train.csv,data/features/dinov3_vitb16_remaining_attributes_assets.csv,classification,dinov3_frozen_embeddings_random_forest,random_forest,StratifiedGroupKFold,4,5,104080,2 railings,No railings,False
attr_has_pedestrian_railing,attr_has_pedestrian_railing,data/processed/train/attr_has_pedestrian_railing_train.csv,data/features/dinov3_vitb16_remaining_attributes_assets.csv,classification,dinov3_frozen_embeddings_random_forest,random_forest,StratifiedGroupKFold,4,5,104086,No railings,No railings,True
attr_has_pedestrian_railing,attr_has_pedestrian_railing,data/processed/train/attr_has_pedestrian_railing_train.csv,data/features/dinov3_vitb16_remaining_attributes_assets.csv,classification,dinov3_frozen_embeddings_random_forest,random_forest,StratifiedGroupKFold,4,5,105042,No railings,No railings,True
attr_has_pedestrian_railing,attr_has_pedestrian_railing,data/processed/train/attr_has_pedestrian_railing_train.csv,data/features/dinov3_vitb16_remaining_attributes_assets.csv,classification,dinov3_frozen_embeddings_random_forest,random_forest,StratifiedGroupKFold,4,5,105449,No railings,No railings,True
attr_has_pedestrian_railing,attr_has_pedestrian_railing,data/processed/train/attr_has_pedestrian_railing_train.csv,data/features/dinov3_vitb16_remaining_attributes_assets.csv,classification,dinov3_frozen_embeddings_random_forest,random_forest,StratifiedGroupKFold,4,5,106028,No railings,No railings,True
attr_has_pedestrian_railing,attr_has_pedestrian_railing,data/processed/train/attr_has_pedestrian_railing_train.csv,data/features/dinov3_vitb16_remaining_attributes_assets.csv,classification,dinov3_frozen_embeddings_random_forest,random_forest,StratifiedGroupKFold,4,5,106264,No railings,No railings,True
attr_has_pedestrian_railing,attr_has_pedestrian_railing,data/processed/train/attr_has_pedestrian_railing_train.csv,data/features/dinov3_vitb16_remaining_attributes_assets.csv,classification,dinov3_frozen_embeddings_random_forest,random_forest,StratifiedGroupKFold,4,5,107074,No railings,No railings,True
attr_has_pedestrian_railing,attr_has_pedestrian_railing,data/processed/train/attr_has_pedestrian_railing_train.csv,data/features/dinov3_vitb16_remaining_attributes_assets.csv,classification,dinov3_frozen_embeddings_random_forest,random_forest,StratifiedGroupKFold,4,5,107108,No railings,No railings,True
attr_has_pedestrian_railing,attr_has_pedestrian_railing,data/processed/train/attr_has_pedestrian_railing_train.csv,data/features/dinov3_vitb16_remaining_attributes_assets.csv,classification,dinov3_frozen_embeddings_random_forest,random_forest,StratifiedGroupKFold,4,5,107114,No railings,No railings,True
attr_has_pedestrian_railing,attr_has_pedestrian_railing,data/processed/train/attr_has_pedestrian_railing_train.csv,data/features/dinov3_vitb16_remaining_attributes_assets.csv,classification,dinov3_frozen_embeddings_random_forest,random_forest,StratifiedGroupKFold,4,5,107387,No railings,No railings,True
attr_has_pedestrian_railing,attr_has_pedestrian_railing,data/processed/train/attr_has_pedestrian_railing_train.csv,data/features/dinov3_vitb16_remaining_attributes_assets.csv,classification,dinov3_frozen_embeddings_random_forest,random_forest,StratifiedGroupKFold,4,5,107473,No railings,No railings,True
attr_has_pedestrian_railing,attr_has_pedestrian_railing,data/processed/train/attr_has_pedestrian_railing_train.csv,data/features/dinov3_vitb16_remaining_attributes_assets.csv,classification,dinov3_frozen_embeddings_random_forest,random_forest,StratifiedGroupKFold,4,5,107897,No railings,No railings,True
attr_has_pedestrian_railing,attr_has_pedestrian_railing,data/processed/train/attr_has_pedestrian_railing_train.csv,data/features/dinov3_vitb16_remaining_attributes_assets.csv,classification,dinov3_frozen_embeddings_random_forest,random_forest,StratifiedGroupKFold,4,5,107911,No railings,No railings,True
attr_has_pedestrian_railing,attr_has_pedestrian_railing,data/processed/train/attr_has_pedestrian_railing_train.csv,data/features/dinov3_vitb16_remaining_attributes_assets.csv,classification,dinov3_frozen_embeddings_random_forest,random_forest,StratifiedGroupKFold,4,5,107952,No railings,No railings,True
attr_has_pedestrian_railing,attr_has_pedestrian_railing,data/processed/train/attr_has_pedestrian_railing_train.csv,data/features/dinov3_vitb16_remaining_attributes_assets.csv,classification,dinov3_frozen_embeddings_random_forest,random_forest,StratifiedGroupKFold,4,5,108107,No railings,No railings,True
attr_has_pedestrian_railing,attr_has_pedestrian_railing,data/processed/train/attr_has_pedestrian_railing_train.csv,data/features/dinov3_vitb16_remaining_attributes_assets.csv,classification,dinov3_frozen_embeddings_random_forest,random_forest,StratifiedGroupKFold,4,5,108380,No railings,No railings,True
attr_has_pedestrian_railing,attr_has_pedestrian_railing,data/processed/train/attr_has_pedestrian_railing_train.csv,data/features/dinov3_vitb16_remaining_attributes_assets.csv,classification,dinov3_frozen_embeddings_random_forest,random_forest,StratifiedGroupKFold,4,5,108730,No railings,No railings,True
attr_has_pedestrian_railing,attr_has_pedestrian_railing,data/processed/train/attr_has_pedestrian_railing_train.csv,data/features/dinov3_vitb16_remaining_attributes_assets.csv,classification,dinov3_frozen_embeddings_random_forest,random_forest,StratifiedGroupKFold,4,5,108731,No railings,No railings,True
attr_has_pedestrian_railing,attr_has_pedestrian_railing,data/processed/train/attr_has_pedestrian_railing_train.csv,data/features/dinov3_vitb16_remaining_attributes_assets.csv,classification,dinov3_frozen_embeddings_random_forest,random_forest,StratifiedGroupKFold,4,5,110156,No railings,No railings,True
attr_has_pedestrian_railing,attr_has_pedestrian_railing,data/processed/train/attr_has_pedestrian_railing_train.csv,data/features/dinov3_vitb16_remaining_attributes_assets.csv,classification,dinov3_frozen_embeddings_random_forest,random_forest,StratifiedGroupKFold,4,5,111447,No railings,No railings,True
attr_has_pedestrian_railing,attr_has_pedestrian_railing,data/processed/train/attr_has_pedestrian_railing_train.csv,data/features/dinov3_vitb16_remaining_attributes_assets.csv,classification,dinov3_frozen_embeddings_random_forest,random_forest,StratifiedGroupKFold,4,5,111648,No railings,No railings,True
attr_has_pedestrian_railing,attr_has_pedestrian_railing,data/processed/train/attr_has_pedestrian_railing_train.csv,data/features/dinov3_vitb16_remaining_attributes_assets.csv,classification,dinov3_frozen_embeddings_random_forest,random_forest,StratifiedGroupKFold,4,5,111951,No railings,No railings,True
attr_has_pedestrian_railing,attr_has_pedestrian_railing,data/processed/train/attr_has_pedestrian_railing_train.csv,data/features/dinov3_vitb16_remaining_attributes_assets.csv,classification,dinov3_frozen_embeddings_random_forest,random_forest,StratifiedGroupKFold,4,5,112154,No railings,No railings,True
attr_has_pedestrian_railing,attr_has_pedestrian_railing,data/processed/train/attr_has_pedestrian_railing_train.csv,data/features/dinov3_vitb16_remaining_attributes_assets.csv,classification,dinov3_frozen_embeddings_random_forest,random_forest,StratifiedGroupKFold,4,5,112248,No railings,No railings,True
attr_has_pedestrian_railing,attr_has_pedestrian_railing,data/processed/train/attr_has_pedestrian_railing_train.csv,data/features/dinov3_vitb16_remaining_attributes_assets.csv,classification,dinov3_frozen_embeddings_random_forest,random_forest,StratifiedGroupKFold,4,5,112369,No railings,No railings,True
attr_has_pedestrian_railing,attr_has_pedestrian_railing,data/processed/train/attr_has_pedestrian_railing_train.csv,data/features/dinov3_vitb16_remaining_attributes_assets.csv,classification,dinov3_frozen_embeddings_random_forest,random_forest,StratifiedGroupKFold,4,5,112422,No railings,No railings,True
attr_has_pedestrian_railing,attr_has_pedestrian_railing,data/processed/train/attr_has_pedestrian_railing_train.csv,data/features/dinov3_vitb16_remaining_attributes_assets.csv,classification,dinov3_frozen_embeddings_random_forest,random_forest,StratifiedGroupKFold,4,5,112526,No railings,No railings,True
attr_has_pedestrian_railing,attr_has_pedestrian_railing,data/processed/train/attr_has_pedestrian_railing_train.csv,data/features/dinov3_vitb16_remaining_attributes_assets.csv,classification,dinov3_frozen_embeddings_random_forest,random_forest,StratifiedGroupKFold,4,5,113216,No railings,No railings,True
attr_has_pedestrian_railing,attr_has_pedestrian_railing,data/processed/train/attr_has_pedestrian_railing_train.csv,data/features/dinov3_vitb16_remaining_attributes_assets.csv,classification,dinov3_frozen_embeddings_random_forest,random_forest,StratifiedGroupKFold,4,5,113731,No railings,No railings,True
attr_has_pedestrian_railing,attr_has_pedestrian_railing,data/processed/train/attr_has_pedestrian_railing_train.csv,data/features/dinov3_vitb16_remaining_attributes_assets.csv,classification,dinov3_frozen_embeddings_random_forest,random_forest,StratifiedGroupKFold,4,5,114702,No railings,No railings,True
attr_has_pedestrian_railing,attr_has_pedestrian_railing,data/processed/train/attr_has_pedestrian_railing_train.csv,data/features/dinov3_vitb16_remaining_attributes_assets.csv,classification,dinov3_frozen_embeddings_random_forest,random_forest,StratifiedGroupKFold,4,5,114932,No railings,No railings,True
attr_has_pedestrian_railing,attr_has_pedestrian_railing,data/processed/train/attr_has_pedestrian_railing_train.csv,data/features/dinov3_vitb16_remaining_attributes_assets.csv,classification,dinov3_frozen_embeddings_random_forest,random_forest,StratifiedGroupKFold,4,5,114960,No railings,No railings,True
attr_has_pedestrian_railing,attr_has_pedestrian_railing,data/processed/train/attr_has_pedestrian_railing_train.csv,data/features/dinov3_vitb16_remaining_attributes_assets.csv,classification,dinov3_frozen_embeddings_random_forest,random_forest,StratifiedGroupKFold,4,5,115211,No railings,No railings,True
attr_has_pedestrian_railing,attr_has_pedestrian_railing,data/processed/train/attr_has_pedestrian_railing_train.csv,data/features/dinov3_vitb16_remaining_attributes_assets.csv,classification,dinov3_frozen_embeddings_random_forest,random_forest,StratifiedGroupKFold,4,5,115268,No railings,No railings,True
attr_has_pedestrian_railing,attr_has_pedestrian_railing,data/processed/train/attr_has_pedestrian_railing_train.csv,data/features/dinov3_vitb16_remaining_attributes_assets.csv,classification,dinov3_frozen_embeddings_random_forest,random_forest,StratifiedGroupKFold,4,5,118248,No railings,No railings,True
attr_has_pedestrian_railing,attr_has_pedestrian_railing,data/processed/train/attr_has_pedestrian_railing_train.csv,data/features/dinov3_vitb16_remaining_attributes_assets.csv,classification,dinov3_frozen_embeddings_random_forest,random_forest,StratifiedGroupKFold,4,5,121354,2 railings,No railings,False
attr_has_pedestrian_railing,attr_has_pedestrian_railing,data/processed/train/attr_has_pedestrian_railing_train.csv,data/features/dinov3_vitb16_remaining_attributes_assets.csv,classification,dinov3_frozen_embeddings_random_forest,random_forest,StratifiedGroupKFold,4,5,122263,No railings,No railings,True
attr_has_pedestrian_railing,attr_has_pedestrian_railing,data/processed/train/attr_has_pedestrian_railing_train.csv,data/features/dinov3_vitb16_remaining_attributes_assets.csv,classification,dinov3_frozen_embeddings_random_forest,random_forest,StratifiedGroupKFold,4,5,122725,No railings,No railings,True
attr_has_pedestrian_railing,attr_has_pedestrian_railing,data/processed/train/attr_has_pedestrian_railing_train.csv,data/features/dinov3_vitb16_remaining_attributes_assets.csv,classification,dinov3_frozen_embeddings_random_forest,random_forest,StratifiedGroupKFold,4,5,123000,No railings,No railings,True
attr_has_pedestrian_railing,attr_has_pedestrian_railing,data/processed/train/attr_has_pedestrian_railing_train.csv,data/features/dinov3_vitb16_remaining_attributes_assets.csv,classification,dinov3_frozen_embeddings_random_forest,random_forest,StratifiedGroupKFold,4,5,123159,No railings,No railings,True
attr_has_pedestrian_railing,attr_has_pedestrian_railing,data/processed/train/attr_has_pedestrian_railing_train.csv,data/features/dinov3_vitb16_remaining_attributes_assets.csv,classification,dinov3_frozen_embeddings_random_forest,random_forest,StratifiedGroupKFold,4,5,126178,No railings,No railings,True
attr_has_pedestrian_railing,attr_has_pedestrian_railing,data/processed/train/attr_has_pedestrian_railing_train.csv,data/features/dinov3_vitb16_remaining_attributes_assets.csv,classification,dinov3_frozen_embeddings_random_forest,random_forest,StratifiedGroupKFold,4,5,126334,2 railings,No railings,False
attr_has_pedestrian_railing,attr_has_pedestrian_railing,data/processed/train/attr_has_pedestrian_railing_train.csv,data/features/dinov3_vitb16_remaining_attributes_assets.csv,classification,dinov3_frozen_embeddings_random_forest,random_forest,StratifiedGroupKFold,4,5,126340,2 railings,No railings,False
attr_has_pedestrian_railing,attr_has_pedestrian_railing,data/processed/train/attr_has_pedestrian_railing_train.csv,data/features/dinov3_vitb16_remaining_attributes_assets.csv,classification,dinov3_frozen_embeddings_random_forest,random_forest,StratifiedGroupKFold,4,5,127203,2 railings,No railings,False
attr_has_pedestrian_railing,attr_has_pedestrian_railing,data/processed/train/attr_has_pedestrian_railing_train.csv,data/features/dinov3_vitb16_remaining_attributes_assets.csv,classification,dinov3_frozen_embeddings_random_forest,random_forest,StratifiedGroupKFold,4,5,127221,No railings,No railings,True
attr_has_pedestrian_railing,attr_has_pedestrian_railing,data/processed/train/attr_has_pedestrian_railing_train.csv,data/features/dinov3_vitb16_remaining_attributes_assets.csv,classification,dinov3_frozen_embeddings_random_forest,random_forest,StratifiedGroupKFold,4,5,127525,No railings,No railings,True
attr_has_pedestrian_railing,attr_has_pedestrian_railing,data/processed/train/attr_has_pedestrian_railing_train.csv,data/features/dinov3_vitb16_remaining_attributes_assets.csv,classification,dinov3_frozen_embeddings_random_forest,random_forest,StratifiedGroupKFold,4,5,127771,No railings,No railings,True
attr_has_pedestrian_railing,attr_has_pedestrian_railing,data/processed/train/attr_has_pedestrian_railing_train.csv,data/features/dinov3_vitb16_remaining_attributes_assets.csv,classification,dinov3_frozen_embeddings_random_forest,random_forest,StratifiedGroupKFold,4,5,129491,1 railing,No railings,False
attr_has_pedestrian_railing,attr_has_pedestrian_railing,data/processed/train/attr_has_pedestrian_railing_train.csv,data/features/dinov3_vitb16_remaining_attributes_assets.csv,classification,dinov3_frozen_embeddings_random_forest,random_forest,StratifiedGroupKFold,4,5,47055,No railings,No railings,True
attr_has_pedestrian_railing,attr_has_pedestrian_railing,data/processed/train/attr_has_pedestrian_railing_train.csv,data/features/dinov3_vitb16_remaining_attributes_assets.csv,classification,dinov3_frozen_embeddings_random_forest,random_forest,StratifiedGroupKFold,4,5,50750,No railings,No railings,True
attr_has_pedestrian_railing,attr_has_pedestrian_railing,data/processed/train/attr_has_pedestrian_railing_train.csv,data/features/dinov3_vitb16_remaining_attributes_assets.csv,classification,dinov3_frozen_embeddings_random_forest,random_forest,StratifiedGroupKFold,4,5,52669,No railings,No railings,True
attr_has_pedestrian_railing,attr_has_pedestrian_railing,data/processed/train/attr_has_pedestrian_railing_train.csv,data/features/dinov3_vitb16_remaining_attributes_assets.csv,classification,dinov3_frozen_embeddings_random_forest,random_forest,StratifiedGroupKFold,4,5,55658,No railings,No railings,True
attr_has_pedestrian_railing,attr_has_pedestrian_railing,data/processed/train/attr_has_pedestrian_railing_train.csv,data/features/dinov3_vitb16_remaining_attributes_assets.csv,classification,dinov3_frozen_embeddings_random_forest,random_forest,StratifiedGroupKFold,4,5,56879,No railings,No railings,True
attr_has_pedestrian_railing,attr_has_pedestrian_railing,data/processed/train/attr_has_pedestrian_railing_train.csv,data/features/dinov3_vitb16_remaining_attributes_assets.csv,classification,dinov3_frozen_embeddings_random_forest,random_forest,StratifiedGroupKFold,4,5,60883,No railings,No railings,True
attr_has_pedestrian_railing,attr_has_pedestrian_railing,data/processed/train/attr_has_pedestrian_railing_train.csv,data/features/dinov3_vitb16_remaining_attributes_assets.csv,classification,dinov3_frozen_embeddings_random_forest,random_forest,StratifiedGroupKFold,4,5,60962,No railings,No railings,True
attr_has_pedestrian_railing,attr_has_pedestrian_railing,data/processed/train/attr_has_pedestrian_railing_train.csv,data/features/dinov3_vitb16_remaining_attributes_assets.csv,classification,dinov3_frozen_embeddings_random_forest,random_forest,StratifiedGroupKFold,4,5,64463,No railings,No railings,True
attr_has_pedestrian_railing,attr_has_pedestrian_railing,data/processed/train/attr_has_pedestrian_railing_train.csv,data/features/dinov3_vitb16_remaining_attributes_assets.csv,classification,dinov3_frozen_embeddings_random_forest,random_forest,StratifiedGroupKFold,4,5,67795,No railings,No railings,True
attr_has_pedestrian_railing,attr_has_pedestrian_railing,data/processed/train/attr_has_pedestrian_railing_train.csv,data/features/dinov3_vitb16_remaining_attributes_assets.csv,classification,dinov3_frozen_embeddings_random_forest,random_forest,StratifiedGroupKFold,4,5,71174,No railings,No railings,True
attr_has_pedestrian_railing,attr_has_pedestrian_railing,data/processed/train/attr_has_pedestrian_railing_train.csv,data/features/dinov3_vitb16_remaining_attributes_assets.csv,classification,dinov3_frozen_embeddings_random_forest,random_forest,StratifiedGroupKFold,5,5,48119,No railings,No railings,True
attr_has_pedestrian_railing,attr_has_pedestrian_railing,data/processed/train/attr_has_pedestrian_railing_train.csv,data/features/dinov3_vitb16_remaining_attributes_assets.csv,classification,dinov3_frozen_embeddings_random_forest,random_forest,StratifiedGroupKFold,5,5,48121,No railings,No railings,True
attr_has_pedestrian_railing,attr_has_pedestrian_railing,data/processed/train/attr_has_pedestrian_railing_train.csv,data/features/dinov3_vitb16_remaining_attributes_assets.csv,classification,dinov3_frozen_embeddings_random_forest,random_forest,StratifiedGroupKFold,5,5,51254,No railings,No railings,True
attr_has_pedestrian_railing,attr_has_pedestrian_railing,data/processed/train/attr_has_pedestrian_railing_train.csv,data/features/dinov3_vitb16_remaining_attributes_assets.csv,classification,dinov3_frozen_embeddings_random_forest,random_forest,StratifiedGroupKFold,5,5,51942,No railings,No railings,True
attr_has_pedestrian_railing,attr_has_pedestrian_railing,data/processed/train/attr_has_pedestrian_railing_train.csv,data/features/dinov3_vitb16_remaining_attributes_assets.csv,classification,dinov3_frozen_embeddings_random_forest,random_forest,StratifiedGroupKFold,5,5,53103,No railings,No railings,True
attr_has_pedestrian_railing,attr_has_pedestrian_railing,data/processed/train/attr_has_pedestrian_railing_train.csv,data/features/dinov3_vitb16_remaining_attributes_assets.csv,classification,dinov3_frozen_embeddings_random_forest,random_forest,StratifiedGroupKFold,5,5,53556,No railings,No railings,True
attr_has_pedestrian_railing,attr_has_pedestrian_railing,data/processed/train/attr_has_pedestrian_railing_train.csv,data/features/dinov3_vitb16_remaining_attributes_assets.csv,classification,dinov3_frozen_embeddings_random_forest,random_forest,StratifiedGroupKFold,5,5,56209,No railings,No railings,True
attr_has_pedestrian_railing,attr_has_pedestrian_railing,data/processed/train/attr_has_pedestrian_railing_train.csv,data/features/dinov3_vitb16_remaining_attributes_assets.csv,classification,dinov3_frozen_embeddings_random_forest,random_forest,StratifiedGroupKFold,5,5,56344,No railings,No railings,True
attr_has_pedestrian_railing,attr_has_pedestrian_railing,data/processed/train/attr_has_pedestrian_railing_train.csv,data/features/dinov3_vitb16_remaining_attributes_assets.csv,classification,dinov3_frozen_embeddings_random_forest,random_forest,StratifiedGroupKFold,5,5,61736,No railings,No railings,True
attr_has_pedestrian_railing,attr_has_pedestrian_railing,data/processed/train/attr_has_pedestrian_railing_train.csv,data/features/dinov3_vitb16_remaining_attributes_assets.csv,classification,dinov3_frozen_embeddings_random_forest,random_forest,StratifiedGroupKFold,5,5,62067,No railings,No railings,True
attr_has_pedestrian_railing,attr_has_pedestrian_railing,data/processed/train/attr_has_pedestrian_railing_train.csv,data/features/dinov3_vitb16_remaining_attributes_assets.csv,classification,dinov3_frozen_embeddings_random_forest,random_forest,StratifiedGroupKFold,5,5,62447,No railings,No railings,True
attr_has_pedestrian_railing,attr_has_pedestrian_railing,data/processed/train/attr_has_pedestrian_railing_train.csv,data/features/dinov3_vitb16_remaining_attributes_assets.csv,classification,dinov3_frozen_embeddings_random_forest,random_forest,StratifiedGroupKFold,5,5,62446,No railings,No railings,True
attr_has_pedestrian_railing,attr_has_pedestrian_railing,data/processed/train/attr_has_pedestrian_railing_train.csv,data/features/dinov3_vitb16_remaining_attributes_assets.csv,classification,dinov3_frozen_embeddings_random_forest,random_forest,StratifiedGroupKFold,5,5,64274,No railings,No railings,True
attr_has_pedestrian_railing,attr_has_pedestrian_railing,data/processed/train/attr_has_pedestrian_railing_train.csv,data/features/dinov3_vitb16_remaining_attributes_assets.csv,classification,dinov3_frozen_embeddings_random_forest,random_forest,StratifiedGroupKFold,5,5,65422,No railings,No railings,True
attr_has_pedestrian_railing,attr_has_pedestrian_railing,data/processed/train/attr_has_pedestrian_railing_train.csv,data/features/dinov3_vitb16_remaining_attributes_assets.csv,classification,dinov3_frozen_embeddings_random_forest,random_forest,StratifiedGroupKFold,5,5,64889,No railings,No railings,True
attr_has_pedestrian_railing,attr_has_pedestrian_railing,data/processed/train/attr_has_pedestrian_railing_train.csv,data/features/dinov3_vitb16_remaining_attributes_assets.csv,classification,dinov3_frozen_embeddings_random_forest,random_forest,StratifiedGroupKFold,5,5,65428,No railings,No railings,True
attr_has_pedestrian_railing,attr_has_pedestrian_railing,data/processed/train/attr_has_pedestrian_railing_train.csv,data/features/dinov3_vitb16_remaining_attributes_assets.csv,classification,dinov3_frozen_embeddings_random_forest,random_forest,StratifiedGroupKFold,5,5,81889,No railings,No railings,True
attr_has_pedestrian_railing,attr_has_pedestrian_railing,data/processed/train/attr_has_pedestrian_railing_train.csv,data/features/dinov3_vitb16_remaining_attributes_assets.csv,classification,dinov3_frozen_embeddings_random_forest,random_forest,StratifiedGroupKFold,5,5,83458,No railings,No railings,True
attr_has_pedestrian_railing,attr_has_pedestrian_railing,data/processed/train/attr_has_pedestrian_railing_train.csv,data/features/dinov3_vitb16_remaining_attributes_assets.csv,classification,dinov3_frozen_embeddings_random_forest,random_forest,StratifiedGroupKFold,5,5,83914,No railings,No railings,True
attr_has_pedestrian_railing,attr_has_pedestrian_railing,data/processed/train/attr_has_pedestrian_railing_train.csv,data/features/dinov3_vitb16_remaining_attributes_assets.csv,classification,dinov3_frozen_embeddings_random_forest,random_forest,StratifiedGroupKFold,5,5,83944,No railings,No railings,True
attr_has_pedestrian_railing,attr_has_pedestrian_railing,data/processed/train/attr_has_pedestrian_railing_train.csv,data/features/dinov3_vitb16_remaining_attributes_assets.csv,classification,dinov3_frozen_embeddings_random_forest,random_forest,StratifiedGroupKFold,5,5,83950,No railings,No railings,True
attr_has_pedestrian_railing,attr_has_pedestrian_railing,data/processed/train/attr_has_pedestrian_railing_train.csv,data/features/dinov3_vitb16_remaining_attributes_assets.csv,classification,dinov3_frozen_embeddings_random_forest,random_forest,StratifiedGroupKFold,5,5,84102,No railings,No railings,True
attr_has_pedestrian_railing,attr_has_pedestrian_railing,data/processed/train/attr_has_pedestrian_railing_train.csv,data/features/dinov3_vitb16_remaining_attributes_assets.csv,classification,dinov3_frozen_embeddings_random_forest,random_forest,StratifiedGroupKFold,5,5,84105,No railings,No railings,True
attr_has_pedestrian_railing,attr_has_pedestrian_railing,data/processed/train/attr_has_pedestrian_railing_train.csv,data/features/dinov3_vitb16_remaining_attributes_assets.csv,classification,dinov3_frozen_embeddings_random_forest,random_forest,StratifiedGroupKFold,5,5,84843,No railings,No railings,True
attr_has_pedestrian_railing,attr_has_pedestrian_railing,data/processed/train/attr_has_pedestrian_railing_train.csv,data/features/dinov3_vitb16_remaining_attributes_assets.csv,classification,dinov3_frozen_embeddings_random_forest,random_forest,StratifiedGroupKFold,5,5,84849,No railings,No railings,True
attr_has_pedestrian_railing,attr_has_pedestrian_railing,data/processed/train/attr_has_pedestrian_railing_train.csv,data/features/dinov3_vitb16_remaining_attributes_assets.csv,classification,dinov3_frozen_embeddings_random_forest,random_forest,StratifiedGroupKFold,5,5,84862,No railings,No railings,True
attr_has_pedestrian_railing,attr_has_pedestrian_railing,data/processed/train/attr_has_pedestrian_railing_train.csv,data/features/dinov3_vitb16_remaining_attributes_assets.csv,classification,dinov3_frozen_embeddings_random_forest,random_forest,StratifiedGroupKFold,5,5,85482,No railings,No railings,True
attr_has_pedestrian_railing,attr_has_pedestrian_railing,data/processed/train/attr_has_pedestrian_railing_train.csv,data/features/dinov3_vitb16_remaining_attributes_assets.csv,classification,dinov3_frozen_embeddings_random_forest,random_forest,StratifiedGroupKFold,5,5,85490,No railings,No railings,True
attr_has_pedestrian_railing,attr_has_pedestrian_railing,data/processed/train/attr_has_pedestrian_railing_train.csv,data/features/dinov3_vitb16_remaining_attributes_assets.csv,classification,dinov3_frozen_embeddings_random_forest,random_forest,StratifiedGroupKFold,5,5,85497,No railings,No railings,True
attr_has_pedestrian_railing,attr_has_pedestrian_railing,data/processed/train/attr_has_pedestrian_railing_train.csv,data/features/dinov3_vitb16_remaining_attributes_assets.csv,classification,dinov3_frozen_embeddings_random_forest,random_forest,StratifiedGroupKFold,5,5,85525,No railings,No railings,True
attr_has_pedestrian_railing,attr_has_pedestrian_railing,data/processed/train/attr_has_pedestrian_railing_train.csv,data/features/dinov3_vitb16_remaining_attributes_assets.csv,classification,dinov3_frozen_embeddings_random_forest,random_forest,StratifiedGroupKFold,5,5,86014,No railings,No railings,True
attr_has_pedestrian_railing,attr_has_pedestrian_railing,data/processed/train/attr_has_pedestrian_railing_train.csv,data/features/dinov3_vitb16_remaining_attributes_assets.csv,classification,dinov3_frozen_embeddings_random_forest,random_forest,StratifiedGroupKFold,5,5,86034,No railings,No railings,True
attr_has_pedestrian_railing,attr_has_pedestrian_railing,data/processed/train/attr_has_pedestrian_railing_train.csv,data/features/dinov3_vitb16_remaining_attributes_assets.csv,classification,dinov3_frozen_embeddings_random_forest,random_forest,StratifiedGroupKFold,5,5,86030,No railings,No railings,True
attr_has_pedestrian_railing,attr_has_pedestrian_railing,data/processed/train/attr_has_pedestrian_railing_train.csv,data/features/dinov3_vitb16_remaining_attributes_assets.csv,classification,dinov3_frozen_embeddings_random_forest,random_forest,StratifiedGroupKFold,5,5,86104,No railings,No railings,True
attr_has_pedestrian_railing,attr_has_pedestrian_railing,data/processed/train/attr_has_pedestrian_railing_train.csv,data/features/dinov3_vitb16_remaining_attributes_assets.csv,classification,dinov3_frozen_embeddings_random_forest,random_forest,StratifiedGroupKFold,5,5,86117,No railings,No railings,True
attr_has_pedestrian_railing,attr_has_pedestrian_railing,data/processed/train/attr_has_pedestrian_railing_train.csv,data/features/dinov3_vitb16_remaining_attributes_assets.csv,classification,dinov3_frozen_embeddings_random_forest,random_forest,StratifiedGroupKFold,5,5,86125,No railings,No railings,True
attr_has_pedestrian_railing,attr_has_pedestrian_railing,data/processed/train/attr_has_pedestrian_railing_train.csv,data/features/dinov3_vitb16_remaining_attributes_assets.csv,classification,dinov3_frozen_embeddings_random_forest,random_forest,StratifiedGroupKFold,5,5,86123,No railings,No railings,True
attr_has_pedestrian_railing,attr_has_pedestrian_railing,data/processed/train/attr_has_pedestrian_railing_train.csv,data/features/dinov3_vitb16_remaining_attributes_assets.csv,classification,dinov3_frozen_embeddings_random_forest,random_forest,StratifiedGroupKFold,5,5,86132,No railings,No railings,True
attr_has_pedestrian_railing,attr_has_pedestrian_railing,data/processed/train/attr_has_pedestrian_railing_train.csv,data/features/dinov3_vitb16_remaining_attributes_assets.csv,classification,dinov3_frozen_embeddings_random_forest,random_forest,StratifiedGroupKFold,5,5,86138,No railings,No railings,True
attr_has_pedestrian_railing,attr_has_pedestrian_railing,data/processed/train/attr_has_pedestrian_railing_train.csv,data/features/dinov3_vitb16_remaining_attributes_assets.csv,classification,dinov3_frozen_embeddings_random_forest,random_forest,StratifiedGroupKFold,5,5,86140,No railings,No railings,True
attr_has_pedestrian_railing,attr_has_pedestrian_railing,data/processed/train/attr_has_pedestrian_railing_train.csv,data/features/dinov3_vitb16_remaining_attributes_assets.csv,classification,dinov3_frozen_embeddings_random_forest,random_forest,StratifiedGroupKFold,5,5,86152,No railings,No railings,True
attr_has_pedestrian_railing,attr_has_pedestrian_railing,data/processed/train/attr_has_pedestrian_railing_train.csv,data/features/dinov3_vitb16_remaining_attributes_assets.csv,classification,dinov3_frozen_embeddings_random_forest,random_forest,StratifiedGroupKFold,5,5,86151,No railings,No railings,True
attr_has_pedestrian_railing,attr_has_pedestrian_railing,data/processed/train/attr_has_pedestrian_railing_train.csv,data/features/dinov3_vitb16_remaining_attributes_assets.csv,classification,dinov3_frozen_embeddings_random_forest,random_forest,StratifiedGroupKFold,5,5,86154,No railings,No railings,True
attr_has_pedestrian_railing,attr_has_pedestrian_railing,data/processed/train/attr_has_pedestrian_railing_train.csv,data/features/dinov3_vitb16_remaining_attributes_assets.csv,classification,dinov3_frozen_embeddings_random_forest,random_forest,StratifiedGroupKFold,5,5,86168,No railings,No railings,True
attr_has_pedestrian_railing,attr_has_pedestrian_railing,data/processed/train/attr_has_pedestrian_railing_train.csv,data/features/dinov3_vitb16_remaining_attributes_assets.csv,classification,dinov3_frozen_embeddings_random_forest,random_forest,StratifiedGroupKFold,5,5,86172,No railings,No railings,True
attr_has_pedestrian_railing,attr_has_pedestrian_railing,data/processed/train/attr_has_pedestrian_railing_train.csv,data/features/dinov3_vitb16_remaining_attributes_assets.csv,classification,dinov3_frozen_embeddings_random_forest,random_forest,StratifiedGroupKFold,5,5,86183,No railings,No railings,True
attr_has_pedestrian_railing,attr_has_pedestrian_railing,data/processed/train/attr_has_pedestrian_railing_train.csv,data/features/dinov3_vitb16_remaining_attributes_assets.csv,classification,dinov3_frozen_embeddings_random_forest,random_forest,StratifiedGroupKFold,5,5,86185,No railings,No railings,True
attr_has_pedestrian_railing,attr_has_pedestrian_railing,data/processed/train/attr_has_pedestrian_railing_train.csv,data/features/dinov3_vitb16_remaining_attributes_assets.csv,classification,dinov3_frozen_embeddings_random_forest,random_forest,StratifiedGroupKFold,5,5,86212,No railings,No railings,True
attr_has_pedestrian_railing,attr_has_pedestrian_railing,data/processed/train/attr_has_pedestrian_railing_train.csv,data/features/dinov3_vitb16_remaining_attributes_assets.csv,classification,dinov3_frozen_embeddings_random_forest,random_forest,StratifiedGroupKFold,5,5,86214,No railings,No railings,True
attr_has_pedestrian_railing,attr_has_pedestrian_railing,data/processed/train/attr_has_pedestrian_railing_train.csv,data/features/dinov3_vitb16_remaining_attributes_assets.csv,classification,dinov3_frozen_embeddings_random_forest,random_forest,StratifiedGroupKFold,5,5,86217,No railings,No railings,True
attr_has_pedestrian_railing,attr_has_pedestrian_railing,data/processed/train/attr_has_pedestrian_railing_train.csv,data/features/dinov3_vitb16_remaining_attributes_assets.csv,classification,dinov3_frozen_embeddings_random_forest,random_forest,StratifiedGroupKFold,5,5,86227,No railings,No railings,True
attr_has_pedestrian_railing,attr_has_pedestrian_railing,data/processed/train/attr_has_pedestrian_railing_train.csv,data/features/dinov3_vitb16_remaining_attributes_assets.csv,classification,dinov3_frozen_embeddings_random_forest,random_forest,StratifiedGroupKFold,5,5,86225,No railings,No railings,True
attr_has_pedestrian_railing,attr_has_pedestrian_railing,data/processed/train/attr_has_pedestrian_railing_train.csv,data/features/dinov3_vitb16_remaining_attributes_assets.csv,classification,dinov3_frozen_embeddings_random_forest,random_forest,StratifiedGroupKFold,5,5,86230,No railings,No railings,True
attr_has_pedestrian_railing,attr_has_pedestrian_railing,data/processed/train/attr_has_pedestrian_railing_train.csv,data/features/dinov3_vitb16_remaining_attributes_assets.csv,classification,dinov3_frozen_embeddings_random_forest,random_forest,StratifiedGroupKFold,5,5,86241,No railings,No railings,True
attr_has_pedestrian_railing,attr_has_pedestrian_railing,data/processed/train/attr_has_pedestrian_railing_train.csv,data/features/dinov3_vitb16_remaining_attributes_assets.csv,classification,dinov3_frozen_embeddings_random_forest,random_forest,StratifiedGroupKFold,5,5,86355,No railings,No railings,True
attr_has_pedestrian_railing,attr_has_pedestrian_railing,data/processed/train/attr_has_pedestrian_railing_train.csv,data/features/dinov3_vitb16_remaining_attributes_assets.csv,classification,dinov3_frozen_embeddings_random_forest,random_forest,StratifiedGroupKFold,5,5,86877,No railings,No railings,True
attr_has_pedestrian_railing,attr_has_pedestrian_railing,data/processed/train/attr_has_pedestrian_railing_train.csv,data/features/dinov3_vitb16_remaining_attributes_assets.csv,classification,dinov3_frozen_embeddings_random_forest,random_forest,StratifiedGroupKFold,5,5,86895,No railings,No railings,True
attr_has_pedestrian_railing,attr_has_pedestrian_railing,data/processed/train/attr_has_pedestrian_railing_train.csv,data/features/dinov3_vitb16_remaining_attributes_assets.csv,classification,dinov3_frozen_embeddings_random_forest,random_forest,StratifiedGroupKFold,5,5,86908,No railings,No railings,True
attr_has_pedestrian_railing,attr_has_pedestrian_railing,data/processed/train/attr_has_pedestrian_railing_train.csv,data/features/dinov3_vitb16_remaining_attributes_assets.csv,classification,dinov3_frozen_embeddings_random_forest,random_forest,StratifiedGroupKFold,5,5,86900,No railings,No railings,True
attr_has_pedestrian_railing,attr_has_pedestrian_railing,data/processed/train/attr_has_pedestrian_railing_train.csv,data/features/dinov3_vitb16_remaining_attributes_assets.csv,classification,dinov3_frozen_embeddings_random_forest,random_forest,StratifiedGroupKFold,5,5,86921,No railings,No railings,True
attr_has_pedestrian_railing,attr_has_pedestrian_railing,data/processed/train/attr_has_pedestrian_railing_train.csv,data/features/dinov3_vitb16_remaining_attributes_assets.csv,classification,dinov3_frozen_embeddings_random_forest,random_forest,StratifiedGroupKFold,5,5,87537,No railings,No railings,True
attr_has_pedestrian_railing,attr_has_pedestrian_railing,data/processed/train/attr_has_pedestrian_railing_train.csv,data/features/dinov3_vitb16_remaining_attributes_assets.csv,classification,dinov3_frozen_embeddings_random_forest,random_forest,StratifiedGroupKFold,5,5,87554,No railings,No railings,True
attr_has_pedestrian_railing,attr_has_pedestrian_railing,data/processed/train/attr_has_pedestrian_railing_train.csv,data/features/dinov3_vitb16_remaining_attributes_assets.csv,classification,dinov3_frozen_embeddings_random_forest,random_forest,StratifiedGroupKFold,5,5,87845,No railings,No railings,True
attr_has_pedestrian_railing,attr_has_pedestrian_railing,data/processed/train/attr_has_pedestrian_railing_train.csv,data/features/dinov3_vitb16_remaining_attributes_assets.csv,classification,dinov3_frozen_embeddings_random_forest,random_forest,StratifiedGroupKFold,5,5,87992,No railings,No railings,True
attr_has_pedestrian_railing,attr_has_pedestrian_railing,data/processed/train/attr_has_pedestrian_railing_train.csv,data/features/dinov3_vitb16_remaining_attributes_assets.csv,classification,dinov3_frozen_embeddings_random_forest,random_forest,StratifiedGroupKFold,5,5,88096,No railings,No railings,True
attr_has_pedestrian_railing,attr_has_pedestrian_railing,data/processed/train/attr_has_pedestrian_railing_train.csv,data/features/dinov3_vitb16_remaining_attributes_assets.csv,classification,dinov3_frozen_embeddings_random_forest,random_forest,StratifiedGroupKFold,5,5,89581,No railings,No railings,True
attr_has_pedestrian_railing,attr_has_pedestrian_railing,data/processed/train/attr_has_pedestrian_railing_train.csv,data/features/dinov3_vitb16_remaining_attributes_assets.csv,classification,dinov3_frozen_embeddings_random_forest,random_forest,StratifiedGroupKFold,5,5,89593,No railings,No railings,True
attr_has_pedestrian_railing,attr_has_pedestrian_railing,data/processed/train/attr_has_pedestrian_railing_train.csv,data/features/dinov3_vitb16_remaining_attributes_assets.csv,classification,dinov3_frozen_embeddings_random_forest,random_forest,StratifiedGroupKFold,5,5,89710,No railings,No railings,True
attr_has_pedestrian_railing,attr_has_pedestrian_railing,data/processed/train/attr_has_pedestrian_railing_train.csv,data/features/dinov3_vitb16_remaining_attributes_assets.csv,classification,dinov3_frozen_embeddings_random_forest,random_forest,StratifiedGroupKFold,5,5,89728,No railings,No railings,True
attr_has_pedestrian_railing,attr_has_pedestrian_railing,data/processed/train/attr_has_pedestrian_railing_train.csv,data/features/dinov3_vitb16_remaining_attributes_assets.csv,classification,dinov3_frozen_embeddings_random_forest,random_forest,StratifiedGroupKFold,5,5,89734,No railings,No railings,True
attr_has_pedestrian_railing,attr_has_pedestrian_railing,data/processed/train/attr_has_pedestrian_railing_train.csv,data/features/dinov3_vitb16_remaining_attributes_assets.csv,classification,dinov3_frozen_embeddings_random_forest,random_forest,StratifiedGroupKFold,5,5,89762,No railings,No railings,True
attr_has_pedestrian_railing,attr_has_pedestrian_railing,data/processed/train/attr_has_pedestrian_railing_train.csv,data/features/dinov3_vitb16_remaining_attributes_assets.csv,classification,dinov3_frozen_embeddings_random_forest,random_forest,StratifiedGroupKFold,5,5,90322,No railings,No railings,True
attr_has_pedestrian_railing,attr_has_pedestrian_railing,data/processed/train/attr_has_pedestrian_railing_train.csv,data/features/dinov3_vitb16_remaining_attributes_assets.csv,classification,dinov3_frozen_embeddings_random_forest,random_forest,StratifiedGroupKFold,5,5,90327,No railings,No railings,True
attr_has_pedestrian_railing,attr_has_pedestrian_railing,data/processed/train/attr_has_pedestrian_railing_train.csv,data/features/dinov3_vitb16_remaining_attributes_assets.csv,classification,dinov3_frozen_embeddings_random_forest,random_forest,StratifiedGroupKFold,5,5,90338,No railings,No railings,True
attr_has_pedestrian_railing,attr_has_pedestrian_railing,data/processed/train/attr_has_pedestrian_railing_train.csv,data/features/dinov3_vitb16_remaining_attributes_assets.csv,classification,dinov3_frozen_embeddings_random_forest,random_forest,StratifiedGroupKFold,5,5,90351,No railings,No railings,True
attr_has_pedestrian_railing,attr_has_pedestrian_railing,data/processed/train/attr_has_pedestrian_railing_train.csv,data/features/dinov3_vitb16_remaining_attributes_assets.csv,classification,dinov3_frozen_embeddings_random_forest,random_forest,StratifiedGroupKFold,5,5,90359,No railings,No railings,True
attr_has_pedestrian_railing,attr_has_pedestrian_railing,data/processed/train/attr_has_pedestrian_railing_train.csv,data/features/dinov3_vitb16_remaining_attributes_assets.csv,classification,dinov3_frozen_embeddings_random_forest,random_forest,StratifiedGroupKFold,5,5,90363,No railings,No railings,True
attr_has_pedestrian_railing,attr_has_pedestrian_railing,data/processed/train/attr_has_pedestrian_railing_train.csv,data/features/dinov3_vitb16_remaining_attributes_assets.csv,classification,dinov3_frozen_embeddings_random_forest,random_forest,StratifiedGroupKFold,5,5,90365,No railings,No railings,True
attr_has_pedestrian_railing,attr_has_pedestrian_railing,data/processed/train/attr_has_pedestrian_railing_train.csv,data/features/dinov3_vitb16_remaining_attributes_assets.csv,classification,dinov3_frozen_embeddings_random_forest,random_forest,StratifiedGroupKFold,5,5,90370,No railings,No railings,True
attr_has_pedestrian_railing,attr_has_pedestrian_railing,data/processed/train/attr_has_pedestrian_railing_train.csv,data/features/dinov3_vitb16_remaining_attributes_assets.csv,classification,dinov3_frozen_embeddings_random_forest,random_forest,StratifiedGroupKFold,5,5,90371,No railings,No railings,True
attr_has_pedestrian_railing,attr_has_pedestrian_railing,data/processed/train/attr_has_pedestrian_railing_train.csv,data/features/dinov3_vitb16_remaining_attributes_assets.csv,classification,dinov3_frozen_embeddings_random_forest,random_forest,StratifiedGroupKFold,5,5,90372,No railings,No railings,True
attr_has_pedestrian_railing,attr_has_pedestrian_railing,data/processed/train/attr_has_pedestrian_railing_train.csv,data/features/dinov3_vitb16_remaining_attributes_assets.csv,classification,dinov3_frozen_embeddings_random_forest,random_forest,StratifiedGroupKFold,5,5,90379,No railings,No railings,True
attr_has_pedestrian_railing,attr_has_pedestrian_railing,data/processed/train/attr_has_pedestrian_railing_train.csv,data/features/dinov3_vitb16_remaining_attributes_assets.csv,classification,dinov3_frozen_embeddings_random_forest,random_forest,StratifiedGroupKFold,5,5,90383,No railings,No railings,True
attr_has_pedestrian_railing,attr_has_pedestrian_railing,data/processed/train/attr_has_pedestrian_railing_train.csv,data/features/dinov3_vitb16_remaining_attributes_assets.csv,classification,dinov3_frozen_embeddings_random_forest,random_forest,StratifiedGroupKFold,5,5,90394,No railings,No railings,True
attr_has_pedestrian_railing,attr_has_pedestrian_railing,data/processed/train/attr_has_pedestrian_railing_train.csv,data/features/dinov3_vitb16_remaining_attributes_assets.csv,classification,dinov3_frozen_embeddings_random_forest,random_forest,StratifiedGroupKFold,5,5,90397,No railings,No railings,True
attr_has_pedestrian_railing,attr_has_pedestrian_railing,data/processed/train/attr_has_pedestrian_railing_train.csv,data/features/dinov3_vitb16_remaining_attributes_assets.csv,classification,dinov3_frozen_embeddings_random_forest,random_forest,StratifiedGroupKFold,5,5,90488,No railings,No railings,True
attr_has_pedestrian_railing,attr_has_pedestrian_railing,data/processed/train/attr_has_pedestrian_railing_train.csv,data/features/dinov3_vitb16_remaining_attributes_assets.csv,classification,dinov3_frozen_embeddings_random_forest,random_forest,StratifiedGroupKFold,5,5,90502,No railings,No railings,True
attr_has_pedestrian_railing,attr_has_pedestrian_railing,data/processed/train/attr_has_pedestrian_railing_train.csv,data/features/dinov3_vitb16_remaining_attributes_assets.csv,classification,dinov3_frozen_embeddings_random_forest,random_forest,StratifiedGroupKFold,5,5,90504,No railings,No railings,True
attr_has_pedestrian_railing,attr_has_pedestrian_railing,data/processed/train/attr_has_pedestrian_railing_train.csv,data/features/dinov3_vitb16_remaining_attributes_assets.csv,classification,dinov3_frozen_embeddings_random_forest,random_forest,StratifiedGroupKFold,5,5,90508,No railings,No railings,True
attr_has_pedestrian_railing,attr_has_pedestrian_railing,data/processed/train/attr_has_pedestrian_railing_train.csv,data/features/dinov3_vitb16_remaining_attributes_assets.csv,classification,dinov3_frozen_embeddings_random_forest,random_forest,StratifiedGroupKFold,5,5,90510,No railings,No railings,True
attr_has_pedestrian_railing,attr_has_pedestrian_railing,data/processed/train/attr_has_pedestrian_railing_train.csv,data/features/dinov3_vitb16_remaining_attributes_assets.csv,classification,dinov3_frozen_embeddings_random_forest,random_forest,StratifiedGroupKFold,5,5,90679,No railings,No railings,True
attr_has_pedestrian_railing,attr_has_pedestrian_railing,data/processed/train/attr_has_pedestrian_railing_train.csv,data/features/dinov3_vitb16_remaining_attributes_assets.csv,classification,dinov3_frozen_embeddings_random_forest,random_forest,StratifiedGroupKFold,5,5,90974,No railings,No railings,True
attr_has_pedestrian_railing,attr_has_pedestrian_railing,data/processed/train/attr_has_pedestrian_railing_train.csv,data/features/dinov3_vitb16_remaining_attributes_assets.csv,classification,dinov3_frozen_embeddings_random_forest,random_forest,StratifiedGroupKFold,5,5,91578,No railings,No railings,True
attr_has_pedestrian_railing,attr_has_pedestrian_railing,data/processed/train/attr_has_pedestrian_railing_train.csv,data/features/dinov3_vitb16_remaining_attributes_assets.csv,classification,dinov3_frozen_embeddings_random_forest,random_forest,StratifiedGroupKFold,5,5,91946,No railings,No railings,True
attr_has_pedestrian_railing,attr_has_pedestrian_railing,data/processed/train/attr_has_pedestrian_railing_train.csv,data/features/dinov3_vitb16_remaining_attributes_assets.csv,classification,dinov3_frozen_embeddings_random_forest,random_forest,StratifiedGroupKFold,5,5,92004,No railings,No railings,True
attr_has_pedestrian_railing,attr_has_pedestrian_railing,data/processed/train/attr_has_pedestrian_railing_train.csv,data/features/dinov3_vitb16_remaining_attributes_assets.csv,classification,dinov3_frozen_embeddings_random_forest,random_forest,StratifiedGroupKFold,5,5,92023,No railings,No railings,True
attr_has_pedestrian_railing,attr_has_pedestrian_railing,data/processed/train/attr_has_pedestrian_railing_train.csv,data/features/dinov3_vitb16_remaining_attributes_assets.csv,classification,dinov3_frozen_embeddings_random_forest,random_forest,StratifiedGroupKFold,5,5,92029,No railings,No railings,True
attr_has_pedestrian_railing,attr_has_pedestrian_railing,data/processed/train/attr_has_pedestrian_railing_train.csv,data/features/dinov3_vitb16_remaining_attributes_assets.csv,classification,dinov3_frozen_embeddings_random_forest,random_forest,StratifiedGroupKFold,5,5,92037,No railings,No railings,True
attr_has_pedestrian_railing,attr_has_pedestrian_railing,data/processed/train/attr_has_pedestrian_railing_train.csv,data/features/dinov3_vitb16_remaining_attributes_assets.csv,classification,dinov3_frozen_embeddings_random_forest,random_forest,StratifiedGroupKFold,5,5,92083,No railings,No railings,True
attr_has_pedestrian_railing,attr_has_pedestrian_railing,data/processed/train/attr_has_pedestrian_railing_train.csv,data/features/dinov3_vitb16_remaining_attributes_assets.csv,classification,dinov3_frozen_embeddings_random_forest,random_forest,StratifiedGroupKFold,5,5,92087,No railings,No railings,True
attr_has_pedestrian_railing,attr_has_pedestrian_railing,data/processed/train/attr_has_pedestrian_railing_train.csv,data/features/dinov3_vitb16_remaining_attributes_assets.csv,classification,dinov3_frozen_embeddings_random_forest,random_forest,StratifiedGroupKFold,5,5,92091,No railings,No railings,True
attr_has_pedestrian_railing,attr_has_pedestrian_railing,data/processed/train/attr_has_pedestrian_railing_train.csv,data/features/dinov3_vitb16_remaining_attributes_assets.csv,classification,dinov3_frozen_embeddings_random_forest,random_forest,StratifiedGroupKFold,5,5,93028,No railings,No railings,True
attr_has_pedestrian_railing,attr_has_pedestrian_railing,data/processed/train/attr_has_pedestrian_railing_train.csv,data/features/dinov3_vitb16_remaining_attributes_assets.csv,classification,dinov3_frozen_embeddings_random_forest,random_forest,StratifiedGroupKFold,5,5,93030,No railings,No railings,True
attr_has_pedestrian_railing,attr_has_pedestrian_railing,data/processed/train/attr_has_pedestrian_railing_train.csv,data/features/dinov3_vitb16_remaining_attributes_assets.csv,classification,dinov3_frozen_embeddings_random_forest,random_forest,StratifiedGroupKFold,5,5,94270,No railings,No railings,True
attr_has_pedestrian_railing,attr_has_pedestrian_railing,data/processed/train/attr_has_pedestrian_railing_train.csv,data/features/dinov3_vitb16_remaining_attributes_assets.csv,classification,dinov3_frozen_embeddings_random_forest,random_forest,StratifiedGroupKFold,5,5,94276,No railings,No railings,True
attr_has_pedestrian_railing,attr_has_pedestrian_railing,data/processed/train/attr_has_pedestrian_railing_train.csv,data/features/dinov3_vitb16_remaining_attributes_assets.csv,classification,dinov3_frozen_embeddings_random_forest,random_forest,StratifiedGroupKFold,5,5,94278,No railings,No railings,True
attr_has_pedestrian_railing,attr_has_pedestrian_railing,data/processed/train/attr_has_pedestrian_railing_train.csv,data/features/dinov3_vitb16_remaining_attributes_assets.csv,classification,dinov3_frozen_embeddings_random_forest,random_forest,StratifiedGroupKFold,5,5,94286,No railings,No railings,True
attr_has_pedestrian_railing,attr_has_pedestrian_railing,data/processed/train/attr_has_pedestrian_railing_train.csv,data/features/dinov3_vitb16_remaining_attributes_assets.csv,classification,dinov3_frozen_embeddings_random_forest,random_forest,StratifiedGroupKFold,5,5,94288,No railings,No railings,True
attr_has_pedestrian_railing,attr_has_pedestrian_railing,data/processed/train/attr_has_pedestrian_railing_train.csv,data/features/dinov3_vitb16_remaining_attributes_assets.csv,classification,dinov3_frozen_embeddings_random_forest,random_forest,StratifiedGroupKFold,5,5,94306,No railings,No railings,True
attr_has_pedestrian_railing,attr_has_pedestrian_railing,data/processed/train/attr_has_pedestrian_railing_train.csv,data/features/dinov3_vitb16_remaining_attributes_assets.csv,classification,dinov3_frozen_embeddings_random_forest,random_forest,StratifiedGroupKFold,5,5,94312,No railings,No railings,True
attr_has_pedestrian_railing,attr_has_pedestrian_railing,data/processed/train/attr_has_pedestrian_railing_train.csv,data/features/dinov3_vitb16_remaining_attributes_assets.csv,classification,dinov3_frozen_embeddings_random_forest,random_forest,StratifiedGroupKFold,5,5,94336,No railings,No railings,True
attr_has_pedestrian_railing,attr_has_pedestrian_railing,data/processed/train/attr_has_pedestrian_railing_train.csv,data/features/dinov3_vitb16_remaining_attributes_assets.csv,classification,dinov3_frozen_embeddings_random_forest,random_forest,StratifiedGroupKFold,5,5,94371,No railings,No railings,True
attr_has_pedestrian_railing,attr_has_pedestrian_railing,data/processed/train/attr_has_pedestrian_railing_train.csv,data/features/dinov3_vitb16_remaining_attributes_assets.csv,classification,dinov3_frozen_embeddings_random_forest,random_forest,StratifiedGroupKFold,5,5,94372,No railings,No railings,True
attr_has_pedestrian_railing,attr_has_pedestrian_railing,data/processed/train/attr_has_pedestrian_railing_train.csv,data/features/dinov3_vitb16_remaining_attributes_assets.csv,classification,dinov3_frozen_embeddings_random_forest,random_forest,StratifiedGroupKFold,5,5,94377,No railings,No railings,True
attr_has_pedestrian_railing,attr_has_pedestrian_railing,data/processed/train/attr_has_pedestrian_railing_train.csv,data/features/dinov3_vitb16_remaining_attributes_assets.csv,classification,dinov3_frozen_embeddings_random_forest,random_forest,StratifiedGroupKFold,5,5,94378,No railings,No railings,True
attr_has_pedestrian_railing,attr_has_pedestrian_railing,data/processed/train/attr_has_pedestrian_railing_train.csv,data/features/dinov3_vitb16_remaining_attributes_assets.csv,classification,dinov3_frozen_embeddings_random_forest,random_forest,StratifiedGroupKFold,5,5,94387,No railings,No railings,True
attr_has_pedestrian_railing,attr_has_pedestrian_railing,data/processed/train/attr_has_pedestrian_railing_train.csv,data/features/dinov3_vitb16_remaining_attributes_assets.csv,classification,dinov3_frozen_embeddings_random_forest,random_forest,StratifiedGroupKFold,5,5,94391,No railings,No railings,True
attr_has_pedestrian_railing,attr_has_pedestrian_railing,data/processed/train/attr_has_pedestrian_railing_train.csv,data/features/dinov3_vitb16_remaining_attributes_assets.csv,classification,dinov3_frozen_embeddings_random_forest,random_forest,StratifiedGroupKFold,5,5,94392,No railings,No railings,True
attr_has_pedestrian_railing,attr_has_pedestrian_railing,data/processed/train/attr_has_pedestrian_railing_train.csv,data/features/dinov3_vitb16_remaining_attributes_assets.csv,classification,dinov3_frozen_embeddings_random_forest,random_forest,StratifiedGroupKFold,5,5,94405,No railings,No railings,True
attr_has_pedestrian_railing,attr_has_pedestrian_railing,data/processed/train/attr_has_pedestrian_railing_train.csv,data/features/dinov3_vitb16_remaining_attributes_assets.csv,classification,dinov3_frozen_embeddings_random_forest,random_forest,StratifiedGroupKFold,5,5,94411,No railings,No railings,True
attr_has_pedestrian_railing,attr_has_pedestrian_railing,data/processed/train/attr_has_pedestrian_railing_train.csv,data/features/dinov3_vitb16_remaining_attributes_assets.csv,classification,dinov3_frozen_embeddings_random_forest,random_forest,StratifiedGroupKFold,5,5,94412,No railings,No railings,True
attr_has_pedestrian_railing,attr_has_pedestrian_railing,data/processed/train/attr_has_pedestrian_railing_train.csv,data/features/dinov3_vitb16_remaining_attributes_assets.csv,classification,dinov3_frozen_embeddings_random_forest,random_forest,StratifiedGroupKFold,5,5,94780,No railings,No railings,True
attr_has_pedestrian_railing,attr_has_pedestrian_railing,data/processed/train/attr_has_pedestrian_railing_train.csv,data/features/dinov3_vitb16_remaining_attributes_assets.csv,classification,dinov3_frozen_embeddings_random_forest,random_forest,StratifiedGroupKFold,5,5,96809,No railings,No railings,True
attr_has_pedestrian_railing,attr_has_pedestrian_railing,data/processed/train/attr_has_pedestrian_railing_train.csv,data/features/dinov3_vitb16_remaining_attributes_assets.csv,classification,dinov3_frozen_embeddings_random_forest,random_forest,StratifiedGroupKFold,5,5,100346,No railings,No railings,True
attr_has_pedestrian_railing,attr_has_pedestrian_railing,data/processed/train/attr_has_pedestrian_railing_train.csv,data/features/dinov3_vitb16_remaining_attributes_assets.csv,classification,dinov3_frozen_embeddings_random_forest,random_forest,StratifiedGroupKFold,5,5,102443,No railings,No railings,True
attr_has_pedestrian_railing,attr_has_pedestrian_railing,data/processed/train/attr_has_pedestrian_railing_train.csv,data/features/dinov3_vitb16_remaining_attributes_assets.csv,classification,dinov3_frozen_embeddings_random_forest,random_forest,StratifiedGroupKFold,5,5,102444,No railings,No railings,True
attr_has_pedestrian_railing,attr_has_pedestrian_railing,data/processed/train/attr_has_pedestrian_railing_train.csv,data/features/dinov3_vitb16_remaining_attributes_assets.csv,classification,dinov3_frozen_embeddings_random_forest,random_forest,StratifiedGroupKFold,5,5,102978,No railings,No railings,True
attr_has_pedestrian_railing,attr_has_pedestrian_railing,data/processed/train/attr_has_pedestrian_railing_train.csv,data/features/dinov3_vitb16_remaining_attributes_assets.csv,classification,dinov3_frozen_embeddings_random_forest,random_forest,StratifiedGroupKFold,5,5,103624,No railings,No railings,True
attr_has_pedestrian_railing,attr_has_pedestrian_railing,data/processed/train/attr_has_pedestrian_railing_train.csv,data/features/dinov3_vitb16_remaining_attributes_assets.csv,classification,dinov3_frozen_embeddings_random_forest,random_forest,StratifiedGroupKFold,5,5,103726,No railings,No railings,True
attr_has_pedestrian_railing,attr_has_pedestrian_railing,data/processed/train/attr_has_pedestrian_railing_train.csv,data/features/dinov3_vitb16_remaining_attributes_assets.csv,classification,dinov3_frozen_embeddings_random_forest,random_forest,StratifiedGroupKFold,5,5,103743,No railings,No railings,True
attr_has_pedestrian_railing,attr_has_pedestrian_railing,data/processed/train/attr_has_pedestrian_railing_train.csv,data/features/dinov3_vitb16_remaining_attributes_assets.csv,classification,dinov3_frozen_embeddings_random_forest,random_forest,StratifiedGroupKFold,5,5,103924,No railings,No railings,True
attr_has_pedestrian_railing,attr_has_pedestrian_railing,data/processed/train/attr_has_pedestrian_railing_train.csv,data/features/dinov3_vitb16_remaining_attributes_assets.csv,classification,dinov3_frozen_embeddings_random_forest,random_forest,StratifiedGroupKFold,5,5,104070,No railings,No railings,True
attr_has_pedestrian_railing,attr_has_pedestrian_railing,data/processed/train/attr_has_pedestrian_railing_train.csv,data/features/dinov3_vitb16_remaining_attributes_assets.csv,classification,dinov3_frozen_embeddings_random_forest,random_forest,StratifiedGroupKFold,5,5,105268,No railings,No railings,True
attr_has_pedestrian_railing,attr_has_pedestrian_railing,data/processed/train/attr_has_pedestrian_railing_train.csv,data/features/dinov3_vitb16_remaining_attributes_assets.csv,classification,dinov3_frozen_embeddings_random_forest,random_forest,StratifiedGroupKFold,5,5,107053,No railings,No railings,True
attr_has_pedestrian_railing,attr_has_pedestrian_railing,data/processed/train/attr_has_pedestrian_railing_train.csv,data/features/dinov3_vitb16_remaining_attributes_assets.csv,classification,dinov3_frozen_embeddings_random_forest,random_forest,StratifiedGroupKFold,5,5,107054,No railings,No railings,True
attr_has_pedestrian_railing,attr_has_pedestrian_railing,data/processed/train/attr_has_pedestrian_railing_train.csv,data/features/dinov3_vitb16_remaining_attributes_assets.csv,classification,dinov3_frozen_embeddings_random_forest,random_forest,StratifiedGroupKFold,5,5,107062,No railings,No railings,True
attr_has_pedestrian_railing,attr_has_pedestrian_railing,data/processed/train/attr_has_pedestrian_railing_train.csv,data/features/dinov3_vitb16_remaining_attributes_assets.csv,classification,dinov3_frozen_embeddings_random_forest,random_forest,StratifiedGroupKFold,5,5,107140,No railings,No railings,True
attr_has_pedestrian_railing,attr_has_pedestrian_railing,data/processed/train/attr_has_pedestrian_railing_train.csv,data/features/dinov3_vitb16_remaining_attributes_assets.csv,classification,dinov3_frozen_embeddings_random_forest,random_forest,StratifiedGroupKFold,5,5,107317,No railings,No railings,True
attr_has_pedestrian_railing,attr_has_pedestrian_railing,data/processed/train/attr_has_pedestrian_railing_train.csv,data/features/dinov3_vitb16_remaining_attributes_assets.csv,classification,dinov3_frozen_embeddings_random_forest,random_forest,StratifiedGroupKFold,5,5,107330,No railings,No railings,True
attr_has_pedestrian_railing,attr_has_pedestrian_railing,data/processed/train/attr_has_pedestrian_railing_train.csv,data/features/dinov3_vitb16_remaining_attributes_assets.csv,classification,dinov3_frozen_embeddings_random_forest,random_forest,StratifiedGroupKFold,5,5,107332,No railings,No railings,True
attr_has_pedestrian_railing,attr_has_pedestrian_railing,data/processed/train/attr_has_pedestrian_railing_train.csv,data/features/dinov3_vitb16_remaining_attributes_assets.csv,classification,dinov3_frozen_embeddings_random_forest,random_forest,StratifiedGroupKFold,5,5,107335,No railings,No railings,True
attr_has_pedestrian_railing,attr_has_pedestrian_railing,data/processed/train/attr_has_pedestrian_railing_train.csv,data/features/dinov3_vitb16_remaining_attributes_assets.csv,classification,dinov3_frozen_embeddings_random_forest,random_forest,StratifiedGroupKFold,5,5,107345,No railings,No railings,True
attr_has_pedestrian_railing,attr_has_pedestrian_railing,data/processed/train/attr_has_pedestrian_railing_train.csv,data/features/dinov3_vitb16_remaining_attributes_assets.csv,classification,dinov3_frozen_embeddings_random_forest,random_forest,StratifiedGroupKFold,5,5,107346,No railings,No railings,True
attr_has_pedestrian_railing,attr_has_pedestrian_railing,data/processed/train/attr_has_pedestrian_railing_train.csv,data/features/dinov3_vitb16_remaining_attributes_assets.csv,classification,dinov3_frozen_embeddings_random_forest,random_forest,StratifiedGroupKFold,5,5,107357,No railings,No railings,True
attr_has_pedestrian_railing,attr_has_pedestrian_railing,data/processed/train/attr_has_pedestrian_railing_train.csv,data/features/dinov3_vitb16_remaining_attributes_assets.csv,classification,dinov3_frozen_embeddings_random_forest,random_forest,StratifiedGroupKFold,5,5,107880,No railings,No railings,True
attr_has_pedestrian_railing,attr_has_pedestrian_railing,data/processed/train/attr_has_pedestrian_railing_train.csv,data/features/dinov3_vitb16_remaining_attributes_assets.csv,classification,dinov3_frozen_embeddings_random_forest,random_forest,StratifiedGroupKFold,5,5,107909,No railings,No railings,True
attr_has_pedestrian_railing,attr_has_pedestrian_railing,data/processed/train/attr_has_pedestrian_railing_train.csv,data/features/dinov3_vitb16_remaining_attributes_assets.csv,classification,dinov3_frozen_embeddings_random_forest,random_forest,StratifiedGroupKFold,5,5,107951,No railings,No railings,True
attr_has_pedestrian_railing,attr_has_pedestrian_railing,data/processed/train/attr_has_pedestrian_railing_train.csv,data/features/dinov3_vitb16_remaining_attributes_assets.csv,classification,dinov3_frozen_embeddings_random_forest,random_forest,StratifiedGroupKFold,5,5,107991,No railings,No railings,True
attr_has_pedestrian_railing,attr_has_pedestrian_railing,data/processed/train/attr_has_pedestrian_railing_train.csv,data/features/dinov3_vitb16_remaining_attributes_assets.csv,classification,dinov3_frozen_embeddings_random_forest,random_forest,StratifiedGroupKFold,5,5,108023,No railings,No railings,True
attr_has_pedestrian_railing,attr_has_pedestrian_railing,data/processed/train/attr_has_pedestrian_railing_train.csv,data/features/dinov3_vitb16_remaining_attributes_assets.csv,classification,dinov3_frozen_embeddings_random_forest,random_forest,StratifiedGroupKFold,5,5,108296,No railings,No railings,True
attr_has_pedestrian_railing,attr_has_pedestrian_railing,data/processed/train/attr_has_pedestrian_railing_train.csv,data/features/dinov3_vitb16_remaining_attributes_assets.csv,classification,dinov3_frozen_embeddings_random_forest,random_forest,StratifiedGroupKFold,5,5,108318,No railings,No railings,True
attr_has_pedestrian_railing,attr_has_pedestrian_railing,data/processed/train/attr_has_pedestrian_railing_train.csv,data/features/dinov3_vitb16_remaining_attributes_assets.csv,classification,dinov3_frozen_embeddings_random_forest,random_forest,StratifiedGroupKFold,5,5,108349,No railings,No railings,True
attr_has_pedestrian_railing,attr_has_pedestrian_railing,data/processed/train/attr_has_pedestrian_railing_train.csv,data/features/dinov3_vitb16_remaining_attributes_assets.csv,classification,dinov3_frozen_embeddings_random_forest,random_forest,StratifiedGroupKFold,5,5,108355,No railings,No railings,True
attr_has_pedestrian_railing,attr_has_pedestrian_railing,data/processed/train/attr_has_pedestrian_railing_train.csv,data/features/dinov3_vitb16_remaining_attributes_assets.csv,classification,dinov3_frozen_embeddings_random_forest,random_forest,StratifiedGroupKFold,5,5,108655,No railings,No railings,True
attr_has_pedestrian_railing,attr_has_pedestrian_railing,data/processed/train/attr_has_pedestrian_railing_train.csv,data/features/dinov3_vitb16_remaining_attributes_assets.csv,classification,dinov3_frozen_embeddings_random_forest,random_forest,StratifiedGroupKFold,5,5,108660,No railings,No railings,True
attr_has_pedestrian_railing,attr_has_pedestrian_railing,data/processed/train/attr_has_pedestrian_railing_train.csv,data/features/dinov3_vitb16_remaining_attributes_assets.csv,classification,dinov3_frozen_embeddings_random_forest,random_forest,StratifiedGroupKFold,5,5,108711,No railings,No railings,True
attr_has_pedestrian_railing,attr_has_pedestrian_railing,data/processed/train/attr_has_pedestrian_railing_train.csv,data/features/dinov3_vitb16_remaining_attributes_assets.csv,classification,dinov3_frozen_embeddings_random_forest,random_forest,StratifiedGroupKFold,5,5,108715,No railings,No railings,True
attr_has_pedestrian_railing,attr_has_pedestrian_railing,data/processed/train/attr_has_pedestrian_railing_train.csv,data/features/dinov3_vitb16_remaining_attributes_assets.csv,classification,dinov3_frozen_embeddings_random_forest,random_forest,StratifiedGroupKFold,5,5,108716,No railings,No railings,True
attr_has_pedestrian_railing,attr_has_pedestrian_railing,data/processed/train/attr_has_pedestrian_railing_train.csv,data/features/dinov3_vitb16_remaining_attributes_assets.csv,classification,dinov3_frozen_embeddings_random_forest,random_forest,StratifiedGroupKFold,5,5,108728,No railings,No railings,True
attr_has_pedestrian_railing,attr_has_pedestrian_railing,data/processed/train/attr_has_pedestrian_railing_train.csv,data/features/dinov3_vitb16_remaining_attributes_assets.csv,classification,dinov3_frozen_embeddings_random_forest,random_forest,StratifiedGroupKFold,5,5,108783,No railings,No railings,True
attr_has_pedestrian_railing,attr_has_pedestrian_railing,data/processed/train/attr_has_pedestrian_railing_train.csv,data/features/dinov3_vitb16_remaining_attributes_assets.csv,classification,dinov3_frozen_embeddings_random_forest,random_forest,StratifiedGroupKFold,5,5,108787,No railings,No railings,True
attr_has_pedestrian_railing,attr_has_pedestrian_railing,data/processed/train/attr_has_pedestrian_railing_train.csv,data/features/dinov3_vitb16_remaining_attributes_assets.csv,classification,dinov3_frozen_embeddings_random_forest,random_forest,StratifiedGroupKFold,5,5,108791,No railings,No railings,True
attr_has_pedestrian_railing,attr_has_pedestrian_railing,data/processed/train/attr_has_pedestrian_railing_train.csv,data/features/dinov3_vitb16_remaining_attributes_assets.csv,classification,dinov3_frozen_embeddings_random_forest,random_forest,StratifiedGroupKFold,5,5,109699,No railings,No railings,True
attr_has_pedestrian_railing,attr_has_pedestrian_railing,data/processed/train/attr_has_pedestrian_railing_train.csv,data/features/dinov3_vitb16_remaining_attributes_assets.csv,classification,dinov3_frozen_embeddings_random_forest,random_forest,StratifiedGroupKFold,5,5,109705,No railings,No railings,True
attr_has_pedestrian_railing,attr_has_pedestrian_railing,data/processed/train/attr_has_pedestrian_railing_train.csv,data/features/dinov3_vitb16_remaining_attributes_assets.csv,classification,dinov3_frozen_embeddings_random_forest,random_forest,StratifiedGroupKFold,5,5,109707,No railings,No railings,True
attr_has_pedestrian_railing,attr_has_pedestrian_railing,data/processed/train/attr_has_pedestrian_railing_train.csv,data/features/dinov3_vitb16_remaining_attributes_assets.csv,classification,dinov3_frozen_embeddings_random_forest,random_forest,StratifiedGroupKFold,5,5,109712,No railings,No railings,True
attr_has_pedestrian_railing,attr_has_pedestrian_railing,data/processed/train/attr_has_pedestrian_railing_train.csv,data/features/dinov3_vitb16_remaining_attributes_assets.csv,classification,dinov3_frozen_embeddings_random_forest,random_forest,StratifiedGroupKFold,5,5,109713,No railings,No railings,True
attr_has_pedestrian_railing,attr_has_pedestrian_railing,data/processed/train/attr_has_pedestrian_railing_train.csv,data/features/dinov3_vitb16_remaining_attributes_assets.csv,classification,dinov3_frozen_embeddings_random_forest,random_forest,StratifiedGroupKFold,5,5,109824,No railings,No railings,True
attr_has_pedestrian_railing,attr_has_pedestrian_railing,data/processed/train/attr_has_pedestrian_railing_train.csv,data/features/dinov3_vitb16_remaining_attributes_assets.csv,classification,dinov3_frozen_embeddings_random_forest,random_forest,StratifiedGroupKFold,5,5,110267,No railings,No railings,True
attr_has_pedestrian_railing,attr_has_pedestrian_railing,data/processed/train/attr_has_pedestrian_railing_train.csv,data/features/dinov3_vitb16_remaining_attributes_assets.csv,classification,dinov3_frozen_embeddings_random_forest,random_forest,StratifiedGroupKFold,5,5,110300,No railings,No railings,True
attr_has_pedestrian_railing,attr_has_pedestrian_railing,data/processed/train/attr_has_pedestrian_railing_train.csv,data/features/dinov3_vitb16_remaining_attributes_assets.csv,classification,dinov3_frozen_embeddings_random_forest,random_forest,StratifiedGroupKFold,5,5,110572,No railings,No railings,True
attr_has_pedestrian_railing,attr_has_pedestrian_railing,data/processed/train/attr_has_pedestrian_railing_train.csv,data/features/dinov3_vitb16_remaining_attributes_assets.csv,classification,dinov3_frozen_embeddings_random_forest,random_forest,StratifiedGroupKFold,5,5,110573,No railings,No railings,True
attr_has_pedestrian_railing,attr_has_pedestrian_railing,data/processed/train/attr_has_pedestrian_railing_train.csv,data/features/dinov3_vitb16_remaining_attributes_assets.csv,classification,dinov3_frozen_embeddings_random_forest,random_forest,StratifiedGroupKFold,5,5,110606,No railings,No railings,True
attr_has_pedestrian_railing,attr_has_pedestrian_railing,data/processed/train/attr_has_pedestrian_railing_train.csv,data/features/dinov3_vitb16_remaining_attributes_assets.csv,classification,dinov3_frozen_embeddings_random_forest,random_forest,StratifiedGroupKFold,5,5,110608,No railings,No railings,True
attr_has_pedestrian_railing,attr_has_pedestrian_railing,data/processed/train/attr_has_pedestrian_railing_train.csv,data/features/dinov3_vitb16_remaining_attributes_assets.csv,classification,dinov3_frozen_embeddings_random_forest,random_forest,StratifiedGroupKFold,5,5,110826,No railings,No railings,True
attr_has_pedestrian_railing,attr_has_pedestrian_railing,data/processed/train/attr_has_pedestrian_railing_train.csv,data/features/dinov3_vitb16_remaining_attributes_assets.csv,classification,dinov3_frozen_embeddings_random_forest,random_forest,StratifiedGroupKFold,5,5,110975,No railings,No railings,True
attr_has_pedestrian_railing,attr_has_pedestrian_railing,data/processed/train/attr_has_pedestrian_railing_train.csv,data/features/dinov3_vitb16_remaining_attributes_assets.csv,classification,dinov3_frozen_embeddings_random_forest,random_forest,StratifiedGroupKFold,5,5,110976,No railings,No railings,True
attr_has_pedestrian_railing,attr_has_pedestrian_railing,data/processed/train/attr_has_pedestrian_railing_train.csv,data/features/dinov3_vitb16_remaining_attributes_assets.csv,classification,dinov3_frozen_embeddings_random_forest,random_forest,StratifiedGroupKFold,5,5,110977,No railings,No railings,True
attr_has_pedestrian_railing,attr_has_pedestrian_railing,data/processed/train/attr_has_pedestrian_railing_train.csv,data/features/dinov3_vitb16_remaining_attributes_assets.csv,classification,dinov3_frozen_embeddings_random_forest,random_forest,StratifiedGroupKFold,5,5,111683,No railings,No railings,True
attr_has_pedestrian_railing,attr_has_pedestrian_railing,data/processed/train/attr_has_pedestrian_railing_train.csv,data/features/dinov3_vitb16_remaining_attributes_assets.csv,classification,dinov3_frozen_embeddings_random_forest,random_forest,StratifiedGroupKFold,5,5,111774,No railings,No railings,True
attr_has_pedestrian_railing,attr_has_pedestrian_railing,data/processed/train/attr_has_pedestrian_railing_train.csv,data/features/dinov3_vitb16_remaining_attributes_assets.csv,classification,dinov3_frozen_embeddings_random_forest,random_forest,StratifiedGroupKFold,5,5,111800,No railings,No railings,True
attr_has_pedestrian_railing,attr_has_pedestrian_railing,data/processed/train/attr_has_pedestrian_railing_train.csv,data/features/dinov3_vitb16_remaining_attributes_assets.csv,classification,dinov3_frozen_embeddings_random_forest,random_forest,StratifiedGroupKFold,5,5,111825,No railings,No railings,True
attr_has_pedestrian_railing,attr_has_pedestrian_railing,data/processed/train/attr_has_pedestrian_railing_train.csv,data/features/dinov3_vitb16_remaining_attributes_assets.csv,classification,dinov3_frozen_embeddings_random_forest,random_forest,StratifiedGroupKFold,5,5,111831,No railings,No railings,True
attr_has_pedestrian_railing,attr_has_pedestrian_railing,data/processed/train/attr_has_pedestrian_railing_train.csv,data/features/dinov3_vitb16_remaining_attributes_assets.csv,classification,dinov3_frozen_embeddings_random_forest,random_forest,StratifiedGroupKFold,5,5,112576,No railings,No railings,True
attr_has_pedestrian_railing,attr_has_pedestrian_railing,data/processed/train/attr_has_pedestrian_railing_train.csv,data/features/dinov3_vitb16_remaining_attributes_assets.csv,classification,dinov3_frozen_embeddings_random_forest,random_forest,StratifiedGroupKFold,5,5,112584,No railings,No railings,True
attr_has_pedestrian_railing,attr_has_pedestrian_railing,data/processed/train/attr_has_pedestrian_railing_train.csv,data/features/dinov3_vitb16_remaining_attributes_assets.csv,classification,dinov3_frozen_embeddings_random_forest,random_forest,StratifiedGroupKFold,5,5,113188,No railings,No railings,True
attr_has_pedestrian_railing,attr_has_pedestrian_railing,data/processed/train/attr_has_pedestrian_railing_train.csv,data/features/dinov3_vitb16_remaining_attributes_assets.csv,classification,dinov3_frozen_embeddings_random_forest,random_forest,StratifiedGroupKFold,5,5,113189,No railings,No railings,True
attr_has_pedestrian_railing,attr_has_pedestrian_railing,data/processed/train/attr_has_pedestrian_railing_train.csv,data/features/dinov3_vitb16_remaining_attributes_assets.csv,classification,dinov3_frozen_embeddings_random_forest,random_forest,StratifiedGroupKFold,5,5,114051,No railings,No railings,True
attr_has_pedestrian_railing,attr_has_pedestrian_railing,data/processed/train/attr_has_pedestrian_railing_train.csv,data/features/dinov3_vitb16_remaining_attributes_assets.csv,classification,dinov3_frozen_embeddings_random_forest,random_forest,StratifiedGroupKFold,5,5,114284,No railings,No railings,True
attr_has_pedestrian_railing,attr_has_pedestrian_railing,data/processed/train/attr_has_pedestrian_railing_train.csv,data/features/dinov3_vitb16_remaining_attributes_assets.csv,classification,dinov3_frozen_embeddings_random_forest,random_forest,StratifiedGroupKFold,5,5,114568,No railings,No railings,True
attr_has_pedestrian_railing,attr_has_pedestrian_railing,data/processed/train/attr_has_pedestrian_railing_train.csv,data/features/dinov3_vitb16_remaining_attributes_assets.csv,classification,dinov3_frozen_embeddings_random_forest,random_forest,StratifiedGroupKFold,5,5,114724,No railings,No railings,True
attr_has_pedestrian_railing,attr_has_pedestrian_railing,data/processed/train/attr_has_pedestrian_railing_train.csv,data/features/dinov3_vitb16_remaining_attributes_assets.csv,classification,dinov3_frozen_embeddings_random_forest,random_forest,StratifiedGroupKFold,5,5,114925,No railings,No railings,True
attr_has_pedestrian_railing,attr_has_pedestrian_railing,data/processed/train/attr_has_pedestrian_railing_train.csv,data/features/dinov3_vitb16_remaining_attributes_assets.csv,classification,dinov3_frozen_embeddings_random_forest,random_forest,StratifiedGroupKFold,5,5,114949,No railings,No railings,True
attr_has_pedestrian_railing,attr_has_pedestrian_railing,data/processed/train/attr_has_pedestrian_railing_train.csv,data/features/dinov3_vitb16_remaining_attributes_assets.csv,classification,dinov3_frozen_embeddings_random_forest,random_forest,StratifiedGroupKFold,5,5,114973,No railings,No railings,True
attr_has_pedestrian_railing,attr_has_pedestrian_railing,data/processed/train/attr_has_pedestrian_railing_train.csv,data/features/dinov3_vitb16_remaining_attributes_assets.csv,classification,dinov3_frozen_embeddings_random_forest,random_forest,StratifiedGroupKFold,5,5,116627,No railings,No railings,True
attr_has_pedestrian_railing,attr_has_pedestrian_railing,data/processed/train/attr_has_pedestrian_railing_train.csv,data/features/dinov3_vitb16_remaining_attributes_assets.csv,classification,dinov3_frozen_embeddings_random_forest,random_forest,StratifiedGroupKFold,5,5,117203,No railings,No railings,True
attr_has_pedestrian_railing,attr_has_pedestrian_railing,data/processed/train/attr_has_pedestrian_railing_train.csv,data/features/dinov3_vitb16_remaining_attributes_assets.csv,classification,dinov3_frozen_embeddings_random_forest,random_forest,StratifiedGroupKFold,5,5,117537,No railings,No railings,True
attr_has_pedestrian_railing,attr_has_pedestrian_railing,data/processed/train/attr_has_pedestrian_railing_train.csv,data/features/dinov3_vitb16_remaining_attributes_assets.csv,classification,dinov3_frozen_embeddings_random_forest,random_forest,StratifiedGroupKFold,5,5,118086,No railings,No railings,True
attr_has_pedestrian_railing,attr_has_pedestrian_railing,data/processed/train/attr_has_pedestrian_railing_train.csv,data/features/dinov3_vitb16_remaining_attributes_assets.csv,classification,dinov3_frozen_embeddings_random_forest,random_forest,StratifiedGroupKFold,5,5,120659,No railings,No railings,True
attr_has_pedestrian_railing,attr_has_pedestrian_railing,data/processed/train/attr_has_pedestrian_railing_train.csv,data/features/dinov3_vitb16_remaining_attributes_assets.csv,classification,dinov3_frozen_embeddings_random_forest,random_forest,StratifiedGroupKFold,5,5,120660,No railings,No railings,True
attr_has_pedestrian_railing,attr_has_pedestrian_railing,data/processed/train/attr_has_pedestrian_railing_train.csv,data/features/dinov3_vitb16_remaining_attributes_assets.csv,classification,dinov3_frozen_embeddings_random_forest,random_forest,StratifiedGroupKFold,5,5,120662,No railings,No railings,True
attr_has_pedestrian_railing,attr_has_pedestrian_railing,data/processed/train/attr_has_pedestrian_railing_train.csv,data/features/dinov3_vitb16_remaining_attributes_assets.csv,classification,dinov3_frozen_embeddings_random_forest,random_forest,StratifiedGroupKFold,5,5,120675,No railings,No railings,True
attr_has_pedestrian_railing,attr_has_pedestrian_railing,data/processed/train/attr_has_pedestrian_railing_train.csv,data/features/dinov3_vitb16_remaining_attributes_assets.csv,classification,dinov3_frozen_embeddings_random_forest,random_forest,StratifiedGroupKFold,5,5,120678,No railings,No railings,True
attr_has_pedestrian_railing,attr_has_pedestrian_railing,data/processed/train/attr_has_pedestrian_railing_train.csv,data/features/dinov3_vitb16_remaining_attributes_assets.csv,classification,dinov3_frozen_embeddings_random_forest,random_forest,StratifiedGroupKFold,5,5,92013,No railings,No railings,True
attr_has_pedestrian_railing,attr_has_pedestrian_railing,data/processed/train/attr_has_pedestrian_railing_train.csv,data/features/dinov3_vitb16_remaining_attributes_assets.csv,classification,dinov3_frozen_embeddings_random_forest,random_forest,StratifiedGroupKFold,5,5,120681,No railings,No railings,True
attr_has_pedestrian_railing,attr_has_pedestrian_railing,data/processed/train/attr_has_pedestrian_railing_train.csv,data/features/dinov3_vitb16_remaining_attributes_assets.csv,classification,dinov3_frozen_embeddings_random_forest,random_forest,StratifiedGroupKFold,5,5,120685,No railings,No railings,True
attr_has_pedestrian_railing,attr_has_pedestrian_railing,data/processed/train/attr_has_pedestrian_railing_train.csv,data/features/dinov3_vitb16_remaining_attributes_assets.csv,classification,dinov3_frozen_embeddings_random_forest,random_forest,StratifiedGroupKFold,5,5,120689,No railings,No railings,True
attr_has_pedestrian_railing,attr_has_pedestrian_railing,data/processed/train/attr_has_pedestrian_railing_train.csv,data/features/dinov3_vitb16_remaining_attributes_assets.csv,classification,dinov3_frozen_embeddings_random_forest,random_forest,StratifiedGroupKFold,5,5,121571,No railings,No railings,True
attr_has_pedestrian_railing,attr_has_pedestrian_railing,data/processed/train/attr_has_pedestrian_railing_train.csv,data/features/dinov3_vitb16_remaining_attributes_assets.csv,classification,dinov3_frozen_embeddings_random_forest,random_forest,StratifiedGroupKFold,5,5,121585,No railings,No railings,True
attr_has_pedestrian_railing,attr_has_pedestrian_railing,data/processed/train/attr_has_pedestrian_railing_train.csv,data/features/dinov3_vitb16_remaining_attributes_assets.csv,classification,dinov3_frozen_embeddings_random_forest,random_forest,StratifiedGroupKFold,5,5,121676,No railings,No railings,True
attr_has_pedestrian_railing,attr_has_pedestrian_railing,data/processed/train/attr_has_pedestrian_railing_train.csv,data/features/dinov3_vitb16_remaining_attributes_assets.csv,classification,dinov3_frozen_embeddings_random_forest,random_forest,StratifiedGroupKFold,5,5,121731,No railings,No railings,True
attr_has_pedestrian_railing,attr_has_pedestrian_railing,data/processed/train/attr_has_pedestrian_railing_train.csv,data/features/dinov3_vitb16_remaining_attributes_assets.csv,classification,dinov3_frozen_embeddings_random_forest,random_forest,StratifiedGroupKFold,5,5,121732,No railings,No railings,True
attr_has_pedestrian_railing,attr_has_pedestrian_railing,data/processed/train/attr_has_pedestrian_railing_train.csv,data/features/dinov3_vitb16_remaining_attributes_assets.csv,classification,dinov3_frozen_embeddings_random_forest,random_forest,StratifiedGroupKFold,5,5,121744,No railings,No railings,True
attr_has_pedestrian_railing,attr_has_pedestrian_railing,data/processed/train/attr_has_pedestrian_railing_train.csv,data/features/dinov3_vitb16_remaining_attributes_assets.csv,classification,dinov3_frozen_embeddings_random_forest,random_forest,StratifiedGroupKFold,5,5,121750,No railings,No railings,True
attr_has_pedestrian_railing,attr_has_pedestrian_railing,data/processed/train/attr_has_pedestrian_railing_train.csv,data/features/dinov3_vitb16_remaining_attributes_assets.csv,classification,dinov3_frozen_embeddings_random_forest,random_forest,StratifiedGroupKFold,5,5,121788,No railings,No railings,True
attr_has_pedestrian_railing,attr_has_pedestrian_railing,data/processed/train/attr_has_pedestrian_railing_train.csv,data/features/dinov3_vitb16_remaining_attributes_assets.csv,classification,dinov3_frozen_embeddings_random_forest,random_forest,StratifiedGroupKFold,5,5,122367,No railings,No railings,True
attr_has_pedestrian_railing,attr_has_pedestrian_railing,data/processed/train/attr_has_pedestrian_railing_train.csv,data/features/dinov3_vitb16_remaining_attributes_assets.csv,classification,dinov3_frozen_embeddings_random_forest,random_forest,StratifiedGroupKFold,5,5,122404,No railings,No railings,True
attr_has_pedestrian_railing,attr_has_pedestrian_railing,data/processed/train/attr_has_pedestrian_railing_train.csv,data/features/dinov3_vitb16_remaining_attributes_assets.csv,classification,dinov3_frozen_embeddings_random_forest,random_forest,StratifiedGroupKFold,5,5,122833,No railings,No railings,True
attr_has_pedestrian_railing,attr_has_pedestrian_railing,data/processed/train/attr_has_pedestrian_railing_train.csv,data/features/dinov3_vitb16_remaining_attributes_assets.csv,classification,dinov3_frozen_embeddings_random_forest,random_forest,StratifiedGroupKFold,5,5,123256,No railings,No railings,True
attr_has_pedestrian_railing,attr_has_pedestrian_railing,data/processed/train/attr_has_pedestrian_railing_train.csv,data/features/dinov3_vitb16_remaining_attributes_assets.csv,classification,dinov3_frozen_embeddings_random_forest,random_forest,StratifiedGroupKFold,5,5,123261,No railings,No railings,True
attr_has_pedestrian_railing,attr_has_pedestrian_railing,data/processed/train/attr_has_pedestrian_railing_train.csv,data/features/dinov3_vitb16_remaining_attributes_assets.csv,classification,dinov3_frozen_embeddings_random_forest,random_forest,StratifiedGroupKFold,5,5,123418,No railings,No railings,True
attr_has_pedestrian_railing,attr_has_pedestrian_railing,data/processed/train/attr_has_pedestrian_railing_train.csv,data/features/dinov3_vitb16_remaining_attributes_assets.csv,classification,dinov3_frozen_embeddings_random_forest,random_forest,StratifiedGroupKFold,5,5,123419,No railings,No railings,True
attr_has_pedestrian_railing,attr_has_pedestrian_railing,data/processed/train/attr_has_pedestrian_railing_train.csv,data/features/dinov3_vitb16_remaining_attributes_assets.csv,classification,dinov3_frozen_embeddings_random_forest,random_forest,StratifiedGroupKFold,5,5,123471,No railings,No railings,True
attr_has_pedestrian_railing,attr_has_pedestrian_railing,data/processed/train/attr_has_pedestrian_railing_train.csv,data/features/dinov3_vitb16_remaining_attributes_assets.csv,classification,dinov3_frozen_embeddings_random_forest,random_forest,StratifiedGroupKFold,5,5,123616,No railings,No railings,True
attr_has_pedestrian_railing,attr_has_pedestrian_railing,data/processed/train/attr_has_pedestrian_railing_train.csv,data/features/dinov3_vitb16_remaining_attributes_assets.csv,classification,dinov3_frozen_embeddings_random_forest,random_forest,StratifiedGroupKFold,5,5,123762,No railings,No railings,True
attr_has_pedestrian_railing,attr_has_pedestrian_railing,data/processed/train/attr_has_pedestrian_railing_train.csv,data/features/dinov3_vitb16_remaining_attributes_assets.csv,classification,dinov3_frozen_embeddings_random_forest,random_forest,StratifiedGroupKFold,5,5,123778,No railings,No railings,True
attr_has_pedestrian_railing,attr_has_pedestrian_railing,data/processed/train/attr_has_pedestrian_railing_train.csv,data/features/dinov3_vitb16_remaining_attributes_assets.csv,classification,dinov3_frozen_embeddings_random_forest,random_forest,StratifiedGroupKFold,5,5,123785,No railings,No railings,True
attr_has_pedestrian_railing,attr_has_pedestrian_railing,data/processed/train/attr_has_pedestrian_railing_train.csv,data/features/dinov3_vitb16_remaining_attributes_assets.csv,classification,dinov3_frozen_embeddings_random_forest,random_forest,StratifiedGroupKFold,5,5,126159,No railings,No railings,True
attr_has_pedestrian_railing,attr_has_pedestrian_railing,data/processed/train/attr_has_pedestrian_railing_train.csv,data/features/dinov3_vitb16_remaining_attributes_assets.csv,classification,dinov3_frozen_embeddings_random_forest,random_forest,StratifiedGroupKFold,5,5,126687,No railings,No railings,True
attr_has_pedestrian_railing,attr_has_pedestrian_railing,data/processed/train/attr_has_pedestrian_railing_train.csv,data/features/dinov3_vitb16_remaining_attributes_assets.csv,classification,dinov3_frozen_embeddings_random_forest,random_forest,StratifiedGroupKFold,5,5,126704,No railings,No railings,True
attr_has_pedestrian_railing,attr_has_pedestrian_railing,data/processed/train/attr_has_pedestrian_railing_train.csv,data/features/dinov3_vitb16_remaining_attributes_assets.csv,classification,dinov3_frozen_embeddings_random_forest,random_forest,StratifiedGroupKFold,5,5,126706,No railings,No railings,True
attr_has_pedestrian_railing,attr_has_pedestrian_railing,data/processed/train/attr_has_pedestrian_railing_train.csv,data/features/dinov3_vitb16_remaining_attributes_assets.csv,classification,dinov3_frozen_embeddings_random_forest,random_forest,StratifiedGroupKFold,5,5,126778,No railings,No railings,True
attr_has_pedestrian_railing,attr_has_pedestrian_railing,data/processed/train/attr_has_pedestrian_railing_train.csv,data/features/dinov3_vitb16_remaining_attributes_assets.csv,classification,dinov3_frozen_embeddings_random_forest,random_forest,StratifiedGroupKFold,5,5,126789,No railings,No railings,True
attr_has_pedestrian_railing,attr_has_pedestrian_railing,data/processed/train/attr_has_pedestrian_railing_train.csv,data/features/dinov3_vitb16_remaining_attributes_assets.csv,classification,dinov3_frozen_embeddings_random_forest,random_forest,StratifiedGroupKFold,5,5,126836,No railings,No railings,True
attr_has_pedestrian_railing,attr_has_pedestrian_railing,data/processed/train/attr_has_pedestrian_railing_train.csv,data/features/dinov3_vitb16_remaining_attributes_assets.csv,classification,dinov3_frozen_embeddings_random_forest,random_forest,StratifiedGroupKFold,5,5,127067,No railings,No railings,True
attr_has_pedestrian_railing,attr_has_pedestrian_railing,data/processed/train/attr_has_pedestrian_railing_train.csv,data/features/dinov3_vitb16_remaining_attributes_assets.csv,classification,dinov3_frozen_embeddings_random_forest,random_forest,StratifiedGroupKFold,5,5,127135,No railings,No railings,True
attr_has_pedestrian_railing,attr_has_pedestrian_railing,data/processed/train/attr_has_pedestrian_railing_train.csv,data/features/dinov3_vitb16_remaining_attributes_assets.csv,classification,dinov3_frozen_embeddings_random_forest,random_forest,StratifiedGroupKFold,5,5,127140,No railings,No railings,True
attr_has_pedestrian_railing,attr_has_pedestrian_railing,data/processed/train/attr_has_pedestrian_railing_train.csv,data/features/dinov3_vitb16_remaining_attributes_assets.csv,classification,dinov3_frozen_embeddings_random_forest,random_forest,StratifiedGroupKFold,5,5,127151,No railings,No railings,True
attr_has_pedestrian_railing,attr_has_pedestrian_railing,data/processed/train/attr_has_pedestrian_railing_train.csv,data/features/dinov3_vitb16_remaining_attributes_assets.csv,classification,dinov3_frozen_embeddings_random_forest,random_forest,StratifiedGroupKFold,5,5,127454,No railings,No railings,True
attr_has_pedestrian_railing,attr_has_pedestrian_railing,data/processed/train/attr_has_pedestrian_railing_train.csv,data/features/dinov3_vitb16_remaining_attributes_assets.csv,classification,dinov3_frozen_embeddings_random_forest,random_forest,StratifiedGroupKFold,5,5,128641,No railings,No railings,True
attr_has_pedestrian_railing,attr_has_pedestrian_railing,data/processed/train/attr_has_pedestrian_railing_train.csv,data/features/dinov3_vitb16_remaining_attributes_assets.csv,classification,dinov3_frozen_embeddings_random_forest,random_forest,StratifiedGroupKFold,5,5,129400,1 railing,No railings,False
attr_has_pedestrian_railing,attr_has_pedestrian_railing,data/processed/train/attr_has_pedestrian_railing_train.csv,data/features/dinov3_vitb16_remaining_attributes_assets.csv,classification,dinov3_frozen_embeddings_random_forest,random_forest,StratifiedGroupKFold,5,5,129401,1 railing,No railings,False
attr_has_pedestrian_railing,attr_has_pedestrian_railing,data/processed/train/attr_has_pedestrian_railing_train.csv,data/features/dinov3_vitb16_remaining_attributes_assets.csv,classification,dinov3_frozen_embeddings_random_forest,random_forest,StratifiedGroupKFold,5,5,92846,No railings,No railings,True
attr_has_pedestrian_railing,attr_has_pedestrian_railing,data/processed/train/attr_has_pedestrian_railing_train.csv,data/features/dinov3_vitb16_remaining_attributes_assets.csv,classification,dinov3_frozen_embeddings_random_forest,random_forest,StratifiedGroupKFold,5,5,101550,No railings,No railings,True
attr_has_pedestrian_railing,attr_has_pedestrian_railing,data/processed/train/attr_has_pedestrian_railing_train.csv,data/features/dinov3_vitb16_remaining_attributes_assets.csv,classification,dinov3_frozen_embeddings_random_forest,random_forest,StratifiedGroupKFold,5,5,102975,No railings,No railings,True
attr_has_pedestrian_railing,attr_has_pedestrian_railing,data/processed/train/attr_has_pedestrian_railing_train.csv,data/features/dinov3_vitb16_remaining_attributes_assets.csv,classification,dinov3_frozen_embeddings_random_forest,random_forest,StratifiedGroupKFold,5,5,107064,No railings,No railings,True
attr_has_pedestrian_railing,attr_has_pedestrian_railing,data/processed/train/attr_has_pedestrian_railing_train.csv,data/features/dinov3_vitb16_remaining_attributes_assets.csv,classification,dinov3_frozen_embeddings_random_forest,random_forest,StratifiedGroupKFold,5,5,109180,No railings,No railings,True
attr_has_pedestrian_railing,attr_has_pedestrian_railing,data/processed/train/attr_has_pedestrian_railing_train.csv,data/features/dinov3_vitb16_remaining_attributes_assets.csv,classification,dinov3_frozen_embeddings_random_forest,random_forest,StratifiedGroupKFold,5,5,109188,No railings,No railings,True
attr_has_pedestrian_railing,attr_has_pedestrian_railing,data/processed/train/attr_has_pedestrian_railing_train.csv,data/features/dinov3_vitb16_remaining_attributes_assets.csv,classification,dinov3_frozen_embeddings_random_forest,random_forest,StratifiedGroupKFold,5,5,110257,No railings,No railings,True
attr_has_pedestrian_railing,attr_has_pedestrian_railing,data/processed/train/attr_has_pedestrian_railing_train.csv,data/features/dinov3_vitb16_remaining_attributes_assets.csv,classification,dinov3_frozen_embeddings_random_forest,random_forest,StratifiedGroupKFold,5,5,114049,No railings,No railings,True
attr_has_pedestrian_railing,attr_has_pedestrian_railing,data/processed/train/attr_has_pedestrian_railing_train.csv,data/features/dinov3_vitb16_remaining_attributes_assets.csv,classification,dinov3_frozen_embeddings_random_forest,random_forest,StratifiedGroupKFold,5,5,114207,No railings,No railings,True
attr_has_pedestrian_railing,attr_has_pedestrian_railing,data/processed/train/attr_has_pedestrian_railing_train.csv,data/features/dinov3_vitb16_remaining_attributes_assets.csv,classification,dinov3_frozen_embeddings_random_forest,random_forest,StratifiedGroupKFold,5,5,114283,No railings,No railings,True
attr_has_pedestrian_railing,attr_has_pedestrian_railing,data/processed/train/attr_has_pedestrian_railing_train.csv,data/features/dinov3_vitb16_remaining_attributes_assets.csv,classification,dinov3_frozen_embeddings_random_forest,random_forest,StratifiedGroupKFold,5,5,47052,No railings,No railings,True
attr_has_pedestrian_railing,attr_has_pedestrian_railing,data/processed/train/attr_has_pedestrian_railing_train.csv,data/features/dinov3_vitb16_remaining_attributes_assets.csv,classification,dinov3_frozen_embeddings_random_forest,random_forest,StratifiedGroupKFold,5,5,47053,No railings,No railings,True
attr_has_pedestrian_railing,attr_has_pedestrian_railing,data/processed/train/attr_has_pedestrian_railing_train.csv,data/features/dinov3_vitb16_remaining_attributes_assets.csv,classification,dinov3_frozen_embeddings_random_forest,random_forest,StratifiedGroupKFold,5,5,49501,No railings,No railings,True
attr_has_pedestrian_railing,attr_has_pedestrian_railing,data/processed/train/attr_has_pedestrian_railing_train.csv,data/features/dinov3_vitb16_remaining_attributes_assets.csv,classification,dinov3_frozen_embeddings_random_forest,random_forest,StratifiedGroupKFold,5,5,49707,1 railing,No railings,False
attr_has_pedestrian_railing,attr_has_pedestrian_railing,data/processed/train/attr_has_pedestrian_railing_train.csv,data/features/dinov3_vitb16_remaining_attributes_assets.csv,classification,dinov3_frozen_embeddings_random_forest,random_forest,StratifiedGroupKFold,5,5,51537,2 railings,No railings,False
attr_has_pedestrian_railing,attr_has_pedestrian_railing,data/processed/train/attr_has_pedestrian_railing_train.csv,data/features/dinov3_vitb16_remaining_attributes_assets.csv,classification,dinov3_frozen_embeddings_random_forest,random_forest,StratifiedGroupKFold,5,5,52621,No railings,No railings,True
attr_has_pedestrian_railing,attr_has_pedestrian_railing,data/processed/train/attr_has_pedestrian_railing_train.csv,data/features/dinov3_vitb16_remaining_attributes_assets.csv,classification,dinov3_frozen_embeddings_random_forest,random_forest,StratifiedGroupKFold,5,5,52952,1 railing,No railings,False
attr_has_pedestrian_railing,attr_has_pedestrian_railing,data/processed/train/attr_has_pedestrian_railing_train.csv,data/features/dinov3_vitb16_remaining_attributes_assets.csv,classification,dinov3_frozen_embeddings_random_forest,random_forest,StratifiedGroupKFold,5,5,56476,No railings,No railings,True
attr_has_pedestrian_railing,attr_has_pedestrian_railing,data/processed/train/attr_has_pedestrian_railing_train.csv,data/features/dinov3_vitb16_remaining_attributes_assets.csv,classification,dinov3_frozen_embeddings_random_forest,random_forest,StratifiedGroupKFold,5,5,57224,2 railings,No railings,False
attr_has_pedestrian_railing,attr_has_pedestrian_railing,data/processed/train/attr_has_pedestrian_railing_train.csv,data/features/dinov3_vitb16_remaining_attributes_assets.csv,classification,dinov3_frozen_embeddings_random_forest,random_forest,StratifiedGroupKFold,5,5,57674,No railings,No railings,True
attr_has_pedestrian_railing,attr_has_pedestrian_railing,data/processed/train/attr_has_pedestrian_railing_train.csv,data/features/dinov3_vitb16_remaining_attributes_assets.csv,classification,dinov3_frozen_embeddings_random_forest,random_forest,StratifiedGroupKFold,5,5,62365,1 railing,No railings,False
attr_has_pedestrian_railing,attr_has_pedestrian_railing,data/processed/train/attr_has_pedestrian_railing_train.csv,data/features/dinov3_vitb16_remaining_attributes_assets.csv,classification,dinov3_frozen_embeddings_random_forest,random_forest,StratifiedGroupKFold,5,5,80433,No railings,No railings,True
attr_has_pedestrian_railing,attr_has_pedestrian_railing,data/processed/train/attr_has_pedestrian_railing_train.csv,data/features/dinov3_vitb16_remaining_attributes_assets.csv,classification,dinov3_frozen_embeddings_random_forest,random_forest,StratifiedGroupKFold,5,5,80470,No railings,No railings,True
attr_has_pedestrian_railing,attr_has_pedestrian_railing,data/processed/train/attr_has_pedestrian_railing_train.csv,data/features/dinov3_vitb16_remaining_attributes_assets.csv,classification,dinov3_frozen_embeddings_random_forest,random_forest,StratifiedGroupKFold,5,5,80471,No railings,No railings,True
attr_has_pedestrian_railing,attr_has_pedestrian_railing,data/processed/train/attr_has_pedestrian_railing_train.csv,data/features/dinov3_vitb16_remaining_attributes_assets.csv,classification,dinov3_frozen_embeddings_random_forest,random_forest,StratifiedGroupKFold,5,5,80607,2 railings,No railings,False
attr_has_pedestrian_railing,attr_has_pedestrian_railing,data/processed/train/attr_has_pedestrian_railing_train.csv,data/features/dinov3_vitb16_remaining_attributes_assets.csv,classification,dinov3_frozen_embeddings_random_forest,random_forest,StratifiedGroupKFold,5,5,80639,No railings,No railings,True
attr_has_pedestrian_railing,attr_has_pedestrian_railing,data/processed/train/attr_has_pedestrian_railing_train.csv,data/features/dinov3_vitb16_remaining_attributes_assets.csv,classification,dinov3_frozen_embeddings_random_forest,random_forest,StratifiedGroupKFold,5,5,80804,No railings,No railings,True
attr_has_pedestrian_railing,attr_has_pedestrian_railing,data/processed/train/attr_has_pedestrian_railing_train.csv,data/features/dinov3_vitb16_remaining_attributes_assets.csv,classification,dinov3_frozen_embeddings_random_forest,random_forest,StratifiedGroupKFold,5,5,80909,1 railing,1 railing,True
attr_has_pedestrian_railing,attr_has_pedestrian_railing,data/processed/train/attr_has_pedestrian_railing_train.csv,data/features/dinov3_vitb16_remaining_attributes_assets.csv,classification,dinov3_frozen_embeddings_random_forest,random_forest,StratifiedGroupKFold,5,5,80916,1 railing,1 railing,True
attr_has_pedestrian_railing,attr_has_pedestrian_railing,data/processed/train/attr_has_pedestrian_railing_train.csv,data/features/dinov3_vitb16_remaining_attributes_assets.csv,classification,dinov3_frozen_embeddings_random_forest,random_forest,StratifiedGroupKFold,5,5,82416,No railings,No railings,True
attr_has_pedestrian_railing,attr_has_pedestrian_railing,data/processed/train/attr_has_pedestrian_railing_train.csv,data/features/dinov3_vitb16_remaining_attributes_assets.csv,classification,dinov3_frozen_embeddings_random_forest,random_forest,StratifiedGroupKFold,5,5,82812,No railings,No railings,True
attr_has_pedestrian_railing,attr_has_pedestrian_railing,data/processed/train/attr_has_pedestrian_railing_train.csv,data/features/dinov3_vitb16_remaining_attributes_assets.csv,classification,dinov3_frozen_embeddings_random_forest,random_forest,StratifiedGroupKFold,5,5,84944,2 railings,No railings,False
attr_has_pedestrian_railing,attr_has_pedestrian_railing,data/processed/train/attr_has_pedestrian_railing_train.csv,data/features/dinov3_vitb16_remaining_attributes_assets.csv,classification,dinov3_frozen_embeddings_random_forest,random_forest,StratifiedGroupKFold,5,5,85496,No railings,No railings,True
attr_has_pedestrian_railing,attr_has_pedestrian_railing,data/processed/train/attr_has_pedestrian_railing_train.csv,data/features/dinov3_vitb16_remaining_attributes_assets.csv,classification,dinov3_frozen_embeddings_random_forest,random_forest,StratifiedGroupKFold,5,5,85989,No railings,No railings,True
attr_has_pedestrian_railing,attr_has_pedestrian_railing,data/processed/train/attr_has_pedestrian_railing_train.csv,data/features/dinov3_vitb16_remaining_attributes_assets.csv,classification,dinov3_frozen_embeddings_random_forest,random_forest,StratifiedGroupKFold,5,5,86053,No railings,No railings,True
attr_has_pedestrian_railing,attr_has_pedestrian_railing,data/processed/train/attr_has_pedestrian_railing_train.csv,data/features/dinov3_vitb16_remaining_attributes_assets.csv,classification,dinov3_frozen_embeddings_random_forest,random_forest,StratifiedGroupKFold,5,5,86094,No railings,No railings,True
attr_has_pedestrian_railing,attr_has_pedestrian_railing,data/processed/train/attr_has_pedestrian_railing_train.csv,data/features/dinov3_vitb16_remaining_attributes_assets.csv,classification,dinov3_frozen_embeddings_random_forest,random_forest,StratifiedGroupKFold,5,5,86102,No railings,No railings,True
attr_has_pedestrian_railing,attr_has_pedestrian_railing,data/processed/train/attr_has_pedestrian_railing_train.csv,data/features/dinov3_vitb16_remaining_attributes_assets.csv,classification,dinov3_frozen_embeddings_random_forest,random_forest,StratifiedGroupKFold,5,5,86159,No railings,No railings,True
attr_has_pedestrian_railing,attr_has_pedestrian_railing,data/processed/train/attr_has_pedestrian_railing_train.csv,data/features/dinov3_vitb16_remaining_attributes_assets.csv,classification,dinov3_frozen_embeddings_random_forest,random_forest,StratifiedGroupKFold,5,5,86623,No railings,No railings,True
attr_has_pedestrian_railing,attr_has_pedestrian_railing,data/processed/train/attr_has_pedestrian_railing_train.csv,data/features/dinov3_vitb16_remaining_attributes_assets.csv,classification,dinov3_frozen_embeddings_random_forest,random_forest,StratifiedGroupKFold,5,5,87019,No railings,No railings,True
attr_has_pedestrian_railing,attr_has_pedestrian_railing,data/processed/train/attr_has_pedestrian_railing_train.csv,data/features/dinov3_vitb16_remaining_attributes_assets.csv,classification,dinov3_frozen_embeddings_random_forest,random_forest,StratifiedGroupKFold,5,5,88086,1 railing,No railings,False
attr_has_pedestrian_railing,attr_has_pedestrian_railing,data/processed/train/attr_has_pedestrian_railing_train.csv,data/features/dinov3_vitb16_remaining_attributes_assets.csv,classification,dinov3_frozen_embeddings_random_forest,random_forest,StratifiedGroupKFold,5,5,89202,1 railing,1 railing,True
attr_has_pedestrian_railing,attr_has_pedestrian_railing,data/processed/train/attr_has_pedestrian_railing_train.csv,data/features/dinov3_vitb16_remaining_attributes_assets.csv,classification,dinov3_frozen_embeddings_random_forest,random_forest,StratifiedGroupKFold,5,5,89733,No railings,No railings,True
attr_has_pedestrian_railing,attr_has_pedestrian_railing,data/processed/train/attr_has_pedestrian_railing_train.csv,data/features/dinov3_vitb16_remaining_attributes_assets.csv,classification,dinov3_frozen_embeddings_random_forest,random_forest,StratifiedGroupKFold,5,5,89735,No railings,No railings,True
attr_has_pedestrian_railing,attr_has_pedestrian_railing,data/processed/train/attr_has_pedestrian_railing_train.csv,data/features/dinov3_vitb16_remaining_attributes_assets.csv,classification,dinov3_frozen_embeddings_random_forest,random_forest,StratifiedGroupKFold,5,5,92077,No railings,No railings,True
attr_has_pedestrian_railing,attr_has_pedestrian_railing,data/processed/train/attr_has_pedestrian_railing_train.csv,data/features/dinov3_vitb16_remaining_attributes_assets.csv,classification,dinov3_frozen_embeddings_random_forest,random_forest,StratifiedGroupKFold,5,5,92431,1 railing,No railings,False
attr_has_pedestrian_railing,attr_has_pedestrian_railing,data/processed/train/attr_has_pedestrian_railing_train.csv,data/features/dinov3_vitb16_remaining_attributes_assets.csv,classification,dinov3_frozen_embeddings_random_forest,random_forest,StratifiedGroupKFold,5,5,92433,No railings,No railings,True
attr_has_pedestrian_railing,attr_has_pedestrian_railing,data/processed/train/attr_has_pedestrian_railing_train.csv,data/features/dinov3_vitb16_remaining_attributes_assets.csv,classification,dinov3_frozen_embeddings_random_forest,random_forest,StratifiedGroupKFold,5,5,92434,2 railings,1 railing,False
attr_has_pedestrian_railing,attr_has_pedestrian_railing,data/processed/train/attr_has_pedestrian_railing_train.csv,data/features/dinov3_vitb16_remaining_attributes_assets.csv,classification,dinov3_frozen_embeddings_random_forest,random_forest,StratifiedGroupKFold,5,5,93359,1 railing,No railings,False
attr_has_pedestrian_railing,attr_has_pedestrian_railing,data/processed/train/attr_has_pedestrian_railing_train.csv,data/features/dinov3_vitb16_remaining_attributes_assets.csv,classification,dinov3_frozen_embeddings_random_forest,random_forest,StratifiedGroupKFold,5,5,94176,1 railing,No railings,False
attr_has_pedestrian_railing,attr_has_pedestrian_railing,data/processed/train/attr_has_pedestrian_railing_train.csv,data/features/dinov3_vitb16_remaining_attributes_assets.csv,classification,dinov3_frozen_embeddings_random_forest,random_forest,StratifiedGroupKFold,5,5,94302,No railings,No railings,True
attr_has_pedestrian_railing,attr_has_pedestrian_railing,data/processed/train/attr_has_pedestrian_railing_train.csv,data/features/dinov3_vitb16_remaining_attributes_assets.csv,classification,dinov3_frozen_embeddings_random_forest,random_forest,StratifiedGroupKFold,5,5,94318,No railings,No railings,True
attr_has_pedestrian_railing,attr_has_pedestrian_railing,data/processed/train/attr_has_pedestrian_railing_train.csv,data/features/dinov3_vitb16_remaining_attributes_assets.csv,classification,dinov3_frozen_embeddings_random_forest,random_forest,StratifiedGroupKFold,5,5,94324,No railings,No railings,True
attr_has_pedestrian_railing,attr_has_pedestrian_railing,data/processed/train/attr_has_pedestrian_railing_train.csv,data/features/dinov3_vitb16_remaining_attributes_assets.csv,classification,dinov3_frozen_embeddings_random_forest,random_forest,StratifiedGroupKFold,5,5,94330,No railings,No railings,True
attr_has_pedestrian_railing,attr_has_pedestrian_railing,data/processed/train/attr_has_pedestrian_railing_train.csv,data/features/dinov3_vitb16_remaining_attributes_assets.csv,classification,dinov3_frozen_embeddings_random_forest,random_forest,StratifiedGroupKFold,5,5,94401,No railings,No railings,True
attr_has_pedestrian_railing,attr_has_pedestrian_railing,data/processed/train/attr_has_pedestrian_railing_train.csv,data/features/dinov3_vitb16_remaining_attributes_assets.csv,classification,dinov3_frozen_embeddings_random_forest,random_forest,StratifiedGroupKFold,5,5,94402,No railings,No railings,True
attr_has_pedestrian_railing,attr_has_pedestrian_railing,data/processed/train/attr_has_pedestrian_railing_train.csv,data/features/dinov3_vitb16_remaining_attributes_assets.csv,classification,dinov3_frozen_embeddings_random_forest,random_forest,StratifiedGroupKFold,5,5,94419,No railings,No railings,True
attr_has_pedestrian_railing,attr_has_pedestrian_railing,data/processed/train/attr_has_pedestrian_railing_train.csv,data/features/dinov3_vitb16_remaining_attributes_assets.csv,classification,dinov3_frozen_embeddings_random_forest,random_forest,StratifiedGroupKFold,5,5,96803,1 railing,No railings,False
attr_has_pedestrian_railing,attr_has_pedestrian_railing,data/processed/train/attr_has_pedestrian_railing_train.csv,data/features/dinov3_vitb16_remaining_attributes_assets.csv,classification,dinov3_frozen_embeddings_random_forest,random_forest,StratifiedGroupKFold,5,5,97124,No railings,No railings,True
attr_has_pedestrian_railing,attr_has_pedestrian_railing,data/processed/train/attr_has_pedestrian_railing_train.csv,data/features/dinov3_vitb16_remaining_attributes_assets.csv,classification,dinov3_frozen_embeddings_random_forest,random_forest,StratifiedGroupKFold,5,5,101613,1 railing,1 railing,True
attr_has_pedestrian_railing,attr_has_pedestrian_railing,data/processed/train/attr_has_pedestrian_railing_train.csv,data/features/dinov3_vitb16_remaining_attributes_assets.csv,classification,dinov3_frozen_embeddings_random_forest,random_forest,StratifiedGroupKFold,5,5,101615,1 railing,No railings,False
attr_has_pedestrian_railing,attr_has_pedestrian_railing,data/processed/train/attr_has_pedestrian_railing_train.csv,data/features/dinov3_vitb16_remaining_attributes_assets.csv,classification,dinov3_frozen_embeddings_random_forest,random_forest,StratifiedGroupKFold,5,5,101624,No railings,No railings,True
attr_has_pedestrian_railing,attr_has_pedestrian_railing,data/processed/train/attr_has_pedestrian_railing_train.csv,data/features/dinov3_vitb16_remaining_attributes_assets.csv,classification,dinov3_frozen_embeddings_random_forest,random_forest,StratifiedGroupKFold,5,5,101694,No railings,No railings,True
attr_has_pedestrian_railing,attr_has_pedestrian_railing,data/processed/train/attr_has_pedestrian_railing_train.csv,data/features/dinov3_vitb16_remaining_attributes_assets.csv,classification,dinov3_frozen_embeddings_random_forest,random_forest,StratifiedGroupKFold,5,5,101697,No railings,No railings,True
attr_has_pedestrian_railing,attr_has_pedestrian_railing,data/processed/train/attr_has_pedestrian_railing_train.csv,data/features/dinov3_vitb16_remaining_attributes_assets.csv,classification,dinov3_frozen_embeddings_random_forest,random_forest,StratifiedGroupKFold,5,5,101719,No railings,No railings,True
attr_has_pedestrian_railing,attr_has_pedestrian_railing,data/processed/train/attr_has_pedestrian_railing_train.csv,data/features/dinov3_vitb16_remaining_attributes_assets.csv,classification,dinov3_frozen_embeddings_random_forest,random_forest,StratifiedGroupKFold,5,5,102446,No railings,No railings,True
attr_has_pedestrian_railing,attr_has_pedestrian_railing,data/processed/train/attr_has_pedestrian_railing_train.csv,data/features/dinov3_vitb16_remaining_attributes_assets.csv,classification,dinov3_frozen_embeddings_random_forest,random_forest,StratifiedGroupKFold,5,5,102449,No railings,No railings,True
attr_has_pedestrian_railing,attr_has_pedestrian_railing,data/processed/train/attr_has_pedestrian_railing_train.csv,data/features/dinov3_vitb16_remaining_attributes_assets.csv,classification,dinov3_frozen_embeddings_random_forest,random_forest,StratifiedGroupKFold,5,5,103896,No railings,No railings,True
attr_has_pedestrian_railing,attr_has_pedestrian_railing,data/processed/train/attr_has_pedestrian_railing_train.csv,data/features/dinov3_vitb16_remaining_attributes_assets.csv,classification,dinov3_frozen_embeddings_random_forest,random_forest,StratifiedGroupKFold,5,5,104098,1 railing,No railings,False
attr_has_pedestrian_railing,attr_has_pedestrian_railing,data/processed/train/attr_has_pedestrian_railing_train.csv,data/features/dinov3_vitb16_remaining_attributes_assets.csv,classification,dinov3_frozen_embeddings_random_forest,random_forest,StratifiedGroupKFold,5,5,104350,2 railings,No railings,False
attr_has_pedestrian_railing,attr_has_pedestrian_railing,data/processed/train/attr_has_pedestrian_railing_train.csv,data/features/dinov3_vitb16_remaining_attributes_assets.csv,classification,dinov3_frozen_embeddings_random_forest,random_forest,StratifiedGroupKFold,5,5,105130,No railings,No railings,True
attr_has_pedestrian_railing,attr_has_pedestrian_railing,data/processed/train/attr_has_pedestrian_railing_train.csv,data/features/dinov3_vitb16_remaining_attributes_assets.csv,classification,dinov3_frozen_embeddings_random_forest,random_forest,StratifiedGroupKFold,5,5,105824,No railings,No railings,True
attr_has_pedestrian_railing,attr_has_pedestrian_railing,data/processed/train/attr_has_pedestrian_railing_train.csv,data/features/dinov3_vitb16_remaining_attributes_assets.csv,classification,dinov3_frozen_embeddings_random_forest,random_forest,StratifiedGroupKFold,5,5,106584,1 railing,No railings,False
attr_has_pedestrian_railing,attr_has_pedestrian_railing,data/processed/train/attr_has_pedestrian_railing_train.csv,data/features/dinov3_vitb16_remaining_attributes_assets.csv,classification,dinov3_frozen_embeddings_random_forest,random_forest,StratifiedGroupKFold,5,5,107516,No railings,No railings,True
attr_has_pedestrian_railing,attr_has_pedestrian_railing,data/processed/train/attr_has_pedestrian_railing_train.csv,data/features/dinov3_vitb16_remaining_attributes_assets.csv,classification,dinov3_frozen_embeddings_random_forest,random_forest,StratifiedGroupKFold,5,5,107878,No railings,No railings,True
attr_has_pedestrian_railing,attr_has_pedestrian_railing,data/processed/train/attr_has_pedestrian_railing_train.csv,data/features/dinov3_vitb16_remaining_attributes_assets.csv,classification,dinov3_frozen_embeddings_random_forest,random_forest,StratifiedGroupKFold,5,5,107913,No railings,No railings,True
attr_has_pedestrian_railing,attr_has_pedestrian_railing,data/processed/train/attr_has_pedestrian_railing_train.csv,data/features/dinov3_vitb16_remaining_attributes_assets.csv,classification,dinov3_frozen_embeddings_random_forest,random_forest,StratifiedGroupKFold,5,5,107917,No railings,No railings,True
attr_has_pedestrian_railing,attr_has_pedestrian_railing,data/processed/train/attr_has_pedestrian_railing_train.csv,data/features/dinov3_vitb16_remaining_attributes_assets.csv,classification,dinov3_frozen_embeddings_random_forest,random_forest,StratifiedGroupKFold,5,5,107918,No railings,No railings,True
attr_has_pedestrian_railing,attr_has_pedestrian_railing,data/processed/train/attr_has_pedestrian_railing_train.csv,data/features/dinov3_vitb16_remaining_attributes_assets.csv,classification,dinov3_frozen_embeddings_random_forest,random_forest,StratifiedGroupKFold,5,5,107934,No railings,No railings,True
attr_has_pedestrian_railing,attr_has_pedestrian_railing,data/processed/train/attr_has_pedestrian_railing_train.csv,data/features/dinov3_vitb16_remaining_attributes_assets.csv,classification,dinov3_frozen_embeddings_random_forest,random_forest,StratifiedGroupKFold,5,5,107935,No railings,No railings,True
attr_has_pedestrian_railing,attr_has_pedestrian_railing,data/processed/train/attr_has_pedestrian_railing_train.csv,data/features/dinov3_vitb16_remaining_attributes_assets.csv,classification,dinov3_frozen_embeddings_random_forest,random_forest,StratifiedGroupKFold,5,5,107983,No railings,No railings,True
attr_has_pedestrian_railing,attr_has_pedestrian_railing,data/processed/train/attr_has_pedestrian_railing_train.csv,data/features/dinov3_vitb16_remaining_attributes_assets.csv,classification,dinov3_frozen_embeddings_random_forest,random_forest,StratifiedGroupKFold,5,5,108004,No railings,No railings,True
attr_has_pedestrian_railing,attr_has_pedestrian_railing,data/processed/train/attr_has_pedestrian_railing_train.csv,data/features/dinov3_vitb16_remaining_attributes_assets.csv,classification,dinov3_frozen_embeddings_random_forest,random_forest,StratifiedGroupKFold,5,5,108006,No railings,No railings,True
attr_has_pedestrian_railing,attr_has_pedestrian_railing,data/processed/train/attr_has_pedestrian_railing_train.csv,data/features/dinov3_vitb16_remaining_attributes_assets.csv,classification,dinov3_frozen_embeddings_random_forest,random_forest,StratifiedGroupKFold,5,5,108012,No railings,No railings,True
attr_has_pedestrian_railing,attr_has_pedestrian_railing,data/processed/train/attr_has_pedestrian_railing_train.csv,data/features/dinov3_vitb16_remaining_attributes_assets.csv,classification,dinov3_frozen_embeddings_random_forest,random_forest,StratifiedGroupKFold,5,5,108868,2 railings,No railings,False
attr_has_pedestrian_railing,attr_has_pedestrian_railing,data/processed/train/attr_has_pedestrian_railing_train.csv,data/features/dinov3_vitb16_remaining_attributes_assets.csv,classification,dinov3_frozen_embeddings_random_forest,random_forest,StratifiedGroupKFold,5,5,109801,1 railing,1 railing,True
attr_has_pedestrian_railing,attr_has_pedestrian_railing,data/processed/train/attr_has_pedestrian_railing_train.csv,data/features/dinov3_vitb16_remaining_attributes_assets.csv,classification,dinov3_frozen_embeddings_random_forest,random_forest,StratifiedGroupKFold,5,5,109919,2 railings,1 railing,False
attr_has_pedestrian_railing,attr_has_pedestrian_railing,data/processed/train/attr_has_pedestrian_railing_train.csv,data/features/dinov3_vitb16_remaining_attributes_assets.csv,classification,dinov3_frozen_embeddings_random_forest,random_forest,StratifiedGroupKFold,5,5,110086,No railings,No railings,True
attr_has_pedestrian_railing,attr_has_pedestrian_railing,data/processed/train/attr_has_pedestrian_railing_train.csv,data/features/dinov3_vitb16_remaining_attributes_assets.csv,classification,dinov3_frozen_embeddings_random_forest,random_forest,StratifiedGroupKFold,5,5,110212,No railings,No railings,True
attr_has_pedestrian_railing,attr_has_pedestrian_railing,data/processed/train/attr_has_pedestrian_railing_train.csv,data/features/dinov3_vitb16_remaining_attributes_assets.csv,classification,dinov3_frozen_embeddings_random_forest,random_forest,StratifiedGroupKFold,5,5,110871,No railings,No railings,True
attr_has_pedestrian_railing,attr_has_pedestrian_railing,data/processed/train/attr_has_pedestrian_railing_train.csv,data/features/dinov3_vitb16_remaining_attributes_assets.csv,classification,dinov3_frozen_embeddings_random_forest,random_forest,StratifiedGroupKFold,5,5,110875,No railings,No railings,True
attr_has_pedestrian_railing,attr_has_pedestrian_railing,data/processed/train/attr_has_pedestrian_railing_train.csv,data/features/dinov3_vitb16_remaining_attributes_assets.csv,classification,dinov3_frozen_embeddings_random_forest,random_forest,StratifiedGroupKFold,5,5,111458,No railings,No railings,True
attr_has_pedestrian_railing,attr_has_pedestrian_railing,data/processed/train/attr_has_pedestrian_railing_train.csv,data/features/dinov3_vitb16_remaining_attributes_assets.csv,classification,dinov3_frozen_embeddings_random_forest,random_forest,StratifiedGroupKFold,5,5,112902,No railings,No railings,True
attr_has_pedestrian_railing,attr_has_pedestrian_railing,data/processed/train/attr_has_pedestrian_railing_train.csv,data/features/dinov3_vitb16_remaining_attributes_assets.csv,classification,dinov3_frozen_embeddings_random_forest,random_forest,StratifiedGroupKFold,5,5,113161,1 railing,No railings,False
attr_has_pedestrian_railing,attr_has_pedestrian_railing,data/processed/train/attr_has_pedestrian_railing_train.csv,data/features/dinov3_vitb16_remaining_attributes_assets.csv,classification,dinov3_frozen_embeddings_random_forest,random_forest,StratifiedGroupKFold,5,5,113185,1 railing,No railings,False
attr_has_pedestrian_railing,attr_has_pedestrian_railing,data/processed/train/attr_has_pedestrian_railing_train.csv,data/features/dinov3_vitb16_remaining_attributes_assets.csv,classification,dinov3_frozen_embeddings_random_forest,random_forest,StratifiedGroupKFold,5,5,113191,No railings,No railings,True
attr_has_pedestrian_railing,attr_has_pedestrian_railing,data/processed/train/attr_has_pedestrian_railing_train.csv,data/features/dinov3_vitb16_remaining_attributes_assets.csv,classification,dinov3_frozen_embeddings_random_forest,random_forest,StratifiedGroupKFold,5,5,113204,No railings,No railings,True
attr_has_pedestrian_railing,attr_has_pedestrian_railing,data/processed/train/attr_has_pedestrian_railing_train.csv,data/features/dinov3_vitb16_remaining_attributes_assets.csv,classification,dinov3_frozen_embeddings_random_forest,random_forest,StratifiedGroupKFold,5,5,115090,1 railing,1 railing,True
attr_has_pedestrian_railing,attr_has_pedestrian_railing,data/processed/train/attr_has_pedestrian_railing_train.csv,data/features/dinov3_vitb16_remaining_attributes_assets.csv,classification,dinov3_frozen_embeddings_random_forest,random_forest,StratifiedGroupKFold,5,5,117202,1 railing,1 railing,True
attr_has_pedestrian_railing,attr_has_pedestrian_railing,data/processed/train/attr_has_pedestrian_railing_train.csv,data/features/dinov3_vitb16_remaining_attributes_assets.csv,classification,dinov3_frozen_embeddings_random_forest,random_forest,StratifiedGroupKFold,5,5,117205,1 railing,No railings,False
attr_has_pedestrian_railing,attr_has_pedestrian_railing,data/processed/train/attr_has_pedestrian_railing_train.csv,data/features/dinov3_vitb16_remaining_attributes_assets.csv,classification,dinov3_frozen_embeddings_random_forest,random_forest,StratifiedGroupKFold,5,5,117219,1 railing,1 railing,True
attr_has_pedestrian_railing,attr_has_pedestrian_railing,data/processed/train/attr_has_pedestrian_railing_train.csv,data/features/dinov3_vitb16_remaining_attributes_assets.csv,classification,dinov3_frozen_embeddings_random_forest,random_forest,StratifiedGroupKFold,5,5,117590,No railings,No railings,True
attr_has_pedestrian_railing,attr_has_pedestrian_railing,data/processed/train/attr_has_pedestrian_railing_train.csv,data/features/dinov3_vitb16_remaining_attributes_assets.csv,classification,dinov3_frozen_embeddings_random_forest,random_forest,StratifiedGroupKFold,5,5,118556,1 railing,No railings,False
attr_has_pedestrian_railing,attr_has_pedestrian_railing,data/processed/train/attr_has_pedestrian_railing_train.csv,data/features/dinov3_vitb16_remaining_attributes_assets.csv,classification,dinov3_frozen_embeddings_random_forest,random_forest,StratifiedGroupKFold,5,5,120733,No railings,No railings,True
attr_has_pedestrian_railing,attr_has_pedestrian_railing,data/processed/train/attr_has_pedestrian_railing_train.csv,data/features/dinov3_vitb16_remaining_attributes_assets.csv,classification,dinov3_frozen_embeddings_random_forest,random_forest,StratifiedGroupKFold,5,5,120734,No railings,No railings,True
attr_has_pedestrian_railing,attr_has_pedestrian_railing,data/processed/train/attr_has_pedestrian_railing_train.csv,data/features/dinov3_vitb16_remaining_attributes_assets.csv,classification,dinov3_frozen_embeddings_random_forest,random_forest,StratifiedGroupKFold,5,5,121016,No railings,No railings,True
attr_has_pedestrian_railing,attr_has_pedestrian_railing,data/processed/train/attr_has_pedestrian_railing_train.csv,data/features/dinov3_vitb16_remaining_attributes_assets.csv,classification,dinov3_frozen_embeddings_random_forest,random_forest,StratifiedGroupKFold,5,5,121017,No railings,No railings,True
attr_has_pedestrian_railing,attr_has_pedestrian_railing,data/processed/train/attr_has_pedestrian_railing_train.csv,data/features/dinov3_vitb16_remaining_attributes_assets.csv,classification,dinov3_frozen_embeddings_random_forest,random_forest,StratifiedGroupKFold,5,5,121484,No railings,No railings,True
attr_has_pedestrian_railing,attr_has_pedestrian_railing,data/processed/train/attr_has_pedestrian_railing_train.csv,data/features/dinov3_vitb16_remaining_attributes_assets.csv,classification,dinov3_frozen_embeddings_random_forest,random_forest,StratifiedGroupKFold,5,5,121503,2 railings,2 railings,True
attr_has_pedestrian_railing,attr_has_pedestrian_railing,data/processed/train/attr_has_pedestrian_railing_train.csv,data/features/dinov3_vitb16_remaining_attributes_assets.csv,classification,dinov3_frozen_embeddings_random_forest,random_forest,StratifiedGroupKFold,5,5,121917,No railings,No railings,True
attr_has_pedestrian_railing,attr_has_pedestrian_railing,data/processed/train/attr_has_pedestrian_railing_train.csv,data/features/dinov3_vitb16_remaining_attributes_assets.csv,classification,dinov3_frozen_embeddings_random_forest,random_forest,StratifiedGroupKFold,5,5,122649,No railings,No railings,True
attr_has_pedestrian_railing,attr_has_pedestrian_railing,data/processed/train/attr_has_pedestrian_railing_train.csv,data/features/dinov3_vitb16_remaining_attributes_assets.csv,classification,dinov3_frozen_embeddings_random_forest,random_forest,StratifiedGroupKFold,5,5,122661,No railings,No railings,True
attr_has_pedestrian_railing,attr_has_pedestrian_railing,data/processed/train/attr_has_pedestrian_railing_train.csv,data/features/dinov3_vitb16_remaining_attributes_assets.csv,classification,dinov3_frozen_embeddings_random_forest,random_forest,StratifiedGroupKFold,5,5,122664,2 railings,1 railing,False
attr_has_pedestrian_railing,attr_has_pedestrian_railing,data/processed/train/attr_has_pedestrian_railing_train.csv,data/features/dinov3_vitb16_remaining_attributes_assets.csv,classification,dinov3_frozen_embeddings_random_forest,random_forest,StratifiedGroupKFold,5,5,123145,No railings,No railings,True
attr_has_pedestrian_railing,attr_has_pedestrian_railing,data/processed/train/attr_has_pedestrian_railing_train.csv,data/features/dinov3_vitb16_remaining_attributes_assets.csv,classification,dinov3_frozen_embeddings_random_forest,random_forest,StratifiedGroupKFold,5,5,123421,No railings,No railings,True
attr_has_pedestrian_railing,attr_has_pedestrian_railing,data/processed/train/attr_has_pedestrian_railing_train.csv,data/features/dinov3_vitb16_remaining_attributes_assets.csv,classification,dinov3_frozen_embeddings_random_forest,random_forest,StratifiedGroupKFold,5,5,123605,1 railing,No railings,False
attr_has_pedestrian_railing,attr_has_pedestrian_railing,data/processed/train/attr_has_pedestrian_railing_train.csv,data/features/dinov3_vitb16_remaining_attributes_assets.csv,classification,dinov3_frozen_embeddings_random_forest,random_forest,StratifiedGroupKFold,5,5,123620,No railings,No railings,True
attr_has_pedestrian_railing,attr_has_pedestrian_railing,data/processed/train/attr_has_pedestrian_railing_train.csv,data/features/dinov3_vitb16_remaining_attributes_assets.csv,classification,dinov3_frozen_embeddings_random_forest,random_forest,StratifiedGroupKFold,5,5,124042,No railings,No railings,True
attr_has_pedestrian_railing,attr_has_pedestrian_railing,data/processed/train/attr_has_pedestrian_railing_train.csv,data/features/dinov3_vitb16_remaining_attributes_assets.csv,classification,dinov3_frozen_embeddings_random_forest,random_forest,StratifiedGroupKFold,5,5,125976,No railings,No railings,True
attr_has_pedestrian_railing,attr_has_pedestrian_railing,data/processed/train/attr_has_pedestrian_railing_train.csv,data/features/dinov3_vitb16_remaining_attributes_assets.csv,classification,dinov3_frozen_embeddings_random_forest,random_forest,StratifiedGroupKFold,5,5,47389,No railings,No railings,True
attr_has_pedestrian_railing,attr_has_pedestrian_railing,data/processed/train/attr_has_pedestrian_railing_train.csv,data/features/dinov3_vitb16_remaining_attributes_assets.csv,classification,dinov3_frozen_embeddings_random_forest,random_forest,StratifiedGroupKFold,5,5,47636,No railings,No railings,True
attr_has_pedestrian_railing,attr_has_pedestrian_railing,data/processed/train/attr_has_pedestrian_railing_train.csv,data/features/dinov3_vitb16_remaining_attributes_assets.csv,classification,dinov3_frozen_embeddings_random_forest,random_forest,StratifiedGroupKFold,5,5,48625,No railings,No railings,True
attr_has_pedestrian_railing,attr_has_pedestrian_railing,data/processed/train/attr_has_pedestrian_railing_train.csv,data/features/dinov3_vitb16_remaining_attributes_assets.csv,classification,dinov3_frozen_embeddings_random_forest,random_forest,StratifiedGroupKFold,5,5,48696,No railings,No railings,True
attr_has_pedestrian_railing,attr_has_pedestrian_railing,data/processed/train/attr_has_pedestrian_railing_train.csv,data/features/dinov3_vitb16_remaining_attributes_assets.csv,classification,dinov3_frozen_embeddings_random_forest,random_forest,StratifiedGroupKFold,5,5,49061,No railings,No railings,True
attr_has_pedestrian_railing,attr_has_pedestrian_railing,data/processed/train/attr_has_pedestrian_railing_train.csv,data/features/dinov3_vitb16_remaining_attributes_assets.csv,classification,dinov3_frozen_embeddings_random_forest,random_forest,StratifiedGroupKFold,5,5,49183,No railings,No railings,True
attr_has_pedestrian_railing,attr_has_pedestrian_railing,data/processed/train/attr_has_pedestrian_railing_train.csv,data/features/dinov3_vitb16_remaining_attributes_assets.csv,classification,dinov3_frozen_embeddings_random_forest,random_forest,StratifiedGroupKFold,5,5,49679,No railings,No railings,True
attr_has_pedestrian_railing,attr_has_pedestrian_railing,data/processed/train/attr_has_pedestrian_railing_train.csv,data/features/dinov3_vitb16_remaining_attributes_assets.csv,classification,dinov3_frozen_embeddings_random_forest,random_forest,StratifiedGroupKFold,5,5,49682,No railings,No railings,True
attr_has_pedestrian_railing,attr_has_pedestrian_railing,data/processed/train/attr_has_pedestrian_railing_train.csv,data/features/dinov3_vitb16_remaining_attributes_assets.csv,classification,dinov3_frozen_embeddings_random_forest,random_forest,StratifiedGroupKFold,5,5,50235,No railings,No railings,True
attr_has_pedestrian_railing,attr_has_pedestrian_railing,data/processed/train/attr_has_pedestrian_railing_train.csv,data/features/dinov3_vitb16_remaining_attributes_assets.csv,classification,dinov3_frozen_embeddings_random_forest,random_forest,StratifiedGroupKFold,5,5,50625,No railings,No railings,True
attr_has_pedestrian_railing,attr_has_pedestrian_railing,data/processed/train/attr_has_pedestrian_railing_train.csv,data/features/dinov3_vitb16_remaining_attributes_assets.csv,classification,dinov3_frozen_embeddings_random_forest,random_forest,StratifiedGroupKFold,5,5,50654,No railings,No railings,True
attr_has_pedestrian_railing,attr_has_pedestrian_railing,data/processed/train/attr_has_pedestrian_railing_train.csv,data/features/dinov3_vitb16_remaining_attributes_assets.csv,classification,dinov3_frozen_embeddings_random_forest,random_forest,StratifiedGroupKFold,5,5,52243,No railings,No railings,True
attr_has_pedestrian_railing,attr_has_pedestrian_railing,data/processed/train/attr_has_pedestrian_railing_train.csv,data/features/dinov3_vitb16_remaining_attributes_assets.csv,classification,dinov3_frozen_embeddings_random_forest,random_forest,StratifiedGroupKFold,5,5,52457,1 railing,No railings,False
attr_has_pedestrian_railing,attr_has_pedestrian_railing,data/processed/train/attr_has_pedestrian_railing_train.csv,data/features/dinov3_vitb16_remaining_attributes_assets.csv,classification,dinov3_frozen_embeddings_random_forest,random_forest,StratifiedGroupKFold,5,5,52668,No railings,No railings,True
attr_has_pedestrian_railing,attr_has_pedestrian_railing,data/processed/train/attr_has_pedestrian_railing_train.csv,data/features/dinov3_vitb16_remaining_attributes_assets.csv,classification,dinov3_frozen_embeddings_random_forest,random_forest,StratifiedGroupKFold,5,5,55640,No railings,No railings,True
attr_has_pedestrian_railing,attr_has_pedestrian_railing,data/processed/train/attr_has_pedestrian_railing_train.csv,data/features/dinov3_vitb16_remaining_attributes_assets.csv,classification,dinov3_frozen_embeddings_random_forest,random_forest,StratifiedGroupKFold,5,5,55641,No railings,No railings,True
attr_has_pedestrian_railing,attr_has_pedestrian_railing,data/processed/train/attr_has_pedestrian_railing_train.csv,data/features/dinov3_vitb16_remaining_attributes_assets.csv,classification,dinov3_frozen_embeddings_random_forest,random_forest,StratifiedGroupKFold,5,5,56777,No railings,No railings,True
attr_has_pedestrian_railing,attr_has_pedestrian_railing,data/processed/train/attr_has_pedestrian_railing_train.csv,data/features/dinov3_vitb16_remaining_attributes_assets.csv,classification,dinov3_frozen_embeddings_random_forest,random_forest,StratifiedGroupKFold,5,5,61003,No railings,No railings,True
attr_has_pedestrian_railing,attr_has_pedestrian_railing,data/processed/train/attr_has_pedestrian_railing_train.csv,data/features/dinov3_vitb16_remaining_attributes_assets.csv,classification,dinov3_frozen_embeddings_random_forest,random_forest,StratifiedGroupKFold,5,5,61004,No railings,2 railings,False
attr_has_pedestrian_railing,attr_has_pedestrian_railing,data/processed/train/attr_has_pedestrian_railing_train.csv,data/features/dinov3_vitb16_remaining_attributes_assets.csv,classification,dinov3_frozen_embeddings_random_forest,random_forest,StratifiedGroupKFold,5,5,61415,No railings,No railings,True
attr_has_pedestrian_railing,attr_has_pedestrian_railing,data/processed/train/attr_has_pedestrian_railing_train.csv,data/features/dinov3_vitb16_remaining_attributes_assets.csv,classification,dinov3_frozen_embeddings_random_forest,random_forest,StratifiedGroupKFold,5,5,63219,No railings,No railings,True
attr_has_pedestrian_railing,attr_has_pedestrian_railing,data/processed/train/attr_has_pedestrian_railing_train.csv,data/features/dinov3_vitb16_remaining_attributes_assets.csv,classification,dinov3_frozen_embeddings_random_forest,random_forest,StratifiedGroupKFold,5,5,64105,No railings,No railings,True
attr_has_pedestrian_railing,attr_has_pedestrian_railing,data/processed/train/attr_has_pedestrian_railing_train.csv,data/features/dinov3_vitb16_remaining_attributes_assets.csv,classification,dinov3_frozen_embeddings_random_forest,random_forest,StratifiedGroupKFold,5,5,64118,2 railings,No railings,False
attr_has_pedestrian_railing,attr_has_pedestrian_railing,data/processed/train/attr_has_pedestrian_railing_train.csv,data/features/dinov3_vitb16_remaining_attributes_assets.csv,classification,dinov3_frozen_embeddings_random_forest,random_forest,StratifiedGroupKFold,5,5,66173,No railings,No railings,True
attr_has_pedestrian_railing,attr_has_pedestrian_railing,data/processed/train/attr_has_pedestrian_railing_train.csv,data/features/dinov3_vitb16_remaining_attributes_assets.csv,classification,dinov3_frozen_embeddings_random_forest,random_forest,StratifiedGroupKFold,5,5,66922,No railings,No railings,True
attr_has_pedestrian_railing,attr_has_pedestrian_railing,data/processed/train/attr_has_pedestrian_railing_train.csv,data/features/dinov3_vitb16_remaining_attributes_assets.csv,classification,dinov3_frozen_embeddings_random_forest,random_forest,StratifiedGroupKFold,5,5,80596,No railings,No railings,True
attr_has_pedestrian_railing,attr_has_pedestrian_railing,data/processed/train/attr_has_pedestrian_railing_train.csv,data/features/dinov3_vitb16_remaining_attributes_assets.csv,classification,dinov3_frozen_embeddings_random_forest,random_forest,StratifiedGroupKFold,5,5,83116,No railings,No railings,True
attr_has_pedestrian_railing,attr_has_pedestrian_railing,data/processed/train/attr_has_pedestrian_railing_train.csv,data/features/dinov3_vitb16_remaining_attributes_assets.csv,classification,dinov3_frozen_embeddings_random_forest,random_forest,StratifiedGroupKFold,5,5,83141,No railings,No railings,True
attr_has_pedestrian_railing,attr_has_pedestrian_railing,data/processed/train/attr_has_pedestrian_railing_train.csv,data/features/dinov3_vitb16_remaining_attributes_assets.csv,classification,dinov3_frozen_embeddings_random_forest,random_forest,StratifiedGroupKFold,5,5,83946,2 railings,No railings,False
attr_has_pedestrian_railing,attr_has_pedestrian_railing,data/processed/train/attr_has_pedestrian_railing_train.csv,data/features/dinov3_vitb16_remaining_attributes_assets.csv,classification,dinov3_frozen_embeddings_random_forest,random_forest,StratifiedGroupKFold,5,5,85149,No railings,No railings,True
attr_has_pedestrian_railing,attr_has_pedestrian_railing,data/processed/train/attr_has_pedestrian_railing_train.csv,data/features/dinov3_vitb16_remaining_attributes_assets.csv,classification,dinov3_frozen_embeddings_random_forest,random_forest,StratifiedGroupKFold,5,5,85150,No railings,No railings,True
attr_has_pedestrian_railing,attr_has_pedestrian_railing,data/processed/train/attr_has_pedestrian_railing_train.csv,data/features/dinov3_vitb16_remaining_attributes_assets.csv,classification,dinov3_frozen_embeddings_random_forest,random_forest,StratifiedGroupKFold,5,5,85210,No railings,No railings,True
attr_has_pedestrian_railing,attr_has_pedestrian_railing,data/processed/train/attr_has_pedestrian_railing_train.csv,data/features/dinov3_vitb16_remaining_attributes_assets.csv,classification,dinov3_frozen_embeddings_random_forest,random_forest,StratifiedGroupKFold,5,5,87188,No railings,No railings,True
attr_has_pedestrian_railing,attr_has_pedestrian_railing,data/processed/train/attr_has_pedestrian_railing_train.csv,data/features/dinov3_vitb16_remaining_attributes_assets.csv,classification,dinov3_frozen_embeddings_random_forest,random_forest,StratifiedGroupKFold,5,5,87549,No railings,No railings,True
attr_has_pedestrian_railing,attr_has_pedestrian_railing,data/processed/train/attr_has_pedestrian_railing_train.csv,data/features/dinov3_vitb16_remaining_attributes_assets.csv,classification,dinov3_frozen_embeddings_random_forest,random_forest,StratifiedGroupKFold,5,5,88136,No railings,No railings,True
attr_has_pedestrian_railing,attr_has_pedestrian_railing,data/processed/train/attr_has_pedestrian_railing_train.csv,data/features/dinov3_vitb16_remaining_attributes_assets.csv,classification,dinov3_frozen_embeddings_random_forest,random_forest,StratifiedGroupKFold,5,5,88195,No railings,No railings,True
attr_has_pedestrian_railing,attr_has_pedestrian_railing,data/processed/train/attr_has_pedestrian_railing_train.csv,data/features/dinov3_vitb16_remaining_attributes_assets.csv,classification,dinov3_frozen_embeddings_random_forest,random_forest,StratifiedGroupKFold,5,5,88280,No railings,No railings,True
attr_has_pedestrian_railing,attr_has_pedestrian_railing,data/processed/train/attr_has_pedestrian_railing_train.csv,data/features/dinov3_vitb16_remaining_attributes_assets.csv,classification,dinov3_frozen_embeddings_random_forest,random_forest,StratifiedGroupKFold,5,5,88467,2 railings,No railings,False
attr_has_pedestrian_railing,attr_has_pedestrian_railing,data/processed/train/attr_has_pedestrian_railing_train.csv,data/features/dinov3_vitb16_remaining_attributes_assets.csv,classification,dinov3_frozen_embeddings_random_forest,random_forest,StratifiedGroupKFold,5,5,88741,No railings,No railings,True
attr_has_pedestrian_railing,attr_has_pedestrian_railing,data/processed/train/attr_has_pedestrian_railing_train.csv,data/features/dinov3_vitb16_remaining_attributes_assets.csv,classification,dinov3_frozen_embeddings_random_forest,random_forest,StratifiedGroupKFold,5,5,89716,No railings,No railings,True
attr_has_pedestrian_railing,attr_has_pedestrian_railing,data/processed/train/attr_has_pedestrian_railing_train.csv,data/features/dinov3_vitb16_remaining_attributes_assets.csv,classification,dinov3_frozen_embeddings_random_forest,random_forest,StratifiedGroupKFold,5,5,88823,No railings,No railings,True
attr_has_pedestrian_railing,attr_has_pedestrian_railing,data/processed/train/attr_has_pedestrian_railing_train.csv,data/features/dinov3_vitb16_remaining_attributes_assets.csv,classification,dinov3_frozen_embeddings_random_forest,random_forest,StratifiedGroupKFold,5,5,88845,2 railings,2 railings,True
attr_has_pedestrian_railing,attr_has_pedestrian_railing,data/processed/train/attr_has_pedestrian_railing_train.csv,data/features/dinov3_vitb16_remaining_attributes_assets.csv,classification,dinov3_frozen_embeddings_random_forest,random_forest,StratifiedGroupKFold,5,5,88847,2 railings,No railings,False
attr_has_pedestrian_railing,attr_has_pedestrian_railing,data/processed/train/attr_has_pedestrian_railing_train.csv,data/features/dinov3_vitb16_remaining_attributes_assets.csv,classification,dinov3_frozen_embeddings_random_forest,random_forest,StratifiedGroupKFold,5,5,88856,2 railings,No railings,False
attr_has_pedestrian_railing,attr_has_pedestrian_railing,data/processed/train/attr_has_pedestrian_railing_train.csv,data/features/dinov3_vitb16_remaining_attributes_assets.csv,classification,dinov3_frozen_embeddings_random_forest,random_forest,StratifiedGroupKFold,5,5,88857,2 railings,No railings,False
attr_has_pedestrian_railing,attr_has_pedestrian_railing,data/processed/train/attr_has_pedestrian_railing_train.csv,data/features/dinov3_vitb16_remaining_attributes_assets.csv,classification,dinov3_frozen_embeddings_random_forest,random_forest,StratifiedGroupKFold,5,5,89576,No railings,No railings,True
attr_has_pedestrian_railing,attr_has_pedestrian_railing,data/processed/train/attr_has_pedestrian_railing_train.csv,data/features/dinov3_vitb16_remaining_attributes_assets.csv,classification,dinov3_frozen_embeddings_random_forest,random_forest,StratifiedGroupKFold,5,5,89580,No railings,No railings,True
attr_has_pedestrian_railing,attr_has_pedestrian_railing,data/processed/train/attr_has_pedestrian_railing_train.csv,data/features/dinov3_vitb16_remaining_attributes_assets.csv,classification,dinov3_frozen_embeddings_random_forest,random_forest,StratifiedGroupKFold,5,5,89761,No railings,No railings,True
attr_has_pedestrian_railing,attr_has_pedestrian_railing,data/processed/train/attr_has_pedestrian_railing_train.csv,data/features/dinov3_vitb16_remaining_attributes_assets.csv,classification,dinov3_frozen_embeddings_random_forest,random_forest,StratifiedGroupKFold,5,5,89763,No railings,No railings,True
attr_has_pedestrian_railing,attr_has_pedestrian_railing,data/processed/train/attr_has_pedestrian_railing_train.csv,data/features/dinov3_vitb16_remaining_attributes_assets.csv,classification,dinov3_frozen_embeddings_random_forest,random_forest,StratifiedGroupKFold,5,5,92801,No railings,No railings,True
attr_has_pedestrian_railing,attr_has_pedestrian_railing,data/processed/train/attr_has_pedestrian_railing_train.csv,data/features/dinov3_vitb16_remaining_attributes_assets.csv,classification,dinov3_frozen_embeddings_random_forest,random_forest,StratifiedGroupKFold,5,5,96291,No railings,No railings,True
attr_has_pedestrian_railing,attr_has_pedestrian_railing,data/processed/train/attr_has_pedestrian_railing_train.csv,data/features/dinov3_vitb16_remaining_attributes_assets.csv,classification,dinov3_frozen_embeddings_random_forest,random_forest,StratifiedGroupKFold,5,5,96884,2 railings,No railings,False
attr_has_pedestrian_railing,attr_has_pedestrian_railing,data/processed/train/attr_has_pedestrian_railing_train.csv,data/features/dinov3_vitb16_remaining_attributes_assets.csv,classification,dinov3_frozen_embeddings_random_forest,random_forest,StratifiedGroupKFold,5,5,99880,No railings,No railings,True
attr_has_pedestrian_railing,attr_has_pedestrian_railing,data/processed/train/attr_has_pedestrian_railing_train.csv,data/features/dinov3_vitb16_remaining_attributes_assets.csv,classification,dinov3_frozen_embeddings_random_forest,random_forest,StratifiedGroupKFold,5,5,100752,No railings,No railings,True
attr_has_pedestrian_railing,attr_has_pedestrian_railing,data/processed/train/attr_has_pedestrian_railing_train.csv,data/features/dinov3_vitb16_remaining_attributes_assets.csv,classification,dinov3_frozen_embeddings_random_forest,random_forest,StratifiedGroupKFold,5,5,101541,2 railings,No railings,False
attr_has_pedestrian_railing,attr_has_pedestrian_railing,data/processed/train/attr_has_pedestrian_railing_train.csv,data/features/dinov3_vitb16_remaining_attributes_assets.csv,classification,dinov3_frozen_embeddings_random_forest,random_forest,StratifiedGroupKFold,5,5,102360,No railings,No railings,True
attr_has_pedestrian_railing,attr_has_pedestrian_railing,data/processed/train/attr_has_pedestrian_railing_train.csv,data/features/dinov3_vitb16_remaining_attributes_assets.csv,classification,dinov3_frozen_embeddings_random_forest,random_forest,StratifiedGroupKFold,5,5,102842,No railings,No railings,True
attr_has_pedestrian_railing,attr_has_pedestrian_railing,data/processed/train/attr_has_pedestrian_railing_train.csv,data/features/dinov3_vitb16_remaining_attributes_assets.csv,classification,dinov3_frozen_embeddings_random_forest,random_forest,StratifiedGroupKFold,5,5,102844,No railings,No railings,True
attr_has_pedestrian_railing,attr_has_pedestrian_railing,data/processed/train/attr_has_pedestrian_railing_train.csv,data/features/dinov3_vitb16_remaining_attributes_assets.csv,classification,dinov3_frozen_embeddings_random_forest,random_forest,StratifiedGroupKFold,5,5,105437,No railings,No railings,True
attr_has_pedestrian_railing,attr_has_pedestrian_railing,data/processed/train/attr_has_pedestrian_railing_train.csv,data/features/dinov3_vitb16_remaining_attributes_assets.csv,classification,dinov3_frozen_embeddings_random_forest,random_forest,StratifiedGroupKFold,5,5,105443,No railings,No railings,True
attr_has_pedestrian_railing,attr_has_pedestrian_railing,data/processed/train/attr_has_pedestrian_railing_train.csv,data/features/dinov3_vitb16_remaining_attributes_assets.csv,classification,dinov3_frozen_embeddings_random_forest,random_forest,StratifiedGroupKFold,5,5,106027,No railings,No railings,True
attr_has_pedestrian_railing,attr_has_pedestrian_railing,data/processed/train/attr_has_pedestrian_railing_train.csv,data/features/dinov3_vitb16_remaining_attributes_assets.csv,classification,dinov3_frozen_embeddings_random_forest,random_forest,StratifiedGroupKFold,5,5,106054,No railings,No railings,True
attr_has_pedestrian_railing,attr_has_pedestrian_railing,data/processed/train/attr_has_pedestrian_railing_train.csv,data/features/dinov3_vitb16_remaining_attributes_assets.csv,classification,dinov3_frozen_embeddings_random_forest,random_forest,StratifiedGroupKFold,5,5,106636,No railings,No railings,True
attr_has_pedestrian_railing,attr_has_pedestrian_railing,data/processed/train/attr_has_pedestrian_railing_train.csv,data/features/dinov3_vitb16_remaining_attributes_assets.csv,classification,dinov3_frozen_embeddings_random_forest,random_forest,StratifiedGroupKFold,5,5,106922,No railings,No railings,True
attr_has_pedestrian_railing,attr_has_pedestrian_railing,data/processed/train/attr_has_pedestrian_railing_train.csv,data/features/dinov3_vitb16_remaining_attributes_assets.csv,classification,dinov3_frozen_embeddings_random_forest,random_forest,StratifiedGroupKFold,5,5,107041,No railings,No railings,True
attr_has_pedestrian_railing,attr_has_pedestrian_railing,data/processed/train/attr_has_pedestrian_railing_train.csv,data/features/dinov3_vitb16_remaining_attributes_assets.csv,classification,dinov3_frozen_embeddings_random_forest,random_forest,StratifiedGroupKFold,5,5,107069,No railings,No railings,True
attr_has_pedestrian_railing,attr_has_pedestrian_railing,data/processed/train/attr_has_pedestrian_railing_train.csv,data/features/dinov3_vitb16_remaining_attributes_assets.csv,classification,dinov3_frozen_embeddings_random_forest,random_forest,StratifiedGroupKFold,5,5,107117,No railings,No railings,True
attr_has_pedestrian_railing,attr_has_pedestrian_railing,data/processed/train/attr_has_pedestrian_railing_train.csv,data/features/dinov3_vitb16_remaining_attributes_assets.csv,classification,dinov3_frozen_embeddings_random_forest,random_forest,StratifiedGroupKFold,5,5,107885,No railings,No railings,True
attr_has_pedestrian_railing,attr_has_pedestrian_railing,data/processed/train/attr_has_pedestrian_railing_train.csv,data/features/dinov3_vitb16_remaining_attributes_assets.csv,classification,dinov3_frozen_embeddings_random_forest,random_forest,StratifiedGroupKFold,5,5,107973,No railings,No railings,True
attr_has_pedestrian_railing,attr_has_pedestrian_railing,data/processed/train/attr_has_pedestrian_railing_train.csv,data/features/dinov3_vitb16_remaining_attributes_assets.csv,classification,dinov3_frozen_embeddings_random_forest,random_forest,StratifiedGroupKFold,5,5,107998,No railings,No railings,True
attr_has_pedestrian_railing,attr_has_pedestrian_railing,data/processed/train/attr_has_pedestrian_railing_train.csv,data/features/dinov3_vitb16_remaining_attributes_assets.csv,classification,dinov3_frozen_embeddings_random_forest,random_forest,StratifiedGroupKFold,5,5,108019,No railings,No railings,True
attr_has_pedestrian_railing,attr_has_pedestrian_railing,data/processed/train/attr_has_pedestrian_railing_train.csv,data/features/dinov3_vitb16_remaining_attributes_assets.csv,classification,dinov3_frozen_embeddings_random_forest,random_forest,StratifiedGroupKFold,5,5,108037,No railings,No railings,True
attr_has_pedestrian_railing,attr_has_pedestrian_railing,data/processed/train/attr_has_pedestrian_railing_train.csv,data/features/dinov3_vitb16_remaining_attributes_assets.csv,classification,dinov3_frozen_embeddings_random_forest,random_forest,StratifiedGroupKFold,5,5,108785,No railings,No railings,True
attr_has_pedestrian_railing,attr_has_pedestrian_railing,data/processed/train/attr_has_pedestrian_railing_train.csv,data/features/dinov3_vitb16_remaining_attributes_assets.csv,classification,dinov3_frozen_embeddings_random_forest,random_forest,StratifiedGroupKFold,5,5,108797,No railings,No railings,True
attr_has_pedestrian_railing,attr_has_pedestrian_railing,data/processed/train/attr_has_pedestrian_railing_train.csv,data/features/dinov3_vitb16_remaining_attributes_assets.csv,classification,dinov3_frozen_embeddings_random_forest,random_forest,StratifiedGroupKFold,5,5,109172,No railings,No railings,True
attr_has_pedestrian_railing,attr_has_pedestrian_railing,data/processed/train/attr_has_pedestrian_railing_train.csv,data/features/dinov3_vitb16_remaining_attributes_assets.csv,classification,dinov3_frozen_embeddings_random_forest,random_forest,StratifiedGroupKFold,5,5,110299,No railings,No railings,True
attr_has_pedestrian_railing,attr_has_pedestrian_railing,data/processed/train/attr_has_pedestrian_railing_train.csv,data/features/dinov3_vitb16_remaining_attributes_assets.csv,classification,dinov3_frozen_embeddings_random_forest,random_forest,StratifiedGroupKFold,5,5,110818,No railings,No railings,True
attr_has_pedestrian_railing,attr_has_pedestrian_railing,data/processed/train/attr_has_pedestrian_railing_train.csv,data/features/dinov3_vitb16_remaining_attributes_assets.csv,classification,dinov3_frozen_embeddings_random_forest,random_forest,StratifiedGroupKFold,5,5,110944,No railings,No railings,True
attr_has_pedestrian_railing,attr_has_pedestrian_railing,data/processed/train/attr_has_pedestrian_railing_train.csv,data/features/dinov3_vitb16_remaining_attributes_assets.csv,classification,dinov3_frozen_embeddings_random_forest,random_forest,StratifiedGroupKFold,5,5,111002,No railings,No railings,True
attr_has_pedestrian_railing,attr_has_pedestrian_railing,data/processed/train/attr_has_pedestrian_railing_train.csv,data/features/dinov3_vitb16_remaining_attributes_assets.csv,classification,dinov3_frozen_embeddings_random_forest,random_forest,StratifiedGroupKFold,5,5,111914,No railings,No railings,True
attr_has_pedestrian_railing,attr_has_pedestrian_railing,data/processed/train/attr_has_pedestrian_railing_train.csv,data/features/dinov3_vitb16_remaining_attributes_assets.csv,classification,dinov3_frozen_embeddings_random_forest,random_forest,StratifiedGroupKFold,5,5,112165,No railings,No railings,True
attr_has_pedestrian_railing,attr_has_pedestrian_railing,data/processed/train/attr_has_pedestrian_railing_train.csv,data/features/dinov3_vitb16_remaining_attributes_assets.csv,classification,dinov3_frozen_embeddings_random_forest,random_forest,StratifiedGroupKFold,5,5,112262,No railings,No railings,True
attr_has_pedestrian_railing,attr_has_pedestrian_railing,data/processed/train/attr_has_pedestrian_railing_train.csv,data/features/dinov3_vitb16_remaining_attributes_assets.csv,classification,dinov3_frozen_embeddings_random_forest,random_forest,StratifiedGroupKFold,5,5,112301,No railings,No railings,True
attr_has_pedestrian_railing,attr_has_pedestrian_railing,data/processed/train/attr_has_pedestrian_railing_train.csv,data/features/dinov3_vitb16_remaining_attributes_assets.csv,classification,dinov3_frozen_embeddings_random_forest,random_forest,StratifiedGroupKFold,5,5,112338,No railings,No railings,True
attr_has_pedestrian_railing,attr_has_pedestrian_railing,data/processed/train/attr_has_pedestrian_railing_train.csv,data/features/dinov3_vitb16_remaining_attributes_assets.csv,classification,dinov3_frozen_embeddings_random_forest,random_forest,StratifiedGroupKFold,5,5,112340,No railings,No railings,True
attr_has_pedestrian_railing,attr_has_pedestrian_railing,data/processed/train/attr_has_pedestrian_railing_train.csv,data/features/dinov3_vitb16_remaining_attributes_assets.csv,classification,dinov3_frozen_embeddings_random_forest,random_forest,StratifiedGroupKFold,5,5,112406,No railings,No railings,True
attr_has_pedestrian_railing,attr_has_pedestrian_railing,data/processed/train/attr_has_pedestrian_railing_train.csv,data/features/dinov3_vitb16_remaining_attributes_assets.csv,classification,dinov3_frozen_embeddings_random_forest,random_forest,StratifiedGroupKFold,5,5,113733,No railings,No railings,True
attr_has_pedestrian_railing,attr_has_pedestrian_railing,data/processed/train/attr_has_pedestrian_railing_train.csv,data/features/dinov3_vitb16_remaining_attributes_assets.csv,classification,dinov3_frozen_embeddings_random_forest,random_forest,StratifiedGroupKFold,5,5,114291,No railings,No railings,True
attr_has_pedestrian_railing,attr_has_pedestrian_railing,data/processed/train/attr_has_pedestrian_railing_train.csv,data/features/dinov3_vitb16_remaining_attributes_assets.csv,classification,dinov3_frozen_embeddings_random_forest,random_forest,StratifiedGroupKFold,5,5,114711,No railings,No railings,True
attr_has_pedestrian_railing,attr_has_pedestrian_railing,data/processed/train/attr_has_pedestrian_railing_train.csv,data/features/dinov3_vitb16_remaining_attributes_assets.csv,classification,dinov3_frozen_embeddings_random_forest,random_forest,StratifiedGroupKFold,5,5,114768,No railings,No railings,True
attr_has_pedestrian_railing,attr_has_pedestrian_railing,data/processed/train/attr_has_pedestrian_railing_train.csv,data/features/dinov3_vitb16_remaining_attributes_assets.csv,classification,dinov3_frozen_embeddings_random_forest,random_forest,StratifiedGroupKFold,5,5,114947,No railings,No railings,True
attr_has_pedestrian_railing,attr_has_pedestrian_railing,data/processed/train/attr_has_pedestrian_railing_train.csv,data/features/dinov3_vitb16_remaining_attributes_assets.csv,classification,dinov3_frozen_embeddings_random_forest,random_forest,StratifiedGroupKFold,5,5,114963,No railings,No railings,True
attr_has_pedestrian_railing,attr_has_pedestrian_railing,data/processed/train/attr_has_pedestrian_railing_train.csv,data/features/dinov3_vitb16_remaining_attributes_assets.csv,classification,dinov3_frozen_embeddings_random_forest,random_forest,StratifiedGroupKFold,5,5,117363,No railings,No railings,True
attr_has_pedestrian_railing,attr_has_pedestrian_railing,data/processed/train/attr_has_pedestrian_railing_train.csv,data/features/dinov3_vitb16_remaining_attributes_assets.csv,classification,dinov3_frozen_embeddings_random_forest,random_forest,StratifiedGroupKFold,5,5,118758,No railings,No railings,True
attr_has_pedestrian_railing,attr_has_pedestrian_railing,data/processed/train/attr_has_pedestrian_railing_train.csv,data/features/dinov3_vitb16_remaining_attributes_assets.csv,classification,dinov3_frozen_embeddings_random_forest,random_forest,StratifiedGroupKFold,5,5,120686,No railings,No railings,True
attr_has_pedestrian_railing,attr_has_pedestrian_railing,data/processed/train/attr_has_pedestrian_railing_train.csv,data/features/dinov3_vitb16_remaining_attributes_assets.csv,classification,dinov3_frozen_embeddings_random_forest,random_forest,StratifiedGroupKFold,5,5,121497,No railings,No railings,True
attr_has_pedestrian_railing,attr_has_pedestrian_railing,data/processed/train/attr_has_pedestrian_railing_train.csv,data/features/dinov3_vitb16_remaining_attributes_assets.csv,classification,dinov3_frozen_embeddings_random_forest,random_forest,StratifiedGroupKFold,5,5,121520,No railings,No railings,True
attr_has_pedestrian_railing,attr_has_pedestrian_railing,data/processed/train/attr_has_pedestrian_railing_train.csv,data/features/dinov3_vitb16_remaining_attributes_assets.csv,classification,dinov3_frozen_embeddings_random_forest,random_forest,StratifiedGroupKFold,5,5,121649,No railings,No railings,True
attr_has_pedestrian_railing,attr_has_pedestrian_railing,data/processed/train/attr_has_pedestrian_railing_train.csv,data/features/dinov3_vitb16_remaining_attributes_assets.csv,classification,dinov3_frozen_embeddings_random_forest,random_forest,StratifiedGroupKFold,5,5,122223,No railings,No railings,True
attr_has_pedestrian_railing,attr_has_pedestrian_railing,data/processed/train/attr_has_pedestrian_railing_train.csv,data/features/dinov3_vitb16_remaining_attributes_assets.csv,classification,dinov3_frozen_embeddings_random_forest,random_forest,StratifiedGroupKFold,5,5,122444,No railings,No railings,True
attr_has_pedestrian_railing,attr_has_pedestrian_railing,data/processed/train/attr_has_pedestrian_railing_train.csv,data/features/dinov3_vitb16_remaining_attributes_assets.csv,classification,dinov3_frozen_embeddings_random_forest,random_forest,StratifiedGroupKFold,5,5,123354,No railings,No railings,True
attr_has_pedestrian_railing,attr_has_pedestrian_railing,data/processed/train/attr_has_pedestrian_railing_train.csv,data/features/dinov3_vitb16_remaining_attributes_assets.csv,classification,dinov3_frozen_embeddings_random_forest,random_forest,StratifiedGroupKFold,5,5,124927,2 railings,No railings,False
attr_has_pedestrian_railing,attr_has_pedestrian_railing,data/processed/train/attr_has_pedestrian_railing_train.csv,data/features/dinov3_vitb16_remaining_attributes_assets.csv,classification,dinov3_frozen_embeddings_random_forest,random_forest,StratifiedGroupKFold,5,5,126199,2 railings,No railings,False
attr_has_pedestrian_railing,attr_has_pedestrian_railing,data/processed/train/attr_has_pedestrian_railing_train.csv,data/features/dinov3_vitb16_remaining_attributes_assets.csv,classification,dinov3_frozen_embeddings_random_forest,random_forest,StratifiedGroupKFold,5,5,127145,2 railings,No railings,False
attr_has_pedestrian_railing,attr_has_pedestrian_railing,data/processed/train/attr_has_pedestrian_railing_train.csv,data/features/dinov3_vitb16_remaining_attributes_assets.csv,classification,dinov3_frozen_embeddings_random_forest,random_forest,StratifiedGroupKFold,5,5,46618,No railings,No railings,True
attr_has_pedestrian_railing,attr_has_pedestrian_railing,data/processed/train/attr_has_pedestrian_railing_train.csv,data/features/dinov3_vitb16_remaining_attributes_assets.csv,classification,dinov3_frozen_embeddings_random_forest,random_forest,StratifiedGroupKFold,5,5,51549,No railings,No railings,True
attr_has_pedestrian_railing,attr_has_pedestrian_railing,data/processed/train/attr_has_pedestrian_railing_train.csv,data/features/dinov3_vitb16_remaining_attributes_assets.csv,classification,dinov3_frozen_embeddings_random_forest,random_forest,StratifiedGroupKFold,5,5,51548,No railings,No railings,True
attr_has_pedestrian_railing,attr_has_pedestrian_railing,data/processed/train/attr_has_pedestrian_railing_train.csv,data/features/dinov3_vitb16_remaining_attributes_assets.csv,classification,dinov3_frozen_embeddings_random_forest,random_forest,StratifiedGroupKFold,5,5,51551,No railings,No railings,True
attr_has_pedestrian_railing,attr_has_pedestrian_railing,data/processed/train/attr_has_pedestrian_railing_train.csv,data/features/dinov3_vitb16_remaining_attributes_assets.csv,classification,dinov3_frozen_embeddings_random_forest,random_forest,StratifiedGroupKFold,5,5,74895,2 railings,No railings,False
attr_has_pedestrian_railing,attr_has_pedestrian_railing,data/processed/train/attr_has_pedestrian_railing_train.csv,data/features/dinov3_vitb16_remaining_attributes_assets.csv,classification,dinov3_frozen_embeddings_random_forest,random_forest,StratifiedGroupKFold,5,5,110166,No railings,No railings,True
