image_path,file_exists,asset_id,profile_id,profile_name,description,file_id,filename,attr_abutment_material,attr_bridge_type,attr_decking_material,attr_fall_height,attr_has_edge_guard,attr_has_pedestrian_railing,attr_length,"attr_material_frame,_tank,_body",attr_number_of_steps,attr_structure_material,attr_structure_position,attr_width,Length measured by staff,length_bin,width_bin,fall_height_bin,steps_bin
data/citywide/images/337/47664/86079__AST_EX_20250803_081025.jpeg,True,47664,337,Boardwalk < 1.2m High,Bishop Bay Hs Backcountry; Boardwalk at Bishop Bay Hot Springs. Last repaired via a Capital Project in 2009.; Boardwalk at Bishop Bay Hot Springs.; About 200 m of boardwalk; mostly red cedar; stringers a,86079,AST_EX_20250803_081025.jpeg,,,Timber,,No,No railings,200.0,Timber/Wood,,Timber,,,True,long (>100m),,,
data/citywide/images/337/46935/59882__IMG_1070.JPG,True,46935,337,Boardwalk < 1.2m High,8' wide wood decked boardwalk with log stringers,59882,IMG_1070.JPG,,,Timber,,No,No railings,15.0,Timber/Wood,,Timber,,3.0,True,short (<20m),wide (>1.5m),,
data/citywide/images/337/47664/86081__AST_EX_20250803_081016.jpeg,True,47664,337,Boardwalk < 1.2m High,Bishop Bay Hs Backcountry; Boardwalk at Bishop Bay Hot Springs. Last repaired via a Capital Project in 2009.; Boardwalk at Bishop Bay Hot Springs.; About 200 m of boardwalk; mostly red cedar; stringers a,86081,AST_EX_20250803_081016.jpeg,,,Timber,,No,No railings,200.0,Timber/Wood,,Timber,,,True,long (>100m),,,
data/citywide/images/337/48119/13815__MI_20210809_144926.jpg,True,48119,337,Boardwalk < 1.2m High,Indian Point - Isaac Lake,13815,MI_20210809_144926.jpg,,,Timber,,No,No railings,8.0,Timber/Wood,,Timber,,1.5,True,short (<20m),wide (>1.5m),,
data/citywide/images/337/47664/86084__AST_EX_20250803_080930.jpeg,True,47664,337,Boardwalk < 1.2m High,Bishop Bay Hs Backcountry; Boardwalk at Bishop Bay Hot Springs. Last repaired via a Capital Project in 2009.; Boardwalk at Bishop Bay Hot Springs.; About 200 m of boardwalk; mostly red cedar; stringers a,86084,AST_EX_20250803_080930.jpeg,,,Timber,,No,No railings,200.0,Timber/Wood,,Timber,,,True,long (>100m),,,
data/citywide/images/337/48119/86267__AST_EX_20250807_142035.jpeg,True,48119,337,Boardwalk < 1.2m High,Indian Point - Isaac Lake,86267,AST_EX_20250807_142035.jpeg,,,Timber,,No,No railings,8.0,Timber/Wood,,Timber,,1.5,True,short (<20m),wide (>1.5m),,
data/citywide/images/337/48119/86268__AST_EX_20250807_142000.jpeg,True,48119,337,Boardwalk < 1.2m High,Indian Point - Isaac Lake,86268,AST_EX_20250807_142000.jpeg,,,Timber,,No,No railings,8.0,Timber/Wood,,Timber,,1.5,True,short (<20m),wide (>1.5m),,
data/citywide/images/337/48121/86240__AST_EX_20250808_133154.jpeg,True,48121,337,Boardwalk < 1.2m High,Isaac River Trail Type Ii,86240,AST_EX_20250808_133154.jpeg,,,Timber,,No,No railings,6.0,Timber/Wood,,Timber,,,True,short (<20m),,,
data/citywide/images/337/48637/27383__AST_EX_20211013_101432.jpeg,True,48637,337,Boardwalk < 1.2m High,Cape Scott Hiking Trail; Item description: FISHERMANS BOARDWALK;,27383,AST_EX_20211013_101432.jpeg,,,Timber,,No,No railings,18.0,Timber/Wood,,Timber,,,True,short (<20m),,,
data/citywide/images/337/48934/15282__AST_EX_20210811_144938.jpeg,True,48934,337,Boardwalk < 1.2m High,Boardwalk,15282,AST_EX_20210811_144938.jpeg,,,Timber,,No,No railings,62.0,Timber/Wood,,Timber,,,True,medium (20-100m),,,
data/citywide/images/337/48634/27385__AST_EX_20211013_101620.jpeg,True,48634,337,Boardwalk < 1.2m High,"Cape Scott Backcountry; Item description: BOARDWALK: (NELS BIGHT TO DONALDSONS FARM); Specifications: elevated WOOD BOARD -WALK, NELS BIGHT TO DONALDSONS FARM. ; Comments: ALL MATERIALS flown in",27385,AST_EX_20211013_101620.jpeg,,,Timber,,No,No railings,2300.0,Timber/Wood,,Timber,,,True,long (>100m),,,
data/citywide/images/337/48934/15283__AST_EX_20210811_144911.jpeg,True,48934,337,Boardwalk < 1.2m High,Boardwalk,15283,AST_EX_20210811_144911.jpeg,,,Timber,,No,No railings,62.0,Timber/Wood,,Timber,,,True,medium (20-100m),,,
data/citywide/images/337/48936/15286__AST_EX_20210811_144036.jpeg,True,48936,337,Boardwalk < 1.2m High,Boardwalk,15286,AST_EX_20210811_144036.jpeg,,,Timber,,No,No railings,22.0,Timber/Wood,,Timber,,,True,medium (20-100m),,,
data/citywide/images/337/51255/70478__MI_20240629_131154.jpg,True,51255,337,Boardwalk < 1.2m High,"in campground, 1M WIDE",70478,MI_20240629_131154.jpg,,,Timber,,No,No railings,30.0,Timber/Wood,,Timber,,,True,medium (20-100m),,,
data/citywide/images/337/51547/18708__AST_EX_20210826_112435.jpeg,True,51547,337,Boardwalk < 1.2m High,46.63m x m |,18708,AST_EX_20210826_112435.jpeg,,,,,,No railings,100.0,Timber/Wood,,,,,True,long (>100m),,,
data/citywide/images/337/51547/18709__AST_EX_20210826_112407.jpeg,True,51547,337,Boardwalk < 1.2m High,46.63m x m |,18709,AST_EX_20210826_112407.jpeg,,,,,,No railings,100.0,Timber/Wood,,,,,True,long (>100m),,,
data/citywide/images/337/51547/18707__AST_EX_20210826_112642.jpeg,True,51547,337,Boardwalk < 1.2m High,46.63m x m |,18707,AST_EX_20210826_112642.jpeg,,,,,,No railings,100.0,Timber/Wood,,,,,True,long (>100m),,,
data/citywide/images/337/51547/18711__AST_EX_20210826_112301.jpeg,True,51547,337,Boardwalk < 1.2m High,46.63m x m |,18711,AST_EX_20210826_112301.jpeg,,,,,,No railings,100.0,Timber/Wood,,,,,True,long (>100m),,,
data/citywide/images/337/51547/18710__AST_EX_20210826_112332.jpeg,True,51547,337,Boardwalk < 1.2m High,46.63m x m |,18710,AST_EX_20210826_112332.jpeg,,,,,,No railings,100.0,Timber/Wood,,,,,True,long (>100m),,,
data/citywide/images/337/51603/24212__AST_EX_20210923_125920.jpeg,True,51603,337,Boardwalk < 1.2m High,Fox Lake; Item description: Boardwalk on Fox Lake Trail;,24212,AST_EX_20210923_125920.jpeg,,,Timber,,No,No railings,150.0,Timber/Wood,,Timber,,,True,long (>100m),,,
data/citywide/images/337/51547/18706__AST_EX_20210826_113015.jpeg,True,51547,337,Boardwalk < 1.2m High,46.63m x m |,18706,AST_EX_20210826_113015.jpeg,,,,,,No railings,100.0,Timber/Wood,,,,,True,long (>100m),,,
data/citywide/images/337/51603/24216__AST_EX_20210923_125846.jpeg,True,51603,337,Boardwalk < 1.2m High,Fox Lake; Item description: Boardwalk on Fox Lake Trail;,24216,AST_EX_20210923_125846.jpeg,,,Timber,,No,No railings,150.0,Timber/Wood,,Timber,,,True,long (>100m),,,
data/citywide/images/337/51603/87633__AST_EX_20250826_101822.jpeg,True,51603,337,Boardwalk < 1.2m High,Fox Lake; Item description: Boardwalk on Fox Lake Trail;,87633,AST_EX_20250826_101822.jpeg,,,Timber,,No,No railings,150.0,Timber/Wood,,Timber,,,True,long (>100m),,,
data/citywide/images/337/51603/24222__AST_EX_20210923_130140.jpeg,True,51603,337,Boardwalk < 1.2m High,Fox Lake; Item description: Boardwalk on Fox Lake Trail;,24222,AST_EX_20210923_130140.jpeg,,,Timber,,No,No railings,150.0,Timber/Wood,,Timber,,,True,long (>100m),,,
data/citywide/images/337/52128/59838__AST_EX_20220810_113210.jpeg,True,52128,337,Boardwalk < 1.2m High,"Flores Island Hiking Trail; Additional notes: 2430mm span, 250mm width x 900mm high, constructed by 4 x 4 wooden stringers w/ 2x 6 decking;",59838,AST_EX_20220810_113210.jpeg,,,,,No,No railings,,,,,,1.0,False,,standard (0.9-1.5m),,
data/citywide/images/337/51942/21399__AST_EX_20210911_124304.jpeg,True,51942,337,Boardwalk < 1.2m High,"Fillongley Campground; Additional notes: Wood edging along trails, including raised flat surface lined by stacked wood.;",21399,AST_EX_20210911_124304.jpeg,,,Timber,,No,No railings,112.0,Timber/Wood,,Timber,,1.0,True,long (>100m),standard (0.9-1.5m),,
data/citywide/images/337/52469/87886__AST_EX_20250914_165603.jpeg,True,52469,337,Boardwalk < 1.2m High,replaced with wood bridge; SPLIT LOG 4M LONG;,87886,AST_EX_20250914_165603.jpeg,,,Timber,,No,No railings,4.0,Timber/Wood,,Timber,,,True,short (<20m),,,
data/citywide/images/337/51603/24211__AST_EX_20210923_125900.jpeg,True,51603,337,Boardwalk < 1.2m High,Fox Lake; Item description: Boardwalk on Fox Lake Trail;,24211,AST_EX_20210923_125900.jpeg,,,Timber,,No,No railings,150.0,Timber/Wood,,Timber,,,True,long (>100m),,,
data/citywide/images/337/52245/40583__AST_EX_20220510_112627.jpeg,True,52245,337,Boardwalk < 1.2m High,Boardwalk on Path from Beach to Campground,40583,AST_EX_20220510_112627.jpeg,,,Timber,,No,No railings,15.0,Timber/Wood,,Timber,,2.0,True,short (<20m),wide (>1.5m),,
data/citywide/images/337/53556/63735__AST_EX_20221004_092847.jpeg,True,53556,337,Boardwalk < 1.2m High,"Wood; Specifications: 3 ft. wideand 82 m long. Red cedar planks are 2"" thick x 10"" x 36"".; Comments: Universal Access boardwalk to the Herman Lake viewing platform",63735,AST_EX_20221004_092847.jpeg,,,Timber,,No,No railings,82.0,Timber/Wood,,Timber,,,True,medium (20-100m),,,
data/citywide/images/337/52128/59833__AST_EX_20220810_113217.jpeg,True,52128,337,Boardwalk < 1.2m High,"Flores Island Hiking Trail; Additional notes: 2430mm span, 250mm width x 900mm high, constructed by 4 x 4 wooden stringers w/ 2x 6 decking;",59833,AST_EX_20220810_113217.jpeg,,,,,No,No railings,,,,,,1.0,False,,standard (0.9-1.5m),,
data/citywide/images/337/53556/85593__AST_EX_20250720_155517.jpeg,True,53556,337,Boardwalk < 1.2m High,"Wood; Specifications: 3 ft. wideand 82 m long. Red cedar planks are 2"" thick x 10"" x 36"".; Comments: Universal Access boardwalk to the Herman Lake viewing platform",85593,AST_EX_20250720_155517.jpeg,,,Timber,,No,No railings,82.0,Timber/Wood,,Timber,,,True,medium (20-100m),,,
data/citywide/images/337/55645/56120__AST_EX_20220725_113102.jpeg,True,55645,337,Boardwalk < 1.2m High,Woodbury Creek Trail; Item description: TO WOODBURY CABIN AREA; Specifications: LOG TYPE BRIDGES #3 2 @ 8M EA. #4 3 @ 4M EA. #5 #1 -#2 ; Comments: FAIR TO POOR,56120,AST_EX_20220725_113102.jpeg,,,Timber,,No,No railings,28.0,Timber/Wood,,Timber,,0.5,True,medium (20-100m),narrow (<0.9m),,
data/citywide/images/337/56209/88832__AST_EX_20250928_135750.jpeg,True,56209,337,Boardwalk < 1.2m High,Twin Spruce Trail; CONFIRMED; 5 cedar boardwalks along the Twin Spruce Trail; 3 boardwalk sections between the Twin Spruces and the Emergency Access Road plus 2 boardwalk sections between the Emergency A,88832,AST_EX_20250928_135750.jpeg,,,Timber,,No,No railings,28.8,Timber/Wood,,Timber,,,True,medium (20-100m),,,
data/citywide/images/337/56209/13518__AST_EX_20210812_120624.jpeg,True,56209,337,Boardwalk < 1.2m High,Twin Spruce Trail; CONFIRMED; 5 cedar boardwalks along the Twin Spruce Trail; 3 boardwalk sections between the Twin Spruces and the Emergency Access Road plus 2 boardwalk sections between the Emergency A,13518,AST_EX_20210812_120624.jpeg,,,Timber,,No,No railings,28.8,Timber/Wood,,Timber,,,True,medium (20-100m),,,
data/citywide/images/337/56209/13517__AST_EX_20210812_120655.jpeg,True,56209,337,Boardwalk < 1.2m High,Twin Spruce Trail; CONFIRMED; 5 cedar boardwalks along the Twin Spruce Trail; 3 boardwalk sections between the Twin Spruces and the Emergency Access Road plus 2 boardwalk sections between the Emergency A,13517,AST_EX_20210812_120655.jpeg,,,Timber,,No,No railings,28.8,Timber/Wood,,Timber,,,True,medium (20-100m),,,
data/citywide/images/337/56345/34__IMG_5633.JPG,True,56345,337,Boardwalk < 1.2m High,150 M boardwalk from toilet building to hanging gardens - includes two viewing platforms and stair sets.; BOARDWALK; 150 MT. BOARDWALK TOHANGING GARDENS ; BOARD WALK TO HANGING GARDENS IN GOOD SHAPE AS NEW IN 1990;  150 m long,34,IMG_5633.JPG,,,Timber,,No,No railings,150.0,Timber/Wood,,Timber,,,True,long (>100m),,,
data/citywide/images/337/56345/35__IMG_5635.JPG,True,56345,337,Boardwalk < 1.2m High,150 M boardwalk from toilet building to hanging gardens - includes two viewing platforms and stair sets.; BOARDWALK; 150 MT. BOARDWALK TOHANGING GARDENS ; BOARD WALK TO HANGING GARDENS IN GOOD SHAPE AS NEW IN 1990;  150 m long,35,IMG_5635.JPG,,,Timber,,No,No railings,150.0,Timber/Wood,,Timber,,,True,long (>100m),,,
data/citywide/images/337/56345/76274__MI_20241027_120942.jpg,True,56345,337,Boardwalk < 1.2m High,150 M boardwalk from toilet building to hanging gardens - includes two viewing platforms and stair sets.; BOARDWALK; 150 MT. BOARDWALK TOHANGING GARDENS ; BOARD WALK TO HANGING GARDENS IN GOOD SHAPE AS NEW IN 1990;  150 m long,76274,MI_20241027_120942.jpg,,,Timber,,No,No railings,150.0,Timber/Wood,,Timber,,,True,long (>100m),,,
data/citywide/images/337/56778/60081__sight1.jpg,True,56778,337,Boardwalk < 1.2m High,Maquinna Trails,60081,sight1.jpg,,,Timber,,No,No railings,1000.0,Timber/Wood,,Timber,,,True,long (>100m),,,
data/citywide/images/337/56778/60080__sight_12.jpg,True,56778,337,Boardwalk < 1.2m High,Maquinna Trails,60080,sight 12.jpg,,,Timber,,No,No railings,1000.0,Timber/Wood,,Timber,,,True,long (>100m),,,
data/citywide/images/337/58173/4930__AST_EX_20210710_161648.jpeg,True,58173,337,Boardwalk < 1.2m High,Boardwalk with railing at portal trail entrance.,4930,AST_EX_20210710_161648.jpeg,,,Timber,,No,,1800.0,Timber/Wood,,Timber,,1.5,True,long (>100m),wide (>1.5m),,
data/citywide/images/337/58824/67447__AST_EX_20231214_125225.jpeg,True,58824,337,Boardwalk < 1.2m High,"Tow Hill - Blow Hole Trail; Specifications: cedar boardwalk: 3x10"" boards with asphalt traction; 1.5m wide; Blow Hole trail section fully accessible;",67447,AST_EX_20231214_125225.jpeg,,,Timber,,No,No railings,1800.0,Timber/Wood,,Timber,,,True,long (>100m),,,
data/citywide/images/337/58826/71884__AST_EX_20240801_143426.jpeg,True,58826,337,Boardwalk < 1.2m High,"Cape Fife Trail; two ages of boardwalk 20yr, 12yr; upgrade project for traction & repair in 2018; 3""",71884,AST_EX_20240801_143426.jpeg,,,Timber,,No,No railings,1500.0,Timber/Wood,,Timber,,,True,long (>100m),,,
data/citywide/images/337/58825/67453__AST_EX_20231214_120336.jpeg,True,58825,337,Boardwalk < 1.2m High,Tow Hill - Blow Hole Trail,67453,AST_EX_20231214_120336.jpeg,,,Timber,,No,No railings,,Timber/Wood,,Timber,,,True,,,,
data/citywide/images/337/61005/62857__AST_EX_20220901_120401.jpeg,True,61005,337,Boardwalk < 1.2m High,Princess Louisa Day Use; Additional notes: replaced in 2007; Specifications: 125M BOARDWALK ;,62857,AST_EX_20220901_120401.jpeg,,,Timber,,No,No railings,150.0,Timber/Wood,,Timber,,1.0,True,long (>100m),standard (0.9-1.5m),,
data/citywide/images/337/61005/62860__AST_EX_20220901_120258.jpeg,True,61005,337,Boardwalk < 1.2m High,Princess Louisa Day Use; Additional notes: replaced in 2007; Specifications: 125M BOARDWALK ;,62860,AST_EX_20220901_120258.jpeg,,,Timber,,No,No railings,150.0,Timber/Wood,,Timber,,1.0,True,long (>100m),standard (0.9-1.5m),,
data/citywide/images/337/61005/62868__AST_EX_20220901_120353.jpeg,True,61005,337,Boardwalk < 1.2m High,Princess Louisa Day Use; Additional notes: replaced in 2007; Specifications: 125M BOARDWALK ;,62868,AST_EX_20220901_120353.jpeg,,,Timber,,No,No railings,150.0,Timber/Wood,,Timber,,1.0,True,long (>100m),standard (0.9-1.5m),,
data/citywide/images/337/61734/65775__AST_EX_20230810_113753.jpeg,True,61734,337,Boardwalk < 1.2m High,Lower Flume trail boardwalk,65775,AST_EX_20230810_113753.jpeg,Timber,Beam,Timber,,No,No railings,3.0,,,,,1.0,True,short (<20m),standard (0.9-1.5m),,
data/citywide/images/337/62067/17561__AST_EX_20210822_115132.jpeg,True,62067,337,Boardwalk < 1.2m High,Sandwell Day Use; Item description: BOARDWALK ; Specifications: 10M OF BOARDWALK 1M WIDE SET ON CONCRETE PADS TOPROTECT MIDDEN SITE ;,17561,AST_EX_20210822_115132.jpeg,,,Timber,,No,No railings,28.0,Timber/Wood,,Timber,,1.0,True,medium (20-100m),standard (0.9-1.5m),,
data/citywide/images/337/61958/14149__IMG_5678.JPG,True,61958,337,Boardwalk < 1.2m High,"2""x8""x32"" decking 4""x4"" stringers ( western red cedar ) approx 300m. at multiple locations located on trail from camping area to outter beach.",14149,IMG_5678.JPG,,,Timber,,No,No railings,300.0,Timber/Wood,,Timber,,,True,long (>100m),,,
data/citywide/images/337/62447/63423__MI_20220920_144556.jpg,True,62447,337,Boardwalk < 1.2m High,Boardwalk,63423,MI_20220920_144556.jpg,,,Timber,,No,No railings,44.0,Timber/Wood,,Timber,,,True,medium (20-100m),,,
data/citywide/images/337/62067/17562__AST_EX_20210822_115054.jpeg,True,62067,337,Boardwalk < 1.2m High,Sandwell Day Use; Item description: BOARDWALK ; Specifications: 10M OF BOARDWALK 1M WIDE SET ON CONCRETE PADS TOPROTECT MIDDEN SITE ;,17562,AST_EX_20210822_115054.jpeg,,,Timber,,No,No railings,28.0,Timber/Wood,,Timber,,1.0,True,medium (20-100m),standard (0.9-1.5m),,
data/citywide/images/337/63070/58624__AST_EX_20220806_153833.jpeg,True,63070,337,Boardwalk < 1.2m High,20' LONG SPLIT LOG JUST EAST OF SPRUCE CKBRIDGE NEAR CH CAMP TRAIL ;,58624,AST_EX_20220806_153833.jpeg,,,,,No,No railings,,,,,,,False,,,,
data/citywide/images/337/63070/84415__AST_EX_20250705_145951.jpeg,True,63070,337,Boardwalk < 1.2m High,20' LONG SPLIT LOG JUST EAST OF SPRUCE CKBRIDGE NEAR CH CAMP TRAIL ;,84415,AST_EX_20250705_145951.jpeg,,,,,No,No railings,,,,,,,False,,,,
data/citywide/images/337/64207/60977__AST_EX_20220823_105719.jpeg,True,64207,337,Boardwalk < 1.2m High,"23'8"" LONG 10U 0333454 5509243;",60977,AST_EX_20220823_105719.jpeg,,,Timber,,No,No railings,25.0,Timber/Wood,,Timber,,1.0,True,medium (20-100m),standard (0.9-1.5m),,
data/citywide/images/337/64261/60975__AST_EX_20220823_110543.jpeg,True,64261,337,Boardwalk < 1.2m High,"10'2"" LONG 10U 0333562 5509078;",60975,AST_EX_20220823_110543.jpeg,,,Timber,,No,No railings,3.0,Timber/Wood,,Timber,,,True,short (<20m),,,
data/citywide/images/337/64274/60972__AST_EX_20220823_110154.jpeg,True,64274,337,Boardwalk < 1.2m High,"8'2"" LONG 10U 0333574 5509243;",60972,AST_EX_20220823_110154.jpeg,,,Timber,,No,No railings,2.0,Timber/Wood,,Timber,,,True,short (<20m),,,
data/citywide/images/337/64273/60967__AST_EX_20220823_111353.jpeg,True,64273,337,Boardwalk < 1.2m High,"7'3"" LONGBETWEEN 10U 0333625 5508634 AND 10U 0332895 5508028;",60967,AST_EX_20220823_111353.jpeg,,,Timber,,No,No railings,2.0,Timber/Wood,,Timber,,,True,short (<20m),,,
data/citywide/images/337/64887/10094__AST_EX_20210727_153925.jpeg,True,64887,337,Boardwalk < 1.2m High,Swan Lake Portage Trail; Item description: BOARDWALK ON PORTAGE TRAIL; Comments: Steel Lathe added to boardwalk for traction in 2017/2018. Value added to estimated replacement value.,10094,AST_EX_20210727_153925.jpeg,,,Timber,,No,No railings,110.0,Timber/Wood,,Timber,,1.0,True,long (>100m),standard (0.9-1.5m),,
data/citywide/images/337/64887/10095__AST_EX_20210727_153914.jpeg,True,64887,337,Boardwalk < 1.2m High,Swan Lake Portage Trail; Item description: BOARDWALK ON PORTAGE TRAIL; Comments: Steel Lathe added to boardwalk for traction in 2017/2018. Value added to estimated replacement value.,10095,AST_EX_20210727_153914.jpeg,,,Timber,,No,No railings,110.0,Timber/Wood,,Timber,,1.0,True,long (>100m),standard (0.9-1.5m),,
data/citywide/images/337/64887/43281__AST_EX_20220525_163009.jpeg,True,64887,337,Boardwalk < 1.2m High,Swan Lake Portage Trail; Item description: BOARDWALK ON PORTAGE TRAIL; Comments: Steel Lathe added to boardwalk for traction in 2017/2018. Value added to estimated replacement value.,43281,AST_EX_20220525_163009.jpeg,,,Timber,,No,No railings,110.0,Timber/Wood,,Timber,,1.0,True,long (>100m),standard (0.9-1.5m),,
data/citywide/images/337/64887/43290__AST_EX_20220525_162916.jpeg,True,64887,337,Boardwalk < 1.2m High,Swan Lake Portage Trail; Item description: BOARDWALK ON PORTAGE TRAIL; Comments: Steel Lathe added to boardwalk for traction in 2017/2018. Value added to estimated replacement value.,43290,AST_EX_20220525_162916.jpeg,,,Timber,,No,No railings,110.0,Timber/Wood,,Timber,,1.0,True,long (>100m),standard (0.9-1.5m),,
data/citywide/images/337/65422/62906__AST_EX_20220907_124503.jpeg,True,65422,337,Boardwalk < 1.2m High,2 boardwalk/bridges. Cedar plank deck. Crosses Lussier at Sayles Meadow.,62906,AST_EX_20220907_124503.jpeg,,,Timber,,No,No railings,15.0,Timber/Wood,,,,1.0,True,short (<20m),standard (0.9-1.5m),,
data/citywide/images/337/64889/10074__AST_EX_20210727_151232.jpeg,True,64889,337,Boardwalk < 1.2m High,"Swan Lake Portage Trail; Specifications: 8""X3""X6' TREATED PLANKS NATURAL SILLS; Comments: LOCATION 09 E519749 N6180748 NEAR START OF PORTAGE TRAIL BROWN BEAR SIDE",10074,AST_EX_20210727_151232.jpeg,,,Timber,,No,No railings,42.0,Timber/Wood,,Timber,,,True,medium (20-100m),,,
data/citywide/images/337/64889/43266__AST_EX_20220525_153708.jpeg,True,64889,337,Boardwalk < 1.2m High,"Swan Lake Portage Trail; Specifications: 8""X3""X6' TREATED PLANKS NATURAL SILLS; Comments: LOCATION 09 E519749 N6180748 NEAR START OF PORTAGE TRAIL BROWN BEAR SIDE",43266,AST_EX_20220525_153708.jpeg,,,Timber,,No,No railings,42.0,Timber/Wood,,Timber,,,True,medium (20-100m),,,
data/citywide/images/337/65422/62911__AST_EX_20220907_124428.jpeg,True,65422,337,Boardwalk < 1.2m High,2 boardwalk/bridges. Cedar plank deck. Crosses Lussier at Sayles Meadow.,62911,AST_EX_20220907_124428.jpeg,,,Timber,,No,No railings,15.0,Timber/Wood,,,,1.0,True,short (<20m),standard (0.9-1.5m),,
data/citywide/images/337/65428/22079__AST_EX_20210916_121642.jpeg,True,65428,337,Boardwalk < 1.2m High,Fish Lake Foot Trail; Item description: BOARDWALK ON MAIN TRAIL TO CPGD;,22079,AST_EX_20210916_121642.jpeg,,,Timber,,No,No railings,30.0,Timber/Wood,,Timber,,,True,medium (20-100m),,,
data/citywide/images/337/66040/20077__MI_20210907_132030.jpg,True,66040,337,Boardwalk < 1.2m High,DON'T KNOW ACQUISITION YEAR SEE SKEENA REC OFFICER,20077,MI_20210907_132030.jpg,,,Timber,,No,No railings,42.0,Timber/Wood,,Timber,,,True,medium (20-100m),,,
data/citywide/images/337/65422/62913__AST_EX_20220907_124415.jpeg,True,65422,337,Boardwalk < 1.2m High,2 boardwalk/bridges. Cedar plank deck. Crosses Lussier at Sayles Meadow.,62913,AST_EX_20220907_124415.jpeg,,,Timber,,No,No railings,15.0,Timber/Wood,,,,1.0,True,short (<20m),standard (0.9-1.5m),,
data/citywide/images/337/65430/22078__AST_EX_20210916_163423.jpeg,True,65430,337,Boardwalk < 1.2m High,"Fish Lake Horse Trail; Item description: OLD COURDOURY; Specifications: VARIOUS SECTIONS DEVELOPED BY PARKS/OUTFIT PIC#14,6,13IN 2002 REPORT MAP/PICS ;",22078,AST_EX_20210916_163423.jpeg,,,Timber,,No,No railings,,Timber/Wood,,Timber,,,,,,,
data/citywide/images/337/66040/56455__AST_EX_20220726_140401.jpeg,True,66040,337,Boardwalk < 1.2m High,DON'T KNOW ACQUISITION YEAR SEE SKEENA REC OFFICER,56455,AST_EX_20220726_140401.jpeg,,,Timber,,No,No railings,42.0,Timber/Wood,,Timber,,,True,medium (20-100m),,,
data/citywide/images/337/66539/89731__20250709_171644_resized.jpg,True,66539,337,Boardwalk < 1.2m High,"Weewanie Hs Backcountry; Three short sections of boardwalk.; Board between the hot springs and campsite.; 3 sections, all 36"" wide and using planks that are 2"" thick x 12"" wide x 36"" long. Section 1 is 1",89731,20250709_171644_resized.jpg,,,Timber,,No,No railings,100.0,Timber/Wood,,Timber,,,True,long (>100m),,,
data/citywide/images/337/66539/89730__20250709_171607_resized.jpg,True,66539,337,Boardwalk < 1.2m High,"Weewanie Hs Backcountry; Three short sections of boardwalk.; Board between the hot springs and campsite.; 3 sections, all 36"" wide and using planks that are 2"" thick x 12"" wide x 36"" long. Section 1 is 1",89730,20250709_171607_resized.jpg,,,Timber,,No,No railings,100.0,Timber/Wood,,Timber,,,True,long (>100m),,,
data/citywide/images/337/66539/89732__20250709_171704_resized.jpg,True,66539,337,Boardwalk < 1.2m High,"Weewanie Hs Backcountry; Three short sections of boardwalk.; Board between the hot springs and campsite.; 3 sections, all 36"" wide and using planks that are 2"" thick x 12"" wide x 36"" long. Section 1 is 1",89732,20250709_171704_resized.jpg,,,Timber,,No,No railings,100.0,Timber/Wood,,Timber,,,True,long (>100m),,,
data/citywide/images/337/81875/70329__AST_EX_20240703_100456.jpeg,True,81875,337,Boardwalk < 1.2m High,Boardwalk 150 m down natadesleen trail,70329,AST_EX_20240703_100456.jpeg,,,Timber,,No,No railings,150.0,,,Timber,,1.5,True,long (>100m),wide (>1.5m),,
data/citywide/images/337/81875/70358__AST_EX_20240703_100447.jpeg,True,81875,337,Boardwalk < 1.2m High,Boardwalk 150 m down natadesleen trail,70358,AST_EX_20240703_100447.jpeg,,,Timber,,No,No railings,150.0,,,Timber,,1.5,True,long (>100m),wide (>1.5m),,
data/citywide/images/337/81875/2856__AST_IM_20210627_111805.jpeg,True,81875,337,Boardwalk < 1.2m High,Boardwalk 150 m down natadesleen trail,2856,AST_IM_20210627_111805.jpeg,,,Timber,,No,No railings,150.0,,,Timber,,1.5,True,long (>100m),wide (>1.5m),,
data/citywide/images/337/81411/1666__MI_20210622_134449.jpg,True,81411,337,Boardwalk < 1.2m High,boardwalk,1666,MI_20210622_134449.jpg,,,Timber,,No,No railings,,,,Timber,,,False,,,,
data/citywide/images/337/81887/2850__AST_IM_20210627_113213.jpeg,True,81887,337,Boardwalk < 1.2m High,Boardwalk 325 m from natadesleen trailhead,2850,AST_IM_20210627_113213.jpeg,,,Timber,,No,No railings,325.0,,,Timber,,1.5,True,long (>100m),wide (>1.5m),,
data/citywide/images/337/81887/70357__AST_EX_20240703_095329.jpeg,True,81887,337,Boardwalk < 1.2m High,Boardwalk 325 m from natadesleen trailhead,70357,AST_EX_20240703_095329.jpeg,,,Timber,,No,No railings,325.0,,,Timber,,1.5,True,long (>100m),wide (>1.5m),,
data/citywide/images/337/81889/70330__AST_EX_20240703_101216.jpeg,True,81889,337,Boardwalk < 1.2m High,Boardwalk 50m from  trailhead,70330,AST_EX_20240703_101216.jpeg,,,Timber,,Yes,No railings,100.0,,,Timber,,2.0,True,long (>100m),wide (>1.5m),,
data/citywide/images/337/81889/2858__AST_IM_20210627_111057.jpeg,True,81889,337,Boardwalk < 1.2m High,Boardwalk 50m from  trailhead,2858,AST_IM_20210627_111057.jpeg,,,Timber,,Yes,No railings,100.0,,,Timber,,2.0,True,long (>100m),wide (>1.5m),,
data/citywide/images/337/81889/2859__AST_IM_20210627_111025.jpeg,True,81889,337,Boardwalk < 1.2m High,Boardwalk 50m from  trailhead,2859,AST_IM_20210627_111025.jpeg,,,Timber,,Yes,No railings,100.0,,,Timber,,2.0,True,long (>100m),wide (>1.5m),,
data/citywide/images/337/83898/9319__MI_20210729_092057.jpg,True,83898,337,Boardwalk < 1.2m High,"Rustic wood boardwalk, .5m wide, 4m long, rotting, bending, double milled timbers",9319,MI_20210729_092057.jpg,,,Timber,,No,No railings,4.0,,,Timber,,0.5,True,short (<20m),narrow (<0.9m),,
data/citywide/images/337/83458/7920__AST_IM_20210723_112048.jpeg,True,83458,337,Boardwalk < 1.2m High,,7920,AST_IM_20210723_112048.jpeg,,Beam,Timber,,,No railings,8.0,,,Timber,,1.5,True,short (<20m),wide (>1.5m),,
data/citywide/images/337/83934/9106__AST_IM_20210724_085314.jpeg,True,83934,337,Boardwalk < 1.2m High,12m long boardwalk on botanical loop trail,9106,AST_IM_20210724_085314.jpeg,,,Timber,,No,No railings,12.0,,,Timber,,,True,short (<20m),,,
data/citywide/images/337/83938/9102__AST_IM_20210724_085829.jpeg,True,83938,337,Boardwalk < 1.2m High,5m boardwalk on botanical loop trail,9102,AST_IM_20210724_085829.jpeg,,,Timber,,No,No railings,17.0,,,Timber,,,True,short (<20m),,,
data/citywide/images/337/83941/9112__AST_IM_20210724_085611.jpeg,True,83941,337,Boardwalk < 1.2m High,14m long boardwalk on botanical loop trail,9112,AST_IM_20210724_085611.jpeg,,,Timber,,No,No railings,20.0,,,Timber,,,True,medium (20-100m),,,
data/citywide/images/337/83943/9099__AST_IM_20210724_090032.jpeg,True,83943,337,Boardwalk < 1.2m High,4m long boardwalk on botanical loop trail,9099,AST_IM_20210724_090032.jpeg,,,Timber,,No,No railings,4.0,,,Timber,,,True,short (<20m),,,
data/citywide/images/337/83944/9107__AST_IM_20210724_091132.jpeg,True,83944,337,Boardwalk < 1.2m High,7m boardwalk on botanical loop trail,9107,AST_IM_20210724_091132.jpeg,,,Timber,,No,No railings,7.0,,,Timber,,,True,short (<20m),,,
data/citywide/images/337/83945/9131__AST_IM_20210724_081543.jpeg,True,83945,337,Boardwalk < 1.2m High,14m long boardwalk on botanical loop trail,9131,AST_IM_20210724_081543.jpeg,,,Timber,,No,No railings,15.0,,,Timber,,,True,short (<20m),,,
data/citywide/images/337/83950/9123__AST_IM_20210724_084917.jpeg,True,83950,337,Boardwalk < 1.2m High,8m long boardwalk on botanical loop trail,9123,AST_IM_20210724_084917.jpeg,,,Timber,,No,No railings,68.0,,,Timber,,,True,medium (20-100m),,,
data/citywide/images/337/83947/9125__AST_IM_20210724_085211.jpeg,True,83947,337,Boardwalk < 1.2m High,8m long boardwalk on botanical loop trail,9125,AST_IM_20210724_085211.jpeg,,,Timber,,No,No railings,40.0,,,Timber,,,True,medium (20-100m),,,
data/citywide/images/337/83952/9117__AST_IM_20210724_085713.jpeg,True,83952,337,Boardwalk < 1.2m High,6m long boardwalk on botanical loop trail,9117,AST_IM_20210724_085713.jpeg,,,Timber,,No,No railings,18.0,,,Timber,,,True,short (<20m),,,
data/citywide/images/337/83953/9105__AST_IM_20210724_085417.jpeg,True,83953,337,Boardwalk < 1.2m High,7m long boardwalk on botanical trail loop,9105,AST_IM_20210724_085417.jpeg,,,Timber,,No,No railings,14.0,,,Timber,,,True,short (<20m),,,
data/citywide/images/337/84096/10096__AST_IM_20210727_160649.jpeg,True,84096,337,Boardwalk < 1.2m High,Description: 3 sections of 2 8in?x3in?x6in(TM) treated planks and one section of 2 8in?x3in?x2in(TM) treated wood planks. Supported by two supports of stacked treated wood,10096,AST_IM_20210727_160649.jpeg,,,,,No,No railings,,,,,,,False,,,,
data/citywide/images/337/84096/10097__AST_IM_20210727_160630.jpeg,True,84096,337,Boardwalk < 1.2m High,Description: 3 sections of 2 8in?x3in?x6in(TM) treated planks and one section of 2 8in?x3in?x2in(TM) treated wood planks. Supported by two supports of stacked treated wood,10097,AST_IM_20210727_160630.jpeg,,,,,No,No railings,,,,,,,False,,,,
data/citywide/images/337/84096/43258__AST_EX_20220527_083552.jpeg,True,84096,337,Boardwalk < 1.2m High,Description: 3 sections of 2 8in?x3in?x6in(TM) treated planks and one section of 2 8in?x3in?x2in(TM) treated wood planks. Supported by two supports of stacked treated wood,43258,AST_EX_20220527_083552.jpeg,,,,,No,No railings,,,,,,,False,,,,
data/citywide/images/337/84099/10101__AST_IM_20210727_162927.jpeg,True,84099,337,Boardwalk < 1.2m High,Description: 5 sections of two 8in?x3in?x6in(TM) boards supported by 3 downed logs and 3 double stacked treated boards,10101,AST_IM_20210727_162927.jpeg,,,,,No,No railings,,,,,,,False,,,,
data/citywide/images/337/84099/43262__AST_EX_20220527_082351.jpeg,True,84099,337,Boardwalk < 1.2m High,Description: 5 sections of two 8in?x3in?x6in(TM) boards supported by 3 downed logs and 3 double stacked treated boards,43262,AST_EX_20220527_082351.jpeg,,,,,No,No railings,,,,,,,False,,,,
data/citywide/images/337/84101/43257__AST_EX_20220527_084214.jpeg,True,84101,337,Boardwalk < 1.2m High,"Description: 4 sections of 2 8in?x3in?x4in(TM) treated boards, supported by downed logs",43257,AST_EX_20220527_084214.jpeg,,,,,No,No railings,,,,,,,False,,,,
data/citywide/images/337/84099/10100__AST_IM_20210727_163127.jpeg,True,84099,337,Boardwalk < 1.2m High,Description: 5 sections of two 8in?x3in?x6in(TM) boards supported by 3 downed logs and 3 double stacked treated boards,10100,AST_IM_20210727_163127.jpeg,,,,,No,No railings,,,,,,,False,,,,
data/citywide/images/337/84102/10080__AST_IM_20210727_162144.jpeg,True,84102,337,Boardwalk < 1.2m High,Description: 3 sections of two 8in?x3in?x6in(TM) treated planks and one section of two 9in?x3in?x5in(TM) planks,10080,AST_IM_20210727_162144.jpeg,,,,,No,No railings,,,,,,,False,,,,
data/citywide/images/337/84101/10091__AST_IM_20210727_155316.jpeg,True,84101,337,Boardwalk < 1.2m High,"Description: 4 sections of 2 8in?x3in?x4in(TM) treated boards, supported by downed logs",10091,AST_IM_20210727_155316.jpeg,,,,,No,No railings,,,,,,,False,,,,
data/citywide/images/337/84105/10108__AST_IM_20210727_161033.jpeg,True,84105,337,Boardwalk < 1.2m High,Description: 2 sections of two 8in?x3in?x5in(TM) treated plank and one corner plank (16in?x12in? triangle) supported by two supporting logs,10108,AST_IM_20210727_161033.jpeg,,,,,No,No railings,,,,,,,False,,,,
data/citywide/images/337/84102/43283__AST_EX_20220527_082641.jpeg,True,84102,337,Boardwalk < 1.2m High,Description: 3 sections of two 8in?x3in?x6in(TM) treated planks and one section of two 9in?x3in?x5in(TM) planks,43283,AST_EX_20220527_082641.jpeg,,,,,No,No railings,,,,,,,False,,,,
data/citywide/images/337/84105/43277__AST_EX_20220527_083452.jpeg,True,84105,337,Boardwalk < 1.2m High,Description: 2 sections of two 8in?x3in?x5in(TM) treated plank and one corner plank (16in?x12in? triangle) supported by two supporting logs,43277,AST_EX_20220527_083452.jpeg,,,,,No,No railings,,,,,,,False,,,,
data/citywide/images/337/84106/10077__AST_IM_20210727_162808.jpeg,True,84106,337,Boardwalk < 1.2m High,Description: 3 sections of two 8in?x3in?x6in(TM) treated lumber on two  logs for support,10077,AST_IM_20210727_162808.jpeg,,,,,No,No railings,,,,,,,False,,,,
data/citywide/images/337/84102/10079__AST_IM_20210727_162159.jpeg,True,84102,337,Boardwalk < 1.2m High,Description: 3 sections of two 8in?x3in?x6in(TM) treated planks and one section of two 9in?x3in?x5in(TM) planks,10079,AST_IM_20210727_162159.jpeg,,,,,No,No railings,,,,,,,False,,,,
data/citywide/images/337/84105/10109__AST_IM_20210727_161017.jpeg,True,84105,337,Boardwalk < 1.2m High,Description: 2 sections of two 8in?x3in?x5in(TM) treated plank and one corner plank (16in?x12in? triangle) supported by two supporting logs,10109,AST_IM_20210727_161017.jpeg,,,,,No,No railings,,,,,,,False,,,,
data/citywide/images/337/84106/10078__AST_IM_20210727_162611.jpeg,True,84106,337,Boardwalk < 1.2m High,Description: 3 sections of two 8in?x3in?x6in(TM) treated lumber on two  logs for support,10078,AST_IM_20210727_162611.jpeg,,,,,No,No railings,,,,,,,False,,,,
data/citywide/images/337/84106/43259__AST_EX_20220527_082536.jpeg,True,84106,337,Boardwalk < 1.2m High,Description: 3 sections of two 8in?x3in?x6in(TM) treated lumber on two  logs for support,43259,AST_EX_20220527_082536.jpeg,,,,,No,No railings,,,,,,,False,,,,
data/citywide/images/337/84825/10592__AST_IM_20210804_112544.jpeg,True,84825,337,Boardwalk < 1.2m High,Section 2 along Diana Creek Trail,10592,AST_IM_20210804_112544.jpeg,,,,,No,No railings,,,,,,,False,,,,
data/citywide/images/337/84846/10582__AST_IM_20210804_114245.jpeg,True,84846,337,Boardwalk < 1.2m High,"Section 8 along Diana Creek Trail, different type boardwalk than other sections",10582,AST_IM_20210804_114245.jpeg,,,,,No,No railings,,,,,,,False,,,,
data/citywide/images/337/84848/10587__AST_IM_20210804_113927.jpeg,True,84848,337,Boardwalk < 1.2m High,Section 7 along Diana Creek Trail,10587,AST_IM_20210804_113927.jpeg,,,,,No,No railings,,,,,,,False,,,,
data/citywide/images/337/84826/10579__AST_IM_20210804_114502.jpeg,True,84826,337,Boardwalk < 1.2m High,"Section 10 along Diana Creek Trail, vertical boards",10579,AST_IM_20210804_114502.jpeg,,,,,No,No railings,,,,,,,False,,,,
data/citywide/images/337/84861/10575__AST_IM_20210804_114654.jpeg,True,84861,337,Boardwalk < 1.2m High,"Section 12 along Diana Creek Trail, vertical boards",10575,AST_IM_20210804_114654.jpeg,,,,,No,No railings,,,,,,,False,,,,
data/citywide/images/337/84849/10589__AST_IM_20210804_113845.jpeg,True,84849,337,Boardwalk < 1.2m High,Section 6 along Diana Creek Trail,10589,AST_IM_20210804_113845.jpeg,,,,,No,No railings,,,,,,,False,,,,
data/citywide/images/337/84852/10578__AST_IM_20210804_114611.jpeg,True,84852,337,Boardwalk < 1.2m High,"Section 11 along Diana Creek Trail, vertical boards",10578,AST_IM_20210804_114611.jpeg,,,,,No,No railings,,,,,,,False,,,,
data/citywide/images/337/84862/10630__AST_IM_20210804_113501.jpeg,True,84862,337,Boardwalk < 1.2m High,Section 5 along Diana Creek Trail,10630,AST_IM_20210804_113501.jpeg,,,,,No,No railings,,,,,,,False,,,,
data/citywide/images/337/85078/11058__MI_20210805_093625.jpg,True,85078,337,Boardwalk < 1.2m High,"wood plank 1.5m wide, 20m long, 1m high",11058,MI_20210805_093625.jpg,,,Timber,,No,No railings,20.0,,,Timber,,1.5,True,medium (20-100m),wide (>1.5m),,
data/citywide/images/337/84863/10572__AST_IM_20210804_114750.jpeg,True,84863,337,Boardwalk < 1.2m High,"Section 13 along Diana Creek Trail, vertical boards",10572,AST_IM_20210804_114750.jpeg,,,,,No,No railings,,,,,,,False,,,,
data/citywide/images/337/84852/10577__AST_IM_20210804_114631.jpeg,True,84852,337,Boardwalk < 1.2m High,"Section 11 along Diana Creek Trail, vertical boards",10577,AST_IM_20210804_114631.jpeg,,,,,No,No railings,,,,,,,False,,,,
data/citywide/images/337/85171/11471__AST_IM_20210804_124101.jpeg,True,85171,337,Boardwalk < 1.2m High,Ray Farm; Specifications: 4M X 2M ; Comments: BRIDGES NEED REPLACEMENT,11471,AST_IM_20210804_124101.jpeg,Timber,Truss,Timber,,No,No railings,4.0,Timber/Wood,,Timber,,2.0,True,short (<20m),wide (>1.5m),,
data/citywide/images/337/85477/12420__AST_IM_20210804_110006.jpeg,True,85477,337,Boardwalk < 1.2m High,3m boardwalk,12420,AST_IM_20210804_110006.jpeg,,,Timber,,No,No railings,7.0,,,Timber,,,True,short (<20m),,,
data/citywide/images/337/85474/12430__AST_IM_20210804_104000.jpeg,True,85474,337,Boardwalk < 1.2m High,3 m boardwalk,12430,AST_IM_20210804_104000.jpeg,,,Timber,,No,No railings,19.0,,,Timber,,,True,short (<20m),,,
data/citywide/images/337/85482/12422__AST_IM_20210804_105315.jpeg,True,85482,337,Boardwalk < 1.2m High,Wooden Boardwalk,12422,AST_IM_20210804_105315.jpeg,,,Timber,,No,No railings,,,,Timber,,,False,,,,
data/citywide/images/337/85479/12434__AST_IM_20210804_104047.jpeg,True,85479,337,Boardwalk < 1.2m High,3 m boardwalk with wood block stairs,12434,AST_IM_20210804_104047.jpeg,,,Timber,,No,No railings,9.0,,,Timber,,,True,short (<20m),,,
data/citywide/images/337/85484/12429__AST_IM_20210804_104856.jpeg,True,85484,337,Boardwalk < 1.2m High,3m long boardwalk,12429,AST_IM_20210804_104856.jpeg,,,Timber,,No,No railings,10.0,,,Timber,,,True,short (<20m),,,
data/citywide/images/337/85490/12412__AST_IM_20210804_110909.jpeg,True,85490,337,Boardwalk < 1.2m High,5m boardwalk,12412,AST_IM_20210804_110909.jpeg,,,Timber,,No,No railings,10.0,,,Timber,,,True,short (<20m),,,
data/citywide/images/337/85498/12417__AST_IM_20210804_110402.jpeg,True,85498,337,Boardwalk < 1.2m High,4m boardwalk,12417,AST_IM_20210804_110402.jpeg,,,Timber,,No,No railings,4.0,,,Timber,,,True,short (<20m),,,
data/citywide/images/337/85508/12494__MI_20210809_123700.jpg,True,85508,337,Boardwalk < 1.2m High,"bowron lake, Indian point portage, boardwalk, .75m, 30m, wood, 20%",12494,MI_20210809_123700.jpg,,,Timber,,No,No railings,42.0,,,Concrete,,0.75,True,medium (20-100m),narrow (<0.9m),,
data/citywide/images/337/85525/12468__MI_20210809_110539.jpg,True,85525,337,Boardwalk < 1.2m High,"bowron lake, kibbee lake portage, trail bridge, wood, truss, 1m, 10m, 80%",12468,MI_20210809_110539.jpg,,,Timber,,No,No railings,10.0,,,,,1.0,True,short (<20m),standard (0.9-1.5m),,
data/citywide/images/337/85545/12467__MI_20210809_145205.jpg,True,85545,337,Boardwalk < 1.2m High,"bowron lake, Issac lake Portage, boardwalk, 4m, 1.5m, wood, 80%",12467,MI_20210809_145205.jpg,,,Timber,,No,No railings,4.0,,,,,1.5,True,short (<20m),wide (>1.5m),,
data/citywide/images/337/85545/86253__AST_EX_20250807_142105.jpeg,True,85545,337,Boardwalk < 1.2m High,"bowron lake, Issac lake Portage, boardwalk, 4m, 1.5m, wood, 80%",86253,AST_EX_20250807_142105.jpeg,,,Timber,,No,No railings,4.0,,,,,1.5,True,short (<20m),wide (>1.5m),,
data/citywide/images/337/85558/12495__MI_20210810_113703.jpg,True,85558,337,Boardwalk < 1.2m High,"bowron lake, Issac lake, site 18, 1.5m, 5m, wood, 80%",12495,MI_20210810_113703.jpg,,,Timber,,No,No railings,5.0,,,Timber,,1.5,True,short (<20m),wide (>1.5m),,
data/citywide/images/337/85545/86255__AST_EX_20250807_142110.jpeg,True,85545,337,Boardwalk < 1.2m High,"bowron lake, Issac lake Portage, boardwalk, 4m, 1.5m, wood, 80%",86255,AST_EX_20250807_142110.jpeg,,,Timber,,No,No railings,4.0,,,,,1.5,True,short (<20m),wide (>1.5m),,
data/citywide/images/337/86006/85618__AST_EX_20250730_120827.jpeg,True,86006,337,Boardwalk < 1.2m High,4m long boardwalk,85618,AST_EX_20250730_120827.jpeg,,,Timber,,No,No railings,4.0,,,Timber,,,True,short (<20m),,,
data/citywide/images/337/85545/86266__AST_EX_20250807_142221.jpeg,True,85545,337,Boardwalk < 1.2m High,"bowron lake, Issac lake Portage, boardwalk, 4m, 1.5m, wood, 80%",86266,AST_EX_20250807_142221.jpeg,,,Timber,,No,No railings,4.0,,,,,1.5,True,short (<20m),wide (>1.5m),,
data/citywide/images/337/85558/73448__AST_EX_20240912_095341.jpeg,True,85558,337,Boardwalk < 1.2m High,"bowron lake, Issac lake, site 18, 1.5m, 5m, wood, 80%",73448,AST_EX_20240912_095341.jpeg,,,Timber,,No,No railings,5.0,,,Timber,,1.5,True,short (<20m),wide (>1.5m),,
data/citywide/images/337/86039/13276__AST_IM_20210811_143035.jpeg,True,86039,337,Boardwalk < 1.2m High,25m long boardwalk,13276,AST_IM_20210811_143035.jpeg,,,Timber,,No,No railings,25.0,,,Timber,,,True,medium (20-100m),,,
data/citywide/images/337/86030/13236__AST_IM_20210811_144511.jpeg,True,86030,337,Boardwalk < 1.2m High,4m long boardwalk,13236,AST_IM_20210811_144511.jpeg,,,Timber,,No,No railings,4.0,,,Timber,,,True,short (<20m),,,
data/citywide/images/337/86039/13279__AST_IM_20210811_142944.jpeg,True,86039,337,Boardwalk < 1.2m High,25m long boardwalk,13279,AST_IM_20210811_142944.jpeg,,,Timber,,No,No railings,25.0,,,Timber,,,True,medium (20-100m),,,
data/citywide/images/337/86039/13278__AST_IM_20210811_143010.jpeg,True,86039,337,Boardwalk < 1.2m High,25m long boardwalk,13278,AST_IM_20210811_143010.jpeg,,,Timber,,No,No railings,25.0,,,Timber,,,True,medium (20-100m),,,
data/citywide/images/337/86039/13277__AST_IM_20210811_143024.jpeg,True,86039,337,Boardwalk < 1.2m High,25m long boardwalk,13277,AST_IM_20210811_143024.jpeg,,,Timber,,No,No railings,25.0,,,Timber,,,True,medium (20-100m),,,
data/citywide/images/337/86052/13273__AST_IM_20210811_142600.jpeg,True,86052,337,Boardwalk < 1.2m High,5m long boardwalk,13273,AST_IM_20210811_142600.jpeg,,,Timber,,No,No railings,10.0,,,Timber,,,True,short (<20m),,,
data/citywide/images/337/86065/13251__AST_IM_20210811_145342.jpeg,True,86065,337,Boardwalk < 1.2m High,4m long boardwalk,13251,AST_IM_20210811_145342.jpeg,,,Timber,,No,No railings,16.0,,,Timber,,,True,short (<20m),,,
data/citywide/images/337/86066/13272__AST_IM_20210811_142413.jpeg,True,86066,337,Boardwalk < 1.2m High,4m long boardwalk,13272,AST_IM_20210811_142413.jpeg,,,Timber,,No,No railings,9.0,,,Timber,,,True,short (<20m),,,
data/citywide/images/337/86068/13257__AST_IM_20210811_144349.jpeg,True,86068,337,Boardwalk < 1.2m High,7m long boardwalk,13257,AST_IM_20210811_144349.jpeg,,,Timber,,No,No railings,8.0,,,Timber,,,True,short (<20m),,,
data/citywide/images/337/86068/13259__AST_IM_20210811_144318.jpeg,True,86068,337,Boardwalk < 1.2m High,7m long boardwalk,13259,AST_IM_20210811_144318.jpeg,,,Timber,,No,No railings,8.0,,,Timber,,,True,short (<20m),,,
data/citywide/images/337/86069/13240__AST_IM_20210811_143916.jpeg,True,86069,337,Boardwalk < 1.2m High,8m long boardwalk,13240,AST_IM_20210811_143916.jpeg,,,Timber,,No,No railings,11.0,,,Timber,,,True,short (<20m),,,
data/citywide/images/337/86071/13292__AST_IM_20210811_134355.jpeg,True,86071,337,Boardwalk < 1.2m High,2m long boardwalk,13292,AST_IM_20210811_134355.jpeg,,,Timber,,No,No railings,4.0,,,Timber,,,True,short (<20m),,,
data/citywide/images/337/86074/13245__AST_IM_20210811_143952.jpeg,True,86074,337,Boardwalk < 1.2m High,7m long boardwalk,13245,AST_IM_20210811_143952.jpeg,,,Timber,,No,No railings,15.0,,,Timber,,,True,short (<20m),,,
data/citywide/images/337/86075/13239__AST_IM_20210811_144022.jpeg,True,86075,337,Boardwalk < 1.2m High,11m long boardwalk,13239,AST_IM_20210811_144022.jpeg,,,Timber,,No,No railings,14.0,,,Timber,,,True,short (<20m),,,
data/citywide/images/337/86080/13258__AST_IM_20210811_145142.jpeg,True,86080,337,Boardwalk < 1.2m High,5m long boardwalk,13258,AST_IM_20210811_145142.jpeg,,,Timber,,No,No railings,10.0,,,Timber,,,True,short (<20m),,,
data/citywide/images/337/86084/13242__AST_IM_20210811_143845.jpeg,True,86084,337,Boardwalk < 1.2m High,4m long boardwalk,13242,AST_IM_20210811_143845.jpeg,,,Timber,,No,No railings,7.0,,,Timber,,,True,short (<20m),,,
data/citywide/images/337/86083/13249__AST_IM_20210811_143342.jpeg,True,86083,337,Boardwalk < 1.2m High,5m log bridge,13249,AST_IM_20210811_143342.jpeg,Timber,Beam,,,,No railings,5.0,,,Timber,,,True,short (<20m),,,
data/citywide/images/337/86085/13233__AST_IM_20210811_144602.jpeg,True,86085,337,Boardwalk < 1.2m High,4m long boardwalk,13233,AST_IM_20210811_144602.jpeg,,,Timber,,No,No railings,7.0,,,Timber,,,True,short (<20m),,,
data/citywide/images/337/86092/13218__AST_IM_20210811_145701.jpeg,True,86092,337,Boardwalk < 1.2m High,15m long boardwalk,13218,AST_IM_20210811_145701.jpeg,,,Timber,,No,No railings,15.0,,,Timber,,,True,short (<20m),,,
data/citywide/images/337/86092/13219__AST_IM_20210811_145644.jpeg,True,86092,337,Boardwalk < 1.2m High,15m long boardwalk,13219,AST_IM_20210811_145644.jpeg,,,Timber,,No,No railings,15.0,,,Timber,,,True,short (<20m),,,
data/citywide/images/337/86093/13235__AST_IM_20210811_145205.jpeg,True,86093,337,Boardwalk < 1.2m High,14m long boardwalk,13235,AST_IM_20210811_145205.jpeg,,,Timber,,No,No railings,24.0,,,Timber,,,True,medium (20-100m),,,
data/citywide/images/337/86096/13255__AST_IM_20210811_144537.jpeg,True,86096,337,Boardwalk < 1.2m High,2m long boardwalk,13255,AST_IM_20210811_144537.jpeg,,,Timber,,No,No railings,11.0,,,Timber,,,True,short (<20m),,,
data/citywide/images/337/86087/13241__AST_IM_20210811_144246.jpeg,True,86087,337,Boardwalk < 1.2m High,4m long boardwalk,13241,AST_IM_20210811_144246.jpeg,,,Timber,,No,No railings,9.0,,,Timber,,,True,short (<20m),,,
data/citywide/images/337/86099/13234__AST_IM_20210811_144732.jpeg,True,86099,337,Boardwalk < 1.2m High,Fallen log bridge,13234,AST_IM_20210811_144732.jpeg,Timber,Beam,,,,No railings,,,,Timber,,,False,,,,
data/citywide/images/337/86101/13254__AST_IM_20210811_144638.jpeg,True,86101,337,Boardwalk < 1.2m High,10m long boardwalk,13254,AST_IM_20210811_144638.jpeg,,,Timber,,No,No railings,12.0,,,Timber,,,True,short (<20m),,,
data/citywide/images/337/86104/13247__AST_IM_20210811_143113.jpeg,True,86104,337,Boardwalk < 1.2m High,9m long boardwalk,13247,AST_IM_20210811_143113.jpeg,,,Timber,,No,No railings,16.0,,,Timber,,,True,short (<20m),,,
data/citywide/images/337/86103/13221__AST_IM_20210811_145502.jpeg,True,86103,337,Boardwalk < 1.2m High,6m long boardwalk,13221,AST_IM_20210811_145502.jpeg,,,Timber,,No,No railings,7.0,,,Timber,,,True,short (<20m),,,
data/citywide/images/337/86105/13274__AST_IM_20210811_141716.jpeg,True,86105,337,Boardwalk < 1.2m High,"4m log boardwalk, garbage",13274,AST_IM_20210811_141716.jpeg,,,Timber,,No,No railings,13.0,,,Timber,,,True,short (<20m),,,
data/citywide/images/337/86108/13256__AST_IM_20210811_145616.jpeg,True,86108,337,Boardwalk < 1.2m High,6m long boardwalk,13256,AST_IM_20210811_145616.jpeg,,,Timber,,No,No railings,7.0,,,Timber,,,True,short (<20m),,,
data/citywide/images/337/86106/13264__AST_IM_20210811_143142.jpeg,True,86106,337,Boardwalk < 1.2m High,9m long boardwalk,13264,AST_IM_20210811_143142.jpeg,,,Timber,,No,No railings,9.0,,,Timber,,,True,short (<20m),,,
data/citywide/images/337/86114/13212__AST_IM_20210811_150122.jpeg,True,86114,337,Boardwalk < 1.2m High,3m long boardwalk,13212,AST_IM_20210811_150122.jpeg,,,Timber,,No,No railings,4.0,,,Timber,,,True,short (<20m),,,
data/citywide/images/337/86117/13201__AST_IM_20210811_150638.jpeg,True,86117,337,Boardwalk < 1.2m High,13m boardwalk,13201,AST_IM_20210811_150638.jpeg,,,Timber,,No,No railings,15.0,,,Timber,,,True,short (<20m),,,
data/citywide/images/337/86119/13204__AST_IM_20210811_150828.jpeg,True,86119,337,Boardwalk < 1.2m High,"6m boardwalk, fair",13204,AST_IM_20210811_150828.jpeg,,,Timber,,No,No railings,10.0,,,Timber,,,True,short (<20m),,,
data/citywide/images/337/86111/13244__AST_IM_20210811_144133.jpeg,True,86111,337,Boardwalk < 1.2m High,12m long boardwalk,13244,AST_IM_20210811_144133.jpeg,,,Timber,,No,No railings,12.0,,,Timber,,,True,short (<20m),,,
data/citywide/images/337/86124/13209__AST_IM_20210811_150323.jpeg,True,86124,337,Boardwalk < 1.2m High,12m Log boardwalk,13209,AST_IM_20210811_150323.jpeg,,,Timber,,No,No railings,15.0,,,Timber,,,True,short (<20m),,,
data/citywide/images/337/86125/13220__AST_IM_20210811_150933.jpeg,True,86125,337,Boardwalk < 1.2m High,4m boardwalk,13220,AST_IM_20210811_150933.jpeg,,,Timber,,No,No railings,4.0,,,Timber,,,True,short (<20m),,,
data/citywide/images/337/86123/13200__AST_IM_20210811_150731.jpeg,True,86123,337,Boardwalk < 1.2m High,8m boardwalk,13200,AST_IM_20210811_150731.jpeg,,,Timber,,No,No railings,10.0,,,Timber,,,True,short (<20m),,,
data/citywide/images/337/86127/13194__AST_IM_20210811_151210.jpeg,True,86127,337,Boardwalk < 1.2m High,4m boardwalk,13194,AST_IM_20210811_151210.jpeg,,,Timber,,No,No railings,4.0,,,Timber,,,True,short (<20m),,,
data/citywide/images/337/86133/13229__AST_IM_20210811_150349.jpeg,True,86133,337,Boardwalk < 1.2m High,4m boardwalk,13229,AST_IM_20210811_150349.jpeg,,,Timber,,No,No railings,4.0,,,Timber,,,True,short (<20m),,,
data/citywide/images/337/86135/13208__AST_IM_20210811_150444.jpeg,True,86135,337,Boardwalk < 1.2m High,20m long boardwalk,13208,AST_IM_20210811_150444.jpeg,,,Timber,,No,No railings,38.0,,,Timber,,,True,medium (20-100m),,,
data/citywide/images/337/86136/13199__AST_IM_20210811_150900.jpeg,True,86136,337,Boardwalk < 1.2m High,15m boardwalk,13199,AST_IM_20210811_150900.jpeg,,,Timber,,No,No railings,15.0,,,Timber,,,True,short (<20m),,,
data/citywide/images/337/86137/13198__AST_IM_20210811_150759.jpeg,True,86137,337,Boardwalk < 1.2m High,4m boardwalk,13198,AST_IM_20210811_150759.jpeg,,,Timber,,No,No railings,4.0,,,Timber,,,True,short (<20m),,,
data/citywide/images/337/86140/13184__AST_IM_20210811_152400.jpeg,True,86140,337,Boardwalk < 1.2m High,40m boardwalk,13184,AST_IM_20210811_152400.jpeg,,,Timber,,No,No railings,40.0,,,Timber,,,True,medium (20-100m),,,
data/citywide/images/337/86140/13183__AST_IM_20210811_152410.jpeg,True,86140,337,Boardwalk < 1.2m High,40m boardwalk,13183,AST_IM_20210811_152410.jpeg,,,Timber,,No,No railings,40.0,,,Timber,,,True,medium (20-100m),,,
data/citywide/images/337/86140/13186__AST_IM_20210811_152318.jpeg,True,86140,337,Boardwalk < 1.2m High,40m boardwalk,13186,AST_IM_20210811_152318.jpeg,,,Timber,,No,No railings,40.0,,,Timber,,,True,medium (20-100m),,,
data/citywide/images/337/86140/13185__AST_IM_20210811_152346.jpeg,True,86140,337,Boardwalk < 1.2m High,40m boardwalk,13185,AST_IM_20210811_152346.jpeg,,,Timber,,No,No railings,40.0,,,Timber,,,True,medium (20-100m),,,
data/citywide/images/337/86145/13179__AST_IM_20210811_152450.jpeg,True,86145,337,Boardwalk < 1.2m High,5m boardwalk,13179,AST_IM_20210811_152450.jpeg,,,Timber,,No,No railings,10.0,,,Timber,,,True,short (<20m),,,
data/citywide/images/337/86148/13166__AST_IM_20210811_160334.jpeg,True,86148,337,Boardwalk < 1.2m High,7m boardwalk,13166,AST_IM_20210811_160334.jpeg,,,Timber,,No,No railings,17.0,,,Timber,,,True,short (<20m),,,
data/citywide/images/337/86152/13176__AST_IM_20210811_153215.jpeg,True,86152,337,Boardwalk < 1.2m High,12m log bridge,13176,AST_IM_20210811_153215.jpeg,Timber,Beam,,,,No railings,12.0,,,Timber,,,True,short (<20m),,,
data/citywide/images/337/86157/13162__AST_IM_20210811_160058.jpeg,True,86157,337,Boardwalk < 1.2m High,17m boardwalk,13162,AST_IM_20210811_160058.jpeg,,,Timber,,No,No railings,17.0,,,Timber,,,True,short (<20m),,,
data/citywide/images/337/86162/13187__AST_IM_20210811_153031.jpeg,True,86162,337,Boardwalk < 1.2m High,"17m boardwalk, garbage",13187,AST_IM_20210811_153031.jpeg,,,Timber,,No,No railings,17.0,,,Timber,,,True,short (<20m),,,
data/citywide/images/337/86162/13188__AST_IM_20210811_153003.jpeg,True,86162,337,Boardwalk < 1.2m High,"17m boardwalk, garbage",13188,AST_IM_20210811_153003.jpeg,,,Timber,,No,No railings,17.0,,,Timber,,,True,short (<20m),,,
data/citywide/images/337/86162/13189__AST_IM_20210811_152942.jpeg,True,86162,337,Boardwalk < 1.2m High,"17m boardwalk, garbage",13189,AST_IM_20210811_152942.jpeg,,,Timber,,No,No railings,17.0,,,Timber,,,True,short (<20m),,,
data/citywide/images/337/86169/13153__AST_IM_20210811_161711.jpeg,True,86169,337,Boardwalk < 1.2m High,8m boardwalk,13153,AST_IM_20210811_161711.jpeg,,,Timber,,No,No railings,8.0,,,Timber,,,True,short (<20m),,,
data/citywide/images/337/86172/13143__AST_IM_20210811_161350.jpeg,True,86172,337,Boardwalk < 1.2m High,7m log boardwalk,13143,AST_IM_20210811_161350.jpeg,,,Timber,,No,No railings,80.0,,,,,,True,medium (20-100m),,,
data/citywide/images/337/86170/13147__AST_IM_20210811_161312.jpeg,True,86170,337,Boardwalk < 1.2m High,8m boardwalk,13147,AST_IM_20210811_161312.jpeg,,,,,No,No railings,8.0,,,Timber,,,True,short (<20m),,,
data/citywide/images/337/86176/13171__AST_IM_20210811_161240.jpeg,True,86176,337,Boardwalk < 1.2m High,6m boardwalk,13171,AST_IM_20210811_161240.jpeg,,,Timber,,No,No railings,8.0,,,,,,True,short (<20m),,,
data/citywide/images/337/86178/13163__AST_IM_20210811_160718.jpeg,True,86178,337,Boardwalk < 1.2m High,7m boardwalk,13163,AST_IM_20210811_160718.jpeg,,,Timber,,No,No railings,12.0,,,Timber,,,True,short (<20m),,,
data/citywide/images/337/86181/13118__AST_IM_20210811_162701.jpeg,True,86181,337,Boardwalk < 1.2m High,4m boardwalk,13118,AST_IM_20210811_162701.jpeg,,,Timber,,No,No railings,5.486,,,Timber,,,True,short (<20m),,,
data/citywide/images/337/86183/13104__AST_IM_20210811_163524.jpeg,True,86183,337,Boardwalk < 1.2m High,6m boardwalk,13104,AST_IM_20210811_163524.jpeg,,,Timber,,No,No railings,7.0,,,Timber,,,True,short (<20m),,,
data/citywide/images/337/86185/13072__AST_IM_20210811_165711.jpeg,True,86185,337,Boardwalk < 1.2m High,4m boardwalk,13072,AST_IM_20210811_165711.jpeg,,,Timber,,No,No railings,19.0,,,Timber,,,True,short (<20m),,,
data/citywide/images/337/86182/13145__AST_IM_20210811_161426.jpeg,True,86182,337,Boardwalk < 1.2m High,6m boardwalk,13145,AST_IM_20210811_161426.jpeg,,,Timber,,No,No railings,6.401,,,Timber,,,True,short (<20m),,,
data/citywide/images/337/86186/13096__AST_IM_20210811_163800.jpeg,True,86186,337,Boardwalk < 1.2m High,7m boardwalk,13096,AST_IM_20210811_163800.jpeg,,,Timber,,No,No railings,30.0,,,Timber,,,True,medium (20-100m),,,
data/citywide/images/337/86191/13110__AST_IM_20210811_163311.jpeg,True,86191,337,Boardwalk < 1.2m High,4m boardwalk,13110,AST_IM_20210811_163311.jpeg,,,Timber,,No,No railings,120.0,,,Timber,,,True,long (>100m),,,
data/citywide/images/337/86194/13112__AST_IM_20210811_162838.jpeg,True,86194,337,Boardwalk < 1.2m High,4m boardwalk,13112,AST_IM_20210811_162838.jpeg,,,Timber,,No,No railings,20.0,,,Timber,,,True,medium (20-100m),,,
data/citywide/images/337/86193/13138__AST_IM_20210811_162538.jpeg,True,86193,337,Boardwalk < 1.2m High,4m log boardwalk,13138,AST_IM_20210811_162538.jpeg,,,Timber,,No,No railings,7.0,,,Timber,,,True,short (<20m),,,
data/citywide/images/337/86195/13108__AST_IM_20210811_162913.jpeg,True,86195,337,Boardwalk < 1.2m High,7m boardwalk,13108,AST_IM_20210811_162913.jpeg,,,Timber,,No,No railings,7.0,,,Timber,,,True,short (<20m),,,
data/citywide/images/337/86204/13097__AST_IM_20210811_164251.jpeg,True,86204,337,Boardwalk < 1.2m High,2m boardwalk,13097,AST_IM_20210811_164251.jpeg,,,Timber,,No,No railings,50.0,,,Timber,,,True,medium (20-100m),,,
data/citywide/images/337/86205/13099__AST_IM_20210811_163416.jpeg,True,86205,337,Boardwalk < 1.2m High,7m boardwalk,13099,AST_IM_20210811_163416.jpeg,,,Timber,,No,No railings,15.0,,,Timber,,,True,short (<20m),,,
data/citywide/images/337/86199/13124__AST_IM_20210811_162150.jpeg,True,86199,337,Boardwalk < 1.2m High,8m boardwalk,13124,AST_IM_20210811_162150.jpeg,,,Timber,,No,No railings,48.0,,,Timber,,,True,medium (20-100m),,,
data/citywide/images/337/86206/13155__AST_IM_20210811_162622.jpeg,True,86206,337,Boardwalk < 1.2m High,"10m boardwalk, garbage",13155,AST_IM_20210811_162622.jpeg,,,,,No,No railings,50.0,,,,,,True,medium (20-100m),,,
data/citywide/images/337/86210/13113__AST_IM_20210811_164111.jpeg,True,86210,337,Boardwalk < 1.2m High,16m boardwalk,13113,AST_IM_20210811_164111.jpeg,,,Timber,,No,No railings,100.0,,,Timber,,,True,long (>100m),,,
data/citywide/images/337/86210/13114__AST_IM_20210811_164105.jpeg,True,86210,337,Boardwalk < 1.2m High,16m boardwalk,13114,AST_IM_20210811_164105.jpeg,,,Timber,,No,No railings,100.0,,,Timber,,,True,long (>100m),,,
data/citywide/images/337/86206/13156__AST_IM_20210811_162608.jpeg,True,86206,337,Boardwalk < 1.2m High,"10m boardwalk, garbage",13156,AST_IM_20210811_162608.jpeg,,,,,No,No railings,50.0,,,,,,True,medium (20-100m),,,
data/citywide/images/337/86210/13116__AST_IM_20210811_164045.jpeg,True,86210,337,Boardwalk < 1.2m High,16m boardwalk,13116,AST_IM_20210811_164045.jpeg,,,Timber,,No,No railings,100.0,,,Timber,,,True,long (>100m),,,
data/citywide/images/337/86215/13128__AST_IM_20210811_161819.jpeg,True,86215,337,Boardwalk < 1.2m High,4m boardwalk,13128,AST_IM_20210811_161819.jpeg,,,Timber,,No,No railings,12.0,,,Timber,,,True,short (<20m),,,
data/citywide/images/337/86217/13075__AST_IM_20210811_165238.jpeg,True,86217,337,Boardwalk < 1.2m High,2m log boardwalk,13075,AST_IM_20210811_165238.jpeg,,,Timber,,No,No railings,12.0,,,Timber,,,True,short (<20m),,,
data/citywide/images/337/86222/13067__AST_IM_20210811_170123.jpeg,True,86222,337,Boardwalk < 1.2m High,"8m boardwalk, garbage, covered by washout",13067,AST_IM_20210811_170123.jpeg,,,Timber,,No,No railings,8.0,,,Timber,,,True,short (<20m),,,
data/citywide/images/337/86224/13117__AST_IM_20210811_162722.jpeg,True,86224,337,Boardwalk < 1.2m High,8m boardwalk,13117,AST_IM_20210811_162722.jpeg,,,Timber,,No,No railings,25.0,,,Timber,,,True,medium (20-100m),,,
data/citywide/images/337/86223/13146__AST_IM_20210811_161124.jpeg,True,86223,337,Boardwalk < 1.2m High,6m boardwalk,13146,AST_IM_20210811_161124.jpeg,,,,,No,No railings,35.0,,,Timber,,,True,medium (20-100m),,,
data/citywide/images/337/86226/13105__AST_IM_20210811_164011.jpeg,True,86226,337,Boardwalk < 1.2m High,11m boardwalk,13105,AST_IM_20210811_164011.jpeg,,,Timber,,No,No railings,11.0,,,Timber,,,True,short (<20m),,,
data/citywide/images/337/86219/13091__AST_IM_20210811_164134.jpeg,True,86219,337,Boardwalk < 1.2m High,5m boardwalk,13091,AST_IM_20210811_164134.jpeg,,,Timber,,No,No railings,35.0,,,Timber,,,True,medium (20-100m),,,
data/citywide/images/337/86225/13093__AST_IM_20210811_164625.jpeg,True,86225,337,Boardwalk < 1.2m High,3m log boardwalk,13093,AST_IM_20210811_164625.jpeg,,,Timber,,No,No railings,30.0,,,Timber,,,True,medium (20-100m),,,
data/citywide/images/337/86231/13094__AST_IM_20210811_163929.jpeg,True,86231,337,Boardwalk < 1.2m High,16m log boardwalk,13094,AST_IM_20210811_163929.jpeg,,,Timber,,No,No railings,16.0,,,Timber,,,True,short (<20m),,,
data/citywide/images/337/86229/13111__AST_IM_20210811_163857.jpeg,True,86229,337,Boardwalk < 1.2m High,2m boardwalk,13111,AST_IM_20210811_163857.jpeg,,,Timber,,No,No railings,50.0,,,Timber,,,True,medium (20-100m),,,
data/citywide/images/337/86232/13066__AST_IM_20210811_170205.jpeg,True,86232,337,Boardwalk < 1.2m High,7m boardwalk,13066,AST_IM_20210811_170205.jpeg,,,Timber,,No,No railings,25.0,,,Timber,,,True,medium (20-100m),,,
data/citywide/images/337/86236/13074__AST_IM_20210811_165847.jpeg,True,86236,337,Boardwalk < 1.2m High,4m boardwalk,13074,AST_IM_20210811_165847.jpeg,,,Timber,,No,No railings,12.0,,,Timber,,,True,short (<20m),,,
data/citywide/images/337/86253/13063__AST_IM_20210811_170608.jpeg,True,86253,337,Boardwalk < 1.2m High,2m boardwalk,13063,AST_IM_20210811_170608.jpeg,,,Timber,,No,No railings,12.0,,,Timber,,,True,short (<20m),,,
data/citywide/images/337/86256/13062__AST_IM_20210811_170714.jpeg,True,86256,337,Boardwalk < 1.2m High,4m boardwalk,13062,AST_IM_20210811_170714.jpeg,,,Timber,,No,No railings,35.0,,,Timber,,,True,medium (20-100m),,,
data/citywide/images/337/86355/89926__AST_EX_20251019_142908.jpeg,True,86355,337,Boardwalk < 1.2m High,Boardwalk section 4 along twin spruce trail (starting from east trailhead),89926,AST_EX_20251019_142908.jpeg,,,,,No,No railings,,,,,,,,,,,
data/citywide/images/337/86355/13494__AST_IM_20210812_123136.jpeg,True,86355,337,Boardwalk < 1.2m High,Boardwalk section 4 along twin spruce trail (starting from east trailhead),13494,AST_IM_20210812_123136.jpeg,,,,,No,No railings,,,,,,,,,,,
data/citywide/images/337/86358/13512__AST_IM_20210812_120947.jpeg,True,86358,337,Boardwalk < 1.2m High,Boardwalk section 2 along twin spruce trail (starting from east trailhead),13512,AST_IM_20210812_120947.jpeg,,,,,No,No railings,,,,,,,False,,,,
data/citywide/images/337/86358/13513__AST_IM_20210812_120939.jpeg,True,86358,337,Boardwalk < 1.2m High,Boardwalk section 2 along twin spruce trail (starting from east trailhead),13513,AST_IM_20210812_120939.jpeg,,,,,No,No railings,,,,,,,False,,,,
data/citywide/images/337/86358/13514__AST_IM_20210812_120926.jpeg,True,86358,337,Boardwalk < 1.2m High,Boardwalk section 2 along twin spruce trail (starting from east trailhead),13514,AST_IM_20210812_120926.jpeg,,,,,No,No railings,,,,,,,False,,,,
data/citywide/images/337/86358/89933__AST_EX_20251019_135923.jpeg,True,86358,337,Boardwalk < 1.2m High,Boardwalk section 2 along twin spruce trail (starting from east trailhead),89933,AST_EX_20251019_135923.jpeg,,,,,No,No railings,,,,,,,False,,,,
data/citywide/images/337/86877/15181__AST_IM_20210812_153510.jpeg,True,86877,337,Boardwalk < 1.2m High,Boardwalk,15181,AST_IM_20210812_153510.jpeg,,,,,No,No railings,,,,,,,,,,,
data/citywide/images/337/86878/15093__AST_IM_20210814_101623.jpeg,True,86878,337,Boardwalk < 1.2m High,Boardwalk,15093,AST_IM_20210814_101623.jpeg,,,,,No,No railings,,,,,,,,,,,
data/citywide/images/337/86886/15244__AST_IM_20210813_103622.jpeg,True,86886,337,Boardwalk < 1.2m High,Boardwalk,15244,AST_IM_20210813_103622.jpeg,,,,,No,No railings,,,,,,,False,,,,
data/citywide/images/337/86884/15243__AST_IM_20210813_102615.jpeg,True,86884,337,Boardwalk < 1.2m High,Boardwalk,15243,AST_IM_20210813_102615.jpeg,,,,,No,No railings,,,,,,,False,,,,
data/citywide/images/337/86896/15222__AST_IM_20210813_141937.jpeg,True,86896,337,Boardwalk < 1.2m High,Boardwalk,15222,AST_IM_20210813_141937.jpeg,,,,,No,No railings,,,,,,,False,,,,
data/citywide/images/337/86889/15242__AST_IM_20210813_111551.jpeg,True,86889,337,Boardwalk < 1.2m High,Boardwalk,15242,AST_IM_20210813_111551.jpeg,,,,,No,No railings,,,,,,,False,,,,
data/citywide/images/337/86895/15214__AST_IM_20210813_114425.jpeg,True,86895,337,Boardwalk < 1.2m High,Boardwalk,15214,AST_IM_20210813_114425.jpeg,,,,,No,No railings,,,,,,,False,,,,
data/citywide/images/337/86898/15136__AST_IM_20210814_102424.jpeg,True,86898,337,Boardwalk < 1.2m High,Boardwalk,15136,AST_IM_20210814_102424.jpeg,,,,,No,No railings,,,,,,,False,,,,
data/citywide/images/337/86899/15237__AST_IM_20210813_143357.jpeg,True,86899,337,Boardwalk < 1.2m High,Boardwalk - Simple with chicken wire,15237,AST_IM_20210813_143357.jpeg,,,,,No,No railings,,,,,,,False,,,,
data/citywide/images/337/86901/15239__AST_IM_20210813_132921.jpeg,True,86901,337,Boardwalk < 1.2m High,Boardwalk,15239,AST_IM_20210813_132921.jpeg,,,,,No,No railings,,,,,,,False,,,,
data/citywide/images/337/86900/15141__AST_IM_20210814_102442.jpeg,True,86900,337,Boardwalk < 1.2m High,Boardwalk,15141,AST_IM_20210814_102442.jpeg,,,,,No,No railings,,,,,,,False,,,,
data/citywide/images/337/86915/15149__AST_IM_20210814_101600.jpeg,True,86915,337,Boardwalk < 1.2m High,Boardwalk,15149,AST_IM_20210814_101600.jpeg,,,,,No,No railings,,,,,,,,,,,
data/citywide/images/337/86910/15240__AST_IM_20210813_113739.jpeg,True,86910,337,Boardwalk < 1.2m High,Boardwalk,15240,AST_IM_20210813_113739.jpeg,,,,,No,No railings,,,,,,,False,,,,
data/citywide/images/337/86917/15119__AST_IM_20210814_102614.jpeg,True,86917,337,Boardwalk < 1.2m High,Boardwalk,15119,AST_IM_20210814_102614.jpeg,,,,,No,No railings,,,,,,,False,,,,
data/citywide/images/337/86921/15099__AST_IM_20210814_101701.jpeg,True,86921,337,Boardwalk < 1.2m High,Boardwalk,15099,AST_IM_20210814_101701.jpeg,,,,,No,No railings,,,,,,,,,,,
data/citywide/images/337/86925/15176__AST_IM_20210813_113024.jpeg,True,86925,337,Boardwalk < 1.2m High,Boardwalk,15176,AST_IM_20210813_113024.jpeg,,,,,No,No railings,,,,,,,False,,,,
data/citywide/images/337/86926/15145__AST_IM_20210814_102306.jpeg,True,86926,337,Boardwalk < 1.2m High,Boardwalk,15145,AST_IM_20210814_102306.jpeg,,,,,No,No railings,,,,,,,False,,,,
data/citywide/images/337/87500/17656__AST_IM_20210817_135127.jpeg,True,87500,337,Boardwalk < 1.2m High,Section 4- Pressure treated lumber on plastic sills,17656,AST_IM_20210817_135127.jpeg,,,,,No,No railings,,,,,,,False,,,,
data/citywide/images/337/87500/77479__Photo_2024-08-28__08_15_03.jpg,True,87500,337,Boardwalk < 1.2m High,Section 4- Pressure treated lumber on plastic sills,77479,"Photo 2024-08-28, 08 15 03.jpg",,,,,No,No railings,,,,,,,False,,,,
data/citywide/images/337/87530/17613__AST_IM_20210818_095533.jpeg,True,87530,337,Boardwalk < 1.2m High,Section 3; Pressure treated boards on log sills,17613,AST_IM_20210818_095533.jpeg,,,Timber,,No,No railings,10.0,,,Timber,,0.5,True,short (<20m),narrow (<0.9m),,
data/citywide/images/337/87561/17607__AST_IM_20210818_095829.jpeg,True,87561,337,Boardwalk < 1.2m High,Section 5; pressure treated boards on log stringers,17607,AST_IM_20210818_095829.jpeg,,,,,No,No railings,5.0,,,,,0.5,True,short (<20m),narrow (<0.9m),,
data/citywide/images/337/87575/17600__AST_IM_20210818_101024.jpeg,True,87575,337,Boardwalk < 1.2m High,Section 9; Pressure treated boards on log stringers. Gabion mid span.,17600,AST_IM_20210818_101024.jpeg,Timber,Beam,Timber,,No,No railings,10.0,,,Timber,,1.0,True,short (<20m),standard (0.9-1.5m),,
data/citywide/images/337/87575/77510__Photo_2024-08-30__09_01_33.jpg,True,87575,337,Boardwalk < 1.2m High,Section 9; Pressure treated boards on log stringers. Gabion mid span.,77510,"Photo 2024-08-30, 09 01 33.jpg",Timber,Beam,Timber,,No,No railings,10.0,,,Timber,,1.0,True,short (<20m),standard (0.9-1.5m),,
data/citywide/images/337/87554/17654__AST_IM_20210817_135229.jpeg,True,87554,337,Boardwalk < 1.2m High,Section 3- pressure treated lumber on plastic sills,17654,AST_IM_20210817_135229.jpeg,,,Timber,,No,No railings,6.0,,,Timber,,0.5,True,short (<20m),narrow (<0.9m),,
data/citywide/images/337/87583/17614__AST_IM_20210818_094450.jpeg,True,87583,337,Boardwalk < 1.2m High,Section 1; Pressure treated boards on log sills.,17614,AST_IM_20210818_094450.jpeg,,,Timber,,No,No railings,12.0,,,Timber,,0.5,True,short (<20m),narrow (<0.9m),,
data/citywide/images/337/87583/77518__Photo_2024-08-29__16_39_08.jpg,True,87583,337,Boardwalk < 1.2m High,Section 1; Pressure treated boards on log sills.,77518,"Photo 2024-08-29, 16 39 08.jpg",,,Timber,,No,No railings,12.0,,,Timber,,0.5,True,short (<20m),narrow (<0.9m),,
data/citywide/images/337/87845/18258__AST_IM_20210824_115547.jpeg,True,87845,337,Boardwalk < 1.2m High,Marble River Trail; Additional notes: 30m replaced in 2017;,18258,AST_IM_20210824_115547.jpeg,,,,,No,No railings,30.0,,,,,,True,medium (20-100m),,,
data/citywide/images/337/87992/18664__AST_IM_20210825_082612.jpeg,True,87992,337,Boardwalk < 1.2m High,One 8 foot split log bridge over cave creek 56 no footings on rocks.,18664,AST_IM_20210825_082612.jpeg,,,Timber,,No,No railings,,,,Timber,,,False,,,,
data/citywide/images/337/87845/76047__s4bridge4.jpg,True,87845,337,Boardwalk < 1.2m High,Marble River Trail; Additional notes: 30m replaced in 2017;,76047,s4bridge4.jpg,,,,,No,No railings,30.0,,,,,,True,medium (20-100m),,,
data/citywide/images/337/88089/18844__AST_IM_20210826_125147.jpeg,True,88089,337,Boardwalk < 1.2m High,Moderate,18844,AST_IM_20210826_125147.jpeg,Timber,,Timber,,,No railings,3.5,,,,,,True,short (<20m),,,
data/citywide/images/337/88094/18828__AST_IM_20210826_130553.jpeg,True,88094,337,Boardwalk < 1.2m High,,18828,AST_IM_20210826_130553.jpeg,,,,,No,No railings,,,,Timber,,,False,,,,
data/citywide/images/337/88099/18823__AST_IM_20210826_130714.jpeg,True,88099,337,Boardwalk < 1.2m High,Pull out and monitor,18823,AST_IM_20210826_130714.jpeg,,,,,No,No railings,,,,,,,False,,,,
data/citywide/images/337/88099/18824__AST_IM_20210826_130642.jpeg,True,88099,337,Boardwalk < 1.2m High,Pull out and monitor,18824,AST_IM_20210826_130642.jpeg,,,,,No,No railings,,,,,,,False,,,,
data/citywide/images/337/88097/18830__AST_IM_20210826_140829.jpeg,True,88097,337,Boardwalk < 1.2m High,,18830,AST_IM_20210826_140829.jpeg,Timber,Beam,Timber,,,No railings,3.0,,,Timber,,,True,short (<20m),,,
data/citywide/images/337/88100/77974__AST_EX_20241206_115118.jpeg,True,88100,337,Boardwalk < 1.2m High,,77974,AST_EX_20241206_115118.jpeg,,,,,No,No railings,,,,,,,False,,,,
data/citywide/images/337/88100/18816__AST_IM_20210826_135759.jpeg,False,88100,337,Boardwalk < 1.2m High,,18816,AST_IM_20210826_135759.jpeg,,,,,No,No railings,,,,,,,False,,,,
data/citywide/images/337/85318/11784__AST_IM_20210806_093045.jpeg,False,85318,337,Boardwalk < 1.2m High,Bridge in poor to okay condition. Crosses over a low spot.,11784,AST_IM_20210806_093045.jpeg,,,,,No,No railings,,,,,,,False,,,,
data/citywide/images/337/88102/18818__AST_IM_20210826_142039.jpeg,False,88102,337,Boardwalk < 1.2m High,pull out,18818,AST_IM_20210826_142039.jpeg,,,,,No,No railings,,,,,,,False,,,,
data/citywide/images/337/88112/18819__AST_IM_20210826_143009.jpeg,False,88112,337,Boardwalk < 1.2m High,20m. Pull out,18819,AST_IM_20210826_143009.jpeg,,,,,,,21.3,,,,,,True,medium (20-100m),,,
data/citywide/images/337/88113/18820__AST_IM_20210826_143101.jpeg,False,88113,337,Boardwalk < 1.2m High,pull out - 10m,18820,AST_IM_20210826_143101.jpeg,,,,,,,150.0,,,,,,True,long (>100m),,,
data/citywide/images/337/88108/18843__AST_IM_20210826_134852.jpeg,False,88108,337,Boardwalk < 1.2m High,,18843,AST_IM_20210826_134852.jpeg,,,,,,,5.0,,,,,,True,short (<20m),,,
data/citywide/images/337/88115/18812__AST_IM_20210826_143310.jpeg,False,88115,337,Boardwalk < 1.2m High,pull out - 10m,18812,AST_IM_20210826_143310.jpeg,,,,,,,30.0,,,,,,True,medium (20-100m),,,
data/citywide/images/337/88116/18814__AST_IM_20210826_143223.jpeg,False,88116,337,Boardwalk < 1.2m High,pull out - 10m,18814,AST_IM_20210826_143223.jpeg,,,,,,,30.0,,,,,,True,medium (20-100m),,,
data/citywide/images/337/88121/18804__AST_IM_20210826_143458.jpeg,False,88121,337,Boardwalk < 1.2m High,10m pull out,18804,AST_IM_20210826_143458.jpeg,,,,,,,10.0,,,,,,True,short (<20m),,,
data/citywide/images/337/88126/18805__AST_IM_20210826_143535.jpeg,False,88126,337,Boardwalk < 1.2m High,pull put 15m,18805,AST_IM_20210826_143535.jpeg,,,,,,,15.0,,,,,,True,short (<20m),,,
data/citywide/images/337/88139/18878__MI_20210826_114844.jpg,False,88139,337,Boardwalk < 1.2m High,fair,18878,MI_20210826_114844.jpg,,,,,,,45.0,,,,,,True,medium (20-100m),,,
data/citywide/images/337/88142/18867__MI_20210826_112401.jpg,False,88142,337,Boardwalk < 1.2m High,,18867,MI_20210826_112401.jpg,,,,,,,30.0,,,,,,True,medium (20-100m),,,
data/citywide/images/337/88141/18880__MI_20210826_113342.jpg,False,88141,337,Boardwalk < 1.2m High,fair,18880,MI_20210826_113342.jpg,,,,,,,35.0,,,,,,True,medium (20-100m),,,
data/citywide/images/337/88144/18884__MI_20210826_115024.jpg,False,88144,337,Boardwalk < 1.2m High,,18884,MI_20210826_115024.jpg,,,,,,,12.0,,,,,,True,short (<20m),,,
data/citywide/images/337/88140/18863__MI_20210826_112234.jpg,False,88140,337,Boardwalk < 1.2m High,fair,18863,MI_20210826_112234.jpg,,,,,,,80.0,,,,,,True,medium (20-100m),,,
data/citywide/images/337/88147/18858__MI_20210826_112506.jpg,False,88147,337,Boardwalk < 1.2m High,,18858,MI_20210826_112506.jpg,,,,,,,4.0,,,,,,True,short (<20m),,,
data/citywide/images/337/88151/18877__MI_20210826_114941.jpg,False,88151,337,Boardwalk < 1.2m High,,18877,MI_20210826_114941.jpg,,,,,,,21.0,,,,,,True,medium (20-100m),,,
data/citywide/images/337/88153/18902__MI_20210826_130332.jpg,False,88153,337,Boardwalk < 1.2m High,,18902,MI_20210826_130332.jpg,,,,,,,8.0,,,,,,True,short (<20m),,,
data/citywide/images/337/88154/18895__MI_20210826_115242.jpg,False,88154,337,Boardwalk < 1.2m High,,18895,MI_20210826_115242.jpg,,,,,,,15.0,,,,,,True,short (<20m),,,
data/citywide/images/337/88155/18859__MI_20210826_112318.jpg,False,88155,337,Boardwalk < 1.2m High,,18859,MI_20210826_112318.jpg,,,,,,,15.0,,,,,,True,short (<20m),,,
data/citywide/images/337/88158/18865__MI_20210826_143314.jpg,False,88158,337,Boardwalk < 1.2m High,,18865,MI_20210826_143314.jpg,,,,,,,5.0,,,,,,True,short (<20m),,,
data/citywide/images/337/88157/18900__MI_20210826_130440.jpg,False,88157,337,Boardwalk < 1.2m High,,18900,MI_20210826_130440.jpg,,,,,,,20.0,,,,,,True,medium (20-100m),,,
data/citywide/images/337/88159/18875__MI_20210826_115048.jpg,False,88159,337,Boardwalk < 1.2m High,,18875,MI_20210826_115048.jpg,,,,,,,175.0,,,,,,True,long (>100m),,,
data/citywide/images/337/88160/18861__MI_20210826_142939.jpg,False,88160,337,Boardwalk < 1.2m High,,18861,MI_20210826_142939.jpg,,,,,,,4.0,,,,,,True,short (<20m),,,
data/citywide/images/337/88167/18886__MI_20210826_114046.jpg,False,88167,337,Boardwalk < 1.2m High,,18886,MI_20210826_114046.jpg,,,,,,,15.0,,,,,,True,short (<20m),,,
data/citywide/images/337/88168/18874__MI_20210826_142647.jpg,False,88168,337,Boardwalk < 1.2m High,,18874,MI_20210826_142647.jpg,,,,,,,30.0,,,,,,True,medium (20-100m),,,
data/citywide/images/337/88170/18888__MI_20210826_143015.jpg,False,88170,337,Boardwalk < 1.2m High,,18888,MI_20210826_143015.jpg,,,,,,,7.0,,,,,,True,short (<20m),,,
data/citywide/images/337/88169/18897__MI_20210826_111913.jpg,False,88169,337,Boardwalk < 1.2m High,,18897,MI_20210826_111913.jpg,,,,,No,No railings,,,,,,,False,,,,
data/citywide/images/337/88171/18866__MI_20210826_142734.jpg,False,88171,337,Boardwalk < 1.2m High,,18866,MI_20210826_142734.jpg,,,,,,,12.0,,,,,,True,short (<20m),,,
data/citywide/images/337/88191/76417__AST_EX_20241025_091423.jpeg,True,88191,337,Boardwalk < 1.2m High,New as of 2022,76417,AST_EX_20241025_091423.jpeg,,,,,,,24.4,,,,,,True,medium (20-100m),,,
data/citywide/images/337/88194/76407__AST_EX_20241025_092618.jpeg,True,88194,337,Boardwalk < 1.2m High,New as of 2022.,76407,AST_EX_20241025_092618.jpeg,,,,,,,20.0,,,,,,True,medium (20-100m),,,
data/citywide/images/337/88202/76418__AST_EX_20241025_092531.jpeg,True,88202,337,Boardwalk < 1.2m High,New as of 2022,76418,AST_EX_20241025_092531.jpeg,,,,,,,21.3,,,,,,True,medium (20-100m),,,
data/citywide/images/337/88270/19183__AST_IM_20210829_102840.jpeg,True,88270,337,Boardwalk < 1.2m High,Five sections of 8 foot long boardwalk 2 x 6 stringers on 4 x 4 all treated wood.,19183,AST_IM_20210829_102840.jpeg,,,,,,No railings,,,,,,,False,,,,
data/citywide/images/337/88270/72597__AST_EX_20240817_173347.jpeg,True,88270,337,Boardwalk < 1.2m High,Five sections of 8 foot long boardwalk 2 x 6 stringers on 4 x 4 all treated wood.,72597,AST_EX_20240817_173347.jpeg,,,,,,No railings,,,,,,,False,,,,
data/citywide/images/337/88182/18873__MI_20210826_142759.jpg,False,88182,337,Boardwalk < 1.2m High,,18873,MI_20210826_142759.jpg,,,,,,,40.0,,,,,,True,medium (20-100m),,,
data/citywide/images/337/88273/72603__AST_EX_20240817_171009.jpeg,True,88273,337,Boardwalk < 1.2m High,8aEUR(TM) long footbridge. 2 broken 4x4 stringers. 2 aEUR~ wide 2x6 decking. All treated wood.  | Could replace with rocks for steps.,72603,AST_EX_20240817_171009.jpeg,,,Timber,,No,No railings,2.44,,,Timber,,2.0,True,short (<20m),wide (>1.5m),,
data/citywide/images/337/88179/18882__MI_20210826_143432.jpg,False,88179,337,Boardwalk < 1.2m High,,18882,MI_20210826_143432.jpg,,,,,,,25.0,,,,,,True,medium (20-100m),,,
data/citywide/images/337/88175/18892__MI_20210826_130714.jpg,False,88175,337,Boardwalk < 1.2m High,fair,18892,MI_20210826_130714.jpg,,,,,,,6.401,,,,,,True,short (<20m),,,
data/citywide/images/337/88273/19201__AST_IM_20210829_091153.jpeg,False,88273,337,Boardwalk < 1.2m High,8aEUR(TM) long footbridge. 2 broken 4x4 stringers. 2 aEUR~ wide 2x6 decking. All treated wood.  | Could replace with rocks for steps.,19201,AST_IM_20210829_091153.jpeg,,,Timber,,No,No railings,2.44,,,Timber,,2.0,True,short (<20m),wide (>1.5m),,
data/citywide/images/337/88662/21276__MI_20210904_120903.jpg,False,88662,337,Boardwalk < 1.2m High,,21276,MI_20210904_120903.jpg,,,,,,,7.0,,,,,,True,short (<20m),,,
data/citywide/images/337/88663/21278__MI_20210904_121425.jpg,False,88663,337,Boardwalk < 1.2m High,,21278,MI_20210904_121425.jpg,,,,,,,5.0,,,,,,True,short (<20m),,,
data/citywide/images/337/88664/21271__MI_20210904_121203.jpg,False,88664,337,Boardwalk < 1.2m High,,21271,MI_20210904_121203.jpg,,,,,,,19.0,,,,,,True,short (<20m),,,
data/citywide/images/337/88665/21275__MI_20210904_121044.jpg,False,88665,337,Boardwalk < 1.2m High,,21275,MI_20210904_121044.jpg,,,,,,,7.0,,,,,,True,short (<20m),,,
data/citywide/images/337/88667/21273__MI_20210904_121353.jpg,False,88667,337,Boardwalk < 1.2m High,,21273,MI_20210904_121353.jpg,,,,,,,30.0,,,,,,True,medium (20-100m),,,
data/citywide/images/337/88666/21272__MI_20210904_120833.jpg,False,88666,337,Boardwalk < 1.2m High,,21272,MI_20210904_120833.jpg,,,,,,,15.0,,,,,,True,short (<20m),,,
data/citywide/images/337/88674/76058__s13bridge12.jpg,True,88674,337,Boardwalk < 1.2m High,Boardwalk,76058,s13bridge12.jpg,,,Timber,,No,No railings,,,,Timber,,0.4,False,,narrow (<0.9m),,
data/citywide/images/337/89410/22077__AST_IM_20210916_120203.jpeg,True,89410,337,Boardwalk < 1.2m High,Wood boardwalk in fair condition.,22077,AST_IM_20210916_120203.jpeg,,,Timber,,No,No railings,,,,Timber,,,False,,,,
data/citywide/images/337/89446/22161__AST_IM_20210918_122548.jpeg,True,89446,337,Boardwalk < 1.2m High,Good shape. 1-16 ft 6x6 stringer needs replacing.,22161,AST_IM_20210918_122548.jpeg,Timber,Beam,Timber,,No,No railings,5.2,,,Timber,,1.15,True,short (<20m),standard (0.9-1.5m),,
data/citywide/images/337/89446/22163__AST_IM_20210918_122605.jpeg,True,89446,337,Boardwalk < 1.2m High,Good shape. 1-16 ft 6x6 stringer needs replacing.,22163,AST_IM_20210918_122605.jpeg,Timber,Beam,Timber,,No,No railings,5.2,,,Timber,,1.15,True,short (<20m),standard (0.9-1.5m),,
data/citywide/images/337/89577/22579__AST_IM_20210919_110007.jpeg,True,89577,337,Boardwalk < 1.2m High,Good shape,22579,AST_IM_20210919_110007.jpeg,Timber,Beam,Timber,,No,No railings,4.6,,,Timber,,1.15,True,short (<20m),standard (0.9-1.5m),,
data/citywide/images/337/89579/22588__AST_IM_20210919_103726.jpeg,True,89579,337,Boardwalk < 1.2m High,Good shape needs handrail,22588,AST_IM_20210919_103726.jpeg,Timber,Beam,Timber,,No,No railings,3.4,,,Timber,,1.15,True,short (<20m),standard (0.9-1.5m),,
data/citywide/images/337/89582/22587__AST_IM_20210919_103923.jpeg,True,89582,337,Boardwalk < 1.2m High,Good shape needs handrail,22587,AST_IM_20210919_103923.jpeg,Timber,Beam,Timber,,No,No railings,5.8,,,Timber,,1.15,True,short (<20m),standard (0.9-1.5m),,
data/citywide/images/337/89588/22569__AST_IM_20210919_110858.jpeg,True,89588,337,Boardwalk < 1.2m High,Good shape,22569,AST_IM_20210919_110858.jpeg,Timber,Beam,Timber,,No,No railings,2.9,,,Timber,,1.15,True,short (<20m),standard (0.9-1.5m),,
data/citywide/images/337/89591/22578__AST_IM_20210919_110352.jpeg,True,89591,337,Boardwalk < 1.2m High,Good shape,22578,AST_IM_20210919_110352.jpeg,Timber,Beam,Timber,,No,No railings,2.6,,,Timber,,1.15,True,short (<20m),standard (0.9-1.5m),,
data/citywide/images/337/89593/22573__AST_IM_20210919_110758.jpeg,True,89593,337,Boardwalk < 1.2m High,Good shape,22573,AST_IM_20210919_110758.jpeg,Timber,Beam,Timber,,No,No railings,2.7,,,Timber,,1.15,True,short (<20m),standard (0.9-1.5m),,
data/citywide/images/337/89595/22568__AST_IM_20210919_110945.jpeg,True,89595,337,Boardwalk < 1.2m High,Good shape,22568,AST_IM_20210919_110945.jpeg,Timber,Beam,Timber,,No,No railings,2.9,,,Timber,,2.9,True,short (<20m),wide (>1.5m),,
data/citywide/images/337/89600/22565__AST_IM_20210919_111400.jpeg,True,89600,337,Boardwalk < 1.2m High,Good shape,22565,AST_IM_20210919_111400.jpeg,Timber,Beam,Timber,,No,No railings,2.6,,,Timber,,1.15,True,short (<20m),standard (0.9-1.5m),,
data/citywide/images/337/89601/22576__AST_IM_20210919_110058.jpeg,True,89601,337,Boardwalk < 1.2m High,Good shape,22576,AST_IM_20210919_110058.jpeg,Timber,Beam,Timber,,No,No railings,2.5,,,Timber,,1.15,True,short (<20m),standard (0.9-1.5m),,
data/citywide/images/337/89705/22865__IMG_0661.JPG,True,89705,337,Boardwalk < 1.2m High,Boardwalk,22865,IMG_0661.JPG,,,Timber,,No,No railings,2.5,,,Timber,,1.0,True,short (<20m),standard (0.9-1.5m),,
data/citywide/images/337/89705/76045__s1bridge1.jpg,True,89705,337,Boardwalk < 1.2m High,Boardwalk,76045,s1bridge1.jpg,,,Timber,,No,No railings,2.5,,,Timber,,1.0,True,short (<20m),standard (0.9-1.5m),,
data/citywide/images/337/89710/22874__IMG_0669.JPG,True,89710,337,Boardwalk < 1.2m High,Boardwalk,22874,IMG_0669.JPG,,,Timber,,No,No railings,25.0,,,Timber,,1.0,True,medium (20-100m),standard (0.9-1.5m),,
data/citywide/images/337/89710/76052__s6bridge7.jpg,True,89710,337,Boardwalk < 1.2m High,Boardwalk,76052,s6bridge7.jpg,,,Timber,,No,No railings,25.0,,,Timber,,1.0,True,medium (20-100m),standard (0.9-1.5m),,
data/citywide/images/337/89712/22875__IMG_0670.JPG,True,89712,337,Boardwalk < 1.2m High,Boardwalk,22875,IMG_0670.JPG,,,Timber,,No,No railings,20.0,,,Timber,,1.0,True,medium (20-100m),standard (0.9-1.5m),,
data/citywide/images/337/89712/76053__s8bridge8.jpg,True,89712,337,Boardwalk < 1.2m High,Boardwalk,76053,s8bridge8.jpg,,,Timber,,No,No railings,20.0,,,Timber,,1.0,True,medium (20-100m),standard (0.9-1.5m),,
data/citywide/images/337/89713/22888__IMG_0672.JPG,True,89713,337,Boardwalk < 1.2m High,Boardwalk,22888,IMG_0672.JPG,,,Timber,,No,No railings,15.0,,,Timber,,1.0,True,short (<20m),standard (0.9-1.5m),,
data/citywide/images/337/89713/76054__s10bridge9.jpg,True,89713,337,Boardwalk < 1.2m High,Boardwalk,76054,s10bridge9.jpg,,,Timber,,No,No railings,15.0,,,Timber,,1.0,True,short (<20m),standard (0.9-1.5m),,
data/citywide/images/337/89715/22901__IMG_0679.JPG,True,89715,337,Boardwalk < 1.2m High,Boardwalk,22901,IMG_0679.JPG,,,Timber,,No,No railings,7.0,,,Timber,,1.0,True,short (<20m),standard (0.9-1.5m),,
data/citywide/images/337/89715/76063__s18bridge14.jpg,True,89715,337,Boardwalk < 1.2m High,Boardwalk,76063,s18bridge14.jpg,,,Timber,,No,No railings,7.0,,,Timber,,1.0,True,short (<20m),standard (0.9-1.5m),,
data/citywide/images/337/89728/22915__IMG_0697.JPG,True,89728,337,Boardwalk < 1.2m High,Boardwalk,22915,IMG_0697.JPG,,,Timber,,No,No railings,,,,Timber,,1.0,False,,standard (0.9-1.5m),,
data/citywide/images/337/90319/23785__AST_IM_20210922_122443.jpeg,True,90319,337,Boardwalk < 1.2m High,42 w 30 l,23785,AST_IM_20210922_122443.jpeg,,,Timber,,No,No railings,30.0,,,Timber,,1.0,True,medium (20-100m),standard (0.9-1.5m),,
data/citywide/images/337/90328/23792__AST_IM_20210922_121747.jpeg,True,90328,337,Boardwalk < 1.2m High,42 boardwalk,23792,AST_IM_20210922_121747.jpeg,,,Timber,,No,No railings,10.0,,,Timber,,1.0,True,short (<20m),standard (0.9-1.5m),,
data/citywide/images/337/90330/23767__AST_IM_20210922_130649.jpeg,True,90330,337,Boardwalk < 1.2m High,42 w  18 l | F,23767,AST_IM_20210922_130649.jpeg,,,Timber,,No,No railings,30.0,,,Timber,,1.0,True,medium (20-100m),standard (0.9-1.5m),,
data/citywide/images/337/90333/23776__AST_IM_20210922_124910.jpeg,True,90333,337,Boardwalk < 1.2m High,42 w 5 l | G,23776,AST_IM_20210922_124910.jpeg,,,Timber,,No,No railings,12.0,,,Timber,,1.0,True,short (<20m),standard (0.9-1.5m),,
data/citywide/images/337/90337/23778__AST_IM_20210922_123407.jpeg,True,90337,337,Boardwalk < 1.2m High,42 w 50 l,23778,AST_IM_20210922_123407.jpeg,,,Timber,,No,No railings,50.0,,,Timber,,1.0,True,medium (20-100m),standard (0.9-1.5m),,
data/citywide/images/337/90338/23784__AST_IM_20210922_124137.jpeg,True,90338,337,Boardwalk < 1.2m High,42 w 12 l good,23784,AST_IM_20210922_124137.jpeg,,,Timber,,No,No railings,12.0,,,Timber,,1.0,True,short (<20m),standard (0.9-1.5m),,
data/citywide/images/337/90342/23766__AST_IM_20210922_131016.jpeg,True,90342,337,Boardwalk < 1.2m High,42 w 50 l | F p,23766,AST_IM_20210922_131016.jpeg,,,Timber,,No,No railings,50.0,,,Timber,,1.0,True,medium (20-100m),standard (0.9-1.5m),,
data/citywide/images/337/90344/23741__AST_IM_20210922_135421.jpeg,True,90344,337,Boardwalk < 1.2m High,42 w 12 l | G,23741,AST_IM_20210922_135421.jpeg,,,Timber,,No,No railings,25.0,,,Timber,,1.0,True,medium (20-100m),standard (0.9-1.5m),,
data/citywide/images/337/90349/23724__AST_IM_20210922_142439.jpeg,True,90349,337,Boardwalk < 1.2m High,42 w 8 l | G,23724,AST_IM_20210922_142439.jpeg,,,Timber,,No,No railings,42.0,,,Timber,,1.0,True,medium (20-100m),standard (0.9-1.5m),,
data/citywide/images/337/90351/23750__AST_IM_20210922_142039.jpeg,True,90351,337,Boardwalk < 1.2m High,42 w 35 l | G,23750,AST_IM_20210922_142039.jpeg,,,Timber,,No,No railings,35.0,,,Timber,,1.0,True,medium (20-100m),standard (0.9-1.5m),,
data/citywide/images/337/90353/23746__AST_IM_20210922_134422.jpeg,True,90353,337,Boardwalk < 1.2m High,42 w 30 l | Gf,23746,AST_IM_20210922_134422.jpeg,,,Timber,,No,No railings,35.0,,,Timber,,1.0,True,medium (20-100m),standard (0.9-1.5m),,
data/citywide/images/337/90355/23758__AST_IM_20210922_141927.jpeg,True,90355,337,Boardwalk < 1.2m High,42 w 5 l  | G,23758,AST_IM_20210922_141927.jpeg,,,Timber,,No,No railings,12.0,,,Timber,,1.0,True,short (<20m),standard (0.9-1.5m),,
data/citywide/images/337/90356/23749__AST_IM_20210922_135656.jpeg,True,90356,337,Boardwalk < 1.2m High,42 w 5 l | Fp,23749,AST_IM_20210922_135656.jpeg,,,Timber,,No,No railings,17.0,,,Timber,,1.0,True,short (<20m),standard (0.9-1.5m),,
data/citywide/images/337/90359/23739__AST_IM_20210922_150503.jpeg,True,90359,337,Boardwalk < 1.2m High,42 w 12 l | Pf,23739,AST_IM_20210922_150503.jpeg,,,Timber,,No,No railings,30.0,,,Timber,,1.0,True,medium (20-100m),standard (0.9-1.5m),,
data/citywide/images/337/90366/23773__AST_IM_20210922_125125.jpeg,True,90366,337,Boardwalk < 1.2m High,40 w 80 l | F | Some new some old,23773,AST_IM_20210922_125125.jpeg,,,Timber,,No,No railings,80.0,,,Timber,,1.0,True,medium (20-100m),standard (0.9-1.5m),,
data/citywide/images/337/90367/23771__AST_IM_20210922_130114.jpeg,True,90367,337,Boardwalk < 1.2m High,42 w 5 l | P,23771,AST_IM_20210922_130114.jpeg,,,Timber,,No,No railings,15.0,,,Timber,,1.0,True,short (<20m),standard (0.9-1.5m),,
data/citywide/images/337/90368/23713__AST_IM_20210922_151654.jpeg,True,90368,337,Boardwalk < 1.2m High,42 15 l | Fp,23713,AST_IM_20210922_151654.jpeg,,,Timber,,No,No railings,15.0,,,Timber,,1.0,True,short (<20m),standard (0.9-1.5m),,
data/citywide/images/337/90370/23729__AST_IM_20210922_140521.jpeg,True,90370,337,Boardwalk < 1.2m High,42 w 34 l | G,23729,AST_IM_20210922_140521.jpeg,,,Timber,,No,No railings,34.0,,,Timber,,1.0,True,medium (20-100m),standard (0.9-1.5m),,
data/citywide/images/337/90371/23718__AST_IM_20210922_145640.jpeg,True,90371,337,Boardwalk < 1.2m High,42 w 5 l | F,23718,AST_IM_20210922_145640.jpeg,,,Timber,,No,No railings,40.0,,,Timber,,1.0,True,medium (20-100m),standard (0.9-1.5m),,
data/citywide/images/337/90375/23664__AST_IM_20210922_172709.jpeg,True,90375,337,Boardwalk < 1.2m High,42 w 35 | Gf,23664,AST_IM_20210922_172709.jpeg,,,Timber,,No,No railings,35.0,,,Timber,,1.0,True,medium (20-100m),standard (0.9-1.5m),,
data/citywide/images/337/90377/23660__AST_IM_20210923_094647.jpeg,True,90377,337,Boardwalk < 1.2m High,49 w 2.5 | G,23660,AST_IM_20210923_094647.jpeg,,,,,No,No railings,8.0,,,Timber,,1.0,True,short (<20m),standard (0.9-1.5m),,
data/citywide/images/337/90380/23679__AST_IM_20210922_144659.jpeg,True,90380,337,Boardwalk < 1.2m High,42 w 5 l | G,23679,AST_IM_20210922_144659.jpeg,,,Timber,,No,No railings,10.0,,,Timber,,1.0,True,short (<20m),standard (0.9-1.5m),,
data/citywide/images/337/90386/23751__AST_IM_20210922_135810.jpeg,True,90386,337,Boardwalk < 1.2m High,42 w 30l | Pf,23751,AST_IM_20210922_135810.jpeg,,,Timber,,No,No railings,30.0,,,Timber,,1.0,True,medium (20-100m),standard (0.9-1.5m),,
data/citywide/images/337/90388/23730__AST_IM_20210922_153720.jpeg,True,90388,337,Boardwalk < 1.2m High,42 w 4 l | P,23730,AST_IM_20210922_153720.jpeg,,,,,No,No railings,25.0,,,Timber,,1.0,True,medium (20-100m),standard (0.9-1.5m),,
data/citywide/images/337/90392/23669__AST_IM_20210922_160448.jpeg,True,90392,337,Boardwalk < 1.2m High,42 w 35 l | Vg,23669,AST_IM_20210922_160448.jpeg,,,Timber,,No,No railings,40.0,,,Timber,,1.0,True,medium (20-100m),standard (0.9-1.5m),,
data/citywide/images/337/90393/23667__AST_IM_20210923_133715.jpeg,True,90393,337,Boardwalk < 1.2m High,2 x 10 boardwalk,23667,AST_IM_20210923_133715.jpeg,,,Timber,,No,No railings,30.0,,,Timber,,0.5,True,medium (20-100m),narrow (<0.9m),,
data/citywide/images/337/90394/23703__AST_IM_20210922_160601.jpeg,True,90394,337,Boardwalk < 1.2m High,42 w 12 l | G,23703,AST_IM_20210922_160601.jpeg,,,Timber,,No,No railings,20.0,,,Timber,,1.0,True,medium (20-100m),standard (0.9-1.5m),,
data/citywide/images/337/90395/23672__AST_IM_20210922_150225.jpeg,True,90395,337,Boardwalk < 1.2m High,42 w 25 l | Fp |,23672,AST_IM_20210922_150225.jpeg,,,Timber,,No,No railings,25.0,,,Timber,,1.0,True,medium (20-100m),standard (0.9-1.5m),,
data/citywide/images/337/90398/23640__AST_IM_20210922_170308.jpeg,True,90398,337,Boardwalk < 1.2m High,42 w 15 l | Gf,23640,AST_IM_20210922_170308.jpeg,,,Timber,,No,No railings,15.0,,,Timber,,1.0,True,short (<20m),standard (0.9-1.5m),,
data/citywide/images/337/90400/23748__AST_IM_20210922_152338.jpeg,True,90400,337,Boardwalk < 1.2m High,42 w 20 l | F,23748,AST_IM_20210922_152338.jpeg,,,Timber,,No,No railings,20.0,,,Timber,,1.0,True,medium (20-100m),standard (0.9-1.5m),,
data/citywide/images/337/88668/21277__MI_20210904_120740.jpg,False,88668,337,Boardwalk < 1.2m High,,21277,MI_20210904_120740.jpg,,,,,,,20.0,,,,,,True,medium (20-100m),,,
data/citywide/images/337/90402/23762__AST_IM_20210922_132247.jpeg,False,90402,337,Boardwalk < 1.2m High,"2"" Rough cut cedar decking on 4x6 stringers | 42 w 175 l | G",23762,AST_IM_20210922_132247.jpeg,,,Timber,,No,No railings,175.0,,,Timber,,1.0,True,long (>100m),standard (0.9-1.5m),,
data/citywide/images/337/88670/21270__MI_20210904_121502.jpg,False,88670,337,Boardwalk < 1.2m High,,21270,MI_20210904_121502.jpg,,,,,,,30.0,,,,,,True,medium (20-100m),,,
data/citywide/images/337/88669/21274__MI_20210904_121306.jpg,False,88669,337,Boardwalk < 1.2m High,,21274,MI_20210904_121306.jpg,,,,,,,25.0,,,,,,True,medium (20-100m),,,
data/citywide/images/337/90401/23757__AST_IM_20210922_141732.jpeg,False,90401,337,Boardwalk < 1.2m High,"2"" Rough cut cedar decking on 4x6 stringers | 42 w 5 l | G",23757,AST_IM_20210922_141732.jpeg,,,Timber,,No,No railings,20.0,,,Timber,,1.0,True,medium (20-100m),standard (0.9-1.5m),,
data/citywide/images/337/90409/23642__AST_IM_20210922_164812.jpeg,False,90409,337,Boardwalk < 1.2m High,"2"" Rough cut cedar decking on cedar stringers | 42 w 12 l | F",23642,AST_IM_20210922_164812.jpeg,,,Timber,,No,No railings,20.0,,,Timber,,1.0,True,medium (20-100m),standard (0.9-1.5m),,
data/citywide/images/337/90415/23743__AST_IM_20210922_140641.jpeg,False,90415,337,Boardwalk < 1.2m High,"2"" Rough cut cedar decking on cedar stringers | 42 w 40 l | Gf | Front hit by tree",23743,AST_IM_20210922_140641.jpeg,,,Timber,,No,No railings,40.0,,,Timber,,1.0,True,medium (20-100m),standard (0.9-1.5m),,
data/citywide/images/337/90419/23675__AST_IM_20210922_172026.jpeg,False,90419,337,Boardwalk < 1.2m High,"2"" Rough cut cedar decking on cedar stringers | 42 W  | 7 L | F",23675,AST_IM_20210922_172026.jpeg,,,Timber,,No,No railings,7.0,,,Timber,,1.0,True,short (<20m),standard (0.9-1.5m),,
data/citywide/images/337/90421/23721__AST_IM_20210922_144518.jpeg,False,90421,337,Boardwalk < 1.2m High,42 w 3 l | G,23721,AST_IM_20210922_144518.jpeg,,,Timber,,No,No railings,7.0,,,Timber,,1.0,True,short (<20m),standard (0.9-1.5m),,
data/citywide/images/337/90422/23734__AST_IM_20210922_150058.jpeg,False,90422,337,Boardwalk < 1.2m High,"2"" Rough cut cedar decking on cedar stringers | 42 w 7  | P | Rotten",23734,AST_IM_20210922_150058.jpeg,,,Timber,,No,No railings,10.0,,,Timber,,1.0,True,short (<20m),standard (0.9-1.5m),,
data/citywide/images/337/90423/23717__AST_IM_20210922_150917.jpeg,False,90423,337,Boardwalk < 1.2m High,"2"" Rough cut cedar decking on cedar stringers | 42 w 15 l | F",23717,AST_IM_20210922_150917.jpeg,,,Timber,,No,No railings,26.0,,,Timber,,1.0,True,medium (20-100m),standard (0.9-1.5m),,
data/citywide/images/337/90426/23637__AST_IM_20210922_172453.jpeg,False,90426,337,Boardwalk < 1.2m High,"2"" Rough cut cedar decking on cedar stringers | 42 w 20 | Gf",23637,AST_IM_20210922_172453.jpeg,,,Timber,,No,No railings,20.0,,,Timber,,1.0,True,medium (20-100m),standard (0.9-1.5m),,
data/citywide/images/337/90428/23710__AST_IM_20210922_152612.jpeg,False,90428,337,Boardwalk < 1.2m High,"2"" Rough cut cedar decking on cedar stringers | 42 w 30 l",23710,AST_IM_20210922_152612.jpeg,,,Timber,,No,No railings,30.0,,,Timber,,1.0,True,medium (20-100m),standard (0.9-1.5m),,
data/citywide/images/337/90427/23712__AST_IM_20210922_151731.jpeg,False,90427,337,Boardwalk < 1.2m High,"2"" Rough cut cedar decking on cedar stringers | 42 w 25  | F",23712,AST_IM_20210922_151731.jpeg,,,Timber,,No,No railings,30.0,,,Timber,,1.0,True,medium (20-100m),standard (0.9-1.5m),,
data/citywide/images/337/90429/23632__AST_IM_20210922_171755.jpeg,False,90429,337,Boardwalk < 1.2m High,"2"" Rough cut cedar decking on cedar stringers | 42 w 17 | G",23632,AST_IM_20210922_171755.jpeg,,,Timber,,No,No railings,17.0,,,Timber,,1.0,True,short (<20m),standard (0.9-1.5m),,
data/citywide/images/337/90430/23765__AST_IM_20210922_131342.jpeg,False,90430,337,Boardwalk < 1.2m High,"2"" Rough cut cedar decking on cedar stringers | 42 w 20 l  | G",23765,AST_IM_20210922_131342.jpeg,,,Timber,,No,No railings,125.0,,,Timber,,1.0,True,long (>100m),standard (0.9-1.5m),,
data/citywide/images/337/90436/23735__AST_IM_20210922_152524.jpeg,False,90436,337,Boardwalk < 1.2m High,"2"" Rough cut cedar decking on cedar stringers | 42 w 15 l | Gf",23735,AST_IM_20210922_152524.jpeg,,,Timber,,No,No railings,15.0,,,Timber,,1.0,True,short (<20m),standard (0.9-1.5m),,
data/citywide/images/337/90438/23719__AST_IM_20210922_145847.jpeg,False,90438,337,Boardwalk < 1.2m High,"2"" Rough cut cedar decking on cedar stringers | 42 w 7 l | G",23719,AST_IM_20210922_145847.jpeg,,,Timber,,No,No railings,15.0,,,Timber,,1.0,True,short (<20m),standard (0.9-1.5m),,
data/citywide/images/337/90440/23737__AST_IM_20210922_154422.jpeg,False,90440,337,Boardwalk < 1.2m High,Old boardwalk | Poor,23737,AST_IM_20210922_154422.jpeg,,,Timber,,No,No railings,15.0,,,Timber,,1.0,True,short (<20m),standard (0.9-1.5m),,
data/citywide/images/337/90442/23681__AST_IM_20210922_163319.jpeg,False,90442,337,Boardwalk < 1.2m High,"2"" Rough cut cedar decking on cedar stringers | 42 w 2 l  | F",23681,AST_IM_20210922_163319.jpeg,,,Timber,,No,No railings,,,,Timber,,1.0,False,,standard (0.9-1.5m),,
data/citywide/images/337/90449/23682__AST_IM_20210924_090534.jpeg,False,90449,337,Boardwalk < 1.2m High,"2"" Rough cut cedar decking on cedar stringers | 42 w 2.5 | Fp",23682,AST_IM_20210924_090534.jpeg,,,Timber,,No,No railings,7.0,,,Timber,,1.0,True,short (<20m),standard (0.9-1.5m),,
data/citywide/images/337/90450/23663__AST_IM_20210924_091547.jpeg,False,90450,337,Boardwalk < 1.2m High,"2"" Rough cut cedar decking on cedar stringers | 42 w 4 | Fp",23663,AST_IM_20210924_091547.jpeg,,,Timber,,No,No railings,25.0,,,Timber,,1.0,True,medium (20-100m),standard (0.9-1.5m),,
data/citywide/images/337/90453/23657__AST_IM_20210924_090656.jpeg,False,90453,337,Boardwalk < 1.2m High,"2"" Rough cut cedar decking on cedar stringers | 42 w 3.5 | Fp",23657,AST_IM_20210924_090656.jpeg,,,Timber,,No,No railings,17.0,,,Timber,,1.0,True,short (<20m),standard (0.9-1.5m),,
data/citywide/images/337/90455/23655__AST_IM_20210924_091037.jpeg,False,90455,337,Boardwalk < 1.2m High,"2"" Rough cut cedar decking on cedar stringers | 42 w 5 | F",23655,AST_IM_20210924_091037.jpeg,,,Timber,,No,No railings,100.0,,,Timber,,1.0,True,long (>100m),standard (0.9-1.5m),,
data/citywide/images/337/90458/23651__AST_IM_20210924_093616.jpeg,False,90458,337,Boardwalk < 1.2m High,"2"" Rough cut cedar decking on cedar stringers | 42 w 4 | Gf",23651,AST_IM_20210924_093616.jpeg,,,Timber,,No,No railings,9.0,,,Timber,,1.0,True,short (<20m),standard (0.9-1.5m),,
data/citywide/images/337/90464/23650__AST_IM_20210924_093421.jpeg,False,90464,337,Boardwalk < 1.2m High,"2"" Rough cut cedar decking on cedar stringers | 40 w 4 | Gf",23650,AST_IM_20210924_093421.jpeg,,,Timber,,No,No railings,50.0,,,Timber,,1.0,True,medium (20-100m),standard (0.9-1.5m),,
data/citywide/images/337/90469/23683__AST_IM_20210924_095109.jpeg,False,90469,337,Boardwalk < 1.2m High,"2"" Rough cut cedar decking on cedar stringers | 42 w 6 | Gf",23683,AST_IM_20210924_095109.jpeg,,,Timber,,No,No railings,20.0,,,Timber,,1.0,True,medium (20-100m),standard (0.9-1.5m),,
data/citywide/images/337/90471/23656__AST_IM_20210924_095606.jpeg,False,90471,337,Boardwalk < 1.2m High,"2"" Rough cut cedar decking on cedar stringers | 42 w 4 | Fp",23656,AST_IM_20210924_095606.jpeg,,,Timber,,No,No railings,20.0,,,Timber,,1.0,True,medium (20-100m),standard (0.9-1.5m),,
data/citywide/images/337/90477/23704__AST_IM_20210924_100739.jpeg,False,90477,337,Boardwalk < 1.2m High,"2"" Rough cut cedar decking on cedar stringers | 42 w 4  | F",23704,AST_IM_20210924_100739.jpeg,,,Timber,,No,No railings,7.0,,,Timber,,1.0,True,short (<20m),standard (0.9-1.5m),,
data/citywide/images/337/90475/23653__AST_IM_20210924_100419.jpeg,False,90475,337,Boardwalk < 1.2m High,"2"" Rough cut cedar decking on cedar stringers | 42 w 28 | G",23653,AST_IM_20210924_100419.jpeg,,,,,No,No railings,40.0,,,Timber,,1.0,True,medium (20-100m),standard (0.9-1.5m),,
data/citywide/images/337/90480/23652__AST_IM_20210924_100609.jpeg,False,90480,337,Boardwalk < 1.2m High,"2"" Rough cut cedar decking on cedar stringers | 42 w 17 | Gf",23652,AST_IM_20210924_100609.jpeg,,,Timber,,No,No railings,150.0,,,Timber,,1.0,True,long (>100m),standard (0.9-1.5m),,
data/citywide/images/337/90488/23938__AST_IM_20210922_124906.jpeg,True,90488,337,Boardwalk < 1.2m High,42W x 40L  | Fair,23938,AST_IM_20210922_124906.jpeg,,,,,No,No railings,40.0,,,,,1.0,True,medium (20-100m),standard (0.9-1.5m),,
data/citywide/images/337/90493/23935__AST_IM_20210922_130741.jpeg,True,90493,337,Boardwalk < 1.2m High,42 w x 25m,23935,AST_IM_20210922_130741.jpeg,,,,,No,No railings,25.0,,,,,1.0,True,medium (20-100m),standard (0.9-1.5m),,
data/citywide/images/337/90494/23930__AST_IM_20210922_130331.jpeg,True,90494,337,Boardwalk < 1.2m High,42w x 30L  | Good,23930,AST_IM_20210922_130331.jpeg,,,,,No,No railings,30.0,,,,,1.0,True,medium (20-100m),standard (0.9-1.5m),,
data/citywide/images/337/90496/23939__AST_IM_20210922_130909.jpeg,True,90496,337,Boardwalk < 1.2m High,42w x 15L,23939,AST_IM_20210922_130909.jpeg,,,,,No,No railings,15.0,,,,,1.0,True,short (<20m),standard (0.9-1.5m),,
data/citywide/images/337/90498/23915__AST_IM_20210922_134841.jpeg,True,90498,337,Boardwalk < 1.2m High,42 x 35L.,23915,AST_IM_20210922_134841.jpeg,,,,,No,No railings,35.0,,,,,1.0,True,medium (20-100m),standard (0.9-1.5m),,
data/citywide/images/337/90500/23887__AST_IM_20210922_150604.jpeg,True,90500,337,Boardwalk < 1.2m High,42 x 5m  | Good.,23887,AST_IM_20210922_150604.jpeg,,,,,No,No railings,30.0,,,,,1.0,True,medium (20-100m),standard (0.9-1.5m),,
data/citywide/images/337/90501/23867__AST_IM_20210922_135559.jpeg,True,90501,337,Boardwalk < 1.2m High,42 x 40m.,23867,AST_IM_20210922_135559.jpeg,,,,,No,No railings,40.0,,,,,1.0,True,medium (20-100m),standard (0.9-1.5m),,
data/citywide/images/337/90502/23925__AST_IM_20210922_142121.jpeg,True,90502,337,Boardwalk < 1.2m High,42 x 50m,23925,AST_IM_20210922_142121.jpeg,,,,,No,No railings,50.0,,,,,1.0,True,medium (20-100m),standard (0.9-1.5m),,
data/citywide/images/337/90504/23900__AST_IM_20210922_141020.jpeg,True,90504,337,Boardwalk < 1.2m High,42x7mL  | Good,23900,AST_IM_20210922_141020.jpeg,,,,,No,No railings,20.0,,,,,1.0,True,medium (20-100m),standard (0.9-1.5m),,
data/citywide/images/337/90510/23888__AST_IM_20210922_142457.jpeg,True,90510,337,Boardwalk < 1.2m High,42 x 20m.,23888,AST_IM_20210922_142457.jpeg,,,,,No,No railings,28.0,,,,,1.0,True,medium (20-100m),standard (0.9-1.5m),,
data/citywide/images/337/90510/23891__AST_IM_20210922_142635.jpeg,True,90510,337,Boardwalk < 1.2m High,42 x 20m.,23891,AST_IM_20210922_142635.jpeg,,,,,No,No railings,28.0,,,,,1.0,True,medium (20-100m),standard (0.9-1.5m),,
data/citywide/images/337/90484/23706__AST_IM_20210924_101204.jpeg,False,90484,337,Boardwalk < 1.2m High,"2"" Rough cut cedar decking on cedar stringers | 42 w 8 | G",23706,AST_IM_20210924_101204.jpeg,,,Timber,,No,No railings,15.0,,,Timber,,1.0,True,short (<20m),standard (0.9-1.5m),,
data/citywide/images/337/90513/23889__AST_IM_20210922_150152.jpeg,False,90513,337,Boardwalk < 1.2m High,Good,23889,AST_IM_20210922_150152.jpeg,,,,,No,No railings,30.0,,,,,1.0,True,medium (20-100m),standard (0.9-1.5m),,
data/citywide/images/337/90517/23906__AST_IM_20210922_153838.jpeg,False,90517,337,Boardwalk < 1.2m High,Poor,23906,AST_IM_20210922_153838.jpeg,,,,,No,No railings,40.0,,,,,1.0,True,medium (20-100m),standard (0.9-1.5m),,
data/citywide/images/337/90515/23909__AST_IM_20210922_135947.jpeg,False,90515,337,Boardwalk < 1.2m High,,23909,AST_IM_20210922_135947.jpeg,,,,,,,15.0,,,,,,True,short (<20m),,,
data/citywide/images/337/90518/23839__AST_IM_20210922_143231.jpeg,False,90518,337,Boardwalk < 1.2m High,,23839,AST_IM_20210922_143231.jpeg,,,,,No,No railings,15.0,,,,,1.0,True,short (<20m),standard (0.9-1.5m),,
data/citywide/images/337/90522/23835__AST_IM_20210922_172240.jpeg,False,90522,337,Boardwalk < 1.2m High,,23835,AST_IM_20210922_172240.jpeg,,,,,No,No railings,40.0,,,,,1.0,True,medium (20-100m),standard (0.9-1.5m),,
data/citywide/images/337/90527/23884__AST_IM_20210922_151824.jpeg,False,90527,337,Boardwalk < 1.2m High,,23884,AST_IM_20210922_151824.jpeg,,,,,No,No railings,15.0,,,,,1.0,True,short (<20m),standard (0.9-1.5m),,
data/citywide/images/337/90529/23882__AST_IM_20210922_153730.jpeg,False,90529,337,Boardwalk < 1.2m High,,23882,AST_IM_20210922_153730.jpeg,,,,,No,No railings,7.0,,,,,1.0,True,short (<20m),standard (0.9-1.5m),,
data/citywide/images/337/90530/23872__AST_IM_20210924_094847.jpeg,False,90530,337,Boardwalk < 1.2m High,42x 8m.,23872,AST_IM_20210924_094847.jpeg,,,,,No,No railings,12.0,,,,,1.0,True,short (<20m),standard (0.9-1.5m),,
data/citywide/images/337/90530/23844__AST_IM_20210924_094926.jpeg,False,90530,337,Boardwalk < 1.2m High,42x 8m.,23844,AST_IM_20210924_094926.jpeg,,,,,No,No railings,12.0,,,,,1.0,True,short (<20m),standard (0.9-1.5m),,
data/citywide/images/337/90530/23870__AST_IM_20210924_094937.jpeg,False,90530,337,Boardwalk < 1.2m High,42x 8m.,23870,AST_IM_20210924_094937.jpeg,,,,,No,No railings,12.0,,,,,1.0,True,short (<20m),standard (0.9-1.5m),,
data/citywide/images/337/90531/23890__AST_IM_20210922_161829.jpeg,False,90531,337,Boardwalk < 1.2m High,"42 x 30m long, on 4x4 stringers. - fair condition.",23890,AST_IM_20210922_161829.jpeg,,,,,No,No railings,30.0,,,,,1.0,True,medium (20-100m),standard (0.9-1.5m),,
data/citywide/images/337/90535/23905__AST_IM_20210922_164908.jpeg,False,90535,337,Boardwalk < 1.2m High,1.5m long - poor,23905,AST_IM_20210922_164908.jpeg,,,,,No,No railings,70.0,,,,,1.0,True,medium (20-100m),standard (0.9-1.5m),,
data/citywide/images/337/90532/23897__AST_IM_20210922_143541.jpeg,False,90532,337,Boardwalk < 1.2m High,42 x 3m long -  good,23897,AST_IM_20210922_143541.jpeg,,,,,No,No railings,15.0,,,,,1.0,True,short (<20m),standard (0.9-1.5m),,
data/citywide/images/337/90536/23875__AST_IM_20210922_165800.jpeg,False,90536,337,Boardwalk < 1.2m High,"42"" x 150m long - fair good",23875,AST_IM_20210922_165800.jpeg,,,Timber,,No,No railings,150.0,,,,,42.0,True,long (>100m),wide (>1.5m),,
data/citywide/images/337/90545/23811__AST_IM_20210924_095422.jpeg,False,90545,337,Boardwalk < 1.2m High,42 x 25m fair,23811,AST_IM_20210924_095422.jpeg,,,Timber,,No,No railings,30.0,,,,,42.0,True,medium (20-100m),wide (>1.5m),,
data/citywide/images/337/90555/23852__AST_IM_20210922_171838.jpeg,False,90555,337,Boardwalk < 1.2m High,,23852,AST_IM_20210922_171838.jpeg,,,,,No,No railings,17.0,,,,,1.0,True,short (<20m),standard (0.9-1.5m),,
data/citywide/images/337/90563/23807__AST_IM_20210924_100809.jpeg,False,90563,337,Boardwalk < 1.2m High,42x30m fair,23807,AST_IM_20210924_100809.jpeg,,,Timber,,No,No railings,30.0,,,Timber,,1.0,True,medium (20-100m),standard (0.9-1.5m),,
data/citywide/images/337/90565/23881__AST_IM_20210922_153516.jpeg,False,90565,337,Boardwalk < 1.2m High,42 x 20m fair,23881,AST_IM_20210922_153516.jpeg,,,Timber,,No,No railings,20.0,,,Timber,,42.0,True,medium (20-100m),wide (>1.5m),,
data/citywide/images/337/90566/23810__AST_IM_20210924_100658.jpeg,False,90566,337,Boardwalk < 1.2m High,42x 25m good,23810,AST_IM_20210924_100658.jpeg,,,Timber,,No,No railings,25.0,,,Timber,,1.0,True,medium (20-100m),standard (0.9-1.5m),,
data/citywide/images/337/90567/23860__AST_IM_20210922_162117.jpeg,False,90567,337,Boardwalk < 1.2m High,42x 2.5m,23860,AST_IM_20210922_162117.jpeg,,,Timber,,No,No railings,5.0,,,,,42.0,True,short (<20m),wide (>1.5m),,
data/citywide/images/337/90673/87639__AST_EX_20250826_095110.jpeg,True,90673,337,Boardwalk < 1.2m High,,87639,AST_EX_20250826_095110.jpeg,,,,,No,No railings,,,,,,,False,,,,
data/citywide/images/337/90673/24180__AST_IM_20210923_134857.jpeg,False,90673,337,Boardwalk < 1.2m High,,24180,AST_IM_20210923_134857.jpeg,,,,,No,No railings,,,,,,,False,,,,
data/citywide/images/337/90673/24196__AST_IM_20210923_134843.jpeg,False,90673,337,Boardwalk < 1.2m High,,24196,AST_IM_20210923_134843.jpeg,,,,,No,No railings,,,,,,,False,,,,
data/citywide/images/337/90673/24198__AST_IM_20210923_134835.jpeg,False,90673,337,Boardwalk < 1.2m High,,24198,AST_IM_20210923_134835.jpeg,,,,,No,No railings,,,,,,,False,,,,
data/citywide/images/337/90677/24223__AST_IM_20210923_133352.jpeg,False,90677,337,Boardwalk < 1.2m High,,24223,AST_IM_20210923_133352.jpeg,,,,,No,No railings,,,,,,,False,,,,
data/citywide/images/337/90679/87635__AST_EX_20250826_100635.jpeg,True,90679,337,Boardwalk < 1.2m High,,87635,AST_EX_20250826_100635.jpeg,,,,,No,No railings,,,,,,,False,,,,
data/citywide/images/337/90678/24203__AST_IM_20210923_132723.jpeg,False,90678,337,Boardwalk < 1.2m High,Wooden planks,24203,AST_IM_20210923_132723.jpeg,,,,,No,No railings,,,,,,,False,,,,
data/citywide/images/337/90678/24231__AST_IM_20210923_132711.jpeg,False,90678,337,Boardwalk < 1.2m High,Wooden planks,24231,AST_IM_20210923_132711.jpeg,,,,,No,No railings,,,,,,,False,,,,
data/citywide/images/337/90679/24209__AST_IM_20210923_134209.jpeg,False,90679,337,Boardwalk < 1.2m High,,24209,AST_IM_20210923_134209.jpeg,,,,,No,No railings,,,,,,,False,,,,
data/citywide/images/337/90680/24200__AST_IM_20210923_133753.jpeg,False,90680,337,Boardwalk < 1.2m High,,24200,AST_IM_20210923_133753.jpeg,,,,,No,No railings,,,,,,,False,,,,
data/citywide/images/337/90681/24202__AST_IM_20210923_133136.jpeg,False,90681,337,Boardwalk < 1.2m High,Wood plankd,24202,AST_IM_20210923_133136.jpeg,,,,,No,No railings,,,,,,,False,,,,
data/citywide/images/337/90682/24183__AST_IM_20210923_143231.jpeg,False,90682,337,Boardwalk < 1.2m High,,24183,AST_IM_20210923_143231.jpeg,,,,,No,No railings,,,,,,,False,,,,
data/citywide/images/337/90683/87643__AST_EX_20250826_085827.jpeg,True,90683,337,Boardwalk < 1.2m High,,87643,AST_EX_20250826_085827.jpeg,,,,,No,No railings,,,,,,,False,,,,
data/citywide/images/337/90683/87644__AST_EX_20250826_085603.jpeg,True,90683,337,Boardwalk < 1.2m High,,87644,AST_EX_20250826_085603.jpeg,,,,,No,No railings,,,,,,,False,,,,
data/citywide/images/337/90682/24193__AST_IM_20210923_143041.jpeg,False,90682,337,Boardwalk < 1.2m High,,24193,AST_IM_20210923_143041.jpeg,,,,,No,No railings,,,,,,,False,,,,
data/citywide/images/337/90682/24194__AST_IM_20210923_143216.jpeg,False,90682,337,Boardwalk < 1.2m High,,24194,AST_IM_20210923_143216.jpeg,,,,,No,No railings,,,,,,,False,,,,
data/citywide/images/337/90683/24210__AST_IM_20210923_144855.jpeg,False,90683,337,Boardwalk < 1.2m High,,24210,AST_IM_20210923_144855.jpeg,,,,,No,No railings,,,,,,,False,,,,
data/citywide/images/337/90957/51032__AST_EX_20220628_171958.jpeg,True,90957,337,Boardwalk < 1.2m High,Length estimated - cedar boardwalk on Spruce Lake Trail,51032,AST_EX_20220628_171958.jpeg,,,,,,,40.0,,,,,,True,medium (20-100m),,,
data/citywide/images/337/90957/84373__AST_EX_20250705_152900.jpeg,True,90957,337,Boardwalk < 1.2m High,Length estimated - cedar boardwalk on Spruce Lake Trail,84373,AST_EX_20250705_152900.jpeg,,,,,,,40.0,,,,,,True,medium (20-100m),,,
data/citywide/images/337/90974/58628__AST_EX_20220808_151241.jpeg,True,90974,337,Boardwalk < 1.2m High,Small foot bridge made with treated 2x6s,58628,AST_EX_20220808_151241.jpeg,,,,,,No railings,,,,,,,False,,,,
data/citywide/images/337/90974/87086__AST_EX_20250818_080004.jpeg,True,90974,337,Boardwalk < 1.2m High,Small foot bridge made with treated 2x6s,87086,AST_EX_20250818_080004.jpeg,,,,,,No railings,,,,,,,False,,,,
data/citywide/images/337/90974/87096__AST_EX_20250818_075930.jpeg,True,90974,337,Boardwalk < 1.2m High,Small foot bridge made with treated 2x6s,87096,AST_EX_20250818_075930.jpeg,,,,,,No railings,,,,,,,False,,,,
data/citywide/images/337/91413/25757__AST_IM_20211005_124321.jpeg,False,91413,337,Boardwalk < 1.2m High,"Wood, eighty feet long",25757,AST_IM_20211005_124321.jpeg,,,Timber,,No,No railings,30.0,,,Timber,,1.0,True,medium (20-100m),standard (0.9-1.5m),,
data/citywide/images/337/91436/25853__AST_IM_20211006_114928.jpeg,False,91436,337,Boardwalk < 1.2m High,Poor condition.,25853,AST_IM_20211006_114928.jpeg,,,Timber,,No,No railings,,,,Timber,,1.0,False,,standard (0.9-1.5m),,
data/citywide/images/337/91436/25854__AST_IM_20211006_114919.jpeg,False,91436,337,Boardwalk < 1.2m High,Poor condition.,25854,AST_IM_20211006_114919.jpeg,,,Timber,,No,No railings,,,,Timber,,1.0,False,,standard (0.9-1.5m),,
data/citywide/images/337/91578/51284__MI_20220702_144725.jpg,True,91578,337,Boardwalk < 1.2m High,Fair 55% showing signs of rotting/moss on surface,51284,MI_20220702_144725.jpg,,,Timber,,No,No railings,,,,Timber,,1.0,False,,standard (0.9-1.5m),,
data/citywide/images/337/91716/74901__AST_EX_20241004_124716.jpeg,True,91716,337,Boardwalk < 1.2m High,,74901,AST_EX_20241004_124716.jpeg,Timber,,Timber,,,No railings,6.1,,,,,1.15,True,short (<20m),standard (0.9-1.5m),,
data/citywide/images/337/91716/74902__AST_EX_20241004_124706.jpeg,True,91716,337,Boardwalk < 1.2m High,,74902,AST_EX_20241004_124706.jpeg,Timber,,Timber,,,No railings,6.1,,,,,1.15,True,short (<20m),standard (0.9-1.5m),,
data/citywide/images/337/91716/75277__AST_EX_20241016_130003.jpeg,True,91716,337,Boardwalk < 1.2m High,,75277,AST_EX_20241016_130003.jpeg,Timber,,Timber,,,No railings,6.1,,,,,1.15,True,short (<20m),standard (0.9-1.5m),,
data/citywide/images/337/91943/26925__AST_IM_20211014_130744.jpeg,True,91943,337,Boardwalk < 1.2m High,"7m wood boardwalk, good",26925,AST_IM_20211014_130744.jpeg,,,Timber,,No,No railings,30.0,,,Timber,,,True,medium (20-100m),,,
data/citywide/images/337/91946/26937__AST_IM_20211014_125223.jpeg,True,91946,337,Boardwalk < 1.2m High,"5m boardwalk, good",26937,AST_IM_20211014_125223.jpeg,,,Timber,,No,No railings,75.0,,,Timber,,,True,medium (20-100m),,,
data/citywide/images/337/92004/27340__AST_IM_20211013_101040.jpeg,True,92004,337,Boardwalk < 1.2m High,"2"" Rough cut cedar decking on cedar stringers | .75 w 5",27340,AST_IM_20211013_101040.jpeg,,,Timber,,No,No railings,100.0,,,Timber,,0.75,True,long (>100m),narrow (<0.9m),,
data/citywide/images/337/92006/27313__AST_IM_20211013_102444.jpeg,True,92006,337,Boardwalk < 1.2m High,6x6 | 6 | gf rot,27313,AST_IM_20211013_102444.jpeg,,,Timber,,No,No railings,6.0,,,Timber,,0.5,True,short (<20m),narrow (<0.9m),,
data/citywide/images/337/91436/25859__AST_IM_20211006_114939.jpeg,False,91436,337,Boardwalk < 1.2m High,Poor condition.,25859,AST_IM_20211006_114939.jpeg,,,Timber,,No,No railings,,,,Timber,,1.0,False,,standard (0.9-1.5m),,
data/citywide/images/337/91443/25847__AST_IM_20211006_120233.jpeg,False,91443,337,Boardwalk < 1.2m High,Poor.,25847,AST_IM_20211006_120233.jpeg,,,,,No,No railings,,,,,,1.0,False,,standard (0.9-1.5m),,
data/citywide/images/337/91578/26252__AST_IM_20211010_133407.jpeg,False,91578,337,Boardwalk < 1.2m High,Fair 55% showing signs of rotting/moss on surface,26252,AST_IM_20211010_133407.jpeg,,,Timber,,No,No railings,,,,Timber,,1.0,False,,standard (0.9-1.5m),,
data/citywide/images/337/92018/27316__AST_IM_20211013_102018.jpeg,True,92018,337,Boardwalk < 1.2m High,"2"" rough cut cedar decking on cedar stringers. | .75 w 4 | G vg",27316,AST_IM_20211013_102018.jpeg,,,Timber,,No,No railings,20.0,,,Timber,,0.75,True,medium (20-100m),narrow (<0.9m),,
data/citywide/images/337/92021/27295__AST_IM_20211013_102626.jpeg,True,92021,337,Boardwalk < 1.2m High,6x6 | 2,27295,AST_IM_20211013_102626.jpeg,,,Timber,,No,No railings,5.0,,,Timber,,0.5,True,short (<20m),narrow (<0.9m),,
data/citywide/images/337/92023/27291__AST_IM_20211013_103857.jpeg,True,92023,337,Boardwalk < 1.2m High,"2"" rough cut cedar decking on cedar stringers. | .75W 25L",27291,AST_IM_20211013_103857.jpeg,,,Timber,,No,No railings,60.0,,,Timber,,0.75,True,medium (20-100m),narrow (<0.9m),,
data/citywide/images/337/92027/27308__AST_IM_20211013_103350.jpeg,True,92027,337,Boardwalk < 1.2m High,Boardwalk 6x6,27308,AST_IM_20211013_103350.jpeg,,,Timber,,No,No railings,25.0,,,Timber,,0.5,True,medium (20-100m),narrow (<0.9m),,
data/citywide/images/337/92028/27320__AST_IM_20211013_103812.jpeg,True,92028,337,Boardwalk < 1.2m High,6x6. 2L,27320,AST_IM_20211013_103812.jpeg,,,Timber,,No,No railings,25.0,,,Timber,,0.5,True,medium (20-100m),narrow (<0.9m),,
data/citywide/images/337/92035/27306__AST_IM_20211013_110425.jpeg,True,92035,337,Boardwalk < 1.2m High,"2"" rough cut cedar decking on cedar stringers. | .75W 3L",27306,AST_IM_20211013_110425.jpeg,,,Timber,,No,No railings,7.0,,,Timber,,0.75,True,short (<20m),narrow (<0.9m),,
data/citywide/images/337/92036/27315__AST_IM_20211013_114308.jpeg,True,92036,337,Boardwalk < 1.2m High,4x4 Boardwalk,27315,AST_IM_20211013_114308.jpeg,,,Timber,,No,No railings,10.0,,,Timber,,0.5,True,short (<20m),narrow (<0.9m),,
data/citywide/images/337/92044/27294__AST_IM_20211013_111504.jpeg,True,92044,337,Boardwalk < 1.2m High,"2"" rough cut cedar decking on cedar stringers. | .75W 12L | G",27294,AST_IM_20211013_111504.jpeg,,,Timber,,No,No railings,12.0,,,Timber,,0.75,True,short (<20m),narrow (<0.9m),,
data/citywide/images/337/92051/27332__AST_IM_20211013_100726.jpeg,True,92051,337,Boardwalk < 1.2m High,"2"" rough cut cedar decking on cedar stringers. | .75 w 10L",27332,AST_IM_20211013_100726.jpeg,,,Timber,,No,No railings,20.0,,,Timber,,0.75,True,medium (20-100m),narrow (<0.9m),,
data/citywide/images/337/92060/27317__AST_IM_20211013_114347.jpeg,True,92060,337,Boardwalk < 1.2m High,4x4 | 5L,27317,AST_IM_20211013_114347.jpeg,,,Timber,,No,No railings,12.0,,,Timber,,0.5,True,short (<20m),narrow (<0.9m),,
data/citywide/images/337/92069/27354__AST_IM_20211013_111837.jpeg,True,92069,337,Boardwalk < 1.2m High,Fair good,27354,AST_IM_20211013_111837.jpeg,,,,,No,No railings,,,,,,1.0,False,,standard (0.9-1.5m),,
data/citywide/images/337/92071/27363__AST_IM_20211013_104936.jpeg,True,92071,337,Boardwalk < 1.2m High,Good - 25m,27363,AST_IM_20211013_104936.jpeg,,,,,No,No railings,25.0,,,,,1.0,True,medium (20-100m),standard (0.9-1.5m),,
data/citywide/images/337/92072/27374__AST_IM_20211013_105920.jpeg,True,92072,337,Boardwalk < 1.2m High,6m long.,27374,AST_IM_20211013_105920.jpeg,,,,,No,No railings,25.0,,,,,1.0,True,medium (20-100m),standard (0.9-1.5m),,
data/citywide/images/337/92079/27394__AST_IM_20211013_110459.jpeg,True,92079,337,Boardwalk < 1.2m High,3m in length.,27394,AST_IM_20211013_110459.jpeg,,,,,No,No railings,5.0,,,,,1.0,True,short (<20m),standard (0.9-1.5m),,
data/citywide/images/337/92080/27391__AST_IM_20211013_101032.jpeg,True,92080,337,Boardwalk < 1.2m High,"Boardwalk made of 3, 6x6's, a gap between and then another 6x6 boardwalk.",27391,AST_IM_20211013_101032.jpeg,,,,,,,6.0,,,,,,True,short (<20m),,,
data/citywide/images/337/92081/27361__AST_IM_20211013_105141.jpeg,True,92081,337,Boardwalk < 1.2m High,30m,27361,AST_IM_20211013_105141.jpeg,,,,,No,No railings,30.0,,,,,1.0,True,medium (20-100m),standard (0.9-1.5m),,
data/citywide/images/337/92082/27366__AST_IM_20211013_103921.jpeg,True,92082,337,Boardwalk < 1.2m High,3m,27366,AST_IM_20211013_103921.jpeg,,,,,No,No railings,15.0,,,,,1.0,True,short (<20m),standard (0.9-1.5m),,
data/citywide/images/337/92083/27376__AST_IM_20211013_111038.jpeg,True,92083,337,Boardwalk < 1.2m High,From Nissen to Laura Creek.,27376,AST_IM_20211013_111038.jpeg,,,,,No,No railings,12.0,,,,,1.0,True,short (<20m),standard (0.9-1.5m),,
data/citywide/images/337/92087/27348__AST_IM_20211013_114701.jpeg,True,92087,337,Boardwalk < 1.2m High,4x4's (x4) 10ft long.,27348,AST_IM_20211013_114701.jpeg,,,,,No,No railings,7.0,,,,,1.0,True,short (<20m),standard (0.9-1.5m),,
data/citywide/images/337/92091/27355__AST_IM_20211013_105452.jpeg,True,92091,337,Boardwalk < 1.2m High,,27355,AST_IM_20211013_105452.jpeg,,,,,No,No railings,30.0,,,,,1.0,True,medium (20-100m),standard (0.9-1.5m),,
data/citywide/images/337/92091/27360__AST_IM_20211013_105445.jpeg,True,92091,337,Boardwalk < 1.2m High,,27360,AST_IM_20211013_105445.jpeg,,,,,No,No railings,30.0,,,,,1.0,True,medium (20-100m),standard (0.9-1.5m),,
data/citywide/images/337/92708/29022__AST_IM_20211020_104758.jpeg,True,92708,337,Boardwalk < 1.2m High,"60% mossy, few broken planks",29022,AST_IM_20211020_104758.jpeg,,,,,,No railings,5.0,,,Timber,,,True,short (<20m),,,
data/citywide/images/337/93030/29704__AST_IM_20211029_125055.jpeg,True,93030,337,Boardwalk < 1.2m High,,29704,AST_IM_20211029_125055.jpeg,,,Timber,,No,No railings,,,,Timber,,1.0,False,,standard (0.9-1.5m),,
data/citywide/images/337/93042/29707__AST_IM_20211029_125529.jpeg,True,93042,337,Boardwalk < 1.2m High,,29707,AST_IM_20211029_125529.jpeg,,,Timber,,No,No railings,,,,Timber,,1.0,False,,standard (0.9-1.5m),,
data/citywide/images/337/94266/35198__IMG_0040.JPG,True,94266,337,Boardwalk < 1.2m High,"2"" rough cedar boardwalk on Cedar stringers",35198,IMG_0040.JPG,,,Timber,,No,No railings,20.0,,,Timber,,0.75,True,medium (20-100m),narrow (<0.9m),,
data/citywide/images/337/94271/35203__IMG_0060.JPG,True,94271,337,Boardwalk < 1.2m High,"2"" rough cedar boardwalk on Cedar stringers",35203,IMG_0060.JPG,,,Timber,,No,No railings,100.0,,,Timber,,0.75,True,long (>100m),narrow (<0.9m),,
data/citywide/images/337/94272/35204__IMG_0067.JPG,True,94272,337,Boardwalk < 1.2m High,"2"" rough cedar boardwalk on Cedar stringers",35204,IMG_0067.JPG,,,Timber,,No,No railings,12.0,,,Timber,,0.75,True,short (<20m),narrow (<0.9m),,
data/citywide/images/337/94274/35206__IMG_0074.JPG,True,94274,337,Boardwalk < 1.2m High,"2"" rough cedar boardwalk on Cedar stringers",35206,IMG_0074.JPG,,,Timber,,No,No railings,66.0,,,Timber,,0.75,True,medium (20-100m),narrow (<0.9m),,
data/citywide/images/337/94275/35207__IMG_0078.JPG,True,94275,337,Boardwalk < 1.2m High,"2"" rough cedar boardwalk on Cedar stringers",35207,IMG_0078.JPG,,,Timber,,No,No railings,30.0,,,Timber,,0.75,True,medium (20-100m),narrow (<0.9m),,
data/citywide/images/337/94277/35209__IMG_0086.JPG,True,94277,337,Boardwalk < 1.2m High,"2"" rough cedar boardwalk on Cedar stringers",35209,IMG_0086.JPG,,,Timber,,No,No railings,1500.0,,,Timber,,0.75,True,long (>100m),narrow (<0.9m),,
data/citywide/images/337/94278/35210__IMG_0090.JPG,True,94278,337,Boardwalk < 1.2m High,"2"" rough cedar boardwalk on Cedar stringers",35210,IMG_0090.JPG,,,Timber,,No,No railings,50.0,,,Timber,,0.75,True,medium (20-100m),narrow (<0.9m),,
data/citywide/images/337/94279/35211__IMG_0094.JPG,True,94279,337,Boardwalk < 1.2m High,"2"" rough cedar boardwalk on Cedar stringers",35211,IMG_0094.JPG,,,Timber,,No,No railings,10.0,,,Timber,,0.75,True,short (<20m),narrow (<0.9m),,
data/citywide/images/337/94280/35212__IMG_0098.JPG,True,94280,337,Boardwalk < 1.2m High,"2"" rough cedar boardwalk on Cedar stringers",35212,IMG_0098.JPG,,,Timber,,No,No railings,75.0,,,Timber,,0.75,True,medium (20-100m),narrow (<0.9m),,
data/citywide/images/337/94281/35213__IMG_0102.JPG,True,94281,337,Boardwalk < 1.2m High,"2"" rough cedar boardwalk on Cedar stringers",35213,IMG_0102.JPG,,,Timber,,No,No railings,15.0,,,Timber,,0.75,True,short (<20m),narrow (<0.9m),,
data/citywide/images/337/94283/35215__IMG_0110.JPG,True,94283,337,Boardwalk < 1.2m High,"2"" rough cedar boardwalk on Cedar stringers",35215,IMG_0110.JPG,,,Timber,,No,No railings,12.0,,,Timber,,0.75,True,short (<20m),narrow (<0.9m),,
data/citywide/images/337/94288/35220__IMG_0131.JPG,True,94288,337,Boardwalk < 1.2m High,"2"" rough cedar boardwalk on Cedar stringers",35220,IMG_0131.JPG,,,Timber,,No,No railings,12.0,,,Timber,,0.75,True,short (<20m),narrow (<0.9m),,
data/citywide/images/337/94291/35231__IMG_0143.JPG,True,94291,337,Boardwalk < 1.2m High,"2"" rough cedar boardwalk on Cedar stringers",35231,IMG_0143.JPG,,,Timber,,No,No railings,12.0,,,Timber,,0.75,True,short (<20m),narrow (<0.9m),,
data/citywide/images/337/94293/35233__IMG_0151.JPG,True,94293,337,Boardwalk < 1.2m High,"2"" rough cedar boardwalk on Cedar stringers",35233,IMG_0151.JPG,,,Timber,,No,No railings,15.0,,,Timber,,0.75,True,short (<20m),narrow (<0.9m),,
data/citywide/images/337/94294/35234__IMG_0155.JPG,True,94294,337,Boardwalk < 1.2m High,"2"" rough cedar boardwalk on Cedar stringers",35234,IMG_0155.JPG,,,Timber,,No,No railings,15.0,,,Timber,,0.75,True,short (<20m),narrow (<0.9m),,
data/citywide/images/337/94319/35258__IMG_0246.JPG,True,94319,337,Boardwalk < 1.2m High,"2"" rough cedar boardwalk on Cedar stringers",35258,IMG_0246.JPG,,,Timber,,No,No railings,100.0,,,Timber,,0.5,True,long (>100m),narrow (<0.9m),,
data/citywide/images/337/94322/35261__IMG_0258.JPG,True,94322,337,Boardwalk < 1.2m High,6x6 3 wide cedar boardwalk,35261,IMG_0258.JPG,,,Timber,,No,No railings,10.0,,,Timber,,0.5,True,short (<20m),narrow (<0.9m),,
data/citywide/images/337/94327/35264__IMG_0274.JPG,True,94327,337,Boardwalk < 1.2m High,6x6 3 wide cedar boardwalk,35264,IMG_0274.JPG,,,Timber,,No,No railings,4.0,,,Timber,,0.5,True,short (<20m),narrow (<0.9m),,
data/citywide/images/337/94348/35283__IMG_0348.JPG,True,94348,337,Boardwalk < 1.2m High,"2"" rough cedar boardwalk on Cedar stringers",35283,IMG_0348.JPG,,,Timber,,No,No railings,75.0,,,Timber,,0.75,True,medium (20-100m),narrow (<0.9m),,
data/citywide/images/337/94350/35285__IMG_0356.JPG,True,94350,337,Boardwalk < 1.2m High,"2"" rough cedar boardwalk on Cedar stringers",35285,IMG_0356.JPG,,,Timber,,No,No railings,5.0,,,Timber,,0.75,True,short (<20m),narrow (<0.9m),,
data/citywide/images/337/94353/35288__IMG_0368.JPG,True,94353,337,Boardwalk < 1.2m High,"2"" rough cedar boardwalk on Cedar stringers",35288,IMG_0368.JPG,,,Timber,,No,No railings,6.0,,,Timber,,0.75,True,short (<20m),narrow (<0.9m),,
data/citywide/images/337/94356/35291__IMG_0382.JPG,True,94356,337,Boardwalk < 1.2m High,"2"" rough cedar boardwalk on Cedar stringers",35291,IMG_0382.JPG,,,Timber,,No,No railings,100.0,,,Timber,,0.75,True,long (>100m),narrow (<0.9m),,
data/citywide/images/337/94357/35292__IMG_0386.JPG,True,94357,337,Boardwalk < 1.2m High,"2"" rough cedar boardwalk on Cedar stringers",35292,IMG_0386.JPG,,,Timber,,No,No railings,150.0,,,Timber,,0.75,True,long (>100m),narrow (<0.9m),,
data/citywide/images/337/94359/35294__IMG_0397.JPG,True,94359,337,Boardwalk < 1.2m High,6x6 3 wide cedar boardwalk,35294,IMG_0397.JPG,,,Timber,,No,No railings,15.0,,,Timber,,0.75,True,short (<20m),narrow (<0.9m),,
data/citywide/images/337/94362/35296__IMG_0407.JPG,True,94362,337,Boardwalk < 1.2m High,"2"" rough cedar boardwalk on Cedar stringers",35296,IMG_0407.JPG,,,Timber,,No,No railings,6.0,,,Timber,,0.75,True,short (<20m),narrow (<0.9m),,
data/citywide/images/337/94365/35298__IMG_0419.JPG,True,94365,337,Boardwalk < 1.2m High,"2"" rough cedar boardwalk on Cedar stringers",35298,IMG_0419.JPG,,,Timber,,No,No railings,20.0,,,Timber,,0.75,True,medium (20-100m),narrow (<0.9m),,
data/citywide/images/337/94367/35300__IMG_0427.JPG,True,94367,337,Boardwalk < 1.2m High,"2"" rough cedar boardwalk on Cedar stringers",35300,IMG_0427.JPG,,,Timber,,No,No railings,12.0,,,Timber,,0.75,True,short (<20m),narrow (<0.9m),,
data/citywide/images/337/94377/35309__IMG_0459.JPG,True,94377,337,Boardwalk < 1.2m High,"2"" rough cedar boardwalk on Cedar stringers",35309,IMG_0459.JPG,,,Timber,,No,No railings,5.0,,,Timber,,0.75,True,short (<20m),narrow (<0.9m),,
data/citywide/images/337/94378/35310__IMG_0462.JPG,True,94378,337,Boardwalk < 1.2m High,"2"" rough cedar boardwalk on Cedar stringers",35310,IMG_0462.JPG,,,Timber,,No,No railings,25.0,,,Timber,,0.75,True,medium (20-100m),narrow (<0.9m),,
data/citywide/images/337/94382/35314__IMG_0474.JPG,True,94382,337,Boardwalk < 1.2m High,"2"" rough cedar boardwalk on Cedar stringers",35314,IMG_0474.JPG,,,Timber,,No,No railings,20.0,,,Timber,,0.75,True,medium (20-100m),narrow (<0.9m),,
data/citywide/images/337/94385/35316__IMG_0483.JPG,True,94385,337,Boardwalk < 1.2m High,"2"" rough cedar boardwalk on Cedar stringers",35316,IMG_0483.JPG,,,Timber,,No,No railings,15.0,,,Timber,,0.75,True,short (<20m),narrow (<0.9m),,
data/citywide/images/337/94390/35321__IMG_0498.JPG,True,94390,337,Boardwalk < 1.2m High,"2"" rough cedar boardwalk on Cedar stringers",35321,IMG_0498.JPG,,,Timber,,No,No railings,40.0,,,Timber,,0.75,True,medium (20-100m),narrow (<0.9m),,
data/citywide/images/337/94392/35323__IMG_0504.JPG,True,94392,337,Boardwalk < 1.2m High,"2"" rough cedar boardwalk on Cedar stringers",35323,IMG_0504.JPG,,,Timber,,No,No railings,5.0,,,Timber,,0.75,True,short (<20m),narrow (<0.9m),,
data/citywide/images/337/94394/35325__IMG_0510.JPG,True,94394,337,Boardwalk < 1.2m High,"2"" rough cedar boardwalk on Cedar stringers",35325,IMG_0510.JPG,,,Timber,,No,No railings,15.0,,,Timber,,0.75,True,short (<20m),narrow (<0.9m),,
data/citywide/images/337/94408/35338__IMG_0551.JPG,True,94408,337,Boardwalk < 1.2m High,"2"" rough cedar boardwalk on Cedar stringers",35338,IMG_0551.JPG,,,Timber,,No,No railings,25.0,,,Timber,,0.75,True,medium (20-100m),narrow (<0.9m),,
data/citywide/images/337/94409/35339__IMG_0554.JPG,True,94409,337,Boardwalk < 1.2m High,"2"" rough cedar boardwalk on Cedar stringers",35339,IMG_0554.JPG,,,Timber,,No,No railings,15.0,,,Timber,,0.75,True,short (<20m),narrow (<0.9m),,
data/citywide/images/337/94410/35340__IMG_0557.JPG,True,94410,337,Boardwalk < 1.2m High,"2"" rough cedar boardwalk on Cedar stringers",35340,IMG_0557.JPG,,,Timber,,No,No railings,5.0,,,Timber,,0.75,True,short (<20m),narrow (<0.9m),,
data/citywide/images/337/94411/35341__IMG_0560.JPG,True,94411,337,Boardwalk < 1.2m High,"2"" rough cedar boardwalk on Cedar stringers",35341,IMG_0560.JPG,,,Timber,,No,No railings,7.0,,,Timber,,0.75,True,short (<20m),narrow (<0.9m),,
data/citywide/images/337/94413/35343__IMG_0566.JPG,True,94413,337,Boardwalk < 1.2m High,"2"" rough cedar boardwalk on Cedar stringers",35343,IMG_0566.JPG,,,Timber,,No,No railings,150.0,,,Timber,,0.75,True,long (>100m),narrow (<0.9m),,
data/citywide/images/337/94414/35344__IMG_0569.JPG,True,94414,337,Boardwalk < 1.2m High,"2"" rough cedar boardwalk on Cedar stringers",35344,IMG_0569.JPG,,,Timber,,No,No railings,15.0,,,Timber,,0.75,True,short (<20m),narrow (<0.9m),,
data/citywide/images/337/94416/35346__IMG_0575.JPG,True,94416,337,Boardwalk < 1.2m High,"2"" rough cedar boardwalk on Cedar stringers",35346,IMG_0575.JPG,,,Timber,,No,No railings,32.0,,,Timber,,0.75,True,medium (20-100m),narrow (<0.9m),,
data/citywide/images/337/94421/35351__IMG_0595.JPG,True,94421,337,Boardwalk < 1.2m High,"2"" rough cedar boardwalk on Cedar stringers",35351,IMG_0595.JPG,,,Timber,,No,No railings,20.0,,,Timber,,0.75,True,medium (20-100m),narrow (<0.9m),,
data/citywide/images/337/94422/35352__IMG_0598.JPG,True,94422,337,Boardwalk < 1.2m High,"2"" rough cedar boardwalk on Cedar stringers",35352,IMG_0598.JPG,,,Timber,,No,No railings,15.0,,,Timber,,0.75,True,short (<20m),narrow (<0.9m),,
data/citywide/images/337/94423/35353__IMG_0601.JPG,True,94423,337,Boardwalk < 1.2m High,"2"" rough cedar boardwalk on Cedar stringers",35353,IMG_0601.JPG,,,Timber,,No,No railings,12.0,,,Timber,,0.75,True,short (<20m),narrow (<0.9m),,
data/citywide/images/337/94424/35354__IMG_0604.JPG,True,94424,337,Boardwalk < 1.2m High,"2"" rough cedar boardwalk on Cedar stringers",35354,IMG_0604.JPG,,,Timber,,No,No railings,50.0,,,Timber,,0.75,True,medium (20-100m),narrow (<0.9m),,
data/citywide/images/337/94487/34112__IMG_5124.JPG,True,94487,337,Boardwalk < 1.2m High,Log boardwalk built with on-site materials,34112,IMG_5124.JPG,,,,,No,No railings,15.0,,,Timber,,0.4,True,short (<20m),narrow (<0.9m),,
data/citywide/images/337/94780/70487__MI_20240629_143700.jpg,True,94780,337,Boardwalk < 1.2m High,"between buckhorn and blackwall, 4 sections of boardwalk with rises.",70487,MI_20240629_143700.jpg,,,Timber,,No,No railings,10.0,,,,,1.5,True,short (<20m),wide (>1.5m),,
data/citywide/images/337/95730/35387__image.png,True,95730,337,Boardwalk < 1.2m High,3 Section Boardwalk,35387,image.png,,,Timber,,No,No railings,66.0,,,Timber,,1.0,True,medium (20-100m),standard (0.9-1.5m),,
data/citywide/images/337/95730/35388__image.png,True,95730,337,Boardwalk < 1.2m High,3 Section Boardwalk,35388,image.png,,,Timber,,No,No railings,66.0,,,Timber,,1.0,True,medium (20-100m),standard (0.9-1.5m),,
data/citywide/images/337/95730/35389__image.png,True,95730,337,Boardwalk < 1.2m High,3 Section Boardwalk,35389,image.png,,,Timber,,No,No railings,66.0,,,Timber,,1.0,True,medium (20-100m),standard (0.9-1.5m),,
data/citywide/images/337/95730/35390__image.png,True,95730,337,Boardwalk < 1.2m High,3 Section Boardwalk,35390,image.png,,,Timber,,No,No railings,66.0,,,Timber,,1.0,True,medium (20-100m),standard (0.9-1.5m),,
data/citywide/images/337/95730/35391__image.png,True,95730,337,Boardwalk < 1.2m High,3 Section Boardwalk,35391,image.png,,,Timber,,No,No railings,66.0,,,Timber,,1.0,True,medium (20-100m),standard (0.9-1.5m),,
data/citywide/images/337/95950/35515__AST_IM_20220121_144352.jpeg,True,95950,337,Boardwalk < 1.2m High,,35515,AST_IM_20220121_144352.jpeg,,,,,No,No railings,,Timber/Wood,,,,,False,,,,
data/citywide/images/337/95950/71828__AST_EX_20240730_131840.jpeg,True,95950,337,Boardwalk < 1.2m High,,71828,AST_EX_20240730_131840.jpeg,,,,,No,No railings,,Timber/Wood,,,,,False,,,,
data/citywide/images/337/96358/35926__AST_IM_20220212_112700.jpeg,True,96358,337,Boardwalk < 1.2m High,,35926,AST_IM_20220212_112700.jpeg,,,Timber,,No,No railings,8.0,,,Timber,,1.0,True,short (<20m),standard (0.9-1.5m),,
data/citywide/images/337/99892/43287__AST_IM_20220527_075835.jpeg,True,99892,337,Boardwalk < 1.2m High,,43287,AST_IM_20220527_075835.jpeg,,,Timber,,No,No railings,,,,Timber,,1.0,False,,standard (0.9-1.5m),,
data/citywide/images/337/100345/44056__AST_IM_20220601_121048.jpeg,True,100345,337,Boardwalk < 1.2m High,15 m x .5 m long boardwalk tree stringers 2x12 decking,44056,AST_IM_20220601_121048.jpeg,,,Timber,,No,No railings,25.0,,,Timber,,0.5,True,medium (20-100m),narrow (<0.9m),,
data/citywide/images/337/100345/74874__bridge1.jpg,True,100345,337,Boardwalk < 1.2m High,15 m x .5 m long boardwalk tree stringers 2x12 decking,74874,bridge1.jpg,,,Timber,,No,No railings,25.0,,,Timber,,0.5,True,medium (20-100m),narrow (<0.9m),,
data/citywide/images/337/100549/44371__AST_IM_20220603_103836.jpeg,True,100549,337,Boardwalk < 1.2m High,Boardwalk installed 2019 cedar and log construction,44371,AST_IM_20220603_103836.jpeg,Timber,Beam,Timber,,,,7.05,,,Timber,,0.9,True,short (<20m),standard (0.9-1.5m),,
data/citywide/images/337/100549/65059__AST_EX_20230608_094624.jpeg,True,100549,337,Boardwalk < 1.2m High,Boardwalk installed 2019 cedar and log construction,65059,AST_EX_20230608_094624.jpeg,Timber,Beam,Timber,,,,7.05,,,Timber,,0.9,True,short (<20m),standard (0.9-1.5m),,
data/citywide/images/337/100550/67095__Non-Slip_Stiars_first_set.jpg,True,100550,337,Boardwalk < 1.2m High,Cedar 4x4 construction with handrail,67095,Non-Slip Stiars first set.jpg,,,Timber,,No,,3.0,,,Timber,,1.0,True,short (<20m),standard (0.9-1.5m),,
data/citywide/images/337/100550/76689__AST_EX_20241025_123019.jpeg,True,100550,337,Boardwalk < 1.2m High,Cedar 4x4 construction with handrail,76689,AST_EX_20241025_123019.jpeg,,,Timber,,No,,3.0,,,Timber,,1.0,True,short (<20m),standard (0.9-1.5m),,
data/citywide/images/337/100550/76690__AST_EX_20241025_122937.jpeg,True,100550,337,Boardwalk < 1.2m High,Cedar 4x4 construction with handrail,76690,AST_EX_20241025_122937.jpeg,,,Timber,,No,,3.0,,,Timber,,1.0,True,short (<20m),standard (0.9-1.5m),,
data/citywide/images/337/100555/44377__AST_IM_20220603_105153.jpeg,True,100555,337,Boardwalk < 1.2m High,"Multi level, multi stair case, 100m boardwalk to petroglyphs",44377,AST_IM_20220603_105153.jpeg,Timber,Beam,Timber,,,,106.7,,,Timber,,0.9,True,long (>100m),standard (0.9-1.5m),,
data/citywide/images/337/100555/67091__new_backs_for_benmched.jpg,True,100555,337,Boardwalk < 1.2m High,"Multi level, multi stair case, 100m boardwalk to petroglyphs",67091,new backs for benmched.jpg,Timber,Beam,Timber,,,,106.7,,,Timber,,0.9,True,long (>100m),standard (0.9-1.5m),,
data/citywide/images/337/100555/67092__New_stairs.jpg,True,100555,337,Boardwalk < 1.2m High,"Multi level, multi stair case, 100m boardwalk to petroglyphs",67092,New stairs.jpg,Timber,Beam,Timber,,,,106.7,,,Timber,,0.9,True,long (>100m),standard (0.9-1.5m),,
data/citywide/images/337/100555/67093__NOn-Slip_Just_before_viewing_area.jpg,True,100555,337,Boardwalk < 1.2m High,"Multi level, multi stair case, 100m boardwalk to petroglyphs",67093,NOn-Slip Just before viewing area.jpg,Timber,Beam,Timber,,,,106.7,,,Timber,,0.9,True,long (>100m),standard (0.9-1.5m),,
data/citywide/images/337/100999/44970__AST_IM_20220606_141442.jpeg,True,100999,337,Boardwalk < 1.2m High,"Boardwalk is 1m high and 5m wide, no guard rail, wooden beam supports underneath",44970,AST_IM_20220606_141442.jpeg,,,Timber,,No,No railings,15.0,,,Timber,,5.0,True,short (<20m),wide (>1.5m),,
data/citywide/images/337/101005/44973__AST_IM_20220606_140431.jpeg,True,101005,337,Boardwalk < 1.2m High,"2 adjacent Wooden boardwalks, mounted on logs, no guardrail, not accessible | 1m wide x2m long + 1m x 4m 0.5m height",44973,AST_IM_20220606_140431.jpeg,,,Timber,,No,,4.0,,,Timber,,1.0,True,short (<20m),standard (0.9-1.5m),,
data/citywide/images/337/102356/46524__AST_IM_20220615_105512.jpeg,True,102356,337,Boardwalk < 1.2m High,narrow boardwalk over mud,46524,AST_IM_20220615_105512.jpeg,,,Timber,,No,No railings,,,,Timber,,1.0,False,,standard (0.9-1.5m),,
data/citywide/images/337/102372/46535__AST_IM_20220615_140345.jpeg,True,102372,337,Boardwalk < 1.2m High,"Condition 60, intact but starting to rot, one plank partly missing, 150m long, 1.3m high railing",46535,AST_IM_20220615_140345.jpeg,,,Timber,,Yes,,150.0,,,Timber,,2.0,True,long (>100m),wide (>1.5m),,
data/citywide/images/337/102372/46537__AST_IM_20220615_140032.jpeg,True,102372,337,Boardwalk < 1.2m High,"Condition 60, intact but starting to rot, one plank partly missing, 150m long, 1.3m high railing",46537,AST_IM_20220615_140032.jpeg,,,Timber,,Yes,,150.0,,,Timber,,2.0,True,long (>100m),wide (>1.5m),,
data/citywide/images/337/102412/46601__AST_IM_20220615_123706.jpeg,True,102412,337,Boardwalk < 1.2m High,3.5m length. 1m width. 1.2m high. no rails.,46601,AST_IM_20220615_123706.jpeg,,,Timber,,No,No railings,17.0,,,Timber,,1.0,True,short (<20m),standard (0.9-1.5m),,
data/citywide/images/337/102412/46605__AST_IM_20220615_123719.jpeg,True,102412,337,Boardwalk < 1.2m High,3.5m length. 1m width. 1.2m high. no rails.,46605,AST_IM_20220615_123719.jpeg,,,Timber,,No,No railings,17.0,,,Timber,,1.0,True,short (<20m),standard (0.9-1.5m),,
data/citywide/images/337/102415/46597__AST_IM_20220615_124944.jpeg,True,102415,337,Boardwalk < 1.2m High,Planks in place but detached from supports. Very unstable. Hazard,46597,AST_IM_20220615_124944.jpeg,,,Timber,,No,No railings,19.0,,,Timber,,1.5,True,short (<20m),wide (>1.5m),,
data/citywide/images/337/102424/46595__AST_IM_20220615_130924.jpeg,True,102424,337,Boardwalk < 1.2m High,Condition 95. Wood bridge 1m high. 1.5m wide. 4m long. No guard.,46595,AST_IM_20220615_130924.jpeg,,,Timber,,No,No railings,4.0,,,Timber,,1.5,True,short (<20m),wide (>1.5m),,
data/citywide/images/337/102424/84755__20250709_183211786_iOS.jpg,True,102424,337,Boardwalk < 1.2m High,Condition 95. Wood bridge 1m high. 1.5m wide. 4m long. No guard.,84755,20250709_183211786_iOS.jpg,,,Timber,,No,No railings,4.0,,,Timber,,1.5,True,short (<20m),wide (>1.5m),,
data/citywide/images/337/102538/46774__AST_IM_20220616_100811.jpeg,True,102538,337,Boardwalk < 1.2m High,"wooden boardwalk with no grip, roughly 4m in length",46774,AST_IM_20220616_100811.jpeg,,,Timber,,No,No railings,,,,,,1.0,False,,standard (0.9-1.5m),,
data/citywide/images/337/102545/46755__AST_IM_20220616_105250.jpeg,True,102545,337,Boardwalk < 1.2m High,wooden boardwalk roughly 4m,46755,AST_IM_20220616_105250.jpeg,,,,,No,No railings,4.0,,,,,1.0,True,short (<20m),standard (0.9-1.5m),,
data/citywide/images/337/102560/46752__AST_IM_20220616_105543.jpeg,True,102560,337,Boardwalk < 1.2m High,wooden boardwalk roughly 5m,46752,AST_IM_20220616_105543.jpeg,,,Timber,,No,No railings,5.0,,,,,1.0,True,short (<20m),standard (0.9-1.5m),,
data/citywide/images/337/103708/48479__AST_IM_20220623_101844.jpeg,True,103708,337,Boardwalk < 1.2m High,Condition 60 2x6 boards on 4x 4 posts,48479,AST_IM_20220623_101844.jpeg,Timber,Beam,Timber,,,No railings,2.0,,,,,,True,short (<20m),,,
data/citywide/images/337/103729/48436__AST_IM_20220623_124153.jpeg,True,103729,337,Boardwalk < 1.2m High,Condition 70,48436,AST_IM_20220623_124153.jpeg,,,Timber,,No,No railings,,,,Timber,,,False,,,,
data/citywide/images/337/103740/48467__AST_IM_20220623_105658.jpeg,True,103740,337,Boardwalk < 1.2m High,Ciondition 85 16 ft mixed construction,48467,AST_IM_20220623_105658.jpeg,Timber,Beam,Timber,,,No railings,5.0,,,,,,True,short (<20m),,,
data/citywide/images/337/103742/48440__AST_IM_20220623_123342.jpeg,True,103742,337,Boardwalk < 1.2m High,"Condition 60 15ft, mom standard",48440,AST_IM_20220623_123342.jpeg,,,Timber,,No,No railings,450.0,,,Timber,,1.0,True,long (>100m),standard (0.9-1.5m),,
data/citywide/images/337/103752/48438__AST_IM_20220623_123731.jpeg,True,103752,337,Boardwalk < 1.2m High,Condition 50,48438,AST_IM_20220623_123731.jpeg,,,Timber,,No,No railings,,,,Timber,,1.0,False,,standard (0.9-1.5m),,
data/citywide/images/337/104070/48729__AST_IM_20220622_123843.jpeg,True,104070,337,Boardwalk < 1.2m High,Boardwalk on lake trail,48729,AST_IM_20220622_123843.jpeg,,,Timber,,No,No railings,,,,Timber,,1.0,False,,standard (0.9-1.5m),,
data/citywide/images/337/105250/84384__AST_EX_20250705_152553.jpeg,True,105250,337,Boardwalk < 1.2m High,5ftx2ft. Hiker spruce lake trail.,84384,AST_EX_20250705_152553.jpeg,,,Timber,,No,No railings,1.52,,,Timber,,0.75,True,short (<20m),narrow (<0.9m),,
data/citywide/images/337/106401/53157__AST_IM_20220710_133948.jpeg,True,106401,337,Boardwalk < 1.2m High,"Three, 2x8 board planks with log steps between",53157,AST_IM_20220710_133948.jpeg,,,Timber,,No,No railings,15.0,,,Timber,,0.6,True,short (<20m),narrow (<0.9m),,
data/citywide/images/337/106937/54004__AST_IM_20220714_143554.jpeg,True,106937,337,Boardwalk < 1.2m High,"very rotted, boards loose, 2 boards missing",54004,AST_IM_20220714_143554.jpeg,,,Timber,,No,No railings,4.3,,,Timber,,1.0,True,short (<20m),standard (0.9-1.5m),,
data/citywide/images/337/107048/54078__AST_IM_20220715_090044.jpeg,True,107048,337,Boardwalk < 1.2m High,"Buckled bridge, stream now flowing over. Build replacement bridge sitting beside 0. Replacement bridge needs to be installed",54078,AST_IM_20220715_090044.jpeg,,,Timber,,No,No railings,9.0,,,Timber,,1.0,True,short (<20m),standard (0.9-1.5m),,
data/citywide/images/337/107051/72007__AST_EX_20240803_103753.jpeg,True,107051,337,Boardwalk < 1.2m High,Weather worn. 75,72007,AST_EX_20240803_103753.jpeg,,,,,No,No railings,15.0,,,,,1.0,True,short (<20m),standard (0.9-1.5m),,
data/citywide/images/337/107062/72048__AST_EX_20240803_102514.jpeg,True,107062,337,Boardwalk < 1.2m High,70. Made of ripped logs for decking,72048,AST_EX_20240803_102514.jpeg,,,Timber,,No,No railings,6.0,,,Timber,,1.0,True,short (<20m),standard (0.9-1.5m),,
data/citywide/images/337/107076/72026__AST_EX_20240803_105015.jpeg,True,107076,337,Boardwalk < 1.2m High,Ripped logs some loose. 65,72026,AST_EX_20240803_105015.jpeg,,,,,No,No railings,,,,,,1.0,False,,standard (0.9-1.5m),,
data/citywide/images/337/107076/72046__AST_EX_20240803_105023.jpeg,True,107076,337,Boardwalk < 1.2m High,Ripped logs some loose. 65,72046,AST_EX_20240803_105023.jpeg,,,,,No,No railings,,,,,,1.0,False,,standard (0.9-1.5m),,
data/citywide/images/337/107317/54298__AST_IM_20220713_093325.jpeg,True,107317,337,Boardwalk < 1.2m High,"70, old splitting, buried treated sills",54298,AST_IM_20220713_093325.jpeg,,,Timber,,No,No railings,,,,Timber,,1.0,False,,standard (0.9-1.5m),,
data/citywide/images/337/107317/54314__AST_IM_20220713_093412.jpeg,True,107317,337,Boardwalk < 1.2m High,"70, old splitting, buried treated sills",54314,AST_IM_20220713_093412.jpeg,,,Timber,,No,No railings,,,,Timber,,1.0,False,,standard (0.9-1.5m),,
data/citywide/images/337/107319/54335__AST_IM_20220712_162336.jpeg,True,107319,337,Boardwalk < 1.2m High,65,54335,AST_IM_20220712_162336.jpeg,,,Timber,,Yes,No railings,,,,Timber,,2.0,False,,wide (>1.5m),,
data/citywide/images/337/107327/54313__AST_IM_20220713_090930.jpeg,True,107327,337,Boardwalk < 1.2m High,Cond 65,54313,AST_IM_20220713_090930.jpeg,,,Timber,,No,No railings,,,,Timber,,1.0,False,,standard (0.9-1.5m),,
data/citywide/images/337/107335/54292__AST_IM_20220713_093714.jpeg,True,107335,337,Boardwalk < 1.2m High,"55, decking ok but stingers and supports failing. Raise bridge and replace sills/supports",54292,AST_IM_20220713_093714.jpeg,,,Timber,,No,No railings,,,,Timber,,1.0,False,,standard (0.9-1.5m),,
data/citywide/images/337/107335/54296__AST_IM_20220713_093742.jpeg,True,107335,337,Boardwalk < 1.2m High,"55, decking ok but stingers and supports failing. Raise bridge and replace sills/supports",54296,AST_IM_20220713_093742.jpeg,,,Timber,,No,No railings,,,,Timber,,1.0,False,,standard (0.9-1.5m),,
data/citywide/images/337/107345/54307__AST_IM_20220713_085452.jpeg,True,107345,337,Boardwalk < 1.2m High,85 1 pin sticking up,54307,AST_IM_20220713_085452.jpeg,,,Timber,,No,No railings,,,,Timber,,1.0,False,,standard (0.9-1.5m),,
data/citywide/images/337/107361/54299__AST_IM_20220713_091027.jpeg,True,107361,337,Boardwalk < 1.2m High,75,54299,AST_IM_20220713_091027.jpeg,,,Timber,,No,No railings,,,,Timber,,1.0,False,,standard (0.9-1.5m),,
data/citywide/images/337/107363/54388__AST_IM_20220710_091205.jpeg,True,107363,337,Boardwalk < 1.2m High,Two planed logs crossing river. need replaced,54388,AST_IM_20220710_091205.jpeg,,,Timber,,No,No railings,,,,Timber,,1.0,False,,standard (0.9-1.5m),,
data/citywide/images/337/107370/54385__AST_IM_20220711_193425.jpeg,True,107370,337,Boardwalk < 1.2m High,Gun creek trail between deer pass and trigger,54385,AST_IM_20220711_193425.jpeg,,,Timber,,No,No railings,,,,Timber,,1.0,False,,standard (0.9-1.5m),,
data/citywide/images/337/107370/84451__AST_EX_20250703_122259.jpeg,True,107370,337,Boardwalk < 1.2m High,Gun creek trail between deer pass and trigger,84451,AST_EX_20250703_122259.jpeg,,,Timber,,No,No railings,,,,Timber,,1.0,False,,standard (0.9-1.5m),,
data/citywide/images/337/107579/54656__AST_IM_20220720_121206.jpeg,True,107579,337,Boardwalk < 1.2m High,"new 3m by 0.5 m wood boardwalks, 2 of them beside each other",54656,AST_IM_20220720_121206.jpeg,,,,,No,No railings,4.0,,,,,0.5,True,short (<20m),narrow (<0.9m),,
data/citywide/images/337/107582/54641__AST_IM_20220720_130700.jpeg,True,107582,337,Boardwalk < 1.2m High,"wood, 2.5m long, 1m wide",54641,AST_IM_20220720_130700.jpeg,,,,,No,No railings,10.0,,,,,1.0,True,short (<20m),standard (0.9-1.5m),,
data/citywide/images/337/107590/54669__AST_IM_20220720_121400.jpeg,True,107590,337,Boardwalk < 1.2m High,"wood, fairly sound condition but gaps, 15m long, 1m wide",54669,AST_IM_20220720_121400.jpeg,,,,,No,No railings,20.0,,,,,1.0,True,medium (20-100m),standard (0.9-1.5m),,
data/citywide/images/337/107591/54655__AST_IM_20220720_121029.jpeg,True,107591,337,Boardwalk < 1.2m High,"old log boardwalk, big gaps, rotted, 3m long",54655,AST_IM_20220720_121029.jpeg,,,,,No,No railings,14.0,,,,,,True,short (<20m),,,
data/citywide/images/337/107602/54645__AST_IM_20220720_122733.jpeg,True,107602,337,Boardwalk < 1.2m High,"new installed July 20, 2022, 20m long",54645,AST_IM_20220720_122733.jpeg,,,,,No,No railings,30.0,,,,,,True,medium (20-100m),,,
data/citywide/images/337/107867/54997__AST_IM_20220720_135728.jpeg,True,107867,337,Boardwalk < 1.2m High,55m of boardwalk. Condition 80,54997,AST_IM_20220720_135728.jpeg,,,Timber,,No,No railings,55.0,,,Timber,,1.0,True,medium (20-100m),standard (0.9-1.5m),,
data/citywide/images/337/107867/76410__AST_EX_20241025_132058.jpeg,True,107867,337,Boardwalk < 1.2m High,55m of boardwalk. Condition 80,76410,AST_EX_20241025_132058.jpeg,,,Timber,,No,No railings,55.0,,,Timber,,1.0,True,medium (20-100m),standard (0.9-1.5m),,
data/citywide/images/337/107883/54990__AST_IM_20220720_154122.jpeg,True,107883,337,Boardwalk < 1.2m High,20m boardwalk brand new,54990,AST_IM_20220720_154122.jpeg,,,Timber,,No,No railings,20.0,,,Timber,,1.0,True,medium (20-100m),standard (0.9-1.5m),,
data/citywide/images/337/107883/76413__AST_EX_20241025_111131.jpeg,True,107883,337,Boardwalk < 1.2m High,20m boardwalk brand new,76413,AST_EX_20241025_111131.jpeg,,,Timber,,No,No railings,20.0,,,Timber,,1.0,True,medium (20-100m),standard (0.9-1.5m),,
data/citywide/images/337/107901/54964__AST_IM_20220720_151920.jpeg,True,107901,337,Boardwalk < 1.2m High,Brand new 12m boardwalk condition 85,54964,AST_IM_20220720_151920.jpeg,,,Timber,,No,No railings,13.0,,,Timber,,1.0,True,short (<20m),standard (0.9-1.5m),,
data/citywide/images/337/107901/76401__AST_EX_20241025_113312.jpeg,True,107901,337,Boardwalk < 1.2m High,Brand new 12m boardwalk condition 85,76401,AST_EX_20241025_113312.jpeg,,,Timber,,No,No railings,13.0,,,Timber,,1.0,True,short (<20m),standard (0.9-1.5m),,
data/citywide/images/337/107906/55002__AST_IM_20220721_121717.jpeg,True,107906,337,Boardwalk < 1.2m High,10m boardwalk,55002,AST_IM_20220721_121717.jpeg,,,Timber,,No,No railings,450.0,,,Timber,,1.0,True,long (>100m),standard (0.9-1.5m),,
data/citywide/images/337/107909/54975__AST_IM_20220721_130300.jpeg,True,107909,337,Boardwalk < 1.2m High,10m rotting,54975,AST_IM_20220721_130300.jpeg,,,Timber,,No,No railings,10.0,,,Timber,,1.0,True,short (<20m),standard (0.9-1.5m),,
data/citywide/images/337/107920/54979__AST_IM_20220721_115646.jpeg,True,107920,337,Boardwalk < 1.2m High,5m starting to be buried. Condition 30,54979,AST_IM_20220721_115646.jpeg,,,Timber,,No,No railings,13.0,,,Timber,,1.0,True,short (<20m),standard (0.9-1.5m),,
data/citywide/images/337/107959/55122__AST_IM_20220721_110528.jpeg,True,107959,337,Boardwalk < 1.2m High,"Two pieces of deck board walk wood, rotten, is not being used as the trail goes around it. Nails still in the boards and into the tree/roots",55122,AST_IM_20220721_110528.jpeg,,,Timber,,No,No railings,3.0,,,Timber,,1.0,True,short (<20m),standard (0.9-1.5m),,
data/citywide/images/337/107959/77635__AST_EX_20241030_141331.jpeg,True,107959,337,Boardwalk < 1.2m High,"Two pieces of deck board walk wood, rotten, is not being used as the trail goes around it. Nails still in the boards and into the tree/roots",77635,AST_EX_20241030_141331.jpeg,,,Timber,,No,No railings,3.0,,,Timber,,1.0,True,short (<20m),standard (0.9-1.5m),,
data/citywide/images/337/107966/55066__AST_IM_20220721_125424.jpeg,True,107966,337,Boardwalk < 1.2m High,Not useable only three pieces of wood sticking out of mud. Condition 4%,55066,AST_IM_20220721_125424.jpeg,,,Timber,,No,No railings,5.0,,,Timber,,1.0,True,short (<20m),standard (0.9-1.5m),,
data/citywide/images/337/107978/55147__AST_IM_20220721_110912.jpeg,True,107978,337,Boardwalk < 1.2m High,"Wobbly, rotting, | Condition 26",55147,AST_IM_20220721_110912.jpeg,,,Timber,,No,No railings,65.0,,,Timber,,1.0,True,medium (20-100m),standard (0.9-1.5m),,
data/citywide/images/337/107991/55102__AST_IM_20220721_135525.jpeg,True,107991,337,Boardwalk < 1.2m High,Grip pieces of wood mostly fallen off. One side rotten and unstable. Needs replacing. 15%,55102,AST_IM_20220721_135525.jpeg,,,Timber,,No,No railings,6.0,,,Timber,,1.0,True,short (<20m),standard (0.9-1.5m),,
data/citywide/images/337/108008/55145__AST_IM_20220721_105638.jpeg,True,108008,337,Boardwalk < 1.2m High,"Stringers rotting, Moss, but no pieces missing. A bit wobbly | Condition- 30",55145,AST_IM_20220721_105638.jpeg,,,Timber,,No,No railings,22.0,,,Timber,,1.0,True,medium (20-100m),standard (0.9-1.5m),,
data/citywide/images/337/108008/55149__AST_IM_20220721_105623.jpeg,True,108008,337,Boardwalk < 1.2m High,"Stringers rotting, Moss, but no pieces missing. A bit wobbly | Condition- 30",55149,AST_IM_20220721_105623.jpeg,,,Timber,,No,No railings,22.0,,,Timber,,1.0,True,medium (20-100m),standard (0.9-1.5m),,
data/citywide/images/337/108008/77638__AST_EX_20241030_141030.jpeg,True,108008,337,Boardwalk < 1.2m High,"Stringers rotting, Moss, but no pieces missing. A bit wobbly | Condition- 30",77638,AST_EX_20241030_141030.jpeg,,,Timber,,No,No railings,22.0,,,Timber,,1.0,True,medium (20-100m),standard (0.9-1.5m),,
data/citywide/images/337/108011/55068__AST_IM_20220721_122916.jpeg,True,108011,337,Boardwalk < 1.2m High,"Pretty solid , some moss and a few boards loose  | Condition- 45",55068,AST_IM_20220721_122916.jpeg,,,Timber,,No,No railings,10.0,,,Timber,,1.0,True,short (<20m),standard (0.9-1.5m),,
data/citywide/images/337/108014/55098__AST_IM_20220721_144810.jpeg,True,108014,337,Boardwalk < 1.2m High,single plank boards on small risers,55098,AST_IM_20220721_144810.jpeg,,,Timber,,No,No railings,450.0,,,Timber,,1.0,True,long (>100m),standard (0.9-1.5m),,
data/citywide/images/337/108023/55057__AST_IM_20220721_122749.jpeg,True,108023,337,Boardwalk < 1.2m High,Covered in mud and last board loose  | Condition-40,55057,AST_IM_20220721_122749.jpeg,,,Timber,,No,No railings,8.0,,,Timber,,1.0,True,short (<20m),standard (0.9-1.5m),,
data/citywide/images/337/108041/55119__AST_IM_20220721_113626.jpeg,True,108041,337,Boardwalk < 1.2m High,Entirely buried under the mud and rotting. Needs replacing. 15%,55119,AST_IM_20220721_113626.jpeg,,,Timber,,No,No railings,8.0,,,Timber,,1.0,True,short (<20m),standard (0.9-1.5m),,
data/citywide/images/337/108041/55133__AST_IM_20220721_113614.jpeg,True,108041,337,Boardwalk < 1.2m High,Entirely buried under the mud and rotting. Needs replacing. 15%,55133,AST_IM_20220721_113614.jpeg,,,Timber,,No,No railings,8.0,,,Timber,,1.0,True,short (<20m),standard (0.9-1.5m),,
data/citywide/images/337/108296/55548__AST_IM_20220714_091141.jpeg,True,108296,337,Boardwalk < 1.2m High,,55548,AST_IM_20220714_091141.jpeg,,,Timber,,No,No railings,8.0,,,Timber,,1.0,True,short (<20m),standard (0.9-1.5m),,
data/citywide/images/337/108297/55551__AST_IM_20220714_091042.jpeg,True,108297,337,Boardwalk < 1.2m High,,55551,AST_IM_20220714_091042.jpeg,,,Timber,,No,No railings,8.0,,,Timber,,1.0,True,short (<20m),standard (0.9-1.5m),,
data/citywide/images/337/108318/55502__AST_IM_20220715_103538.jpeg,True,108318,337,Boardwalk < 1.2m High,,55502,AST_IM_20220715_103538.jpeg,,,Timber,,No,No railings,16.0,,,Timber,,1.0,True,short (<20m),standard (0.9-1.5m),,
data/citywide/images/337/108339/55476__AST_IM_20220719_121829.jpeg,True,108339,337,Boardwalk < 1.2m High,,55476,AST_IM_20220719_121829.jpeg,,,Timber,,No,No railings,20.0,,,Timber,,1.0,True,medium (20-100m),standard (0.9-1.5m),,
data/citywide/images/337/108355/55504__AST_IM_20220719_121139.jpeg,True,108355,337,Boardwalk < 1.2m High,,55504,AST_IM_20220719_121139.jpeg,,,Timber,,No,No railings,15.0,,,Timber,,1.0,True,short (<20m),standard (0.9-1.5m),,
data/citywide/images/337/108358/55520__AST_IM_20220715_085741.jpeg,True,108358,337,Boardwalk < 1.2m High,,55520,AST_IM_20220715_085741.jpeg,,,Timber,,No,No railings,40.0,,,Timber,,1.0,True,medium (20-100m),standard (0.9-1.5m),,
data/citywide/images/337/108398/55513__AST_IM_20220715_090626.jpeg,True,108398,337,Boardwalk < 1.2m High,,55513,AST_IM_20220715_090626.jpeg,,,Timber,,No,No railings,28.0,,,Timber,,1.0,True,medium (20-100m),standard (0.9-1.5m),,
data/citywide/images/337/108654/55799__AST_IM_20220725_104244.jpeg,True,108654,337,Boardwalk < 1.2m High,"wood planks,3m long, 1m wide, 2005",55799,AST_IM_20220725_104244.jpeg,,,,,No,No railings,8.0,,,,,1.0,True,short (<20m),standard (0.9-1.5m),,
data/citywide/images/337/108656/55793__AST_IM_20220725_124041.jpeg,True,108656,337,Boardwalk < 1.2m High,"some boards soft, 3m long, 0.5m wide, 1990",55793,AST_IM_20220725_124041.jpeg,,,,,No,No railings,3.0,,,,,0.5,True,short (<20m),narrow (<0.9m),,
data/citywide/images/337/108661/55807__AST_IM_20220725_104548.jpeg,True,108661,337,Boardwalk < 1.2m High,"Wood, after pond, 1x4m",55807,AST_IM_20220725_104548.jpeg,,,Timber,,No,No railings,11.0,,,Timber,,1.0,True,short (<20m),standard (0.9-1.5m),,
data/citywide/images/337/108708/55990__AST_IM_20220726_120849.jpeg,True,108708,337,Boardwalk < 1.2m High,"wood planks in steps down to lake, 10m long, 1m wide, 1995",55990,AST_IM_20220726_120849.jpeg,,,,,No,No railings,19.0,,,,,1.0,True,short (<20m),standard (0.9-1.5m),,
data/citywide/images/337/108715/55999__AST_IM_20220726_115801.jpeg,True,108715,337,Boardwalk < 1.2m High,"wood, 1.5m long, 0.5m wide, 1995",55999,AST_IM_20220726_115801.jpeg,,,,,No,No railings,110.0,,,,,0.5,True,long (>100m),narrow (<0.9m),,
data/citywide/images/337/108716/56000__AST_IM_20220726_121554.jpeg,True,108716,337,Boardwalk < 1.2m High,"wood planks, 10m long, 1m wide, 2000",56000,AST_IM_20220726_121554.jpeg,,,,,No,No railings,2.0,,,,,1.0,True,short (<20m),standard (0.9-1.5m),,
data/citywide/images/337/108727/56056__AST_IM_20220726_120457.jpeg,True,108727,337,Boardwalk < 1.2m High,"2 logs, before another boardwalk, 1x3m,",56056,AST_IM_20220726_120457.jpeg,,,Timber,,No,No railings,10.0,,,Timber,,1.0,True,short (<20m),standard (0.9-1.5m),,
data/citywide/images/337/108729/56058__AST_IM_20220726_120054.jpeg,True,108729,337,Boardwalk < 1.2m High,"5 logs, .5x4m,",56058,AST_IM_20220726_120054.jpeg,,,Timber,,No,No railings,4.2,,,Timber,,0.5,True,short (<20m),narrow (<0.9m),,
data/citywide/images/337/108735/56057__AST_IM_20220726_120244.jpeg,True,108735,337,Boardwalk < 1.2m High,"Timber and log mix with metal traction, 1x8m",56057,AST_IM_20220726_120244.jpeg,,,Timber,,No,No railings,19.0,,,Timber,,1.0,True,short (<20m),standard (0.9-1.5m),,
data/citywide/images/337/108779/56115__AST_IM_20220725_141644.jpeg,True,108779,337,Boardwalk < 1.2m High,2 8 foot sections 1 busted 4/10,56115,AST_IM_20220725_141644.jpeg,,,Timber,,No,No railings,25.0,,,Timber,,0.5,True,medium (20-100m),narrow (<0.9m),,
data/citywide/images/337/108780/56129__AST_IM_20220725_135607.jpeg,True,108780,337,Boardwalk < 1.2m High,16 ft 6/10,56129,AST_IM_20220725_135607.jpeg,,,Timber,,No,No railings,450.0,,,Timber,,1.0,True,long (>100m),standard (0.9-1.5m),,
data/citywide/images/337/108788/56127__AST_IM_20220725_154840.jpeg,True,108788,337,Boardwalk < 1.2m High,5 8 ft 6/10,56127,AST_IM_20220725_154840.jpeg,,,Timber,,No,No railings,20.0,,,Timber,,1.0,True,medium (20-100m),standard (0.9-1.5m),,
data/citywide/images/337/108793/56113__AST_IM_20220725_190304.jpeg,True,108793,337,Boardwalk < 1.2m High,"195 ft 4/10 needs repair, new boards",56113,AST_IM_20220725_190304.jpeg,,,Timber,,No,No railings,65.0,,,Timber,,1.0,True,medium (20-100m),standard (0.9-1.5m),,
data/citywide/images/337/108795/56126__AST_IM_20220725_135352.jpeg,True,108795,337,Boardwalk < 1.2m High,3 8 foot sections 6/10,56126,AST_IM_20220725_135352.jpeg,,,Timber,,No,No railings,25.0,,,Timber,,1.0,True,medium (20-100m),standard (0.9-1.5m),,
data/citywide/images/337/109137/56716__AST_IM_20220720_151949.jpeg,True,109137,337,Boardwalk < 1.2m High,Hoard to Lines - Boardwalk 6.  Has 5 elevation changes. 22metres long. Condition: 100,56716,AST_IM_20220720_151949.jpeg,,,Timber,,No,No railings,22.0,,,Timber,,1.0,True,medium (20-100m),standard (0.9-1.5m),,
data/citywide/images/337/109163/56739__AST_IM_20220721_130829.jpeg,True,109163,337,Boardwalk < 1.2m High,Kuitshe to Parkinson- Boardwalk 19 | Condition 10 | 5 metres long,56739,AST_IM_20220721_130829.jpeg,,,Timber,,No,No railings,,,,Timber,,1.0,,,standard (0.9-1.5m),,
data/citywide/images/337/109555/57141__AST_IM_20220729_113159.jpeg,True,109555,337,Boardwalk < 1.2m High,"50. Timber timber timber boardwalk. 2.5m long, 1.15 m wide, 0.8 height",57141,AST_IM_20220729_113159.jpeg,,,Timber,,No,No railings,5.9,,,Timber,,1.15,True,short (<20m),standard (0.9-1.5m),,
data/citywide/images/337/109617/57214__AST_IM_20220731_152801.jpeg,True,109617,337,Boardwalk < 1.2m High,<1 m high boardwalk  | 40 m  | In service date estimated.,57214,AST_IM_20220731_152801.jpeg,,,Timber,,Yes,No railings,40.0,,,Timber,,1.0,True,medium (20-100m),standard (0.9-1.5m),,
data/citywide/images/337/109699/57403__AST_IM_20220803_110439.jpeg,True,109699,337,Boardwalk < 1.2m High,"wood plank, 3m long, 0.5m wide, 1995",57403,AST_IM_20220803_110439.jpeg,,,,,No,No railings,1.5,,,,,0.5,True,short (<20m),narrow (<0.9m),,
data/citywide/images/337/109700/57408__AST_IM_20220803_110210.jpeg,True,109700,337,Boardwalk < 1.2m High,"wood planks, 5m long, 0.5m wide, 1995",57408,AST_IM_20220803_110210.jpeg,,,,,No,No railings,4.0,,,,,0.5,True,short (<20m),narrow (<0.9m),,
data/citywide/images/337/109703/57402__AST_IM_20220803_110804.jpeg,True,109703,337,Boardwalk < 1.2m High,"two wood planks, 7m long, 1m wide, 1995",57402,AST_IM_20220803_110804.jpeg,,,,,No,No railings,19.0,,,,,1.0,True,short (<20m),standard (0.9-1.5m),,
data/citywide/images/337/109707/57398__AST_IM_20220803_111806.jpeg,True,109707,337,Boardwalk < 1.2m High,"wood planks wide apart, 4m long, 1m wide, 1995",57398,AST_IM_20220803_111806.jpeg,,,,,No,No railings,9.0,,,,,1.0,True,short (<20m),standard (0.9-1.5m),,
data/citywide/images/337/109711/57396__AST_IM_20220803_111946.jpeg,True,109711,337,Boardwalk < 1.2m High,"two wood planks, 3m long, 0.8m wide, 1995",57396,AST_IM_20220803_111946.jpeg,,,,,No,No railings,3.0,,,,,0.8,True,short (<20m),narrow (<0.9m),,
data/citywide/images/337/109712/57411__AST_IM_20220803_104924.jpeg,True,109712,337,Boardwalk < 1.2m High,"at junction at blue gentian lake trail, wood starting to rot, 4m long, 1m wide",57411,AST_IM_20220803_104924.jpeg,,,,,No,No railings,4.0,,,,,1.0,True,short (<20m),standard (0.9-1.5m),,
data/citywide/images/337/109713/57417__AST_IM_20220803_102218.jpeg,True,109713,337,Boardwalk < 1.2m High,"two old wood planks, 4m long, 0.5m wide",57417,AST_IM_20220803_102218.jpeg,,,,,No,No railings,5.0,,,,,0.5,True,short (<20m),narrow (<0.9m),,
data/citywide/images/337/109822/57738__AST_IM_20220804_134949.jpeg,True,109822,337,Boardwalk < 1.2m High,Boardwalk. Condition 60% good condition.,57738,AST_IM_20220804_134949.jpeg,,,Timber,,No,No railings,10.0,,,Timber,,1.0,True,short (<20m),standard (0.9-1.5m),,
data/citywide/images/337/109822/78148__AST_EX_20241218_124111.jpeg,True,109822,337,Boardwalk < 1.2m High,Boardwalk. Condition 60% good condition.,78148,AST_EX_20241218_124111.jpeg,,,Timber,,No,No railings,10.0,,,Timber,,1.0,True,short (<20m),standard (0.9-1.5m),,
data/citywide/images/337/109822/78150__AST_EX_20241218_124223.jpeg,True,109822,337,Boardwalk < 1.2m High,Boardwalk. Condition 60% good condition.,78150,AST_EX_20241218_124223.jpeg,,,Timber,,No,No railings,10.0,,,Timber,,1.0,True,short (<20m),standard (0.9-1.5m),,
data/citywide/images/337/109822/78158__AST_EX_20241218_124055.jpeg,True,109822,337,Boardwalk < 1.2m High,Boardwalk. Condition 60% good condition.,78158,AST_EX_20241218_124055.jpeg,,,Timber,,No,No railings,10.0,,,Timber,,1.0,True,short (<20m),standard (0.9-1.5m),,
data/citywide/images/337/109824/57745__AST_IM_20220804_135418.jpeg,True,109824,337,Boardwalk < 1.2m High,Boardwalk good condition 70%,57745,AST_IM_20220804_135418.jpeg,,,Timber,,No,No railings,4.0,,,Timber,,1.0,True,short (<20m),standard (0.9-1.5m),,
data/citywide/images/337/109824/78161__AST_EX_20241218_124354.jpeg,True,109824,337,Boardwalk < 1.2m High,Boardwalk good condition 70%,78161,AST_EX_20241218_124354.jpeg,,,Timber,,No,No railings,4.0,,,Timber,,1.0,True,short (<20m),standard (0.9-1.5m),,
data/citywide/images/337/110228/69943__AST_EX_20240623_132643.jpeg,True,110228,337,Boardwalk < 1.2m High,Labelled from buckhorn to kickinghorse,69943,AST_EX_20240623_132643.jpeg,,,Timber,,No,No railings,,,,Timber,,1.0,False,,standard (0.9-1.5m),,
data/citywide/images/337/110228/69959__AST_EX_20240623_132222.jpeg,True,110228,337,Boardwalk < 1.2m High,Labelled from buckhorn to kickinghorse,69959,AST_EX_20240623_132222.jpeg,,,Timber,,No,No railings,,,,Timber,,1.0,False,,standard (0.9-1.5m),,
data/citywide/images/337/110228/72044__AST_EX_20240801_113838.jpeg,True,110228,337,Boardwalk < 1.2m High,Labelled from buckhorn to kickinghorse,72044,AST_EX_20240801_113838.jpeg,,,Timber,,No,No railings,,,,Timber,,1.0,False,,standard (0.9-1.5m),,
data/citywide/images/337/110238/69940__AST_EX_20240623_140816.jpeg,True,110238,337,Boardwalk < 1.2m High,Labelled from buckhorn to kickinghorse,69940,AST_EX_20240623_140816.jpeg,,,,,No,No railings,,,,,,1.0,False,,standard (0.9-1.5m),,
data/citywide/images/337/110238/69942__AST_EX_20240623_140824.jpeg,True,110238,337,Boardwalk < 1.2m High,Labelled from buckhorn to kickinghorse,69942,AST_EX_20240623_140824.jpeg,,,,,No,No railings,,,,,,1.0,False,,standard (0.9-1.5m),,
data/citywide/images/337/110238/72054__AST_EX_20240801_103254.jpeg,True,110238,337,Boardwalk < 1.2m High,Labelled from buckhorn to kickinghorse,72054,AST_EX_20240801_103254.jpeg,,,,,No,No railings,,,,,,1.0,False,,standard (0.9-1.5m),,
data/citywide/images/337/110280/58221__AST_IM_20220807_095657.jpeg,True,110280,337,Boardwalk < 1.2m High,"1x4, wood, right of fork",58221,AST_IM_20220807_095657.jpeg,,,Timber,,No,No railings,4.0,,,Timber,,1.0,True,short (<20m),standard (0.9-1.5m),,
data/citywide/images/337/110280/58231__AST_IM_20220807_095707.jpeg,True,110280,337,Boardwalk < 1.2m High,"1x4, wood, right of fork",58231,AST_IM_20220807_095707.jpeg,,,Timber,,No,No railings,4.0,,,Timber,,1.0,True,short (<20m),standard (0.9-1.5m),,
data/citywide/images/337/110291/58213__AST_IM_20220807_104805.jpeg,True,110291,337,Boardwalk < 1.2m High,"4 logs, 1x3, 200m from other log boardwalk",58213,AST_IM_20220807_104805.jpeg,,,Timber,,No,No railings,13.0,,,Timber,,1.0,True,short (<20m),standard (0.9-1.5m),,
data/citywide/images/337/110300/58205__AST_IM_20220807_095426.jpeg,True,110300,337,Boardwalk < 1.2m High,"1x2.5, wood, right of fork",58205,AST_IM_20220807_095426.jpeg,,,Timber,,No,No railings,2.0,,,Timber,,1.0,True,short (<20m),standard (0.9-1.5m),,
data/citywide/images/337/110301/58217__AST_IM_20220807_102333.jpeg,True,110301,337,Boardwalk < 1.2m High,"1x4,  wood, left of fork, just before 2 boardwalk,",58217,AST_IM_20220807_102333.jpeg,,,Timber,,No,No railings,8.0,,,Timber,,1.0,True,short (<20m),standard (0.9-1.5m),,
data/citywide/images/337/110467/58497__AST_IM_20220723_141405.jpeg,True,110467,337,Boardwalk < 1.2m High,40 feet long,58497,AST_IM_20220723_141405.jpeg,,,,,No,No railings,12.192,,,,,1.0,True,short (<20m),standard (0.9-1.5m),,
data/citywide/images/337/110570/58581__AST_IM_20220809_103732.jpeg,True,110570,337,Boardwalk < 1.2m High,"2 wooden planks, 2.5m long, 1m wide, 2005",58581,AST_IM_20220809_103732.jpeg,,,,,No,No railings,5.0,,,,,1.0,True,short (<20m),standard (0.9-1.5m),,
data/citywide/images/337/110571/58584__AST_IM_20220809_102643.jpeg,True,110571,337,Boardwalk < 1.2m High,"old wood covered in dirt, 1m long, 1m wide, 1995",58584,AST_IM_20220809_102643.jpeg,,,,,No,No railings,8.0,,,,,1.0,True,short (<20m),standard (0.9-1.5m),,
data/citywide/images/337/110573/58588__AST_IM_20220809_101331.jpeg,True,110573,337,Boardwalk < 1.2m High,"2 wooden planks, 11m long, 1m wide, 2005",58588,AST_IM_20220809_101331.jpeg,,,,,No,No railings,9.0,,,,,1.0,True,short (<20m),standard (0.9-1.5m),,
data/citywide/images/337/110580/58582__AST_IM_20220809_101517.jpeg,True,110580,337,Boardwalk < 1.2m High,"2 wooden planks, 6m long, 1m wide, 2005",58582,AST_IM_20220809_101517.jpeg,,,,,No,No railings,4.0,,,,,1.0,True,short (<20m),standard (0.9-1.5m),,
data/citywide/images/337/110606/58634__AST_IM_20220806_151339.jpeg,True,110606,337,Boardwalk < 1.2m High,35ftx2ft. Non standard,58634,AST_IM_20220806_151339.jpeg,,,,,No,No railings,13.0,,,Timber,,0.4,True,short (<20m),narrow (<0.9m),,
data/citywide/images/337/110731/58705__AST_IM_20220810_100939.jpeg,True,110731,337,Boardwalk < 1.2m High,"2.5m long, 1.5m wide, edge guard",58705,AST_IM_20220810_100939.jpeg,,,,,No,No railings,325.0,,,,,1.5,True,long (>100m),wide (>1.5m),,
data/citywide/images/337/110821/58798__AST_IM_20220810_142445.jpeg,True,110821,337,Boardwalk < 1.2m High,,58798,AST_IM_20220810_142445.jpeg,,,Timber,,No,No railings,,,,Timber,,1.0,False,,standard (0.9-1.5m),,
data/citywide/images/337/110835/58791__AST_IM_20220810_142531.jpeg,True,110835,337,Boardwalk < 1.2m High,,58791,AST_IM_20220810_142531.jpeg,,,Timber,,No,No railings,,,,Timber,,1.0,False,,standard (0.9-1.5m),,
data/citywide/images/337/110837/58804__AST_IM_20220810_142245.jpeg,True,110837,337,Boardwalk < 1.2m High,Four planks over a muddy section of trail,58804,AST_IM_20220810_142245.jpeg,,,,,No,No railings,,,,Timber,,1.0,False,,standard (0.9-1.5m),,
data/citywide/images/337/110837/58822__AST_IM_20220810_142220.jpeg,True,110837,337,Boardwalk < 1.2m High,Four planks over a muddy section of trail,58822,AST_IM_20220810_142220.jpeg,,,,,No,No railings,,,,Timber,,1.0,False,,standard (0.9-1.5m),,
data/citywide/images/337/110955/59217__AST_IM_20220811_134753.jpeg,True,110955,337,Boardwalk < 1.2m High,12 ft beams 7/10,59217,AST_IM_20220811_134753.jpeg,,,Timber,,No,No railings,450.0,,,Timber,,1.0,True,long (>100m),standard (0.9-1.5m),,
data/citywide/images/337/110955/72622__AST_EX_20240817_122308.jpeg,True,110955,337,Boardwalk < 1.2m High,12 ft beams 7/10,72622,AST_EX_20240817_122308.jpeg,,,Timber,,No,No railings,450.0,,,Timber,,1.0,True,long (>100m),standard (0.9-1.5m),,
data/citywide/images/337/110960/59197__AST_IM_20220811_160145.jpeg,True,110960,337,Boardwalk < 1.2m High,6 ft beams 7/10,59197,AST_IM_20220811_160145.jpeg,,,Timber,,No,No railings,8.0,,,Timber,,1.0,True,short (<20m),standard (0.9-1.5m),,
data/citywide/images/337/110960/72625__AST_EX_20240817_153141.jpeg,True,110960,337,Boardwalk < 1.2m High,6 ft beams 7/10,72625,AST_EX_20240817_153141.jpeg,,,Timber,,No,No railings,8.0,,,Timber,,1.0,True,short (<20m),standard (0.9-1.5m),,
data/citywide/images/337/110969/59188__AST_IM_20220811_152320.jpeg,True,110969,337,Boardwalk < 1.2m High,88 ft beams 6/10,59188,AST_IM_20220811_152320.jpeg,,,Timber,,No,No railings,28.0,,,Timber,,1.0,True,medium (20-100m),standard (0.9-1.5m),,
data/citywide/images/337/110969/72616__AST_EX_20240817_145047.jpeg,True,110969,337,Boardwalk < 1.2m High,88 ft beams 6/10,72616,AST_EX_20240817_145047.jpeg,,,Timber,,No,No railings,28.0,,,Timber,,1.0,True,medium (20-100m),standard (0.9-1.5m),,
data/citywide/images/337/110970/59199__AST_IM_20220811_153604.jpeg,True,110970,337,Boardwalk < 1.2m High,2o ft beams 5/10,59199,AST_IM_20220811_153604.jpeg,,,Timber,,No,No railings,8.0,,,Timber,,1.0,True,short (<20m),standard (0.9-1.5m),,
data/citywide/images/337/110975/59203__AST_IM_20220812_145455.jpeg,True,110975,337,Boardwalk < 1.2m High,4 ft beams 7/10,59203,AST_IM_20220812_145455.jpeg,,,Timber,,No,No railings,13.0,,,Timber,,1.0,True,short (<20m),standard (0.9-1.5m),,
data/citywide/images/337/110975/72609__AST_EX_20240817_170253.jpeg,True,110975,337,Boardwalk < 1.2m High,4 ft beams 7/10,72609,AST_EX_20240817_170253.jpeg,,,Timber,,No,No railings,13.0,,,Timber,,1.0,True,short (<20m),standard (0.9-1.5m),,
data/citywide/images/337/110977/59201__AST_IM_20220811_160231.jpeg,True,110977,337,Boardwalk < 1.2m High,6 ft beams 7/10,59201,AST_IM_20220811_160231.jpeg,,,Timber,,No,No railings,2.1,,,Timber,,1.0,True,short (<20m),standard (0.9-1.5m),,
data/citywide/images/337/110977/72624__AST_EX_20240817_153223.jpeg,True,110977,337,Boardwalk < 1.2m High,6 ft beams 7/10,72624,AST_EX_20240817_153223.jpeg,,,Timber,,No,No railings,2.1,,,Timber,,1.0,True,short (<20m),standard (0.9-1.5m),,
data/citywide/images/337/111005/72305__MI_20240808_110223.jpg,True,111005,337,Boardwalk < 1.2m High,raised lumber decked boardwalk over creek. 2m long?,72305,MI_20240808_110223.jpg,,,Timber,,No,No railings,7.5,,,Timber,,1.0,True,short (<20m),standard (0.9-1.5m),,
data/citywide/images/337/111432/59384__AST_IM_20220814_105647.jpeg,True,111432,337,Boardwalk < 1.2m High,80 feet long,59384,AST_IM_20220814_105647.jpeg,,,,,No,No railings,,,,,,1.0,False,,standard (0.9-1.5m),,
data/citywide/images/337/111432/59406__AST_IM_20220814_105716.jpeg,True,111432,337,Boardwalk < 1.2m High,80 feet long,59406,AST_IM_20220814_105716.jpeg,,,,,No,No railings,,,,,,1.0,False,,standard (0.9-1.5m),,
data/citywide/images/337/111642/59583__Second_or_third.JPG,True,111642,337,Boardwalk < 1.2m High,"2""x8""x8' decking on 6""x6"" sills, # sills & # sections?",59583,Second or third.JPG,,,,,No,No railings,2.4384,,,,,,True,short (<20m),,,
data/citywide/images/337/111644/59584__IMG_1778.JPG,True,111644,337,Boardwalk < 1.2m High,"2""x8""x8' decking on 6""x6"" sills, # sills & # sections?",59584,IMG_1778.JPG,,,,,No,No railings,2.4384,,,,,,True,short (<20m),,,
data/citywide/images/337/111671/59800__AST_IM_20220806_121810.jpeg,True,111671,337,Boardwalk < 1.2m High,Fair 55. Bridge near 0.6x1.7,59800,AST_IM_20220806_121810.jpeg,Timber,Beam,Timber,,,No railings,8.0,,,Timber,,0.6,True,short (<20m),narrow (<0.9m),,
data/citywide/images/337/111673/59792__AST_IM_20220806_124113.jpeg,True,111673,337,Boardwalk < 1.2m High,Poor 38 bridge crooked and falling in certain places. Bridge near Elizabeth Lake. 0.6x13,59792,AST_IM_20220806_124113.jpeg,,,Timber,,No,No railings,14.9,,,Timber,,0.6,True,short (<20m),narrow (<0.9m),,
data/citywide/images/337/111673/59805__AST_IM_20220806_124007.jpeg,True,111673,337,Boardwalk < 1.2m High,Poor 38 bridge crooked and falling in certain places. Bridge near Elizabeth Lake. 0.6x13,59805,AST_IM_20220806_124007.jpeg,,,Timber,,No,No railings,14.9,,,Timber,,0.6,True,short (<20m),narrow (<0.9m),,
data/citywide/images/337/111683/59799__AST_IM_20220806_114231.jpeg,True,111683,337,Boardwalk < 1.2m High,Fair 55. Boardwalk near Lizzie's cabin. 0.6x7.5,59799,AST_IM_20220806_114231.jpeg,,,Timber,,No,No railings,7.5,,,Timber,,0.6,True,short (<20m),narrow (<0.9m),,
data/citywide/images/337/111691/59782__AST_IM_20220806_145422.jpeg,True,111691,337,Boardwalk < 1.2m High,Poor 38. Bridge wobbly but sturdy. 0.6x28,59782,AST_IM_20220806_145422.jpeg,,,Timber,,No,No railings,28.0,,,Timber,,0.6,True,medium (20-100m),narrow (<0.9m),,
data/citywide/images/337/111691/59795__AST_IM_20220806_145638.jpeg,True,111691,337,Boardwalk < 1.2m High,Poor 38. Bridge wobbly but sturdy. 0.6x28,59795,AST_IM_20220806_145638.jpeg,,,Timber,,No,No railings,28.0,,,Timber,,0.6,True,medium (20-100m),narrow (<0.9m),,
data/citywide/images/337/111693/59808__AST_IM_20220806_145122.jpeg,True,111693,337,Boardwalk < 1.2m High,Fair 55. Boardwalk in Magog near campground 35 and 36,59808,AST_IM_20220806_145122.jpeg,,,,,,,4.0,,,,,,True,short (<20m),,,
data/citywide/images/337/111717/59708__AST_IM_20220807_151504.jpeg,True,111717,337,Boardwalk < 1.2m High,Fair 55. Wobbly but sturdy. 0.9x11,59708,AST_IM_20220807_151504.jpeg,,,Timber,,No,No railings,11.0,,,Timber,,0.9,True,short (<20m),standard (0.9-1.5m),,
data/citywide/images/337/111717/59722__AST_IM_20220807_151424.jpeg,True,111717,337,Boardwalk < 1.2m High,Fair 55. Wobbly but sturdy. 0.9x11,59722,AST_IM_20220807_151424.jpeg,,,Timber,,No,No railings,11.0,,,Timber,,0.9,True,short (<20m),standard (0.9-1.5m),,
data/citywide/images/337/111774/59719__AST_IM_20220807_151321.jpeg,True,111774,337,Boardwalk < 1.2m High,Fair 45. Bridge sagging and wobbly but functional. .9 x 19,59719,AST_IM_20220807_151321.jpeg,,,Timber,,No,No railings,19.0,,,Timber,,0.9,True,short (<20m),standard (0.9-1.5m),,
data/citywide/images/337/111774/59720__AST_IM_20220807_151112.jpeg,True,111774,337,Boardwalk < 1.2m High,Fair 45. Bridge sagging and wobbly but functional. .9 x 19,59720,AST_IM_20220807_151112.jpeg,,,Timber,,No,No railings,19.0,,,Timber,,0.9,True,short (<20m),standard (0.9-1.5m),,
data/citywide/images/337/111779/59620__AST_IM_20220808_154343.jpeg,True,111779,337,Boardwalk < 1.2m High,Fair 50. 0.6x2.1 Boardwalk to equipment shed.,59620,AST_IM_20220808_154343.jpeg,,,Timber,,No,No railings,3.0,,,Timber,,0.6,True,short (<20m),narrow (<0.9m),,
data/citywide/images/337/111786/59640__AST_IM_20220808_182026.jpeg,True,111786,337,Boardwalk < 1.2m High,Fair 50. Boardwalk to wonder pass. 0.6x10,59640,AST_IM_20220808_182026.jpeg,,,Timber,,No,No railings,10.0,,,Timber,,0.6,True,short (<20m),narrow (<0.9m),,
data/citywide/images/337/111788/59641__AST_IM_20220808_183919.jpeg,True,111788,337,Boardwalk < 1.2m High,Fair 55. Bridge to wonder pass. 0.75x2.7,59641,AST_IM_20220808_183919.jpeg,,,Timber,,No,No railings,4.0,,,Timber,,0.75,True,short (<20m),narrow (<0.9m),,
data/citywide/images/337/111789/59645__AST_IM_20220808_162945.jpeg,True,111789,337,Boardwalk < 1.2m High,Fair 55. 0.6x30m,59645,AST_IM_20220808_162945.jpeg,,,Timber,,No,No railings,30.0,,,Timber,,0.6,True,medium (20-100m),narrow (<0.9m),,
data/citywide/images/337/111791/59629__AST_IM_20220808_154602.jpeg,True,111791,337,Boardwalk < 1.2m High,Fair 55. Boardwalk to fleabane cabin. 0.6 x 15m,59629,AST_IM_20220808_154602.jpeg,,,Timber,,No,No railings,15.0,,,Timber,,0.6,True,short (<20m),narrow (<0.9m),,
data/citywide/images/337/111800/59670__AST_IM_20220808_181928.jpeg,True,111800,337,Boardwalk < 1.2m High,Fair 55. Boardwalk to wonder pass. 0.6x28.5,59670,AST_IM_20220808_181928.jpeg,,,Timber,,No,No railings,28.5,,,Timber,,0.6,True,medium (20-100m),narrow (<0.9m),,
data/citywide/images/337/111804/59650__AST_IM_20220808_161427.jpeg,True,111804,337,Boardwalk < 1.2m High,Fair 55. 0.6x14.9m.,59650,AST_IM_20220808_161427.jpeg,,,Timber,,No,No railings,30.0,,,Timber,,0.6,True,medium (20-100m),narrow (<0.9m),,
data/citywide/images/337/111804/59652__AST_IM_20220808_161446.jpeg,True,111804,337,Boardwalk < 1.2m High,Fair 55. 0.6x14.9m.,59652,AST_IM_20220808_161446.jpeg,,,Timber,,No,No railings,30.0,,,Timber,,0.6,True,medium (20-100m),narrow (<0.9m),,
data/citywide/images/337/111805/59668__AST_IM_20220808_183542.jpeg,True,111805,337,Boardwalk < 1.2m High,Fair 55. Boardwalk to wonder pass. 0.9x2.25,59668,AST_IM_20220808_183542.jpeg,,,Timber,,No,No railings,13.0,,,Timber,,0.9,True,short (<20m),standard (0.9-1.5m),,
data/citywide/images/337/111810/59678__AST_IM_20220808_162354.jpeg,True,111810,337,Boardwalk < 1.2m High,Fair 55. 0.6x7.5,59678,AST_IM_20220808_162354.jpeg,,,Timber,,No,No railings,7.5,,,Timber,,0.6,True,short (<20m),narrow (<0.9m),,
data/citywide/images/337/111813/59627__AST_IM_20220809_080544.jpeg,True,111813,337,Boardwalk < 1.2m High,Poor 38. Boardwalk to windy pass. 0.6x1.7,59627,AST_IM_20220809_080544.jpeg,,,Timber,,No,No railings,1.7,,,Timber,,0.6,True,short (<20m),narrow (<0.9m),,
data/citywide/images/337/111817/59666__AST_IM_20220809_182829.jpeg,True,111817,337,Boardwalk < 1.2m High,0.6x2.2,59666,AST_IM_20220809_182829.jpeg,,,Timber,,No,No railings,2.2,,,Timber,,0.6,True,short (<20m),narrow (<0.9m),,
data/citywide/images/337/111825/59636__AST_IM_20220809_181208.jpeg,True,111825,337,Boardwalk < 1.2m High,Fair 55. Bridge near micro hydro building. 0.9x8.3,59636,AST_IM_20220809_181208.jpeg,,,Timber,,No,No railings,8.3,,,Timber,,0.9,True,short (<20m),standard (0.9-1.5m),,
data/citywide/images/337/112033/87043__AST_EX_20250819_102234.jpeg,True,112033,337,Boardwalk < 1.2m High,Boardwalk bridge. 85%,87043,AST_EX_20250819_102234.jpeg,Timber,Beam,Timber,,,No railings,,,,Timber,,,False,,,,
data/citywide/images/337/112035/87045__AST_EX_20250819_101400.jpeg,True,112035,337,Boardwalk < 1.2m High,"Boardwalk, 10m, 85%",87045,AST_EX_20250819_101400.jpeg,Timber,Beam,Timber,,,No railings,,,,Timber,,,False,,,,
data/citywide/images/337/112319/60655__AST_IM_20220712_084532.jpeg,True,112319,337,Boardwalk < 1.2m High,boardwalk approach standish lookout. 85% Condition,60655,AST_IM_20220712_084532.jpeg,,,,,,,3.0,,,,,,True,short (<20m),,,
data/citywide/images/337/112326/60599__AST_IM_20220713_093446.jpeg,True,112326,337,Boardwalk < 1.2m High,Condition - 50% - serves its purpose - not a high priority,60599,AST_IM_20220713_093446.jpeg,,,Timber,,No,No railings,3.0,,,Timber,,1.0,True,short (<20m),standard (0.9-1.5m),,
data/citywide/images/337/112326/60627__AST_IM_20220713_093453.jpeg,True,112326,337,Boardwalk < 1.2m High,Condition - 50% - serves its purpose - not a high priority,60627,AST_IM_20220713_093453.jpeg,,,Timber,,No,No railings,3.0,,,Timber,,1.0,True,short (<20m),standard (0.9-1.5m),,
data/citywide/images/337/112579/60954__AST_IM_20220823_104114.jpeg,True,112579,337,Boardwalk < 1.2m High,"old broken and rotted, 3m long",60954,AST_IM_20220823_104114.jpeg,,,,,No,No railings,5.0,,,,,,True,short (<20m),,,
data/citywide/images/337/112580/60958__AST_IM_20220823_105128.jpeg,True,112580,337,Boardwalk < 1.2m High,"boards loose and gap between them, 3m long, metal material on surface",60958,AST_IM_20220823_105128.jpeg,,,,,No,No railings,4.0,,,,,,True,short (<20m),,,
data/citywide/images/337/112582/60956__AST_IM_20220823_105927.jpeg,True,112582,337,Boardwalk < 1.2m High,"old and rotted, 2.5m long, 1m wide, 1990",60956,AST_IM_20220823_105927.jpeg,,,,,No,No railings,100.0,,,,,1.0,True,long (>100m),standard (0.9-1.5m),,
data/citywide/images/337/112587/60948__AST_IM_20220823_110649.jpeg,True,112587,337,Boardwalk < 1.2m High,"old and rotted, 2m long,1m wide, metal material on surface, 1990",60948,AST_IM_20220823_110649.jpeg,,,,,No,No railings,334.0,,,,,1.0,True,long (>100m),standard (0.9-1.5m),,
data/citywide/images/337/112588/60951__AST_IM_20220823_104446.jpeg,True,112588,337,Boardwalk < 1.2m High,"gaps,4m long",60951,AST_IM_20220823_104446.jpeg,,,,,No,No railings,28.0,,,,,,True,medium (20-100m),,,
data/citywide/images/337/112612/60984__MI_20220823_134943.jpg,True,112612,337,Boardwalk < 1.2m High,Trail Board walk,60984,MI_20220823_134943.jpg,,,,,No,No railings,,,,,,1.0,False,,standard (0.9-1.5m),,
data/citywide/images/337/112965/61413__AST_IM_20220826_114534.jpeg,True,112965,337,Boardwalk < 1.2m High,6m long wood planks,61413,AST_IM_20220826_114534.jpeg,,,Timber,,No,No railings,1.0,,,Timber,,0.5,True,short (<20m),narrow (<0.9m),,
data/citywide/images/337/113128/61427__AST_IM_20220826_123825.jpeg,True,113128,337,Boardwalk < 1.2m High,"100m from first boardwalk, wood, 1x20",61427,AST_IM_20220826_123825.jpeg,,,Timber,,No,No railings,20.0,,,Timber,,1.0,True,medium (20-100m),standard (0.9-1.5m),,
data/citywide/images/337/113130/61428__AST_IM_20220826_123416.jpeg,True,113130,337,Boardwalk < 1.2m High,"40m from bridge, 1x17, wood",61428,AST_IM_20220826_123416.jpeg,,,Timber,,No,No railings,17.0,,,Timber,,1.0,True,short (<20m),standard (0.9-1.5m),,
data/citywide/images/337/113156/61479__AST_IM_20220826_133933.jpeg,True,113156,337,Boardwalk < 1.2m High,22m condition 75,61479,AST_IM_20220826_133933.jpeg,,,Timber,,No,No railings,22.0,,,Timber,,1.0,True,medium (20-100m),standard (0.9-1.5m),,
data/citywide/images/337/113167/61457__AST_IM_20220826_141858.jpeg,True,113167,337,Boardwalk < 1.2m High,30m boardwalk condition 65,61457,AST_IM_20220826_141858.jpeg,,,Timber,,No,No railings,30.0,,,Timber,,1.0,True,medium (20-100m),standard (0.9-1.5m),,
data/citywide/images/337/113173/61512__AST_IM_20220826_131523.jpeg,True,113173,337,Boardwalk < 1.2m High,7m,61512,AST_IM_20220826_131523.jpeg,,,Timber,,No,No railings,,,,Timber,,1.0,False,,standard (0.9-1.5m),,
data/citywide/images/337/113188/61505__AST_IM_20220826_140116.jpeg,True,113188,337,Boardwalk < 1.2m High,26m,61505,AST_IM_20220826_140116.jpeg,,,Timber,,No,No railings,,,,Timber,,1.0,False,,standard (0.9-1.5m),,
data/citywide/images/337/113189/61521__AST_IM_20220826_121829.jpeg,True,113189,337,Boardwalk < 1.2m High,10m for both slabs,61521,AST_IM_20220826_121829.jpeg,Timber,Beam,,,,No railings,,,,Timber,,,False,,,,
data/citywide/images/337/114039/62424__AST_IM_20220901_112205.jpeg,True,114039,337,Boardwalk < 1.2m High,Boardwalk   | 1.5 m wide under 1 m high | In service date estimated,62424,AST_IM_20220901_112205.jpeg,,,Timber,,Yes,No railings,,,,Timber,,1.5,False,,wide (>1.5m),,
data/citywide/images/337/114051/62441__AST_IM_20220831_133111.jpeg,True,114051,337,Boardwalk < 1.2m High,Boardwalk  | in service date estimated,62441,AST_IM_20220831_133111.jpeg,,,,,No,No railings,,,,,,1.0,False,,standard (0.9-1.5m),,
data/citywide/images/337/114055/62428__AST_IM_20220831_200603.jpeg,True,114055,337,Boardwalk < 1.2m High,Boardwalk.  | in service date estimated,62428,AST_IM_20220831_200603.jpeg,,,,,No,No railings,,,,,,1.0,False,,standard (0.9-1.5m),,
data/citywide/images/337/114284/63711__AST_IM_20220903_124757.jpeg,True,114284,337,Boardwalk < 1.2m High,"Wooden boardwalk 3m long, 53",63711,AST_IM_20220903_124757.jpeg,,,Timber,,No,No railings,,,,Timber,,1.0,False,,standard (0.9-1.5m),,
data/citywide/images/337/114289/63710__AST_IM_20220903_131751.jpeg,True,114289,337,Boardwalk < 1.2m High,Aluminum gangways on 4x4 post stringers. 3m long,63710,AST_IM_20220903_131751.jpeg,,,Steel,,No,No railings,,,,Timber,,1.0,False,,standard (0.9-1.5m),,
data/citywide/images/337/114568/62825__AST_IM_20220901_131738.jpeg,True,114568,337,Boardwalk < 1.2m High,Rotting deck board | 10m long .3ft wide 2x6 decking .4x4 beams | includes 4 step downs,62825,AST_IM_20220901_131738.jpeg,,,Timber,,No,No railings,,,,Timber,,1.0,False,,standard (0.9-1.5m),,
data/citywide/images/337/114568/62829__AST_IM_20220901_131705.jpeg,True,114568,337,Boardwalk < 1.2m High,Rotting deck board | 10m long .3ft wide 2x6 decking .4x4 beams | includes 4 step downs,62829,AST_IM_20220901_131705.jpeg,,,Timber,,No,No railings,,,,Timber,,1.0,False,,standard (0.9-1.5m),,
data/citywide/images/337/114579/62800__AST_IM_20220901_143711.jpeg,True,114579,337,Boardwalk < 1.2m High,Wood decking with approx 3ft high railing. Rotting decking and railing,62800,AST_IM_20220901_143711.jpeg,,,Timber,,No,,,,,Timber,,3.0,False,,wide (>1.5m),,
data/citywide/images/337/114632/62980__AST_IM_20220911_122836.jpeg,True,114632,337,Boardwalk < 1.2m High,Gc,62980,AST_IM_20220911_122836.jpeg,,,Timber,,No,No railings,,,,Timber,,1.0,False,,standard (0.9-1.5m),,
data/citywide/images/337/114632/75407__20241004_184703375_iOS.jpg,True,114632,337,Boardwalk < 1.2m High,Gc,75407,20241004_184703375_iOS.jpg,,,Timber,,No,No railings,,,,Timber,,1.0,False,,standard (0.9-1.5m),,
data/citywide/images/337/114724/87775__AST_EX_20250910_141025.jpeg,True,114724,337,Boardwalk < 1.2m High,Boardwalk,87775,AST_EX_20250910_141025.jpeg,,,Timber,,No,No railings,8.0,,,Timber,,2.0,True,short (<20m),wide (>1.5m),,
data/citywide/images/337/114934/63218__AST_IM_20220915_140012.jpeg,True,114934,337,Boardwalk < 1.2m High,Section 1 | 3.5m long by 1m wide  | 2x6 decking | Combo of 4x6 and 2x6 beams  | Section 2 | Split log .5m wide by 10 long,63218,AST_IM_20220915_140012.jpeg,,,,,No,No railings,13.0,,,Timber,,1.0,True,short (<20m),standard (0.9-1.5m),,
data/citywide/images/337/114946/63242__AST_IM_20220915_132152.jpeg,True,114946,337,Boardwalk < 1.2m High,16m .75m wide | Step down half way  | Decking is 2x6 | Beams are 4x6,63242,AST_IM_20220915_132152.jpeg,,,Timber,,No,No railings,,,,Timber,,0.75,False,,narrow (<0.9m),,
data/citywide/images/337/114946/63243__AST_IM_20220915_132205.jpeg,True,114946,337,Boardwalk < 1.2m High,16m .75m wide | Step down half way  | Decking is 2x6 | Beams are 4x6,63243,AST_IM_20220915_132205.jpeg,,,Timber,,No,No railings,,,,Timber,,0.75,False,,narrow (<0.9m),,
data/citywide/images/337/114953/63263__AST_IM_20220915_135636.jpeg,True,114953,337,Boardwalk < 1.2m High,7m long x .75m wide | 2x6 decking  | 4x6 stringers | Supported on old stumps in middle x3,63263,AST_IM_20220915_135636.jpeg,,,Timber,,No,No railings,,,,Timber,,0.75,False,,narrow (<0.9m),,
data/citywide/images/337/114955/63253__AST_IM_20220915_132927.jpeg,True,114955,337,Boardwalk < 1.2m High,.75m x 16m  | 2x6 decking  | 4x6 stringers x 3,63253,AST_IM_20220915_132927.jpeg,,,Timber,,No,No railings,,,,Timber,,0.75,False,,narrow (<0.9m),,
data/citywide/images/337/114958/63240__AST_IM_20220915_144636.jpeg,True,114958,337,Boardwalk < 1.2m High,4m long x 1m wide | 2x6 decking | 4x6 stringers x3,63240,AST_IM_20220915_144636.jpeg,,,Timber,,No,No railings,,,,Timber,,1.0,False,,standard (0.9-1.5m),,
data/citywide/images/337/114973/63238__AST_IM_20220915_144947.jpeg,True,114973,337,Boardwalk < 1.2m High,2x6 decking  | On old rotten logs | 13m long,63238,AST_IM_20220915_144947.jpeg,,,Timber,,No,No railings,,,,Timber,,2.0,False,,wide (>1.5m),,
data/citywide/images/337/114973/63239__AST_IM_20220915_144910.jpeg,True,114973,337,Boardwalk < 1.2m High,2x6 decking  | On old rotten logs | 13m long,63239,AST_IM_20220915_144910.jpeg,,,Timber,,No,No railings,,,,Timber,,2.0,False,,wide (>1.5m),,
data/citywide/images/337/114975/63234__AST_IM_20220915_144512.jpeg,True,114975,337,Boardwalk < 1.2m High,4m long 1m wide | 2x6 decking  | 4x6 stringers x3,63234,AST_IM_20220915_144512.jpeg,,,Timber,,No,No railings,,,,Timber,,1.0,False,,standard (0.9-1.5m),,
data/citywide/images/337/115442/63529__AST_IM_20220923_105410.jpeg,True,115442,337,Boardwalk < 1.2m High,"Fight lake trail boardwalk  | GPS location estimated, (adjust next time in field)  | In service date estimated",63529,AST_IM_20220923_105410.jpeg,,,Timber,,Yes,No railings,,,,Timber,,1.0,False,,standard (0.9-1.5m),,
data/citywide/images/337/115447/63524__AST_IM_20220923_112810.jpeg,True,115447,337,Boardwalk < 1.2m High,Boardwalk 3 m long  | GPS location estimated  | In service date estimated,63524,AST_IM_20220923_112810.jpeg,,,Timber,,No,No railings,,,,Timber,,1.0,False,,standard (0.9-1.5m),,
data/citywide/images/337/115449/63527__AST_IM_20220923_113434.jpeg,True,115449,337,Boardwalk < 1.2m High,2 m long boardwalk  | GPS location estimated  | In service date estimated,63527,AST_IM_20220923_113434.jpeg,,,Timber,,No,No railings,,,,Timber,,1.0,False,,standard (0.9-1.5m),,
data/citywide/images/337/116202/64059__AST_IM_20221114_130214.jpeg,True,116202,337,Boardwalk < 1.2m High,Cedar boardwalk,64059,AST_IM_20221114_130214.jpeg,,,,,No,No railings,,,,Timber,,,False,,,,
data/citywide/images/337/116634/64640__IMG_0448.JPG,True,116634,337,Boardwalk < 1.2m High,19mx1.8,64640,IMG_0448.JPG,,,Timber,,Yes,No railings,,,,Timber,,1.8,False,,wide (>1.5m),,
data/citywide/images/337/116634/64641__IMG_0447.JPG,True,116634,337,Boardwalk < 1.2m High,19mx1.8,64641,IMG_0447.JPG,,,Timber,,Yes,No railings,,,,Timber,,1.8,False,,wide (>1.5m),,
data/citywide/images/337/116635/64642__IMG_0446.JPG,True,116635,337,Boardwalk < 1.2m High,6m x 1.8,64642,IMG_0446.JPG,,,Timber,,Yes,No railings,,,,Timber,,1.8,False,,wide (>1.5m),,
data/citywide/images/337/116739/64684__AST_IM_20230302_124006.jpeg,True,116739,337,Boardwalk < 1.2m High,on start of trail leading up to lost lake. narrow boardwalk.,64684,AST_IM_20230302_124006.jpeg,,,Timber,,No,No railings,,,,Timber,,0.5,False,,narrow (<0.9m),,
data/citywide/images/337/116744/64689__AST_IM_20230302_102845.jpeg,True,116744,337,Boardwalk < 1.2m High,around edge of lake. railing on either side.,64689,AST_IM_20230302_102845.jpeg,,,Timber,,No,,,,,Timber,,1.5,False,,wide (>1.5m),,
data/citywide/images/337/116744/64704__AST_IM_20230302_102825.jpeg,True,116744,337,Boardwalk < 1.2m High,around edge of lake. railing on either side.,64704,AST_IM_20230302_102825.jpeg,,,Timber,,No,,,,,Timber,,1.5,False,,wide (>1.5m),,
data/citywide/images/337/116746/64686__AST_IM_20230302_114109.jpeg,True,116746,337,Boardwalk < 1.2m High,,64686,AST_IM_20230302_114109.jpeg,,,Timber,,No,No railings,,,,,,1.5,False,,wide (>1.5m),,
data/citywide/images/337/116765/64709__AST_IM_20230302_131500.jpeg,True,116765,337,Boardwalk < 1.2m High,8 m wooden boardwalk; edge guards; 1 1/2 m width;,64709,AST_IM_20230302_131500.jpeg,,,Timber,,Yes,No railings,,,,Timber,,1.5,False,,wide (>1.5m),,
data/citywide/images/337/116848/64876__AST_IM_20230412_105542.jpeg,True,116848,337,Boardwalk < 1.2m High,50 ft Boardwalk,64876,AST_IM_20230412_105542.jpeg,,,Timber,,No,No railings,,,,Timber,,1.0,False,,standard (0.9-1.5m),,
data/citywide/images/337/117015/65052__AST_EX_20230607_114451.jpeg,True,117015,337,Boardwalk < 1.2m High,"Single Board Boardwalk, scored for grip, two anchor points, no hand rails attached. On the slope to the beach",65052,AST_EX_20230607_114451.jpeg,Timber,,Timber,,,,3.7,,,Timber,,0.42,True,short (<20m),narrow (<0.9m),,
data/citywide/images/337/117141/65445__IMG_0078.jpg,True,117141,337,Boardwalk < 1.2m High,Boardwalk,65445,IMG_0078.jpg,,,Timber,,No,No railings,,,,Timber,,1.0,False,,standard (0.9-1.5m),,
data/citywide/images/337/117199/65286__AST_IM_20230616_114738.jpeg,True,117199,337,Boardwalk < 1.2m High,16m,65286,AST_IM_20230616_114738.jpeg,,,Timber,,No,No railings,,,,Timber,,1.0,False,,standard (0.9-1.5m),,
data/citywide/images/337/117201/65260__AST_IM_20230616_134620.jpeg,True,117201,337,Boardwalk < 1.2m High,25m boardwalk,65260,AST_IM_20230616_134620.jpeg,,,Timber,,No,No railings,,,,Timber,,1.0,False,,standard (0.9-1.5m),,
data/citywide/images/337/117201/65285__AST_IM_20230616_134640.jpeg,True,117201,337,Boardwalk < 1.2m High,25m boardwalk,65285,AST_IM_20230616_134640.jpeg,,,Timber,,No,No railings,,,,Timber,,1.0,False,,standard (0.9-1.5m),,
data/citywide/images/337/117203/65264__AST_IM_20230616_133718.jpeg,True,117203,337,Boardwalk < 1.2m High,Stepped board walk 6.7m,65264,AST_IM_20230616_133718.jpeg,,,Timber,,No,No railings,,,,Timber,,1.0,False,,standard (0.9-1.5m),,
data/citywide/images/337/117210/65236__AST_IM_20230616_143840.jpeg,True,117210,337,Boardwalk < 1.2m High,Boardwalk 86ft,65236,AST_IM_20230616_143840.jpeg,,,Timber,,No,No railings,,,,Timber,,1.0,False,,standard (0.9-1.5m),,
data/citywide/images/337/117210/65275__AST_IM_20230616_143831.jpeg,True,117210,337,Boardwalk < 1.2m High,Boardwalk 86ft,65275,AST_IM_20230616_143831.jpeg,,,Timber,,No,No railings,,,,Timber,,1.0,False,,standard (0.9-1.5m),,
data/citywide/images/337/117218/65248__AST_IM_20230616_143057.jpeg,True,117218,337,Boardwalk < 1.2m High,Boardwalk 50m,65248,AST_IM_20230616_143057.jpeg,,,Timber,,No,No railings,,,,Timber,,2.0,False,,wide (>1.5m),,
data/citywide/images/337/117218/65249__AST_IM_20230616_143103.jpeg,True,117218,337,Boardwalk < 1.2m High,Boardwalk 50m,65249,AST_IM_20230616_143103.jpeg,,,Timber,,No,No railings,,,,Timber,,2.0,False,,wide (>1.5m),,
data/citywide/images/337/117362/65594__AST_IM_20230721_121031.jpeg,True,117362,337,Boardwalk < 1.2m High,"Boardwalk 2 delapitated, needs replacement . Walkable but hazardous. all wood.",65594,AST_IM_20230721_121031.jpeg,Timber,Beam,Timber,,,No railings,30.0,,,,,3.0,True,medium (20-100m),wide (>1.5m),,
data/citywide/images/337/117362/71513__AST_EX_20240726_142120.jpeg,True,117362,337,Boardwalk < 1.2m High,"Boardwalk 2 delapitated, needs replacement . Walkable but hazardous. all wood.",71513,AST_EX_20240726_142120.jpeg,Timber,Beam,Timber,,,No railings,30.0,,,,,3.0,True,medium (20-100m),wide (>1.5m),,
data/citywide/images/337/117362/71523__AST_EX_20240726_142252.jpeg,True,117362,337,Boardwalk < 1.2m High,"Boardwalk 2 delapitated, needs replacement . Walkable but hazardous. all wood.",71523,AST_EX_20240726_142252.jpeg,Timber,Beam,Timber,,,No railings,30.0,,,,,3.0,True,medium (20-100m),wide (>1.5m),,
data/citywide/images/337/117537/65736__MI_20230806_092152.jpg,True,117537,337,Boardwalk < 1.2m High,repurposed materials installed 2023,65736,MI_20230806_092152.jpg,,,Timber,,No,No railings,,,,Timber,,1.0,False,,standard (0.9-1.5m),,
data/citywide/images/337/117537/72596__AST_EX_20240817_173011.jpeg,True,117537,337,Boardwalk < 1.2m High,repurposed materials installed 2023,72596,AST_EX_20240817_173011.jpeg,,,Timber,,No,No railings,,,,Timber,,1.0,False,,standard (0.9-1.5m),,
data/citywide/images/337/117586/65818__AST_IM_20230817_151025.jpeg,True,117586,337,Boardwalk < 1.2m High,"One 18m long, 0.45m wide section of boardwalk, including a ramp up the bank.",65818,AST_IM_20230817_151025.jpeg,,,Timber,,No,No railings,,,,Timber,,0.5,False,,narrow (<0.9m),,
data/citywide/images/337/117586/65820__AST_IM_20230817_151021.jpeg,True,117586,337,Boardwalk < 1.2m High,"One 18m long, 0.45m wide section of boardwalk, including a ramp up the bank.",65820,AST_IM_20230817_151021.jpeg,,,Timber,,No,No railings,,,,Timber,,0.5,False,,narrow (<0.9m),,
data/citywide/images/337/117586/65821__AST_IM_20230817_151016.jpeg,True,117586,337,Boardwalk < 1.2m High,"One 18m long, 0.45m wide section of boardwalk, including a ramp up the bank.",65821,AST_IM_20230817_151016.jpeg,,,Timber,,No,No railings,,,,Timber,,0.5,False,,narrow (<0.9m),,
data/citywide/images/337/117594/65831__AST_IM_20230803_081858.jpeg,True,117594,337,Boardwalk < 1.2m High,70m in length,65831,AST_IM_20230803_081858.jpeg,,,Timber,,,,,,,,,1.0,False,,standard (0.9-1.5m),,
data/citywide/images/337/117594/65841__AST_IM_20230803_081904.jpeg,True,117594,337,Boardwalk < 1.2m High,70m in length,65841,AST_IM_20230803_081904.jpeg,,,Timber,,,,,,,,,1.0,False,,standard (0.9-1.5m),,
data/citywide/images/337/117594/65848__AST_IM_20230803_081816.jpeg,True,117594,337,Boardwalk < 1.2m High,70m in length,65848,AST_IM_20230803_081816.jpeg,,,Timber,,,,,,,,,1.0,False,,standard (0.9-1.5m),,
data/citywide/images/337/117595/65850__AST_IM_20230803_081458.jpeg,True,117595,337,Boardwalk < 1.2m High,8m in length,65850,AST_IM_20230803_081458.jpeg,,,Timber,,,,,,,,,1.0,False,,standard (0.9-1.5m),,
data/citywide/images/337/117596/65853__AST_IM_20230803_081957.jpeg,True,117596,337,Boardwalk < 1.2m High,6m in length,65853,AST_IM_20230803_081957.jpeg,,,Timber,,,,,,,,,1.0,False,,standard (0.9-1.5m),,
data/citywide/images/337/117598/65839__AST_IM_20230803_082348.jpeg,True,117598,337,Boardwalk < 1.2m High,12m length,65839,AST_IM_20230803_082348.jpeg,,,Timber,,,,,,,,,1.0,False,,standard (0.9-1.5m),,
data/citywide/images/337/117600/65840__AST_IM_20230803_082140.jpeg,True,117600,337,Boardwalk < 1.2m High,21m in length,65840,AST_IM_20230803_082140.jpeg,,,Timber,,,,,,,,,1.0,False,,standard (0.9-1.5m),,
data/citywide/images/337/117608/65849__AST_IM_20230803_082029.jpeg,True,117608,337,Boardwalk < 1.2m High,5m in length,65849,AST_IM_20230803_082029.jpeg,,,Timber,,No,,,,,,,1.0,False,,standard (0.9-1.5m),,
data/citywide/images/337/118086/67154__Cirque_of_Tarns_boardwalk_2023.jpg,True,118086,337,Boardwalk < 1.2m High,11x 8' boardwalk,67154,Cirque of Tarns boardwalk 2023.jpg,,,Timber,,No,No railings,,,,Timber,,1.0,False,,standard (0.9-1.5m),,
data/citywide/images/337/118201/66634__AST_IM_20230927_133359.jpeg,True,118201,337,Boardwalk < 1.2m High,Temporary Aluminum bridge crossing Rum Creek. | Bridge measures 4.5m in length x 60cm wide. An additional 3 150cm sections are chained to tree across bridge.,66634,AST_IM_20230927_133359.jpeg,,,Steel,,,No railings,4.0,,,Aluminum,,0.65,True,short (<20m),narrow (<0.9m),,
data/citywide/images/337/118201/66635__AST_IM_20230927_134417.jpeg,True,118201,337,Boardwalk < 1.2m High,Temporary Aluminum bridge crossing Rum Creek. | Bridge measures 4.5m in length x 60cm wide. An additional 3 150cm sections are chained to tree across bridge.,66635,AST_IM_20230927_134417.jpeg,,,Steel,,,No railings,4.0,,,Aluminum,,0.65,True,short (<20m),narrow (<0.9m),,
data/citywide/images/337/118203/66629__AST_IM_20230928_112712.jpeg,True,118203,337,Boardwalk < 1.2m High,1st Boardwalk from trail head - 50m long x 30cm wide,66629,AST_IM_20230928_112712.jpeg,,Beam,Timber,,,No railings,50.0,,,Timber,,0.3,True,medium (20-100m),narrow (<0.9m),,
data/citywide/images/337/118203/66630__AST_IM_20230928_112650.jpeg,True,118203,337,Boardwalk < 1.2m High,1st Boardwalk from trail head - 50m long x 30cm wide,66630,AST_IM_20230928_112650.jpeg,,Beam,Timber,,,No railings,50.0,,,Timber,,0.3,True,medium (20-100m),narrow (<0.9m),,
data/citywide/images/337/118203/66631__AST_IM_20230928_112636.jpeg,True,118203,337,Boardwalk < 1.2m High,1st Boardwalk from trail head - 50m long x 30cm wide,66631,AST_IM_20230928_112636.jpeg,,Beam,Timber,,,No railings,50.0,,,Timber,,0.3,True,medium (20-100m),narrow (<0.9m),,
data/citywide/images/337/118516/66809__AST_IM_20231029_112115.jpeg,True,118516,337,Boardwalk < 1.2m High,Very old and rotting,66809,AST_IM_20231029_112115.jpeg,,,Timber,,No,No railings,,,,Timber,,1.0,False,,standard (0.9-1.5m),,
data/citywide/images/337/118770/67226__IMG_0198.JPG,True,118770,337,Boardwalk < 1.2m High,boardwalk from main kiosk junction to north shelter - replaced 2023,67226,IMG_0198.JPG,Concrete,,Timber,,No,No railings,40.0,Timber/Wood,,Timber,,1.0,True,medium (20-100m),standard (0.9-1.5m),,
data/citywide/images/337/120298/68574__AST_IM_20240524_110817.jpeg,True,120298,337,Boardwalk < 1.2m High,,68574,AST_IM_20240524_110817.jpeg,,,Timber,,No,,5.0,,,Timber,,1.0,True,short (<20m),standard (0.9-1.5m),,
data/citywide/images/337/120661/69775__AST_IM_20240605_134425.jpeg,True,120661,337,Boardwalk < 1.2m High,5m boardwalk 2 wide,69775,AST_IM_20240605_134425.jpeg,,,Steel,,No,No railings,5.0,,,,,0.5,True,short (<20m),narrow (<0.9m),,
data/citywide/images/337/120662/69784__AST_IM_20240605_125908.jpeg,True,120662,337,Boardwalk < 1.2m High,13m boardwalk. 2 wide.,69784,AST_IM_20240605_125908.jpeg,,,Steel,,No,No railings,13.0,,,Timber,,0.5,True,short (<20m),narrow (<0.9m),,
data/citywide/images/337/120668/69778__AST_IM_20240605_135127.jpeg,True,120668,337,Boardwalk < 1.2m High,3m boardwalk milled log,69778,AST_IM_20240605_135127.jpeg,,,,,No,No railings,3.0,,,,,1.0,True,short (<20m),standard (0.9-1.5m),,
data/citywide/images/337/120674/69786__AST_IM_20240605_123128.jpeg,True,120674,337,Boardwalk < 1.2m High,2m boardwalk,69786,AST_IM_20240605_123128.jpeg,,,Steel,,No,No railings,2.0,,,,,0.25,True,short (<20m),narrow (<0.9m),,
data/citywide/images/337/120675/69781__AST_IM_20240605_131708.jpeg,True,120675,337,Boardwalk < 1.2m High,6m boardwalk. 2 wide.,69781,AST_IM_20240605_131708.jpeg,,,Steel,,No,No railings,6.0,,,Timber,,0.5,True,short (<20m),narrow (<0.9m),,
data/citywide/images/337/120680/69772__AST_IM_20240606_102256.jpeg,True,120680,337,Boardwalk < 1.2m High,6m boardwalk milled logs,69772,AST_IM_20240606_102256.jpeg,,,Steel,,No,No railings,6.0,,,Timber,,0.5,True,short (<20m),narrow (<0.9m),,
data/citywide/images/337/120681/69771__AST_IM_20240606_103254.jpeg,True,120681,337,Boardwalk < 1.2m High,2x 3m boardwalk milled logs over creek,69771,AST_IM_20240606_103254.jpeg,,,Steel,,No,No railings,6.0,,,Timber,,0.5,True,short (<20m),narrow (<0.9m),,
data/citywide/images/337/120689/69765__AST_IM_20240606_130136.jpeg,True,120689,337,Boardwalk < 1.2m High,5m milled log boardwalk,69765,AST_IM_20240606_130136.jpeg,,,Steel,,No,No railings,5.0,,,Timber,,0.5,True,short (<20m),narrow (<0.9m),,
data/citywide/images/337/120690/69768__AST_IM_20240606_133844.jpeg,True,120690,337,Boardwalk < 1.2m High,5m boardwalk milled log,69768,AST_IM_20240606_133844.jpeg,,,,,No,No railings,5.0,,,Timber,,0.25,True,short (<20m),narrow (<0.9m),,
data/citywide/images/337/120692/69792__AST_IM_20240606_110254.jpeg,True,120692,337,Boardwalk < 1.2m High,3m milled log boardwalk,69792,AST_IM_20240606_110254.jpeg,,,Steel,,No,No railings,3.0,,,Timber,,0.5,True,short (<20m),narrow (<0.9m),,
data/citywide/images/337/120732/69892__AST_IM_20240608_141539.jpeg,True,120732,337,Boardwalk < 1.2m High,"10m of 0.4m wide boardwalk in 2 discrete sections separated by only 1m, which should be filled in with boardwalk. Both ends of this boardwalk need to be extended.",69892,AST_IM_20240608_141539.jpeg,,,Timber,,No,No railings,10.0,,,Timber,,0.4,True,short (<20m),narrow (<0.9m),,
data/citywide/images/337/120732/69893__AST_IM_20240608_140703.jpeg,True,120732,337,Boardwalk < 1.2m High,"10m of 0.4m wide boardwalk in 2 discrete sections separated by only 1m, which should be filled in with boardwalk. Both ends of this boardwalk need to be extended.",69893,AST_IM_20240608_140703.jpeg,,,Timber,,No,No railings,10.0,,,Timber,,0.4,True,short (<20m),narrow (<0.9m),,
data/citywide/images/337/121005/70212__AST_IM_20240629_111830.jpeg,True,121005,337,Boardwalk < 1.2m High,"6 discrete sections of boardwalk varying from 5 - 43 meters, with between 1 and 18 meters separating sections.",70212,AST_IM_20240629_111830.jpeg,,,Timber,,No,No railings,118.0,,,Timber,,0.4,True,long (>100m),narrow (<0.9m),,
data/citywide/images/337/121005/70225__AST_IM_20240629_112648.jpeg,True,121005,337,Boardwalk < 1.2m High,"6 discrete sections of boardwalk varying from 5 - 43 meters, with between 1 and 18 meters separating sections.",70225,AST_IM_20240629_112648.jpeg,,,Timber,,No,No railings,118.0,,,Timber,,0.4,True,long (>100m),narrow (<0.9m),,
data/citywide/images/337/121005/70226__AST_IM_20240629_111843.jpeg,True,121005,337,Boardwalk < 1.2m High,"6 discrete sections of boardwalk varying from 5 - 43 meters, with between 1 and 18 meters separating sections.",70226,AST_IM_20240629_111843.jpeg,,,Timber,,No,No railings,118.0,,,Timber,,0.4,True,long (>100m),narrow (<0.9m),,
data/citywide/images/337/121005/70238__AST_IM_20240629_111837.jpeg,True,121005,337,Boardwalk < 1.2m High,"6 discrete sections of boardwalk varying from 5 - 43 meters, with between 1 and 18 meters separating sections.",70238,AST_IM_20240629_111837.jpeg,,,Timber,,No,No railings,118.0,,,Timber,,0.4,True,long (>100m),narrow (<0.9m),,
data/citywide/images/337/121005/70239__AST_IM_20240629_111823.jpeg,True,121005,337,Boardwalk < 1.2m High,"6 discrete sections of boardwalk varying from 5 - 43 meters, with between 1 and 18 meters separating sections.",70239,AST_IM_20240629_111823.jpeg,,,Timber,,No,No railings,118.0,,,Timber,,0.4,True,long (>100m),narrow (<0.9m),,
data/citywide/images/337/121005/70240__AST_IM_20240629_111817.jpeg,True,121005,337,Boardwalk < 1.2m High,"6 discrete sections of boardwalk varying from 5 - 43 meters, with between 1 and 18 meters separating sections.",70240,AST_IM_20240629_111817.jpeg,,,Timber,,No,No railings,118.0,,,Timber,,0.4,True,long (>100m),narrow (<0.9m),,
data/citywide/images/337/121007/70213__AST_IM_20240629_131937.jpeg,True,121007,337,Boardwalk < 1.2m High,4 discrete sections from 3 - 8m long,70213,AST_IM_20240629_131937.jpeg,,,Timber,,No,No railings,23.0,,,Timber,,0.4,True,medium (20-100m),narrow (<0.9m),,
data/citywide/images/337/121007/70222__AST_IM_20240629_132550.jpeg,True,121007,337,Boardwalk < 1.2m High,4 discrete sections from 3 - 8m long,70222,AST_IM_20240629_132550.jpeg,,,Timber,,No,No railings,23.0,,,Timber,,0.4,True,medium (20-100m),narrow (<0.9m),,
data/citywide/images/337/121007/70224__AST_IM_20240629_132559.jpeg,True,121007,337,Boardwalk < 1.2m High,4 discrete sections from 3 - 8m long,70224,AST_IM_20240629_132559.jpeg,,,Timber,,No,No railings,23.0,,,Timber,,0.4,True,medium (20-100m),narrow (<0.9m),,
data/citywide/images/337/121009/70266__AST_IM_20240629_101329.jpeg,True,121009,337,Boardwalk < 1.2m High,"A 7 and a 5 meter stretch of boardwalk separated by 2m, connecting Lookout Trail Staircase 1 to Lookout Trail Staircase 2.",70266,AST_IM_20240629_101329.jpeg,,,Timber,,No,No railings,12.0,,,Timber,,0.5,True,short (<20m),narrow (<0.9m),,
data/citywide/images/337/121009/70267__AST_IM_20240629_101323.jpeg,True,121009,337,Boardwalk < 1.2m High,"A 7 and a 5 meter stretch of boardwalk separated by 2m, connecting Lookout Trail Staircase 1 to Lookout Trail Staircase 2.",70267,AST_IM_20240629_101323.jpeg,,,Timber,,No,No railings,12.0,,,Timber,,0.5,True,short (<20m),narrow (<0.9m),,
data/citywide/images/337/121015/70232__AST_IM_20240629_144931.jpeg,True,121015,337,Boardwalk < 1.2m High,6 discrete sections of boardwalk,70232,AST_IM_20240629_144931.jpeg,,,Timber,,No,No railings,38.0,,,Timber,,0.4,True,medium (20-100m),narrow (<0.9m),,
data/citywide/images/337/121015/70233__AST_IM_20240629_144948.jpeg,True,121015,337,Boardwalk < 1.2m High,6 discrete sections of boardwalk,70233,AST_IM_20240629_144948.jpeg,,,Timber,,No,No railings,38.0,,,Timber,,0.4,True,medium (20-100m),narrow (<0.9m),,
data/citywide/images/337/121015/70249__AST_IM_20240629_144937.jpeg,True,121015,337,Boardwalk < 1.2m High,6 discrete sections of boardwalk,70249,AST_IM_20240629_144937.jpeg,,,Timber,,No,No railings,38.0,,,Timber,,0.4,True,medium (20-100m),narrow (<0.9m),,
data/citywide/images/337/121015/70250__AST_IM_20240629_144943.jpeg,True,121015,337,Boardwalk < 1.2m High,6 discrete sections of boardwalk,70250,AST_IM_20240629_144943.jpeg,,,Timber,,No,No railings,38.0,,,Timber,,0.4,True,medium (20-100m),narrow (<0.9m),,
data/citywide/images/337/121015/70254__AST_IM_20240629_144925.jpeg,True,121015,337,Boardwalk < 1.2m High,6 discrete sections of boardwalk,70254,AST_IM_20240629_144925.jpeg,,,Timber,,No,No railings,38.0,,,Timber,,0.4,True,medium (20-100m),narrow (<0.9m),,
data/citywide/images/337/121015/70255__AST_IM_20240629_144622.jpeg,True,121015,337,Boardwalk < 1.2m High,6 discrete sections of boardwalk,70255,AST_IM_20240629_144622.jpeg,,,Timber,,No,No railings,38.0,,,Timber,,0.4,True,medium (20-100m),narrow (<0.9m),,
data/citywide/images/337/121070/70777__AST_IM_20240709_095816.jpeg,True,121070,337,Boardwalk < 1.2m High,,70777,AST_IM_20240709_095816.jpeg,,,Timber,,No,No railings,2.5,,,Timber,,1.2,True,short (<20m),standard (0.9-1.5m),,
data/citywide/images/337/121248/71003__AST_IM_20240719_114803.jpeg,True,121248,337,Boardwalk < 1.2m High,"Two sections of boardwalk: 1. 7m long, with step. 2. 1.5m long, no step",71003,AST_IM_20240719_114803.jpeg,,,,,No,No railings,,,,,,,False,,,,
data/citywide/images/337/121248/71004__AST_IM_20240719_114808.jpeg,True,121248,337,Boardwalk < 1.2m High,"Two sections of boardwalk: 1. 7m long, with step. 2. 1.5m long, no step",71004,AST_IM_20240719_114808.jpeg,,,,,No,No railings,,,,,,,False,,,,
data/citywide/images/337/121248/71005__AST_IM_20240719_114821.jpeg,True,121248,337,Boardwalk < 1.2m High,"Two sections of boardwalk: 1. 7m long, with step. 2. 1.5m long, no step",71005,AST_IM_20240719_114821.jpeg,,,,,No,No railings,,,,,,,False,,,,
data/citywide/images/337/121577/72067__AST_IM_20240801_134705.jpeg,True,121577,337,Boardwalk < 1.2m High,over seasonal water,72067,AST_IM_20240801_134705.jpeg,,,Timber,,No,No railings,5.0,,,Timber,,1.5,True,short (<20m),wide (>1.5m),,
data/citywide/images/337/121584/72051__AST_IM_20240801_140127.jpeg,True,121584,337,Boardwalk < 1.2m High,3 m long. over creek,72051,AST_IM_20240801_140127.jpeg,,,Timber,,No,No railings,3.0,,,Timber,,,True,short (<20m),,,
data/citywide/images/337/121596/72049__AST_IM_20240803_094049.jpeg,True,121596,337,Boardwalk < 1.2m High,Ripped log decking over creek 5m long 1m wide,72049,AST_IM_20240803_094049.jpeg,,,Timber,,No,No railings,5.0,,,Timber,,1.0,True,short (<20m),standard (0.9-1.5m),,
data/citywide/images/337/121598/71983__AST_IM_20240803_111736.jpeg,True,121598,337,Boardwalk < 1.2m High,2 sections of ripped boards on logs. Both sections approx 7m long with single sipped log ramp on approach,71983,AST_IM_20240803_111736.jpeg,,,Timber,,No,No railings,14.0,,,Timber,,1.0,True,short (<20m),standard (0.9-1.5m),,
data/citywide/images/337/121598/71985__AST_IM_20240803_111652.jpeg,True,121598,337,Boardwalk < 1.2m High,2 sections of ripped boards on logs. Both sections approx 7m long with single sipped log ramp on approach,71985,AST_IM_20240803_111652.jpeg,,,Timber,,No,No railings,14.0,,,Timber,,1.0,True,short (<20m),standard (0.9-1.5m),,
data/citywide/images/337/121598/71991__AST_IM_20240803_111705.jpeg,True,121598,337,Boardwalk < 1.2m High,2 sections of ripped boards on logs. Both sections approx 7m long with single sipped log ramp on approach,71991,AST_IM_20240803_111705.jpeg,,,Timber,,No,No railings,14.0,,,Timber,,1.0,True,short (<20m),standard (0.9-1.5m),,
data/citywide/images/337/121612/72083__MI_20240803_110928.jpg,True,121612,337,Boardwalk < 1.2m High,boardwalk out of split trees  about 18 feet long,72083,MI_20240803_110928.jpg,,,Timber,,No,No railings,5.0,,,Timber,,1.5,True,short (<20m),wide (>1.5m),,
data/citywide/images/337/121670/72312__MI_20240808_155117.jpg,True,121670,337,Boardwalk < 1.2m High,logs put together vertically  about 1 meter long. 11.3k from poland lake camp,72312,MI_20240808_155117.jpg,,,Timber,,No,No railings,1.0,,,Timber,,1.0,True,short (<20m),standard (0.9-1.5m),,
data/citywide/images/337/121676/72307__MI_20240808_104828.jpg,True,121676,337,Boardwalk < 1.2m High,boardwalk about 700m on Poland lake (on right hand side of lake) boardwkn out of sliced logs,72307,MI_20240808_104828.jpg,,,Timber,,No,No railings,2.0,,,Timber,,0.5,True,short (<20m),narrow (<0.9m),,
data/citywide/images/337/121728/72513__AST_IM_20240813_100845.jpeg,True,121728,337,Boardwalk < 1.2m High,Metal lath boardwalk,72513,AST_IM_20240813_100845.jpeg,,,Steel,,No,No railings,12.0,,,Aluminum,,0.3,True,short (<20m),narrow (<0.9m),,
data/citywide/images/337/121731/72500__AST_IM_20240813_103255.jpeg,True,121731,337,Boardwalk < 1.2m High,,72500,AST_IM_20240813_103255.jpeg,,,,,No,No railings,6.0,,,,,0.3,True,short (<20m),narrow (<0.9m),,
data/citywide/images/337/121732/72510__AST_IM_20240813_102339.jpeg,True,121732,337,Boardwalk < 1.2m High,Metal lath boardwalk,72510,AST_IM_20240813_102339.jpeg,,,Steel,,No,No railings,4.5,,,Aluminum,,0.3,True,short (<20m),narrow (<0.9m),,
data/citywide/images/337/121734/72503__AST_IM_20240813_104759.jpeg,True,121734,337,Boardwalk < 1.2m High,,72503,AST_IM_20240813_104759.jpeg,,,,,No,No railings,4.5,,,,,0.3,True,short (<20m),narrow (<0.9m),,
data/citywide/images/337/121737/72501__AST_IM_20240813_103528.jpeg,True,121737,337,Boardwalk < 1.2m High,,72501,AST_IM_20240813_103528.jpeg,,,Steel,,No,No railings,2.75,,,Aluminum,,0.3,True,short (<20m),narrow (<0.9m),,
data/citywide/images/337/121739/72495__AST_IM_20240813_105123.jpeg,True,121739,337,Boardwalk < 1.2m High,,72495,AST_IM_20240813_105123.jpeg,,,Steel,,No,No railings,7.5,,,Aluminum,,0.3,True,short (<20m),narrow (<0.9m),,
data/citywide/images/337/121749/72493__AST_IM_20240813_111145.jpeg,True,121749,337,Boardwalk < 1.2m High,,72493,AST_IM_20240813_111145.jpeg,,,Steel,,No,No railings,1.5,,,Aluminum,,,True,short (<20m),,,
data/citywide/images/337/121776/72630__AST_IM_20240817_115028.jpeg,True,121776,337,Boardwalk < 1.2m High,8*8 12ft long two together over small creek,72630,AST_IM_20240817_115028.jpeg,,,Timber,,No,No railings,12.0,,,Timber,,0.4,True,short (<20m),narrow (<0.9m),,
data/citywide/images/337/121788/72651__AST_IM_20240818_133326.jpeg,True,121788,337,Boardwalk < 1.2m High,,72651,AST_IM_20240818_133326.jpeg,,,Timber,,No,No railings,4.0,,,Timber,,0.5,True,short (<20m),narrow (<0.9m),,
data/citywide/images/337/121790/72648__AST_IM_20240818_140359.jpeg,True,121790,337,Boardwalk < 1.2m High,12ft 2 beam footbridge,72648,AST_IM_20240818_140359.jpeg,,,Timber,,No,No railings,4.0,,,Timber,,0.5,True,short (<20m),narrow (<0.9m),,
data/citywide/images/337/121791/72635__AST_IM_20240818_141352.jpeg,True,121791,337,Boardwalk < 1.2m High,12ft beam boardwalk,72635,AST_IM_20240818_141352.jpeg,,,Timber,,No,No railings,4.0,,,Timber,,0.5,True,short (<20m),narrow (<0.9m),,
data/citywide/images/337/122404/74628__AST_IM_20240926_121529.jpeg,True,122404,337,Boardwalk < 1.2m High,Short boardwalk ~20ft long,74628,AST_IM_20240926_121529.jpeg,,,Timber,,No,No railings,8.0,,,Timber,,1.0,True,short (<20m),standard (0.9-1.5m),,
data/citywide/images/337/122404/76757__Image__34_.jpg,True,122404,337,Boardwalk < 1.2m High,Short boardwalk ~20ft long,76757,Image (34).jpg,,,Timber,,No,No railings,8.0,,,Timber,,1.0,True,short (<20m),standard (0.9-1.5m),,
data/citywide/images/337/122434/74695__AST_IM_20240926_092515.jpeg,True,122434,337,Boardwalk < 1.2m High,Cedar Boardwalk,74695,AST_IM_20240926_092515.jpeg,,,Timber,,No,No railings,2.0,,,Timber,,1.0,True,short (<20m),standard (0.9-1.5m),,
data/citywide/images/337/122751/75709__AST_IM_20241022_123047.jpeg,True,122751,337,Boardwalk < 1.2m High,Evans Trail boardwalk,75709,AST_IM_20241022_123047.jpeg,,,,,No,No railings,,,,,,,False,,,,
data/citywide/images/337/122752/75718__tet_boardwalk.jpg,True,122752,337,Boardwalk < 1.2m High,made of cedar beams and decking on cement blocks,75718,tet boardwalk.jpg,,,,,,,16.0,,,,,,True,short (<20m),,,
data/citywide/images/337/122831/75885__AST_IM_20241024_104750.jpeg,True,122831,337,Boardwalk < 1.2m High,Nemo trail boardwalk,75885,AST_IM_20241024_104750.jpeg,,,Timber,0.5,No,No railings,2.0,,,Timber,,0.3,True,short (<20m),narrow (<0.9m),medium (0.5-1.2m),
data/citywide/images/337/122831/75891__AST_IM_20241024_104743.jpeg,True,122831,337,Boardwalk < 1.2m High,Nemo trail boardwalk,75891,AST_IM_20241024_104743.jpeg,,,Timber,0.5,No,No railings,2.0,,,Timber,,0.3,True,short (<20m),narrow (<0.9m),medium (0.5-1.2m),
data/citywide/images/337/122833/75876__AST_IM_20241024_123328.jpeg,True,122833,337,Boardwalk < 1.2m High,Cove outhouse boardwalk,75876,AST_IM_20241024_123328.jpeg,,,Timber,,No,No railings,2.0,,,Timber,,0.3,True,short (<20m),narrow (<0.9m),,
data/citywide/images/337/122976/76697__AST_IM_20241022_161651.jpeg,True,122976,337,Boardwalk < 1.2m High,2.5m boardwalk milled log,76697,AST_IM_20241022_161651.jpeg,,,,,No,No railings,2.5,,,Timber,,0.25,True,short (<20m),narrow (<0.9m),,
data/citywide/images/337/123142/77003__AST_IM_20241106_130927.jpeg,True,123142,337,Boardwalk < 1.2m High,20m x 1.22 | 3x8 Fir Deck board | 3 4x6 Fir Stringers,77003,AST_IM_20241106_130927.jpeg,,,Timber,,No,No railings,20.0,,,Timber,,1.22,True,medium (20-100m),standard (0.9-1.5m),,
data/citywide/images/337/123256/77322__AST_IM_20241109_134211.jpeg,True,123256,337,Boardwalk < 1.2m High,,77322,AST_IM_20241109_134211.jpeg,,,Timber,,No,No railings,3.0,,,Timber,,1.0,True,short (<20m),standard (0.9-1.5m),,
data/citywide/images/337/123414/77728__AST_IM_20241122_111549.jpeg,True,123414,337,Boardwalk < 1.2m High,,77728,AST_IM_20241122_111549.jpeg,,,Timber,,No,No railings,,,,,,,False,,,,
data/citywide/images/337/123415/77733__AST_IM_20241122_101011.jpeg,True,123415,337,Boardwalk < 1.2m High,,77733,AST_IM_20241122_101011.jpeg,,,,,,,,PVC,,,,,False,,,,
data/citywide/images/337/123417/77727__AST_IM_20241122_115321.jpeg,True,123417,337,Boardwalk < 1.2m High,,77727,AST_IM_20241122_115321.jpeg,,,,,No,No railings,,,,,,,False,,,,
data/citywide/images/337/123418/77725__AST_IM_20241122_095324.jpeg,True,123418,337,Boardwalk < 1.2m High,,77725,AST_IM_20241122_095324.jpeg,,,,,No,No railings,,Timber/Wood,,,,,False,,,,
data/citywide/images/337/123420/77718__AST_IM_20241122_125049.jpeg,True,123420,337,Boardwalk < 1.2m High,,77718,AST_IM_20241122_125049.jpeg,,,,,No,No railings,,,,,,,False,,,,
data/citywide/images/337/123472/77817__IMG_3009.JPG,True,123472,337,Boardwalk < 1.2m High,"8m x 6', pressure treated dimensional decking on treated pole stringers",77817,IMG_3009.JPG,,,Timber,,Yes,No railings,8.0,,,Timber,,2.0,True,short (<20m),wide (>1.5m),,
data/citywide/images/337/123601/77995__AST_IM_20241206_102228.jpeg,True,123601,337,Boardwalk < 1.2m High,,77995,AST_IM_20241206_102228.jpeg,,,,,No,No railings,,,,,,,False,,,,
data/citywide/images/337/123603/77993__AST_IM_20241206_103023.jpeg,True,123603,337,Boardwalk < 1.2m High,,77993,AST_IM_20241206_103023.jpeg,,,,,No,No railings,,,,,,,False,,,,
data/citywide/images/337/123607/77984__AST_IM_20241206_105106.jpeg,True,123607,337,Boardwalk < 1.2m High,,77984,AST_IM_20241206_105106.jpeg,,,,,No,No railings,,,,,,,False,,,,
data/citywide/images/337/123608/77979__AST_IM_20241206_104645.jpeg,True,123608,337,Boardwalk < 1.2m High,,77979,AST_IM_20241206_104645.jpeg,,,,,No,No railings,,,,,,,False,,,,
data/citywide/images/337/123609/77991__AST_IM_20241206_103224.jpeg,True,123609,337,Boardwalk < 1.2m High,,77991,AST_IM_20241206_103224.jpeg,,,,,No,No railings,,,,,,,False,,,,
data/citywide/images/337/123616/77978__AST_IM_20241206_103713.jpeg,True,123616,337,Boardwalk < 1.2m High,,77978,AST_IM_20241206_103713.jpeg,,,,,No,No railings,,,,,,,False,,,,
data/citywide/images/337/123762/78356__AST_IM_20250116_111819.jpeg,True,123762,337,Boardwalk < 1.2m High,,78356,AST_IM_20250116_111819.jpeg,,,,,No,No railings,,,,,,,False,,,,
data/citywide/images/337/123778/78406__AST_IM_20250117_170015.jpeg,True,123778,337,Boardwalk < 1.2m High,Wood & asphalt,78406,AST_IM_20250117_170015.jpeg,,,Timber,,No,No railings,3.0,,,Timber,,1.0,True,short (<20m),standard (0.9-1.5m),,
data/citywide/images/337/123786/78405__AST_IM_20250117_170648.jpeg,True,123786,337,Boardwalk < 1.2m High,,78405,AST_IM_20250117_170648.jpeg,,,,,No,No railings,4.0,,,Timber,,1.0,True,short (<20m),standard (0.9-1.5m),,
data/citywide/images/337/124739/79493__MI_20250321_162247.jpg,True,124739,337,Boardwalk < 1.2m High,50m boardwalk at the western side of the South Coaster aMTB trail. Boardwalk is slightly elevated off ground to allow for toad passage.,79493,MI_20250321_162247.jpg,,,Timber,,No,No railings,50.0,,,Timber,,1.8,True,medium (20-100m),wide (>1.5m),,
data/citywide/images/337/124741/79498__MI_20250321_162918.jpg,True,124741,337,Boardwalk < 1.2m High,"Small boardwalk crossing over permanent wetted, non-draining area",79498,MI_20250321_162918.jpg,,,Timber,,No,No railings,2.5,,,Timber,,1.8,True,short (<20m),wide (>1.5m),,
data/citywide/images/337/124885/79583__MI_20250403_134332.jpg,True,124885,337,Boardwalk < 1.2m High,boardwalk from parking lot 1 to the pit toilet,79583,MI_20250403_134332.jpg,,,Timber,,Yes,,9.0,,,Timber,,1.8,True,short (<20m),wide (>1.5m),,
data/citywide/images/337/124885/79584__MI_20250403_134407.jpg,True,124885,337,Boardwalk < 1.2m High,boardwalk from parking lot 1 to the pit toilet,79584,MI_20250403_134407.jpg,,,Timber,,Yes,,9.0,,,Timber,,1.8,True,short (<20m),wide (>1.5m),,
data/citywide/images/337/124885/79585__MI_20250403_134320.jpg,True,124885,337,Boardwalk < 1.2m High,boardwalk from parking lot 1 to the pit toilet,79585,MI_20250403_134320.jpg,,,Timber,,Yes,,9.0,,,Timber,,1.8,True,short (<20m),wide (>1.5m),,
data/citywide/images/337/124886/79579__MI_20250403_133828.jpg,True,124886,337,Boardwalk < 1.2m High,40' accessible ramp,79579,MI_20250403_133828.jpg,,,Timber,,No,,12.5,,,Timber,,1.5,True,short (<20m),wide (>1.5m),,
data/citywide/images/337/124886/79580__MI_20250403_133839.jpg,True,124886,337,Boardwalk < 1.2m High,40' accessible ramp,79580,MI_20250403_133839.jpg,,,Timber,,No,,12.5,,,Timber,,1.5,True,short (<20m),wide (>1.5m),,
data/citywide/images/337/124886/79581__MI_20250403_133833.jpg,True,124886,337,Boardwalk < 1.2m High,40' accessible ramp,79581,MI_20250403_133833.jpg,,,Timber,,No,,12.5,,,Timber,,1.5,True,short (<20m),wide (>1.5m),,
data/citywide/images/337/124886/79582__MI_20250403_133823.jpg,True,124886,337,Boardwalk < 1.2m High,40' accessible ramp,79582,MI_20250403_133823.jpg,,,Timber,,No,,12.5,,,Timber,,1.5,True,short (<20m),wide (>1.5m),,
data/citywide/images/337/126159/83432__Picture1.png,True,126159,337,Boardwalk < 1.2m High,"Boardwalk on Coal Creek trail from Roland Neavefts parking lot to access Birch Bluff trail. Location needs to be changed to 51.839037, -120.048908",83432,Picture1.png,,,Timber,1.0,Yes,No railings,12.0,,,Timber,,2.0,True,short (<20m),wide (>1.5m),medium (0.5-1.2m),
data/citywide/images/337/126159/87204__AST_EX_20250827_075635.jpeg,True,126159,337,Boardwalk < 1.2m High,"Boardwalk on Coal Creek trail from Roland Neavefts parking lot to access Birch Bluff trail. Location needs to be changed to 51.839037, -120.048908",87204,AST_EX_20250827_075635.jpeg,,,Timber,1.0,Yes,No railings,12.0,,,Timber,,2.0,True,short (<20m),wide (>1.5m),medium (0.5-1.2m),
data/citywide/images/337/126406/84143__AST_IM_20250630_104205.jpeg,True,126406,337,Boardwalk < 1.2m High,,84143,AST_IM_20250630_104205.jpeg,,,,,No,No railings,,,,,,,False,,,,
data/citywide/images/337/126406/84154__AST_IM_20250630_104218.jpeg,True,126406,337,Boardwalk < 1.2m High,,84154,AST_IM_20250630_104218.jpeg,,,,,No,No railings,,,,,,,False,,,,
data/citywide/images/337/126408/84141__AST_IM_20250630_111112.jpeg,True,126408,337,Boardwalk < 1.2m High,,84141,AST_IM_20250630_111112.jpeg,,,,,No,No railings,,,,,,,False,,,,
data/citywide/images/337/126408/84142__AST_IM_20250630_111057.jpeg,True,126408,337,Boardwalk < 1.2m High,,84142,AST_IM_20250630_111057.jpeg,,,,,No,No railings,,,,,,,False,,,,
data/citywide/images/337/126408/84155__AST_IM_20250630_111041.jpeg,True,126408,337,Boardwalk < 1.2m High,,84155,AST_IM_20250630_111041.jpeg,,,,,No,No railings,,,,,,,False,,,,
data/citywide/images/337/126410/84140__AST_IM_20250630_112130.jpeg,True,126410,337,Boardwalk < 1.2m High,,84140,AST_IM_20250630_112130.jpeg,,,,,No,No railings,,,,,,,False,,,,
data/citywide/images/337/126687/85314__AST_IM_20250720_153310.jpeg,True,126687,337,Boardwalk < 1.2m High,16ft x 4ft boardwalk,85314,AST_IM_20250720_153310.jpeg,,,Timber,0.5,No,No railings,,,,Timber,,,False,,,medium (0.5-1.2m),
data/citywide/images/337/126697/85321__AST_IM_20250715_143910.jpeg,True,126697,337,Boardwalk < 1.2m High,Boardwalk with rotten plank,85321,AST_IM_20250715_143910.jpeg,,,Timber,,No,No railings,7.4,,,,,1.0,True,short (<20m),standard (0.9-1.5m),,
data/citywide/images/337/126704/85353__AST_IM_20250722_154238.jpeg,True,126704,337,Boardwalk < 1.2m High,Wood russet brown,85353,AST_IM_20250722_154238.jpeg,,,Timber,,No,No railings,,,,Timber,,1.0,False,,standard (0.9-1.5m),,
data/citywide/images/337/126789/85672__AST_IM_20250730_110955.jpeg,True,126789,337,Boardwalk < 1.2m High,Wood board walk at beach,85672,AST_IM_20250730_110955.jpeg,,,Timber,,No,No railings,1.38,,,Timber,,1.0,True,short (<20m),standard (0.9-1.5m),,
data/citywide/images/337/126833/85737__AST_IM_20250801_105251.jpeg,True,126833,337,Boardwalk < 1.2m High,"36in wide yellow cedar BW on 12ft 4x4 stringer, 41ft long",85737,AST_IM_20250801_105251.jpeg,,,Timber,,No,No railings,3.5,,,Timber,,1.0,True,short (<20m),standard (0.9-1.5m),,
data/citywide/images/337/126835/85740__AST_IM_20250801_124043.jpeg,True,126835,337,Boardwalk < 1.2m High,12ft 36in? w yellow cedar 4x4 stringers,85740,AST_IM_20250801_124043.jpeg,,,Timber,,No,No railings,4.0,,,Timber,,1.0,True,short (<20m),standard (0.9-1.5m),,
data/citywide/images/337/126836/85734__AST_IM_20250801_124234.jpeg,True,126836,337,Boardwalk < 1.2m High,45ft 36in? w yellow cedar 4x4 stringers,85734,AST_IM_20250801_124234.jpeg,,,Timber,,No,No railings,13.7,,,Timber,,0.9,True,short (<20m),standard (0.9-1.5m),,
data/citywide/images/337/126836/85736__AST_IM_20250801_124225.jpeg,True,126836,337,Boardwalk < 1.2m High,45ft 36in? w yellow cedar 4x4 stringers,85736,AST_IM_20250801_124225.jpeg,,,Timber,,No,No railings,13.7,,,Timber,,0.9,True,short (<20m),standard (0.9-1.5m),,
data/citywide/images/337/126837/85738__AST_IM_20250801_123530.jpeg,True,126837,337,Boardwalk < 1.2m High,12ft 36in? w yellow cedar 4x4 stringers,85738,AST_IM_20250801_123530.jpeg,,,Timber,,No,No railings,3.7,,,Timber,,0.9,True,short (<20m),standard (0.9-1.5m),,
data/citywide/images/337/126839/85735__AST_IM_20250801_124416.jpeg,True,126839,337,Boardwalk < 1.2m High,12ft 36in? w yellow cedar 4x4 stringers,85735,AST_IM_20250801_124416.jpeg,,,Timber,,No,No railings,3.7,,,Timber,,0.9,True,short (<20m),standard (0.9-1.5m),,
data/citywide/images/337/127131/86999__AST_IM_20250801_123914.jpeg,True,127131,337,Boardwalk < 1.2m High,12ftx4ft boardwalk,86999,AST_IM_20250801_123914.jpeg,,,Timber,1.0,No,No railings,4.0,,,Timber,,1.5,True,short (<20m),wide (>1.5m),medium (0.5-1.2m),
data/citywide/images/337/127167/87034__AST_IM_20250819_103332.jpeg,True,127167,337,Boardwalk < 1.2m High,,87034,AST_IM_20250819_103332.jpeg,,,Timber,,No,No railings,,,,,,,False,,,,
data/citywide/images/337/127167/87040__AST_IM_20250819_103316.jpeg,True,127167,337,Boardwalk < 1.2m High,,87040,AST_IM_20250819_103316.jpeg,,,Timber,,No,No railings,,,,,,,False,,,,
data/citywide/images/337/127167/87041__AST_IM_20250819_103302.jpeg,True,127167,337,Boardwalk < 1.2m High,,87041,AST_IM_20250819_103302.jpeg,,,Timber,,No,No railings,,,,,,,False,,,,
data/citywide/images/337/127229/87200__AST_IM_20250826_132258.jpeg,True,127229,337,Boardwalk < 1.2m High,Curved bridge,87200,AST_IM_20250826_132258.jpeg,,,Timber,0.5,No,No railings,10.0,,,,,1.0,True,short (<20m),standard (0.9-1.5m),medium (0.5-1.2m),
data/citywide/images/337/127242/87217__AST_IM_20250823_121947.jpeg,True,127242,337,Boardwalk < 1.2m High,5m long x 3ft wide,87217,AST_IM_20250823_121947.jpeg,Timber,Beam,Timber,1.0,,No railings,5.0,,,Timber,,1.0,True,short (<20m),standard (0.9-1.5m),medium (0.5-1.2m),
data/citywide/images/337/127454/87634__AST_IM_20250826_095941.jpeg,True,127454,337,Boardwalk < 1.2m High,,87634,AST_IM_20250826_095941.jpeg,,,Timber,,No,No railings,2.0,,,,,,True,short (<20m),,,
data/citywide/images/337/127454/87638__AST_IM_20250826_095928.jpeg,True,127454,337,Boardwalk < 1.2m High,,87638,AST_IM_20250826_095928.jpeg,,,Timber,,No,No railings,2.0,,,,,,True,short (<20m),,,
data/citywide/images/337/127458/87636__AST_IM_20250826_095327.jpeg,True,127458,337,Boardwalk < 1.2m High,Telephone pole style,87636,AST_IM_20250826_095327.jpeg,,,Timber,,No,No railings,100.0,,,,,,True,long (>100m),,,
data/citywide/images/337/127459/87632__AST_IM_20250826_102340.jpeg,True,127459,337,Boardwalk < 1.2m High,Pole style,87632,AST_IM_20250826_102340.jpeg,,,Timber,,No,No railings,10.0,,,Timber,,,True,short (<20m),,,
data/citywide/images/337/128637/90567__AST_IM_20251115_124557.jpeg,True,128637,337,Boardwalk < 1.2m High,,90567,AST_IM_20251115_124557.jpeg,,,,,No,No railings,7.0,,,,,,True,short (<20m),,,
data/citywide/images/337/128637/90569__AST_IM_20251115_124606.jpeg,True,128637,337,Boardwalk < 1.2m High,,90569,AST_IM_20251115_124606.jpeg,,,,,No,No railings,7.0,,,,,,True,short (<20m),,,
data/citywide/images/337/128638/90568__AST_IM_20251115_124351.jpeg,True,128638,337,Boardwalk < 1.2m High,,90568,AST_IM_20251115_124351.jpeg,,,,,No,No railings,10.0,,,,,,True,short (<20m),,,
data/citywide/images/337/128638/90570__AST_IM_20251115_124343.jpeg,True,128638,337,Boardwalk < 1.2m High,,90570,AST_IM_20251115_124343.jpeg,,,,,No,No railings,10.0,,,,,,True,short (<20m),,,
data/citywide/images/337/128639/90574__AST_IM_20251115_123650.jpeg,True,128639,337,Boardwalk < 1.2m High,,90574,AST_IM_20251115_123650.jpeg,,,,,No,No railings,12.0,,,,,,True,short (<20m),,,
data/citywide/images/337/128641/90572__AST_IM_20251115_124144.jpeg,True,128641,337,Boardwalk < 1.2m High,,90572,AST_IM_20251115_124144.jpeg,,,,,No,No railings,3.0,,,,,,True,short (<20m),,,
data/citywide/images/337/128875/91015__AST_IM_20251122_095842.jpeg,True,128875,337,Boardwalk < 1.2m High,Near the canoe storage and dock area,91015,AST_IM_20251122_095842.jpeg,,,Timber,,No,No railings,1.0,,,Timber,,0.5,True,short (<20m),narrow (<0.9m),,
data/citywide/images/337/129378/92385__AST_EX_20260120_112436.jpeg,True,129378,337,Boardwalk < 1.2m High,15m boardwalk near the lake,92385,AST_EX_20260120_112436.jpeg,,,Composite,0.5,No,1 railing,,,,Aluminum,,2.0,,,wide (>1.5m),medium (0.5-1.2m),
data/citywide/images/337/129399/92746__MI_20251218_140044.jpg,True,129399,337,Boardwalk < 1.2m High,,92746,MI_20251218_140044.jpg,,,Timber,1.5,Yes,1 railing,105.0,,,Timber,,1.7,True,long (>100m),wide (>1.5m),high (>1.2m),
data/citywide/images/337/129399/92753__MI_20251218_140040.jpg,True,129399,337,Boardwalk < 1.2m High,,92753,MI_20251218_140040.jpg,,,Timber,1.5,Yes,1 railing,105.0,,,Timber,,1.7,True,long (>100m),wide (>1.5m),high (>1.2m),
data/citywide/images/337/120684/69764__AST_IM_20240606_103931.jpeg,True,120684,337,Boardwalk < 1.2m High,"5m milled log boardwalk, no need for it",69764,AST_IM_20240606_103931.jpeg,,,Steel,,No,No railings,5.0,,,Timber,,0.25,True,short (<20m),narrow (<0.9m),,
