attribute,target_column,target_file,feature_file,task_type,strategy,classifier,splitter,fold,n_folds,asset_id,y_true,y_pred,is_correct
attr_abutment_material,attr_abutment_material,data/processed/train/attr_abutment_material_train.csv,data/features/dinov3_vitb16_remaining_attributes_assets.csv,classification,dinov3_frozen_embeddings_hist_gradient_boosting,hist_gradient_boosting,GroupKFold,1,5,61735,Timber,Timber,True
attr_abutment_material,attr_abutment_material,data/processed/train/attr_abutment_material_train.csv,data/features/dinov3_vitb16_remaining_attributes_assets.csv,classification,dinov3_frozen_embeddings_hist_gradient_boosting,hist_gradient_boosting,GroupKFold,1,5,61737,Timber,Timber,True
attr_abutment_material,attr_abutment_material,data/processed/train/attr_abutment_material_train.csv,data/features/dinov3_vitb16_remaining_attributes_assets.csv,classification,dinov3_frozen_embeddings_hist_gradient_boosting,hist_gradient_boosting,GroupKFold,1,5,61742,Timber,Timber,True
attr_abutment_material,attr_abutment_material,data/processed/train/attr_abutment_material_train.csv,data/features/dinov3_vitb16_remaining_attributes_assets.csv,classification,dinov3_frozen_embeddings_hist_gradient_boosting,hist_gradient_boosting,GroupKFold,1,5,61732,Timber,Timber,True
attr_abutment_material,attr_abutment_material,data/processed/train/attr_abutment_material_train.csv,data/features/dinov3_vitb16_remaining_attributes_assets.csv,classification,dinov3_frozen_embeddings_hist_gradient_boosting,hist_gradient_boosting,GroupKFold,1,5,86099,Timber,Timber,True
attr_abutment_material,attr_abutment_material,data/processed/train/attr_abutment_material_train.csv,data/features/dinov3_vitb16_remaining_attributes_assets.csv,classification,dinov3_frozen_embeddings_hist_gradient_boosting,hist_gradient_boosting,GroupKFold,1,5,86202,Timber,Timber,True
attr_abutment_material,attr_abutment_material,data/processed/train/attr_abutment_material_train.csv,data/features/dinov3_vitb16_remaining_attributes_assets.csv,classification,dinov3_frozen_embeddings_hist_gradient_boosting,hist_gradient_boosting,GroupKFold,1,5,88089,Timber,Timber,True
attr_abutment_material,attr_abutment_material,data/processed/train/attr_abutment_material_train.csv,data/features/dinov3_vitb16_remaining_attributes_assets.csv,classification,dinov3_frozen_embeddings_hist_gradient_boosting,hist_gradient_boosting,GroupKFold,1,5,88097,Timber,Timber,True
attr_abutment_material,attr_abutment_material,data/processed/train/attr_abutment_material_train.csv,data/features/dinov3_vitb16_remaining_attributes_assets.csv,classification,dinov3_frozen_embeddings_hist_gradient_boosting,hist_gradient_boosting,GroupKFold,1,5,89577,Timber,Timber,True
attr_abutment_material,attr_abutment_material,data/processed/train/attr_abutment_material_train.csv,data/features/dinov3_vitb16_remaining_attributes_assets.csv,classification,dinov3_frozen_embeddings_hist_gradient_boosting,hist_gradient_boosting,GroupKFold,1,5,89582,Timber,Timber,True
attr_abutment_material,attr_abutment_material,data/processed/train/attr_abutment_material_train.csv,data/features/dinov3_vitb16_remaining_attributes_assets.csv,classification,dinov3_frozen_embeddings_hist_gradient_boosting,hist_gradient_boosting,GroupKFold,1,5,89593,Timber,Timber,True
attr_abutment_material,attr_abutment_material,data/processed/train/attr_abutment_material_train.csv,data/features/dinov3_vitb16_remaining_attributes_assets.csv,classification,dinov3_frozen_embeddings_hist_gradient_boosting,hist_gradient_boosting,GroupKFold,1,5,89764,Timber,Timber,True
attr_abutment_material,attr_abutment_material,data/processed/train/attr_abutment_material_train.csv,data/features/dinov3_vitb16_remaining_attributes_assets.csv,classification,dinov3_frozen_embeddings_hist_gradient_boosting,hist_gradient_boosting,GroupKFold,1,5,93372,Timber,Concrete,False
attr_abutment_material,attr_abutment_material,data/processed/train/attr_abutment_material_train.csv,data/features/dinov3_vitb16_remaining_attributes_assets.csv,classification,dinov3_frozen_embeddings_hist_gradient_boosting,hist_gradient_boosting,GroupKFold,1,5,100549,Timber,Timber,True
attr_abutment_material,attr_abutment_material,data/processed/train/attr_abutment_material_train.csv,data/features/dinov3_vitb16_remaining_attributes_assets.csv,classification,dinov3_frozen_embeddings_hist_gradient_boosting,hist_gradient_boosting,GroupKFold,1,5,117017,Timber,Concrete,False
attr_abutment_material,attr_abutment_material,data/processed/train/attr_abutment_material_train.csv,data/features/dinov3_vitb16_remaining_attributes_assets.csv,classification,dinov3_frozen_embeddings_hist_gradient_boosting,hist_gradient_boosting,GroupKFold,1,5,127756,Timber,Timber,True
attr_abutment_material,attr_abutment_material,data/processed/train/attr_abutment_material_train.csv,data/features/dinov3_vitb16_remaining_attributes_assets.csv,classification,dinov3_frozen_embeddings_hist_gradient_boosting,hist_gradient_boosting,GroupKFold,1,5,128878,Concrete,Concrete,True
attr_abutment_material,attr_abutment_material,data/processed/train/attr_abutment_material_train.csv,data/features/dinov3_vitb16_remaining_attributes_assets.csv,classification,dinov3_frozen_embeddings_hist_gradient_boosting,hist_gradient_boosting,GroupKFold,1,5,128879,Concrete,Concrete,True
attr_abutment_material,attr_abutment_material,data/processed/train/attr_abutment_material_train.csv,data/features/dinov3_vitb16_remaining_attributes_assets.csv,classification,dinov3_frozen_embeddings_hist_gradient_boosting,hist_gradient_boosting,GroupKFold,1,5,47636,Timber,Timber,True
attr_abutment_material,attr_abutment_material,data/processed/train/attr_abutment_material_train.csv,data/features/dinov3_vitb16_remaining_attributes_assets.csv,classification,dinov3_frozen_embeddings_hist_gradient_boosting,hist_gradient_boosting,GroupKFold,1,5,49059,Timber,Timber,True
attr_abutment_material,attr_abutment_material,data/processed/train/attr_abutment_material_train.csv,data/features/dinov3_vitb16_remaining_attributes_assets.csv,classification,dinov3_frozen_embeddings_hist_gradient_boosting,hist_gradient_boosting,GroupKFold,1,5,49062,Concrete,Timber,False
attr_abutment_material,attr_abutment_material,data/processed/train/attr_abutment_material_train.csv,data/features/dinov3_vitb16_remaining_attributes_assets.csv,classification,dinov3_frozen_embeddings_hist_gradient_boosting,hist_gradient_boosting,GroupKFold,1,5,49243,Timber,Timber,True
attr_abutment_material,attr_abutment_material,data/processed/train/attr_abutment_material_train.csv,data/features/dinov3_vitb16_remaining_attributes_assets.csv,classification,dinov3_frozen_embeddings_hist_gradient_boosting,hist_gradient_boosting,GroupKFold,1,5,49497,Concrete,Timber,False
attr_abutment_material,attr_abutment_material,data/processed/train/attr_abutment_material_train.csv,data/features/dinov3_vitb16_remaining_attributes_assets.csv,classification,dinov3_frozen_embeddings_hist_gradient_boosting,hist_gradient_boosting,GroupKFold,1,5,52551,Timber,Gabions,False
attr_abutment_material,attr_abutment_material,data/processed/train/attr_abutment_material_train.csv,data/features/dinov3_vitb16_remaining_attributes_assets.csv,classification,dinov3_frozen_embeddings_hist_gradient_boosting,hist_gradient_boosting,GroupKFold,1,5,53195,Concrete,Timber,False
attr_abutment_material,attr_abutment_material,data/processed/train/attr_abutment_material_train.csv,data/features/dinov3_vitb16_remaining_attributes_assets.csv,classification,dinov3_frozen_embeddings_hist_gradient_boosting,hist_gradient_boosting,GroupKFold,1,5,54683,Timber,Concrete,False
attr_abutment_material,attr_abutment_material,data/processed/train/attr_abutment_material_train.csv,data/features/dinov3_vitb16_remaining_attributes_assets.csv,classification,dinov3_frozen_embeddings_hist_gradient_boosting,hist_gradient_boosting,GroupKFold,1,5,56858,Timber,Concrete,False
attr_abutment_material,attr_abutment_material,data/processed/train/attr_abutment_material_train.csv,data/features/dinov3_vitb16_remaining_attributes_assets.csv,classification,dinov3_frozen_embeddings_hist_gradient_boosting,hist_gradient_boosting,GroupKFold,1,5,58955,Timber,Timber,True
attr_abutment_material,attr_abutment_material,data/processed/train/attr_abutment_material_train.csv,data/features/dinov3_vitb16_remaining_attributes_assets.csv,classification,dinov3_frozen_embeddings_hist_gradient_boosting,hist_gradient_boosting,GroupKFold,1,5,60633,Gabions,Timber,False
attr_abutment_material,attr_abutment_material,data/processed/train/attr_abutment_material_train.csv,data/features/dinov3_vitb16_remaining_attributes_assets.csv,classification,dinov3_frozen_embeddings_hist_gradient_boosting,hist_gradient_boosting,GroupKFold,1,5,61003,Timber,Timber,True
attr_abutment_material,attr_abutment_material,data/processed/train/attr_abutment_material_train.csv,data/features/dinov3_vitb16_remaining_attributes_assets.csv,classification,dinov3_frozen_embeddings_hist_gradient_boosting,hist_gradient_boosting,GroupKFold,1,5,61004,Timber,Timber,True
attr_abutment_material,attr_abutment_material,data/processed/train/attr_abutment_material_train.csv,data/features/dinov3_vitb16_remaining_attributes_assets.csv,classification,dinov3_frozen_embeddings_hist_gradient_boosting,hist_gradient_boosting,GroupKFold,1,5,61413,Concrete,Timber,False
attr_abutment_material,attr_abutment_material,data/processed/train/attr_abutment_material_train.csv,data/features/dinov3_vitb16_remaining_attributes_assets.csv,classification,dinov3_frozen_embeddings_hist_gradient_boosting,hist_gradient_boosting,GroupKFold,1,5,61414,Concrete,Timber,False
attr_abutment_material,attr_abutment_material,data/processed/train/attr_abutment_material_train.csv,data/features/dinov3_vitb16_remaining_attributes_assets.csv,classification,dinov3_frozen_embeddings_hist_gradient_boosting,hist_gradient_boosting,GroupKFold,1,5,61416,Timber,Timber,True
attr_abutment_material,attr_abutment_material,data/processed/train/attr_abutment_material_train.csv,data/features/dinov3_vitb16_remaining_attributes_assets.csv,classification,dinov3_frozen_embeddings_hist_gradient_boosting,hist_gradient_boosting,GroupKFold,1,5,61499,Timber,Timber,True
attr_abutment_material,attr_abutment_material,data/processed/train/attr_abutment_material_train.csv,data/features/dinov3_vitb16_remaining_attributes_assets.csv,classification,dinov3_frozen_embeddings_hist_gradient_boosting,hist_gradient_boosting,GroupKFold,1,5,62089,Timber,Timber,True
attr_abutment_material,attr_abutment_material,data/processed/train/attr_abutment_material_train.csv,data/features/dinov3_vitb16_remaining_attributes_assets.csv,classification,dinov3_frozen_embeddings_hist_gradient_boosting,hist_gradient_boosting,GroupKFold,1,5,62442,Concrete,Timber,False
attr_abutment_material,attr_abutment_material,data/processed/train/attr_abutment_material_train.csv,data/features/dinov3_vitb16_remaining_attributes_assets.csv,classification,dinov3_frozen_embeddings_hist_gradient_boosting,hist_gradient_boosting,GroupKFold,1,5,63069,Timber,Timber,True
attr_abutment_material,attr_abutment_material,data/processed/train/attr_abutment_material_train.csv,data/features/dinov3_vitb16_remaining_attributes_assets.csv,classification,dinov3_frozen_embeddings_hist_gradient_boosting,hist_gradient_boosting,GroupKFold,1,5,64129,Concrete,Concrete,True
attr_abutment_material,attr_abutment_material,data/processed/train/attr_abutment_material_train.csv,data/features/dinov3_vitb16_remaining_attributes_assets.csv,classification,dinov3_frozen_embeddings_hist_gradient_boosting,hist_gradient_boosting,GroupKFold,1,5,64643,Timber,Timber,True
attr_abutment_material,attr_abutment_material,data/processed/train/attr_abutment_material_train.csv,data/features/dinov3_vitb16_remaining_attributes_assets.csv,classification,dinov3_frozen_embeddings_hist_gradient_boosting,hist_gradient_boosting,GroupKFold,1,5,65788,Concrete,Concrete,True
attr_abutment_material,attr_abutment_material,data/processed/train/attr_abutment_material_train.csv,data/features/dinov3_vitb16_remaining_attributes_assets.csv,classification,dinov3_frozen_embeddings_hist_gradient_boosting,hist_gradient_boosting,GroupKFold,1,5,65789,Steel,Timber,False
attr_abutment_material,attr_abutment_material,data/processed/train/attr_abutment_material_train.csv,data/features/dinov3_vitb16_remaining_attributes_assets.csv,classification,dinov3_frozen_embeddings_hist_gradient_boosting,hist_gradient_boosting,GroupKFold,1,5,79958,Concrete,Timber,False
attr_abutment_material,attr_abutment_material,data/processed/train/attr_abutment_material_train.csv,data/features/dinov3_vitb16_remaining_attributes_assets.csv,classification,dinov3_frozen_embeddings_hist_gradient_boosting,hist_gradient_boosting,GroupKFold,1,5,83515,Timber,Timber,True
attr_abutment_material,attr_abutment_material,data/processed/train/attr_abutment_material_train.csv,data/features/dinov3_vitb16_remaining_attributes_assets.csv,classification,dinov3_frozen_embeddings_hist_gradient_boosting,hist_gradient_boosting,GroupKFold,1,5,83900,Timber,Steel,False
attr_abutment_material,attr_abutment_material,data/processed/train/attr_abutment_material_train.csv,data/features/dinov3_vitb16_remaining_attributes_assets.csv,classification,dinov3_frozen_embeddings_hist_gradient_boosting,hist_gradient_boosting,GroupKFold,1,5,85364,Timber,Timber,True
attr_abutment_material,attr_abutment_material,data/processed/train/attr_abutment_material_train.csv,data/features/dinov3_vitb16_remaining_attributes_assets.csv,classification,dinov3_frozen_embeddings_hist_gradient_boosting,hist_gradient_boosting,GroupKFold,1,5,86525,Concrete,Concrete,True
attr_abutment_material,attr_abutment_material,data/processed/train/attr_abutment_material_train.csv,data/features/dinov3_vitb16_remaining_attributes_assets.csv,classification,dinov3_frozen_embeddings_hist_gradient_boosting,hist_gradient_boosting,GroupKFold,1,5,87483,Concrete,Concrete,True
attr_abutment_material,attr_abutment_material,data/processed/train/attr_abutment_material_train.csv,data/features/dinov3_vitb16_remaining_attributes_assets.csv,classification,dinov3_frozen_embeddings_hist_gradient_boosting,hist_gradient_boosting,GroupKFold,1,5,87928,Steel,Timber,False
attr_abutment_material,attr_abutment_material,data/processed/train/attr_abutment_material_train.csv,data/features/dinov3_vitb16_remaining_attributes_assets.csv,classification,dinov3_frozen_embeddings_hist_gradient_boosting,hist_gradient_boosting,GroupKFold,1,5,89445,Timber,Timber,True
attr_abutment_material,attr_abutment_material,data/processed/train/attr_abutment_material_train.csv,data/features/dinov3_vitb16_remaining_attributes_assets.csv,classification,dinov3_frozen_embeddings_hist_gradient_boosting,hist_gradient_boosting,GroupKFold,1,5,89596,Steel,Timber,False
attr_abutment_material,attr_abutment_material,data/processed/train/attr_abutment_material_train.csv,data/features/dinov3_vitb16_remaining_attributes_assets.csv,classification,dinov3_frozen_embeddings_hist_gradient_boosting,hist_gradient_boosting,GroupKFold,1,5,90385,Timber,Timber,True
attr_abutment_material,attr_abutment_material,data/processed/train/attr_abutment_material_train.csv,data/features/dinov3_vitb16_remaining_attributes_assets.csv,classification,dinov3_frozen_embeddings_hist_gradient_boosting,hist_gradient_boosting,GroupKFold,1,5,90391,Concrete,Timber,False
attr_abutment_material,attr_abutment_material,data/processed/train/attr_abutment_material_train.csv,data/features/dinov3_vitb16_remaining_attributes_assets.csv,classification,dinov3_frozen_embeddings_hist_gradient_boosting,hist_gradient_boosting,GroupKFold,1,5,90505,Timber,Timber,True
attr_abutment_material,attr_abutment_material,data/processed/train/attr_abutment_material_train.csv,data/features/dinov3_vitb16_remaining_attributes_assets.csv,classification,dinov3_frozen_embeddings_hist_gradient_boosting,hist_gradient_boosting,GroupKFold,1,5,91248,Concrete,Steel,False
attr_abutment_material,attr_abutment_material,data/processed/train/attr_abutment_material_train.csv,data/features/dinov3_vitb16_remaining_attributes_assets.csv,classification,dinov3_frozen_embeddings_hist_gradient_boosting,hist_gradient_boosting,GroupKFold,1,5,92164,Timber,Timber,True
attr_abutment_material,attr_abutment_material,data/processed/train/attr_abutment_material_train.csv,data/features/dinov3_vitb16_remaining_attributes_assets.csv,classification,dinov3_frozen_embeddings_hist_gradient_boosting,hist_gradient_boosting,GroupKFold,1,5,94177,Timber,Timber,True
attr_abutment_material,attr_abutment_material,data/processed/train/attr_abutment_material_train.csv,data/features/dinov3_vitb16_remaining_attributes_assets.csv,classification,dinov3_frozen_embeddings_hist_gradient_boosting,hist_gradient_boosting,GroupKFold,1,5,94777,Gabions,Concrete,False
attr_abutment_material,attr_abutment_material,data/processed/train/attr_abutment_material_train.csv,data/features/dinov3_vitb16_remaining_attributes_assets.csv,classification,dinov3_frozen_embeddings_hist_gradient_boosting,hist_gradient_boosting,GroupKFold,1,5,96854,Timber,Timber,True
attr_abutment_material,attr_abutment_material,data/processed/train/attr_abutment_material_train.csv,data/features/dinov3_vitb16_remaining_attributes_assets.csv,classification,dinov3_frozen_embeddings_hist_gradient_boosting,hist_gradient_boosting,GroupKFold,1,5,98531,Timber,Timber,True
attr_abutment_material,attr_abutment_material,data/processed/train/attr_abutment_material_train.csv,data/features/dinov3_vitb16_remaining_attributes_assets.csv,classification,dinov3_frozen_embeddings_hist_gradient_boosting,hist_gradient_boosting,GroupKFold,1,5,99844,Timber,Timber,True
attr_abutment_material,attr_abutment_material,data/processed/train/attr_abutment_material_train.csv,data/features/dinov3_vitb16_remaining_attributes_assets.csv,classification,dinov3_frozen_embeddings_hist_gradient_boosting,hist_gradient_boosting,GroupKFold,1,5,100184,Gabions,Timber,False
attr_abutment_material,attr_abutment_material,data/processed/train/attr_abutment_material_train.csv,data/features/dinov3_vitb16_remaining_attributes_assets.csv,classification,dinov3_frozen_embeddings_hist_gradient_boosting,hist_gradient_boosting,GroupKFold,1,5,100253,Gabions,Timber,False
attr_abutment_material,attr_abutment_material,data/processed/train/attr_abutment_material_train.csv,data/features/dinov3_vitb16_remaining_attributes_assets.csv,classification,dinov3_frozen_embeddings_hist_gradient_boosting,hist_gradient_boosting,GroupKFold,1,5,100263,Gabions,Gabions,True
attr_abutment_material,attr_abutment_material,data/processed/train/attr_abutment_material_train.csv,data/features/dinov3_vitb16_remaining_attributes_assets.csv,classification,dinov3_frozen_embeddings_hist_gradient_boosting,hist_gradient_boosting,GroupKFold,1,5,100272,Gabions,Timber,False
attr_abutment_material,attr_abutment_material,data/processed/train/attr_abutment_material_train.csv,data/features/dinov3_vitb16_remaining_attributes_assets.csv,classification,dinov3_frozen_embeddings_hist_gradient_boosting,hist_gradient_boosting,GroupKFold,1,5,100757,Steel,Timber,False
attr_abutment_material,attr_abutment_material,data/processed/train/attr_abutment_material_train.csv,data/features/dinov3_vitb16_remaining_attributes_assets.csv,classification,dinov3_frozen_embeddings_hist_gradient_boosting,hist_gradient_boosting,GroupKFold,1,5,100791,Timber,Timber,True
attr_abutment_material,attr_abutment_material,data/processed/train/attr_abutment_material_train.csv,data/features/dinov3_vitb16_remaining_attributes_assets.csv,classification,dinov3_frozen_embeddings_hist_gradient_boosting,hist_gradient_boosting,GroupKFold,1,5,101638,Timber,Timber,True
attr_abutment_material,attr_abutment_material,data/processed/train/attr_abutment_material_train.csv,data/features/dinov3_vitb16_remaining_attributes_assets.csv,classification,dinov3_frozen_embeddings_hist_gradient_boosting,hist_gradient_boosting,GroupKFold,1,5,101890,Timber,Timber,True
attr_abutment_material,attr_abutment_material,data/processed/train/attr_abutment_material_train.csv,data/features/dinov3_vitb16_remaining_attributes_assets.csv,classification,dinov3_frozen_embeddings_hist_gradient_boosting,hist_gradient_boosting,GroupKFold,1,5,102842,Timber,Timber,True
attr_abutment_material,attr_abutment_material,data/processed/train/attr_abutment_material_train.csv,data/features/dinov3_vitb16_remaining_attributes_assets.csv,classification,dinov3_frozen_embeddings_hist_gradient_boosting,hist_gradient_boosting,GroupKFold,1,5,102844,Timber,Timber,True
attr_abutment_material,attr_abutment_material,data/processed/train/attr_abutment_material_train.csv,data/features/dinov3_vitb16_remaining_attributes_assets.csv,classification,dinov3_frozen_embeddings_hist_gradient_boosting,hist_gradient_boosting,GroupKFold,1,5,104080,Timber,Timber,True
attr_abutment_material,attr_abutment_material,data/processed/train/attr_abutment_material_train.csv,data/features/dinov3_vitb16_remaining_attributes_assets.csv,classification,dinov3_frozen_embeddings_hist_gradient_boosting,hist_gradient_boosting,GroupKFold,1,5,104858,Concrete,Timber,False
attr_abutment_material,attr_abutment_material,data/processed/train/attr_abutment_material_train.csv,data/features/dinov3_vitb16_remaining_attributes_assets.csv,classification,dinov3_frozen_embeddings_hist_gradient_boosting,hist_gradient_boosting,GroupKFold,1,5,105457,Timber,Timber,True
attr_abutment_material,attr_abutment_material,data/processed/train/attr_abutment_material_train.csv,data/features/dinov3_vitb16_remaining_attributes_assets.csv,classification,dinov3_frozen_embeddings_hist_gradient_boosting,hist_gradient_boosting,GroupKFold,1,5,106027,Timber,Timber,True
attr_abutment_material,attr_abutment_material,data/processed/train/attr_abutment_material_train.csv,data/features/dinov3_vitb16_remaining_attributes_assets.csv,classification,dinov3_frozen_embeddings_hist_gradient_boosting,hist_gradient_boosting,GroupKFold,1,5,106032,Timber,Timber,True
attr_abutment_material,attr_abutment_material,data/processed/train/attr_abutment_material_train.csv,data/features/dinov3_vitb16_remaining_attributes_assets.csv,classification,dinov3_frozen_embeddings_hist_gradient_boosting,hist_gradient_boosting,GroupKFold,1,5,106045,Timber,Timber,True
attr_abutment_material,attr_abutment_material,data/processed/train/attr_abutment_material_train.csv,data/features/dinov3_vitb16_remaining_attributes_assets.csv,classification,dinov3_frozen_embeddings_hist_gradient_boosting,hist_gradient_boosting,GroupKFold,1,5,106046,Steel,Timber,False
attr_abutment_material,attr_abutment_material,data/processed/train/attr_abutment_material_train.csv,data/features/dinov3_vitb16_remaining_attributes_assets.csv,classification,dinov3_frozen_embeddings_hist_gradient_boosting,hist_gradient_boosting,GroupKFold,1,5,106637,Timber,Timber,True
attr_abutment_material,attr_abutment_material,data/processed/train/attr_abutment_material_train.csv,data/features/dinov3_vitb16_remaining_attributes_assets.csv,classification,dinov3_frozen_embeddings_hist_gradient_boosting,hist_gradient_boosting,GroupKFold,1,5,107952,Timber,Timber,True
attr_abutment_material,attr_abutment_material,data/processed/train/attr_abutment_material_train.csv,data/features/dinov3_vitb16_remaining_attributes_assets.csv,classification,dinov3_frozen_embeddings_hist_gradient_boosting,hist_gradient_boosting,GroupKFold,1,5,107973,Steel,Timber,False
attr_abutment_material,attr_abutment_material,data/processed/train/attr_abutment_material_train.csv,data/features/dinov3_vitb16_remaining_attributes_assets.csv,classification,dinov3_frozen_embeddings_hist_gradient_boosting,hist_gradient_boosting,GroupKFold,1,5,108040,Timber,Timber,True
attr_abutment_material,attr_abutment_material,data/processed/train/attr_abutment_material_train.csv,data/features/dinov3_vitb16_remaining_attributes_assets.csv,classification,dinov3_frozen_embeddings_hist_gradient_boosting,hist_gradient_boosting,GroupKFold,1,5,109160,Timber,Timber,True
attr_abutment_material,attr_abutment_material,data/processed/train/attr_abutment_material_train.csv,data/features/dinov3_vitb16_remaining_attributes_assets.csv,classification,dinov3_frozen_embeddings_hist_gradient_boosting,hist_gradient_boosting,GroupKFold,1,5,110299,Timber,Timber,True
attr_abutment_material,attr_abutment_material,data/processed/train/attr_abutment_material_train.csv,data/features/dinov3_vitb16_remaining_attributes_assets.csv,classification,dinov3_frozen_embeddings_hist_gradient_boosting,hist_gradient_boosting,GroupKFold,1,5,110868,Timber,Timber,True
attr_abutment_material,attr_abutment_material,data/processed/train/attr_abutment_material_train.csv,data/features/dinov3_vitb16_remaining_attributes_assets.csv,classification,dinov3_frozen_embeddings_hist_gradient_boosting,hist_gradient_boosting,GroupKFold,1,5,110944,Concrete,Timber,False
attr_abutment_material,attr_abutment_material,data/processed/train/attr_abutment_material_train.csv,data/features/dinov3_vitb16_remaining_attributes_assets.csv,classification,dinov3_frozen_embeddings_hist_gradient_boosting,hist_gradient_boosting,GroupKFold,1,5,111782,Steel,Timber,False
attr_abutment_material,attr_abutment_material,data/processed/train/attr_abutment_material_train.csv,data/features/dinov3_vitb16_remaining_attributes_assets.csv,classification,dinov3_frozen_embeddings_hist_gradient_boosting,hist_gradient_boosting,GroupKFold,1,5,111951,Timber,Timber,True
attr_abutment_material,attr_abutment_material,data/processed/train/attr_abutment_material_train.csv,data/features/dinov3_vitb16_remaining_attributes_assets.csv,classification,dinov3_frozen_embeddings_hist_gradient_boosting,hist_gradient_boosting,GroupKFold,1,5,112369,Timber,Timber,True
attr_abutment_material,attr_abutment_material,data/processed/train/attr_abutment_material_train.csv,data/features/dinov3_vitb16_remaining_attributes_assets.csv,classification,dinov3_frozen_embeddings_hist_gradient_boosting,hist_gradient_boosting,GroupKFold,1,5,113164,Steel,Timber,False
attr_abutment_material,attr_abutment_material,data/processed/train/attr_abutment_material_train.csv,data/features/dinov3_vitb16_remaining_attributes_assets.csv,classification,dinov3_frozen_embeddings_hist_gradient_boosting,hist_gradient_boosting,GroupKFold,1,5,113952,Steel,Timber,False
attr_abutment_material,attr_abutment_material,data/processed/train/attr_abutment_material_train.csv,data/features/dinov3_vitb16_remaining_attributes_assets.csv,classification,dinov3_frozen_embeddings_hist_gradient_boosting,hist_gradient_boosting,GroupKFold,1,5,114711,Gabions,Gabions,True
attr_abutment_material,attr_abutment_material,data/processed/train/attr_abutment_material_train.csv,data/features/dinov3_vitb16_remaining_attributes_assets.csv,classification,dinov3_frozen_embeddings_hist_gradient_boosting,hist_gradient_boosting,GroupKFold,1,5,114768,Concrete,Concrete,True
attr_abutment_material,attr_abutment_material,data/processed/train/attr_abutment_material_train.csv,data/features/dinov3_vitb16_remaining_attributes_assets.csv,classification,dinov3_frozen_embeddings_hist_gradient_boosting,hist_gradient_boosting,GroupKFold,1,5,114940,Timber,Timber,True
attr_abutment_material,attr_abutment_material,data/processed/train/attr_abutment_material_train.csv,data/features/dinov3_vitb16_remaining_attributes_assets.csv,classification,dinov3_frozen_embeddings_hist_gradient_boosting,hist_gradient_boosting,GroupKFold,1,5,114951,Timber,Timber,True
attr_abutment_material,attr_abutment_material,data/processed/train/attr_abutment_material_train.csv,data/features/dinov3_vitb16_remaining_attributes_assets.csv,classification,dinov3_frozen_embeddings_hist_gradient_boosting,hist_gradient_boosting,GroupKFold,1,5,117193,Timber,Timber,True
attr_abutment_material,attr_abutment_material,data/processed/train/attr_abutment_material_train.csv,data/features/dinov3_vitb16_remaining_attributes_assets.csv,classification,dinov3_frozen_embeddings_hist_gradient_boosting,hist_gradient_boosting,GroupKFold,1,5,117197,Gabions,Timber,False
attr_abutment_material,attr_abutment_material,data/processed/train/attr_abutment_material_train.csv,data/features/dinov3_vitb16_remaining_attributes_assets.csv,classification,dinov3_frozen_embeddings_hist_gradient_boosting,hist_gradient_boosting,GroupKFold,1,5,117220,Timber,Timber,True
attr_abutment_material,attr_abutment_material,data/processed/train/attr_abutment_material_train.csv,data/features/dinov3_vitb16_remaining_attributes_assets.csv,classification,dinov3_frozen_embeddings_hist_gradient_boosting,hist_gradient_boosting,GroupKFold,1,5,121497,Timber,Timber,True
attr_abutment_material,attr_abutment_material,data/processed/train/attr_abutment_material_train.csv,data/features/dinov3_vitb16_remaining_attributes_assets.csv,classification,dinov3_frozen_embeddings_hist_gradient_boosting,hist_gradient_boosting,GroupKFold,1,5,121595,Timber,Timber,True
attr_abutment_material,attr_abutment_material,data/processed/train/attr_abutment_material_train.csv,data/features/dinov3_vitb16_remaining_attributes_assets.csv,classification,dinov3_frozen_embeddings_hist_gradient_boosting,hist_gradient_boosting,GroupKFold,1,5,121755,Timber,Timber,True
attr_abutment_material,attr_abutment_material,data/processed/train/attr_abutment_material_train.csv,data/features/dinov3_vitb16_remaining_attributes_assets.csv,classification,dinov3_frozen_embeddings_hist_gradient_boosting,hist_gradient_boosting,GroupKFold,1,5,122034,Gabions,Concrete,False
attr_abutment_material,attr_abutment_material,data/processed/train/attr_abutment_material_train.csv,data/features/dinov3_vitb16_remaining_attributes_assets.csv,classification,dinov3_frozen_embeddings_hist_gradient_boosting,hist_gradient_boosting,GroupKFold,1,5,121993,Gabions,Timber,False
attr_abutment_material,attr_abutment_material,data/processed/train/attr_abutment_material_train.csv,data/features/dinov3_vitb16_remaining_attributes_assets.csv,classification,dinov3_frozen_embeddings_hist_gradient_boosting,hist_gradient_boosting,GroupKFold,1,5,122223,Timber,Timber,True
attr_abutment_material,attr_abutment_material,data/processed/train/attr_abutment_material_train.csv,data/features/dinov3_vitb16_remaining_attributes_assets.csv,classification,dinov3_frozen_embeddings_hist_gradient_boosting,hist_gradient_boosting,GroupKFold,1,5,123161,Timber,Concrete,False
attr_abutment_material,attr_abutment_material,data/processed/train/attr_abutment_material_train.csv,data/features/dinov3_vitb16_remaining_attributes_assets.csv,classification,dinov3_frozen_embeddings_hist_gradient_boosting,hist_gradient_boosting,GroupKFold,1,5,123585,Concrete,Concrete,True
attr_abutment_material,attr_abutment_material,data/processed/train/attr_abutment_material_train.csv,data/features/dinov3_vitb16_remaining_attributes_assets.csv,classification,dinov3_frozen_embeddings_hist_gradient_boosting,hist_gradient_boosting,GroupKFold,1,5,124926,Concrete,Concrete,True
attr_abutment_material,attr_abutment_material,data/processed/train/attr_abutment_material_train.csv,data/features/dinov3_vitb16_remaining_attributes_assets.csv,classification,dinov3_frozen_embeddings_hist_gradient_boosting,hist_gradient_boosting,GroupKFold,1,5,126356,Gabions,Steel,False
attr_abutment_material,attr_abutment_material,data/processed/train/attr_abutment_material_train.csv,data/features/dinov3_vitb16_remaining_attributes_assets.csv,classification,dinov3_frozen_embeddings_hist_gradient_boosting,hist_gradient_boosting,GroupKFold,1,5,126564,Concrete,Concrete,True
attr_abutment_material,attr_abutment_material,data/processed/train/attr_abutment_material_train.csv,data/features/dinov3_vitb16_remaining_attributes_assets.csv,classification,dinov3_frozen_embeddings_hist_gradient_boosting,hist_gradient_boosting,GroupKFold,1,5,126709,Timber,Timber,True
attr_abutment_material,attr_abutment_material,data/processed/train/attr_abutment_material_train.csv,data/features/dinov3_vitb16_remaining_attributes_assets.csv,classification,dinov3_frozen_embeddings_hist_gradient_boosting,hist_gradient_boosting,GroupKFold,1,5,126737,Gabions,Gabions,True
attr_abutment_material,attr_abutment_material,data/processed/train/attr_abutment_material_train.csv,data/features/dinov3_vitb16_remaining_attributes_assets.csv,classification,dinov3_frozen_embeddings_hist_gradient_boosting,hist_gradient_boosting,GroupKFold,1,5,126799,Aluminum Sill Fill,Timber,False
attr_abutment_material,attr_abutment_material,data/processed/train/attr_abutment_material_train.csv,data/features/dinov3_vitb16_remaining_attributes_assets.csv,classification,dinov3_frozen_embeddings_hist_gradient_boosting,hist_gradient_boosting,GroupKFold,1,5,126798,Timber,Timber,True
attr_abutment_material,attr_abutment_material,data/processed/train/attr_abutment_material_train.csv,data/features/dinov3_vitb16_remaining_attributes_assets.csv,classification,dinov3_frozen_embeddings_hist_gradient_boosting,hist_gradient_boosting,GroupKFold,1,5,126914,Timber,Timber,True
attr_abutment_material,attr_abutment_material,data/processed/train/attr_abutment_material_train.csv,data/features/dinov3_vitb16_remaining_attributes_assets.csv,classification,dinov3_frozen_embeddings_hist_gradient_boosting,hist_gradient_boosting,GroupKFold,1,5,127523,Timber,Timber,True
attr_abutment_material,attr_abutment_material,data/processed/train/attr_abutment_material_train.csv,data/features/dinov3_vitb16_remaining_attributes_assets.csv,classification,dinov3_frozen_embeddings_hist_gradient_boosting,hist_gradient_boosting,GroupKFold,2,5,85171,Timber,Timber,True
attr_abutment_material,attr_abutment_material,data/processed/train/attr_abutment_material_train.csv,data/features/dinov3_vitb16_remaining_attributes_assets.csv,classification,dinov3_frozen_embeddings_hist_gradient_boosting,hist_gradient_boosting,GroupKFold,2,5,86083,Timber,Timber,True
attr_abutment_material,attr_abutment_material,data/processed/train/attr_abutment_material_train.csv,data/features/dinov3_vitb16_remaining_attributes_assets.csv,classification,dinov3_frozen_embeddings_hist_gradient_boosting,hist_gradient_boosting,GroupKFold,2,5,89446,Timber,Timber,True
attr_abutment_material,attr_abutment_material,data/processed/train/attr_abutment_material_train.csv,data/features/dinov3_vitb16_remaining_attributes_assets.csv,classification,dinov3_frozen_embeddings_hist_gradient_boosting,hist_gradient_boosting,GroupKFold,2,5,89451,Timber,Timber,True
attr_abutment_material,attr_abutment_material,data/processed/train/attr_abutment_material_train.csv,data/features/dinov3_vitb16_remaining_attributes_assets.csv,classification,dinov3_frozen_embeddings_hist_gradient_boosting,hist_gradient_boosting,GroupKFold,2,5,89579,Timber,Timber,True
attr_abutment_material,attr_abutment_material,data/processed/train/attr_abutment_material_train.csv,data/features/dinov3_vitb16_remaining_attributes_assets.csv,classification,dinov3_frozen_embeddings_hist_gradient_boosting,hist_gradient_boosting,GroupKFold,2,5,89600,Timber,Timber,True
attr_abutment_material,attr_abutment_material,data/processed/train/attr_abutment_material_train.csv,data/features/dinov3_vitb16_remaining_attributes_assets.csv,classification,dinov3_frozen_embeddings_hist_gradient_boosting,hist_gradient_boosting,GroupKFold,2,5,91714,Timber,Concrete,False
attr_abutment_material,attr_abutment_material,data/processed/train/attr_abutment_material_train.csv,data/features/dinov3_vitb16_remaining_attributes_assets.csv,classification,dinov3_frozen_embeddings_hist_gradient_boosting,hist_gradient_boosting,GroupKFold,2,5,92842,Timber,Timber,True
attr_abutment_material,attr_abutment_material,data/processed/train/attr_abutment_material_train.csv,data/features/dinov3_vitb16_remaining_attributes_assets.csv,classification,dinov3_frozen_embeddings_hist_gradient_boosting,hist_gradient_boosting,GroupKFold,2,5,93039,Timber,Timber,True
attr_abutment_material,attr_abutment_material,data/processed/train/attr_abutment_material_train.csv,data/features/dinov3_vitb16_remaining_attributes_assets.csv,classification,dinov3_frozen_embeddings_hist_gradient_boosting,hist_gradient_boosting,GroupKFold,2,5,100555,Timber,Timber,True
attr_abutment_material,attr_abutment_material,data/processed/train/attr_abutment_material_train.csv,data/features/dinov3_vitb16_remaining_attributes_assets.csv,classification,dinov3_frozen_embeddings_hist_gradient_boosting,hist_gradient_boosting,GroupKFold,2,5,103710,Timber,Timber,True
attr_abutment_material,attr_abutment_material,data/processed/train/attr_abutment_material_train.csv,data/features/dinov3_vitb16_remaining_attributes_assets.csv,classification,dinov3_frozen_embeddings_hist_gradient_boosting,hist_gradient_boosting,GroupKFold,2,5,103740,Timber,Timber,True
attr_abutment_material,attr_abutment_material,data/processed/train/attr_abutment_material_train.csv,data/features/dinov3_vitb16_remaining_attributes_assets.csv,classification,dinov3_frozen_embeddings_hist_gradient_boosting,hist_gradient_boosting,GroupKFold,2,5,107140,Timber,Timber,True
attr_abutment_material,attr_abutment_material,data/processed/train/attr_abutment_material_train.csv,data/features/dinov3_vitb16_remaining_attributes_assets.csv,classification,dinov3_frozen_embeddings_hist_gradient_boosting,hist_gradient_boosting,GroupKFold,2,5,110992,Timber,Timber,True
attr_abutment_material,attr_abutment_material,data/processed/train/attr_abutment_material_train.csv,data/features/dinov3_vitb16_remaining_attributes_assets.csv,classification,dinov3_frozen_embeddings_hist_gradient_boosting,hist_gradient_boosting,GroupKFold,2,5,112032,Timber,Timber,True
attr_abutment_material,attr_abutment_material,data/processed/train/attr_abutment_material_train.csv,data/features/dinov3_vitb16_remaining_attributes_assets.csv,classification,dinov3_frozen_embeddings_hist_gradient_boosting,hist_gradient_boosting,GroupKFold,2,5,112035,Timber,Timber,True
attr_abutment_material,attr_abutment_material,data/processed/train/attr_abutment_material_train.csv,data/features/dinov3_vitb16_remaining_attributes_assets.csv,classification,dinov3_frozen_embeddings_hist_gradient_boosting,hist_gradient_boosting,GroupKFold,2,5,113189,Timber,Timber,True
attr_abutment_material,attr_abutment_material,data/processed/train/attr_abutment_material_train.csv,data/features/dinov3_vitb16_remaining_attributes_assets.csv,classification,dinov3_frozen_embeddings_hist_gradient_boosting,hist_gradient_boosting,GroupKFold,2,5,47533,Concrete,Timber,False
attr_abutment_material,attr_abutment_material,data/processed/train/attr_abutment_material_train.csv,data/features/dinov3_vitb16_remaining_attributes_assets.csv,classification,dinov3_frozen_embeddings_hist_gradient_boosting,hist_gradient_boosting,GroupKFold,2,5,49060,Timber,Timber,True
attr_abutment_material,attr_abutment_material,data/processed/train/attr_abutment_material_train.csv,data/features/dinov3_vitb16_remaining_attributes_assets.csv,classification,dinov3_frozen_embeddings_hist_gradient_boosting,hist_gradient_boosting,GroupKFold,2,5,50821,Timber,Timber,True
attr_abutment_material,attr_abutment_material,data/processed/train/attr_abutment_material_train.csv,data/features/dinov3_vitb16_remaining_attributes_assets.csv,classification,dinov3_frozen_embeddings_hist_gradient_boosting,hist_gradient_boosting,GroupKFold,2,5,51524,Concrete,Concrete,True
attr_abutment_material,attr_abutment_material,data/processed/train/attr_abutment_material_train.csv,data/features/dinov3_vitb16_remaining_attributes_assets.csv,classification,dinov3_frozen_embeddings_hist_gradient_boosting,hist_gradient_boosting,GroupKFold,2,5,51526,Concrete,Concrete,True
attr_abutment_material,attr_abutment_material,data/processed/train/attr_abutment_material_train.csv,data/features/dinov3_vitb16_remaining_attributes_assets.csv,classification,dinov3_frozen_embeddings_hist_gradient_boosting,hist_gradient_boosting,GroupKFold,2,5,51528,Concrete,Timber,False
attr_abutment_material,attr_abutment_material,data/processed/train/attr_abutment_material_train.csv,data/features/dinov3_vitb16_remaining_attributes_assets.csv,classification,dinov3_frozen_embeddings_hist_gradient_boosting,hist_gradient_boosting,GroupKFold,2,5,51532,Gabions,Timber,False
attr_abutment_material,attr_abutment_material,data/processed/train/attr_abutment_material_train.csv,data/features/dinov3_vitb16_remaining_attributes_assets.csv,classification,dinov3_frozen_embeddings_hist_gradient_boosting,hist_gradient_boosting,GroupKFold,2,5,51798,Concrete,Steel,False
attr_abutment_material,attr_abutment_material,data/processed/train/attr_abutment_material_train.csv,data/features/dinov3_vitb16_remaining_attributes_assets.csv,classification,dinov3_frozen_embeddings_hist_gradient_boosting,hist_gradient_boosting,GroupKFold,2,5,51799,Concrete,Concrete,True
attr_abutment_material,attr_abutment_material,data/processed/train/attr_abutment_material_train.csv,data/features/dinov3_vitb16_remaining_attributes_assets.csv,classification,dinov3_frozen_embeddings_hist_gradient_boosting,hist_gradient_boosting,GroupKFold,2,5,53798,Gabions,Timber,False
attr_abutment_material,attr_abutment_material,data/processed/train/attr_abutment_material_train.csv,data/features/dinov3_vitb16_remaining_attributes_assets.csv,classification,dinov3_frozen_embeddings_hist_gradient_boosting,hist_gradient_boosting,GroupKFold,2,5,53983,Timber,Timber,True
attr_abutment_material,attr_abutment_material,data/processed/train/attr_abutment_material_train.csv,data/features/dinov3_vitb16_remaining_attributes_assets.csv,classification,dinov3_frozen_embeddings_hist_gradient_boosting,hist_gradient_boosting,GroupKFold,2,5,55637,Timber,Timber,True
attr_abutment_material,attr_abutment_material,data/processed/train/attr_abutment_material_train.csv,data/features/dinov3_vitb16_remaining_attributes_assets.csv,classification,dinov3_frozen_embeddings_hist_gradient_boosting,hist_gradient_boosting,GroupKFold,2,5,55642,Timber,Timber,True
attr_abutment_material,attr_abutment_material,data/processed/train/attr_abutment_material_train.csv,data/features/dinov3_vitb16_remaining_attributes_assets.csv,classification,dinov3_frozen_embeddings_hist_gradient_boosting,hist_gradient_boosting,GroupKFold,2,5,56470,Timber,Concrete,False
attr_abutment_material,attr_abutment_material,data/processed/train/attr_abutment_material_train.csv,data/features/dinov3_vitb16_remaining_attributes_assets.csv,classification,dinov3_frozen_embeddings_hist_gradient_boosting,hist_gradient_boosting,GroupKFold,2,5,56876,Timber,Timber,True
attr_abutment_material,attr_abutment_material,data/processed/train/attr_abutment_material_train.csv,data/features/dinov3_vitb16_remaining_attributes_assets.csv,classification,dinov3_frozen_embeddings_hist_gradient_boosting,hist_gradient_boosting,GroupKFold,2,5,57834,Steel,Concrete,False
attr_abutment_material,attr_abutment_material,data/processed/train/attr_abutment_material_train.csv,data/features/dinov3_vitb16_remaining_attributes_assets.csv,classification,dinov3_frozen_embeddings_hist_gradient_boosting,hist_gradient_boosting,GroupKFold,2,5,58163,Gabions,Timber,False
attr_abutment_material,attr_abutment_material,data/processed/train/attr_abutment_material_train.csv,data/features/dinov3_vitb16_remaining_attributes_assets.csv,classification,dinov3_frozen_embeddings_hist_gradient_boosting,hist_gradient_boosting,GroupKFold,2,5,58169,Timber,Timber,True
attr_abutment_material,attr_abutment_material,data/processed/train/attr_abutment_material_train.csv,data/features/dinov3_vitb16_remaining_attributes_assets.csv,classification,dinov3_frozen_embeddings_hist_gradient_boosting,hist_gradient_boosting,GroupKFold,2,5,58881,Timber,Concrete,False
attr_abutment_material,attr_abutment_material,data/processed/train/attr_abutment_material_train.csv,data/features/dinov3_vitb16_remaining_attributes_assets.csv,classification,dinov3_frozen_embeddings_hist_gradient_boosting,hist_gradient_boosting,GroupKFold,2,5,59060,Steel,Concrete,False
attr_abutment_material,attr_abutment_material,data/processed/train/attr_abutment_material_train.csv,data/features/dinov3_vitb16_remaining_attributes_assets.csv,classification,dinov3_frozen_embeddings_hist_gradient_boosting,hist_gradient_boosting,GroupKFold,2,5,63066,Concrete,Concrete,True
attr_abutment_material,attr_abutment_material,data/processed/train/attr_abutment_material_train.csv,data/features/dinov3_vitb16_remaining_attributes_assets.csv,classification,dinov3_frozen_embeddings_hist_gradient_boosting,hist_gradient_boosting,GroupKFold,2,5,63068,Concrete,Steel,False
attr_abutment_material,attr_abutment_material,data/processed/train/attr_abutment_material_train.csv,data/features/dinov3_vitb16_remaining_attributes_assets.csv,classification,dinov3_frozen_embeddings_hist_gradient_boosting,hist_gradient_boosting,GroupKFold,2,5,63633,Gabions,Timber,False
attr_abutment_material,attr_abutment_material,data/processed/train/attr_abutment_material_train.csv,data/features/dinov3_vitb16_remaining_attributes_assets.csv,classification,dinov3_frozen_embeddings_hist_gradient_boosting,hist_gradient_boosting,GroupKFold,2,5,65609,Concrete,Concrete,True
attr_abutment_material,attr_abutment_material,data/processed/train/attr_abutment_material_train.csv,data/features/dinov3_vitb16_remaining_attributes_assets.csv,classification,dinov3_frozen_embeddings_hist_gradient_boosting,hist_gradient_boosting,GroupKFold,2,5,66915,Steel,Concrete,False
attr_abutment_material,attr_abutment_material,data/processed/train/attr_abutment_material_train.csv,data/features/dinov3_vitb16_remaining_attributes_assets.csv,classification,dinov3_frozen_embeddings_hist_gradient_boosting,hist_gradient_boosting,GroupKFold,2,5,66920,Timber,Steel,False
attr_abutment_material,attr_abutment_material,data/processed/train/attr_abutment_material_train.csv,data/features/dinov3_vitb16_remaining_attributes_assets.csv,classification,dinov3_frozen_embeddings_hist_gradient_boosting,hist_gradient_boosting,GroupKFold,2,5,67465,Timber,Timber,True
attr_abutment_material,attr_abutment_material,data/processed/train/attr_abutment_material_train.csv,data/features/dinov3_vitb16_remaining_attributes_assets.csv,classification,dinov3_frozen_embeddings_hist_gradient_boosting,hist_gradient_boosting,GroupKFold,2,5,83133,Timber,Timber,True
attr_abutment_material,attr_abutment_material,data/processed/train/attr_abutment_material_train.csv,data/features/dinov3_vitb16_remaining_attributes_assets.csv,classification,dinov3_frozen_embeddings_hist_gradient_boosting,hist_gradient_boosting,GroupKFold,2,5,83140,Timber,Timber,True
attr_abutment_material,attr_abutment_material,data/processed/train/attr_abutment_material_train.csv,data/features/dinov3_vitb16_remaining_attributes_assets.csv,classification,dinov3_frozen_embeddings_hist_gradient_boosting,hist_gradient_boosting,GroupKFold,2,5,85487,Timber,Concrete,False
attr_abutment_material,attr_abutment_material,data/processed/train/attr_abutment_material_train.csv,data/features/dinov3_vitb16_remaining_attributes_assets.csv,classification,dinov3_frozen_embeddings_hist_gradient_boosting,hist_gradient_boosting,GroupKFold,2,5,86218,Timber,Timber,True
attr_abutment_material,attr_abutment_material,data/processed/train/attr_abutment_material_train.csv,data/features/dinov3_vitb16_remaining_attributes_assets.csv,classification,dinov3_frozen_embeddings_hist_gradient_boosting,hist_gradient_boosting,GroupKFold,2,5,86599,Concrete,Concrete,True
attr_abutment_material,attr_abutment_material,data/processed/train/attr_abutment_material_train.csv,data/features/dinov3_vitb16_remaining_attributes_assets.csv,classification,dinov3_frozen_embeddings_hist_gradient_boosting,hist_gradient_boosting,GroupKFold,2,5,87734,Timber,Timber,True
attr_abutment_material,attr_abutment_material,data/processed/train/attr_abutment_material_train.csv,data/features/dinov3_vitb16_remaining_attributes_assets.csv,classification,dinov3_frozen_embeddings_hist_gradient_boosting,hist_gradient_boosting,GroupKFold,2,5,55464,Steel,Concrete,False
attr_abutment_material,attr_abutment_material,data/processed/train/attr_abutment_material_train.csv,data/features/dinov3_vitb16_remaining_attributes_assets.csv,classification,dinov3_frozen_embeddings_hist_gradient_boosting,hist_gradient_boosting,GroupKFold,2,5,89438,Timber,Timber,True
attr_abutment_material,attr_abutment_material,data/processed/train/attr_abutment_material_train.csv,data/features/dinov3_vitb16_remaining_attributes_assets.csv,classification,dinov3_frozen_embeddings_hist_gradient_boosting,hist_gradient_boosting,GroupKFold,2,5,89440,Timber,Timber,True
attr_abutment_material,attr_abutment_material,data/processed/train/attr_abutment_material_train.csv,data/features/dinov3_vitb16_remaining_attributes_assets.csv,classification,dinov3_frozen_embeddings_hist_gradient_boosting,hist_gradient_boosting,GroupKFold,2,5,89441,Timber,Timber,True
attr_abutment_material,attr_abutment_material,data/processed/train/attr_abutment_material_train.csv,data/features/dinov3_vitb16_remaining_attributes_assets.csv,classification,dinov3_frozen_embeddings_hist_gradient_boosting,hist_gradient_boosting,GroupKFold,2,5,89450,Timber,Timber,True
attr_abutment_material,attr_abutment_material,data/processed/train/attr_abutment_material_train.csv,data/features/dinov3_vitb16_remaining_attributes_assets.csv,classification,dinov3_frozen_embeddings_hist_gradient_boosting,hist_gradient_boosting,GroupKFold,2,5,91711,Timber,Timber,True
attr_abutment_material,attr_abutment_material,data/processed/train/attr_abutment_material_train.csv,data/features/dinov3_vitb16_remaining_attributes_assets.csv,classification,dinov3_frozen_embeddings_hist_gradient_boosting,hist_gradient_boosting,GroupKFold,2,5,93038,Timber,Timber,True
attr_abutment_material,attr_abutment_material,data/processed/train/attr_abutment_material_train.csv,data/features/dinov3_vitb16_remaining_attributes_assets.csv,classification,dinov3_frozen_embeddings_hist_gradient_boosting,hist_gradient_boosting,GroupKFold,2,5,99454,Timber,Timber,True
attr_abutment_material,attr_abutment_material,data/processed/train/attr_abutment_material_train.csv,data/features/dinov3_vitb16_remaining_attributes_assets.csv,classification,dinov3_frozen_embeddings_hist_gradient_boosting,hist_gradient_boosting,GroupKFold,2,5,99612,Concrete,Concrete,True
attr_abutment_material,attr_abutment_material,data/processed/train/attr_abutment_material_train.csv,data/features/dinov3_vitb16_remaining_attributes_assets.csv,classification,dinov3_frozen_embeddings_hist_gradient_boosting,hist_gradient_boosting,GroupKFold,2,5,99614,Timber,Timber,True
attr_abutment_material,attr_abutment_material,data/processed/train/attr_abutment_material_train.csv,data/features/dinov3_vitb16_remaining_attributes_assets.csv,classification,dinov3_frozen_embeddings_hist_gradient_boosting,hist_gradient_boosting,GroupKFold,2,5,100274,Concrete,Gabions,False
attr_abutment_material,attr_abutment_material,data/processed/train/attr_abutment_material_train.csv,data/features/dinov3_vitb16_remaining_attributes_assets.csv,classification,dinov3_frozen_embeddings_hist_gradient_boosting,hist_gradient_boosting,GroupKFold,2,5,100479,Concrete,Timber,False
attr_abutment_material,attr_abutment_material,data/processed/train/attr_abutment_material_train.csv,data/features/dinov3_vitb16_remaining_attributes_assets.csv,classification,dinov3_frozen_embeddings_hist_gradient_boosting,hist_gradient_boosting,GroupKFold,2,5,100582,Timber,Timber,True
attr_abutment_material,attr_abutment_material,data/processed/train/attr_abutment_material_train.csv,data/features/dinov3_vitb16_remaining_attributes_assets.csv,classification,dinov3_frozen_embeddings_hist_gradient_boosting,hist_gradient_boosting,GroupKFold,2,5,100747,Timber,Timber,True
attr_abutment_material,attr_abutment_material,data/processed/train/attr_abutment_material_train.csv,data/features/dinov3_vitb16_remaining_attributes_assets.csv,classification,dinov3_frozen_embeddings_hist_gradient_boosting,hist_gradient_boosting,GroupKFold,2,5,101129,Timber,Timber,True
attr_abutment_material,attr_abutment_material,data/processed/train/attr_abutment_material_train.csv,data/features/dinov3_vitb16_remaining_attributes_assets.csv,classification,dinov3_frozen_embeddings_hist_gradient_boosting,hist_gradient_boosting,GroupKFold,2,5,101826,Timber,Timber,True
attr_abutment_material,attr_abutment_material,data/processed/train/attr_abutment_material_train.csv,data/features/dinov3_vitb16_remaining_attributes_assets.csv,classification,dinov3_frozen_embeddings_hist_gradient_boosting,hist_gradient_boosting,GroupKFold,2,5,101868,Timber,Timber,True
attr_abutment_material,attr_abutment_material,data/processed/train/attr_abutment_material_train.csv,data/features/dinov3_vitb16_remaining_attributes_assets.csv,classification,dinov3_frozen_embeddings_hist_gradient_boosting,hist_gradient_boosting,GroupKFold,2,5,102422,Timber,Timber,True
attr_abutment_material,attr_abutment_material,data/processed/train/attr_abutment_material_train.csv,data/features/dinov3_vitb16_remaining_attributes_assets.csv,classification,dinov3_frozen_embeddings_hist_gradient_boosting,hist_gradient_boosting,GroupKFold,2,5,102816,Timber,Timber,True
attr_abutment_material,attr_abutment_material,data/processed/train/attr_abutment_material_train.csv,data/features/dinov3_vitb16_remaining_attributes_assets.csv,classification,dinov3_frozen_embeddings_hist_gradient_boosting,hist_gradient_boosting,GroupKFold,2,5,104066,Timber,Timber,True
attr_abutment_material,attr_abutment_material,data/processed/train/attr_abutment_material_train.csv,data/features/dinov3_vitb16_remaining_attributes_assets.csv,classification,dinov3_frozen_embeddings_hist_gradient_boosting,hist_gradient_boosting,GroupKFold,2,5,106028,Timber,Timber,True
attr_abutment_material,attr_abutment_material,data/processed/train/attr_abutment_material_train.csv,data/features/dinov3_vitb16_remaining_attributes_assets.csv,classification,dinov3_frozen_embeddings_hist_gradient_boosting,hist_gradient_boosting,GroupKFold,2,5,106036,Timber,Timber,True
attr_abutment_material,attr_abutment_material,data/processed/train/attr_abutment_material_train.csv,data/features/dinov3_vitb16_remaining_attributes_assets.csv,classification,dinov3_frozen_embeddings_hist_gradient_boosting,hist_gradient_boosting,GroupKFold,2,5,107473,Timber,Timber,True
attr_abutment_material,attr_abutment_material,data/processed/train/attr_abutment_material_train.csv,data/features/dinov3_vitb16_remaining_attributes_assets.csv,classification,dinov3_frozen_embeddings_hist_gradient_boosting,hist_gradient_boosting,GroupKFold,2,5,107890,Steel,Steel,True
attr_abutment_material,attr_abutment_material,data/processed/train/attr_abutment_material_train.csv,data/features/dinov3_vitb16_remaining_attributes_assets.csv,classification,dinov3_frozen_embeddings_hist_gradient_boosting,hist_gradient_boosting,GroupKFold,2,5,107961,Timber,Timber,True
attr_abutment_material,attr_abutment_material,data/processed/train/attr_abutment_material_train.csv,data/features/dinov3_vitb16_remaining_attributes_assets.csv,classification,dinov3_frozen_embeddings_hist_gradient_boosting,hist_gradient_boosting,GroupKFold,2,5,107969,Steel,Steel,True
attr_abutment_material,attr_abutment_material,data/processed/train/attr_abutment_material_train.csv,data/features/dinov3_vitb16_remaining_attributes_assets.csv,classification,dinov3_frozen_embeddings_hist_gradient_boosting,hist_gradient_boosting,GroupKFold,2,5,108019,Timber,Timber,True
attr_abutment_material,attr_abutment_material,data/processed/train/attr_abutment_material_train.csv,data/features/dinov3_vitb16_remaining_attributes_assets.csv,classification,dinov3_frozen_embeddings_hist_gradient_boosting,hist_gradient_boosting,GroupKFold,2,5,108785,Timber,Timber,True
attr_abutment_material,attr_abutment_material,data/processed/train/attr_abutment_material_train.csv,data/features/dinov3_vitb16_remaining_attributes_assets.csv,classification,dinov3_frozen_embeddings_hist_gradient_boosting,hist_gradient_boosting,GroupKFold,2,5,109138,Steel,Steel,True
attr_abutment_material,attr_abutment_material,data/processed/train/attr_abutment_material_train.csv,data/features/dinov3_vitb16_remaining_attributes_assets.csv,classification,dinov3_frozen_embeddings_hist_gradient_boosting,hist_gradient_boosting,GroupKFold,2,5,109170,Timber,Timber,True
attr_abutment_material,attr_abutment_material,data/processed/train/attr_abutment_material_train.csv,data/features/dinov3_vitb16_remaining_attributes_assets.csv,classification,dinov3_frozen_embeddings_hist_gradient_boosting,hist_gradient_boosting,GroupKFold,2,5,109619,Gabions,Timber,False
attr_abutment_material,attr_abutment_material,data/processed/train/attr_abutment_material_train.csv,data/features/dinov3_vitb16_remaining_attributes_assets.csv,classification,dinov3_frozen_embeddings_hist_gradient_boosting,hist_gradient_boosting,GroupKFold,2,5,111862,Timber,Timber,True
attr_abutment_material,attr_abutment_material,data/processed/train/attr_abutment_material_train.csv,data/features/dinov3_vitb16_remaining_attributes_assets.csv,classification,dinov3_frozen_embeddings_hist_gradient_boosting,hist_gradient_boosting,GroupKFold,2,5,113153,Steel,Concrete,False
attr_abutment_material,attr_abutment_material,data/processed/train/attr_abutment_material_train.csv,data/features/dinov3_vitb16_remaining_attributes_assets.csv,classification,dinov3_frozen_embeddings_hist_gradient_boosting,hist_gradient_boosting,GroupKFold,2,5,113163,Timber,Concrete,False
attr_abutment_material,attr_abutment_material,data/processed/train/attr_abutment_material_train.csv,data/features/dinov3_vitb16_remaining_attributes_assets.csv,classification,dinov3_frozen_embeddings_hist_gradient_boosting,hist_gradient_boosting,GroupKFold,2,5,113803,Timber,Timber,True
attr_abutment_material,attr_abutment_material,data/processed/train/attr_abutment_material_train.csv,data/features/dinov3_vitb16_remaining_attributes_assets.csv,classification,dinov3_frozen_embeddings_hist_gradient_boosting,hist_gradient_boosting,GroupKFold,2,5,113804,Timber,Timber,True
attr_abutment_material,attr_abutment_material,data/processed/train/attr_abutment_material_train.csv,data/features/dinov3_vitb16_remaining_attributes_assets.csv,classification,dinov3_frozen_embeddings_hist_gradient_boosting,hist_gradient_boosting,GroupKFold,2,5,114635,Timber,Timber,True
attr_abutment_material,attr_abutment_material,data/processed/train/attr_abutment_material_train.csv,data/features/dinov3_vitb16_remaining_attributes_assets.csv,classification,dinov3_frozen_embeddings_hist_gradient_boosting,hist_gradient_boosting,GroupKFold,2,5,114923,Timber,Timber,True
attr_abutment_material,attr_abutment_material,data/processed/train/attr_abutment_material_train.csv,data/features/dinov3_vitb16_remaining_attributes_assets.csv,classification,dinov3_frozen_embeddings_hist_gradient_boosting,hist_gradient_boosting,GroupKFold,2,5,114962,Timber,Timber,True
attr_abutment_material,attr_abutment_material,data/processed/train/attr_abutment_material_train.csv,data/features/dinov3_vitb16_remaining_attributes_assets.csv,classification,dinov3_frozen_embeddings_hist_gradient_boosting,hist_gradient_boosting,GroupKFold,2,5,114963,Timber,Timber,True
attr_abutment_material,attr_abutment_material,data/processed/train/attr_abutment_material_train.csv,data/features/dinov3_vitb16_remaining_attributes_assets.csv,classification,dinov3_frozen_embeddings_hist_gradient_boosting,hist_gradient_boosting,GroupKFold,2,5,115870,Timber,Timber,True
attr_abutment_material,attr_abutment_material,data/processed/train/attr_abutment_material_train.csv,data/features/dinov3_vitb16_remaining_attributes_assets.csv,classification,dinov3_frozen_embeddings_hist_gradient_boosting,hist_gradient_boosting,GroupKFold,2,5,116690,Gabions,Timber,False
attr_abutment_material,attr_abutment_material,data/processed/train/attr_abutment_material_train.csv,data/features/dinov3_vitb16_remaining_attributes_assets.csv,classification,dinov3_frozen_embeddings_hist_gradient_boosting,hist_gradient_boosting,GroupKFold,2,5,116852,Timber,Timber,True
attr_abutment_material,attr_abutment_material,data/processed/train/attr_abutment_material_train.csv,data/features/dinov3_vitb16_remaining_attributes_assets.csv,classification,dinov3_frozen_embeddings_hist_gradient_boosting,hist_gradient_boosting,GroupKFold,2,5,117200,Timber,Timber,True
attr_abutment_material,attr_abutment_material,data/processed/train/attr_abutment_material_train.csv,data/features/dinov3_vitb16_remaining_attributes_assets.csv,classification,dinov3_frozen_embeddings_hist_gradient_boosting,hist_gradient_boosting,GroupKFold,2,5,117364,Timber,Timber,True
attr_abutment_material,attr_abutment_material,data/processed/train/attr_abutment_material_train.csv,data/features/dinov3_vitb16_remaining_attributes_assets.csv,classification,dinov3_frozen_embeddings_hist_gradient_boosting,hist_gradient_boosting,GroupKFold,2,5,118250,Timber,Timber,True
attr_abutment_material,attr_abutment_material,data/processed/train/attr_abutment_material_train.csv,data/features/dinov3_vitb16_remaining_attributes_assets.csv,classification,dinov3_frozen_embeddings_hist_gradient_boosting,hist_gradient_boosting,GroupKFold,2,5,118923,Concrete,Gabions,False
attr_abutment_material,attr_abutment_material,data/processed/train/attr_abutment_material_train.csv,data/features/dinov3_vitb16_remaining_attributes_assets.csv,classification,dinov3_frozen_embeddings_hist_gradient_boosting,hist_gradient_boosting,GroupKFold,2,5,119099,Steel,Concrete,False
attr_abutment_material,attr_abutment_material,data/processed/train/attr_abutment_material_train.csv,data/features/dinov3_vitb16_remaining_attributes_assets.csv,classification,dinov3_frozen_embeddings_hist_gradient_boosting,hist_gradient_boosting,GroupKFold,2,5,119863,Timber,Timber,True
attr_abutment_material,attr_abutment_material,data/processed/train/attr_abutment_material_train.csv,data/features/dinov3_vitb16_remaining_attributes_assets.csv,classification,dinov3_frozen_embeddings_hist_gradient_boosting,hist_gradient_boosting,GroupKFold,2,5,120294,Timber,Timber,True
attr_abutment_material,attr_abutment_material,data/processed/train/attr_abutment_material_train.csv,data/features/dinov3_vitb16_remaining_attributes_assets.csv,classification,dinov3_frozen_embeddings_hist_gradient_boosting,hist_gradient_boosting,GroupKFold,2,5,122444,Concrete,Timber,False
attr_abutment_material,attr_abutment_material,data/processed/train/attr_abutment_material_train.csv,data/features/dinov3_vitb16_remaining_attributes_assets.csv,classification,dinov3_frozen_embeddings_hist_gradient_boosting,hist_gradient_boosting,GroupKFold,2,5,122442,Concrete,Concrete,True
attr_abutment_material,attr_abutment_material,data/processed/train/attr_abutment_material_train.csv,data/features/dinov3_vitb16_remaining_attributes_assets.csv,classification,dinov3_frozen_embeddings_hist_gradient_boosting,hist_gradient_boosting,GroupKFold,2,5,123167,Timber,Timber,True
attr_abutment_material,attr_abutment_material,data/processed/train/attr_abutment_material_train.csv,data/features/dinov3_vitb16_remaining_attributes_assets.csv,classification,dinov3_frozen_embeddings_hist_gradient_boosting,hist_gradient_boosting,GroupKFold,2,5,123218,Timber,Timber,True
attr_abutment_material,attr_abutment_material,data/processed/train/attr_abutment_material_train.csv,data/features/dinov3_vitb16_remaining_attributes_assets.csv,classification,dinov3_frozen_embeddings_hist_gradient_boosting,hist_gradient_boosting,GroupKFold,2,5,123310,Timber,Timber,True
attr_abutment_material,attr_abutment_material,data/processed/train/attr_abutment_material_train.csv,data/features/dinov3_vitb16_remaining_attributes_assets.csv,classification,dinov3_frozen_embeddings_hist_gradient_boosting,hist_gradient_boosting,GroupKFold,2,5,126178,Timber,Timber,True
attr_abutment_material,attr_abutment_material,data/processed/train/attr_abutment_material_train.csv,data/features/dinov3_vitb16_remaining_attributes_assets.csv,classification,dinov3_frozen_embeddings_hist_gradient_boosting,hist_gradient_boosting,GroupKFold,2,5,126340,Concrete,Gabions,False
attr_abutment_material,attr_abutment_material,data/processed/train/attr_abutment_material_train.csv,data/features/dinov3_vitb16_remaining_attributes_assets.csv,classification,dinov3_frozen_embeddings_hist_gradient_boosting,hist_gradient_boosting,GroupKFold,2,5,126736,Timber,Timber,True
attr_abutment_material,attr_abutment_material,data/processed/train/attr_abutment_material_train.csv,data/features/dinov3_vitb16_remaining_attributes_assets.csv,classification,dinov3_frozen_embeddings_hist_gradient_boosting,hist_gradient_boosting,GroupKFold,2,5,126793,Aluminum Sill Fill,Timber,False
attr_abutment_material,attr_abutment_material,data/processed/train/attr_abutment_material_train.csv,data/features/dinov3_vitb16_remaining_attributes_assets.csv,classification,dinov3_frozen_embeddings_hist_gradient_boosting,hist_gradient_boosting,GroupKFold,2,5,126801,Gabions,Aluminum Sill Fill,False
attr_abutment_material,attr_abutment_material,data/processed/train/attr_abutment_material_train.csv,data/features/dinov3_vitb16_remaining_attributes_assets.csv,classification,dinov3_frozen_embeddings_hist_gradient_boosting,hist_gradient_boosting,GroupKFold,2,5,126809,Timber,Timber,True
attr_abutment_material,attr_abutment_material,data/processed/train/attr_abutment_material_train.csv,data/features/dinov3_vitb16_remaining_attributes_assets.csv,classification,dinov3_frozen_embeddings_hist_gradient_boosting,hist_gradient_boosting,GroupKFold,2,5,127147,Timber,Timber,True
attr_abutment_material,attr_abutment_material,data/processed/train/attr_abutment_material_train.csv,data/features/dinov3_vitb16_remaining_attributes_assets.csv,classification,dinov3_frozen_embeddings_hist_gradient_boosting,hist_gradient_boosting,GroupKFold,2,5,128830,Timber,Timber,True
attr_abutment_material,attr_abutment_material,data/processed/train/attr_abutment_material_train.csv,data/features/dinov3_vitb16_remaining_attributes_assets.csv,classification,dinov3_frozen_embeddings_hist_gradient_boosting,hist_gradient_boosting,GroupKFold,2,5,129739,Timber,Timber,True
attr_abutment_material,attr_abutment_material,data/processed/train/attr_abutment_material_train.csv,data/features/dinov3_vitb16_remaining_attributes_assets.csv,classification,dinov3_frozen_embeddings_hist_gradient_boosting,hist_gradient_boosting,GroupKFold,2,5,129491,Timber,Gabions,False
attr_abutment_material,attr_abutment_material,data/processed/train/attr_abutment_material_train.csv,data/features/dinov3_vitb16_remaining_attributes_assets.csv,classification,dinov3_frozen_embeddings_hist_gradient_boosting,hist_gradient_boosting,GroupKFold,3,5,86152,Timber,Timber,True
attr_abutment_material,attr_abutment_material,data/processed/train/attr_abutment_material_train.csv,data/features/dinov3_vitb16_remaining_attributes_assets.csv,classification,dinov3_frozen_embeddings_hist_gradient_boosting,hist_gradient_boosting,GroupKFold,3,5,87575,Timber,Timber,True
attr_abutment_material,attr_abutment_material,data/processed/train/attr_abutment_material_train.csv,data/features/dinov3_vitb16_remaining_attributes_assets.csv,classification,dinov3_frozen_embeddings_hist_gradient_boosting,hist_gradient_boosting,GroupKFold,3,5,89575,Timber,Timber,True
attr_abutment_material,attr_abutment_material,data/processed/train/attr_abutment_material_train.csv,data/features/dinov3_vitb16_remaining_attributes_assets.csv,classification,dinov3_frozen_embeddings_hist_gradient_boosting,hist_gradient_boosting,GroupKFold,3,5,89594,Timber,Timber,True
attr_abutment_material,attr_abutment_material,data/processed/train/attr_abutment_material_train.csv,data/features/dinov3_vitb16_remaining_attributes_assets.csv,classification,dinov3_frozen_embeddings_hist_gradient_boosting,hist_gradient_boosting,GroupKFold,3,5,89595,Timber,Timber,True
attr_abutment_material,attr_abutment_material,data/processed/train/attr_abutment_material_train.csv,data/features/dinov3_vitb16_remaining_attributes_assets.csv,classification,dinov3_frozen_embeddings_hist_gradient_boosting,hist_gradient_boosting,GroupKFold,3,5,116621,Timber,Timber,True
attr_abutment_material,attr_abutment_material,data/processed/train/attr_abutment_material_train.csv,data/features/dinov3_vitb16_remaining_attributes_assets.csv,classification,dinov3_frozen_embeddings_hist_gradient_boosting,hist_gradient_boosting,GroupKFold,3,5,117013,Timber,Timber,True
attr_abutment_material,attr_abutment_material,data/processed/train/attr_abutment_material_train.csv,data/features/dinov3_vitb16_remaining_attributes_assets.csv,classification,dinov3_frozen_embeddings_hist_gradient_boosting,hist_gradient_boosting,GroupKFold,3,5,117015,Timber,Timber,True
attr_abutment_material,attr_abutment_material,data/processed/train/attr_abutment_material_train.csv,data/features/dinov3_vitb16_remaining_attributes_assets.csv,classification,dinov3_frozen_embeddings_hist_gradient_boosting,hist_gradient_boosting,GroupKFold,3,5,118770,Concrete,Timber,False
attr_abutment_material,attr_abutment_material,data/processed/train/attr_abutment_material_train.csv,data/features/dinov3_vitb16_remaining_attributes_assets.csv,classification,dinov3_frozen_embeddings_hist_gradient_boosting,hist_gradient_boosting,GroupKFold,3,5,48111,Timber,Timber,True
attr_abutment_material,attr_abutment_material,data/processed/train/attr_abutment_material_train.csv,data/features/dinov3_vitb16_remaining_attributes_assets.csv,classification,dinov3_frozen_embeddings_hist_gradient_boosting,hist_gradient_boosting,GroupKFold,3,5,49057,Steel,Timber,False
attr_abutment_material,attr_abutment_material,data/processed/train/attr_abutment_material_train.csv,data/features/dinov3_vitb16_remaining_attributes_assets.csv,classification,dinov3_frozen_embeddings_hist_gradient_boosting,hist_gradient_boosting,GroupKFold,3,5,50822,Steel,Timber,False
attr_abutment_material,attr_abutment_material,data/processed/train/attr_abutment_material_train.csv,data/features/dinov3_vitb16_remaining_attributes_assets.csv,classification,dinov3_frozen_embeddings_hist_gradient_boosting,hist_gradient_boosting,GroupKFold,3,5,51533,Concrete,Concrete,True
attr_abutment_material,attr_abutment_material,data/processed/train/attr_abutment_material_train.csv,data/features/dinov3_vitb16_remaining_attributes_assets.csv,classification,dinov3_frozen_embeddings_hist_gradient_boosting,hist_gradient_boosting,GroupKFold,3,5,51858,Timber,Concrete,False
attr_abutment_material,attr_abutment_material,data/processed/train/attr_abutment_material_train.csv,data/features/dinov3_vitb16_remaining_attributes_assets.csv,classification,dinov3_frozen_embeddings_hist_gradient_boosting,hist_gradient_boosting,GroupKFold,3,5,54324,Steel,Steel,True
attr_abutment_material,attr_abutment_material,data/processed/train/attr_abutment_material_train.csv,data/features/dinov3_vitb16_remaining_attributes_assets.csv,classification,dinov3_frozen_embeddings_hist_gradient_boosting,hist_gradient_boosting,GroupKFold,3,5,54322,Steel,Timber,False
attr_abutment_material,attr_abutment_material,data/processed/train/attr_abutment_material_train.csv,data/features/dinov3_vitb16_remaining_attributes_assets.csv,classification,dinov3_frozen_embeddings_hist_gradient_boosting,hist_gradient_boosting,GroupKFold,3,5,54327,Steel,Timber,False
attr_abutment_material,attr_abutment_material,data/processed/train/attr_abutment_material_train.csv,data/features/dinov3_vitb16_remaining_attributes_assets.csv,classification,dinov3_frozen_embeddings_hist_gradient_boosting,hist_gradient_boosting,GroupKFold,3,5,55635,Concrete,Concrete,True
attr_abutment_material,attr_abutment_material,data/processed/train/attr_abutment_material_train.csv,data/features/dinov3_vitb16_remaining_attributes_assets.csv,classification,dinov3_frozen_embeddings_hist_gradient_boosting,hist_gradient_boosting,GroupKFold,3,5,55640,Timber,Timber,True
attr_abutment_material,attr_abutment_material,data/processed/train/attr_abutment_material_train.csv,data/features/dinov3_vitb16_remaining_attributes_assets.csv,classification,dinov3_frozen_embeddings_hist_gradient_boosting,hist_gradient_boosting,GroupKFold,3,5,55798,Timber,Timber,True
attr_abutment_material,attr_abutment_material,data/processed/train/attr_abutment_material_train.csv,data/features/dinov3_vitb16_remaining_attributes_assets.csv,classification,dinov3_frozen_embeddings_hist_gradient_boosting,hist_gradient_boosting,GroupKFold,3,5,58162,Timber,Concrete,False
attr_abutment_material,attr_abutment_material,data/processed/train/attr_abutment_material_train.csv,data/features/dinov3_vitb16_remaining_attributes_assets.csv,classification,dinov3_frozen_embeddings_hist_gradient_boosting,hist_gradient_boosting,GroupKFold,3,5,58954,Timber,Timber,True
attr_abutment_material,attr_abutment_material,data/processed/train/attr_abutment_material_train.csv,data/features/dinov3_vitb16_remaining_attributes_assets.csv,classification,dinov3_frozen_embeddings_hist_gradient_boosting,hist_gradient_boosting,GroupKFold,3,5,61111,Timber,Timber,True
attr_abutment_material,attr_abutment_material,data/processed/train/attr_abutment_material_train.csv,data/features/dinov3_vitb16_remaining_attributes_assets.csv,classification,dinov3_frozen_embeddings_hist_gradient_boosting,hist_gradient_boosting,GroupKFold,3,5,63597,Concrete,Timber,False
attr_abutment_material,attr_abutment_material,data/processed/train/attr_abutment_material_train.csv,data/features/dinov3_vitb16_remaining_attributes_assets.csv,classification,dinov3_frozen_embeddings_hist_gradient_boosting,hist_gradient_boosting,GroupKFold,3,5,64102,Concrete,Concrete,True
attr_abutment_material,attr_abutment_material,data/processed/train/attr_abutment_material_train.csv,data/features/dinov3_vitb16_remaining_attributes_assets.csv,classification,dinov3_frozen_embeddings_hist_gradient_boosting,hist_gradient_boosting,GroupKFold,3,5,64110,Concrete,Concrete,True
attr_abutment_material,attr_abutment_material,data/processed/train/attr_abutment_material_train.csv,data/features/dinov3_vitb16_remaining_attributes_assets.csv,classification,dinov3_frozen_embeddings_hist_gradient_boosting,hist_gradient_boosting,GroupKFold,3,5,64116,Concrete,Concrete,True
attr_abutment_material,attr_abutment_material,data/processed/train/attr_abutment_material_train.csv,data/features/dinov3_vitb16_remaining_attributes_assets.csv,classification,dinov3_frozen_embeddings_hist_gradient_boosting,hist_gradient_boosting,GroupKFold,3,5,64138,Timber,Timber,True
attr_abutment_material,attr_abutment_material,data/processed/train/attr_abutment_material_train.csv,data/features/dinov3_vitb16_remaining_attributes_assets.csv,classification,dinov3_frozen_embeddings_hist_gradient_boosting,hist_gradient_boosting,GroupKFold,3,5,65790,Concrete,Gabions,False
attr_abutment_material,attr_abutment_material,data/processed/train/attr_abutment_material_train.csv,data/features/dinov3_vitb16_remaining_attributes_assets.csv,classification,dinov3_frozen_embeddings_hist_gradient_boosting,hist_gradient_boosting,GroupKFold,3,5,67205,Concrete,Steel,False
attr_abutment_material,attr_abutment_material,data/processed/train/attr_abutment_material_train.csv,data/features/dinov3_vitb16_remaining_attributes_assets.csv,classification,dinov3_frozen_embeddings_hist_gradient_boosting,hist_gradient_boosting,GroupKFold,3,5,79980,Timber,Concrete,False
attr_abutment_material,attr_abutment_material,data/processed/train/attr_abutment_material_train.csv,data/features/dinov3_vitb16_remaining_attributes_assets.csv,classification,dinov3_frozen_embeddings_hist_gradient_boosting,hist_gradient_boosting,GroupKFold,3,5,83116,Timber,Gabions,False
attr_abutment_material,attr_abutment_material,data/processed/train/attr_abutment_material_train.csv,data/features/dinov3_vitb16_remaining_attributes_assets.csv,classification,dinov3_frozen_embeddings_hist_gradient_boosting,hist_gradient_boosting,GroupKFold,3,5,83132,Timber,Timber,True
attr_abutment_material,attr_abutment_material,data/processed/train/attr_abutment_material_train.csv,data/features/dinov3_vitb16_remaining_attributes_assets.csv,classification,dinov3_frozen_embeddings_hist_gradient_boosting,hist_gradient_boosting,GroupKFold,3,5,85210,Timber,Timber,True
attr_abutment_material,attr_abutment_material,data/processed/train/attr_abutment_material_train.csv,data/features/dinov3_vitb16_remaining_attributes_assets.csv,classification,dinov3_frozen_embeddings_hist_gradient_boosting,hist_gradient_boosting,GroupKFold,3,5,86055,Timber,Timber,True
attr_abutment_material,attr_abutment_material,data/processed/train/attr_abutment_material_train.csv,data/features/dinov3_vitb16_remaining_attributes_assets.csv,classification,dinov3_frozen_embeddings_hist_gradient_boosting,hist_gradient_boosting,GroupKFold,3,5,86158,Timber,Timber,True
attr_abutment_material,attr_abutment_material,data/processed/train/attr_abutment_material_train.csv,data/features/dinov3_vitb16_remaining_attributes_assets.csv,classification,dinov3_frozen_embeddings_hist_gradient_boosting,hist_gradient_boosting,GroupKFold,3,5,86369,Concrete,Concrete,True
attr_abutment_material,attr_abutment_material,data/processed/train/attr_abutment_material_train.csv,data/features/dinov3_vitb16_remaining_attributes_assets.csv,classification,dinov3_frozen_embeddings_hist_gradient_boosting,hist_gradient_boosting,GroupKFold,3,5,86521,Concrete,Concrete,True
attr_abutment_material,attr_abutment_material,data/processed/train/attr_abutment_material_train.csv,data/features/dinov3_vitb16_remaining_attributes_assets.csv,classification,dinov3_frozen_embeddings_hist_gradient_boosting,hist_gradient_boosting,GroupKFold,3,5,88254,Timber,Timber,True
attr_abutment_material,attr_abutment_material,data/processed/train/attr_abutment_material_train.csv,data/features/dinov3_vitb16_remaining_attributes_assets.csv,classification,dinov3_frozen_embeddings_hist_gradient_boosting,hist_gradient_boosting,GroupKFold,3,5,89442,Timber,Timber,True
attr_abutment_material,attr_abutment_material,data/processed/train/attr_abutment_material_train.csv,data/features/dinov3_vitb16_remaining_attributes_assets.csv,classification,dinov3_frozen_embeddings_hist_gradient_boosting,hist_gradient_boosting,GroupKFold,3,5,89449,Timber,Timber,True
attr_abutment_material,attr_abutment_material,data/processed/train/attr_abutment_material_train.csv,data/features/dinov3_vitb16_remaining_attributes_assets.csv,classification,dinov3_frozen_embeddings_hist_gradient_boosting,hist_gradient_boosting,GroupKFold,3,5,89589,Timber,Timber,True
attr_abutment_material,attr_abutment_material,data/processed/train/attr_abutment_material_train.csv,data/features/dinov3_vitb16_remaining_attributes_assets.csv,classification,dinov3_frozen_embeddings_hist_gradient_boosting,hist_gradient_boosting,GroupKFold,3,5,89761,Timber,Timber,True
attr_abutment_material,attr_abutment_material,data/processed/train/attr_abutment_material_train.csv,data/features/dinov3_vitb16_remaining_attributes_assets.csv,classification,dinov3_frozen_embeddings_hist_gradient_boosting,hist_gradient_boosting,GroupKFold,3,5,90361,Timber,Timber,True
attr_abutment_material,attr_abutment_material,data/processed/train/attr_abutment_material_train.csv,data/features/dinov3_vitb16_remaining_attributes_assets.csv,classification,dinov3_frozen_embeddings_hist_gradient_boosting,hist_gradient_boosting,GroupKFold,3,5,92800,Timber,Timber,True
attr_abutment_material,attr_abutment_material,data/processed/train/attr_abutment_material_train.csv,data/features/dinov3_vitb16_remaining_attributes_assets.csv,classification,dinov3_frozen_embeddings_hist_gradient_boosting,hist_gradient_boosting,GroupKFold,3,5,93007,Timber,Timber,True
attr_abutment_material,attr_abutment_material,data/processed/train/attr_abutment_material_train.csv,data/features/dinov3_vitb16_remaining_attributes_assets.csv,classification,dinov3_frozen_embeddings_hist_gradient_boosting,hist_gradient_boosting,GroupKFold,3,5,93041,Timber,Timber,True
attr_abutment_material,attr_abutment_material,data/processed/train/attr_abutment_material_train.csv,data/features/dinov3_vitb16_remaining_attributes_assets.csv,classification,dinov3_frozen_embeddings_hist_gradient_boosting,hist_gradient_boosting,GroupKFold,3,5,95938,Steel,Steel,True
attr_abutment_material,attr_abutment_material,data/processed/train/attr_abutment_material_train.csv,data/features/dinov3_vitb16_remaining_attributes_assets.csv,classification,dinov3_frozen_embeddings_hist_gradient_boosting,hist_gradient_boosting,GroupKFold,3,5,97816,Gabions,Concrete,False
attr_abutment_material,attr_abutment_material,data/processed/train/attr_abutment_material_train.csv,data/features/dinov3_vitb16_remaining_attributes_assets.csv,classification,dinov3_frozen_embeddings_hist_gradient_boosting,hist_gradient_boosting,GroupKFold,3,5,99611,Gabions,Timber,False
attr_abutment_material,attr_abutment_material,data/processed/train/attr_abutment_material_train.csv,data/features/dinov3_vitb16_remaining_attributes_assets.csv,classification,dinov3_frozen_embeddings_hist_gradient_boosting,hist_gradient_boosting,GroupKFold,3,5,99814,Steel,Gabions,False
attr_abutment_material,attr_abutment_material,data/processed/train/attr_abutment_material_train.csv,data/features/dinov3_vitb16_remaining_attributes_assets.csv,classification,dinov3_frozen_embeddings_hist_gradient_boosting,hist_gradient_boosting,GroupKFold,3,5,100111,Concrete,Concrete,True
attr_abutment_material,attr_abutment_material,data/processed/train/attr_abutment_material_train.csv,data/features/dinov3_vitb16_remaining_attributes_assets.csv,classification,dinov3_frozen_embeddings_hist_gradient_boosting,hist_gradient_boosting,GroupKFold,3,5,100140,Concrete,Concrete,True
attr_abutment_material,attr_abutment_material,data/processed/train/attr_abutment_material_train.csv,data/features/dinov3_vitb16_remaining_attributes_assets.csv,classification,dinov3_frozen_embeddings_hist_gradient_boosting,hist_gradient_boosting,GroupKFold,3,5,100269,Gabions,Timber,False
attr_abutment_material,attr_abutment_material,data/processed/train/attr_abutment_material_train.csv,data/features/dinov3_vitb16_remaining_attributes_assets.csv,classification,dinov3_frozen_embeddings_hist_gradient_boosting,hist_gradient_boosting,GroupKFold,3,5,100270,Concrete,Timber,False
attr_abutment_material,attr_abutment_material,data/processed/train/attr_abutment_material_train.csv,data/features/dinov3_vitb16_remaining_attributes_assets.csv,classification,dinov3_frozen_embeddings_hist_gradient_boosting,hist_gradient_boosting,GroupKFold,3,5,100347,Timber,Timber,True
attr_abutment_material,attr_abutment_material,data/processed/train/attr_abutment_material_train.csv,data/features/dinov3_vitb16_remaining_attributes_assets.csv,classification,dinov3_frozen_embeddings_hist_gradient_boosting,hist_gradient_boosting,GroupKFold,3,5,100446,Gabions,Gabions,True
attr_abutment_material,attr_abutment_material,data/processed/train/attr_abutment_material_train.csv,data/features/dinov3_vitb16_remaining_attributes_assets.csv,classification,dinov3_frozen_embeddings_hist_gradient_boosting,hist_gradient_boosting,GroupKFold,3,5,101988,Timber,Timber,True
attr_abutment_material,attr_abutment_material,data/processed/train/attr_abutment_material_train.csv,data/features/dinov3_vitb16_remaining_attributes_assets.csv,classification,dinov3_frozen_embeddings_hist_gradient_boosting,hist_gradient_boosting,GroupKFold,3,5,102341,Timber,Timber,True
attr_abutment_material,attr_abutment_material,data/processed/train/attr_abutment_material_train.csv,data/features/dinov3_vitb16_remaining_attributes_assets.csv,classification,dinov3_frozen_embeddings_hist_gradient_boosting,hist_gradient_boosting,GroupKFold,3,5,102344,Timber,Timber,True
attr_abutment_material,attr_abutment_material,data/processed/train/attr_abutment_material_train.csv,data/features/dinov3_vitb16_remaining_attributes_assets.csv,classification,dinov3_frozen_embeddings_hist_gradient_boosting,hist_gradient_boosting,GroupKFold,3,5,102352,Timber,Timber,True
attr_abutment_material,attr_abutment_material,data/processed/train/attr_abutment_material_train.csv,data/features/dinov3_vitb16_remaining_attributes_assets.csv,classification,dinov3_frozen_embeddings_hist_gradient_boosting,hist_gradient_boosting,GroupKFold,3,5,102353,Timber,Timber,True
attr_abutment_material,attr_abutment_material,data/processed/train/attr_abutment_material_train.csv,data/features/dinov3_vitb16_remaining_attributes_assets.csv,classification,dinov3_frozen_embeddings_hist_gradient_boosting,hist_gradient_boosting,GroupKFold,3,5,102354,Timber,Timber,True
attr_abutment_material,attr_abutment_material,data/processed/train/attr_abutment_material_train.csv,data/features/dinov3_vitb16_remaining_attributes_assets.csv,classification,dinov3_frozen_embeddings_hist_gradient_boosting,hist_gradient_boosting,GroupKFold,3,5,102355,Timber,Timber,True
attr_abutment_material,attr_abutment_material,data/processed/train/attr_abutment_material_train.csv,data/features/dinov3_vitb16_remaining_attributes_assets.csv,classification,dinov3_frozen_embeddings_hist_gradient_boosting,hist_gradient_boosting,GroupKFold,3,5,102359,Timber,Timber,True
attr_abutment_material,attr_abutment_material,data/processed/train/attr_abutment_material_train.csv,data/features/dinov3_vitb16_remaining_attributes_assets.csv,classification,dinov3_frozen_embeddings_hist_gradient_boosting,hist_gradient_boosting,GroupKFold,3,5,102360,Timber,Timber,True
attr_abutment_material,attr_abutment_material,data/processed/train/attr_abutment_material_train.csv,data/features/dinov3_vitb16_remaining_attributes_assets.csv,classification,dinov3_frozen_embeddings_hist_gradient_boosting,hist_gradient_boosting,GroupKFold,3,5,102373,Timber,Timber,True
attr_abutment_material,attr_abutment_material,data/processed/train/attr_abutment_material_train.csv,data/features/dinov3_vitb16_remaining_attributes_assets.csv,classification,dinov3_frozen_embeddings_hist_gradient_boosting,hist_gradient_boosting,GroupKFold,3,5,102468,Timber,Timber,True
attr_abutment_material,attr_abutment_material,data/processed/train/attr_abutment_material_train.csv,data/features/dinov3_vitb16_remaining_attributes_assets.csv,classification,dinov3_frozen_embeddings_hist_gradient_boosting,hist_gradient_boosting,GroupKFold,3,5,102849,Timber,Timber,True
attr_abutment_material,attr_abutment_material,data/processed/train/attr_abutment_material_train.csv,data/features/dinov3_vitb16_remaining_attributes_assets.csv,classification,dinov3_frozen_embeddings_hist_gradient_boosting,hist_gradient_boosting,GroupKFold,3,5,103721,Timber,Timber,True
attr_abutment_material,attr_abutment_material,data/processed/train/attr_abutment_material_train.csv,data/features/dinov3_vitb16_remaining_attributes_assets.csv,classification,dinov3_frozen_embeddings_hist_gradient_boosting,hist_gradient_boosting,GroupKFold,3,5,104083,Timber,Timber,True
attr_abutment_material,attr_abutment_material,data/processed/train/attr_abutment_material_train.csv,data/features/dinov3_vitb16_remaining_attributes_assets.csv,classification,dinov3_frozen_embeddings_hist_gradient_boosting,hist_gradient_boosting,GroupKFold,3,5,104086,Timber,Timber,True
attr_abutment_material,attr_abutment_material,data/processed/train/attr_abutment_material_train.csv,data/features/dinov3_vitb16_remaining_attributes_assets.csv,classification,dinov3_frozen_embeddings_hist_gradient_boosting,hist_gradient_boosting,GroupKFold,3,5,104088,Timber,Timber,True
attr_abutment_material,attr_abutment_material,data/processed/train/attr_abutment_material_train.csv,data/features/dinov3_vitb16_remaining_attributes_assets.csv,classification,dinov3_frozen_embeddings_hist_gradient_boosting,hist_gradient_boosting,GroupKFold,3,5,104159,Timber,Timber,True
attr_abutment_material,attr_abutment_material,data/processed/train/attr_abutment_material_train.csv,data/features/dinov3_vitb16_remaining_attributes_assets.csv,classification,dinov3_frozen_embeddings_hist_gradient_boosting,hist_gradient_boosting,GroupKFold,3,5,104857,Steel,Steel,True
attr_abutment_material,attr_abutment_material,data/processed/train/attr_abutment_material_train.csv,data/features/dinov3_vitb16_remaining_attributes_assets.csv,classification,dinov3_frozen_embeddings_hist_gradient_boosting,hist_gradient_boosting,GroupKFold,3,5,105449,Timber,Timber,True
attr_abutment_material,attr_abutment_material,data/processed/train/attr_abutment_material_train.csv,data/features/dinov3_vitb16_remaining_attributes_assets.csv,classification,dinov3_frozen_embeddings_hist_gradient_boosting,hist_gradient_boosting,GroupKFold,3,5,106030,Timber,Timber,True
attr_abutment_material,attr_abutment_material,data/processed/train/attr_abutment_material_train.csv,data/features/dinov3_vitb16_remaining_attributes_assets.csv,classification,dinov3_frozen_embeddings_hist_gradient_boosting,hist_gradient_boosting,GroupKFold,3,5,107895,Steel,Steel,True
attr_abutment_material,attr_abutment_material,data/processed/train/attr_abutment_material_train.csv,data/features/dinov3_vitb16_remaining_attributes_assets.csv,classification,dinov3_frozen_embeddings_hist_gradient_boosting,hist_gradient_boosting,GroupKFold,3,5,107897,Timber,Timber,True
attr_abutment_material,attr_abutment_material,data/processed/train/attr_abutment_material_train.csv,data/features/dinov3_vitb16_remaining_attributes_assets.csv,classification,dinov3_frozen_embeddings_hist_gradient_boosting,hist_gradient_boosting,GroupKFold,3,5,107898,Timber,Timber,True
attr_abutment_material,attr_abutment_material,data/processed/train/attr_abutment_material_train.csv,data/features/dinov3_vitb16_remaining_attributes_assets.csv,classification,dinov3_frozen_embeddings_hist_gradient_boosting,hist_gradient_boosting,GroupKFold,3,5,107912,Timber,Timber,True
attr_abutment_material,attr_abutment_material,data/processed/train/attr_abutment_material_train.csv,data/features/dinov3_vitb16_remaining_attributes_assets.csv,classification,dinov3_frozen_embeddings_hist_gradient_boosting,hist_gradient_boosting,GroupKFold,3,5,108107,Timber,Timber,True
attr_abutment_material,attr_abutment_material,data/processed/train/attr_abutment_material_train.csv,data/features/dinov3_vitb16_remaining_attributes_assets.csv,classification,dinov3_frozen_embeddings_hist_gradient_boosting,hist_gradient_boosting,GroupKFold,3,5,109148,Timber,Timber,True
attr_abutment_material,attr_abutment_material,data/processed/train/attr_abutment_material_train.csv,data/features/dinov3_vitb16_remaining_attributes_assets.csv,classification,dinov3_frozen_embeddings_hist_gradient_boosting,hist_gradient_boosting,GroupKFold,3,5,109334,Timber,Timber,True
attr_abutment_material,attr_abutment_material,data/processed/train/attr_abutment_material_train.csv,data/features/dinov3_vitb16_remaining_attributes_assets.csv,classification,dinov3_frozen_embeddings_hist_gradient_boosting,hist_gradient_boosting,GroupKFold,3,5,109407,Timber,Timber,True
attr_abutment_material,attr_abutment_material,data/processed/train/attr_abutment_material_train.csv,data/features/dinov3_vitb16_remaining_attributes_assets.csv,classification,dinov3_frozen_embeddings_hist_gradient_boosting,hist_gradient_boosting,GroupKFold,3,5,109536,Timber,Timber,True
attr_abutment_material,attr_abutment_material,data/processed/train/attr_abutment_material_train.csv,data/features/dinov3_vitb16_remaining_attributes_assets.csv,classification,dinov3_frozen_embeddings_hist_gradient_boosting,hist_gradient_boosting,GroupKFold,3,5,110169,Concrete,Concrete,True
attr_abutment_material,attr_abutment_material,data/processed/train/attr_abutment_material_train.csv,data/features/dinov3_vitb16_remaining_attributes_assets.csv,classification,dinov3_frozen_embeddings_hist_gradient_boosting,hist_gradient_boosting,GroupKFold,3,5,110788,Timber,Timber,True
attr_abutment_material,attr_abutment_material,data/processed/train/attr_abutment_material_train.csv,data/features/dinov3_vitb16_remaining_attributes_assets.csv,classification,dinov3_frozen_embeddings_hist_gradient_boosting,hist_gradient_boosting,GroupKFold,3,5,110805,Timber,Timber,True
attr_abutment_material,attr_abutment_material,data/processed/train/attr_abutment_material_train.csv,data/features/dinov3_vitb16_remaining_attributes_assets.csv,classification,dinov3_frozen_embeddings_hist_gradient_boosting,hist_gradient_boosting,GroupKFold,3,5,110810,Timber,Timber,True
attr_abutment_material,attr_abutment_material,data/processed/train/attr_abutment_material_train.csv,data/features/dinov3_vitb16_remaining_attributes_assets.csv,classification,dinov3_frozen_embeddings_hist_gradient_boosting,hist_gradient_boosting,GroupKFold,3,5,111745,Timber,Timber,True
attr_abutment_material,attr_abutment_material,data/processed/train/attr_abutment_material_train.csv,data/features/dinov3_vitb16_remaining_attributes_assets.csv,classification,dinov3_frozen_embeddings_hist_gradient_boosting,hist_gradient_boosting,GroupKFold,3,5,114081,Gabions,Timber,False
attr_abutment_material,attr_abutment_material,data/processed/train/attr_abutment_material_train.csv,data/features/dinov3_vitb16_remaining_attributes_assets.csv,classification,dinov3_frozen_embeddings_hist_gradient_boosting,hist_gradient_boosting,GroupKFold,3,5,114574,Timber,Timber,True
attr_abutment_material,attr_abutment_material,data/processed/train/attr_abutment_material_train.csv,data/features/dinov3_vitb16_remaining_attributes_assets.csv,classification,dinov3_frozen_embeddings_hist_gradient_boosting,hist_gradient_boosting,GroupKFold,3,5,114815,Timber,Timber,True
attr_abutment_material,attr_abutment_material,data/processed/train/attr_abutment_material_train.csv,data/features/dinov3_vitb16_remaining_attributes_assets.csv,classification,dinov3_frozen_embeddings_hist_gradient_boosting,hist_gradient_boosting,GroupKFold,3,5,114959,Timber,Timber,True
attr_abutment_material,attr_abutment_material,data/processed/train/attr_abutment_material_train.csv,data/features/dinov3_vitb16_remaining_attributes_assets.csv,classification,dinov3_frozen_embeddings_hist_gradient_boosting,hist_gradient_boosting,GroupKFold,3,5,114971,Timber,Timber,True
attr_abutment_material,attr_abutment_material,data/processed/train/attr_abutment_material_train.csv,data/features/dinov3_vitb16_remaining_attributes_assets.csv,classification,dinov3_frozen_embeddings_hist_gradient_boosting,hist_gradient_boosting,GroupKFold,3,5,115209,Timber,Timber,True
attr_abutment_material,attr_abutment_material,data/processed/train/attr_abutment_material_train.csv,data/features/dinov3_vitb16_remaining_attributes_assets.csv,classification,dinov3_frozen_embeddings_hist_gradient_boosting,hist_gradient_boosting,GroupKFold,3,5,115211,Timber,Timber,True
attr_abutment_material,attr_abutment_material,data/processed/train/attr_abutment_material_train.csv,data/features/dinov3_vitb16_remaining_attributes_assets.csv,classification,dinov3_frozen_embeddings_hist_gradient_boosting,hist_gradient_boosting,GroupKFold,3,5,116051,Timber,Timber,True
attr_abutment_material,attr_abutment_material,data/processed/train/attr_abutment_material_train.csv,data/features/dinov3_vitb16_remaining_attributes_assets.csv,classification,dinov3_frozen_embeddings_hist_gradient_boosting,hist_gradient_boosting,GroupKFold,3,5,117221,Timber,Timber,True
attr_abutment_material,attr_abutment_material,data/processed/train/attr_abutment_material_train.csv,data/features/dinov3_vitb16_remaining_attributes_assets.csv,classification,dinov3_frozen_embeddings_hist_gradient_boosting,hist_gradient_boosting,GroupKFold,3,5,117222,Timber,Timber,True
attr_abutment_material,attr_abutment_material,data/processed/train/attr_abutment_material_train.csv,data/features/dinov3_vitb16_remaining_attributes_assets.csv,classification,dinov3_frozen_embeddings_hist_gradient_boosting,hist_gradient_boosting,GroupKFold,3,5,117223,Timber,Timber,True
attr_abutment_material,attr_abutment_material,data/processed/train/attr_abutment_material_train.csv,data/features/dinov3_vitb16_remaining_attributes_assets.csv,classification,dinov3_frozen_embeddings_hist_gradient_boosting,hist_gradient_boosting,GroupKFold,3,5,117304,Concrete,Concrete,True
attr_abutment_material,attr_abutment_material,data/processed/train/attr_abutment_material_train.csv,data/features/dinov3_vitb16_remaining_attributes_assets.csv,classification,dinov3_frozen_embeddings_hist_gradient_boosting,hist_gradient_boosting,GroupKFold,3,5,118143,Timber,Timber,True
attr_abutment_material,attr_abutment_material,data/processed/train/attr_abutment_material_train.csv,data/features/dinov3_vitb16_remaining_attributes_assets.csv,classification,dinov3_frozen_embeddings_hist_gradient_boosting,hist_gradient_boosting,GroupKFold,3,5,118246,Gabions,Timber,False
attr_abutment_material,attr_abutment_material,data/processed/train/attr_abutment_material_train.csv,data/features/dinov3_vitb16_remaining_attributes_assets.csv,classification,dinov3_frozen_embeddings_hist_gradient_boosting,hist_gradient_boosting,GroupKFold,3,5,119811,Timber,Timber,True
attr_abutment_material,attr_abutment_material,data/processed/train/attr_abutment_material_train.csv,data/features/dinov3_vitb16_remaining_attributes_assets.csv,classification,dinov3_frozen_embeddings_hist_gradient_boosting,hist_gradient_boosting,GroupKFold,3,5,119851,Timber,Timber,True
attr_abutment_material,attr_abutment_material,data/processed/train/attr_abutment_material_train.csv,data/features/dinov3_vitb16_remaining_attributes_assets.csv,classification,dinov3_frozen_embeddings_hist_gradient_boosting,hist_gradient_boosting,GroupKFold,3,5,121500,Timber,Timber,True
attr_abutment_material,attr_abutment_material,data/processed/train/attr_abutment_material_train.csv,data/features/dinov3_vitb16_remaining_attributes_assets.csv,classification,dinov3_frozen_embeddings_hist_gradient_boosting,hist_gradient_boosting,GroupKFold,3,5,122441,Concrete,Concrete,True
attr_abutment_material,attr_abutment_material,data/processed/train/attr_abutment_material_train.csv,data/features/dinov3_vitb16_remaining_attributes_assets.csv,classification,dinov3_frozen_embeddings_hist_gradient_boosting,hist_gradient_boosting,GroupKFold,3,5,126803,Timber,Timber,True
attr_abutment_material,attr_abutment_material,data/processed/train/attr_abutment_material_train.csv,data/features/dinov3_vitb16_remaining_attributes_assets.csv,classification,dinov3_frozen_embeddings_hist_gradient_boosting,hist_gradient_boosting,GroupKFold,3,5,126804,Timber,Timber,True
attr_abutment_material,attr_abutment_material,data/processed/train/attr_abutment_material_train.csv,data/features/dinov3_vitb16_remaining_attributes_assets.csv,classification,dinov3_frozen_embeddings_hist_gradient_boosting,hist_gradient_boosting,GroupKFold,3,5,126915,Gabions,Concrete,False
attr_abutment_material,attr_abutment_material,data/processed/train/attr_abutment_material_train.csv,data/features/dinov3_vitb16_remaining_attributes_assets.csv,classification,dinov3_frozen_embeddings_hist_gradient_boosting,hist_gradient_boosting,GroupKFold,3,5,126913,Timber,Timber,True
attr_abutment_material,attr_abutment_material,data/processed/train/attr_abutment_material_train.csv,data/features/dinov3_vitb16_remaining_attributes_assets.csv,classification,dinov3_frozen_embeddings_hist_gradient_boosting,hist_gradient_boosting,GroupKFold,3,5,127221,Timber,Concrete,False
attr_abutment_material,attr_abutment_material,data/processed/train/attr_abutment_material_train.csv,data/features/dinov3_vitb16_remaining_attributes_assets.csv,classification,dinov3_frozen_embeddings_hist_gradient_boosting,hist_gradient_boosting,GroupKFold,3,5,128033,Timber,Timber,True
attr_abutment_material,attr_abutment_material,data/processed/train/attr_abutment_material_train.csv,data/features/dinov3_vitb16_remaining_attributes_assets.csv,classification,dinov3_frozen_embeddings_hist_gradient_boosting,hist_gradient_boosting,GroupKFold,4,5,83146,Timber,Timber,True
attr_abutment_material,attr_abutment_material,data/processed/train/attr_abutment_material_train.csv,data/features/dinov3_vitb16_remaining_attributes_assets.csv,classification,dinov3_frozen_embeddings_hist_gradient_boosting,hist_gradient_boosting,GroupKFold,4,5,89448,Timber,Timber,True
attr_abutment_material,attr_abutment_material,data/processed/train/attr_abutment_material_train.csv,data/features/dinov3_vitb16_remaining_attributes_assets.csv,classification,dinov3_frozen_embeddings_hist_gradient_boosting,hist_gradient_boosting,GroupKFold,4,5,89601,Timber,Timber,True
attr_abutment_material,attr_abutment_material,data/processed/train/attr_abutment_material_train.csv,data/features/dinov3_vitb16_remaining_attributes_assets.csv,classification,dinov3_frozen_embeddings_hist_gradient_boosting,hist_gradient_boosting,GroupKFold,4,5,91716,Timber,Timber,True
attr_abutment_material,attr_abutment_material,data/processed/train/attr_abutment_material_train.csv,data/features/dinov3_vitb16_remaining_attributes_assets.csv,classification,dinov3_frozen_embeddings_hist_gradient_boosting,hist_gradient_boosting,GroupKFold,4,5,103712,Timber,Timber,True
attr_abutment_material,attr_abutment_material,data/processed/train/attr_abutment_material_train.csv,data/features/dinov3_vitb16_remaining_attributes_assets.csv,classification,dinov3_frozen_embeddings_hist_gradient_boosting,hist_gradient_boosting,GroupKFold,4,5,107082,Timber,Timber,True
attr_abutment_material,attr_abutment_material,data/processed/train/attr_abutment_material_train.csv,data/features/dinov3_vitb16_remaining_attributes_assets.csv,classification,dinov3_frozen_embeddings_hist_gradient_boosting,hist_gradient_boosting,GroupKFold,4,5,109419,Timber,Timber,True
attr_abutment_material,attr_abutment_material,data/processed/train/attr_abutment_material_train.csv,data/features/dinov3_vitb16_remaining_attributes_assets.csv,classification,dinov3_frozen_embeddings_hist_gradient_boosting,hist_gradient_boosting,GroupKFold,4,5,112033,Timber,Timber,True
attr_abutment_material,attr_abutment_material,data/processed/train/attr_abutment_material_train.csv,data/features/dinov3_vitb16_remaining_attributes_assets.csv,classification,dinov3_frozen_embeddings_hist_gradient_boosting,hist_gradient_boosting,GroupKFold,4,5,112037,Timber,Timber,True
attr_abutment_material,attr_abutment_material,data/processed/train/attr_abutment_material_train.csv,data/features/dinov3_vitb16_remaining_attributes_assets.csv,classification,dinov3_frozen_embeddings_hist_gradient_boosting,hist_gradient_boosting,GroupKFold,4,5,117016,Timber,Timber,True
attr_abutment_material,attr_abutment_material,data/processed/train/attr_abutment_material_train.csv,data/features/dinov3_vitb16_remaining_attributes_assets.csv,classification,dinov3_frozen_embeddings_hist_gradient_boosting,hist_gradient_boosting,GroupKFold,4,5,48112,Timber,Timber,True
attr_abutment_material,attr_abutment_material,data/processed/train/attr_abutment_material_train.csv,data/features/dinov3_vitb16_remaining_attributes_assets.csv,classification,dinov3_frozen_embeddings_hist_gradient_boosting,hist_gradient_boosting,GroupKFold,4,5,49664,Steel,Concrete,False
attr_abutment_material,attr_abutment_material,data/processed/train/attr_abutment_material_train.csv,data/features/dinov3_vitb16_remaining_attributes_assets.csv,classification,dinov3_frozen_embeddings_hist_gradient_boosting,hist_gradient_boosting,GroupKFold,4,5,52457,Concrete,Timber,False
attr_abutment_material,attr_abutment_material,data/processed/train/attr_abutment_material_train.csv,data/features/dinov3_vitb16_remaining_attributes_assets.csv,classification,dinov3_frozen_embeddings_hist_gradient_boosting,hist_gradient_boosting,GroupKFold,4,5,53851,Timber,Timber,True
attr_abutment_material,attr_abutment_material,data/processed/train/attr_abutment_material_train.csv,data/features/dinov3_vitb16_remaining_attributes_assets.csv,classification,dinov3_frozen_embeddings_hist_gradient_boosting,hist_gradient_boosting,GroupKFold,4,5,53986,Timber,Concrete,False
attr_abutment_material,attr_abutment_material,data/processed/train/attr_abutment_material_train.csv,data/features/dinov3_vitb16_remaining_attributes_assets.csv,classification,dinov3_frozen_embeddings_hist_gradient_boosting,hist_gradient_boosting,GroupKFold,4,5,55116,Timber,Gabions,False
attr_abutment_material,attr_abutment_material,data/processed/train/attr_abutment_material_train.csv,data/features/dinov3_vitb16_remaining_attributes_assets.csv,classification,dinov3_frozen_embeddings_hist_gradient_boosting,hist_gradient_boosting,GroupKFold,4,5,55465,Steel,Timber,False
attr_abutment_material,attr_abutment_material,data/processed/train/attr_abutment_material_train.csv,data/features/dinov3_vitb16_remaining_attributes_assets.csv,classification,dinov3_frozen_embeddings_hist_gradient_boosting,hist_gradient_boosting,GroupKFold,4,5,55633,Steel,Concrete,False
attr_abutment_material,attr_abutment_material,data/processed/train/attr_abutment_material_train.csv,data/features/dinov3_vitb16_remaining_attributes_assets.csv,classification,dinov3_frozen_embeddings_hist_gradient_boosting,hist_gradient_boosting,GroupKFold,4,5,55638,Timber,Timber,True
attr_abutment_material,attr_abutment_material,data/processed/train/attr_abutment_material_train.csv,data/features/dinov3_vitb16_remaining_attributes_assets.csv,classification,dinov3_frozen_embeddings_hist_gradient_boosting,hist_gradient_boosting,GroupKFold,4,5,56467,Concrete,Concrete,True
attr_abutment_material,attr_abutment_material,data/processed/train/attr_abutment_material_train.csv,data/features/dinov3_vitb16_remaining_attributes_assets.csv,classification,dinov3_frozen_embeddings_hist_gradient_boosting,hist_gradient_boosting,GroupKFold,4,5,56469,Concrete,Timber,False
attr_abutment_material,attr_abutment_material,data/processed/train/attr_abutment_material_train.csv,data/features/dinov3_vitb16_remaining_attributes_assets.csv,classification,dinov3_frozen_embeddings_hist_gradient_boosting,hist_gradient_boosting,GroupKFold,4,5,58164,Timber,Timber,True
attr_abutment_material,attr_abutment_material,data/processed/train/attr_abutment_material_train.csv,data/features/dinov3_vitb16_remaining_attributes_assets.csv,classification,dinov3_frozen_embeddings_hist_gradient_boosting,hist_gradient_boosting,GroupKFold,4,5,58413,Timber,Timber,True
attr_abutment_material,attr_abutment_material,data/processed/train/attr_abutment_material_train.csv,data/features/dinov3_vitb16_remaining_attributes_assets.csv,classification,dinov3_frozen_embeddings_hist_gradient_boosting,hist_gradient_boosting,GroupKFold,4,5,62290,Timber,Timber,True
attr_abutment_material,attr_abutment_material,data/processed/train/attr_abutment_material_train.csv,data/features/dinov3_vitb16_remaining_attributes_assets.csv,classification,dinov3_frozen_embeddings_hist_gradient_boosting,hist_gradient_boosting,GroupKFold,4,5,64109,Concrete,Concrete,True
attr_abutment_material,attr_abutment_material,data/processed/train/attr_abutment_material_train.csv,data/features/dinov3_vitb16_remaining_attributes_assets.csv,classification,dinov3_frozen_embeddings_hist_gradient_boosting,hist_gradient_boosting,GroupKFold,4,5,64123,Steel,Timber,False
attr_abutment_material,attr_abutment_material,data/processed/train/attr_abutment_material_train.csv,data/features/dinov3_vitb16_remaining_attributes_assets.csv,classification,dinov3_frozen_embeddings_hist_gradient_boosting,hist_gradient_boosting,GroupKFold,4,5,64128,Timber,Timber,True
attr_abutment_material,attr_abutment_material,data/processed/train/attr_abutment_material_train.csv,data/features/dinov3_vitb16_remaining_attributes_assets.csv,classification,dinov3_frozen_embeddings_hist_gradient_boosting,hist_gradient_boosting,GroupKFold,4,5,65425,Timber,Steel,False
attr_abutment_material,attr_abutment_material,data/processed/train/attr_abutment_material_train.csv,data/features/dinov3_vitb16_remaining_attributes_assets.csv,classification,dinov3_frozen_embeddings_hist_gradient_boosting,hist_gradient_boosting,GroupKFold,4,5,66207,Timber,Timber,True
attr_abutment_material,attr_abutment_material,data/processed/train/attr_abutment_material_train.csv,data/features/dinov3_vitb16_remaining_attributes_assets.csv,classification,dinov3_frozen_embeddings_hist_gradient_boosting,hist_gradient_boosting,GroupKFold,4,5,66922,Timber,Timber,True
attr_abutment_material,attr_abutment_material,data/processed/train/attr_abutment_material_train.csv,data/features/dinov3_vitb16_remaining_attributes_assets.csv,classification,dinov3_frozen_embeddings_hist_gradient_boosting,hist_gradient_boosting,GroupKFold,4,5,80451,Concrete,Timber,False
attr_abutment_material,attr_abutment_material,data/processed/train/attr_abutment_material_train.csv,data/features/dinov3_vitb16_remaining_attributes_assets.csv,classification,dinov3_frozen_embeddings_hist_gradient_boosting,hist_gradient_boosting,GroupKFold,4,5,83138,Timber,Timber,True
attr_abutment_material,attr_abutment_material,data/processed/train/attr_abutment_material_train.csv,data/features/dinov3_vitb16_remaining_attributes_assets.csv,classification,dinov3_frozen_embeddings_hist_gradient_boosting,hist_gradient_boosting,GroupKFold,4,5,83154,Timber,Timber,True
attr_abutment_material,attr_abutment_material,data/processed/train/attr_abutment_material_train.csv,data/features/dinov3_vitb16_remaining_attributes_assets.csv,classification,dinov3_frozen_embeddings_hist_gradient_boosting,hist_gradient_boosting,GroupKFold,4,5,83946,Timber,Timber,True
attr_abutment_material,attr_abutment_material,data/processed/train/attr_abutment_material_train.csv,data/features/dinov3_vitb16_remaining_attributes_assets.csv,classification,dinov3_frozen_embeddings_hist_gradient_boosting,hist_gradient_boosting,GroupKFold,4,5,85149,Timber,Timber,True
attr_abutment_material,attr_abutment_material,data/processed/train/attr_abutment_material_train.csv,data/features/dinov3_vitb16_remaining_attributes_assets.csv,classification,dinov3_frozen_embeddings_hist_gradient_boosting,hist_gradient_boosting,GroupKFold,4,5,86048,Timber,Timber,True
attr_abutment_material,attr_abutment_material,data/processed/train/attr_abutment_material_train.csv,data/features/dinov3_vitb16_remaining_attributes_assets.csv,classification,dinov3_frozen_embeddings_hist_gradient_boosting,hist_gradient_boosting,GroupKFold,4,5,86518,Concrete,Steel,False
attr_abutment_material,attr_abutment_material,data/processed/train/attr_abutment_material_train.csv,data/features/dinov3_vitb16_remaining_attributes_assets.csv,classification,dinov3_frozen_embeddings_hist_gradient_boosting,hist_gradient_boosting,GroupKFold,4,5,87736,Concrete,Concrete,True
attr_abutment_material,attr_abutment_material,data/processed/train/attr_abutment_material_train.csv,data/features/dinov3_vitb16_remaining_attributes_assets.csv,classification,dinov3_frozen_embeddings_hist_gradient_boosting,hist_gradient_boosting,GroupKFold,4,5,87961,Concrete,Concrete,True
attr_abutment_material,attr_abutment_material,data/processed/train/attr_abutment_material_train.csv,data/features/dinov3_vitb16_remaining_attributes_assets.csv,classification,dinov3_frozen_embeddings_hist_gradient_boosting,hist_gradient_boosting,GroupKFold,4,5,88733,Concrete,Concrete,True
attr_abutment_material,attr_abutment_material,data/processed/train/attr_abutment_material_train.csv,data/features/dinov3_vitb16_remaining_attributes_assets.csv,classification,dinov3_frozen_embeddings_hist_gradient_boosting,hist_gradient_boosting,GroupKFold,4,5,88734,Concrete,Concrete,True
attr_abutment_material,attr_abutment_material,data/processed/train/attr_abutment_material_train.csv,data/features/dinov3_vitb16_remaining_attributes_assets.csv,classification,dinov3_frozen_embeddings_hist_gradient_boosting,hist_gradient_boosting,GroupKFold,4,5,89437,Timber,Timber,True
attr_abutment_material,attr_abutment_material,data/processed/train/attr_abutment_material_train.csv,data/features/dinov3_vitb16_remaining_attributes_assets.csv,classification,dinov3_frozen_embeddings_hist_gradient_boosting,hist_gradient_boosting,GroupKFold,4,5,89447,Timber,Timber,True
attr_abutment_material,attr_abutment_material,data/processed/train/attr_abutment_material_train.csv,data/features/dinov3_vitb16_remaining_attributes_assets.csv,classification,dinov3_frozen_embeddings_hist_gradient_boosting,hist_gradient_boosting,GroupKFold,4,5,89580,Timber,Timber,True
attr_abutment_material,attr_abutment_material,data/processed/train/attr_abutment_material_train.csv,data/features/dinov3_vitb16_remaining_attributes_assets.csv,classification,dinov3_frozen_embeddings_hist_gradient_boosting,hist_gradient_boosting,GroupKFold,4,5,90412,Timber,Timber,True
attr_abutment_material,attr_abutment_material,data/processed/train/attr_abutment_material_train.csv,data/features/dinov3_vitb16_remaining_attributes_assets.csv,classification,dinov3_frozen_embeddings_hist_gradient_boosting,hist_gradient_boosting,GroupKFold,4,5,92149,Timber,Timber,True
attr_abutment_material,attr_abutment_material,data/processed/train/attr_abutment_material_train.csv,data/features/dinov3_vitb16_remaining_attributes_assets.csv,classification,dinov3_frozen_embeddings_hist_gradient_boosting,hist_gradient_boosting,GroupKFold,4,5,92152,Timber,Timber,True
attr_abutment_material,attr_abutment_material,data/processed/train/attr_abutment_material_train.csv,data/features/dinov3_vitb16_remaining_attributes_assets.csv,classification,dinov3_frozen_embeddings_hist_gradient_boosting,hist_gradient_boosting,GroupKFold,4,5,92794,Timber,Timber,True
attr_abutment_material,attr_abutment_material,data/processed/train/attr_abutment_material_train.csv,data/features/dinov3_vitb16_remaining_attributes_assets.csv,classification,dinov3_frozen_embeddings_hist_gradient_boosting,hist_gradient_boosting,GroupKFold,4,5,92801,Timber,Timber,True
attr_abutment_material,attr_abutment_material,data/processed/train/attr_abutment_material_train.csv,data/features/dinov3_vitb16_remaining_attributes_assets.csv,classification,dinov3_frozen_embeddings_hist_gradient_boosting,hist_gradient_boosting,GroupKFold,4,5,92854,Concrete,Timber,False
attr_abutment_material,attr_abutment_material,data/processed/train/attr_abutment_material_train.csv,data/features/dinov3_vitb16_remaining_attributes_assets.csv,classification,dinov3_frozen_embeddings_hist_gradient_boosting,hist_gradient_boosting,GroupKFold,4,5,92872,Timber,Timber,True
attr_abutment_material,attr_abutment_material,data/processed/train/attr_abutment_material_train.csv,data/features/dinov3_vitb16_remaining_attributes_assets.csv,classification,dinov3_frozen_embeddings_hist_gradient_boosting,hist_gradient_boosting,GroupKFold,4,5,93036,Timber,Timber,True
attr_abutment_material,attr_abutment_material,data/processed/train/attr_abutment_material_train.csv,data/features/dinov3_vitb16_remaining_attributes_assets.csv,classification,dinov3_frozen_embeddings_hist_gradient_boosting,hist_gradient_boosting,GroupKFold,4,5,94144,Concrete,Concrete,True
attr_abutment_material,attr_abutment_material,data/processed/train/attr_abutment_material_train.csv,data/features/dinov3_vitb16_remaining_attributes_assets.csv,classification,dinov3_frozen_embeddings_hist_gradient_boosting,hist_gradient_boosting,GroupKFold,4,5,94170,Timber,Timber,True
attr_abutment_material,attr_abutment_material,data/processed/train/attr_abutment_material_train.csv,data/features/dinov3_vitb16_remaining_attributes_assets.csv,classification,dinov3_frozen_embeddings_hist_gradient_boosting,hist_gradient_boosting,GroupKFold,4,5,97817,Gabions,Concrete,False
attr_abutment_material,attr_abutment_material,data/processed/train/attr_abutment_material_train.csv,data/features/dinov3_vitb16_remaining_attributes_assets.csv,classification,dinov3_frozen_embeddings_hist_gradient_boosting,hist_gradient_boosting,GroupKFold,4,5,98492,Timber,Gabions,False
attr_abutment_material,attr_abutment_material,data/processed/train/attr_abutment_material_train.csv,data/features/dinov3_vitb16_remaining_attributes_assets.csv,classification,dinov3_frozen_embeddings_hist_gradient_boosting,hist_gradient_boosting,GroupKFold,4,5,100138,Timber,Timber,True
attr_abutment_material,attr_abutment_material,data/processed/train/attr_abutment_material_train.csv,data/features/dinov3_vitb16_remaining_attributes_assets.csv,classification,dinov3_frozen_embeddings_hist_gradient_boosting,hist_gradient_boosting,GroupKFold,4,5,100181,Gabions,Gabions,True
attr_abutment_material,attr_abutment_material,data/processed/train/attr_abutment_material_train.csv,data/features/dinov3_vitb16_remaining_attributes_assets.csv,classification,dinov3_frozen_embeddings_hist_gradient_boosting,hist_gradient_boosting,GroupKFold,4,5,100252,Gabions,Timber,False
attr_abutment_material,attr_abutment_material,data/processed/train/attr_abutment_material_train.csv,data/features/dinov3_vitb16_remaining_attributes_assets.csv,classification,dinov3_frozen_embeddings_hist_gradient_boosting,hist_gradient_boosting,GroupKFold,4,5,101131,Concrete,Gabions,False
attr_abutment_material,attr_abutment_material,data/processed/train/attr_abutment_material_train.csv,data/features/dinov3_vitb16_remaining_attributes_assets.csv,classification,dinov3_frozen_embeddings_hist_gradient_boosting,hist_gradient_boosting,GroupKFold,4,5,101134,Timber,Gabions,False
attr_abutment_material,attr_abutment_material,data/processed/train/attr_abutment_material_train.csv,data/features/dinov3_vitb16_remaining_attributes_assets.csv,classification,dinov3_frozen_embeddings_hist_gradient_boosting,hist_gradient_boosting,GroupKFold,4,5,101779,Timber,Timber,True
attr_abutment_material,attr_abutment_material,data/processed/train/attr_abutment_material_train.csv,data/features/dinov3_vitb16_remaining_attributes_assets.csv,classification,dinov3_frozen_embeddings_hist_gradient_boosting,hist_gradient_boosting,GroupKFold,4,5,102346,Timber,Timber,True
attr_abutment_material,attr_abutment_material,data/processed/train/attr_abutment_material_train.csv,data/features/dinov3_vitb16_remaining_attributes_assets.csv,classification,dinov3_frozen_embeddings_hist_gradient_boosting,hist_gradient_boosting,GroupKFold,4,5,102342,Timber,Timber,True
attr_abutment_material,attr_abutment_material,data/processed/train/attr_abutment_material_train.csv,data/features/dinov3_vitb16_remaining_attributes_assets.csv,classification,dinov3_frozen_embeddings_hist_gradient_boosting,hist_gradient_boosting,GroupKFold,4,5,102436,Timber,Timber,True
attr_abutment_material,attr_abutment_material,data/processed/train/attr_abutment_material_train.csv,data/features/dinov3_vitb16_remaining_attributes_assets.csv,classification,dinov3_frozen_embeddings_hist_gradient_boosting,hist_gradient_boosting,GroupKFold,4,5,103526,Timber,Timber,True
attr_abutment_material,attr_abutment_material,data/processed/train/attr_abutment_material_train.csv,data/features/dinov3_vitb16_remaining_attributes_assets.csv,classification,dinov3_frozen_embeddings_hist_gradient_boosting,hist_gradient_boosting,GroupKFold,4,5,106050,Timber,Timber,True
attr_abutment_material,attr_abutment_material,data/processed/train/attr_abutment_material_train.csv,data/features/dinov3_vitb16_remaining_attributes_assets.csv,classification,dinov3_frozen_embeddings_hist_gradient_boosting,hist_gradient_boosting,GroupKFold,4,5,107885,Steel,Timber,False
attr_abutment_material,attr_abutment_material,data/processed/train/attr_abutment_material_train.csv,data/features/dinov3_vitb16_remaining_attributes_assets.csv,classification,dinov3_frozen_embeddings_hist_gradient_boosting,hist_gradient_boosting,GroupKFold,4,5,107908,Timber,Timber,True
attr_abutment_material,attr_abutment_material,data/processed/train/attr_abutment_material_train.csv,data/features/dinov3_vitb16_remaining_attributes_assets.csv,classification,dinov3_frozen_embeddings_hist_gradient_boosting,hist_gradient_boosting,GroupKFold,4,5,107914,Timber,Timber,True
attr_abutment_material,attr_abutment_material,data/processed/train/attr_abutment_material_train.csv,data/features/dinov3_vitb16_remaining_attributes_assets.csv,classification,dinov3_frozen_embeddings_hist_gradient_boosting,hist_gradient_boosting,GroupKFold,4,5,107923,Timber,Timber,True
attr_abutment_material,attr_abutment_material,data/processed/train/attr_abutment_material_train.csv,data/features/dinov3_vitb16_remaining_attributes_assets.csv,classification,dinov3_frozen_embeddings_hist_gradient_boosting,hist_gradient_boosting,GroupKFold,4,5,107955,Steel,Steel,True
attr_abutment_material,attr_abutment_material,data/processed/train/attr_abutment_material_train.csv,data/features/dinov3_vitb16_remaining_attributes_assets.csv,classification,dinov3_frozen_embeddings_hist_gradient_boosting,hist_gradient_boosting,GroupKFold,4,5,107963,Timber,Timber,True
attr_abutment_material,attr_abutment_material,data/processed/train/attr_abutment_material_train.csv,data/features/dinov3_vitb16_remaining_attributes_assets.csv,classification,dinov3_frozen_embeddings_hist_gradient_boosting,hist_gradient_boosting,GroupKFold,4,5,108037,Steel,Steel,True
attr_abutment_material,attr_abutment_material,data/processed/train/attr_abutment_material_train.csv,data/features/dinov3_vitb16_remaining_attributes_assets.csv,classification,dinov3_frozen_embeddings_hist_gradient_boosting,hist_gradient_boosting,GroupKFold,4,5,109149,Steel,Timber,False
attr_abutment_material,attr_abutment_material,data/processed/train/attr_abutment_material_train.csv,data/features/dinov3_vitb16_remaining_attributes_assets.csv,classification,dinov3_frozen_embeddings_hist_gradient_boosting,hist_gradient_boosting,GroupKFold,4,5,109151,Steel,Timber,False
attr_abutment_material,attr_abutment_material,data/processed/train/attr_abutment_material_train.csv,data/features/dinov3_vitb16_remaining_attributes_assets.csv,classification,dinov3_frozen_embeddings_hist_gradient_boosting,hist_gradient_boosting,GroupKFold,4,5,109169,Timber,Timber,True
attr_abutment_material,attr_abutment_material,data/processed/train/attr_abutment_material_train.csv,data/features/dinov3_vitb16_remaining_attributes_assets.csv,classification,dinov3_frozen_embeddings_hist_gradient_boosting,hist_gradient_boosting,GroupKFold,4,5,110171,Concrete,Concrete,True
attr_abutment_material,attr_abutment_material,data/processed/train/attr_abutment_material_train.csv,data/features/dinov3_vitb16_remaining_attributes_assets.csv,classification,dinov3_frozen_embeddings_hist_gradient_boosting,hist_gradient_boosting,GroupKFold,4,5,110818,Timber,Timber,True
attr_abutment_material,attr_abutment_material,data/processed/train/attr_abutment_material_train.csv,data/features/dinov3_vitb16_remaining_attributes_assets.csv,classification,dinov3_frozen_embeddings_hist_gradient_boosting,hist_gradient_boosting,GroupKFold,4,5,111952,Timber,Timber,True
attr_abutment_material,attr_abutment_material,data/processed/train/attr_abutment_material_train.csv,data/features/dinov3_vitb16_remaining_attributes_assets.csv,classification,dinov3_frozen_embeddings_hist_gradient_boosting,hist_gradient_boosting,GroupKFold,4,5,113217,Timber,Timber,True
attr_abutment_material,attr_abutment_material,data/processed/train/attr_abutment_material_train.csv,data/features/dinov3_vitb16_remaining_attributes_assets.csv,classification,dinov3_frozen_embeddings_hist_gradient_boosting,hist_gradient_boosting,GroupKFold,4,5,113954,Timber,Timber,True
attr_abutment_material,attr_abutment_material,data/processed/train/attr_abutment_material_train.csv,data/features/dinov3_vitb16_remaining_attributes_assets.csv,classification,dinov3_frozen_embeddings_hist_gradient_boosting,hist_gradient_boosting,GroupKFold,4,5,113958,Timber,Timber,True
attr_abutment_material,attr_abutment_material,data/processed/train/attr_abutment_material_train.csv,data/features/dinov3_vitb16_remaining_attributes_assets.csv,classification,dinov3_frozen_embeddings_hist_gradient_boosting,hist_gradient_boosting,GroupKFold,4,5,114701,Gabions,Timber,False
attr_abutment_material,attr_abutment_material,data/processed/train/attr_abutment_material_train.csv,data/features/dinov3_vitb16_remaining_attributes_assets.csv,classification,dinov3_frozen_embeddings_hist_gradient_boosting,hist_gradient_boosting,GroupKFold,4,5,114943,Timber,Timber,True
attr_abutment_material,attr_abutment_material,data/processed/train/attr_abutment_material_train.csv,data/features/dinov3_vitb16_remaining_attributes_assets.csv,classification,dinov3_frozen_embeddings_hist_gradient_boosting,hist_gradient_boosting,GroupKFold,4,5,114950,Timber,Timber,True
attr_abutment_material,attr_abutment_material,data/processed/train/attr_abutment_material_train.csv,data/features/dinov3_vitb16_remaining_attributes_assets.csv,classification,dinov3_frozen_embeddings_hist_gradient_boosting,hist_gradient_boosting,GroupKFold,4,5,114960,Timber,Timber,True
attr_abutment_material,attr_abutment_material,data/processed/train/attr_abutment_material_train.csv,data/features/dinov3_vitb16_remaining_attributes_assets.csv,classification,dinov3_frozen_embeddings_hist_gradient_boosting,hist_gradient_boosting,GroupKFold,4,5,114997,Concrete,Concrete,True
attr_abutment_material,attr_abutment_material,data/processed/train/attr_abutment_material_train.csv,data/features/dinov3_vitb16_remaining_attributes_assets.csv,classification,dinov3_frozen_embeddings_hist_gradient_boosting,hist_gradient_boosting,GroupKFold,4,5,116619,Timber,Timber,True
attr_abutment_material,attr_abutment_material,data/processed/train/attr_abutment_material_train.csv,data/features/dinov3_vitb16_remaining_attributes_assets.csv,classification,dinov3_frozen_embeddings_hist_gradient_boosting,hist_gradient_boosting,GroupKFold,4,5,116851,Timber,Timber,True
attr_abutment_material,attr_abutment_material,data/processed/train/attr_abutment_material_train.csv,data/features/dinov3_vitb16_remaining_attributes_assets.csv,classification,dinov3_frozen_embeddings_hist_gradient_boosting,hist_gradient_boosting,GroupKFold,4,5,116880,Timber,Timber,True
attr_abutment_material,attr_abutment_material,data/processed/train/attr_abutment_material_train.csv,data/features/dinov3_vitb16_remaining_attributes_assets.csv,classification,dinov3_frozen_embeddings_hist_gradient_boosting,hist_gradient_boosting,GroupKFold,4,5,117196,Timber,Timber,True
attr_abutment_material,attr_abutment_material,data/processed/train/attr_abutment_material_train.csv,data/features/dinov3_vitb16_remaining_attributes_assets.csv,classification,dinov3_frozen_embeddings_hist_gradient_boosting,hist_gradient_boosting,GroupKFold,4,5,117207,Timber,Timber,True
attr_abutment_material,attr_abutment_material,data/processed/train/attr_abutment_material_train.csv,data/features/dinov3_vitb16_remaining_attributes_assets.csv,classification,dinov3_frozen_embeddings_hist_gradient_boosting,hist_gradient_boosting,GroupKFold,4,5,117211,Timber,Timber,True
attr_abutment_material,attr_abutment_material,data/processed/train/attr_abutment_material_train.csv,data/features/dinov3_vitb16_remaining_attributes_assets.csv,classification,dinov3_frozen_embeddings_hist_gradient_boosting,hist_gradient_boosting,GroupKFold,4,5,117297,Concrete,Timber,False
attr_abutment_material,attr_abutment_material,data/processed/train/attr_abutment_material_train.csv,data/features/dinov3_vitb16_remaining_attributes_assets.csv,classification,dinov3_frozen_embeddings_hist_gradient_boosting,hist_gradient_boosting,GroupKFold,4,5,117363,Timber,Timber,True
attr_abutment_material,attr_abutment_material,data/processed/train/attr_abutment_material_train.csv,data/features/dinov3_vitb16_remaining_attributes_assets.csv,classification,dinov3_frozen_embeddings_hist_gradient_boosting,hist_gradient_boosting,GroupKFold,4,5,117720,Timber,Timber,True
attr_abutment_material,attr_abutment_material,data/processed/train/attr_abutment_material_train.csv,data/features/dinov3_vitb16_remaining_attributes_assets.csv,classification,dinov3_frozen_embeddings_hist_gradient_boosting,hist_gradient_boosting,GroupKFold,4,5,118797,Timber,Timber,True
attr_abutment_material,attr_abutment_material,data/processed/train/attr_abutment_material_train.csv,data/features/dinov3_vitb16_remaining_attributes_assets.csv,classification,dinov3_frozen_embeddings_hist_gradient_boosting,hist_gradient_boosting,GroupKFold,4,5,119774,Steel,Timber,False
attr_abutment_material,attr_abutment_material,data/processed/train/attr_abutment_material_train.csv,data/features/dinov3_vitb16_remaining_attributes_assets.csv,classification,dinov3_frozen_embeddings_hist_gradient_boosting,hist_gradient_boosting,GroupKFold,4,5,119973,Gabions,Timber,False
attr_abutment_material,attr_abutment_material,data/processed/train/attr_abutment_material_train.csv,data/features/dinov3_vitb16_remaining_attributes_assets.csv,classification,dinov3_frozen_embeddings_hist_gradient_boosting,hist_gradient_boosting,GroupKFold,4,5,120686,Timber,Timber,True
attr_abutment_material,attr_abutment_material,data/processed/train/attr_abutment_material_train.csv,data/features/dinov3_vitb16_remaining_attributes_assets.csv,classification,dinov3_frozen_embeddings_hist_gradient_boosting,hist_gradient_boosting,GroupKFold,4,5,122445,Concrete,Concrete,True
attr_abutment_material,attr_abutment_material,data/processed/train/attr_abutment_material_train.csv,data/features/dinov3_vitb16_remaining_attributes_assets.csv,classification,dinov3_frozen_embeddings_hist_gradient_boosting,hist_gradient_boosting,GroupKFold,4,5,122980,Concrete,Timber,False
attr_abutment_material,attr_abutment_material,data/processed/train/attr_abutment_material_train.csv,data/features/dinov3_vitb16_remaining_attributes_assets.csv,classification,dinov3_frozen_embeddings_hist_gradient_boosting,hist_gradient_boosting,GroupKFold,4,5,123164,Concrete,Timber,False
attr_abutment_material,attr_abutment_material,data/processed/train/attr_abutment_material_train.csv,data/features/dinov3_vitb16_remaining_attributes_assets.csv,classification,dinov3_frozen_embeddings_hist_gradient_boosting,hist_gradient_boosting,GroupKFold,4,5,123182,Timber,Timber,True
attr_abutment_material,attr_abutment_material,data/processed/train/attr_abutment_material_train.csv,data/features/dinov3_vitb16_remaining_attributes_assets.csv,classification,dinov3_frozen_embeddings_hist_gradient_boosting,hist_gradient_boosting,GroupKFold,4,5,123352,Timber,Timber,True
attr_abutment_material,attr_abutment_material,data/processed/train/attr_abutment_material_train.csv,data/features/dinov3_vitb16_remaining_attributes_assets.csv,classification,dinov3_frozen_embeddings_hist_gradient_boosting,hist_gradient_boosting,GroupKFold,4,5,123354,Timber,Timber,True
attr_abutment_material,attr_abutment_material,data/processed/train/attr_abutment_material_train.csv,data/features/dinov3_vitb16_remaining_attributes_assets.csv,classification,dinov3_frozen_embeddings_hist_gradient_boosting,hist_gradient_boosting,GroupKFold,4,5,126721,Gabions,Concrete,False
attr_abutment_material,attr_abutment_material,data/processed/train/attr_abutment_material_train.csv,data/features/dinov3_vitb16_remaining_attributes_assets.csv,classification,dinov3_frozen_embeddings_hist_gradient_boosting,hist_gradient_boosting,GroupKFold,4,5,126774,Gabions,Gabions,True
attr_abutment_material,attr_abutment_material,data/processed/train/attr_abutment_material_train.csv,data/features/dinov3_vitb16_remaining_attributes_assets.csv,classification,dinov3_frozen_embeddings_hist_gradient_boosting,hist_gradient_boosting,GroupKFold,4,5,127136,Aluminum Sill Fill,Steel,False
attr_abutment_material,attr_abutment_material,data/processed/train/attr_abutment_material_train.csv,data/features/dinov3_vitb16_remaining_attributes_assets.csv,classification,dinov3_frozen_embeddings_hist_gradient_boosting,hist_gradient_boosting,GroupKFold,4,5,126916,Timber,Timber,True
attr_abutment_material,attr_abutment_material,data/processed/train/attr_abutment_material_train.csv,data/features/dinov3_vitb16_remaining_attributes_assets.csv,classification,dinov3_frozen_embeddings_hist_gradient_boosting,hist_gradient_boosting,GroupKFold,4,5,127582,Gabions,Concrete,False
attr_abutment_material,attr_abutment_material,data/processed/train/attr_abutment_material_train.csv,data/features/dinov3_vitb16_remaining_attributes_assets.csv,classification,dinov3_frozen_embeddings_hist_gradient_boosting,hist_gradient_boosting,GroupKFold,4,5,128273,Concrete,Timber,False
attr_abutment_material,attr_abutment_material,data/processed/train/attr_abutment_material_train.csv,data/features/dinov3_vitb16_remaining_attributes_assets.csv,classification,dinov3_frozen_embeddings_hist_gradient_boosting,hist_gradient_boosting,GroupKFold,4,5,128828,Timber,Timber,True
attr_abutment_material,attr_abutment_material,data/processed/train/attr_abutment_material_train.csv,data/features/dinov3_vitb16_remaining_attributes_assets.csv,classification,dinov3_frozen_embeddings_hist_gradient_boosting,hist_gradient_boosting,GroupKFold,5,5,61734,Timber,Timber,True
attr_abutment_material,attr_abutment_material,data/processed/train/attr_abutment_material_train.csv,data/features/dinov3_vitb16_remaining_attributes_assets.csv,classification,dinov3_frozen_embeddings_hist_gradient_boosting,hist_gradient_boosting,GroupKFold,5,5,88096,Timber,Timber,True
attr_abutment_material,attr_abutment_material,data/processed/train/attr_abutment_material_train.csv,data/features/dinov3_vitb16_remaining_attributes_assets.csv,classification,dinov3_frozen_embeddings_hist_gradient_boosting,hist_gradient_boosting,GroupKFold,5,5,89581,Timber,Timber,True
attr_abutment_material,attr_abutment_material,data/processed/train/attr_abutment_material_train.csv,data/features/dinov3_vitb16_remaining_attributes_assets.csv,classification,dinov3_frozen_embeddings_hist_gradient_boosting,hist_gradient_boosting,GroupKFold,5,5,89588,Timber,Timber,True
attr_abutment_material,attr_abutment_material,data/processed/train/attr_abutment_material_train.csv,data/features/dinov3_vitb16_remaining_attributes_assets.csv,classification,dinov3_frozen_embeddings_hist_gradient_boosting,hist_gradient_boosting,GroupKFold,5,5,89591,Timber,Timber,True
attr_abutment_material,attr_abutment_material,data/processed/train/attr_abutment_material_train.csv,data/features/dinov3_vitb16_remaining_attributes_assets.csv,classification,dinov3_frozen_embeddings_hist_gradient_boosting,hist_gradient_boosting,GroupKFold,5,5,89765,Timber,Timber,True
attr_abutment_material,attr_abutment_material,data/processed/train/attr_abutment_material_train.csv,data/features/dinov3_vitb16_remaining_attributes_assets.csv,classification,dinov3_frozen_embeddings_hist_gradient_boosting,hist_gradient_boosting,GroupKFold,5,5,91715,Timber,Timber,True
attr_abutment_material,attr_abutment_material,data/processed/train/attr_abutment_material_train.csv,data/features/dinov3_vitb16_remaining_attributes_assets.csv,classification,dinov3_frozen_embeddings_hist_gradient_boosting,hist_gradient_boosting,GroupKFold,5,5,100551,Timber,Timber,True
attr_abutment_material,attr_abutment_material,data/processed/train/attr_abutment_material_train.csv,data/features/dinov3_vitb16_remaining_attributes_assets.csv,classification,dinov3_frozen_embeddings_hist_gradient_boosting,hist_gradient_boosting,GroupKFold,5,5,103708,Timber,Timber,True
attr_abutment_material,attr_abutment_material,data/processed/train/attr_abutment_material_train.csv,data/features/dinov3_vitb16_remaining_attributes_assets.csv,classification,dinov3_frozen_embeddings_hist_gradient_boosting,hist_gradient_boosting,GroupKFold,5,5,111671,Timber,Timber,True
attr_abutment_material,attr_abutment_material,data/processed/train/attr_abutment_material_train.csv,data/features/dinov3_vitb16_remaining_attributes_assets.csv,classification,dinov3_frozen_embeddings_hist_gradient_boosting,hist_gradient_boosting,GroupKFold,5,5,112034,Timber,Timber,True
attr_abutment_material,attr_abutment_material,data/processed/train/attr_abutment_material_train.csv,data/features/dinov3_vitb16_remaining_attributes_assets.csv,classification,dinov3_frozen_embeddings_hist_gradient_boosting,hist_gradient_boosting,GroupKFold,5,5,117362,Timber,Timber,True
attr_abutment_material,attr_abutment_material,data/processed/train/attr_abutment_material_train.csv,data/features/dinov3_vitb16_remaining_attributes_assets.csv,classification,dinov3_frozen_embeddings_hist_gradient_boosting,hist_gradient_boosting,GroupKFold,5,5,127242,Timber,Timber,True
attr_abutment_material,attr_abutment_material,data/processed/train/attr_abutment_material_train.csv,data/features/dinov3_vitb16_remaining_attributes_assets.csv,classification,dinov3_frozen_embeddings_hist_gradient_boosting,hist_gradient_boosting,GroupKFold,5,5,89766,Timber,Timber,True
attr_abutment_material,attr_abutment_material,data/processed/train/attr_abutment_material_train.csv,data/features/dinov3_vitb16_remaining_attributes_assets.csv,classification,dinov3_frozen_embeddings_hist_gradient_boosting,hist_gradient_boosting,GroupKFold,5,5,117011,Timber,Timber,True
attr_abutment_material,attr_abutment_material,data/processed/train/attr_abutment_material_train.csv,data/features/dinov3_vitb16_remaining_attributes_assets.csv,classification,dinov3_frozen_embeddings_hist_gradient_boosting,hist_gradient_boosting,GroupKFold,5,5,128880,Concrete,Timber,False
attr_abutment_material,attr_abutment_material,data/processed/train/attr_abutment_material_train.csv,data/features/dinov3_vitb16_remaining_attributes_assets.csv,classification,dinov3_frozen_embeddings_hist_gradient_boosting,hist_gradient_boosting,GroupKFold,5,5,47633,Timber,Timber,True
attr_abutment_material,attr_abutment_material,data/processed/train/attr_abutment_material_train.csv,data/features/dinov3_vitb16_remaining_attributes_assets.csv,classification,dinov3_frozen_embeddings_hist_gradient_boosting,hist_gradient_boosting,GroupKFold,5,5,49061,Concrete,Timber,False
attr_abutment_material,attr_abutment_material,data/processed/train/attr_abutment_material_train.csv,data/features/dinov3_vitb16_remaining_attributes_assets.csv,classification,dinov3_frozen_embeddings_hist_gradient_boosting,hist_gradient_boosting,GroupKFold,5,5,50654,Timber,Timber,True
attr_abutment_material,attr_abutment_material,data/processed/train/attr_abutment_material_train.csv,data/features/dinov3_vitb16_remaining_attributes_assets.csv,classification,dinov3_frozen_embeddings_hist_gradient_boosting,hist_gradient_boosting,GroupKFold,5,5,50770,Concrete,Timber,False
attr_abutment_material,attr_abutment_material,data/processed/train/attr_abutment_material_train.csv,data/features/dinov3_vitb16_remaining_attributes_assets.csv,classification,dinov3_frozen_embeddings_hist_gradient_boosting,hist_gradient_boosting,GroupKFold,5,5,51531,Steel,Concrete,False
attr_abutment_material,attr_abutment_material,data/processed/train/attr_abutment_material_train.csv,data/features/dinov3_vitb16_remaining_attributes_assets.csv,classification,dinov3_frozen_embeddings_hist_gradient_boosting,hist_gradient_boosting,GroupKFold,5,5,51941,Concrete,Concrete,True
attr_abutment_material,attr_abutment_material,data/processed/train/attr_abutment_material_train.csv,data/features/dinov3_vitb16_remaining_attributes_assets.csv,classification,dinov3_frozen_embeddings_hist_gradient_boosting,hist_gradient_boosting,GroupKFold,5,5,53985,Timber,Timber,True
attr_abutment_material,attr_abutment_material,data/processed/train/attr_abutment_material_train.csv,data/features/dinov3_vitb16_remaining_attributes_assets.csv,classification,dinov3_frozen_embeddings_hist_gradient_boosting,hist_gradient_boosting,GroupKFold,5,5,55115,Timber,Concrete,False
attr_abutment_material,attr_abutment_material,data/processed/train/attr_abutment_material_train.csv,data/features/dinov3_vitb16_remaining_attributes_assets.csv,classification,dinov3_frozen_embeddings_hist_gradient_boosting,hist_gradient_boosting,GroupKFold,5,5,56468,Timber,Concrete,False
attr_abutment_material,attr_abutment_material,data/processed/train/attr_abutment_material_train.csv,data/features/dinov3_vitb16_remaining_attributes_assets.csv,classification,dinov3_frozen_embeddings_hist_gradient_boosting,hist_gradient_boosting,GroupKFold,5,5,57835,Timber,Concrete,False
attr_abutment_material,attr_abutment_material,data/processed/train/attr_abutment_material_train.csv,data/features/dinov3_vitb16_remaining_attributes_assets.csv,classification,dinov3_frozen_embeddings_hist_gradient_boosting,hist_gradient_boosting,GroupKFold,5,5,58165,Timber,Timber,True
attr_abutment_material,attr_abutment_material,data/processed/train/attr_abutment_material_train.csv,data/features/dinov3_vitb16_remaining_attributes_assets.csv,classification,dinov3_frozen_embeddings_hist_gradient_boosting,hist_gradient_boosting,GroupKFold,5,5,58410,Timber,Concrete,False
attr_abutment_material,attr_abutment_material,data/processed/train/attr_abutment_material_train.csv,data/features/dinov3_vitb16_remaining_attributes_assets.csv,classification,dinov3_frozen_embeddings_hist_gradient_boosting,hist_gradient_boosting,GroupKFold,5,5,60689,Timber,Timber,True
attr_abutment_material,attr_abutment_material,data/processed/train/attr_abutment_material_train.csv,data/features/dinov3_vitb16_remaining_attributes_assets.csv,classification,dinov3_frozen_embeddings_hist_gradient_boosting,hist_gradient_boosting,GroupKFold,5,5,62443,Concrete,Concrete,True
attr_abutment_material,attr_abutment_material,data/processed/train/attr_abutment_material_train.csv,data/features/dinov3_vitb16_remaining_attributes_assets.csv,classification,dinov3_frozen_embeddings_hist_gradient_boosting,hist_gradient_boosting,GroupKFold,5,5,63540,Concrete,Timber,False
attr_abutment_material,attr_abutment_material,data/processed/train/attr_abutment_material_train.csv,data/features/dinov3_vitb16_remaining_attributes_assets.csv,classification,dinov3_frozen_embeddings_hist_gradient_boosting,hist_gradient_boosting,GroupKFold,5,5,64126,Timber,Timber,True
attr_abutment_material,attr_abutment_material,data/processed/train/attr_abutment_material_train.csv,data/features/dinov3_vitb16_remaining_attributes_assets.csv,classification,dinov3_frozen_embeddings_hist_gradient_boosting,hist_gradient_boosting,GroupKFold,5,5,64131,Concrete,Concrete,True
attr_abutment_material,attr_abutment_material,data/processed/train/attr_abutment_material_train.csv,data/features/dinov3_vitb16_remaining_attributes_assets.csv,classification,dinov3_frozen_embeddings_hist_gradient_boosting,hist_gradient_boosting,GroupKFold,5,5,65154,Timber,Timber,True
attr_abutment_material,attr_abutment_material,data/processed/train/attr_abutment_material_train.csv,data/features/dinov3_vitb16_remaining_attributes_assets.csv,classification,dinov3_frozen_embeddings_hist_gradient_boosting,hist_gradient_boosting,GroupKFold,5,5,65424,Concrete,Timber,False
attr_abutment_material,attr_abutment_material,data/processed/train/attr_abutment_material_train.csv,data/features/dinov3_vitb16_remaining_attributes_assets.csv,classification,dinov3_frozen_embeddings_hist_gradient_boosting,hist_gradient_boosting,GroupKFold,5,5,82270,Timber,Timber,True
attr_abutment_material,attr_abutment_material,data/processed/train/attr_abutment_material_train.csv,data/features/dinov3_vitb16_remaining_attributes_assets.csv,classification,dinov3_frozen_embeddings_hist_gradient_boosting,hist_gradient_boosting,GroupKFold,5,5,83150,Timber,Gabions,False
attr_abutment_material,attr_abutment_material,data/processed/train/attr_abutment_material_train.csv,data/features/dinov3_vitb16_remaining_attributes_assets.csv,classification,dinov3_frozen_embeddings_hist_gradient_boosting,hist_gradient_boosting,GroupKFold,5,5,83513,Gabions,Timber,False
attr_abutment_material,attr_abutment_material,data/processed/train/attr_abutment_material_train.csv,data/features/dinov3_vitb16_remaining_attributes_assets.csv,classification,dinov3_frozen_embeddings_hist_gradient_boosting,hist_gradient_boosting,GroupKFold,5,5,85143,Timber,Timber,True
attr_abutment_material,attr_abutment_material,data/processed/train/attr_abutment_material_train.csv,data/features/dinov3_vitb16_remaining_attributes_assets.csv,classification,dinov3_frozen_embeddings_hist_gradient_boosting,hist_gradient_boosting,GroupKFold,5,5,85148,Timber,Timber,True
attr_abutment_material,attr_abutment_material,data/processed/train/attr_abutment_material_train.csv,data/features/dinov3_vitb16_remaining_attributes_assets.csv,classification,dinov3_frozen_embeddings_hist_gradient_boosting,hist_gradient_boosting,GroupKFold,5,5,85208,Timber,Timber,True
attr_abutment_material,attr_abutment_material,data/processed/train/attr_abutment_material_train.csv,data/features/dinov3_vitb16_remaining_attributes_assets.csv,classification,dinov3_frozen_embeddings_hist_gradient_boosting,hist_gradient_boosting,GroupKFold,5,5,87549,Timber,Timber,True
attr_abutment_material,attr_abutment_material,data/processed/train/attr_abutment_material_train.csv,data/features/dinov3_vitb16_remaining_attributes_assets.csv,classification,dinov3_frozen_embeddings_hist_gradient_boosting,hist_gradient_boosting,GroupKFold,5,5,87745,Timber,Timber,True
attr_abutment_material,attr_abutment_material,data/processed/train/attr_abutment_material_train.csv,data/features/dinov3_vitb16_remaining_attributes_assets.csv,classification,dinov3_frozen_embeddings_hist_gradient_boosting,hist_gradient_boosting,GroupKFold,5,5,87769,Timber,Timber,True
attr_abutment_material,attr_abutment_material,data/processed/train/attr_abutment_material_train.csv,data/features/dinov3_vitb16_remaining_attributes_assets.csv,classification,dinov3_frozen_embeddings_hist_gradient_boosting,hist_gradient_boosting,GroupKFold,5,5,87832,Timber,Timber,True
attr_abutment_material,attr_abutment_material,data/processed/train/attr_abutment_material_train.csv,data/features/dinov3_vitb16_remaining_attributes_assets.csv,classification,dinov3_frozen_embeddings_hist_gradient_boosting,hist_gradient_boosting,GroupKFold,5,5,90408,Concrete,Timber,False
attr_abutment_material,attr_abutment_material,data/processed/train/attr_abutment_material_train.csv,data/features/dinov3_vitb16_remaining_attributes_assets.csv,classification,dinov3_frozen_embeddings_hist_gradient_boosting,hist_gradient_boosting,GroupKFold,5,5,90424,Concrete,Timber,False
attr_abutment_material,attr_abutment_material,data/processed/train/attr_abutment_material_train.csv,data/features/dinov3_vitb16_remaining_attributes_assets.csv,classification,dinov3_frozen_embeddings_hist_gradient_boosting,hist_gradient_boosting,GroupKFold,5,5,91832,Timber,Concrete,False
attr_abutment_material,attr_abutment_material,data/processed/train/attr_abutment_material_train.csv,data/features/dinov3_vitb16_remaining_attributes_assets.csv,classification,dinov3_frozen_embeddings_hist_gradient_boosting,hist_gradient_boosting,GroupKFold,5,5,92150,Timber,Timber,True
attr_abutment_material,attr_abutment_material,data/processed/train/attr_abutment_material_train.csv,data/features/dinov3_vitb16_remaining_attributes_assets.csv,classification,dinov3_frozen_embeddings_hist_gradient_boosting,hist_gradient_boosting,GroupKFold,5,5,93043,Timber,Timber,True
attr_abutment_material,attr_abutment_material,data/processed/train/attr_abutment_material_train.csv,data/features/dinov3_vitb16_remaining_attributes_assets.csv,classification,dinov3_frozen_embeddings_hist_gradient_boosting,hist_gradient_boosting,GroupKFold,5,5,94778,Gabions,Gabions,True
attr_abutment_material,attr_abutment_material,data/processed/train/attr_abutment_material_train.csv,data/features/dinov3_vitb16_remaining_attributes_assets.csv,classification,dinov3_frozen_embeddings_hist_gradient_boosting,hist_gradient_boosting,GroupKFold,5,5,98336,Timber,Concrete,False
attr_abutment_material,attr_abutment_material,data/processed/train/attr_abutment_material_train.csv,data/features/dinov3_vitb16_remaining_attributes_assets.csv,classification,dinov3_frozen_embeddings_hist_gradient_boosting,hist_gradient_boosting,GroupKFold,5,5,98498,Timber,Timber,True
attr_abutment_material,attr_abutment_material,data/processed/train/attr_abutment_material_train.csv,data/features/dinov3_vitb16_remaining_attributes_assets.csv,classification,dinov3_frozen_embeddings_hist_gradient_boosting,hist_gradient_boosting,GroupKFold,5,5,99880,Timber,Timber,True
attr_abutment_material,attr_abutment_material,data/processed/train/attr_abutment_material_train.csv,data/features/dinov3_vitb16_remaining_attributes_assets.csv,classification,dinov3_frozen_embeddings_hist_gradient_boosting,hist_gradient_boosting,GroupKFold,5,5,99884,Timber,Timber,True
attr_abutment_material,attr_abutment_material,data/processed/train/attr_abutment_material_train.csv,data/features/dinov3_vitb16_remaining_attributes_assets.csv,classification,dinov3_frozen_embeddings_hist_gradient_boosting,hist_gradient_boosting,GroupKFold,5,5,100262,Gabions,Gabions,True
attr_abutment_material,attr_abutment_material,data/processed/train/attr_abutment_material_train.csv,data/features/dinov3_vitb16_remaining_attributes_assets.csv,classification,dinov3_frozen_embeddings_hist_gradient_boosting,hist_gradient_boosting,GroupKFold,5,5,100348,Timber,Timber,True
attr_abutment_material,attr_abutment_material,data/processed/train/attr_abutment_material_train.csv,data/features/dinov3_vitb16_remaining_attributes_assets.csv,classification,dinov3_frozen_embeddings_hist_gradient_boosting,hist_gradient_boosting,GroupKFold,5,5,100450,Gabions,Timber,False
attr_abutment_material,attr_abutment_material,data/processed/train/attr_abutment_material_train.csv,data/features/dinov3_vitb16_remaining_attributes_assets.csv,classification,dinov3_frozen_embeddings_hist_gradient_boosting,hist_gradient_boosting,GroupKFold,5,5,100475,Timber,Timber,True
attr_abutment_material,attr_abutment_material,data/processed/train/attr_abutment_material_train.csv,data/features/dinov3_vitb16_remaining_attributes_assets.csv,classification,dinov3_frozen_embeddings_hist_gradient_boosting,hist_gradient_boosting,GroupKFold,5,5,100740,Steel,Steel,True
attr_abutment_material,attr_abutment_material,data/processed/train/attr_abutment_material_train.csv,data/features/dinov3_vitb16_remaining_attributes_assets.csv,classification,dinov3_frozen_embeddings_hist_gradient_boosting,hist_gradient_boosting,GroupKFold,5,5,100758,Steel,Timber,False
attr_abutment_material,attr_abutment_material,data/processed/train/attr_abutment_material_train.csv,data/features/dinov3_vitb16_remaining_attributes_assets.csv,classification,dinov3_frozen_embeddings_hist_gradient_boosting,hist_gradient_boosting,GroupKFold,5,5,101869,Timber,Timber,True
attr_abutment_material,attr_abutment_material,data/processed/train/attr_abutment_material_train.csv,data/features/dinov3_vitb16_remaining_attributes_assets.csv,classification,dinov3_frozen_embeddings_hist_gradient_boosting,hist_gradient_boosting,GroupKFold,5,5,102370,Timber,Timber,True
attr_abutment_material,attr_abutment_material,data/processed/train/attr_abutment_material_train.csv,data/features/dinov3_vitb16_remaining_attributes_assets.csv,classification,dinov3_frozen_embeddings_hist_gradient_boosting,hist_gradient_boosting,GroupKFold,5,5,102471,Steel,Timber,False
attr_abutment_material,attr_abutment_material,data/processed/train/attr_abutment_material_train.csv,data/features/dinov3_vitb16_remaining_attributes_assets.csv,classification,dinov3_frozen_embeddings_hist_gradient_boosting,hist_gradient_boosting,GroupKFold,5,5,102851,Timber,Timber,True
attr_abutment_material,attr_abutment_material,data/processed/train/attr_abutment_material_train.csv,data/features/dinov3_vitb16_remaining_attributes_assets.csv,classification,dinov3_frozen_embeddings_hist_gradient_boosting,hist_gradient_boosting,GroupKFold,5,5,104170,Timber,Timber,True
attr_abutment_material,attr_abutment_material,data/processed/train/attr_abutment_material_train.csv,data/features/dinov3_vitb16_remaining_attributes_assets.csv,classification,dinov3_frozen_embeddings_hist_gradient_boosting,hist_gradient_boosting,GroupKFold,5,5,104172,Timber,Timber,True
attr_abutment_material,attr_abutment_material,data/processed/train/attr_abutment_material_train.csv,data/features/dinov3_vitb16_remaining_attributes_assets.csv,classification,dinov3_frozen_embeddings_hist_gradient_boosting,hist_gradient_boosting,GroupKFold,5,5,104865,Steel,Timber,False
attr_abutment_material,attr_abutment_material,data/processed/train/attr_abutment_material_train.csv,data/features/dinov3_vitb16_remaining_attributes_assets.csv,classification,dinov3_frozen_embeddings_hist_gradient_boosting,hist_gradient_boosting,GroupKFold,5,5,106035,Timber,Timber,True
attr_abutment_material,attr_abutment_material,data/processed/train/attr_abutment_material_train.csv,data/features/dinov3_vitb16_remaining_attributes_assets.csv,classification,dinov3_frozen_embeddings_hist_gradient_boosting,hist_gradient_boosting,GroupKFold,5,5,106042,Timber,Timber,True
attr_abutment_material,attr_abutment_material,data/processed/train/attr_abutment_material_train.csv,data/features/dinov3_vitb16_remaining_attributes_assets.csv,classification,dinov3_frozen_embeddings_hist_gradient_boosting,hist_gradient_boosting,GroupKFold,5,5,106054,Timber,Timber,True
attr_abutment_material,attr_abutment_material,data/processed/train/attr_abutment_material_train.csv,data/features/dinov3_vitb16_remaining_attributes_assets.csv,classification,dinov3_frozen_embeddings_hist_gradient_boosting,hist_gradient_boosting,GroupKFold,5,5,106266,Timber,Timber,True
attr_abutment_material,attr_abutment_material,data/processed/train/attr_abutment_material_train.csv,data/features/dinov3_vitb16_remaining_attributes_assets.csv,classification,dinov3_frozen_embeddings_hist_gradient_boosting,hist_gradient_boosting,GroupKFold,5,5,106273,Timber,Timber,True
attr_abutment_material,attr_abutment_material,data/processed/train/attr_abutment_material_train.csv,data/features/dinov3_vitb16_remaining_attributes_assets.csv,classification,dinov3_frozen_embeddings_hist_gradient_boosting,hist_gradient_boosting,GroupKFold,5,5,107877,Steel,Timber,False
attr_abutment_material,attr_abutment_material,data/processed/train/attr_abutment_material_train.csv,data/features/dinov3_vitb16_remaining_attributes_assets.csv,classification,dinov3_frozen_embeddings_hist_gradient_boosting,hist_gradient_boosting,GroupKFold,5,5,107998,Timber,Timber,True
attr_abutment_material,attr_abutment_material,data/processed/train/attr_abutment_material_train.csv,data/features/dinov3_vitb16_remaining_attributes_assets.csv,classification,dinov3_frozen_embeddings_hist_gradient_boosting,hist_gradient_boosting,GroupKFold,5,5,108799,Timber,Timber,True
attr_abutment_material,attr_abutment_material,data/processed/train/attr_abutment_material_train.csv,data/features/dinov3_vitb16_remaining_attributes_assets.csv,classification,dinov3_frozen_embeddings_hist_gradient_boosting,hist_gradient_boosting,GroupKFold,5,5,109166,Timber,Timber,True
attr_abutment_material,attr_abutment_material,data/processed/train/attr_abutment_material_train.csv,data/features/dinov3_vitb16_remaining_attributes_assets.csv,classification,dinov3_frozen_embeddings_hist_gradient_boosting,hist_gradient_boosting,GroupKFold,5,5,109167,Timber,Timber,True
attr_abutment_material,attr_abutment_material,data/processed/train/attr_abutment_material_train.csv,data/features/dinov3_vitb16_remaining_attributes_assets.csv,classification,dinov3_frozen_embeddings_hist_gradient_boosting,hist_gradient_boosting,GroupKFold,5,5,109534,Timber,Timber,True
attr_abutment_material,attr_abutment_material,data/processed/train/attr_abutment_material_train.csv,data/features/dinov3_vitb16_remaining_attributes_assets.csv,classification,dinov3_frozen_embeddings_hist_gradient_boosting,hist_gradient_boosting,GroupKFold,5,5,109538,Gabions,Timber,False
attr_abutment_material,attr_abutment_material,data/processed/train/attr_abutment_material_train.csv,data/features/dinov3_vitb16_remaining_attributes_assets.csv,classification,dinov3_frozen_embeddings_hist_gradient_boosting,hist_gradient_boosting,GroupKFold,5,5,110164,Concrete,Concrete,True
attr_abutment_material,attr_abutment_material,data/processed/train/attr_abutment_material_train.csv,data/features/dinov3_vitb16_remaining_attributes_assets.csv,classification,dinov3_frozen_embeddings_hist_gradient_boosting,hist_gradient_boosting,GroupKFold,5,5,110170,Concrete,Concrete,True
attr_abutment_material,attr_abutment_material,data/processed/train/attr_abutment_material_train.csv,data/features/dinov3_vitb16_remaining_attributes_assets.csv,classification,dinov3_frozen_embeddings_hist_gradient_boosting,hist_gradient_boosting,GroupKFold,5,5,112834,Steel,Concrete,False
attr_abutment_material,attr_abutment_material,data/processed/train/attr_abutment_material_train.csv,data/features/dinov3_vitb16_remaining_attributes_assets.csv,classification,dinov3_frozen_embeddings_hist_gradient_boosting,hist_gradient_boosting,GroupKFold,5,5,113168,Timber,Timber,True
attr_abutment_material,attr_abutment_material,data/processed/train/attr_abutment_material_train.csv,data/features/dinov3_vitb16_remaining_attributes_assets.csv,classification,dinov3_frozen_embeddings_hist_gradient_boosting,hist_gradient_boosting,GroupKFold,5,5,113184,Timber,Timber,True
attr_abutment_material,attr_abutment_material,data/processed/train/attr_abutment_material_train.csv,data/features/dinov3_vitb16_remaining_attributes_assets.csv,classification,dinov3_frozen_embeddings_hist_gradient_boosting,hist_gradient_boosting,GroupKFold,5,5,114085,Gabions,Timber,False
attr_abutment_material,attr_abutment_material,data/processed/train/attr_abutment_material_train.csv,data/features/dinov3_vitb16_remaining_attributes_assets.csv,classification,dinov3_frozen_embeddings_hist_gradient_boosting,hist_gradient_boosting,GroupKFold,5,5,114932,Timber,Timber,True
attr_abutment_material,attr_abutment_material,data/processed/train/attr_abutment_material_train.csv,data/features/dinov3_vitb16_remaining_attributes_assets.csv,classification,dinov3_frozen_embeddings_hist_gradient_boosting,hist_gradient_boosting,GroupKFold,5,5,114996,Concrete,Concrete,True
attr_abutment_material,attr_abutment_material,data/processed/train/attr_abutment_material_train.csv,data/features/dinov3_vitb16_remaining_attributes_assets.csv,classification,dinov3_frozen_embeddings_hist_gradient_boosting,hist_gradient_boosting,GroupKFold,5,5,116737,Steel,Steel,True
attr_abutment_material,attr_abutment_material,data/processed/train/attr_abutment_material_train.csv,data/features/dinov3_vitb16_remaining_attributes_assets.csv,classification,dinov3_frozen_embeddings_hist_gradient_boosting,hist_gradient_boosting,GroupKFold,5,5,116847,Timber,Concrete,False
attr_abutment_material,attr_abutment_material,data/processed/train/attr_abutment_material_train.csv,data/features/dinov3_vitb16_remaining_attributes_assets.csv,classification,dinov3_frozen_embeddings_hist_gradient_boosting,hist_gradient_boosting,GroupKFold,5,5,116853,Timber,Timber,True
attr_abutment_material,attr_abutment_material,data/processed/train/attr_abutment_material_train.csv,data/features/dinov3_vitb16_remaining_attributes_assets.csv,classification,dinov3_frozen_embeddings_hist_gradient_boosting,hist_gradient_boosting,GroupKFold,5,5,116854,Timber,Timber,True
attr_abutment_material,attr_abutment_material,data/processed/train/attr_abutment_material_train.csv,data/features/dinov3_vitb16_remaining_attributes_assets.csv,classification,dinov3_frozen_embeddings_hist_gradient_boosting,hist_gradient_boosting,GroupKFold,5,5,117191,Timber,Timber,True
attr_abutment_material,attr_abutment_material,data/processed/train/attr_abutment_material_train.csv,data/features/dinov3_vitb16_remaining_attributes_assets.csv,classification,dinov3_frozen_embeddings_hist_gradient_boosting,hist_gradient_boosting,GroupKFold,5,5,117204,Timber,Timber,True
attr_abutment_material,attr_abutment_material,data/processed/train/attr_abutment_material_train.csv,data/features/dinov3_vitb16_remaining_attributes_assets.csv,classification,dinov3_frozen_embeddings_hist_gradient_boosting,hist_gradient_boosting,GroupKFold,5,5,117214,Timber,Timber,True
attr_abutment_material,attr_abutment_material,data/processed/train/attr_abutment_material_train.csv,data/features/dinov3_vitb16_remaining_attributes_assets.csv,classification,dinov3_frozen_embeddings_hist_gradient_boosting,hist_gradient_boosting,GroupKFold,5,5,117215,Timber,Timber,True
attr_abutment_material,attr_abutment_material,data/processed/train/attr_abutment_material_train.csv,data/features/dinov3_vitb16_remaining_attributes_assets.csv,classification,dinov3_frozen_embeddings_hist_gradient_boosting,hist_gradient_boosting,GroupKFold,5,5,117216,Timber,Timber,True
attr_abutment_material,attr_abutment_material,data/processed/train/attr_abutment_material_train.csv,data/features/dinov3_vitb16_remaining_attributes_assets.csv,classification,dinov3_frozen_embeddings_hist_gradient_boosting,hist_gradient_boosting,GroupKFold,5,5,117339,Concrete,Timber,False
attr_abutment_material,attr_abutment_material,data/processed/train/attr_abutment_material_train.csv,data/features/dinov3_vitb16_remaining_attributes_assets.csv,classification,dinov3_frozen_embeddings_hist_gradient_boosting,hist_gradient_boosting,GroupKFold,5,5,117365,Timber,Timber,True
attr_abutment_material,attr_abutment_material,data/processed/train/attr_abutment_material_train.csv,data/features/dinov3_vitb16_remaining_attributes_assets.csv,classification,dinov3_frozen_embeddings_hist_gradient_boosting,hist_gradient_boosting,GroupKFold,5,5,118248,Timber,Timber,True
attr_abutment_material,attr_abutment_material,data/processed/train/attr_abutment_material_train.csv,data/features/dinov3_vitb16_remaining_attributes_assets.csv,classification,dinov3_frozen_embeddings_hist_gradient_boosting,hist_gradient_boosting,GroupKFold,5,5,119977,Timber,Timber,True
attr_abutment_material,attr_abutment_material,data/processed/train/attr_abutment_material_train.csv,data/features/dinov3_vitb16_remaining_attributes_assets.csv,classification,dinov3_frozen_embeddings_hist_gradient_boosting,hist_gradient_boosting,GroupKFold,5,5,120299,Timber,Timber,True
attr_abutment_material,attr_abutment_material,data/processed/train/attr_abutment_material_train.csv,data/features/dinov3_vitb16_remaining_attributes_assets.csv,classification,dinov3_frozen_embeddings_hist_gradient_boosting,hist_gradient_boosting,GroupKFold,5,5,121504,Timber,Timber,True
attr_abutment_material,attr_abutment_material,data/processed/train/attr_abutment_material_train.csv,data/features/dinov3_vitb16_remaining_attributes_assets.csv,classification,dinov3_frozen_embeddings_hist_gradient_boosting,hist_gradient_boosting,GroupKFold,5,5,102350,Timber,Timber,True
attr_abutment_material,attr_abutment_material,data/processed/train/attr_abutment_material_train.csv,data/features/dinov3_vitb16_remaining_attributes_assets.csv,classification,dinov3_frozen_embeddings_hist_gradient_boosting,hist_gradient_boosting,GroupKFold,5,5,121698,Timber,Concrete,False
attr_abutment_material,attr_abutment_material,data/processed/train/attr_abutment_material_train.csv,data/features/dinov3_vitb16_remaining_attributes_assets.csv,classification,dinov3_frozen_embeddings_hist_gradient_boosting,hist_gradient_boosting,GroupKFold,5,5,122981,Concrete,Timber,False
attr_abutment_material,attr_abutment_material,data/processed/train/attr_abutment_material_train.csv,data/features/dinov3_vitb16_remaining_attributes_assets.csv,classification,dinov3_frozen_embeddings_hist_gradient_boosting,hist_gradient_boosting,GroupKFold,5,5,123309,Timber,Timber,True
attr_abutment_material,attr_abutment_material,data/processed/train/attr_abutment_material_train.csv,data/features/dinov3_vitb16_remaining_attributes_assets.csv,classification,dinov3_frozen_embeddings_hist_gradient_boosting,hist_gradient_boosting,GroupKFold,5,5,126334,Gabions,Concrete,False
attr_abutment_material,attr_abutment_material,data/processed/train/attr_abutment_material_train.csv,data/features/dinov3_vitb16_remaining_attributes_assets.csv,classification,dinov3_frozen_embeddings_hist_gradient_boosting,hist_gradient_boosting,GroupKFold,5,5,126740,Timber,Timber,True
attr_abutment_material,attr_abutment_material,data/processed/train/attr_abutment_material_train.csv,data/features/dinov3_vitb16_remaining_attributes_assets.csv,classification,dinov3_frozen_embeddings_hist_gradient_boosting,hist_gradient_boosting,GroupKFold,5,5,127184,Composite,Timber,False
attr_abutment_material,attr_abutment_material,data/processed/train/attr_abutment_material_train.csv,data/features/dinov3_vitb16_remaining_attributes_assets.csv,classification,dinov3_frozen_embeddings_hist_gradient_boosting,hist_gradient_boosting,GroupKFold,5,5,128643,Concrete,Concrete,True
attr_abutment_material,attr_abutment_material,data/processed/train/attr_abutment_material_train.csv,data/features/dinov3_vitb16_remaining_attributes_assets.csv,classification,dinov3_frozen_embeddings_hist_gradient_boosting,hist_gradient_boosting,GroupKFold,5,5,128831,Timber,Timber,True
attr_abutment_material,attr_abutment_material,data/processed/train/attr_abutment_material_train.csv,data/features/dinov3_vitb16_remaining_attributes_assets.csv,classification,dinov3_frozen_embeddings_hist_gradient_boosting,hist_gradient_boosting,GroupKFold,5,5,51530,Concrete,Concrete,True
attr_abutment_material,attr_abutment_material,data/processed/train/attr_abutment_material_train.csv,data/features/dinov3_vitb16_remaining_attributes_assets.csv,classification,dinov3_frozen_embeddings_hist_gradient_boosting,hist_gradient_boosting,GroupKFold,5,5,102358,Timber,Timber,True
