attribute,asset_type,fold,asset_id,true_label,predicted_label,correct,confidence,target_column,classifier,strategy
width_bin,Boardwalk < 1.2m High,1,48120,wide (>1.5m),wide (>1.5m),True,0.9985336237520438,width_bin,logistic_regression,dinov3_frozen_embeddings_logistic_regression
width_bin,Boardwalk < 1.2m High,1,52244,standard (0.9-1.5m),standard (0.9-1.5m),True,0.6807781007667216,width_bin,logistic_regression,dinov3_frozen_embeddings_logistic_regression
width_bin,Boardwalk < 1.2m High,1,52245,wide (>1.5m),standard (0.9-1.5m),False,0.45711958021913873,width_bin,logistic_regression,dinov3_frozen_embeddings_logistic_regression
width_bin,Boardwalk < 1.2m High,1,53993,standard (0.9-1.5m),standard (0.9-1.5m),True,0.9411847301198948,width_bin,logistic_regression,dinov3_frozen_embeddings_logistic_regression
width_bin,Boardwalk < 1.2m High,1,55645,narrow (<0.9m),standard (0.9-1.5m),False,0.9718731427371115,width_bin,logistic_regression,dinov3_frozen_embeddings_logistic_regression
width_bin,Boardwalk < 1.2m High,1,58173,wide (>1.5m),standard (0.9-1.5m),False,0.9925829670969439,width_bin,logistic_regression,dinov3_frozen_embeddings_logistic_regression
width_bin,Boardwalk < 1.2m High,1,61742,standard (0.9-1.5m),standard (0.9-1.5m),True,0.999987328576687,width_bin,logistic_regression,dinov3_frozen_embeddings_logistic_regression
width_bin,Boardwalk < 1.2m High,1,62067,standard (0.9-1.5m),narrow (<0.9m),False,0.7080961221032193,width_bin,logistic_regression,dinov3_frozen_embeddings_logistic_regression
width_bin,Boardwalk < 1.2m High,1,83458,wide (>1.5m),narrow (<0.9m),False,0.9987909727210373,width_bin,logistic_regression,dinov3_frozen_embeddings_logistic_regression
width_bin,Boardwalk < 1.2m High,1,83926,standard (0.9-1.5m),wide (>1.5m),False,0.9992898633553849,width_bin,logistic_regression,dinov3_frozen_embeddings_logistic_regression
width_bin,Boardwalk < 1.2m High,1,85171,wide (>1.5m),standard (0.9-1.5m),False,0.8966320917704029,width_bin,logistic_regression,dinov3_frozen_embeddings_logistic_regression
width_bin,Boardwalk < 1.2m High,1,87516,narrow (<0.9m),narrow (<0.9m),True,0.8726655228672787,width_bin,logistic_regression,dinov3_frozen_embeddings_logistic_regression
width_bin,Boardwalk < 1.2m High,1,89579,standard (0.9-1.5m),standard (0.9-1.5m),True,0.7346239688633619,width_bin,logistic_regression,dinov3_frozen_embeddings_logistic_regression
width_bin,Boardwalk < 1.2m High,1,89582,standard (0.9-1.5m),standard (0.9-1.5m),True,0.9040765697978276,width_bin,logistic_regression,dinov3_frozen_embeddings_logistic_regression
width_bin,Boardwalk < 1.2m High,1,89588,standard (0.9-1.5m),standard (0.9-1.5m),True,0.7823982984721037,width_bin,logistic_regression,dinov3_frozen_embeddings_logistic_regression
width_bin,Boardwalk < 1.2m High,1,89705,standard (0.9-1.5m),standard (0.9-1.5m),True,0.9988013131666511,width_bin,logistic_regression,dinov3_frozen_embeddings_logistic_regression
width_bin,Boardwalk < 1.2m High,1,89721,standard (0.9-1.5m),narrow (<0.9m),False,0.5217880791499167,width_bin,logistic_regression,dinov3_frozen_embeddings_logistic_regression
width_bin,Boardwalk < 1.2m High,1,90321,standard (0.9-1.5m),standard (0.9-1.5m),True,0.9986923142320185,width_bin,logistic_regression,dinov3_frozen_embeddings_logistic_regression
width_bin,Boardwalk < 1.2m High,1,90325,standard (0.9-1.5m),standard (0.9-1.5m),True,0.9968956950423863,width_bin,logistic_regression,dinov3_frozen_embeddings_logistic_regression
width_bin,Boardwalk < 1.2m High,1,90329,narrow (<0.9m),standard (0.9-1.5m),False,0.6371967072023935,width_bin,logistic_regression,dinov3_frozen_embeddings_logistic_regression
width_bin,Boardwalk < 1.2m High,1,90334,standard (0.9-1.5m),standard (0.9-1.5m),True,0.9998885345080548,width_bin,logistic_regression,dinov3_frozen_embeddings_logistic_regression
width_bin,Boardwalk < 1.2m High,1,90340,standard (0.9-1.5m),standard (0.9-1.5m),True,0.9999129799192488,width_bin,logistic_regression,dinov3_frozen_embeddings_logistic_regression
width_bin,Boardwalk < 1.2m High,1,90360,standard (0.9-1.5m),standard (0.9-1.5m),True,0.9985947631252717,width_bin,logistic_regression,dinov3_frozen_embeddings_logistic_regression
width_bin,Boardwalk < 1.2m High,1,90364,standard (0.9-1.5m),standard (0.9-1.5m),True,0.9999940804553099,width_bin,logistic_regression,dinov3_frozen_embeddings_logistic_regression
width_bin,Boardwalk < 1.2m High,1,90371,standard (0.9-1.5m),standard (0.9-1.5m),True,0.9999821228240596,width_bin,logistic_regression,dinov3_frozen_embeddings_logistic_regression
width_bin,Boardwalk < 1.2m High,1,90373,standard (0.9-1.5m),standard (0.9-1.5m),True,0.9760514134814112,width_bin,logistic_regression,dinov3_frozen_embeddings_logistic_regression
width_bin,Boardwalk < 1.2m High,1,90383,standard (0.9-1.5m),standard (0.9-1.5m),True,0.9012284252969731,width_bin,logistic_regression,dinov3_frozen_embeddings_logistic_regression
width_bin,Boardwalk < 1.2m High,1,90388,standard (0.9-1.5m),standard (0.9-1.5m),True,0.6728119089290426,width_bin,logistic_regression,dinov3_frozen_embeddings_logistic_regression
width_bin,Boardwalk < 1.2m High,1,90392,standard (0.9-1.5m),standard (0.9-1.5m),True,0.9998930305736805,width_bin,logistic_regression,dinov3_frozen_embeddings_logistic_regression
width_bin,Boardwalk < 1.2m High,1,90497,standard (0.9-1.5m),standard (0.9-1.5m),True,0.9944667447812537,width_bin,logistic_regression,dinov3_frozen_embeddings_logistic_regression
width_bin,Boardwalk < 1.2m High,1,90502,standard (0.9-1.5m),standard (0.9-1.5m),True,0.9999911562347678,width_bin,logistic_regression,dinov3_frozen_embeddings_logistic_regression
width_bin,Boardwalk < 1.2m High,1,90506,standard (0.9-1.5m),standard (0.9-1.5m),True,0.9473229264912396,width_bin,logistic_regression,dinov3_frozen_embeddings_logistic_regression
width_bin,Boardwalk < 1.2m High,1,91716,standard (0.9-1.5m),standard (0.9-1.5m),True,0.9989203534883361,width_bin,logistic_regression,dinov3_frozen_embeddings_logistic_regression
width_bin,Boardwalk < 1.2m High,1,92012,narrow (<0.9m),standard (0.9-1.5m),False,0.9998513681713073,width_bin,logistic_regression,dinov3_frozen_embeddings_logistic_regression
width_bin,Boardwalk < 1.2m High,1,92017,narrow (<0.9m),narrow (<0.9m),True,0.9695964850050786,width_bin,logistic_regression,dinov3_frozen_embeddings_logistic_regression
width_bin,Boardwalk < 1.2m High,1,92021,narrow (<0.9m),standard (0.9-1.5m),False,0.993219435639191,width_bin,logistic_regression,dinov3_frozen_embeddings_logistic_regression
width_bin,Boardwalk < 1.2m High,1,92023,narrow (<0.9m),standard (0.9-1.5m),False,0.9999045151184911,width_bin,logistic_regression,dinov3_frozen_embeddings_logistic_regression
width_bin,Boardwalk < 1.2m High,1,92025,narrow (<0.9m),standard (0.9-1.5m),False,0.9412039960785391,width_bin,logistic_regression,dinov3_frozen_embeddings_logistic_regression
width_bin,Boardwalk < 1.2m High,1,92026,narrow (<0.9m),narrow (<0.9m),True,0.5108875643102206,width_bin,logistic_regression,dinov3_frozen_embeddings_logistic_regression
width_bin,Boardwalk < 1.2m High,1,92027,narrow (<0.9m),narrow (<0.9m),True,0.989250697011957,width_bin,logistic_regression,dinov3_frozen_embeddings_logistic_regression
width_bin,Boardwalk < 1.2m High,1,92043,narrow (<0.9m),narrow (<0.9m),True,0.9898663803616948,width_bin,logistic_regression,dinov3_frozen_embeddings_logistic_regression
width_bin,Boardwalk < 1.2m High,1,92048,narrow (<0.9m),narrow (<0.9m),True,0.5829945760847004,width_bin,logistic_regression,dinov3_frozen_embeddings_logistic_regression
width_bin,Boardwalk < 1.2m High,1,92086,standard (0.9-1.5m),narrow (<0.9m),False,0.7094627647319124,width_bin,logistic_regression,dinov3_frozen_embeddings_logistic_regression
width_bin,Boardwalk < 1.2m High,1,93025,wide (>1.5m),wide (>1.5m),True,0.6233747280992723,width_bin,logistic_regression,dinov3_frozen_embeddings_logistic_regression
width_bin,Boardwalk < 1.2m High,1,93042,standard (0.9-1.5m),standard (0.9-1.5m),True,0.9601097380788716,width_bin,logistic_regression,dinov3_frozen_embeddings_logistic_regression
width_bin,Boardwalk < 1.2m High,1,93372,wide (>1.5m),wide (>1.5m),True,0.999973077538328,width_bin,logistic_regression,dinov3_frozen_embeddings_logistic_regression
width_bin,Boardwalk < 1.2m High,1,94271,narrow (<0.9m),wide (>1.5m),False,0.7620578619469643,width_bin,logistic_regression,dinov3_frozen_embeddings_logistic_regression
width_bin,Boardwalk < 1.2m High,1,94279,narrow (<0.9m),narrow (<0.9m),True,0.9999542432742973,width_bin,logistic_regression,dinov3_frozen_embeddings_logistic_regression
width_bin,Boardwalk < 1.2m High,1,94284,narrow (<0.9m),narrow (<0.9m),True,0.9997748786221247,width_bin,logistic_regression,dinov3_frozen_embeddings_logistic_regression
width_bin,Boardwalk < 1.2m High,1,94288,narrow (<0.9m),narrow (<0.9m),True,0.9998664139592295,width_bin,logistic_regression,dinov3_frozen_embeddings_logistic_regression
width_bin,Boardwalk < 1.2m High,1,94303,narrow (<0.9m),narrow (<0.9m),True,0.9972049802176893,width_bin,logistic_regression,dinov3_frozen_embeddings_logistic_regression
width_bin,Boardwalk < 1.2m High,1,94304,narrow (<0.9m),narrow (<0.9m),True,0.999865250035261,width_bin,logistic_regression,dinov3_frozen_embeddings_logistic_regression
width_bin,Boardwalk < 1.2m High,1,94321,narrow (<0.9m),narrow (<0.9m),True,0.9894036906482013,width_bin,logistic_regression,dinov3_frozen_embeddings_logistic_regression
width_bin,Boardwalk < 1.2m High,1,94327,narrow (<0.9m),narrow (<0.9m),True,0.9999945041079261,width_bin,logistic_regression,dinov3_frozen_embeddings_logistic_regression
width_bin,Boardwalk < 1.2m High,1,94335,narrow (<0.9m),narrow (<0.9m),True,0.9999847680586142,width_bin,logistic_regression,dinov3_frozen_embeddings_logistic_regression
width_bin,Boardwalk < 1.2m High,1,94346,narrow (<0.9m),narrow (<0.9m),True,0.9966808990056405,width_bin,logistic_regression,dinov3_frozen_embeddings_logistic_regression
width_bin,Boardwalk < 1.2m High,1,94348,narrow (<0.9m),narrow (<0.9m),True,0.9997563651429191,width_bin,logistic_regression,dinov3_frozen_embeddings_logistic_regression
width_bin,Boardwalk < 1.2m High,1,94351,narrow (<0.9m),narrow (<0.9m),True,0.9952925218759348,width_bin,logistic_regression,dinov3_frozen_embeddings_logistic_regression
width_bin,Boardwalk < 1.2m High,1,94372,narrow (<0.9m),narrow (<0.9m),True,0.9991695038574896,width_bin,logistic_regression,dinov3_frozen_embeddings_logistic_regression
width_bin,Boardwalk < 1.2m High,1,94375,narrow (<0.9m),narrow (<0.9m),True,0.9999866492055614,width_bin,logistic_regression,dinov3_frozen_embeddings_logistic_regression
width_bin,Boardwalk < 1.2m High,1,94380,narrow (<0.9m),narrow (<0.9m),True,0.9945284237616716,width_bin,logistic_regression,dinov3_frozen_embeddings_logistic_regression
width_bin,Boardwalk < 1.2m High,1,94399,narrow (<0.9m),narrow (<0.9m),True,0.9930947282575666,width_bin,logistic_regression,dinov3_frozen_embeddings_logistic_regression
width_bin,Boardwalk < 1.2m High,1,94405,narrow (<0.9m),standard (0.9-1.5m),False,0.6897875369743444,width_bin,logistic_regression,dinov3_frozen_embeddings_logistic_regression
width_bin,Boardwalk < 1.2m High,1,94406,narrow (<0.9m),narrow (<0.9m),True,0.999999955176684,width_bin,logistic_regression,dinov3_frozen_embeddings_logistic_regression
width_bin,Boardwalk < 1.2m High,1,94410,narrow (<0.9m),narrow (<0.9m),True,0.9263360795902826,width_bin,logistic_regression,dinov3_frozen_embeddings_logistic_regression
width_bin,Boardwalk < 1.2m High,1,94423,narrow (<0.9m),standard (0.9-1.5m),False,0.996486925713165,width_bin,logistic_regression,dinov3_frozen_embeddings_logistic_regression
width_bin,Boardwalk < 1.2m High,1,94486,narrow (<0.9m),narrow (<0.9m),True,0.7786895938078283,width_bin,logistic_regression,dinov3_frozen_embeddings_logistic_regression
width_bin,Boardwalk < 1.2m High,1,94780,wide (>1.5m),standard (0.9-1.5m),False,0.944643262422932,width_bin,logistic_regression,dinov3_frozen_embeddings_logistic_regression
width_bin,Boardwalk < 1.2m High,1,94784,standard (0.9-1.5m),standard (0.9-1.5m),True,0.9982237315985147,width_bin,logistic_regression,dinov3_frozen_embeddings_logistic_regression
width_bin,Boardwalk < 1.2m High,1,100548,standard (0.9-1.5m),standard (0.9-1.5m),True,0.5047766681281813,width_bin,logistic_regression,dinov3_frozen_embeddings_logistic_regression
width_bin,Boardwalk < 1.2m High,1,100550,standard (0.9-1.5m),standard (0.9-1.5m),True,0.9113885972943417,width_bin,logistic_regression,dinov3_frozen_embeddings_logistic_regression
width_bin,Boardwalk < 1.2m High,1,102423,wide (>1.5m),wide (>1.5m),True,0.6586853758012181,width_bin,logistic_regression,dinov3_frozen_embeddings_logistic_regression
width_bin,Boardwalk < 1.2m High,1,102440,standard (0.9-1.5m),wide (>1.5m),False,0.9727639115223136,width_bin,logistic_regression,dinov3_frozen_embeddings_logistic_regression
width_bin,Boardwalk < 1.2m High,1,102443,standard (0.9-1.5m),wide (>1.5m),False,0.9961872392619735,width_bin,logistic_regression,dinov3_frozen_embeddings_logistic_regression
width_bin,Boardwalk < 1.2m High,1,102560,standard (0.9-1.5m),standard (0.9-1.5m),True,0.9999618056875124,width_bin,logistic_regression,dinov3_frozen_embeddings_logistic_regression
width_bin,Boardwalk < 1.2m High,1,102973,standard (0.9-1.5m),standard (0.9-1.5m),True,0.9993068785676285,width_bin,logistic_regression,dinov3_frozen_embeddings_logistic_regression
width_bin,Boardwalk < 1.2m High,1,105280,standard (0.9-1.5m),wide (>1.5m),False,0.5299178576033021,width_bin,logistic_regression,dinov3_frozen_embeddings_logistic_regression
width_bin,Boardwalk < 1.2m High,1,107051,standard (0.9-1.5m),standard (0.9-1.5m),True,0.9668122543741643,width_bin,logistic_regression,dinov3_frozen_embeddings_logistic_regression
width_bin,Boardwalk < 1.2m High,1,107065,standard (0.9-1.5m),standard (0.9-1.5m),True,0.999985354242131,width_bin,logistic_regression,dinov3_frozen_embeddings_logistic_regression
width_bin,Boardwalk < 1.2m High,1,107317,standard (0.9-1.5m),standard (0.9-1.5m),True,0.9988112241081396,width_bin,logistic_regression,dinov3_frozen_embeddings_logistic_regression
width_bin,Boardwalk < 1.2m High,1,107335,standard (0.9-1.5m),standard (0.9-1.5m),True,0.9973990654781159,width_bin,logistic_regression,dinov3_frozen_embeddings_logistic_regression
width_bin,Boardwalk < 1.2m High,1,107384,wide (>1.5m),standard (0.9-1.5m),False,0.9957786980772912,width_bin,logistic_regression,dinov3_frozen_embeddings_logistic_regression
width_bin,Boardwalk < 1.2m High,1,107582,standard (0.9-1.5m),wide (>1.5m),False,0.8783532788997167,width_bin,logistic_regression,dinov3_frozen_embeddings_logistic_regression
width_bin,Boardwalk < 1.2m High,1,107883,standard (0.9-1.5m),standard (0.9-1.5m),True,0.9999939566884838,width_bin,logistic_regression,dinov3_frozen_embeddings_logistic_regression
width_bin,Boardwalk < 1.2m High,1,107906,standard (0.9-1.5m),standard (0.9-1.5m),True,0.9967263453254569,width_bin,logistic_regression,dinov3_frozen_embeddings_logistic_regression
width_bin,Boardwalk < 1.2m High,1,107919,standard (0.9-1.5m),standard (0.9-1.5m),True,0.9983509733370838,width_bin,logistic_regression,dinov3_frozen_embeddings_logistic_regression
width_bin,Boardwalk < 1.2m High,1,107978,standard (0.9-1.5m),standard (0.9-1.5m),True,0.9997605353868951,width_bin,logistic_regression,dinov3_frozen_embeddings_logistic_regression
width_bin,Boardwalk < 1.2m High,1,108029,standard (0.9-1.5m),standard (0.9-1.5m),True,0.9980127307145025,width_bin,logistic_regression,dinov3_frozen_embeddings_logistic_regression
width_bin,Boardwalk < 1.2m High,1,108033,standard (0.9-1.5m),narrow (<0.9m),False,0.5338581771379968,width_bin,logistic_regression,dinov3_frozen_embeddings_logistic_regression
width_bin,Boardwalk < 1.2m High,1,108292,standard (0.9-1.5m),standard (0.9-1.5m),True,0.920899636463779,width_bin,logistic_regression,dinov3_frozen_embeddings_logistic_regression
width_bin,Boardwalk < 1.2m High,1,108299,standard (0.9-1.5m),standard (0.9-1.5m),True,0.936717267067173,width_bin,logistic_regression,dinov3_frozen_embeddings_logistic_regression
width_bin,Boardwalk < 1.2m High,1,108333,standard (0.9-1.5m),standard (0.9-1.5m),True,0.9996584390637563,width_bin,logistic_regression,dinov3_frozen_embeddings_logistic_regression
width_bin,Boardwalk < 1.2m High,1,108339,standard (0.9-1.5m),standard (0.9-1.5m),True,0.9832942380846716,width_bin,logistic_regression,dinov3_frozen_embeddings_logistic_regression
width_bin,Boardwalk < 1.2m High,1,108345,standard (0.9-1.5m),standard (0.9-1.5m),True,0.9940984923717965,width_bin,logistic_regression,dinov3_frozen_embeddings_logistic_regression
width_bin,Boardwalk < 1.2m High,1,108708,standard (0.9-1.5m),standard (0.9-1.5m),True,0.9996608437446827,width_bin,logistic_regression,dinov3_frozen_embeddings_logistic_regression
width_bin,Boardwalk < 1.2m High,1,108714,narrow (<0.9m),standard (0.9-1.5m),False,0.9888635619361026,width_bin,logistic_regression,dinov3_frozen_embeddings_logistic_regression
width_bin,Boardwalk < 1.2m High,1,108716,standard (0.9-1.5m),standard (0.9-1.5m),True,0.9542979370433914,width_bin,logistic_regression,dinov3_frozen_embeddings_logistic_regression
width_bin,Boardwalk < 1.2m High,1,108728,narrow (<0.9m),standard (0.9-1.5m),False,0.9737772576339621,width_bin,logistic_regression,dinov3_frozen_embeddings_logistic_regression
width_bin,Boardwalk < 1.2m High,1,108729,narrow (<0.9m),standard (0.9-1.5m),False,0.9993457276461745,width_bin,logistic_regression,dinov3_frozen_embeddings_logistic_regression
width_bin,Boardwalk < 1.2m High,1,108790,standard (0.9-1.5m),narrow (<0.9m),False,0.7455167803637711,width_bin,logistic_regression,dinov3_frozen_embeddings_logistic_regression
width_bin,Boardwalk < 1.2m High,1,108793,standard (0.9-1.5m),standard (0.9-1.5m),True,0.9429972568990287,width_bin,logistic_regression,dinov3_frozen_embeddings_logistic_regression
width_bin,Boardwalk < 1.2m High,1,109137,standard (0.9-1.5m),standard (0.9-1.5m),True,0.9964998518532732,width_bin,logistic_regression,dinov3_frozen_embeddings_logistic_regression
width_bin,Boardwalk < 1.2m High,1,109174,standard (0.9-1.5m),standard (0.9-1.5m),True,0.9994615791004727,width_bin,logistic_regression,dinov3_frozen_embeddings_logistic_regression
width_bin,Boardwalk < 1.2m High,1,109609,standard (0.9-1.5m),wide (>1.5m),False,0.9524049242470362,width_bin,logistic_regression,dinov3_frozen_embeddings_logistic_regression
width_bin,Boardwalk < 1.2m High,1,109622,standard (0.9-1.5m),standard (0.9-1.5m),True,0.9872760922802628,width_bin,logistic_regression,dinov3_frozen_embeddings_logistic_regression
width_bin,Boardwalk < 1.2m High,1,109711,narrow (<0.9m),standard (0.9-1.5m),False,0.9984424292990163,width_bin,logistic_regression,dinov3_frozen_embeddings_logistic_regression
width_bin,Boardwalk < 1.2m High,1,109712,standard (0.9-1.5m),standard (0.9-1.5m),True,0.9202168213434452,width_bin,logistic_regression,dinov3_frozen_embeddings_logistic_regression
width_bin,Boardwalk < 1.2m High,1,110267,standard (0.9-1.5m),standard (0.9-1.5m),True,0.9028888130427456,width_bin,logistic_regression,dinov3_frozen_embeddings_logistic_regression
width_bin,Boardwalk < 1.2m High,1,110280,standard (0.9-1.5m),standard (0.9-1.5m),True,0.9994626481942168,width_bin,logistic_regression,dinov3_frozen_embeddings_logistic_regression
width_bin,Boardwalk < 1.2m High,1,110570,standard (0.9-1.5m),standard (0.9-1.5m),True,0.9299118761891294,width_bin,logistic_regression,dinov3_frozen_embeddings_logistic_regression
width_bin,Boardwalk < 1.2m High,1,110571,standard (0.9-1.5m),standard (0.9-1.5m),True,0.9349781913940117,width_bin,logistic_regression,dinov3_frozen_embeddings_logistic_regression
width_bin,Boardwalk < 1.2m High,1,110606,narrow (<0.9m),narrow (<0.9m),True,0.9884918882530374,width_bin,logistic_regression,dinov3_frozen_embeddings_logistic_regression
width_bin,Boardwalk < 1.2m High,1,110755,standard (0.9-1.5m),standard (0.9-1.5m),True,0.9999311593788873,width_bin,logistic_regression,dinov3_frozen_embeddings_logistic_regression
width_bin,Boardwalk < 1.2m High,1,110826,standard (0.9-1.5m),standard (0.9-1.5m),True,0.993086419587844,width_bin,logistic_regression,dinov3_frozen_embeddings_logistic_regression
width_bin,Boardwalk < 1.2m High,1,110966,standard (0.9-1.5m),narrow (<0.9m),False,0.9617766543678987,width_bin,logistic_regression,dinov3_frozen_embeddings_logistic_regression
width_bin,Boardwalk < 1.2m High,1,110975,standard (0.9-1.5m),narrow (<0.9m),False,0.9891539135486903,width_bin,logistic_regression,dinov3_frozen_embeddings_logistic_regression
width_bin,Boardwalk < 1.2m High,1,111005,standard (0.9-1.5m),standard (0.9-1.5m),True,0.8026578315865741,width_bin,logistic_regression,dinov3_frozen_embeddings_logistic_regression
width_bin,Boardwalk < 1.2m High,1,111666,narrow (<0.9m),narrow (<0.9m),True,0.9974568558755745,width_bin,logistic_regression,dinov3_frozen_embeddings_logistic_regression
width_bin,Boardwalk < 1.2m High,1,111671,narrow (<0.9m),narrow (<0.9m),True,0.7922490757203116,width_bin,logistic_regression,dinov3_frozen_embeddings_logistic_regression
width_bin,Boardwalk < 1.2m High,1,111675,narrow (<0.9m),standard (0.9-1.5m),False,0.9330941697709683,width_bin,logistic_regression,dinov3_frozen_embeddings_logistic_regression
width_bin,Boardwalk < 1.2m High,1,111765,standard (0.9-1.5m),standard (0.9-1.5m),True,0.8679008067893693,width_bin,logistic_regression,dinov3_frozen_embeddings_logistic_regression
width_bin,Boardwalk < 1.2m High,1,111779,narrow (<0.9m),wide (>1.5m),False,0.9998120636379626,width_bin,logistic_regression,dinov3_frozen_embeddings_logistic_regression
width_bin,Boardwalk < 1.2m High,1,111789,narrow (<0.9m),standard (0.9-1.5m),False,0.9656067735779384,width_bin,logistic_regression,dinov3_frozen_embeddings_logistic_regression
width_bin,Boardwalk < 1.2m High,1,111795,standard (0.9-1.5m),wide (>1.5m),False,0.9147709140014859,width_bin,logistic_regression,dinov3_frozen_embeddings_logistic_regression
width_bin,Boardwalk < 1.2m High,1,111803,standard (0.9-1.5m),wide (>1.5m),False,0.9737244905353182,width_bin,logistic_regression,dinov3_frozen_embeddings_logistic_regression
width_bin,Boardwalk < 1.2m High,1,111805,standard (0.9-1.5m),standard (0.9-1.5m),True,0.9267495121918294,width_bin,logistic_regression,dinov3_frozen_embeddings_logistic_regression
width_bin,Boardwalk < 1.2m High,1,111807,standard (0.9-1.5m),standard (0.9-1.5m),True,0.7268752886389082,width_bin,logistic_regression,dinov3_frozen_embeddings_logistic_regression
width_bin,Boardwalk < 1.2m High,1,112326,standard (0.9-1.5m),standard (0.9-1.5m),True,0.6478795582617494,width_bin,logistic_regression,dinov3_frozen_embeddings_logistic_regression
width_bin,Boardwalk < 1.2m High,1,112330,standard (0.9-1.5m),standard (0.9-1.5m),True,0.99998308560739,width_bin,logistic_regression,dinov3_frozen_embeddings_logistic_regression
width_bin,Boardwalk < 1.2m High,1,112587,standard (0.9-1.5m),narrow (<0.9m),False,0.8732813600942786,width_bin,logistic_regression,dinov3_frozen_embeddings_logistic_regression
width_bin,Boardwalk < 1.2m High,1,113173,standard (0.9-1.5m),standard (0.9-1.5m),True,0.9649972169892013,width_bin,logistic_regression,dinov3_frozen_embeddings_logistic_regression
width_bin,Boardwalk < 1.2m High,1,113188,standard (0.9-1.5m),standard (0.9-1.5m),True,0.9996385748655139,width_bin,logistic_regression,dinov3_frozen_embeddings_logistic_regression
width_bin,Boardwalk < 1.2m High,1,114051,standard (0.9-1.5m),narrow (<0.9m),False,0.99595797265336,width_bin,logistic_regression,dinov3_frozen_embeddings_logistic_regression
width_bin,Boardwalk < 1.2m High,1,114724,wide (>1.5m),standard (0.9-1.5m),False,0.8269117969021754,width_bin,logistic_regression,dinov3_frozen_embeddings_logistic_regression
width_bin,Boardwalk < 1.2m High,1,114946,narrow (<0.9m),narrow (<0.9m),True,0.9790768801041856,width_bin,logistic_regression,dinov3_frozen_embeddings_logistic_regression
width_bin,Boardwalk < 1.2m High,1,114955,narrow (<0.9m),standard (0.9-1.5m),False,0.9998870052847209,width_bin,logistic_regression,dinov3_frozen_embeddings_logistic_regression
width_bin,Boardwalk < 1.2m High,1,116204,standard (0.9-1.5m),standard (0.9-1.5m),True,0.9999256011605507,width_bin,logistic_regression,dinov3_frozen_embeddings_logistic_regression
width_bin,Boardwalk < 1.2m High,1,116627,narrow (<0.9m),narrow (<0.9m),True,0.694316146090575,width_bin,logistic_regression,dinov3_frozen_embeddings_logistic_regression
width_bin,Boardwalk < 1.2m High,1,116634,wide (>1.5m),standard (0.9-1.5m),False,0.9819254292728014,width_bin,logistic_regression,dinov3_frozen_embeddings_logistic_regression
width_bin,Boardwalk < 1.2m High,1,116746,wide (>1.5m),wide (>1.5m),True,0.5919178765713792,width_bin,logistic_regression,dinov3_frozen_embeddings_logistic_regression
width_bin,Boardwalk < 1.2m High,1,117030,standard (0.9-1.5m),wide (>1.5m),False,0.7611303593821896,width_bin,logistic_regression,dinov3_frozen_embeddings_logistic_regression
width_bin,Boardwalk < 1.2m High,1,117199,standard (0.9-1.5m),standard (0.9-1.5m),True,0.9948469187051086,width_bin,logistic_regression,dinov3_frozen_embeddings_logistic_regression
width_bin,Boardwalk < 1.2m High,1,117212,standard (0.9-1.5m),standard (0.9-1.5m),True,0.9996700256328764,width_bin,logistic_regression,dinov3_frozen_embeddings_logistic_regression
width_bin,Boardwalk < 1.2m High,1,117218,wide (>1.5m),standard (0.9-1.5m),False,0.9943807213583665,width_bin,logistic_regression,dinov3_frozen_embeddings_logistic_regression
width_bin,Boardwalk < 1.2m High,1,117362,wide (>1.5m),narrow (<0.9m),False,0.4994331198880625,width_bin,logistic_regression,dinov3_frozen_embeddings_logistic_regression
width_bin,Boardwalk < 1.2m High,1,117601,standard (0.9-1.5m),standard (0.9-1.5m),True,0.9960729396822031,width_bin,logistic_regression,dinov3_frozen_embeddings_logistic_regression
width_bin,Boardwalk < 1.2m High,1,120296,standard (0.9-1.5m),standard (0.9-1.5m),True,0.9832145744466331,width_bin,logistic_regression,dinov3_frozen_embeddings_logistic_regression
width_bin,Boardwalk < 1.2m High,1,120659,narrow (<0.9m),narrow (<0.9m),True,0.9999997526245951,width_bin,logistic_regression,dinov3_frozen_embeddings_logistic_regression
width_bin,Boardwalk < 1.2m High,1,120668,standard (0.9-1.5m),narrow (<0.9m),False,0.9936262484654061,width_bin,logistic_regression,dinov3_frozen_embeddings_logistic_regression
width_bin,Boardwalk < 1.2m High,1,120672,narrow (<0.9m),narrow (<0.9m),True,0.9889483689182945,width_bin,logistic_regression,dinov3_frozen_embeddings_logistic_regression
width_bin,Boardwalk < 1.2m High,1,120675,narrow (<0.9m),narrow (<0.9m),True,0.999999292639065,width_bin,logistic_regression,dinov3_frozen_embeddings_logistic_regression
width_bin,Boardwalk < 1.2m High,1,120680,narrow (<0.9m),narrow (<0.9m),True,0.7456012016974818,width_bin,logistic_regression,dinov3_frozen_embeddings_logistic_regression
width_bin,Boardwalk < 1.2m High,1,120681,narrow (<0.9m),standard (0.9-1.5m),False,0.6541298656337068,width_bin,logistic_regression,dinov3_frozen_embeddings_logistic_regression
width_bin,Boardwalk < 1.2m High,1,120691,narrow (<0.9m),narrow (<0.9m),True,0.9942838437462047,width_bin,logistic_regression,dinov3_frozen_embeddings_logistic_regression
width_bin,Boardwalk < 1.2m High,1,121575,wide (>1.5m),standard (0.9-1.5m),False,0.6757280761845706,width_bin,logistic_regression,dinov3_frozen_embeddings_logistic_regression
width_bin,Boardwalk < 1.2m High,1,121598,standard (0.9-1.5m),standard (0.9-1.5m),True,0.6779353084363534,width_bin,logistic_regression,dinov3_frozen_embeddings_logistic_regression
width_bin,Boardwalk < 1.2m High,1,121673,wide (>1.5m),wide (>1.5m),True,0.7928790406431097,width_bin,logistic_regression,dinov3_frozen_embeddings_logistic_regression
width_bin,Boardwalk < 1.2m High,1,121731,narrow (<0.9m),narrow (<0.9m),True,0.9999887481195564,width_bin,logistic_regression,dinov3_frozen_embeddings_logistic_regression
width_bin,Boardwalk < 1.2m High,1,121785,narrow (<0.9m),standard (0.9-1.5m),False,0.9987128243410544,width_bin,logistic_regression,dinov3_frozen_embeddings_logistic_regression
width_bin,Boardwalk < 1.2m High,1,121788,narrow (<0.9m),narrow (<0.9m),True,0.9926272626895162,width_bin,logistic_regression,dinov3_frozen_embeddings_logistic_regression
width_bin,Boardwalk < 1.2m High,1,121790,narrow (<0.9m),standard (0.9-1.5m),False,0.9995332265995925,width_bin,logistic_regression,dinov3_frozen_embeddings_logistic_regression
width_bin,Boardwalk < 1.2m High,1,121792,narrow (<0.9m),standard (0.9-1.5m),False,0.7847640657011802,width_bin,logistic_regression,dinov3_frozen_embeddings_logistic_regression
width_bin,Boardwalk < 1.2m High,1,122367,standard (0.9-1.5m),narrow (<0.9m),False,0.9996261554785973,width_bin,logistic_regression,dinov3_frozen_embeddings_logistic_regression
width_bin,Boardwalk < 1.2m High,1,122434,standard (0.9-1.5m),standard (0.9-1.5m),True,0.9996642418333771,width_bin,logistic_regression,dinov3_frozen_embeddings_logistic_regression
width_bin,Boardwalk < 1.2m High,1,122976,narrow (<0.9m),standard (0.9-1.5m),False,0.9644171420791222,width_bin,logistic_regression,dinov3_frozen_embeddings_logistic_regression
width_bin,Boardwalk < 1.2m High,1,123101,standard (0.9-1.5m),standard (0.9-1.5m),True,0.889250382766129,width_bin,logistic_regression,dinov3_frozen_embeddings_logistic_regression
width_bin,Boardwalk < 1.2m High,1,123104,standard (0.9-1.5m),standard (0.9-1.5m),True,0.9999956583366497,width_bin,logistic_regression,dinov3_frozen_embeddings_logistic_regression
width_bin,Boardwalk < 1.2m High,1,123259,wide (>1.5m),standard (0.9-1.5m),False,0.9734155019197755,width_bin,logistic_regression,dinov3_frozen_embeddings_logistic_regression
width_bin,Boardwalk < 1.2m High,1,123778,standard (0.9-1.5m),standard (0.9-1.5m),True,0.999999596605746,width_bin,logistic_regression,dinov3_frozen_embeddings_logistic_regression
width_bin,Boardwalk < 1.2m High,1,123786,standard (0.9-1.5m),standard (0.9-1.5m),True,0.9996104339136496,width_bin,logistic_regression,dinov3_frozen_embeddings_logistic_regression
width_bin,Boardwalk < 1.2m High,1,126783,standard (0.9-1.5m),standard (0.9-1.5m),True,0.9958947999233279,width_bin,logistic_regression,dinov3_frozen_embeddings_logistic_regression
width_bin,Boardwalk < 1.2m High,1,126837,standard (0.9-1.5m),narrow (<0.9m),False,0.8449249781663657,width_bin,logistic_regression,dinov3_frozen_embeddings_logistic_regression
width_bin,Boardwalk < 1.2m High,1,127067,standard (0.9-1.5m),standard (0.9-1.5m),True,0.9988829046225197,width_bin,logistic_regression,dinov3_frozen_embeddings_logistic_regression
width_bin,Boardwalk < 1.2m High,1,127142,standard (0.9-1.5m),standard (0.9-1.5m),True,0.9971156529003536,width_bin,logistic_regression,dinov3_frozen_embeddings_logistic_regression
width_bin,Boardwalk < 1.2m High,1,127231,standard (0.9-1.5m),standard (0.9-1.5m),True,0.9277033817364323,width_bin,logistic_regression,dinov3_frozen_embeddings_logistic_regression
width_bin,Boardwalk < 1.2m High,1,120684,narrow (<0.9m),standard (0.9-1.5m),False,0.9277811710028329,width_bin,logistic_regression,dinov3_frozen_embeddings_logistic_regression
width_bin,Boardwalk < 1.2m High,2,48119,wide (>1.5m),wide (>1.5m),True,0.9315067345441106,width_bin,logistic_regression,dinov3_frozen_embeddings_logistic_regression
width_bin,Boardwalk < 1.2m High,2,61005,standard (0.9-1.5m),standard (0.9-1.5m),True,0.9999495744798499,width_bin,logistic_regression,dinov3_frozen_embeddings_logistic_regression
width_bin,Boardwalk < 1.2m High,2,59061,wide (>1.5m),wide (>1.5m),True,0.58177142995021,width_bin,logistic_regression,dinov3_frozen_embeddings_logistic_regression
width_bin,Boardwalk < 1.2m High,2,61735,standard (0.9-1.5m),standard (0.9-1.5m),True,0.9170254483874094,width_bin,logistic_regression,dinov3_frozen_embeddings_logistic_regression
width_bin,Boardwalk < 1.2m High,2,64887,standard (0.9-1.5m),narrow (<0.9m),False,0.8485584794205858,width_bin,logistic_regression,dinov3_frozen_embeddings_logistic_regression
width_bin,Boardwalk < 1.2m High,2,81875,wide (>1.5m),narrow (<0.9m),False,0.924455702178663,width_bin,logistic_regression,dinov3_frozen_embeddings_logistic_regression
width_bin,Boardwalk < 1.2m High,2,81889,wide (>1.5m),standard (0.9-1.5m),False,0.7290350250865893,width_bin,logistic_regression,dinov3_frozen_embeddings_logistic_regression
width_bin,Boardwalk < 1.2m High,2,83146,wide (>1.5m),wide (>1.5m),True,0.9834321334371853,width_bin,logistic_regression,dinov3_frozen_embeddings_logistic_regression
width_bin,Boardwalk < 1.2m High,2,85091,wide (>1.5m),narrow (<0.9m),False,0.8302324674989693,width_bin,logistic_regression,dinov3_frozen_embeddings_logistic_regression
width_bin,Boardwalk < 1.2m High,2,85508,narrow (<0.9m),standard (0.9-1.5m),False,0.8698976499288679,width_bin,logistic_regression,dinov3_frozen_embeddings_logistic_regression
width_bin,Boardwalk < 1.2m High,2,87499,narrow (<0.9m),narrow (<0.9m),True,0.9979887309963398,width_bin,logistic_regression,dinov3_frozen_embeddings_logistic_regression
width_bin,Boardwalk < 1.2m High,2,89584,standard (0.9-1.5m),standard (0.9-1.5m),True,0.9939175728958614,width_bin,logistic_regression,dinov3_frozen_embeddings_logistic_regression
width_bin,Boardwalk < 1.2m High,2,89715,standard (0.9-1.5m),standard (0.9-1.5m),True,0.9486932015431164,width_bin,logistic_regression,dinov3_frozen_embeddings_logistic_regression
width_bin,Boardwalk < 1.2m High,2,90319,standard (0.9-1.5m),standard (0.9-1.5m),True,0.9994876763392273,width_bin,logistic_regression,dinov3_frozen_embeddings_logistic_regression
width_bin,Boardwalk < 1.2m High,2,90320,narrow (<0.9m),narrow (<0.9m),True,0.9717174929041512,width_bin,logistic_regression,dinov3_frozen_embeddings_logistic_regression
width_bin,Boardwalk < 1.2m High,2,90333,standard (0.9-1.5m),narrow (<0.9m),False,0.9903813506063591,width_bin,logistic_regression,dinov3_frozen_embeddings_logistic_regression
width_bin,Boardwalk < 1.2m High,2,90338,standard (0.9-1.5m),standard (0.9-1.5m),True,0.9302086109708757,width_bin,logistic_regression,dinov3_frozen_embeddings_logistic_regression
width_bin,Boardwalk < 1.2m High,2,90343,standard (0.9-1.5m),standard (0.9-1.5m),True,0.9990265941020655,width_bin,logistic_regression,dinov3_frozen_embeddings_logistic_regression
width_bin,Boardwalk < 1.2m High,2,90344,standard (0.9-1.5m),standard (0.9-1.5m),True,0.9407942334350314,width_bin,logistic_regression,dinov3_frozen_embeddings_logistic_regression
width_bin,Boardwalk < 1.2m High,2,90351,standard (0.9-1.5m),standard (0.9-1.5m),True,0.8986742942504653,width_bin,logistic_regression,dinov3_frozen_embeddings_logistic_regression
width_bin,Boardwalk < 1.2m High,2,90369,standard (0.9-1.5m),standard (0.9-1.5m),True,0.9970131299143252,width_bin,logistic_regression,dinov3_frozen_embeddings_logistic_regression
width_bin,Boardwalk < 1.2m High,2,90375,standard (0.9-1.5m),standard (0.9-1.5m),True,0.9525261371711564,width_bin,logistic_regression,dinov3_frozen_embeddings_logistic_regression
width_bin,Boardwalk < 1.2m High,2,90377,standard (0.9-1.5m),standard (0.9-1.5m),True,0.9999797975442759,width_bin,logistic_regression,dinov3_frozen_embeddings_logistic_regression
width_bin,Boardwalk < 1.2m High,2,90379,standard (0.9-1.5m),standard (0.9-1.5m),True,0.5110633601634658,width_bin,logistic_regression,dinov3_frozen_embeddings_logistic_regression
width_bin,Boardwalk < 1.2m High,2,90380,standard (0.9-1.5m),standard (0.9-1.5m),True,0.9983654796019374,width_bin,logistic_regression,dinov3_frozen_embeddings_logistic_regression
width_bin,Boardwalk < 1.2m High,2,90393,narrow (<0.9m),standard (0.9-1.5m),False,0.8399904841302885,width_bin,logistic_regression,dinov3_frozen_embeddings_logistic_regression
width_bin,Boardwalk < 1.2m High,2,90395,standard (0.9-1.5m),standard (0.9-1.5m),True,0.8735096112438853,width_bin,logistic_regression,dinov3_frozen_embeddings_logistic_regression
width_bin,Boardwalk < 1.2m High,2,90396,standard (0.9-1.5m),standard (0.9-1.5m),True,0.9999586196024922,width_bin,logistic_regression,dinov3_frozen_embeddings_logistic_regression
width_bin,Boardwalk < 1.2m High,2,90504,standard (0.9-1.5m),standard (0.9-1.5m),True,0.9999517751472801,width_bin,logistic_regression,dinov3_frozen_embeddings_logistic_regression
width_bin,Boardwalk < 1.2m High,2,92006,narrow (<0.9m),narrow (<0.9m),True,0.9989152164335201,width_bin,logistic_regression,dinov3_frozen_embeddings_logistic_regression
width_bin,Boardwalk < 1.2m High,2,92008,standard (0.9-1.5m),narrow (<0.9m),False,0.9915378015006852,width_bin,logistic_regression,dinov3_frozen_embeddings_logistic_regression
width_bin,Boardwalk < 1.2m High,2,92022,narrow (<0.9m),narrow (<0.9m),True,0.9922374879385695,width_bin,logistic_regression,dinov3_frozen_embeddings_logistic_regression
width_bin,Boardwalk < 1.2m High,2,92031,narrow (<0.9m),narrow (<0.9m),True,0.9669715084509058,width_bin,logistic_regression,dinov3_frozen_embeddings_logistic_regression
width_bin,Boardwalk < 1.2m High,2,92036,narrow (<0.9m),narrow (<0.9m),True,0.9955216706231703,width_bin,logistic_regression,dinov3_frozen_embeddings_logistic_regression
width_bin,Boardwalk < 1.2m High,2,92042,narrow (<0.9m),standard (0.9-1.5m),False,0.966720457284887,width_bin,logistic_regression,dinov3_frozen_embeddings_logistic_regression
width_bin,Boardwalk < 1.2m High,2,92074,standard (0.9-1.5m),narrow (<0.9m),False,0.9795554751654747,width_bin,logistic_regression,dinov3_frozen_embeddings_logistic_regression
width_bin,Boardwalk < 1.2m High,2,92075,standard (0.9-1.5m),standard (0.9-1.5m),True,0.9789099871385157,width_bin,logistic_regression,dinov3_frozen_embeddings_logistic_regression
width_bin,Boardwalk < 1.2m High,2,93039,standard (0.9-1.5m),standard (0.9-1.5m),True,0.9720582180961449,width_bin,logistic_regression,dinov3_frozen_embeddings_logistic_regression
width_bin,Boardwalk < 1.2m High,2,94171,standard (0.9-1.5m),standard (0.9-1.5m),True,0.9863199414210625,width_bin,logistic_regression,dinov3_frozen_embeddings_logistic_regression
width_bin,Boardwalk < 1.2m High,2,94269,narrow (<0.9m),narrow (<0.9m),True,0.8145726484343857,width_bin,logistic_regression,dinov3_frozen_embeddings_logistic_regression
width_bin,Boardwalk < 1.2m High,2,94270,narrow (<0.9m),narrow (<0.9m),True,0.9079576071605812,width_bin,logistic_regression,dinov3_frozen_embeddings_logistic_regression
width_bin,Boardwalk < 1.2m High,2,94272,narrow (<0.9m),narrow (<0.9m),True,0.9999857028251239,width_bin,logistic_regression,dinov3_frozen_embeddings_logistic_regression
width_bin,Boardwalk < 1.2m High,2,94274,narrow (<0.9m),narrow (<0.9m),True,0.9999947383343933,width_bin,logistic_regression,dinov3_frozen_embeddings_logistic_regression
width_bin,Boardwalk < 1.2m High,2,94277,narrow (<0.9m),standard (0.9-1.5m),False,0.7089940874286448,width_bin,logistic_regression,dinov3_frozen_embeddings_logistic_regression
width_bin,Boardwalk < 1.2m High,2,94278,narrow (<0.9m),narrow (<0.9m),True,0.9993093483297562,width_bin,logistic_regression,dinov3_frozen_embeddings_logistic_regression
width_bin,Boardwalk < 1.2m High,2,94286,narrow (<0.9m),narrow (<0.9m),True,0.9994604523865694,width_bin,logistic_regression,dinov3_frozen_embeddings_logistic_regression
width_bin,Boardwalk < 1.2m High,2,94290,narrow (<0.9m),narrow (<0.9m),True,0.999395014113909,width_bin,logistic_regression,dinov3_frozen_embeddings_logistic_regression
width_bin,Boardwalk < 1.2m High,2,94294,narrow (<0.9m),narrow (<0.9m),True,0.9999169664553055,width_bin,logistic_regression,dinov3_frozen_embeddings_logistic_regression
width_bin,Boardwalk < 1.2m High,2,94337,narrow (<0.9m),narrow (<0.9m),True,0.9945303107769968,width_bin,logistic_regression,dinov3_frozen_embeddings_logistic_regression
width_bin,Boardwalk < 1.2m High,2,94347,narrow (<0.9m),narrow (<0.9m),True,0.9999888460500186,width_bin,logistic_regression,dinov3_frozen_embeddings_logistic_regression
width_bin,Boardwalk < 1.2m High,2,94352,standard (0.9-1.5m),narrow (<0.9m),False,0.5124748851270987,width_bin,logistic_regression,dinov3_frozen_embeddings_logistic_regression
width_bin,Boardwalk < 1.2m High,2,94354,narrow (<0.9m),narrow (<0.9m),True,0.9998763923718373,width_bin,logistic_regression,dinov3_frozen_embeddings_logistic_regression
width_bin,Boardwalk < 1.2m High,2,94357,narrow (<0.9m),narrow (<0.9m),True,0.9999975206106216,width_bin,logistic_regression,dinov3_frozen_embeddings_logistic_regression
width_bin,Boardwalk < 1.2m High,2,94358,narrow (<0.9m),narrow (<0.9m),True,0.9999999413565185,width_bin,logistic_regression,dinov3_frozen_embeddings_logistic_regression
width_bin,Boardwalk < 1.2m High,2,94373,narrow (<0.9m),narrow (<0.9m),True,0.9900567392006414,width_bin,logistic_regression,dinov3_frozen_embeddings_logistic_regression
width_bin,Boardwalk < 1.2m High,2,94376,narrow (<0.9m),narrow (<0.9m),True,0.9996136597136873,width_bin,logistic_regression,dinov3_frozen_embeddings_logistic_regression
width_bin,Boardwalk < 1.2m High,2,94377,narrow (<0.9m),narrow (<0.9m),True,0.9999998882548287,width_bin,logistic_regression,dinov3_frozen_embeddings_logistic_regression
width_bin,Boardwalk < 1.2m High,2,94381,narrow (<0.9m),narrow (<0.9m),True,0.9998661377873732,width_bin,logistic_regression,dinov3_frozen_embeddings_logistic_regression
width_bin,Boardwalk < 1.2m High,2,94383,narrow (<0.9m),narrow (<0.9m),True,0.999958778869767,width_bin,logistic_regression,dinov3_frozen_embeddings_logistic_regression
width_bin,Boardwalk < 1.2m High,2,94385,narrow (<0.9m),narrow (<0.9m),True,0.9999976612466607,width_bin,logistic_regression,dinov3_frozen_embeddings_logistic_regression
width_bin,Boardwalk < 1.2m High,2,94386,narrow (<0.9m),narrow (<0.9m),True,0.997312830527863,width_bin,logistic_regression,dinov3_frozen_embeddings_logistic_regression
width_bin,Boardwalk < 1.2m High,2,94392,narrow (<0.9m),narrow (<0.9m),True,0.999778407381488,width_bin,logistic_regression,dinov3_frozen_embeddings_logistic_regression
width_bin,Boardwalk < 1.2m High,2,94394,narrow (<0.9m),narrow (<0.9m),True,0.9999999622641754,width_bin,logistic_regression,dinov3_frozen_embeddings_logistic_regression
width_bin,Boardwalk < 1.2m High,2,94396,narrow (<0.9m),narrow (<0.9m),True,0.9991380230294582,width_bin,logistic_regression,dinov3_frozen_embeddings_logistic_regression
width_bin,Boardwalk < 1.2m High,2,94409,narrow (<0.9m),narrow (<0.9m),True,0.9983078835270638,width_bin,logistic_regression,dinov3_frozen_embeddings_logistic_regression
width_bin,Boardwalk < 1.2m High,2,94412,narrow (<0.9m),narrow (<0.9m),True,0.9938776137577156,width_bin,logistic_regression,dinov3_frozen_embeddings_logistic_regression
width_bin,Boardwalk < 1.2m High,2,94420,narrow (<0.9m),standard (0.9-1.5m),False,0.9647365270918713,width_bin,logistic_regression,dinov3_frozen_embeddings_logistic_regression
width_bin,Boardwalk < 1.2m High,2,94421,narrow (<0.9m),narrow (<0.9m),True,0.9666613782652059,width_bin,logistic_regression,dinov3_frozen_embeddings_logistic_regression
width_bin,Boardwalk < 1.2m High,2,94487,narrow (<0.9m),standard (0.9-1.5m),False,0.6152606835291784,width_bin,logistic_regression,dinov3_frozen_embeddings_logistic_regression
width_bin,Boardwalk < 1.2m High,2,96332,standard (0.9-1.5m),standard (0.9-1.5m),True,0.8251784403549592,width_bin,logistic_regression,dinov3_frozen_embeddings_logistic_regression
width_bin,Boardwalk < 1.2m High,2,96358,standard (0.9-1.5m),wide (>1.5m),False,0.9998821983801643,width_bin,logistic_regression,dinov3_frozen_embeddings_logistic_regression
width_bin,Boardwalk < 1.2m High,2,100551,standard (0.9-1.5m),narrow (<0.9m),False,0.9998648024658371,width_bin,logistic_regression,dinov3_frozen_embeddings_logistic_regression
width_bin,Boardwalk < 1.2m High,2,100999,wide (>1.5m),standard (0.9-1.5m),False,0.8392429306069471,width_bin,logistic_regression,dinov3_frozen_embeddings_logistic_regression
width_bin,Boardwalk < 1.2m High,2,102412,standard (0.9-1.5m),standard (0.9-1.5m),True,0.9892217922703549,width_bin,logistic_regression,dinov3_frozen_embeddings_logistic_regression
width_bin,Boardwalk < 1.2m High,2,102441,standard (0.9-1.5m),standard (0.9-1.5m),True,0.8445953896996898,width_bin,logistic_regression,dinov3_frozen_embeddings_logistic_regression
width_bin,Boardwalk < 1.2m High,2,103743,standard (0.9-1.5m),standard (0.9-1.5m),True,0.9999896439795496,width_bin,logistic_regression,dinov3_frozen_embeddings_logistic_regression
width_bin,Boardwalk < 1.2m High,2,103747,standard (0.9-1.5m),standard (0.9-1.5m),True,0.713193289938259,width_bin,logistic_regression,dinov3_frozen_embeddings_logistic_regression
width_bin,Boardwalk < 1.2m High,2,103924,standard (0.9-1.5m),standard (0.9-1.5m),True,0.9975713290252172,width_bin,logistic_regression,dinov3_frozen_embeddings_logistic_regression
width_bin,Boardwalk < 1.2m High,2,104070,standard (0.9-1.5m),standard (0.9-1.5m),True,0.9994893783346782,width_bin,logistic_regression,dinov3_frozen_embeddings_logistic_regression
width_bin,Boardwalk < 1.2m High,2,106401,narrow (<0.9m),standard (0.9-1.5m),False,0.8993569776980758,width_bin,logistic_regression,dinov3_frozen_embeddings_logistic_regression
width_bin,Boardwalk < 1.2m High,2,106937,standard (0.9-1.5m),wide (>1.5m),False,0.5022767540285794,width_bin,logistic_regression,dinov3_frozen_embeddings_logistic_regression
width_bin,Boardwalk < 1.2m High,2,107053,standard (0.9-1.5m),standard (0.9-1.5m),True,0.9986425687157809,width_bin,logistic_regression,dinov3_frozen_embeddings_logistic_regression
width_bin,Boardwalk < 1.2m High,2,107060,standard (0.9-1.5m),standard (0.9-1.5m),True,0.9317387006836099,width_bin,logistic_regression,dinov3_frozen_embeddings_logistic_regression
width_bin,Boardwalk < 1.2m High,2,107066,standard (0.9-1.5m),standard (0.9-1.5m),True,0.993654927269859,width_bin,logistic_regression,dinov3_frozen_embeddings_logistic_regression
width_bin,Boardwalk < 1.2m High,2,107076,standard (0.9-1.5m),standard (0.9-1.5m),True,0.9996241153277547,width_bin,logistic_regression,dinov3_frozen_embeddings_logistic_regression
width_bin,Boardwalk < 1.2m High,2,107140,wide (>1.5m),wide (>1.5m),True,0.9997796975897166,width_bin,logistic_regression,dinov3_frozen_embeddings_logistic_regression
width_bin,Boardwalk < 1.2m High,2,107284,wide (>1.5m),wide (>1.5m),True,0.9990758335001028,width_bin,logistic_regression,dinov3_frozen_embeddings_logistic_regression
width_bin,Boardwalk < 1.2m High,2,107319,wide (>1.5m),standard (0.9-1.5m),False,0.9999677134994199,width_bin,logistic_regression,dinov3_frozen_embeddings_logistic_regression
width_bin,Boardwalk < 1.2m High,2,107320,standard (0.9-1.5m),standard (0.9-1.5m),True,0.9988350159598143,width_bin,logistic_regression,dinov3_frozen_embeddings_logistic_regression
width_bin,Boardwalk < 1.2m High,2,107360,standard (0.9-1.5m),standard (0.9-1.5m),True,0.9946462284172642,width_bin,logistic_regression,dinov3_frozen_embeddings_logistic_regression
width_bin,Boardwalk < 1.2m High,2,107404,standard (0.9-1.5m),narrow (<0.9m),False,0.9651784773552619,width_bin,logistic_regression,dinov3_frozen_embeddings_logistic_regression
width_bin,Boardwalk < 1.2m High,2,107891,standard (0.9-1.5m),standard (0.9-1.5m),True,0.9784954046242168,width_bin,logistic_regression,dinov3_frozen_embeddings_logistic_regression
width_bin,Boardwalk < 1.2m High,2,107909,standard (0.9-1.5m),standard (0.9-1.5m),True,0.9992157484838728,width_bin,logistic_regression,dinov3_frozen_embeddings_logistic_regression
width_bin,Boardwalk < 1.2m High,2,107957,standard (0.9-1.5m),standard (0.9-1.5m),True,0.9732221885869556,width_bin,logistic_regression,dinov3_frozen_embeddings_logistic_regression
width_bin,Boardwalk < 1.2m High,2,108022,standard (0.9-1.5m),standard (0.9-1.5m),True,0.9960854796581209,width_bin,logistic_regression,dinov3_frozen_embeddings_logistic_regression
width_bin,Boardwalk < 1.2m High,2,108041,standard (0.9-1.5m),standard (0.9-1.5m),True,0.9994585918590431,width_bin,logistic_regression,dinov3_frozen_embeddings_logistic_regression
width_bin,Boardwalk < 1.2m High,2,108327,standard (0.9-1.5m),standard (0.9-1.5m),True,0.9975456844466551,width_bin,logistic_regression,dinov3_frozen_embeddings_logistic_regression
width_bin,Boardwalk < 1.2m High,2,108358,standard (0.9-1.5m),standard (0.9-1.5m),True,0.9995697060784604,width_bin,logistic_regression,dinov3_frozen_embeddings_logistic_regression
width_bin,Boardwalk < 1.2m High,2,108397,standard (0.9-1.5m),narrow (<0.9m),False,0.740764520049379,width_bin,logistic_regression,dinov3_frozen_embeddings_logistic_regression
width_bin,Boardwalk < 1.2m High,2,108779,narrow (<0.9m),standard (0.9-1.5m),False,0.9982592200847372,width_bin,logistic_regression,dinov3_frozen_embeddings_logistic_regression
width_bin,Boardwalk < 1.2m High,2,108780,standard (0.9-1.5m),standard (0.9-1.5m),True,0.9995081418801826,width_bin,logistic_regression,dinov3_frozen_embeddings_logistic_regression
width_bin,Boardwalk < 1.2m High,2,108787,standard (0.9-1.5m),standard (0.9-1.5m),True,0.9984372927320225,width_bin,logistic_regression,dinov3_frozen_embeddings_logistic_regression
width_bin,Boardwalk < 1.2m High,2,108796,standard (0.9-1.5m),standard (0.9-1.5m),True,0.9999968468086992,width_bin,logistic_regression,dinov3_frozen_embeddings_logistic_regression
width_bin,Boardwalk < 1.2m High,2,109163,standard (0.9-1.5m),standard (0.9-1.5m),True,0.999450494820025,width_bin,logistic_regression,dinov3_frozen_embeddings_logistic_regression
width_bin,Boardwalk < 1.2m High,2,109555,standard (0.9-1.5m),standard (0.9-1.5m),True,0.9999935481924158,width_bin,logistic_regression,dinov3_frozen_embeddings_logistic_regression
width_bin,Boardwalk < 1.2m High,2,109815,standard (0.9-1.5m),standard (0.9-1.5m),True,0.8693538192409669,width_bin,logistic_regression,dinov3_frozen_embeddings_logistic_regression
width_bin,Boardwalk < 1.2m High,2,110291,standard (0.9-1.5m),wide (>1.5m),False,0.7370892992695217,width_bin,logistic_regression,dinov3_frozen_embeddings_logistic_regression
width_bin,Boardwalk < 1.2m High,2,110293,wide (>1.5m),standard (0.9-1.5m),False,0.9974551874649191,width_bin,logistic_regression,dinov3_frozen_embeddings_logistic_regression
width_bin,Boardwalk < 1.2m High,2,110573,standard (0.9-1.5m),standard (0.9-1.5m),True,0.9999181885340407,width_bin,logistic_regression,dinov3_frozen_embeddings_logistic_regression
width_bin,Boardwalk < 1.2m High,2,110731,wide (>1.5m),wide (>1.5m),True,0.9988045129452985,width_bin,logistic_regression,dinov3_frozen_embeddings_logistic_regression
width_bin,Boardwalk < 1.2m High,2,110835,standard (0.9-1.5m),standard (0.9-1.5m),True,0.977358873543039,width_bin,logistic_regression,dinov3_frozen_embeddings_logistic_regression
width_bin,Boardwalk < 1.2m High,2,110837,standard (0.9-1.5m),narrow (<0.9m),False,0.9999523145597455,width_bin,logistic_regression,dinov3_frozen_embeddings_logistic_regression
width_bin,Boardwalk < 1.2m High,2,110955,standard (0.9-1.5m),standard (0.9-1.5m),True,0.7429652298491504,width_bin,logistic_regression,dinov3_frozen_embeddings_logistic_regression
width_bin,Boardwalk < 1.2m High,2,110969,standard (0.9-1.5m),standard (0.9-1.5m),True,0.9982387717180553,width_bin,logistic_regression,dinov3_frozen_embeddings_logistic_regression
width_bin,Boardwalk < 1.2m High,2,110972,standard (0.9-1.5m),standard (0.9-1.5m),True,0.7222611638109122,width_bin,logistic_regression,dinov3_frozen_embeddings_logistic_regression
width_bin,Boardwalk < 1.2m High,2,110976,standard (0.9-1.5m),standard (0.9-1.5m),True,0.9999267930199016,width_bin,logistic_regression,dinov3_frozen_embeddings_logistic_regression
width_bin,Boardwalk < 1.2m High,2,111432,standard (0.9-1.5m),standard (0.9-1.5m),True,0.9999953487041586,width_bin,logistic_regression,dinov3_frozen_embeddings_logistic_regression
width_bin,Boardwalk < 1.2m High,2,111691,narrow (<0.9m),standard (0.9-1.5m),False,0.9998669804693745,width_bin,logistic_regression,dinov3_frozen_embeddings_logistic_regression
width_bin,Boardwalk < 1.2m High,2,111717,standard (0.9-1.5m),standard (0.9-1.5m),True,0.9989002604480057,width_bin,logistic_regression,dinov3_frozen_embeddings_logistic_regression
width_bin,Boardwalk < 1.2m High,2,111733,standard (0.9-1.5m),standard (0.9-1.5m),True,0.9999796384330871,width_bin,logistic_regression,dinov3_frozen_embeddings_logistic_regression
width_bin,Boardwalk < 1.2m High,2,111741,standard (0.9-1.5m),standard (0.9-1.5m),True,0.6353265182961131,width_bin,logistic_regression,dinov3_frozen_embeddings_logistic_regression
width_bin,Boardwalk < 1.2m High,2,111797,narrow (<0.9m),standard (0.9-1.5m),False,0.9956222166855041,width_bin,logistic_regression,dinov3_frozen_embeddings_logistic_regression
width_bin,Boardwalk < 1.2m High,2,111804,narrow (<0.9m),narrow (<0.9m),True,0.9220809390904341,width_bin,logistic_regression,dinov3_frozen_embeddings_logistic_regression
width_bin,Boardwalk < 1.2m High,2,111810,narrow (<0.9m),standard (0.9-1.5m),False,0.6943184553319788,width_bin,logistic_regression,dinov3_frozen_embeddings_logistic_regression
width_bin,Boardwalk < 1.2m High,2,111817,narrow (<0.9m),standard (0.9-1.5m),False,0.7034677809680981,width_bin,logistic_regression,dinov3_frozen_embeddings_logistic_regression
width_bin,Boardwalk < 1.2m High,2,112965,narrow (<0.9m),narrow (<0.9m),True,0.99954956057834,width_bin,logistic_regression,dinov3_frozen_embeddings_logistic_regression
width_bin,Boardwalk < 1.2m High,2,113128,standard (0.9-1.5m),wide (>1.5m),False,0.5011401195619776,width_bin,logistic_regression,dinov3_frozen_embeddings_logistic_regression
width_bin,Boardwalk < 1.2m High,2,113130,standard (0.9-1.5m),wide (>1.5m),False,0.9415507495368732,width_bin,logistic_regression,dinov3_frozen_embeddings_logistic_regression
width_bin,Boardwalk < 1.2m High,2,113167,standard (0.9-1.5m),standard (0.9-1.5m),True,0.9312843612377746,width_bin,logistic_regression,dinov3_frozen_embeddings_logistic_regression
width_bin,Boardwalk < 1.2m High,2,113171,standard (0.9-1.5m),standard (0.9-1.5m),True,0.499889324420415,width_bin,logistic_regression,dinov3_frozen_embeddings_logistic_regression
width_bin,Boardwalk < 1.2m High,2,114055,standard (0.9-1.5m),standard (0.9-1.5m),True,0.9999881888478391,width_bin,logistic_regression,dinov3_frozen_embeddings_logistic_regression
width_bin,Boardwalk < 1.2m High,2,114562,wide (>1.5m),standard (0.9-1.5m),False,0.999880743950903,width_bin,logistic_regression,dinov3_frozen_embeddings_logistic_regression
width_bin,Boardwalk < 1.2m High,2,115442,standard (0.9-1.5m),standard (0.9-1.5m),True,0.853581800452143,width_bin,logistic_regression,dinov3_frozen_embeddings_logistic_regression
width_bin,Boardwalk < 1.2m High,2,116739,narrow (<0.9m),standard (0.9-1.5m),False,0.9999994009917643,width_bin,logistic_regression,dinov3_frozen_embeddings_logistic_regression
width_bin,Boardwalk < 1.2m High,2,116848,standard (0.9-1.5m),wide (>1.5m),False,0.806412287767166,width_bin,logistic_regression,dinov3_frozen_embeddings_logistic_regression
width_bin,Boardwalk < 1.2m High,2,117141,standard (0.9-1.5m),wide (>1.5m),False,0.9974197717680531,width_bin,logistic_regression,dinov3_frozen_embeddings_logistic_regression
width_bin,Boardwalk < 1.2m High,2,117213,standard (0.9-1.5m),standard (0.9-1.5m),True,0.6418726675213844,width_bin,logistic_regression,dinov3_frozen_embeddings_logistic_regression
width_bin,Boardwalk < 1.2m High,2,117535,standard (0.9-1.5m),wide (>1.5m),False,0.5643994497801745,width_bin,logistic_regression,dinov3_frozen_embeddings_logistic_regression
width_bin,Boardwalk < 1.2m High,2,117593,standard (0.9-1.5m),narrow (<0.9m),False,0.6861620278828513,width_bin,logistic_regression,dinov3_frozen_embeddings_logistic_regression
width_bin,Boardwalk < 1.2m High,2,117594,standard (0.9-1.5m),standard (0.9-1.5m),True,0.49986300411187584,width_bin,logistic_regression,dinov3_frozen_embeddings_logistic_regression
width_bin,Boardwalk < 1.2m High,2,117596,standard (0.9-1.5m),narrow (<0.9m),False,0.9102873829580226,width_bin,logistic_regression,dinov3_frozen_embeddings_logistic_regression
width_bin,Boardwalk < 1.2m High,2,117600,standard (0.9-1.5m),standard (0.9-1.5m),True,0.655003167363404,width_bin,logistic_regression,dinov3_frozen_embeddings_logistic_regression
width_bin,Boardwalk < 1.2m High,2,118770,standard (0.9-1.5m),wide (>1.5m),False,0.988711550904332,width_bin,logistic_regression,dinov3_frozen_embeddings_logistic_regression
width_bin,Boardwalk < 1.2m High,2,120673,narrow (<0.9m),narrow (<0.9m),True,0.978915870739007,width_bin,logistic_regression,dinov3_frozen_embeddings_logistic_regression
width_bin,Boardwalk < 1.2m High,2,120674,narrow (<0.9m),narrow (<0.9m),True,0.9933366226569503,width_bin,logistic_regression,dinov3_frozen_embeddings_logistic_regression
width_bin,Boardwalk < 1.2m High,2,120677,narrow (<0.9m),standard (0.9-1.5m),False,0.9984941398570621,width_bin,logistic_regression,dinov3_frozen_embeddings_logistic_regression
width_bin,Boardwalk < 1.2m High,2,92013,narrow (<0.9m),narrow (<0.9m),True,0.7450128617311115,width_bin,logistic_regression,dinov3_frozen_embeddings_logistic_regression
width_bin,Boardwalk < 1.2m High,2,120685,narrow (<0.9m),narrow (<0.9m),True,0.9998723166113516,width_bin,logistic_regression,dinov3_frozen_embeddings_logistic_regression
width_bin,Boardwalk < 1.2m High,2,120693,narrow (<0.9m),narrow (<0.9m),True,0.7361701058693403,width_bin,logistic_regression,dinov3_frozen_embeddings_logistic_regression
width_bin,Boardwalk < 1.2m High,2,120736,narrow (<0.9m),narrow (<0.9m),True,0.9999313305399309,width_bin,logistic_regression,dinov3_frozen_embeddings_logistic_regression
width_bin,Boardwalk < 1.2m High,2,121003,narrow (<0.9m),narrow (<0.9m),True,0.9999133591506983,width_bin,logistic_regression,dinov3_frozen_embeddings_logistic_regression
width_bin,Boardwalk < 1.2m High,2,121481,standard (0.9-1.5m),standard (0.9-1.5m),True,0.9996119021633127,width_bin,logistic_regression,dinov3_frozen_embeddings_logistic_regression
width_bin,Boardwalk < 1.2m High,2,121573,wide (>1.5m),narrow (<0.9m),False,0.6709501750668636,width_bin,logistic_regression,dinov3_frozen_embeddings_logistic_regression
width_bin,Boardwalk < 1.2m High,2,121577,wide (>1.5m),wide (>1.5m),True,0.5079509200217228,width_bin,logistic_regression,dinov3_frozen_embeddings_logistic_regression
width_bin,Boardwalk < 1.2m High,2,121599,standard (0.9-1.5m),standard (0.9-1.5m),True,0.9998303511333293,width_bin,logistic_regression,dinov3_frozen_embeddings_logistic_regression
width_bin,Boardwalk < 1.2m High,2,121611,wide (>1.5m),standard (0.9-1.5m),False,0.7995948969162023,width_bin,logistic_regression,dinov3_frozen_embeddings_logistic_regression
width_bin,Boardwalk < 1.2m High,2,121670,standard (0.9-1.5m),standard (0.9-1.5m),True,0.9824253466649447,width_bin,logistic_regression,dinov3_frozen_embeddings_logistic_regression
width_bin,Boardwalk < 1.2m High,2,121675,standard (0.9-1.5m),narrow (<0.9m),False,0.9420101089229405,width_bin,logistic_regression,dinov3_frozen_embeddings_logistic_regression
width_bin,Boardwalk < 1.2m High,2,121776,narrow (<0.9m),narrow (<0.9m),True,0.7553149642750292,width_bin,logistic_regression,dinov3_frozen_embeddings_logistic_regression
width_bin,Boardwalk < 1.2m High,2,121779,narrow (<0.9m),standard (0.9-1.5m),False,0.996782166160294,width_bin,logistic_regression,dinov3_frozen_embeddings_logistic_regression
width_bin,Boardwalk < 1.2m High,2,121786,standard (0.9-1.5m),standard (0.9-1.5m),True,0.9999999566931722,width_bin,logistic_regression,dinov3_frozen_embeddings_logistic_regression
width_bin,Boardwalk < 1.2m High,2,121789,narrow (<0.9m),narrow (<0.9m),True,0.936602524443276,width_bin,logistic_regression,dinov3_frozen_embeddings_logistic_regression
width_bin,Boardwalk < 1.2m High,2,122368,standard (0.9-1.5m),standard (0.9-1.5m),True,0.9440650808832594,width_bin,logistic_regression,dinov3_frozen_embeddings_logistic_regression
width_bin,Boardwalk < 1.2m High,2,122831,narrow (<0.9m),narrow (<0.9m),True,0.9249720252779934,width_bin,logistic_regression,dinov3_frozen_embeddings_logistic_regression
width_bin,Boardwalk < 1.2m High,2,123094,standard (0.9-1.5m),standard (0.9-1.5m),True,0.9999758749058247,width_bin,logistic_regression,dinov3_frozen_embeddings_logistic_regression
width_bin,Boardwalk < 1.2m High,2,123143,standard (0.9-1.5m),standard (0.9-1.5m),True,0.9979385061431798,width_bin,logistic_regression,dinov3_frozen_embeddings_logistic_regression
width_bin,Boardwalk < 1.2m High,2,123473,wide (>1.5m),wide (>1.5m),True,0.9995775485199021,width_bin,logistic_regression,dinov3_frozen_embeddings_logistic_regression
width_bin,Boardwalk < 1.2m High,2,123785,standard (0.9-1.5m),standard (0.9-1.5m),True,0.9299302702902595,width_bin,logistic_regression,dinov3_frozen_embeddings_logistic_regression
width_bin,Boardwalk < 1.2m High,2,124741,wide (>1.5m),wide (>1.5m),True,0.6674819585977341,width_bin,logistic_regression,dinov3_frozen_embeddings_logistic_regression
width_bin,Boardwalk < 1.2m High,2,126704,standard (0.9-1.5m),standard (0.9-1.5m),True,0.8783880816144994,width_bin,logistic_regression,dinov3_frozen_embeddings_logistic_regression
width_bin,Boardwalk < 1.2m High,2,126807,standard (0.9-1.5m),wide (>1.5m),False,0.9696301729639646,width_bin,logistic_regression,dinov3_frozen_embeddings_logistic_regression
width_bin,Boardwalk < 1.2m High,2,126808,standard (0.9-1.5m),standard (0.9-1.5m),True,0.9285475142878794,width_bin,logistic_regression,dinov3_frozen_embeddings_logistic_regression
width_bin,Boardwalk < 1.2m High,2,126835,standard (0.9-1.5m),standard (0.9-1.5m),True,0.9997834432678583,width_bin,logistic_regression,dinov3_frozen_embeddings_logistic_regression
width_bin,Boardwalk < 1.2m High,2,127141,standard (0.9-1.5m),standard (0.9-1.5m),True,0.7625889667737994,width_bin,logistic_regression,dinov3_frozen_embeddings_logistic_regression
width_bin,Boardwalk < 1.2m High,2,127149,standard (0.9-1.5m),standard (0.9-1.5m),True,0.996974521265499,width_bin,logistic_regression,dinov3_frozen_embeddings_logistic_regression
width_bin,Boardwalk < 1.2m High,2,127756,standard (0.9-1.5m),wide (>1.5m),False,0.5407225416374019,width_bin,logistic_regression,dinov3_frozen_embeddings_logistic_regression
width_bin,Boardwalk < 1.2m High,3,48117,standard (0.9-1.5m),wide (>1.5m),False,0.9401349942882111,width_bin,logistic_regression,dinov3_frozen_embeddings_logistic_regression
width_bin,Boardwalk < 1.2m High,3,53554,standard (0.9-1.5m),narrow (<0.9m),False,0.8451003584298665,width_bin,logistic_regression,dinov3_frozen_embeddings_logistic_regression
width_bin,Boardwalk < 1.2m High,3,61736,standard (0.9-1.5m),standard (0.9-1.5m),True,0.830369981861869,width_bin,logistic_regression,dinov3_frozen_embeddings_logistic_regression
width_bin,Boardwalk < 1.2m High,3,64220,wide (>1.5m),narrow (<0.9m),False,0.5766795711368695,width_bin,logistic_regression,dinov3_frozen_embeddings_logistic_regression
width_bin,Boardwalk < 1.2m High,3,64272,standard (0.9-1.5m),standard (0.9-1.5m),True,0.9353936030707622,width_bin,logistic_regression,dinov3_frozen_embeddings_logistic_regression
width_bin,Boardwalk < 1.2m High,3,83898,narrow (<0.9m),narrow (<0.9m),True,0.9993501204009617,width_bin,logistic_regression,dinov3_frozen_embeddings_logistic_regression
width_bin,Boardwalk < 1.2m High,3,87505,narrow (<0.9m),narrow (<0.9m),True,0.9952307307014288,width_bin,logistic_regression,dinov3_frozen_embeddings_logistic_regression
width_bin,Boardwalk < 1.2m High,3,87530,narrow (<0.9m),wide (>1.5m),False,0.9979679047387262,width_bin,logistic_regression,dinov3_frozen_embeddings_logistic_regression
width_bin,Boardwalk < 1.2m High,3,87561,narrow (<0.9m),standard (0.9-1.5m),False,0.9487114655246398,width_bin,logistic_regression,dinov3_frozen_embeddings_logistic_regression
width_bin,Boardwalk < 1.2m High,3,87582,narrow (<0.9m),narrow (<0.9m),True,0.8214942042923271,width_bin,logistic_regression,dinov3_frozen_embeddings_logistic_regression
width_bin,Boardwalk < 1.2m High,3,87583,narrow (<0.9m),narrow (<0.9m),True,0.9885239838214182,width_bin,logistic_regression,dinov3_frozen_embeddings_logistic_regression
width_bin,Boardwalk < 1.2m High,3,88278,standard (0.9-1.5m),standard (0.9-1.5m),True,0.9740200139502123,width_bin,logistic_regression,dinov3_frozen_embeddings_logistic_regression
width_bin,Boardwalk < 1.2m High,3,88281,narrow (<0.9m),standard (0.9-1.5m),False,0.9764722846511447,width_bin,logistic_regression,dinov3_frozen_embeddings_logistic_regression
width_bin,Boardwalk < 1.2m High,3,89598,standard (0.9-1.5m),standard (0.9-1.5m),True,0.7221508181822347,width_bin,logistic_regression,dinov3_frozen_embeddings_logistic_regression
width_bin,Boardwalk < 1.2m High,3,89600,standard (0.9-1.5m),wide (>1.5m),False,0.6380586678710994,width_bin,logistic_regression,dinov3_frozen_embeddings_logistic_regression
width_bin,Boardwalk < 1.2m High,3,89708,standard (0.9-1.5m),standard (0.9-1.5m),True,0.779771104753183,width_bin,logistic_regression,dinov3_frozen_embeddings_logistic_regression
width_bin,Boardwalk < 1.2m High,3,89709,standard (0.9-1.5m),standard (0.9-1.5m),True,0.5787467620148303,width_bin,logistic_regression,dinov3_frozen_embeddings_logistic_regression
width_bin,Boardwalk < 1.2m High,3,89710,standard (0.9-1.5m),standard (0.9-1.5m),True,0.6965359502519605,width_bin,logistic_regression,dinov3_frozen_embeddings_logistic_regression
width_bin,Boardwalk < 1.2m High,3,89713,standard (0.9-1.5m),wide (>1.5m),False,0.6181057118923671,width_bin,logistic_regression,dinov3_frozen_embeddings_logistic_regression
width_bin,Boardwalk < 1.2m High,3,89728,standard (0.9-1.5m),standard (0.9-1.5m),True,0.9495925968849825,width_bin,logistic_regression,dinov3_frozen_embeddings_logistic_regression
width_bin,Boardwalk < 1.2m High,3,90342,standard (0.9-1.5m),standard (0.9-1.5m),True,0.9993231931737566,width_bin,logistic_regression,dinov3_frozen_embeddings_logistic_regression
width_bin,Boardwalk < 1.2m High,3,90345,standard (0.9-1.5m),standard (0.9-1.5m),True,0.995182349767717,width_bin,logistic_regression,dinov3_frozen_embeddings_logistic_regression
width_bin,Boardwalk < 1.2m High,3,90349,standard (0.9-1.5m),standard (0.9-1.5m),True,0.5950249163865003,width_bin,logistic_regression,dinov3_frozen_embeddings_logistic_regression
width_bin,Boardwalk < 1.2m High,3,90355,standard (0.9-1.5m),standard (0.9-1.5m),True,0.9995254347114435,width_bin,logistic_regression,dinov3_frozen_embeddings_logistic_regression
width_bin,Boardwalk < 1.2m High,3,90365,standard (0.9-1.5m),standard (0.9-1.5m),True,0.9531186705994906,width_bin,logistic_regression,dinov3_frozen_embeddings_logistic_regression
width_bin,Boardwalk < 1.2m High,3,90370,standard (0.9-1.5m),standard (0.9-1.5m),True,0.9999996731754741,width_bin,logistic_regression,dinov3_frozen_embeddings_logistic_regression
width_bin,Boardwalk < 1.2m High,3,90374,standard (0.9-1.5m),standard (0.9-1.5m),True,0.9999025805894025,width_bin,logistic_regression,dinov3_frozen_embeddings_logistic_regression
width_bin,Boardwalk < 1.2m High,3,90382,standard (0.9-1.5m),standard (0.9-1.5m),True,0.9688281966012557,width_bin,logistic_regression,dinov3_frozen_embeddings_logistic_regression
width_bin,Boardwalk < 1.2m High,3,90394,standard (0.9-1.5m),standard (0.9-1.5m),True,0.9971216588898448,width_bin,logistic_regression,dinov3_frozen_embeddings_logistic_regression
width_bin,Boardwalk < 1.2m High,3,90400,standard (0.9-1.5m),standard (0.9-1.5m),True,0.9974281657855162,width_bin,logistic_regression,dinov3_frozen_embeddings_logistic_regression
width_bin,Boardwalk < 1.2m High,3,91578,standard (0.9-1.5m),wide (>1.5m),False,0.8813527534185394,width_bin,logistic_regression,dinov3_frozen_embeddings_logistic_regression
width_bin,Boardwalk < 1.2m High,3,92016,standard (0.9-1.5m),standard (0.9-1.5m),True,0.999993104649838,width_bin,logistic_regression,dinov3_frozen_embeddings_logistic_regression
width_bin,Boardwalk < 1.2m High,3,92029,narrow (<0.9m),standard (0.9-1.5m),False,0.9953069243141169,width_bin,logistic_regression,dinov3_frozen_embeddings_logistic_regression
width_bin,Boardwalk < 1.2m High,3,92035,narrow (<0.9m),standard (0.9-1.5m),False,0.9922051560215539,width_bin,logistic_regression,dinov3_frozen_embeddings_logistic_regression
width_bin,Boardwalk < 1.2m High,3,92051,narrow (<0.9m),standard (0.9-1.5m),False,0.8068615010882858,width_bin,logistic_regression,dinov3_frozen_embeddings_logistic_regression
width_bin,Boardwalk < 1.2m High,3,92053,narrow (<0.9m),narrow (<0.9m),True,0.9999919914202525,width_bin,logistic_regression,dinov3_frozen_embeddings_logistic_regression
width_bin,Boardwalk < 1.2m High,3,92056,narrow (<0.9m),narrow (<0.9m),True,0.9888016203847854,width_bin,logistic_regression,dinov3_frozen_embeddings_logistic_regression
width_bin,Boardwalk < 1.2m High,3,92057,narrow (<0.9m),narrow (<0.9m),True,0.8485233977369279,width_bin,logistic_regression,dinov3_frozen_embeddings_logistic_regression
width_bin,Boardwalk < 1.2m High,3,92060,narrow (<0.9m),narrow (<0.9m),True,0.8204707925182481,width_bin,logistic_regression,dinov3_frozen_embeddings_logistic_regression
width_bin,Boardwalk < 1.2m High,3,92064,standard (0.9-1.5m),narrow (<0.9m),False,0.8933126588257898,width_bin,logistic_regression,dinov3_frozen_embeddings_logistic_regression
width_bin,Boardwalk < 1.2m High,3,92071,standard (0.9-1.5m),narrow (<0.9m),False,0.8994096752464374,width_bin,logistic_regression,dinov3_frozen_embeddings_logistic_regression
width_bin,Boardwalk < 1.2m High,3,92079,standard (0.9-1.5m),standard (0.9-1.5m),True,0.8881879613941046,width_bin,logistic_regression,dinov3_frozen_embeddings_logistic_regression
width_bin,Boardwalk < 1.2m High,3,92087,standard (0.9-1.5m),standard (0.9-1.5m),True,0.6807058387142283,width_bin,logistic_regression,dinov3_frozen_embeddings_logistic_regression
width_bin,Boardwalk < 1.2m High,3,92089,standard (0.9-1.5m),standard (0.9-1.5m),True,0.746404954686105,width_bin,logistic_regression,dinov3_frozen_embeddings_logistic_regression
width_bin,Boardwalk < 1.2m High,3,93027,wide (>1.5m),wide (>1.5m),True,0.9940728329191274,width_bin,logistic_regression,dinov3_frozen_embeddings_logistic_regression
width_bin,Boardwalk < 1.2m High,3,94265,narrow (<0.9m),narrow (<0.9m),True,0.9999945384042964,width_bin,logistic_regression,dinov3_frozen_embeddings_logistic_regression
width_bin,Boardwalk < 1.2m High,3,94266,narrow (<0.9m),narrow (<0.9m),True,0.9883439422997488,width_bin,logistic_regression,dinov3_frozen_embeddings_logistic_regression
width_bin,Boardwalk < 1.2m High,3,94273,narrow (<0.9m),narrow (<0.9m),True,0.9985963830565404,width_bin,logistic_regression,dinov3_frozen_embeddings_logistic_regression
width_bin,Boardwalk < 1.2m High,3,94281,narrow (<0.9m),narrow (<0.9m),True,0.9999609440536313,width_bin,logistic_regression,dinov3_frozen_embeddings_logistic_regression
width_bin,Boardwalk < 1.2m High,3,94282,narrow (<0.9m),narrow (<0.9m),True,0.9961835035251126,width_bin,logistic_regression,dinov3_frozen_embeddings_logistic_regression
width_bin,Boardwalk < 1.2m High,3,94293,narrow (<0.9m),narrow (<0.9m),True,0.9999816359398801,width_bin,logistic_regression,dinov3_frozen_embeddings_logistic_regression
width_bin,Boardwalk < 1.2m High,3,94300,narrow (<0.9m),standard (0.9-1.5m),False,0.9840655026504259,width_bin,logistic_regression,dinov3_frozen_embeddings_logistic_regression
width_bin,Boardwalk < 1.2m High,3,94306,narrow (<0.9m),narrow (<0.9m),True,0.9999376155077814,width_bin,logistic_regression,dinov3_frozen_embeddings_logistic_regression
width_bin,Boardwalk < 1.2m High,3,94310,narrow (<0.9m),standard (0.9-1.5m),False,0.6752287545982882,width_bin,logistic_regression,dinov3_frozen_embeddings_logistic_regression
width_bin,Boardwalk < 1.2m High,3,94319,narrow (<0.9m),narrow (<0.9m),True,0.991091384694043,width_bin,logistic_regression,dinov3_frozen_embeddings_logistic_regression
width_bin,Boardwalk < 1.2m High,3,94349,narrow (<0.9m),narrow (<0.9m),True,0.9995973357447567,width_bin,logistic_regression,dinov3_frozen_embeddings_logistic_regression
width_bin,Boardwalk < 1.2m High,3,94350,narrow (<0.9m),narrow (<0.9m),True,0.9950224952171556,width_bin,logistic_regression,dinov3_frozen_embeddings_logistic_regression
width_bin,Boardwalk < 1.2m High,3,94359,narrow (<0.9m),narrow (<0.9m),True,0.9984362126224726,width_bin,logistic_regression,dinov3_frozen_embeddings_logistic_regression
width_bin,Boardwalk < 1.2m High,3,94362,narrow (<0.9m),narrow (<0.9m),True,0.9991636128822408,width_bin,logistic_regression,dinov3_frozen_embeddings_logistic_regression
width_bin,Boardwalk < 1.2m High,3,94382,narrow (<0.9m),narrow (<0.9m),True,0.9949657901023959,width_bin,logistic_regression,dinov3_frozen_embeddings_logistic_regression
width_bin,Boardwalk < 1.2m High,3,94408,narrow (<0.9m),narrow (<0.9m),True,0.9999646567550694,width_bin,logistic_regression,dinov3_frozen_embeddings_logistic_regression
width_bin,Boardwalk < 1.2m High,3,94411,narrow (<0.9m),narrow (<0.9m),True,0.7020190485648062,width_bin,logistic_regression,dinov3_frozen_embeddings_logistic_regression
width_bin,Boardwalk < 1.2m High,3,94414,narrow (<0.9m),narrow (<0.9m),True,0.9997240088318422,width_bin,logistic_regression,dinov3_frozen_embeddings_logistic_regression
width_bin,Boardwalk < 1.2m High,3,97286,standard (0.9-1.5m),standard (0.9-1.5m),True,0.932360821214885,width_bin,logistic_regression,dinov3_frozen_embeddings_logistic_regression
width_bin,Boardwalk < 1.2m High,3,99892,standard (0.9-1.5m),narrow (<0.9m),False,0.9790572284534568,width_bin,logistic_regression,dinov3_frozen_embeddings_logistic_regression
width_bin,Boardwalk < 1.2m High,3,100345,narrow (<0.9m),standard (0.9-1.5m),False,0.9828438964154411,width_bin,logistic_regression,dinov3_frozen_embeddings_logistic_regression
width_bin,Boardwalk < 1.2m High,3,100346,narrow (<0.9m),standard (0.9-1.5m),False,0.8423510250271327,width_bin,logistic_regression,dinov3_frozen_embeddings_logistic_regression
width_bin,Boardwalk < 1.2m High,3,101005,standard (0.9-1.5m),wide (>1.5m),False,0.9868915710824622,width_bin,logistic_regression,dinov3_frozen_embeddings_logistic_regression
width_bin,Boardwalk < 1.2m High,3,102356,standard (0.9-1.5m),standard (0.9-1.5m),True,0.6438176391130478,width_bin,logistic_regression,dinov3_frozen_embeddings_logistic_regression
width_bin,Boardwalk < 1.2m High,3,102415,wide (>1.5m),standard (0.9-1.5m),False,0.9579833518461864,width_bin,logistic_regression,dinov3_frozen_embeddings_logistic_regression
width_bin,Boardwalk < 1.2m High,3,102424,wide (>1.5m),wide (>1.5m),True,0.7286384228282184,width_bin,logistic_regression,dinov3_frozen_embeddings_logistic_regression
width_bin,Boardwalk < 1.2m High,3,102431,wide (>1.5m),standard (0.9-1.5m),False,0.9808662310109783,width_bin,logistic_regression,dinov3_frozen_embeddings_logistic_regression
width_bin,Boardwalk < 1.2m High,3,102538,standard (0.9-1.5m),standard (0.9-1.5m),True,0.9999985010164264,width_bin,logistic_regression,dinov3_frozen_embeddings_logistic_regression
width_bin,Boardwalk < 1.2m High,3,102974,standard (0.9-1.5m),standard (0.9-1.5m),True,0.9475070909698565,width_bin,logistic_regression,dinov3_frozen_embeddings_logistic_regression
width_bin,Boardwalk < 1.2m High,3,102978,standard (0.9-1.5m),standard (0.9-1.5m),True,0.854215153855067,width_bin,logistic_regression,dinov3_frozen_embeddings_logistic_regression
width_bin,Boardwalk < 1.2m High,3,103622,standard (0.9-1.5m),standard (0.9-1.5m),True,0.9581079004724492,width_bin,logistic_regression,dinov3_frozen_embeddings_logistic_regression
width_bin,Boardwalk < 1.2m High,3,103726,standard (0.9-1.5m),standard (0.9-1.5m),True,0.6632279839252431,width_bin,logistic_regression,dinov3_frozen_embeddings_logistic_regression
width_bin,Boardwalk < 1.2m High,3,103742,standard (0.9-1.5m),wide (>1.5m),False,0.7090624978719264,width_bin,logistic_regression,dinov3_frozen_embeddings_logistic_regression
width_bin,Boardwalk < 1.2m High,3,103752,standard (0.9-1.5m),standard (0.9-1.5m),True,0.6817112184847315,width_bin,logistic_regression,dinov3_frozen_embeddings_logistic_regression
width_bin,Boardwalk < 1.2m High,3,104081,standard (0.9-1.5m),narrow (<0.9m),False,0.5130988773623385,width_bin,logistic_regression,dinov3_frozen_embeddings_logistic_regression
width_bin,Boardwalk < 1.2m High,3,107054,standard (0.9-1.5m),standard (0.9-1.5m),True,0.8957555637124347,width_bin,logistic_regression,dinov3_frozen_embeddings_logistic_regression
width_bin,Boardwalk < 1.2m High,3,107062,standard (0.9-1.5m),narrow (<0.9m),False,0.9974951952151445,width_bin,logistic_regression,dinov3_frozen_embeddings_logistic_regression
width_bin,Boardwalk < 1.2m High,3,107082,wide (>1.5m),standard (0.9-1.5m),False,0.7456888575443233,width_bin,logistic_regression,dinov3_frozen_embeddings_logistic_regression
width_bin,Boardwalk < 1.2m High,3,107346,standard (0.9-1.5m),standard (0.9-1.5m),True,0.9941560852184875,width_bin,logistic_regression,dinov3_frozen_embeddings_logistic_regression
width_bin,Boardwalk < 1.2m High,3,107587,narrow (<0.9m),standard (0.9-1.5m),False,0.8642642082811172,width_bin,logistic_regression,dinov3_frozen_embeddings_logistic_regression
width_bin,Boardwalk < 1.2m High,3,107959,standard (0.9-1.5m),standard (0.9-1.5m),True,0.8548802420801913,width_bin,logistic_regression,dinov3_frozen_embeddings_logistic_regression
width_bin,Boardwalk < 1.2m High,3,108000,standard (0.9-1.5m),standard (0.9-1.5m),True,0.9153425670853566,width_bin,logistic_regression,dinov3_frozen_embeddings_logistic_regression
width_bin,Boardwalk < 1.2m High,3,108011,standard (0.9-1.5m),standard (0.9-1.5m),True,0.5116742459206003,width_bin,logistic_regression,dinov3_frozen_embeddings_logistic_regression
width_bin,Boardwalk < 1.2m High,3,108023,standard (0.9-1.5m),standard (0.9-1.5m),True,0.9982621243746335,width_bin,logistic_regression,dinov3_frozen_embeddings_logistic_regression
width_bin,Boardwalk < 1.2m High,3,108296,standard (0.9-1.5m),standard (0.9-1.5m),True,0.9970070201580372,width_bin,logistic_regression,dinov3_frozen_embeddings_logistic_regression
width_bin,Boardwalk < 1.2m High,3,108326,standard (0.9-1.5m),standard (0.9-1.5m),True,0.9998358472348731,width_bin,logistic_regression,dinov3_frozen_embeddings_logistic_regression
width_bin,Boardwalk < 1.2m High,3,108381,standard (0.9-1.5m),standard (0.9-1.5m),True,0.9050784989828197,width_bin,logistic_regression,dinov3_frozen_embeddings_logistic_regression
width_bin,Boardwalk < 1.2m High,3,108713,standard (0.9-1.5m),standard (0.9-1.5m),True,0.9687684220433725,width_bin,logistic_regression,dinov3_frozen_embeddings_logistic_regression
width_bin,Boardwalk < 1.2m High,3,108735,standard (0.9-1.5m),standard (0.9-1.5m),True,0.9983224165427591,width_bin,logistic_regression,dinov3_frozen_embeddings_logistic_regression
width_bin,Boardwalk < 1.2m High,3,108788,standard (0.9-1.5m),standard (0.9-1.5m),True,0.6273009333234348,width_bin,logistic_regression,dinov3_frozen_embeddings_logistic_regression
width_bin,Boardwalk < 1.2m High,3,108795,standard (0.9-1.5m),narrow (<0.9m),False,0.6518672783700837,width_bin,logistic_regression,dinov3_frozen_embeddings_logistic_regression
width_bin,Boardwalk < 1.2m High,3,108798,standard (0.9-1.5m),standard (0.9-1.5m),True,0.5153082970080677,width_bin,logistic_regression,dinov3_frozen_embeddings_logistic_regression
width_bin,Boardwalk < 1.2m High,3,109190,standard (0.9-1.5m),standard (0.9-1.5m),True,0.9993185989315657,width_bin,logistic_regression,dinov3_frozen_embeddings_logistic_regression
width_bin,Boardwalk < 1.2m High,3,109617,standard (0.9-1.5m),wide (>1.5m),False,0.9414981533395602,width_bin,logistic_regression,dinov3_frozen_embeddings_logistic_regression
width_bin,Boardwalk < 1.2m High,3,109618,standard (0.9-1.5m),standard (0.9-1.5m),True,0.9932250253594409,width_bin,logistic_regression,dinov3_frozen_embeddings_logistic_regression
width_bin,Boardwalk < 1.2m High,3,109702,narrow (<0.9m),narrow (<0.9m),True,0.988698753118434,width_bin,logistic_regression,dinov3_frozen_embeddings_logistic_regression
width_bin,Boardwalk < 1.2m High,3,109707,standard (0.9-1.5m),narrow (<0.9m),False,0.9483834163376083,width_bin,logistic_regression,dinov3_frozen_embeddings_logistic_regression
width_bin,Boardwalk < 1.2m High,3,109822,standard (0.9-1.5m),standard (0.9-1.5m),True,0.9920139497281891,width_bin,logistic_regression,dinov3_frozen_embeddings_logistic_regression
width_bin,Boardwalk < 1.2m High,3,109824,standard (0.9-1.5m),standard (0.9-1.5m),True,0.9981256543063188,width_bin,logistic_regression,dinov3_frozen_embeddings_logistic_regression
width_bin,Boardwalk < 1.2m High,3,110281,standard (0.9-1.5m),standard (0.9-1.5m),True,0.7496529877420444,width_bin,logistic_regression,dinov3_frozen_embeddings_logistic_regression
width_bin,Boardwalk < 1.2m High,3,110283,standard (0.9-1.5m),standard (0.9-1.5m),True,0.9998439562874999,width_bin,logistic_regression,dinov3_frozen_embeddings_logistic_regression
width_bin,Boardwalk < 1.2m High,3,110285,standard (0.9-1.5m),standard (0.9-1.5m),True,0.943684360513402,width_bin,logistic_regression,dinov3_frozen_embeddings_logistic_regression
width_bin,Boardwalk < 1.2m High,3,110572,standard (0.9-1.5m),wide (>1.5m),False,0.7972973203010512,width_bin,logistic_regression,dinov3_frozen_embeddings_logistic_regression
width_bin,Boardwalk < 1.2m High,3,110580,standard (0.9-1.5m),standard (0.9-1.5m),True,0.7690653752012269,width_bin,logistic_regression,dinov3_frozen_embeddings_logistic_regression
width_bin,Boardwalk < 1.2m High,3,110583,standard (0.9-1.5m),standard (0.9-1.5m),True,0.9963841674980526,width_bin,logistic_regression,dinov3_frozen_embeddings_logistic_regression
width_bin,Boardwalk < 1.2m High,3,110608,narrow (<0.9m),standard (0.9-1.5m),False,0.9291577402035579,width_bin,logistic_regression,dinov3_frozen_embeddings_logistic_regression
width_bin,Boardwalk < 1.2m High,3,110821,standard (0.9-1.5m),narrow (<0.9m),False,0.7834298745327045,width_bin,logistic_regression,dinov3_frozen_embeddings_logistic_regression
width_bin,Boardwalk < 1.2m High,3,110822,standard (0.9-1.5m),standard (0.9-1.5m),True,0.635274786662969,width_bin,logistic_regression,dinov3_frozen_embeddings_logistic_regression
width_bin,Boardwalk < 1.2m High,3,111673,narrow (<0.9m),standard (0.9-1.5m),False,0.8666234712064675,width_bin,logistic_regression,dinov3_frozen_embeddings_logistic_regression
width_bin,Boardwalk < 1.2m High,3,111683,narrow (<0.9m),standard (0.9-1.5m),False,0.877457581093781,width_bin,logistic_regression,dinov3_frozen_embeddings_logistic_regression
width_bin,Boardwalk < 1.2m High,3,111686,narrow (<0.9m),standard (0.9-1.5m),False,0.6835099609226919,width_bin,logistic_regression,dinov3_frozen_embeddings_logistic_regression
width_bin,Boardwalk < 1.2m High,3,111774,standard (0.9-1.5m),narrow (<0.9m),False,0.6962984406240231,width_bin,logistic_regression,dinov3_frozen_embeddings_logistic_regression
width_bin,Boardwalk < 1.2m High,3,111808,narrow (<0.9m),standard (0.9-1.5m),False,0.9560532746072846,width_bin,logistic_regression,dinov3_frozen_embeddings_logistic_regression
width_bin,Boardwalk < 1.2m High,3,111809,narrow (<0.9m),wide (>1.5m),False,0.9952897187162204,width_bin,logistic_regression,dinov3_frozen_embeddings_logistic_regression
width_bin,Boardwalk < 1.2m High,3,111811,narrow (<0.9m),narrow (<0.9m),True,0.5761671420036283,width_bin,logistic_regression,dinov3_frozen_embeddings_logistic_regression
width_bin,Boardwalk < 1.2m High,3,111813,narrow (<0.9m),wide (>1.5m),False,0.8880582945729713,width_bin,logistic_regression,dinov3_frozen_embeddings_logistic_regression
width_bin,Boardwalk < 1.2m High,3,111821,narrow (<0.9m),narrow (<0.9m),True,0.9722158880032201,width_bin,logistic_regression,dinov3_frozen_embeddings_logistic_regression
width_bin,Boardwalk < 1.2m High,3,111825,standard (0.9-1.5m),standard (0.9-1.5m),True,0.9993531929448117,width_bin,logistic_regression,dinov3_frozen_embeddings_logistic_regression
width_bin,Boardwalk < 1.2m High,3,112582,standard (0.9-1.5m),standard (0.9-1.5m),True,0.9986447098242549,width_bin,logistic_regression,dinov3_frozen_embeddings_logistic_regression
width_bin,Boardwalk < 1.2m High,3,112612,standard (0.9-1.5m),standard (0.9-1.5m),True,0.9985465146033151,width_bin,logistic_regression,dinov3_frozen_embeddings_logistic_regression
width_bin,Boardwalk < 1.2m High,3,114284,standard (0.9-1.5m),narrow (<0.9m),False,0.9997613123786327,width_bin,logistic_regression,dinov3_frozen_embeddings_logistic_regression
width_bin,Boardwalk < 1.2m High,3,114632,standard (0.9-1.5m),narrow (<0.9m),False,0.999238591403805,width_bin,logistic_regression,dinov3_frozen_embeddings_logistic_regression
width_bin,Boardwalk < 1.2m High,3,114937,standard (0.9-1.5m),standard (0.9-1.5m),True,0.7999456993082756,width_bin,logistic_regression,dinov3_frozen_embeddings_logistic_regression
width_bin,Boardwalk < 1.2m High,3,115449,standard (0.9-1.5m),standard (0.9-1.5m),True,0.9999580539587928,width_bin,logistic_regression,dinov3_frozen_embeddings_logistic_regression
width_bin,Boardwalk < 1.2m High,3,116635,wide (>1.5m),standard (0.9-1.5m),False,0.9871445255673879,width_bin,logistic_regression,dinov3_frozen_embeddings_logistic_regression
width_bin,Boardwalk < 1.2m High,3,117012,standard (0.9-1.5m),standard (0.9-1.5m),True,0.9510452088820408,width_bin,logistic_regression,dinov3_frozen_embeddings_logistic_regression
width_bin,Boardwalk < 1.2m High,3,117013,standard (0.9-1.5m),standard (0.9-1.5m),True,0.681442875320286,width_bin,logistic_regression,dinov3_frozen_embeddings_logistic_regression
width_bin,Boardwalk < 1.2m High,3,117208,standard (0.9-1.5m),standard (0.9-1.5m),True,0.5082241751496543,width_bin,logistic_regression,dinov3_frozen_embeddings_logistic_regression
width_bin,Boardwalk < 1.2m High,3,117210,standard (0.9-1.5m),standard (0.9-1.5m),True,0.995465663243468,width_bin,logistic_regression,dinov3_frozen_embeddings_logistic_regression
width_bin,Boardwalk < 1.2m High,3,117537,standard (0.9-1.5m),narrow (<0.9m),False,0.8944831719301578,width_bin,logistic_regression,dinov3_frozen_embeddings_logistic_regression
width_bin,Boardwalk < 1.2m High,3,117578,narrow (<0.9m),narrow (<0.9m),True,0.7725103136701574,width_bin,logistic_regression,dinov3_frozen_embeddings_logistic_regression
width_bin,Boardwalk < 1.2m High,3,117580,narrow (<0.9m),narrow (<0.9m),True,0.8448829493304194,width_bin,logistic_regression,dinov3_frozen_embeddings_logistic_regression
width_bin,Boardwalk < 1.2m High,3,117598,standard (0.9-1.5m),standard (0.9-1.5m),True,0.9943377323256848,width_bin,logistic_regression,dinov3_frozen_embeddings_logistic_regression
width_bin,Boardwalk < 1.2m High,3,117608,standard (0.9-1.5m),standard (0.9-1.5m),True,0.8185784133088868,width_bin,logistic_regression,dinov3_frozen_embeddings_logistic_regression
width_bin,Boardwalk < 1.2m High,3,118203,narrow (<0.9m),standard (0.9-1.5m),False,0.9800638225748345,width_bin,logistic_regression,dinov3_frozen_embeddings_logistic_regression
width_bin,Boardwalk < 1.2m High,3,120663,narrow (<0.9m),narrow (<0.9m),True,0.9757079951570234,width_bin,logistic_regression,dinov3_frozen_embeddings_logistic_regression
width_bin,Boardwalk < 1.2m High,3,120669,narrow (<0.9m),narrow (<0.9m),True,0.9999676328066216,width_bin,logistic_regression,dinov3_frozen_embeddings_logistic_regression
width_bin,Boardwalk < 1.2m High,3,120690,narrow (<0.9m),narrow (<0.9m),True,0.9283394149484693,width_bin,logistic_regression,dinov3_frozen_embeddings_logistic_regression
width_bin,Boardwalk < 1.2m High,3,121009,narrow (<0.9m),narrow (<0.9m),True,0.9887433576489357,width_bin,logistic_regression,dinov3_frozen_embeddings_logistic_regression
width_bin,Boardwalk < 1.2m High,3,121015,narrow (<0.9m),narrow (<0.9m),True,0.9938144202281722,width_bin,logistic_regression,dinov3_frozen_embeddings_logistic_regression
width_bin,Boardwalk < 1.2m High,3,121070,standard (0.9-1.5m),standard (0.9-1.5m),True,0.9959860211204296,width_bin,logistic_regression,dinov3_frozen_embeddings_logistic_regression
width_bin,Boardwalk < 1.2m High,3,121576,wide (>1.5m),standard (0.9-1.5m),False,0.9368518001851576,width_bin,logistic_regression,dinov3_frozen_embeddings_logistic_regression
width_bin,Boardwalk < 1.2m High,3,121581,wide (>1.5m),standard (0.9-1.5m),False,0.9977417686553126,width_bin,logistic_regression,dinov3_frozen_embeddings_logistic_regression
width_bin,Boardwalk < 1.2m High,3,121601,standard (0.9-1.5m),standard (0.9-1.5m),True,0.8742809917922065,width_bin,logistic_regression,dinov3_frozen_embeddings_logistic_regression
width_bin,Boardwalk < 1.2m High,3,121676,narrow (<0.9m),narrow (<0.9m),True,0.9997936673968272,width_bin,logistic_regression,dinov3_frozen_embeddings_logistic_regression
width_bin,Boardwalk < 1.2m High,3,121732,narrow (<0.9m),narrow (<0.9m),True,0.9999890211119817,width_bin,logistic_regression,dinov3_frozen_embeddings_logistic_regression
width_bin,Boardwalk < 1.2m High,3,121734,narrow (<0.9m),narrow (<0.9m),True,0.9999326105533449,width_bin,logistic_regression,dinov3_frozen_embeddings_logistic_regression
width_bin,Boardwalk < 1.2m High,3,121737,narrow (<0.9m),narrow (<0.9m),True,0.9977135922571815,width_bin,logistic_regression,dinov3_frozen_embeddings_logistic_regression
width_bin,Boardwalk < 1.2m High,3,121777,narrow (<0.9m),standard (0.9-1.5m),False,0.9984138523740025,width_bin,logistic_regression,dinov3_frozen_embeddings_logistic_regression
width_bin,Boardwalk < 1.2m High,3,122404,standard (0.9-1.5m),standard (0.9-1.5m),True,0.5089474800297601,width_bin,logistic_regression,dinov3_frozen_embeddings_logistic_regression
width_bin,Boardwalk < 1.2m High,3,122833,narrow (<0.9m),standard (0.9-1.5m),False,0.9873976262443325,width_bin,logistic_regression,dinov3_frozen_embeddings_logistic_regression
width_bin,Boardwalk < 1.2m High,3,122856,wide (>1.5m),narrow (<0.9m),False,0.9902225514437343,width_bin,logistic_regression,dinov3_frozen_embeddings_logistic_regression
width_bin,Boardwalk < 1.2m High,3,122918,wide (>1.5m),standard (0.9-1.5m),False,0.9932931408335549,width_bin,logistic_regression,dinov3_frozen_embeddings_logistic_regression
width_bin,Boardwalk < 1.2m High,3,123096,standard (0.9-1.5m),standard (0.9-1.5m),True,0.9997083980219315,width_bin,logistic_regression,dinov3_frozen_embeddings_logistic_regression
width_bin,Boardwalk < 1.2m High,3,123099,standard (0.9-1.5m),standard (0.9-1.5m),True,0.9997378757527481,width_bin,logistic_regression,dinov3_frozen_embeddings_logistic_regression
width_bin,Boardwalk < 1.2m High,3,123106,standard (0.9-1.5m),standard (0.9-1.5m),True,0.9999988683016192,width_bin,logistic_regression,dinov3_frozen_embeddings_logistic_regression
width_bin,Boardwalk < 1.2m High,3,123260,wide (>1.5m),standard (0.9-1.5m),False,0.9387301100151362,width_bin,logistic_regression,dinov3_frozen_embeddings_logistic_regression
width_bin,Boardwalk < 1.2m High,3,123470,wide (>1.5m),standard (0.9-1.5m),False,0.7141152489474393,width_bin,logistic_regression,dinov3_frozen_embeddings_logistic_regression
width_bin,Boardwalk < 1.2m High,3,124739,wide (>1.5m),wide (>1.5m),True,0.9914035664294782,width_bin,logistic_regression,dinov3_frozen_embeddings_logistic_regression
width_bin,Boardwalk < 1.2m High,3,124740,wide (>1.5m),wide (>1.5m),True,0.9999985281019799,width_bin,logistic_regression,dinov3_frozen_embeddings_logistic_regression
width_bin,Boardwalk < 1.2m High,3,126780,standard (0.9-1.5m),standard (0.9-1.5m),True,0.8633611968724257,width_bin,logistic_regression,dinov3_frozen_embeddings_logistic_regression
width_bin,Boardwalk < 1.2m High,3,126800,wide (>1.5m),narrow (<0.9m),False,0.5374153917962387,width_bin,logistic_regression,dinov3_frozen_embeddings_logistic_regression
width_bin,Boardwalk < 1.2m High,3,126833,standard (0.9-1.5m),standard (0.9-1.5m),True,0.9958878567945033,width_bin,logistic_regression,dinov3_frozen_embeddings_logistic_regression
width_bin,Boardwalk < 1.2m High,3,126834,standard (0.9-1.5m),standard (0.9-1.5m),True,0.985364421826182,width_bin,logistic_regression,dinov3_frozen_embeddings_logistic_regression
width_bin,Boardwalk < 1.2m High,3,126839,standard (0.9-1.5m),standard (0.9-1.5m),True,0.9652846270249857,width_bin,logistic_regression,dinov3_frozen_embeddings_logistic_regression
width_bin,Boardwalk < 1.2m High,3,127140,standard (0.9-1.5m),standard (0.9-1.5m),True,0.9997806289152228,width_bin,logistic_regression,dinov3_frozen_embeddings_logistic_regression
width_bin,Boardwalk < 1.2m High,3,127154,standard (0.9-1.5m),standard (0.9-1.5m),True,0.9736736779733713,width_bin,logistic_regression,dinov3_frozen_embeddings_logistic_regression
width_bin,Boardwalk < 1.2m High,3,127155,standard (0.9-1.5m),standard (0.9-1.5m),True,0.9997245363635098,width_bin,logistic_regression,dinov3_frozen_embeddings_logistic_regression
width_bin,Boardwalk < 1.2m High,3,127650,wide (>1.5m),wide (>1.5m),True,0.9998840854010641,width_bin,logistic_regression,dinov3_frozen_embeddings_logistic_regression
width_bin,Boardwalk < 1.2m High,3,129378,wide (>1.5m),standard (0.9-1.5m),False,0.9894059295000621,width_bin,logistic_regression,dinov3_frozen_embeddings_logistic_regression
width_bin,Boardwalk < 1.2m High,3,129401,wide (>1.5m),wide (>1.5m),True,0.9940931184733686,width_bin,logistic_regression,dinov3_frozen_embeddings_logistic_regression
width_bin,Boardwalk < 1.2m High,4,48514,wide (>1.5m),narrow (<0.9m),False,0.9440545802456093,width_bin,logistic_regression,dinov3_frozen_embeddings_logistic_regression
width_bin,Boardwalk < 1.2m High,4,52128,standard (0.9-1.5m),standard (0.9-1.5m),True,0.9784574910912773,width_bin,logistic_regression,dinov3_frozen_embeddings_logistic_regression
width_bin,Boardwalk < 1.2m High,4,51942,standard (0.9-1.5m),standard (0.9-1.5m),True,0.9985133026391307,width_bin,logistic_regression,dinov3_frozen_embeddings_logistic_regression
width_bin,Boardwalk < 1.2m High,4,55466,wide (>1.5m),wide (>1.5m),True,0.9999999746351607,width_bin,logistic_regression,dinov3_frozen_embeddings_logistic_regression
width_bin,Boardwalk < 1.2m High,4,61737,standard (0.9-1.5m),narrow (<0.9m),False,0.998204432088994,width_bin,logistic_regression,dinov3_frozen_embeddings_logistic_regression
width_bin,Boardwalk < 1.2m High,4,61734,standard (0.9-1.5m),standard (0.9-1.5m),True,0.9830906248190106,width_bin,logistic_regression,dinov3_frozen_embeddings_logistic_regression
width_bin,Boardwalk < 1.2m High,4,65422,standard (0.9-1.5m),standard (0.9-1.5m),True,0.8779976527121122,width_bin,logistic_regression,dinov3_frozen_embeddings_logistic_regression
width_bin,Boardwalk < 1.2m High,4,84819,standard (0.9-1.5m),standard (0.9-1.5m),True,0.846388244618162,width_bin,logistic_regression,dinov3_frozen_embeddings_logistic_regression
width_bin,Boardwalk < 1.2m High,4,85078,wide (>1.5m),wide (>1.5m),True,0.570362264878862,width_bin,logistic_regression,dinov3_frozen_embeddings_logistic_regression
width_bin,Boardwalk < 1.2m High,4,87534,narrow (<0.9m),wide (>1.5m),False,0.9320400671299915,width_bin,logistic_regression,dinov3_frozen_embeddings_logistic_regression
width_bin,Boardwalk < 1.2m High,4,87554,narrow (<0.9m),narrow (<0.9m),True,0.7794951515370532,width_bin,logistic_regression,dinov3_frozen_embeddings_logistic_regression
width_bin,Boardwalk < 1.2m High,4,87579,narrow (<0.9m),narrow (<0.9m),True,0.9999859929012017,width_bin,logistic_regression,dinov3_frozen_embeddings_logistic_regression
width_bin,Boardwalk < 1.2m High,4,89451,standard (0.9-1.5m),standard (0.9-1.5m),True,0.7742796755061591,width_bin,logistic_regression,dinov3_frozen_embeddings_logistic_regression
width_bin,Boardwalk < 1.2m High,4,89574,standard (0.9-1.5m),narrow (<0.9m),False,0.986727060570118,width_bin,logistic_regression,dinov3_frozen_embeddings_logistic_regression
width_bin,Boardwalk < 1.2m High,4,89575,standard (0.9-1.5m),standard (0.9-1.5m),True,0.7355308273581364,width_bin,logistic_regression,dinov3_frozen_embeddings_logistic_regression
width_bin,Boardwalk < 1.2m High,4,89577,standard (0.9-1.5m),standard (0.9-1.5m),True,0.8274778384938635,width_bin,logistic_regression,dinov3_frozen_embeddings_logistic_regression
width_bin,Boardwalk < 1.2m High,4,89581,standard (0.9-1.5m),standard (0.9-1.5m),True,0.7160708416692178,width_bin,logistic_regression,dinov3_frozen_embeddings_logistic_regression
width_bin,Boardwalk < 1.2m High,4,89595,wide (>1.5m),standard (0.9-1.5m),False,0.9950873261646445,width_bin,logistic_regression,dinov3_frozen_embeddings_logistic_regression
width_bin,Boardwalk < 1.2m High,4,89734,standard (0.9-1.5m),standard (0.9-1.5m),True,0.9999627373228861,width_bin,logistic_regression,dinov3_frozen_embeddings_logistic_regression
width_bin,Boardwalk < 1.2m High,4,89762,standard (0.9-1.5m),standard (0.9-1.5m),True,0.9996654175884179,width_bin,logistic_regression,dinov3_frozen_embeddings_logistic_regression
width_bin,Boardwalk < 1.2m High,4,89765,standard (0.9-1.5m),standard (0.9-1.5m),True,0.9537186175794207,width_bin,logistic_regression,dinov3_frozen_embeddings_logistic_regression
width_bin,Boardwalk < 1.2m High,4,90322,narrow (<0.9m),standard (0.9-1.5m),False,0.6380413462336447,width_bin,logistic_regression,dinov3_frozen_embeddings_logistic_regression
width_bin,Boardwalk < 1.2m High,4,90323,standard (0.9-1.5m),standard (0.9-1.5m),True,0.999837511106596,width_bin,logistic_regression,dinov3_frozen_embeddings_logistic_regression
width_bin,Boardwalk < 1.2m High,4,90324,standard (0.9-1.5m),standard (0.9-1.5m),True,0.9995240564676704,width_bin,logistic_regression,dinov3_frozen_embeddings_logistic_regression
width_bin,Boardwalk < 1.2m High,4,90326,standard (0.9-1.5m),standard (0.9-1.5m),True,0.8436814622921066,width_bin,logistic_regression,dinov3_frozen_embeddings_logistic_regression
width_bin,Boardwalk < 1.2m High,4,90327,standard (0.9-1.5m),standard (0.9-1.5m),True,0.9974981019718923,width_bin,logistic_regression,dinov3_frozen_embeddings_logistic_regression
width_bin,Boardwalk < 1.2m High,4,90328,standard (0.9-1.5m),standard (0.9-1.5m),True,0.9987277194020187,width_bin,logistic_regression,dinov3_frozen_embeddings_logistic_regression
width_bin,Boardwalk < 1.2m High,4,90335,narrow (<0.9m),standard (0.9-1.5m),False,0.9993571870219805,width_bin,logistic_regression,dinov3_frozen_embeddings_logistic_regression
width_bin,Boardwalk < 1.2m High,4,90337,standard (0.9-1.5m),standard (0.9-1.5m),True,0.9970311868412455,width_bin,logistic_regression,dinov3_frozen_embeddings_logistic_regression
width_bin,Boardwalk < 1.2m High,4,90346,standard (0.9-1.5m),standard (0.9-1.5m),True,0.9695269353719659,width_bin,logistic_regression,dinov3_frozen_embeddings_logistic_regression
width_bin,Boardwalk < 1.2m High,4,90353,standard (0.9-1.5m),standard (0.9-1.5m),True,0.9841941703030395,width_bin,logistic_regression,dinov3_frozen_embeddings_logistic_regression
width_bin,Boardwalk < 1.2m High,4,90356,standard (0.9-1.5m),standard (0.9-1.5m),True,0.9999411505321125,width_bin,logistic_regression,dinov3_frozen_embeddings_logistic_regression
width_bin,Boardwalk < 1.2m High,4,90363,standard (0.9-1.5m),standard (0.9-1.5m),True,0.9999079588172918,width_bin,logistic_regression,dinov3_frozen_embeddings_logistic_regression
width_bin,Boardwalk < 1.2m High,4,90367,standard (0.9-1.5m),standard (0.9-1.5m),True,0.9991596232659388,width_bin,logistic_regression,dinov3_frozen_embeddings_logistic_regression
width_bin,Boardwalk < 1.2m High,4,90368,standard (0.9-1.5m),standard (0.9-1.5m),True,0.9960300088325341,width_bin,logistic_regression,dinov3_frozen_embeddings_logistic_regression
width_bin,Boardwalk < 1.2m High,4,90387,standard (0.9-1.5m),standard (0.9-1.5m),True,0.9976580784412852,width_bin,logistic_regression,dinov3_frozen_embeddings_logistic_regression
width_bin,Boardwalk < 1.2m High,4,90398,standard (0.9-1.5m),standard (0.9-1.5m),True,0.9976153407019129,width_bin,logistic_regression,dinov3_frozen_embeddings_logistic_regression
width_bin,Boardwalk < 1.2m High,4,90399,standard (0.9-1.5m),standard (0.9-1.5m),True,0.9996593913345333,width_bin,logistic_regression,dinov3_frozen_embeddings_logistic_regression
width_bin,Boardwalk < 1.2m High,4,90489,standard (0.9-1.5m),standard (0.9-1.5m),True,0.9999126069568843,width_bin,logistic_regression,dinov3_frozen_embeddings_logistic_regression
width_bin,Boardwalk < 1.2m High,4,90496,standard (0.9-1.5m),standard (0.9-1.5m),True,0.9998587258427868,width_bin,logistic_regression,dinov3_frozen_embeddings_logistic_regression
width_bin,Boardwalk < 1.2m High,4,90498,standard (0.9-1.5m),standard (0.9-1.5m),True,0.9985536484938432,width_bin,logistic_regression,dinov3_frozen_embeddings_logistic_regression
width_bin,Boardwalk < 1.2m High,4,90500,standard (0.9-1.5m),narrow (<0.9m),False,0.6765001845681117,width_bin,logistic_regression,dinov3_frozen_embeddings_logistic_regression
width_bin,Boardwalk < 1.2m High,4,90501,standard (0.9-1.5m),standard (0.9-1.5m),True,0.9994918715214054,width_bin,logistic_regression,dinov3_frozen_embeddings_logistic_regression
width_bin,Boardwalk < 1.2m High,4,91715,standard (0.9-1.5m),standard (0.9-1.5m),True,0.9931739998938806,width_bin,logistic_regression,dinov3_frozen_embeddings_logistic_regression
width_bin,Boardwalk < 1.2m High,4,92009,narrow (<0.9m),narrow (<0.9m),True,0.5190968423596327,width_bin,logistic_regression,dinov3_frozen_embeddings_logistic_regression
width_bin,Boardwalk < 1.2m High,4,92028,narrow (<0.9m),standard (0.9-1.5m),False,0.936390628894271,width_bin,logistic_regression,dinov3_frozen_embeddings_logistic_regression
width_bin,Boardwalk < 1.2m High,4,92041,narrow (<0.9m),narrow (<0.9m),True,0.7751574246309986,width_bin,logistic_regression,dinov3_frozen_embeddings_logistic_regression
width_bin,Boardwalk < 1.2m High,4,92044,narrow (<0.9m),narrow (<0.9m),True,0.5314181842423235,width_bin,logistic_regression,dinov3_frozen_embeddings_logistic_regression
width_bin,Boardwalk < 1.2m High,4,92045,narrow (<0.9m),narrow (<0.9m),True,0.9994305331349759,width_bin,logistic_regression,dinov3_frozen_embeddings_logistic_regression
width_bin,Boardwalk < 1.2m High,4,92046,narrow (<0.9m),narrow (<0.9m),True,0.9959395870802051,width_bin,logistic_regression,dinov3_frozen_embeddings_logistic_regression
width_bin,Boardwalk < 1.2m High,4,92054,narrow (<0.9m),narrow (<0.9m),True,0.975701779891747,width_bin,logistic_regression,dinov3_frozen_embeddings_logistic_regression
width_bin,Boardwalk < 1.2m High,4,92058,narrow (<0.9m),narrow (<0.9m),True,0.997320052886479,width_bin,logistic_regression,dinov3_frozen_embeddings_logistic_regression
width_bin,Boardwalk < 1.2m High,4,92070,standard (0.9-1.5m),narrow (<0.9m),False,0.5654115226702464,width_bin,logistic_regression,dinov3_frozen_embeddings_logistic_regression
width_bin,Boardwalk < 1.2m High,4,92081,standard (0.9-1.5m),narrow (<0.9m),False,0.8308926140172311,width_bin,logistic_regression,dinov3_frozen_embeddings_logistic_regression
width_bin,Boardwalk < 1.2m High,4,92082,standard (0.9-1.5m),standard (0.9-1.5m),True,0.9999893862493262,width_bin,logistic_regression,dinov3_frozen_embeddings_logistic_regression
width_bin,Boardwalk < 1.2m High,4,92083,standard (0.9-1.5m),narrow (<0.9m),False,0.9981532217560048,width_bin,logistic_regression,dinov3_frozen_embeddings_logistic_regression
width_bin,Boardwalk < 1.2m High,4,92088,standard (0.9-1.5m),standard (0.9-1.5m),True,0.7552383584934395,width_bin,logistic_regression,dinov3_frozen_embeddings_logistic_regression
width_bin,Boardwalk < 1.2m High,4,93030,standard (0.9-1.5m),wide (>1.5m),False,0.5937842817636926,width_bin,logistic_regression,dinov3_frozen_embeddings_logistic_regression
width_bin,Boardwalk < 1.2m High,4,93032,standard (0.9-1.5m),standard (0.9-1.5m),True,0.9085750944437754,width_bin,logistic_regression,dinov3_frozen_embeddings_logistic_regression
width_bin,Boardwalk < 1.2m High,4,94267,narrow (<0.9m),narrow (<0.9m),True,0.9999546614946476,width_bin,logistic_regression,dinov3_frozen_embeddings_logistic_regression
width_bin,Boardwalk < 1.2m High,4,94275,narrow (<0.9m),narrow (<0.9m),True,0.9999998664073343,width_bin,logistic_regression,dinov3_frozen_embeddings_logistic_regression
width_bin,Boardwalk < 1.2m High,4,94283,narrow (<0.9m),standard (0.9-1.5m),False,0.6283061763516264,width_bin,logistic_regression,dinov3_frozen_embeddings_logistic_regression
width_bin,Boardwalk < 1.2m High,4,94291,narrow (<0.9m),narrow (<0.9m),True,0.9999996621519995,width_bin,logistic_regression,dinov3_frozen_embeddings_logistic_regression
width_bin,Boardwalk < 1.2m High,4,94316,narrow (<0.9m),narrow (<0.9m),True,0.9994349138242171,width_bin,logistic_regression,dinov3_frozen_embeddings_logistic_regression
width_bin,Boardwalk < 1.2m High,4,94320,narrow (<0.9m),narrow (<0.9m),True,0.9887276012651631,width_bin,logistic_regression,dinov3_frozen_embeddings_logistic_regression
width_bin,Boardwalk < 1.2m High,4,94322,narrow (<0.9m),narrow (<0.9m),True,0.9999462161407622,width_bin,logistic_regression,dinov3_frozen_embeddings_logistic_regression
width_bin,Boardwalk < 1.2m High,4,94336,narrow (<0.9m),narrow (<0.9m),True,0.999992287021929,width_bin,logistic_regression,dinov3_frozen_embeddings_logistic_regression
width_bin,Boardwalk < 1.2m High,4,94353,narrow (<0.9m),narrow (<0.9m),True,0.9999981915238786,width_bin,logistic_regression,dinov3_frozen_embeddings_logistic_regression
width_bin,Boardwalk < 1.2m High,4,94356,narrow (<0.9m),narrow (<0.9m),True,0.9999849682646119,width_bin,logistic_regression,dinov3_frozen_embeddings_logistic_regression
width_bin,Boardwalk < 1.2m High,4,94361,narrow (<0.9m),narrow (<0.9m),True,0.9999496617186417,width_bin,logistic_regression,dinov3_frozen_embeddings_logistic_regression
width_bin,Boardwalk < 1.2m High,4,94371,narrow (<0.9m),narrow (<0.9m),True,0.999747543760206,width_bin,logistic_regression,dinov3_frozen_embeddings_logistic_regression
width_bin,Boardwalk < 1.2m High,4,94378,narrow (<0.9m),narrow (<0.9m),True,0.8513753506343064,width_bin,logistic_regression,dinov3_frozen_embeddings_logistic_regression
width_bin,Boardwalk < 1.2m High,4,94379,narrow (<0.9m),narrow (<0.9m),True,0.9476775887569879,width_bin,logistic_regression,dinov3_frozen_embeddings_logistic_regression
width_bin,Boardwalk < 1.2m High,4,94387,narrow (<0.9m),narrow (<0.9m),True,0.9999691290166223,width_bin,logistic_regression,dinov3_frozen_embeddings_logistic_regression
width_bin,Boardwalk < 1.2m High,4,94388,narrow (<0.9m),narrow (<0.9m),True,0.9944454835881689,width_bin,logistic_regression,dinov3_frozen_embeddings_logistic_regression
width_bin,Boardwalk < 1.2m High,4,94395,narrow (<0.9m),narrow (<0.9m),True,0.9999990593718161,width_bin,logistic_regression,dinov3_frozen_embeddings_logistic_regression
width_bin,Boardwalk < 1.2m High,4,94424,narrow (<0.9m),narrow (<0.9m),True,0.6249908649970815,width_bin,logistic_regression,dinov3_frozen_embeddings_logistic_regression
width_bin,Boardwalk < 1.2m High,4,95730,standard (0.9-1.5m),standard (0.9-1.5m),True,0.9765290629140481,width_bin,logistic_regression,dinov3_frozen_embeddings_logistic_regression
width_bin,Boardwalk < 1.2m High,4,96809,narrow (<0.9m),narrow (<0.9m),True,0.9930281666615867,width_bin,logistic_regression,dinov3_frozen_embeddings_logistic_regression
width_bin,Boardwalk < 1.2m High,4,99815,wide (>1.5m),standard (0.9-1.5m),False,0.9834958268579023,width_bin,logistic_regression,dinov3_frozen_embeddings_logistic_regression
width_bin,Boardwalk < 1.2m High,4,102372,wide (>1.5m),wide (>1.5m),True,0.9770745787386438,width_bin,logistic_regression,dinov3_frozen_embeddings_logistic_regression
width_bin,Boardwalk < 1.2m High,4,102472,standard (0.9-1.5m),narrow (<0.9m),False,0.6915727776826298,width_bin,logistic_regression,dinov3_frozen_embeddings_logistic_regression
width_bin,Boardwalk < 1.2m High,4,105274,standard (0.9-1.5m),standard (0.9-1.5m),True,0.7793078112183841,width_bin,logistic_regression,dinov3_frozen_embeddings_logistic_regression
width_bin,Boardwalk < 1.2m High,4,107330,standard (0.9-1.5m),standard (0.9-1.5m),True,0.70713143564522,width_bin,logistic_regression,dinov3_frozen_embeddings_logistic_regression
width_bin,Boardwalk < 1.2m High,4,107345,standard (0.9-1.5m),narrow (<0.9m),False,0.8983328068211972,width_bin,logistic_regression,dinov3_frozen_embeddings_logistic_regression
width_bin,Boardwalk < 1.2m High,4,107364,standard (0.9-1.5m),standard (0.9-1.5m),True,0.9999951786124122,width_bin,logistic_regression,dinov3_frozen_embeddings_logistic_regression
width_bin,Boardwalk < 1.2m High,4,107365,standard (0.9-1.5m),standard (0.9-1.5m),True,0.8609629839953875,width_bin,logistic_regression,dinov3_frozen_embeddings_logistic_regression
width_bin,Boardwalk < 1.2m High,4,107920,standard (0.9-1.5m),standard (0.9-1.5m),True,0.9999955334118058,width_bin,logistic_regression,dinov3_frozen_embeddings_logistic_regression
width_bin,Boardwalk < 1.2m High,4,108008,standard (0.9-1.5m),standard (0.9-1.5m),True,0.9960519126323262,width_bin,logistic_regression,dinov3_frozen_embeddings_logistic_regression
width_bin,Boardwalk < 1.2m High,4,108009,standard (0.9-1.5m),standard (0.9-1.5m),True,0.9810028696792911,width_bin,logistic_regression,dinov3_frozen_embeddings_logistic_regression
width_bin,Boardwalk < 1.2m High,4,108014,standard (0.9-1.5m),narrow (<0.9m),False,0.9758703575743519,width_bin,logistic_regression,dinov3_frozen_embeddings_logistic_regression
width_bin,Boardwalk < 1.2m High,4,108021,standard (0.9-1.5m),standard (0.9-1.5m),True,0.9662962396879202,width_bin,logistic_regression,dinov3_frozen_embeddings_logistic_regression
width_bin,Boardwalk < 1.2m High,4,108034,standard (0.9-1.5m),standard (0.9-1.5m),True,0.5754621329097674,width_bin,logistic_regression,dinov3_frozen_embeddings_logistic_regression
width_bin,Boardwalk < 1.2m High,4,108318,standard (0.9-1.5m),narrow (<0.9m),False,0.9976204977569746,width_bin,logistic_regression,dinov3_frozen_embeddings_logistic_regression
width_bin,Boardwalk < 1.2m High,4,108398,standard (0.9-1.5m),standard (0.9-1.5m),True,0.9934075336777949,width_bin,logistic_regression,dinov3_frozen_embeddings_logistic_regression
width_bin,Boardwalk < 1.2m High,4,108660,wide (>1.5m),standard (0.9-1.5m),False,0.5630560630492607,width_bin,logistic_regression,dinov3_frozen_embeddings_logistic_regression
width_bin,Boardwalk < 1.2m High,4,108661,standard (0.9-1.5m),standard (0.9-1.5m),True,0.937441596178582,width_bin,logistic_regression,dinov3_frozen_embeddings_logistic_regression
width_bin,Boardwalk < 1.2m High,4,108667,wide (>1.5m),standard (0.9-1.5m),False,0.9465801797005803,width_bin,logistic_regression,dinov3_frozen_embeddings_logistic_regression
width_bin,Boardwalk < 1.2m High,4,108710,standard (0.9-1.5m),standard (0.9-1.5m),True,0.9985315137040064,width_bin,logistic_regression,dinov3_frozen_embeddings_logistic_regression
width_bin,Boardwalk < 1.2m High,4,108712,standard (0.9-1.5m),wide (>1.5m),False,0.8193627169677598,width_bin,logistic_regression,dinov3_frozen_embeddings_logistic_regression
width_bin,Boardwalk < 1.2m High,4,108715,narrow (<0.9m),standard (0.9-1.5m),False,0.9981304715410574,width_bin,logistic_regression,dinov3_frozen_embeddings_logistic_regression
width_bin,Boardwalk < 1.2m High,4,108782,standard (0.9-1.5m),standard (0.9-1.5m),True,0.9659694447964525,width_bin,logistic_regression,dinov3_frozen_embeddings_logistic_regression
width_bin,Boardwalk < 1.2m High,4,108783,standard (0.9-1.5m),narrow (<0.9m),False,0.9897230101380531,width_bin,logistic_regression,dinov3_frozen_embeddings_logistic_regression
width_bin,Boardwalk < 1.2m High,4,109330,standard (0.9-1.5m),standard (0.9-1.5m),True,0.9999647656608804,width_bin,logistic_regression,dinov3_frozen_embeddings_logistic_regression
width_bin,Boardwalk < 1.2m High,4,109614,standard (0.9-1.5m),standard (0.9-1.5m),True,0.9620743065106764,width_bin,logistic_regression,dinov3_frozen_embeddings_logistic_regression
width_bin,Boardwalk < 1.2m High,4,109698,narrow (<0.9m),standard (0.9-1.5m),False,0.9629029086143651,width_bin,logistic_regression,dinov3_frozen_embeddings_logistic_regression
width_bin,Boardwalk < 1.2m High,4,109699,narrow (<0.9m),narrow (<0.9m),True,0.7371949857549492,width_bin,logistic_regression,dinov3_frozen_embeddings_logistic_regression
width_bin,Boardwalk < 1.2m High,4,109700,narrow (<0.9m),standard (0.9-1.5m),False,0.8478988711267818,width_bin,logistic_regression,dinov3_frozen_embeddings_logistic_regression
width_bin,Boardwalk < 1.2m High,4,109713,narrow (<0.9m),standard (0.9-1.5m),False,0.999905704460433,width_bin,logistic_regression,dinov3_frozen_embeddings_logistic_regression
width_bin,Boardwalk < 1.2m High,4,110238,standard (0.9-1.5m),wide (>1.5m),False,0.7317058077237992,width_bin,logistic_regression,dinov3_frozen_embeddings_logistic_regression
width_bin,Boardwalk < 1.2m High,4,110300,standard (0.9-1.5m),standard (0.9-1.5m),True,0.9997082471470223,width_bin,logistic_regression,dinov3_frozen_embeddings_logistic_regression
width_bin,Boardwalk < 1.2m High,4,110301,standard (0.9-1.5m),standard (0.9-1.5m),True,0.9805562006384612,width_bin,logistic_regression,dinov3_frozen_embeddings_logistic_regression
width_bin,Boardwalk < 1.2m High,4,110467,standard (0.9-1.5m),standard (0.9-1.5m),True,0.9999804094067973,width_bin,logistic_regression,dinov3_frozen_embeddings_logistic_regression
width_bin,Boardwalk < 1.2m High,4,110567,narrow (<0.9m),standard (0.9-1.5m),False,0.9958726927517111,width_bin,logistic_regression,dinov3_frozen_embeddings_logistic_regression
width_bin,Boardwalk < 1.2m High,4,110711,standard (0.9-1.5m),standard (0.9-1.5m),True,0.948293690987741,width_bin,logistic_regression,dinov3_frozen_embeddings_logistic_regression
width_bin,Boardwalk < 1.2m High,4,110712,standard (0.9-1.5m),wide (>1.5m),False,0.667980850318398,width_bin,logistic_regression,dinov3_frozen_embeddings_logistic_regression
width_bin,Boardwalk < 1.2m High,4,110720,standard (0.9-1.5m),narrow (<0.9m),False,0.5007759898912323,width_bin,logistic_regression,dinov3_frozen_embeddings_logistic_regression
width_bin,Boardwalk < 1.2m High,4,110970,standard (0.9-1.5m),narrow (<0.9m),False,0.7508047019523697,width_bin,logistic_regression,dinov3_frozen_embeddings_logistic_regression
width_bin,Boardwalk < 1.2m High,4,110974,standard (0.9-1.5m),standard (0.9-1.5m),True,0.9990539157151634,width_bin,logistic_regression,dinov3_frozen_embeddings_logistic_regression
width_bin,Boardwalk < 1.2m High,4,110992,narrow (<0.9m),narrow (<0.9m),True,0.9996552035612728,width_bin,logistic_regression,dinov3_frozen_embeddings_logistic_regression
width_bin,Boardwalk < 1.2m High,4,111729,standard (0.9-1.5m),standard (0.9-1.5m),True,0.8126360162828152,width_bin,logistic_regression,dinov3_frozen_embeddings_logistic_regression
width_bin,Boardwalk < 1.2m High,4,111788,narrow (<0.9m),narrow (<0.9m),True,0.9832195883018184,width_bin,logistic_regression,dinov3_frozen_embeddings_logistic_regression
width_bin,Boardwalk < 1.2m High,4,111800,narrow (<0.9m),narrow (<0.9m),True,0.9998495886450424,width_bin,logistic_regression,dinov3_frozen_embeddings_logistic_regression
width_bin,Boardwalk < 1.2m High,4,111801,narrow (<0.9m),wide (>1.5m),False,0.5012344569144228,width_bin,logistic_regression,dinov3_frozen_embeddings_logistic_regression
width_bin,Boardwalk < 1.2m High,4,111815,narrow (<0.9m),standard (0.9-1.5m),False,0.9456850143881682,width_bin,logistic_regression,dinov3_frozen_embeddings_logistic_regression
width_bin,Boardwalk < 1.2m High,4,112401,standard (0.9-1.5m),standard (0.9-1.5m),True,0.999963659981401,width_bin,logistic_regression,dinov3_frozen_embeddings_logistic_regression
width_bin,Boardwalk < 1.2m High,4,112576,narrow (<0.9m),standard (0.9-1.5m),False,0.9994385609114158,width_bin,logistic_regression,dinov3_frozen_embeddings_logistic_regression
width_bin,Boardwalk < 1.2m High,4,113156,standard (0.9-1.5m),standard (0.9-1.5m),True,0.9977676476743315,width_bin,logistic_regression,dinov3_frozen_embeddings_logistic_regression
width_bin,Boardwalk < 1.2m High,4,114039,wide (>1.5m),wide (>1.5m),True,0.9998853920777214,width_bin,logistic_regression,dinov3_frozen_embeddings_logistic_regression
width_bin,Boardwalk < 1.2m High,4,114289,standard (0.9-1.5m),standard (0.9-1.5m),True,0.9152550787474344,width_bin,logistic_regression,dinov3_frozen_embeddings_logistic_regression
width_bin,Boardwalk < 1.2m High,4,114568,standard (0.9-1.5m),standard (0.9-1.5m),True,0.9849672529295397,width_bin,logistic_regression,dinov3_frozen_embeddings_logistic_regression
width_bin,Boardwalk < 1.2m High,4,114579,wide (>1.5m),standard (0.9-1.5m),False,0.9296965509653476,width_bin,logistic_regression,dinov3_frozen_embeddings_logistic_regression
width_bin,Boardwalk < 1.2m High,4,114954,narrow (<0.9m),standard (0.9-1.5m),False,0.9903236133990815,width_bin,logistic_regression,dinov3_frozen_embeddings_logistic_regression
width_bin,Boardwalk < 1.2m High,4,114958,standard (0.9-1.5m),standard (0.9-1.5m),True,0.9825253156624966,width_bin,logistic_regression,dinov3_frozen_embeddings_logistic_regression
width_bin,Boardwalk < 1.2m High,4,114973,wide (>1.5m),standard (0.9-1.5m),False,0.9617168801928943,width_bin,logistic_regression,dinov3_frozen_embeddings_logistic_regression
width_bin,Boardwalk < 1.2m High,4,114975,standard (0.9-1.5m),standard (0.9-1.5m),True,0.7507557475963875,width_bin,logistic_regression,dinov3_frozen_embeddings_logistic_regression
width_bin,Boardwalk < 1.2m High,4,115447,standard (0.9-1.5m),standard (0.9-1.5m),True,0.9675080243259747,width_bin,logistic_regression,dinov3_frozen_embeddings_logistic_regression
width_bin,Boardwalk < 1.2m High,4,116203,standard (0.9-1.5m),standard (0.9-1.5m),True,0.9992445484775637,width_bin,logistic_regression,dinov3_frozen_embeddings_logistic_regression
width_bin,Boardwalk < 1.2m High,4,116621,wide (>1.5m),standard (0.9-1.5m),False,0.9982312147620382,width_bin,logistic_regression,dinov3_frozen_embeddings_logistic_regression
width_bin,Boardwalk < 1.2m High,4,116765,wide (>1.5m),wide (>1.5m),True,0.9992160987185387,width_bin,logistic_regression,dinov3_frozen_embeddings_logistic_regression
width_bin,Boardwalk < 1.2m High,4,117201,standard (0.9-1.5m),standard (0.9-1.5m),True,0.9830103365800071,width_bin,logistic_regression,dinov3_frozen_embeddings_logistic_regression
width_bin,Boardwalk < 1.2m High,4,117586,narrow (<0.9m),narrow (<0.9m),True,0.5025203112284505,width_bin,logistic_regression,dinov3_frozen_embeddings_logistic_regression
width_bin,Boardwalk < 1.2m High,4,117595,standard (0.9-1.5m),standard (0.9-1.5m),True,0.9767967754654978,width_bin,logistic_regression,dinov3_frozen_embeddings_logistic_regression
width_bin,Boardwalk < 1.2m High,4,118201,narrow (<0.9m),wide (>1.5m),False,0.9155107168913859,width_bin,logistic_regression,dinov3_frozen_embeddings_logistic_regression
width_bin,Boardwalk < 1.2m High,4,120298,standard (0.9-1.5m),narrow (<0.9m),False,0.9799040069834145,width_bin,logistic_regression,dinov3_frozen_embeddings_logistic_regression
width_bin,Boardwalk < 1.2m High,4,120547,standard (0.9-1.5m),standard (0.9-1.5m),True,0.986184465033148,width_bin,logistic_regression,dinov3_frozen_embeddings_logistic_regression
width_bin,Boardwalk < 1.2m High,4,120662,narrow (<0.9m),narrow (<0.9m),True,0.9999924523457411,width_bin,logistic_regression,dinov3_frozen_embeddings_logistic_regression
width_bin,Boardwalk < 1.2m High,4,120679,narrow (<0.9m),narrow (<0.9m),True,0.7465381424555694,width_bin,logistic_regression,dinov3_frozen_embeddings_logistic_regression
width_bin,Boardwalk < 1.2m High,4,92011,narrow (<0.9m),narrow (<0.9m),True,0.9827809191340303,width_bin,logistic_regression,dinov3_frozen_embeddings_logistic_regression
width_bin,Boardwalk < 1.2m High,4,120695,narrow (<0.9m),narrow (<0.9m),True,0.9977586527647054,width_bin,logistic_regression,dinov3_frozen_embeddings_logistic_regression
width_bin,Boardwalk < 1.2m High,4,120732,narrow (<0.9m),narrow (<0.9m),True,0.6471232201386014,width_bin,logistic_regression,dinov3_frozen_embeddings_logistic_regression
width_bin,Boardwalk < 1.2m High,4,120908,standard (0.9-1.5m),standard (0.9-1.5m),True,0.7019107107662566,width_bin,logistic_regression,dinov3_frozen_embeddings_logistic_regression
width_bin,Boardwalk < 1.2m High,4,120909,narrow (<0.9m),standard (0.9-1.5m),False,0.8447144769051239,width_bin,logistic_regression,dinov3_frozen_embeddings_logistic_regression
width_bin,Boardwalk < 1.2m High,4,120920,narrow (<0.9m),standard (0.9-1.5m),False,0.7362398189905681,width_bin,logistic_regression,dinov3_frozen_embeddings_logistic_regression
width_bin,Boardwalk < 1.2m High,4,121005,narrow (<0.9m),standard (0.9-1.5m),False,0.9935809073337271,width_bin,logistic_regression,dinov3_frozen_embeddings_logistic_regression
width_bin,Boardwalk < 1.2m High,4,121010,narrow (<0.9m),narrow (<0.9m),True,0.9967844262477031,width_bin,logistic_regression,dinov3_frozen_embeddings_logistic_regression
width_bin,Boardwalk < 1.2m High,4,121572,wide (>1.5m),standard (0.9-1.5m),False,0.8310863845566132,width_bin,logistic_regression,dinov3_frozen_embeddings_logistic_regression
width_bin,Boardwalk < 1.2m High,4,121587,standard (0.9-1.5m),narrow (<0.9m),False,0.6857868919296674,width_bin,logistic_regression,dinov3_frozen_embeddings_logistic_regression
width_bin,Boardwalk < 1.2m High,4,121594,standard (0.9-1.5m),narrow (<0.9m),False,0.9999906686752295,width_bin,logistic_regression,dinov3_frozen_embeddings_logistic_regression
width_bin,Boardwalk < 1.2m High,4,121596,standard (0.9-1.5m),narrow (<0.9m),False,0.8031567532864204,width_bin,logistic_regression,dinov3_frozen_embeddings_logistic_regression
width_bin,Boardwalk < 1.2m High,4,121612,wide (>1.5m),standard (0.9-1.5m),False,0.8318301374891471,width_bin,logistic_regression,dinov3_frozen_embeddings_logistic_regression
width_bin,Boardwalk < 1.2m High,4,121791,narrow (<0.9m),standard (0.9-1.5m),False,0.9357540128317167,width_bin,logistic_regression,dinov3_frozen_embeddings_logistic_regression
width_bin,Boardwalk < 1.2m High,4,123103,standard (0.9-1.5m),standard (0.9-1.5m),True,0.9973907961300968,width_bin,logistic_regression,dinov3_frozen_embeddings_logistic_regression
width_bin,Boardwalk < 1.2m High,4,123105,standard (0.9-1.5m),wide (>1.5m),False,0.8503836133204192,width_bin,logistic_regression,dinov3_frozen_embeddings_logistic_regression
width_bin,Boardwalk < 1.2m High,4,123471,wide (>1.5m),wide (>1.5m),True,0.9998903694972678,width_bin,logistic_regression,dinov3_frozen_embeddings_logistic_regression
width_bin,Boardwalk < 1.2m High,4,123472,wide (>1.5m),wide (>1.5m),True,0.9997764515018915,width_bin,logistic_regression,dinov3_frozen_embeddings_logistic_regression
width_bin,Boardwalk < 1.2m High,4,123776,standard (0.9-1.5m),standard (0.9-1.5m),True,0.8924010123441992,width_bin,logistic_regression,dinov3_frozen_embeddings_logistic_regression
width_bin,Boardwalk < 1.2m High,4,126159,wide (>1.5m),standard (0.9-1.5m),False,0.664339926119241,width_bin,logistic_regression,dinov3_frozen_embeddings_logistic_regression
width_bin,Boardwalk < 1.2m High,4,126778,standard (0.9-1.5m),standard (0.9-1.5m),True,0.9579031796170173,width_bin,logistic_regression,dinov3_frozen_embeddings_logistic_regression
width_bin,Boardwalk < 1.2m High,4,126789,standard (0.9-1.5m),standard (0.9-1.5m),True,0.7874375119343806,width_bin,logistic_regression,dinov3_frozen_embeddings_logistic_regression
width_bin,Boardwalk < 1.2m High,4,126836,standard (0.9-1.5m),narrow (<0.9m),False,0.8187110438100401,width_bin,logistic_regression,dinov3_frozen_embeddings_logistic_regression
width_bin,Boardwalk < 1.2m High,4,126838,standard (0.9-1.5m),standard (0.9-1.5m),True,0.9998104389863628,width_bin,logistic_regression,dinov3_frozen_embeddings_logistic_regression
width_bin,Boardwalk < 1.2m High,4,126840,standard (0.9-1.5m),standard (0.9-1.5m),True,0.999677242720572,width_bin,logistic_regression,dinov3_frozen_embeddings_logistic_regression
width_bin,Boardwalk < 1.2m High,4,128875,narrow (<0.9m),narrow (<0.9m),True,0.9998736320283662,width_bin,logistic_regression,dinov3_frozen_embeddings_logistic_regression
width_bin,Boardwalk < 1.2m High,4,128951,standard (0.9-1.5m),standard (0.9-1.5m),True,0.9993875128702454,width_bin,logistic_regression,dinov3_frozen_embeddings_logistic_regression
width_bin,Boardwalk < 1.2m High,4,129402,wide (>1.5m),wide (>1.5m),True,0.9999999868699583,width_bin,logistic_regression,dinov3_frozen_embeddings_logistic_regression
width_bin,Boardwalk < 1.2m High,5,46935,wide (>1.5m),wide (>1.5m),True,0.998799228500396,width_bin,logistic_regression,dinov3_frozen_embeddings_logistic_regression
width_bin,Boardwalk < 1.2m High,5,55643,narrow (<0.9m),standard (0.9-1.5m),False,0.7506268673240672,width_bin,logistic_regression,dinov3_frozen_embeddings_logistic_regression
width_bin,Boardwalk < 1.2m High,5,61114,narrow (<0.9m),narrow (<0.9m),True,0.9422749187966426,width_bin,logistic_regression,dinov3_frozen_embeddings_logistic_regression
width_bin,Boardwalk < 1.2m High,5,61732,standard (0.9-1.5m),narrow (<0.9m),False,0.8673715929443915,width_bin,logistic_regression,dinov3_frozen_embeddings_logistic_regression
width_bin,Boardwalk < 1.2m High,5,64207,standard (0.9-1.5m),standard (0.9-1.5m),True,0.9712920296882851,width_bin,logistic_regression,dinov3_frozen_embeddings_logistic_regression
width_bin,Boardwalk < 1.2m High,5,81887,wide (>1.5m),wide (>1.5m),True,0.9967602068891561,width_bin,logistic_regression,dinov3_frozen_embeddings_logistic_regression
width_bin,Boardwalk < 1.2m High,5,83895,narrow (<0.9m),wide (>1.5m),False,0.6128887797732475,width_bin,logistic_regression,dinov3_frozen_embeddings_logistic_regression
width_bin,Boardwalk < 1.2m High,5,83916,standard (0.9-1.5m),standard (0.9-1.5m),True,0.9942375680171949,width_bin,logistic_regression,dinov3_frozen_embeddings_logistic_regression
width_bin,Boardwalk < 1.2m High,5,83914,standard (0.9-1.5m),standard (0.9-1.5m),True,0.9838232297785288,width_bin,logistic_regression,dinov3_frozen_embeddings_logistic_regression
width_bin,Boardwalk < 1.2m High,5,85506,wide (>1.5m),wide (>1.5m),True,0.713613840955262,width_bin,logistic_regression,dinov3_frozen_embeddings_logistic_regression
width_bin,Boardwalk < 1.2m High,5,85525,standard (0.9-1.5m),narrow (<0.9m),False,0.8456996326918191,width_bin,logistic_regression,dinov3_frozen_embeddings_logistic_regression
width_bin,Boardwalk < 1.2m High,5,85545,wide (>1.5m),wide (>1.5m),True,0.973728409274895,width_bin,logistic_regression,dinov3_frozen_embeddings_logistic_regression
width_bin,Boardwalk < 1.2m High,5,85558,wide (>1.5m),wide (>1.5m),True,0.9982486149267836,width_bin,logistic_regression,dinov3_frozen_embeddings_logistic_regression
width_bin,Boardwalk < 1.2m High,5,87537,narrow (<0.9m),narrow (<0.9m),True,0.9993134930557298,width_bin,logistic_regression,dinov3_frozen_embeddings_logistic_regression
width_bin,Boardwalk < 1.2m High,5,87575,standard (0.9-1.5m),wide (>1.5m),False,0.9909451748593191,width_bin,logistic_regression,dinov3_frozen_embeddings_logistic_regression
width_bin,Boardwalk < 1.2m High,5,88273,wide (>1.5m),standard (0.9-1.5m),False,0.9999655164604823,width_bin,logistic_regression,dinov3_frozen_embeddings_logistic_regression
width_bin,Boardwalk < 1.2m High,5,88674,narrow (<0.9m),standard (0.9-1.5m),False,0.5338394355308533,width_bin,logistic_regression,dinov3_frozen_embeddings_logistic_regression
width_bin,Boardwalk < 1.2m High,5,89446,standard (0.9-1.5m),wide (>1.5m),False,0.8991140411824258,width_bin,logistic_regression,dinov3_frozen_embeddings_logistic_regression
width_bin,Boardwalk < 1.2m High,5,89591,standard (0.9-1.5m),standard (0.9-1.5m),True,0.994852811188249,width_bin,logistic_regression,dinov3_frozen_embeddings_logistic_regression
width_bin,Boardwalk < 1.2m High,5,89593,standard (0.9-1.5m),standard (0.9-1.5m),True,0.8401066314269032,width_bin,logistic_regression,dinov3_frozen_embeddings_logistic_regression
width_bin,Boardwalk < 1.2m High,5,89601,standard (0.9-1.5m),standard (0.9-1.5m),True,0.9997397640283848,width_bin,logistic_regression,dinov3_frozen_embeddings_logistic_regression
width_bin,Boardwalk < 1.2m High,5,89712,standard (0.9-1.5m),standard (0.9-1.5m),True,0.9605288389753539,width_bin,logistic_regression,dinov3_frozen_embeddings_logistic_regression
width_bin,Boardwalk < 1.2m High,5,89714,standard (0.9-1.5m),standard (0.9-1.5m),True,0.9961348691666915,width_bin,logistic_regression,dinov3_frozen_embeddings_logistic_regression
width_bin,Boardwalk < 1.2m High,5,90330,standard (0.9-1.5m),standard (0.9-1.5m),True,0.998758703465621,width_bin,logistic_regression,dinov3_frozen_embeddings_logistic_regression
width_bin,Boardwalk < 1.2m High,5,90332,standard (0.9-1.5m),standard (0.9-1.5m),True,0.9999329647216031,width_bin,logistic_regression,dinov3_frozen_embeddings_logistic_regression
width_bin,Boardwalk < 1.2m High,5,90347,standard (0.9-1.5m),standard (0.9-1.5m),True,0.9982394555502779,width_bin,logistic_regression,dinov3_frozen_embeddings_logistic_regression
width_bin,Boardwalk < 1.2m High,5,90352,standard (0.9-1.5m),standard (0.9-1.5m),True,0.9995666433915237,width_bin,logistic_regression,dinov3_frozen_embeddings_logistic_regression
width_bin,Boardwalk < 1.2m High,5,90357,standard (0.9-1.5m),standard (0.9-1.5m),True,0.9999928745173431,width_bin,logistic_regression,dinov3_frozen_embeddings_logistic_regression
width_bin,Boardwalk < 1.2m High,5,90359,standard (0.9-1.5m),standard (0.9-1.5m),True,0.89970510203378,width_bin,logistic_regression,dinov3_frozen_embeddings_logistic_regression
width_bin,Boardwalk < 1.2m High,5,90366,standard (0.9-1.5m),standard (0.9-1.5m),True,0.999750620058896,width_bin,logistic_regression,dinov3_frozen_embeddings_logistic_regression
width_bin,Boardwalk < 1.2m High,5,90372,standard (0.9-1.5m),standard (0.9-1.5m),True,0.9585463699117885,width_bin,logistic_regression,dinov3_frozen_embeddings_logistic_regression
width_bin,Boardwalk < 1.2m High,5,90376,standard (0.9-1.5m),standard (0.9-1.5m),True,0.916899968180893,width_bin,logistic_regression,dinov3_frozen_embeddings_logistic_regression
width_bin,Boardwalk < 1.2m High,5,90386,standard (0.9-1.5m),standard (0.9-1.5m),True,0.9996588205502821,width_bin,logistic_regression,dinov3_frozen_embeddings_logistic_regression
width_bin,Boardwalk < 1.2m High,5,90389,standard (0.9-1.5m),wide (>1.5m),False,0.8472351262536881,width_bin,logistic_regression,dinov3_frozen_embeddings_logistic_regression
width_bin,Boardwalk < 1.2m High,5,90390,standard (0.9-1.5m),standard (0.9-1.5m),True,0.999965829919827,width_bin,logistic_regression,dinov3_frozen_embeddings_logistic_regression
width_bin,Boardwalk < 1.2m High,5,90488,standard (0.9-1.5m),standard (0.9-1.5m),True,0.9999239958341669,width_bin,logistic_regression,dinov3_frozen_embeddings_logistic_regression
width_bin,Boardwalk < 1.2m High,5,90493,standard (0.9-1.5m),standard (0.9-1.5m),True,0.7566985910896172,width_bin,logistic_regression,dinov3_frozen_embeddings_logistic_regression
width_bin,Boardwalk < 1.2m High,5,90494,standard (0.9-1.5m),standard (0.9-1.5m),True,0.9997697503137101,width_bin,logistic_regression,dinov3_frozen_embeddings_logistic_regression
width_bin,Boardwalk < 1.2m High,5,90510,standard (0.9-1.5m),standard (0.9-1.5m),True,0.9999595970704448,width_bin,logistic_regression,dinov3_frozen_embeddings_logistic_regression
width_bin,Boardwalk < 1.2m High,5,92004,narrow (<0.9m),standard (0.9-1.5m),False,0.6582724012903772,width_bin,logistic_regression,dinov3_frozen_embeddings_logistic_regression
width_bin,Boardwalk < 1.2m High,5,92018,narrow (<0.9m),standard (0.9-1.5m),False,0.9393264690189042,width_bin,logistic_regression,dinov3_frozen_embeddings_logistic_regression
width_bin,Boardwalk < 1.2m High,5,92030,narrow (<0.9m),standard (0.9-1.5m),False,0.7845728674950417,width_bin,logistic_regression,dinov3_frozen_embeddings_logistic_regression
width_bin,Boardwalk < 1.2m High,5,92038,narrow (<0.9m),wide (>1.5m),False,0.9565689928745789,width_bin,logistic_regression,dinov3_frozen_embeddings_logistic_regression
width_bin,Boardwalk < 1.2m High,5,92069,standard (0.9-1.5m),narrow (<0.9m),False,0.9749816914650344,width_bin,logistic_regression,dinov3_frozen_embeddings_logistic_regression
width_bin,Boardwalk < 1.2m High,5,92072,standard (0.9-1.5m),standard (0.9-1.5m),True,0.881225252739708,width_bin,logistic_regression,dinov3_frozen_embeddings_logistic_regression
width_bin,Boardwalk < 1.2m High,5,92073,standard (0.9-1.5m),narrow (<0.9m),False,0.7720773373892986,width_bin,logistic_regression,dinov3_frozen_embeddings_logistic_regression
width_bin,Boardwalk < 1.2m High,5,92091,standard (0.9-1.5m),standard (0.9-1.5m),True,0.662316993611949,width_bin,logistic_regression,dinov3_frozen_embeddings_logistic_regression
width_bin,Boardwalk < 1.2m High,5,94276,narrow (<0.9m),narrow (<0.9m),True,0.9999984908061103,width_bin,logistic_regression,dinov3_frozen_embeddings_logistic_regression
width_bin,Boardwalk < 1.2m High,5,94280,narrow (<0.9m),narrow (<0.9m),True,0.9999934703917495,width_bin,logistic_regression,dinov3_frozen_embeddings_logistic_regression
width_bin,Boardwalk < 1.2m High,5,94287,narrow (<0.9m),narrow (<0.9m),True,0.9999426378740621,width_bin,logistic_regression,dinov3_frozen_embeddings_logistic_regression
width_bin,Boardwalk < 1.2m High,5,94292,narrow (<0.9m),narrow (<0.9m),True,0.9999977543828662,width_bin,logistic_regression,dinov3_frozen_embeddings_logistic_regression
width_bin,Boardwalk < 1.2m High,5,94299,narrow (<0.9m),narrow (<0.9m),True,0.9998706583828962,width_bin,logistic_regression,dinov3_frozen_embeddings_logistic_regression
width_bin,Boardwalk < 1.2m High,5,94326,narrow (<0.9m),narrow (<0.9m),True,0.9999379900035028,width_bin,logistic_regression,dinov3_frozen_embeddings_logistic_regression
width_bin,Boardwalk < 1.2m High,5,94355,narrow (<0.9m),standard (0.9-1.5m),False,0.9232160520745497,width_bin,logistic_regression,dinov3_frozen_embeddings_logistic_regression
width_bin,Boardwalk < 1.2m High,5,94365,narrow (<0.9m),standard (0.9-1.5m),False,0.8975451326243209,width_bin,logistic_regression,dinov3_frozen_embeddings_logistic_regression
width_bin,Boardwalk < 1.2m High,5,94366,narrow (<0.9m),narrow (<0.9m),True,0.9996548417584092,width_bin,logistic_regression,dinov3_frozen_embeddings_logistic_regression
width_bin,Boardwalk < 1.2m High,5,94367,narrow (<0.9m),wide (>1.5m),False,0.4020319310501746,width_bin,logistic_regression,dinov3_frozen_embeddings_logistic_regression
width_bin,Boardwalk < 1.2m High,5,94368,narrow (<0.9m),narrow (<0.9m),True,0.9869332453099816,width_bin,logistic_regression,dinov3_frozen_embeddings_logistic_regression
width_bin,Boardwalk < 1.2m High,5,94389,narrow (<0.9m),narrow (<0.9m),True,0.9003300753593073,width_bin,logistic_regression,dinov3_frozen_embeddings_logistic_regression
width_bin,Boardwalk < 1.2m High,5,94390,narrow (<0.9m),narrow (<0.9m),True,0.9983639664984121,width_bin,logistic_regression,dinov3_frozen_embeddings_logistic_regression
width_bin,Boardwalk < 1.2m High,5,94391,narrow (<0.9m),narrow (<0.9m),True,0.9954343925698272,width_bin,logistic_regression,dinov3_frozen_embeddings_logistic_regression
width_bin,Boardwalk < 1.2m High,5,94407,narrow (<0.9m),standard (0.9-1.5m),False,0.7736234202976987,width_bin,logistic_regression,dinov3_frozen_embeddings_logistic_regression
width_bin,Boardwalk < 1.2m High,5,94413,narrow (<0.9m),standard (0.9-1.5m),False,0.8654976139994515,width_bin,logistic_regression,dinov3_frozen_embeddings_logistic_regression
width_bin,Boardwalk < 1.2m High,5,94416,narrow (<0.9m),standard (0.9-1.5m),False,0.499103933906502,width_bin,logistic_regression,dinov3_frozen_embeddings_logistic_regression
width_bin,Boardwalk < 1.2m High,5,94422,narrow (<0.9m),narrow (<0.9m),True,0.9997015474976875,width_bin,logistic_regression,dinov3_frozen_embeddings_logistic_regression
width_bin,Boardwalk < 1.2m High,5,97287,standard (0.9-1.5m),standard (0.9-1.5m),True,0.9994562906882412,width_bin,logistic_regression,dinov3_frozen_embeddings_logistic_regression
width_bin,Boardwalk < 1.2m High,5,100549,standard (0.9-1.5m),wide (>1.5m),False,0.6582485384239413,width_bin,logistic_regression,dinov3_frozen_embeddings_logistic_regression
width_bin,Boardwalk < 1.2m High,5,100555,standard (0.9-1.5m),standard (0.9-1.5m),True,0.9623916194790706,width_bin,logistic_regression,dinov3_frozen_embeddings_logistic_regression
width_bin,Boardwalk < 1.2m High,5,102430,standard (0.9-1.5m),wide (>1.5m),False,0.9984025554591077,width_bin,logistic_regression,dinov3_frozen_embeddings_logistic_regression
width_bin,Boardwalk < 1.2m High,5,102545,standard (0.9-1.5m),standard (0.9-1.5m),True,0.6562745447667956,width_bin,logistic_regression,dinov3_frozen_embeddings_logistic_regression
width_bin,Boardwalk < 1.2m High,5,103750,standard (0.9-1.5m),standard (0.9-1.5m),True,0.9995607467020518,width_bin,logistic_regression,dinov3_frozen_embeddings_logistic_regression
width_bin,Boardwalk < 1.2m High,5,105246,standard (0.9-1.5m),standard (0.9-1.5m),True,0.9239281772696905,width_bin,logistic_regression,dinov3_frozen_embeddings_logistic_regression
width_bin,Boardwalk < 1.2m High,5,105250,narrow (<0.9m),standard (0.9-1.5m),False,0.9922540365600409,width_bin,logistic_regression,dinov3_frozen_embeddings_logistic_regression
width_bin,Boardwalk < 1.2m High,5,107048,standard (0.9-1.5m),standard (0.9-1.5m),True,0.9769113065908173,width_bin,logistic_regression,dinov3_frozen_embeddings_logistic_regression
width_bin,Boardwalk < 1.2m High,5,107322,standard (0.9-1.5m),standard (0.9-1.5m),True,0.6203010183700013,width_bin,logistic_regression,dinov3_frozen_embeddings_logistic_regression
width_bin,Boardwalk < 1.2m High,5,107327,standard (0.9-1.5m),standard (0.9-1.5m),True,0.9999038256438524,width_bin,logistic_regression,dinov3_frozen_embeddings_logistic_regression
width_bin,Boardwalk < 1.2m High,5,107332,standard (0.9-1.5m),standard (0.9-1.5m),True,0.999647943669705,width_bin,logistic_regression,dinov3_frozen_embeddings_logistic_regression
width_bin,Boardwalk < 1.2m High,5,107361,standard (0.9-1.5m),narrow (<0.9m),False,0.6770043212983847,width_bin,logistic_regression,dinov3_frozen_embeddings_logistic_regression
width_bin,Boardwalk < 1.2m High,5,107363,standard (0.9-1.5m),narrow (<0.9m),False,0.9498213855957823,width_bin,logistic_regression,dinov3_frozen_embeddings_logistic_regression
width_bin,Boardwalk < 1.2m High,5,107370,standard (0.9-1.5m),narrow (<0.9m),False,0.9963154563057388,width_bin,logistic_regression,dinov3_frozen_embeddings_logistic_regression
width_bin,Boardwalk < 1.2m High,5,107579,narrow (<0.9m),narrow (<0.9m),True,0.9930034231029492,width_bin,logistic_regression,dinov3_frozen_embeddings_logistic_regression
width_bin,Boardwalk < 1.2m High,5,107590,standard (0.9-1.5m),wide (>1.5m),False,0.9586425800457153,width_bin,logistic_regression,dinov3_frozen_embeddings_logistic_regression
width_bin,Boardwalk < 1.2m High,5,107867,standard (0.9-1.5m),standard (0.9-1.5m),True,0.9982079263391784,width_bin,logistic_regression,dinov3_frozen_embeddings_logistic_regression
width_bin,Boardwalk < 1.2m High,5,107872,standard (0.9-1.5m),narrow (<0.9m),False,0.6737756287083876,width_bin,logistic_regression,dinov3_frozen_embeddings_logistic_regression
width_bin,Boardwalk < 1.2m High,5,107875,standard (0.9-1.5m),standard (0.9-1.5m),True,0.9940417636559049,width_bin,logistic_regression,dinov3_frozen_embeddings_logistic_regression
width_bin,Boardwalk < 1.2m High,5,107901,standard (0.9-1.5m),standard (0.9-1.5m),True,0.9999956473071984,width_bin,logistic_regression,dinov3_frozen_embeddings_logistic_regression
width_bin,Boardwalk < 1.2m High,5,107951,standard (0.9-1.5m),narrow (<0.9m),False,0.9478742967129383,width_bin,logistic_regression,dinov3_frozen_embeddings_logistic_regression
width_bin,Boardwalk < 1.2m High,5,107966,standard (0.9-1.5m),standard (0.9-1.5m),True,0.9990303206114471,width_bin,logistic_regression,dinov3_frozen_embeddings_logistic_regression
width_bin,Boardwalk < 1.2m High,5,107991,standard (0.9-1.5m),narrow (<0.9m),False,0.9714089306953134,width_bin,logistic_regression,dinov3_frozen_embeddings_logistic_regression
width_bin,Boardwalk < 1.2m High,5,108002,standard (0.9-1.5m),narrow (<0.9m),False,0.8388597730809512,width_bin,logistic_regression,dinov3_frozen_embeddings_logistic_regression
width_bin,Boardwalk < 1.2m High,5,108031,standard (0.9-1.5m),standard (0.9-1.5m),True,0.8536643081208513,width_bin,logistic_regression,dinov3_frozen_embeddings_logistic_regression
width_bin,Boardwalk < 1.2m High,5,108297,standard (0.9-1.5m),standard (0.9-1.5m),True,0.9688656489695557,width_bin,logistic_regression,dinov3_frozen_embeddings_logistic_regression
width_bin,Boardwalk < 1.2m High,5,108303,standard (0.9-1.5m),narrow (<0.9m),False,0.5632907510812906,width_bin,logistic_regression,dinov3_frozen_embeddings_logistic_regression
width_bin,Boardwalk < 1.2m High,5,108341,standard (0.9-1.5m),narrow (<0.9m),False,0.9739827029347516,width_bin,logistic_regression,dinov3_frozen_embeddings_logistic_regression
width_bin,Boardwalk < 1.2m High,5,108355,standard (0.9-1.5m),standard (0.9-1.5m),True,0.9980394759074062,width_bin,logistic_regression,dinov3_frozen_embeddings_logistic_regression
width_bin,Boardwalk < 1.2m High,5,108365,standard (0.9-1.5m),standard (0.9-1.5m),True,0.9279764121181545,width_bin,logistic_regression,dinov3_frozen_embeddings_logistic_regression
width_bin,Boardwalk < 1.2m High,5,108654,standard (0.9-1.5m),standard (0.9-1.5m),True,0.6895729440176266,width_bin,logistic_regression,dinov3_frozen_embeddings_logistic_regression
width_bin,Boardwalk < 1.2m High,5,108655,wide (>1.5m),standard (0.9-1.5m),False,0.9868906215422972,width_bin,logistic_regression,dinov3_frozen_embeddings_logistic_regression
width_bin,Boardwalk < 1.2m High,5,108656,narrow (<0.9m),wide (>1.5m),False,0.8750033974953427,width_bin,logistic_regression,dinov3_frozen_embeddings_logistic_regression
width_bin,Boardwalk < 1.2m High,5,108727,standard (0.9-1.5m),narrow (<0.9m),False,0.7712156726765805,width_bin,logistic_regression,dinov3_frozen_embeddings_logistic_regression
width_bin,Boardwalk < 1.2m High,5,108792,standard (0.9-1.5m),standard (0.9-1.5m),True,0.9954293127660916,width_bin,logistic_regression,dinov3_frozen_embeddings_logistic_regression
width_bin,Boardwalk < 1.2m High,5,109329,standard (0.9-1.5m),narrow (<0.9m),False,0.9868839927127688,width_bin,logistic_regression,dinov3_frozen_embeddings_logistic_regression
width_bin,Boardwalk < 1.2m High,5,109419,wide (>1.5m),narrow (<0.9m),False,0.7731537912326251,width_bin,logistic_regression,dinov3_frozen_embeddings_logistic_regression
width_bin,Boardwalk < 1.2m High,5,109613,standard (0.9-1.5m),narrow (<0.9m),False,0.6561645371742896,width_bin,logistic_regression,dinov3_frozen_embeddings_logistic_regression
width_bin,Boardwalk < 1.2m High,5,109703,standard (0.9-1.5m),narrow (<0.9m),False,0.9949027811986659,width_bin,logistic_regression,dinov3_frozen_embeddings_logistic_regression
width_bin,Boardwalk < 1.2m High,5,109705,narrow (<0.9m),standard (0.9-1.5m),False,0.6007508086277117,width_bin,logistic_regression,dinov3_frozen_embeddings_logistic_regression
width_bin,Boardwalk < 1.2m High,5,109717,narrow (<0.9m),narrow (<0.9m),True,0.9930172873387594,width_bin,logistic_regression,dinov3_frozen_embeddings_logistic_regression
width_bin,Boardwalk < 1.2m High,5,110228,standard (0.9-1.5m),wide (>1.5m),False,0.9609269722546069,width_bin,logistic_regression,dinov3_frozen_embeddings_logistic_regression
width_bin,Boardwalk < 1.2m High,5,110241,standard (0.9-1.5m),wide (>1.5m),False,0.87945149890699,width_bin,logistic_regression,dinov3_frozen_embeddings_logistic_regression
width_bin,Boardwalk < 1.2m High,5,110282,standard (0.9-1.5m),standard (0.9-1.5m),True,0.985449217178172,width_bin,logistic_regression,dinov3_frozen_embeddings_logistic_regression
width_bin,Boardwalk < 1.2m High,5,110577,standard (0.9-1.5m),standard (0.9-1.5m),True,0.8830961276370539,width_bin,logistic_regression,dinov3_frozen_embeddings_logistic_regression
width_bin,Boardwalk < 1.2m High,5,110602,narrow (<0.9m),narrow (<0.9m),True,0.9866675013338649,width_bin,logistic_regression,dinov3_frozen_embeddings_logistic_regression
width_bin,Boardwalk < 1.2m High,5,110873,standard (0.9-1.5m),standard (0.9-1.5m),True,0.956619351972212,width_bin,logistic_regression,dinov3_frozen_embeddings_logistic_regression
width_bin,Boardwalk < 1.2m High,5,110960,standard (0.9-1.5m),standard (0.9-1.5m),True,0.5696492893153989,width_bin,logistic_regression,dinov3_frozen_embeddings_logistic_regression
width_bin,Boardwalk < 1.2m High,5,110961,standard (0.9-1.5m),narrow (<0.9m),False,0.9819969854655048,width_bin,logistic_regression,dinov3_frozen_embeddings_logistic_regression
width_bin,Boardwalk < 1.2m High,5,110977,standard (0.9-1.5m),narrow (<0.9m),False,0.7621873920413998,width_bin,logistic_regression,dinov3_frozen_embeddings_logistic_regression
width_bin,Boardwalk < 1.2m High,5,111767,standard (0.9-1.5m),standard (0.9-1.5m),True,0.8840826066057328,width_bin,logistic_regression,dinov3_frozen_embeddings_logistic_regression
width_bin,Boardwalk < 1.2m High,5,111777,standard (0.9-1.5m),narrow (<0.9m),False,0.9307844072390445,width_bin,logistic_regression,dinov3_frozen_embeddings_logistic_regression
width_bin,Boardwalk < 1.2m High,5,111783,standard (0.9-1.5m),narrow (<0.9m),False,0.7470670912683439,width_bin,logistic_regression,dinov3_frozen_embeddings_logistic_regression
width_bin,Boardwalk < 1.2m High,5,111786,narrow (<0.9m),narrow (<0.9m),True,0.999643258613462,width_bin,logistic_regression,dinov3_frozen_embeddings_logistic_regression
width_bin,Boardwalk < 1.2m High,5,111791,narrow (<0.9m),narrow (<0.9m),True,0.7985565176027453,width_bin,logistic_regression,dinov3_frozen_embeddings_logistic_regression
width_bin,Boardwalk < 1.2m High,5,111794,narrow (<0.9m),narrow (<0.9m),True,0.9900025297269761,width_bin,logistic_regression,dinov3_frozen_embeddings_logistic_regression
width_bin,Boardwalk < 1.2m High,5,111796,narrow (<0.9m),standard (0.9-1.5m),False,0.9623913379283613,width_bin,logistic_regression,dinov3_frozen_embeddings_logistic_regression
width_bin,Boardwalk < 1.2m High,5,111802,narrow (<0.9m),narrow (<0.9m),True,0.9398727765302557,width_bin,logistic_regression,dinov3_frozen_embeddings_logistic_regression
width_bin,Boardwalk < 1.2m High,5,111824,narrow (<0.9m),standard (0.9-1.5m),False,0.9891789976063201,width_bin,logistic_regression,dinov3_frozen_embeddings_logistic_regression
width_bin,Boardwalk < 1.2m High,5,111831,standard (0.9-1.5m),standard (0.9-1.5m),True,0.7830549236140093,width_bin,logistic_regression,dinov3_frozen_embeddings_logistic_regression
width_bin,Boardwalk < 1.2m High,5,114050,standard (0.9-1.5m),standard (0.9-1.5m),True,0.9999756074597983,width_bin,logistic_regression,dinov3_frozen_embeddings_logistic_regression
width_bin,Boardwalk < 1.2m High,5,114560,wide (>1.5m),standard (0.9-1.5m),False,0.999934940655056,width_bin,logistic_regression,dinov3_frozen_embeddings_logistic_regression
width_bin,Boardwalk < 1.2m High,5,114916,standard (0.9-1.5m),standard (0.9-1.5m),True,0.7478206082469246,width_bin,logistic_regression,dinov3_frozen_embeddings_logistic_regression
width_bin,Boardwalk < 1.2m High,5,114934,standard (0.9-1.5m),narrow (<0.9m),False,0.6817494637580985,width_bin,logistic_regression,dinov3_frozen_embeddings_logistic_regression
width_bin,Boardwalk < 1.2m High,5,114949,narrow (<0.9m),standard (0.9-1.5m),False,0.9465608311132264,width_bin,logistic_regression,dinov3_frozen_embeddings_logistic_regression
width_bin,Boardwalk < 1.2m High,5,114953,narrow (<0.9m),standard (0.9-1.5m),False,0.9135197804515732,width_bin,logistic_regression,dinov3_frozen_embeddings_logistic_regression
width_bin,Boardwalk < 1.2m High,5,115441,standard (0.9-1.5m),standard (0.9-1.5m),True,0.9991674666700018,width_bin,logistic_regression,dinov3_frozen_embeddings_logistic_regression
width_bin,Boardwalk < 1.2m High,5,115444,standard (0.9-1.5m),standard (0.9-1.5m),True,0.8824879251093409,width_bin,logistic_regression,dinov3_frozen_embeddings_logistic_regression
width_bin,Boardwalk < 1.2m High,5,116744,wide (>1.5m),wide (>1.5m),True,0.9999105666834106,width_bin,logistic_regression,dinov3_frozen_embeddings_logistic_regression
width_bin,Boardwalk < 1.2m High,5,116769,wide (>1.5m),wide (>1.5m),True,0.991025004172511,width_bin,logistic_regression,dinov3_frozen_embeddings_logistic_regression
width_bin,Boardwalk < 1.2m High,5,117015,narrow (<0.9m),narrow (<0.9m),True,0.9999831767769329,width_bin,logistic_regression,dinov3_frozen_embeddings_logistic_regression
width_bin,Boardwalk < 1.2m High,5,117156,standard (0.9-1.5m),standard (0.9-1.5m),True,0.9965087962459495,width_bin,logistic_regression,dinov3_frozen_embeddings_logistic_regression
width_bin,Boardwalk < 1.2m High,5,117203,standard (0.9-1.5m),standard (0.9-1.5m),True,0.7577053683001048,width_bin,logistic_regression,dinov3_frozen_embeddings_logistic_regression
width_bin,Boardwalk < 1.2m High,5,117574,narrow (<0.9m),narrow (<0.9m),True,0.9524766424096273,width_bin,logistic_regression,dinov3_frozen_embeddings_logistic_regression
width_bin,Boardwalk < 1.2m High,5,117579,narrow (<0.9m),narrow (<0.9m),True,0.589516750170043,width_bin,logistic_regression,dinov3_frozen_embeddings_logistic_regression
width_bin,Boardwalk < 1.2m High,5,117589,narrow (<0.9m),narrow (<0.9m),True,0.9985684362628102,width_bin,logistic_regression,dinov3_frozen_embeddings_logistic_regression
width_bin,Boardwalk < 1.2m High,5,118086,standard (0.9-1.5m),standard (0.9-1.5m),True,0.9787816240354855,width_bin,logistic_regression,dinov3_frozen_embeddings_logistic_regression
width_bin,Boardwalk < 1.2m High,5,118202,narrow (<0.9m),standard (0.9-1.5m),False,0.9460258525179109,width_bin,logistic_regression,dinov3_frozen_embeddings_logistic_regression
width_bin,Boardwalk < 1.2m High,5,118516,standard (0.9-1.5m),narrow (<0.9m),False,0.9608160448917265,width_bin,logistic_regression,dinov3_frozen_embeddings_logistic_regression
width_bin,Boardwalk < 1.2m High,5,120661,narrow (<0.9m),narrow (<0.9m),True,0.9981422382043091,width_bin,logistic_regression,dinov3_frozen_embeddings_logistic_regression
width_bin,Boardwalk < 1.2m High,5,120664,narrow (<0.9m),standard (0.9-1.5m),False,0.8751826999863924,width_bin,logistic_regression,dinov3_frozen_embeddings_logistic_regression
width_bin,Boardwalk < 1.2m High,5,120676,narrow (<0.9m),narrow (<0.9m),True,0.9999801671079752,width_bin,logistic_regression,dinov3_frozen_embeddings_logistic_regression
width_bin,Boardwalk < 1.2m High,5,92014,narrow (<0.9m),standard (0.9-1.5m),False,0.8303659536007117,width_bin,logistic_regression,dinov3_frozen_embeddings_logistic_regression
width_bin,Boardwalk < 1.2m High,5,120689,narrow (<0.9m),narrow (<0.9m),True,0.999988899569673,width_bin,logistic_regression,dinov3_frozen_embeddings_logistic_regression
width_bin,Boardwalk < 1.2m High,5,120692,narrow (<0.9m),narrow (<0.9m),True,0.9870572581283353,width_bin,logistic_regression,dinov3_frozen_embeddings_logistic_regression
width_bin,Boardwalk < 1.2m High,5,120694,narrow (<0.9m),narrow (<0.9m),True,0.9944907671635814,width_bin,logistic_regression,dinov3_frozen_embeddings_logistic_regression
width_bin,Boardwalk < 1.2m High,5,121002,narrow (<0.9m),narrow (<0.9m),True,0.999852548437795,width_bin,logistic_regression,dinov3_frozen_embeddings_logistic_regression
width_bin,Boardwalk < 1.2m High,5,121007,narrow (<0.9m),narrow (<0.9m),True,0.9965029448154054,width_bin,logistic_regression,dinov3_frozen_embeddings_logistic_regression
width_bin,Boardwalk < 1.2m High,5,121480,standard (0.9-1.5m),standard (0.9-1.5m),True,0.9900736532565844,width_bin,logistic_regression,dinov3_frozen_embeddings_logistic_regression
width_bin,Boardwalk < 1.2m High,5,121597,narrow (<0.9m),standard (0.9-1.5m),False,0.6887934090390789,width_bin,logistic_regression,dinov3_frozen_embeddings_logistic_regression
width_bin,Boardwalk < 1.2m High,5,121728,narrow (<0.9m),narrow (<0.9m),True,0.999519828906753,width_bin,logistic_regression,dinov3_frozen_embeddings_logistic_regression
width_bin,Boardwalk < 1.2m High,5,121739,narrow (<0.9m),narrow (<0.9m),True,0.9996545054420156,width_bin,logistic_regression,dinov3_frozen_embeddings_logistic_regression
width_bin,Boardwalk < 1.2m High,5,122317,wide (>1.5m),standard (0.9-1.5m),False,0.9296856935515307,width_bin,logistic_regression,dinov3_frozen_embeddings_logistic_regression
width_bin,Boardwalk < 1.2m High,5,123142,standard (0.9-1.5m),standard (0.9-1.5m),True,0.9999457893026007,width_bin,logistic_regression,dinov3_frozen_embeddings_logistic_regression
width_bin,Boardwalk < 1.2m High,5,123256,standard (0.9-1.5m),standard (0.9-1.5m),True,0.793548551448849,width_bin,logistic_regression,dinov3_frozen_embeddings_logistic_regression
width_bin,Boardwalk < 1.2m High,5,123258,wide (>1.5m),standard (0.9-1.5m),False,0.9994300553592728,width_bin,logistic_regression,dinov3_frozen_embeddings_logistic_regression
width_bin,Boardwalk < 1.2m High,5,124885,wide (>1.5m),wide (>1.5m),True,0.910351211511582,width_bin,logistic_regression,dinov3_frozen_embeddings_logistic_regression
width_bin,Boardwalk < 1.2m High,5,124886,wide (>1.5m),wide (>1.5m),True,0.9779888117890545,width_bin,logistic_regression,dinov3_frozen_embeddings_logistic_regression
width_bin,Boardwalk < 1.2m High,5,126335,standard (0.9-1.5m),standard (0.9-1.5m),True,0.9881210247597336,width_bin,logistic_regression,dinov3_frozen_embeddings_logistic_regression
width_bin,Boardwalk < 1.2m High,5,126697,standard (0.9-1.5m),standard (0.9-1.5m),True,0.9999627878066965,width_bin,logistic_regression,dinov3_frozen_embeddings_logistic_regression
width_bin,Boardwalk < 1.2m High,5,126805,standard (0.9-1.5m),standard (0.9-1.5m),True,0.9080067291157062,width_bin,logistic_regression,dinov3_frozen_embeddings_logistic_regression
width_bin,Boardwalk < 1.2m High,5,127131,wide (>1.5m),standard (0.9-1.5m),False,0.9778065141309414,width_bin,logistic_regression,dinov3_frozen_embeddings_logistic_regression
width_bin,Boardwalk < 1.2m High,5,127151,standard (0.9-1.5m),standard (0.9-1.5m),True,0.9676171267122102,width_bin,logistic_regression,dinov3_frozen_embeddings_logistic_regression
width_bin,Boardwalk < 1.2m High,5,127156,standard (0.9-1.5m),wide (>1.5m),False,0.9777349535311342,width_bin,logistic_regression,dinov3_frozen_embeddings_logistic_regression
width_bin,Boardwalk < 1.2m High,5,127229,standard (0.9-1.5m),narrow (<0.9m),False,0.5670026069518921,width_bin,logistic_regression,dinov3_frozen_embeddings_logistic_regression
width_bin,Boardwalk < 1.2m High,5,127242,standard (0.9-1.5m),narrow (<0.9m),False,0.40096268169972027,width_bin,logistic_regression,dinov3_frozen_embeddings_logistic_regression
width_bin,Boardwalk < 1.2m High,5,127945,standard (0.9-1.5m),narrow (<0.9m),False,0.9996650198930227,width_bin,logistic_regression,dinov3_frozen_embeddings_logistic_regression
width_bin,Boardwalk < 1.2m High,5,129399,wide (>1.5m),wide (>1.5m),True,0.9998876003261793,width_bin,logistic_regression,dinov3_frozen_embeddings_logistic_regression
width_bin,Boardwalk < 1.2m High,5,129400,wide (>1.5m),wide (>1.5m),True,0.9999809092572741,width_bin,logistic_regression,dinov3_frozen_embeddings_logistic_regression
width_bin,Boardwalk > 1.2m High,1,92846,standard (0.9-1.5m),standard (0.9-1.5m),True,0.9529307429227604,width_bin,logistic_regression,dinov3_frozen_embeddings_logistic_regression
width_bin,Boardwalk > 1.2m High,1,103626,standard (0.9-1.5m),standard (0.9-1.5m),True,0.9994791171465284,width_bin,logistic_regression,dinov3_frozen_embeddings_logistic_regression
width_bin,Boardwalk > 1.2m High,1,107014,wide (>1.5m),standard (0.9-1.5m),False,0.8833942824832339,width_bin,logistic_regression,dinov3_frozen_embeddings_logistic_regression
width_bin,Boardwalk > 1.2m High,1,109189,standard (0.9-1.5m),standard (0.9-1.5m),True,0.9567171342810648,width_bin,logistic_regression,dinov3_frozen_embeddings_logistic_regression
width_bin,Boardwalk > 1.2m High,1,114049,standard (0.9-1.5m),standard (0.9-1.5m),True,0.9992069906553219,width_bin,logistic_regression,dinov3_frozen_embeddings_logistic_regression
width_bin,Boardwalk > 1.2m High,1,114057,standard (0.9-1.5m),standard (0.9-1.5m),True,0.9999079767018022,width_bin,logistic_regression,dinov3_frozen_embeddings_logistic_regression
width_bin,Boardwalk > 1.2m High,1,114060,standard (0.9-1.5m),standard (0.9-1.5m),True,0.999386276115879,width_bin,logistic_regression,dinov3_frozen_embeddings_logistic_regression
width_bin,Boardwalk > 1.2m High,1,114184,standard (0.9-1.5m),standard (0.9-1.5m),True,0.9998361664871425,width_bin,logistic_regression,dinov3_frozen_embeddings_logistic_regression
width_bin,Boardwalk > 1.2m High,1,114247,standard (0.9-1.5m),narrow (<0.9m),False,0.9969686538046052,width_bin,logistic_regression,dinov3_frozen_embeddings_logistic_regression
width_bin,Boardwalk > 1.2m High,1,114272,standard (0.9-1.5m),standard (0.9-1.5m),True,0.9997676431367711,width_bin,logistic_regression,dinov3_frozen_embeddings_logistic_regression
width_bin,Boardwalk > 1.2m High,1,114280,standard (0.9-1.5m),standard (0.9-1.5m),True,0.9991106764698546,width_bin,logistic_regression,dinov3_frozen_embeddings_logistic_regression
width_bin,Boardwalk > 1.2m High,1,115446,standard (0.9-1.5m),standard (0.9-1.5m),True,0.9980528441246292,width_bin,logistic_regression,dinov3_frozen_embeddings_logistic_regression
width_bin,Boardwalk > 1.2m High,1,121006,narrow (<0.9m),standard (0.9-1.5m),False,0.8102288869686131,width_bin,logistic_regression,dinov3_frozen_embeddings_logistic_regression
width_bin,Boardwalk > 1.2m High,1,128880,standard (0.9-1.5m),wide (>1.5m),False,0.8004233422330413,width_bin,logistic_regression,dinov3_frozen_embeddings_logistic_regression
width_bin,Boardwalk > 1.2m High,1,129397,wide (>1.5m),standard (0.9-1.5m),False,0.8528995944424793,width_bin,logistic_regression,dinov3_frozen_embeddings_logistic_regression
width_bin,Boardwalk > 1.2m High,2,81881,wide (>1.5m),standard (0.9-1.5m),False,0.9729317761445597,width_bin,logistic_regression,dinov3_frozen_embeddings_logistic_regression
width_bin,Boardwalk > 1.2m High,2,100342,standard (0.9-1.5m),standard (0.9-1.5m),True,0.656490223240337,width_bin,logistic_regression,dinov3_frozen_embeddings_logistic_regression
width_bin,Boardwalk > 1.2m High,2,108414,standard (0.9-1.5m),standard (0.9-1.5m),True,0.9897614310030063,width_bin,logistic_regression,dinov3_frozen_embeddings_logistic_regression
width_bin,Boardwalk > 1.2m High,2,109179,standard (0.9-1.5m),standard (0.9-1.5m),True,0.9996103683972223,width_bin,logistic_regression,dinov3_frozen_embeddings_logistic_regression
width_bin,Boardwalk > 1.2m High,2,109182,standard (0.9-1.5m),standard (0.9-1.5m),True,0.9975915745564112,width_bin,logistic_regression,dinov3_frozen_embeddings_logistic_regression
width_bin,Boardwalk > 1.2m High,2,109621,standard (0.9-1.5m),standard (0.9-1.5m),True,0.6145151902555281,width_bin,logistic_regression,dinov3_frozen_embeddings_logistic_regression
width_bin,Boardwalk > 1.2m High,2,110256,standard (0.9-1.5m),narrow (<0.9m),False,0.7971431645035132,width_bin,logistic_regression,dinov3_frozen_embeddings_logistic_regression
width_bin,Boardwalk > 1.2m High,2,114207,standard (0.9-1.5m),standard (0.9-1.5m),True,0.9968526071073943,width_bin,logistic_regression,dinov3_frozen_embeddings_logistic_regression
width_bin,Boardwalk > 1.2m High,2,117577,standard (0.9-1.5m),narrow (<0.9m),False,0.5952647628412568,width_bin,logistic_regression,dinov3_frozen_embeddings_logistic_regression
width_bin,Boardwalk > 1.2m High,2,118807,narrow (<0.9m),narrow (<0.9m),True,0.8192508233942721,width_bin,logistic_regression,dinov3_frozen_embeddings_logistic_regression
width_bin,Boardwalk > 1.2m High,2,121501,wide (>1.5m),wide (>1.5m),True,0.9964333168503499,width_bin,logistic_regression,dinov3_frozen_embeddings_logistic_regression
width_bin,Boardwalk > 1.2m High,2,122443,standard (0.9-1.5m),standard (0.9-1.5m),True,0.9989235716232916,width_bin,logistic_regression,dinov3_frozen_embeddings_logistic_regression
width_bin,Boardwalk > 1.2m High,2,128876,standard (0.9-1.5m),wide (>1.5m),False,0.6984168375807684,width_bin,logistic_regression,dinov3_frozen_embeddings_logistic_regression
width_bin,Boardwalk > 1.2m High,2,128878,standard (0.9-1.5m),wide (>1.5m),False,0.7317435860356322,width_bin,logistic_regression,dinov3_frozen_embeddings_logistic_regression
width_bin,Boardwalk > 1.2m High,3,90486,standard (0.9-1.5m),standard (0.9-1.5m),True,0.9994990267242072,width_bin,logistic_regression,dinov3_frozen_embeddings_logistic_regression
width_bin,Boardwalk > 1.2m High,3,107064,standard (0.9-1.5m),standard (0.9-1.5m),True,0.9991021967768342,width_bin,logistic_regression,dinov3_frozen_embeddings_logistic_regression
width_bin,Boardwalk > 1.2m High,3,109181,standard (0.9-1.5m),standard (0.9-1.5m),True,0.9980081030458865,width_bin,logistic_regression,dinov3_frozen_embeddings_logistic_regression
width_bin,Boardwalk > 1.2m High,3,109187,standard (0.9-1.5m),standard (0.9-1.5m),True,0.9997904677208534,width_bin,logistic_regression,dinov3_frozen_embeddings_logistic_regression
width_bin,Boardwalk > 1.2m High,3,110257,standard (0.9-1.5m),standard (0.9-1.5m),True,0.9920409835777328,width_bin,logistic_regression,dinov3_frozen_embeddings_logistic_regression
width_bin,Boardwalk > 1.2m High,3,112068,standard (0.9-1.5m),wide (>1.5m),False,0.870451566588886,width_bin,logistic_regression,dinov3_frozen_embeddings_logistic_regression
width_bin,Boardwalk > 1.2m High,3,114183,standard (0.9-1.5m),standard (0.9-1.5m),True,0.9888231267016344,width_bin,logistic_regression,dinov3_frozen_embeddings_logistic_regression
width_bin,Boardwalk > 1.2m High,3,114185,standard (0.9-1.5m),standard (0.9-1.5m),True,0.9999225237329378,width_bin,logistic_regression,dinov3_frozen_embeddings_logistic_regression
width_bin,Boardwalk > 1.2m High,3,114283,standard (0.9-1.5m),standard (0.9-1.5m),True,0.9983896995368552,width_bin,logistic_regression,dinov3_frozen_embeddings_logistic_regression
width_bin,Boardwalk > 1.2m High,3,115440,standard (0.9-1.5m),standard (0.9-1.5m),True,0.9996762088936652,width_bin,logistic_regression,dinov3_frozen_embeddings_logistic_regression
width_bin,Boardwalk > 1.2m High,3,117576,narrow (<0.9m),standard (0.9-1.5m),False,0.9905602729822545,width_bin,logistic_regression,dinov3_frozen_embeddings_logistic_regression
width_bin,Boardwalk > 1.2m High,3,121505,wide (>1.5m),wide (>1.5m),True,0.9875367033902429,width_bin,logistic_regression,dinov3_frozen_embeddings_logistic_regression
width_bin,Boardwalk > 1.2m High,3,126795,standard (0.9-1.5m),standard (0.9-1.5m),True,0.8521646231727086,width_bin,logistic_regression,dinov3_frozen_embeddings_logistic_regression
width_bin,Boardwalk > 1.2m High,3,128879,wide (>1.5m),standard (0.9-1.5m),False,0.9909994986879109,width_bin,logistic_regression,dinov3_frozen_embeddings_logistic_regression
width_bin,Boardwalk > 1.2m High,4,100344,wide (>1.5m),wide (>1.5m),True,0.8164877300242315,width_bin,logistic_regression,dinov3_frozen_embeddings_logistic_regression
width_bin,Boardwalk > 1.2m High,4,102975,standard (0.9-1.5m),standard (0.9-1.5m),True,0.937345971762909,width_bin,logistic_regression,dinov3_frozen_embeddings_logistic_regression
width_bin,Boardwalk > 1.2m High,4,103725,standard (0.9-1.5m),standard (0.9-1.5m),True,0.9533729576760095,width_bin,logistic_regression,dinov3_frozen_embeddings_logistic_regression
width_bin,Boardwalk > 1.2m High,4,104871,wide (>1.5m),wide (>1.5m),True,0.6860854377162201,width_bin,logistic_regression,dinov3_frozen_embeddings_logistic_regression
width_bin,Boardwalk > 1.2m High,4,107070,standard (0.9-1.5m),standard (0.9-1.5m),True,0.9983221609096226,width_bin,logistic_regression,dinov3_frozen_embeddings_logistic_regression
width_bin,Boardwalk > 1.2m High,4,109183,standard (0.9-1.5m),standard (0.9-1.5m),True,0.991010069306133,width_bin,logistic_regression,dinov3_frozen_embeddings_logistic_regression
width_bin,Boardwalk > 1.2m High,4,114182,standard (0.9-1.5m),standard (0.9-1.5m),True,0.9994459031467032,width_bin,logistic_regression,dinov3_frozen_embeddings_logistic_regression
width_bin,Boardwalk > 1.2m High,4,114189,standard (0.9-1.5m),standard (0.9-1.5m),True,0.9981829293134004,width_bin,logistic_regression,dinov3_frozen_embeddings_logistic_regression
width_bin,Boardwalk > 1.2m High,4,114211,standard (0.9-1.5m),standard (0.9-1.5m),True,0.996240554830614,width_bin,logistic_regression,dinov3_frozen_embeddings_logistic_regression
width_bin,Boardwalk > 1.2m High,4,114245,standard (0.9-1.5m),standard (0.9-1.5m),True,0.9999222654730615,width_bin,logistic_regression,dinov3_frozen_embeddings_logistic_regression
width_bin,Boardwalk > 1.2m High,4,117011,narrow (<0.9m),standard (0.9-1.5m),False,0.7462720414462989,width_bin,logistic_regression,dinov3_frozen_embeddings_logistic_regression
width_bin,Boardwalk > 1.2m High,4,122440,standard (0.9-1.5m),standard (0.9-1.5m),True,0.9992492771532867,width_bin,logistic_regression,dinov3_frozen_embeddings_logistic_regression
width_bin,Boardwalk > 1.2m High,4,127074,standard (0.9-1.5m),standard (0.9-1.5m),True,0.9997437323607968,width_bin,logistic_regression,dinov3_frozen_embeddings_logistic_regression
width_bin,Boardwalk > 1.2m High,4,127153,standard (0.9-1.5m),standard (0.9-1.5m),True,0.9488739589290036,width_bin,logistic_regression,dinov3_frozen_embeddings_logistic_regression
width_bin,Boardwalk > 1.2m High,5,106916,wide (>1.5m),standard (0.9-1.5m),False,0.9885478453715025,width_bin,logistic_regression,dinov3_frozen_embeddings_logistic_regression
width_bin,Boardwalk > 1.2m High,5,107055,standard (0.9-1.5m),standard (0.9-1.5m),True,0.9995797643903463,width_bin,logistic_regression,dinov3_frozen_embeddings_logistic_regression
width_bin,Boardwalk > 1.2m High,5,107077,standard (0.9-1.5m),standard (0.9-1.5m),True,0.9947038512762763,width_bin,logistic_regression,dinov3_frozen_embeddings_logistic_regression
width_bin,Boardwalk > 1.2m High,5,109188,standard (0.9-1.5m),standard (0.9-1.5m),True,0.9939719760169144,width_bin,logistic_regression,dinov3_frozen_embeddings_logistic_regression
width_bin,Boardwalk > 1.2m High,5,110276,standard (0.9-1.5m),standard (0.9-1.5m),True,0.9973540502824504,width_bin,logistic_regression,dinov3_frozen_embeddings_logistic_regression
width_bin,Boardwalk > 1.2m High,5,114054,standard (0.9-1.5m),standard (0.9-1.5m),True,0.9999655158567804,width_bin,logistic_regression,dinov3_frozen_embeddings_logistic_regression
width_bin,Boardwalk > 1.2m High,5,114056,standard (0.9-1.5m),standard (0.9-1.5m),True,0.7396370302443307,width_bin,logistic_regression,dinov3_frozen_embeddings_logistic_regression
width_bin,Boardwalk > 1.2m High,5,114197,standard (0.9-1.5m),standard (0.9-1.5m),True,0.9995346125355508,width_bin,logistic_regression,dinov3_frozen_embeddings_logistic_regression
width_bin,Boardwalk > 1.2m High,5,114198,standard (0.9-1.5m),standard (0.9-1.5m),True,0.9993980172262652,width_bin,logistic_regression,dinov3_frozen_embeddings_logistic_regression
width_bin,Boardwalk > 1.2m High,5,114255,standard (0.9-1.5m),standard (0.9-1.5m),True,0.9998082283888531,width_bin,logistic_regression,dinov3_frozen_embeddings_logistic_regression
width_bin,Boardwalk > 1.2m High,5,114261,standard (0.9-1.5m),standard (0.9-1.5m),True,0.9984094253901195,width_bin,logistic_regression,dinov3_frozen_embeddings_logistic_regression
width_bin,Boardwalk > 1.2m High,5,114262,standard (0.9-1.5m),standard (0.9-1.5m),True,0.9990576304636986,width_bin,logistic_regression,dinov3_frozen_embeddings_logistic_regression
width_bin,Boardwalk > 1.2m High,5,118804,narrow (<0.9m),standard (0.9-1.5m),False,0.9881496887246867,width_bin,logistic_regression,dinov3_frozen_embeddings_logistic_regression
width_bin,Boardwalk > 1.2m High,5,127071,standard (0.9-1.5m),standard (0.9-1.5m),True,0.9741217944931693,width_bin,logistic_regression,dinov3_frozen_embeddings_logistic_regression
width_bin,Stairs,1,51536,standard (>=0.8m),standard (>=0.8m),True,1.0,width_bin,logistic_regression,dinov3_frozen_embeddings_logistic_regression
width_bin,Stairs,2,116610,standard (>=0.8m),narrow (<0.8m),False,0.9999999999999819,width_bin,logistic_regression,dinov3_frozen_embeddings_logistic_regression
width_bin,Trail Bridge,1,46925,standard (0.9-1.5m),standard (0.9-1.5m),True,0.9995043636232759,width_bin,logistic_regression,dinov3_frozen_embeddings_logistic_regression
width_bin,Trail Bridge,1,46932,standard (0.9-1.5m),standard (0.9-1.5m),True,0.8536785253247392,width_bin,logistic_regression,dinov3_frozen_embeddings_logistic_regression
width_bin,Trail Bridge,1,47636,standard (0.9-1.5m),wide (>1.5m),False,0.9833697977683397,width_bin,logistic_regression,dinov3_frozen_embeddings_logistic_regression
width_bin,Trail Bridge,1,48112,wide (>1.5m),standard (0.9-1.5m),False,0.9437873365678184,width_bin,logistic_regression,dinov3_frozen_embeddings_logistic_regression
width_bin,Trail Bridge,1,48345,standard (0.9-1.5m),standard (0.9-1.5m),True,0.9486008101202507,width_bin,logistic_regression,dinov3_frozen_embeddings_logistic_regression
width_bin,Trail Bridge,1,48488,standard (0.9-1.5m),standard (0.9-1.5m),True,0.6835031779737979,width_bin,logistic_regression,dinov3_frozen_embeddings_logistic_regression
width_bin,Trail Bridge,1,49059,standard (0.9-1.5m),narrow (<0.9m),False,0.8192551059048835,width_bin,logistic_regression,dinov3_frozen_embeddings_logistic_regression
width_bin,Trail Bridge,1,49060,standard (0.9-1.5m),standard (0.9-1.5m),True,0.9055245537395944,width_bin,logistic_regression,dinov3_frozen_embeddings_logistic_regression
width_bin,Trail Bridge,1,49430,standard (0.9-1.5m),standard (0.9-1.5m),True,0.9999825541399848,width_bin,logistic_regression,dinov3_frozen_embeddings_logistic_regression
width_bin,Trail Bridge,1,49681,standard (0.9-1.5m),standard (0.9-1.5m),True,0.9949365372315502,width_bin,logistic_regression,dinov3_frozen_embeddings_logistic_regression
width_bin,Trail Bridge,1,50654,standard (0.9-1.5m),wide (>1.5m),False,0.7179347677678029,width_bin,logistic_regression,dinov3_frozen_embeddings_logistic_regression
width_bin,Trail Bridge,1,50822,wide (>1.5m),standard (0.9-1.5m),False,0.9995260213743309,width_bin,logistic_regression,dinov3_frozen_embeddings_logistic_regression
width_bin,Trail Bridge,1,51524,standard (0.9-1.5m),wide (>1.5m),False,0.603699399597197,width_bin,logistic_regression,dinov3_frozen_embeddings_logistic_regression
width_bin,Trail Bridge,1,51599,standard (0.9-1.5m),narrow (<0.9m),False,0.6386187094722112,width_bin,logistic_regression,dinov3_frozen_embeddings_logistic_regression
width_bin,Trail Bridge,1,52456,standard (0.9-1.5m),standard (0.9-1.5m),True,0.9968112508599748,width_bin,logistic_regression,dinov3_frozen_embeddings_logistic_regression
width_bin,Trail Bridge,1,52668,standard (0.9-1.5m),standard (0.9-1.5m),True,0.6900379198992103,width_bin,logistic_regression,dinov3_frozen_embeddings_logistic_regression
width_bin,Trail Bridge,1,53798,wide (>1.5m),standard (0.9-1.5m),False,0.9999621894248063,width_bin,logistic_regression,dinov3_frozen_embeddings_logistic_regression
width_bin,Trail Bridge,1,55637,narrow (<0.9m),standard (0.9-1.5m),False,0.9962503272298922,width_bin,logistic_regression,dinov3_frozen_embeddings_logistic_regression
width_bin,Trail Bridge,1,56468,wide (>1.5m),wide (>1.5m),True,0.9930942097189164,width_bin,logistic_regression,dinov3_frozen_embeddings_logistic_regression
width_bin,Trail Bridge,1,56469,wide (>1.5m),narrow (<0.9m),False,0.9936487668909733,width_bin,logistic_regression,dinov3_frozen_embeddings_logistic_regression
width_bin,Trail Bridge,1,57507,standard (0.9-1.5m),wide (>1.5m),False,0.9698156250571485,width_bin,logistic_regression,dinov3_frozen_embeddings_logistic_regression
width_bin,Trail Bridge,1,58409,wide (>1.5m),standard (0.9-1.5m),False,0.8432599604806045,width_bin,logistic_regression,dinov3_frozen_embeddings_logistic_regression
width_bin,Trail Bridge,1,58955,standard (0.9-1.5m),standard (0.9-1.5m),True,0.937406311603397,width_bin,logistic_regression,dinov3_frozen_embeddings_logistic_regression
width_bin,Trail Bridge,1,58958,standard (0.9-1.5m),standard (0.9-1.5m),True,0.8456161074521681,width_bin,logistic_regression,dinov3_frozen_embeddings_logistic_regression
width_bin,Trail Bridge,1,60126,standard (0.9-1.5m),standard (0.9-1.5m),True,0.9999369724270696,width_bin,logistic_regression,dinov3_frozen_embeddings_logistic_regression
width_bin,Trail Bridge,1,61004,wide (>1.5m),wide (>1.5m),True,0.5319559988760859,width_bin,logistic_regression,dinov3_frozen_embeddings_logistic_regression
width_bin,Trail Bridge,1,61110,standard (0.9-1.5m),standard (0.9-1.5m),True,0.8631053093039265,width_bin,logistic_regression,dinov3_frozen_embeddings_logistic_regression
width_bin,Trail Bridge,1,63068,wide (>1.5m),standard (0.9-1.5m),False,0.9999815425234587,width_bin,logistic_regression,dinov3_frozen_embeddings_logistic_regression
width_bin,Trail Bridge,1,63298,standard (0.9-1.5m),standard (0.9-1.5m),True,0.962915281401508,width_bin,logistic_regression,dinov3_frozen_embeddings_logistic_regression
width_bin,Trail Bridge,1,64099,standard (0.9-1.5m),standard (0.9-1.5m),True,0.9754965164753334,width_bin,logistic_regression,dinov3_frozen_embeddings_logistic_regression
width_bin,Trail Bridge,1,64104,standard (0.9-1.5m),standard (0.9-1.5m),True,0.8309252599306372,width_bin,logistic_regression,dinov3_frozen_embeddings_logistic_regression
width_bin,Trail Bridge,1,64138,standard (0.9-1.5m),wide (>1.5m),False,0.8478752726215453,width_bin,logistic_regression,dinov3_frozen_embeddings_logistic_regression
width_bin,Trail Bridge,1,64643,narrow (<0.9m),narrow (<0.9m),True,0.9105152634884778,width_bin,logistic_regression,dinov3_frozen_embeddings_logistic_regression
width_bin,Trail Bridge,1,65154,narrow (<0.9m),wide (>1.5m),False,0.9286144850066184,width_bin,logistic_regression,dinov3_frozen_embeddings_logistic_regression
width_bin,Trail Bridge,1,65425,standard (0.9-1.5m),standard (0.9-1.5m),True,0.9809159400426637,width_bin,logistic_regression,dinov3_frozen_embeddings_logistic_regression
width_bin,Trail Bridge,1,65497,standard (0.9-1.5m),standard (0.9-1.5m),True,0.8949878043014625,width_bin,logistic_regression,dinov3_frozen_embeddings_logistic_regression
width_bin,Trail Bridge,1,65608,standard (0.9-1.5m),standard (0.9-1.5m),True,0.7531543388482751,width_bin,logistic_regression,dinov3_frozen_embeddings_logistic_regression
width_bin,Trail Bridge,1,65609,standard (0.9-1.5m),standard (0.9-1.5m),True,0.9622216778039602,width_bin,logistic_regression,dinov3_frozen_embeddings_logistic_regression
width_bin,Trail Bridge,1,65788,standard (0.9-1.5m),standard (0.9-1.5m),True,0.6686790058806167,width_bin,logistic_regression,dinov3_frozen_embeddings_logistic_regression
width_bin,Trail Bridge,1,65789,narrow (<0.9m),standard (0.9-1.5m),False,0.8518086538517868,width_bin,logistic_regression,dinov3_frozen_embeddings_logistic_regression
width_bin,Trail Bridge,1,80596,standard (0.9-1.5m),standard (0.9-1.5m),True,0.9998141143380758,width_bin,logistic_regression,dinov3_frozen_embeddings_logistic_regression
width_bin,Trail Bridge,1,82270,standard (0.9-1.5m),standard (0.9-1.5m),True,0.9810627601070299,width_bin,logistic_regression,dinov3_frozen_embeddings_logistic_regression
width_bin,Trail Bridge,1,83133,standard (0.9-1.5m),standard (0.9-1.5m),True,0.9083629789843825,width_bin,logistic_regression,dinov3_frozen_embeddings_logistic_regression
width_bin,Trail Bridge,1,83141,standard (0.9-1.5m),standard (0.9-1.5m),True,0.9966591983038446,width_bin,logistic_regression,dinov3_frozen_embeddings_logistic_regression
width_bin,Trail Bridge,1,86521,wide (>1.5m),standard (0.9-1.5m),False,0.6817944967470448,width_bin,logistic_regression,dinov3_frozen_embeddings_logistic_regression
width_bin,Trail Bridge,1,86599,standard (0.9-1.5m),standard (0.9-1.5m),True,0.9947253538413865,width_bin,logistic_regression,dinov3_frozen_embeddings_logistic_regression
width_bin,Trail Bridge,1,87483,wide (>1.5m),wide (>1.5m),True,0.9999999530740626,width_bin,logistic_regression,dinov3_frozen_embeddings_logistic_regression
width_bin,Trail Bridge,1,87549,standard (0.9-1.5m),standard (0.9-1.5m),True,0.7333057670422373,width_bin,logistic_regression,dinov3_frozen_embeddings_logistic_regression
width_bin,Trail Bridge,1,87769,wide (>1.5m),standard (0.9-1.5m),False,0.9928538789987172,width_bin,logistic_regression,dinov3_frozen_embeddings_logistic_regression
width_bin,Trail Bridge,1,88734,wide (>1.5m),wide (>1.5m),True,0.7718312771721434,width_bin,logistic_regression,dinov3_frozen_embeddings_logistic_regression
width_bin,Trail Bridge,1,89443,standard (0.9-1.5m),standard (0.9-1.5m),True,0.9809327307269363,width_bin,logistic_regression,dinov3_frozen_embeddings_logistic_regression
width_bin,Trail Bridge,1,89447,narrow (<0.9m),narrow (<0.9m),True,0.5591462125938724,width_bin,logistic_regression,dinov3_frozen_embeddings_logistic_regression
width_bin,Trail Bridge,1,89589,standard (0.9-1.5m),wide (>1.5m),False,0.8838214757136746,width_bin,logistic_regression,dinov3_frozen_embeddings_logistic_regression
width_bin,Trail Bridge,1,89590,standard (0.9-1.5m),standard (0.9-1.5m),True,0.9774170909507024,width_bin,logistic_regression,dinov3_frozen_embeddings_logistic_regression
width_bin,Trail Bridge,1,89596,standard (0.9-1.5m),standard (0.9-1.5m),True,0.9512653680616889,width_bin,logistic_regression,dinov3_frozen_embeddings_logistic_regression
width_bin,Trail Bridge,1,89597,standard (0.9-1.5m),standard (0.9-1.5m),True,0.9990898207457269,width_bin,logistic_regression,dinov3_frozen_embeddings_logistic_regression
width_bin,Trail Bridge,1,89727,standard (0.9-1.5m),wide (>1.5m),False,0.9643426936045006,width_bin,logistic_regression,dinov3_frozen_embeddings_logistic_regression
width_bin,Trail Bridge,1,90408,standard (0.9-1.5m),narrow (<0.9m),False,0.8727426603392846,width_bin,logistic_regression,dinov3_frozen_embeddings_logistic_regression
width_bin,Trail Bridge,1,94779,wide (>1.5m),wide (>1.5m),True,0.986352530583201,width_bin,logistic_regression,dinov3_frozen_embeddings_logistic_regression
width_bin,Trail Bridge,1,96291,standard (0.9-1.5m),standard (0.9-1.5m),True,0.9997766947725754,width_bin,logistic_regression,dinov3_frozen_embeddings_logistic_regression
width_bin,Trail Bridge,1,97817,standard (0.9-1.5m),standard (0.9-1.5m),True,0.6088910991567482,width_bin,logistic_regression,dinov3_frozen_embeddings_logistic_regression
width_bin,Trail Bridge,1,98336,standard (0.9-1.5m),standard (0.9-1.5m),True,0.9999479946619441,width_bin,logistic_regression,dinov3_frozen_embeddings_logistic_regression
width_bin,Trail Bridge,1,98498,wide (>1.5m),wide (>1.5m),True,0.9731637609111348,width_bin,logistic_regression,dinov3_frozen_embeddings_logistic_regression
width_bin,Trail Bridge,1,100111,standard (0.9-1.5m),wide (>1.5m),False,0.9080763329772842,width_bin,logistic_regression,dinov3_frozen_embeddings_logistic_regression
width_bin,Trail Bridge,1,100138,standard (0.9-1.5m),standard (0.9-1.5m),True,0.9999074065340348,width_bin,logistic_regression,dinov3_frozen_embeddings_logistic_regression
width_bin,Trail Bridge,1,100251,wide (>1.5m),wide (>1.5m),True,0.9998716219616984,width_bin,logistic_regression,dinov3_frozen_embeddings_logistic_regression
width_bin,Trail Bridge,1,100253,wide (>1.5m),wide (>1.5m),True,0.6079367293049494,width_bin,logistic_regression,dinov3_frozen_embeddings_logistic_regression
width_bin,Trail Bridge,1,100348,narrow (<0.9m),narrow (<0.9m),True,0.9989293410927039,width_bin,logistic_regression,dinov3_frozen_embeddings_logistic_regression
width_bin,Trail Bridge,1,100479,wide (>1.5m),wide (>1.5m),True,0.9926076127962654,width_bin,logistic_regression,dinov3_frozen_embeddings_logistic_regression
width_bin,Trail Bridge,1,100757,wide (>1.5m),wide (>1.5m),True,0.9981272265019077,width_bin,logistic_regression,dinov3_frozen_embeddings_logistic_regression
width_bin,Trail Bridge,1,101779,standard (0.9-1.5m),standard (0.9-1.5m),True,0.5118553326179192,width_bin,logistic_regression,dinov3_frozen_embeddings_logistic_regression
width_bin,Trail Bridge,1,105288,standard (0.9-1.5m),standard (0.9-1.5m),True,0.9665969778238507,width_bin,logistic_regression,dinov3_frozen_embeddings_logistic_regression
width_bin,Trail Bridge,1,105449,standard (0.9-1.5m),standard (0.9-1.5m),True,0.9471748283892633,width_bin,logistic_regression,dinov3_frozen_embeddings_logistic_regression
width_bin,Trail Bridge,1,106264,standard (0.9-1.5m),wide (>1.5m),False,0.93615828382476,width_bin,logistic_regression,dinov3_frozen_embeddings_logistic_regression
width_bin,Trail Bridge,1,107885,standard (0.9-1.5m),standard (0.9-1.5m),True,0.9920729218523886,width_bin,logistic_regression,dinov3_frozen_embeddings_logistic_regression
width_bin,Trail Bridge,1,107897,standard (0.9-1.5m),standard (0.9-1.5m),True,0.9998765877597872,width_bin,logistic_regression,dinov3_frozen_embeddings_logistic_regression
width_bin,Trail Bridge,1,107907,standard (0.9-1.5m),standard (0.9-1.5m),True,0.899627837117884,width_bin,logistic_regression,dinov3_frozen_embeddings_logistic_regression
width_bin,Trail Bridge,1,107973,standard (0.9-1.5m),wide (>1.5m),False,0.6762257805712524,width_bin,logistic_regression,dinov3_frozen_embeddings_logistic_regression
width_bin,Trail Bridge,1,108666,wide (>1.5m),standard (0.9-1.5m),False,0.5618887300785633,width_bin,logistic_regression,dinov3_frozen_embeddings_logistic_regression
width_bin,Trail Bridge,1,108725,standard (0.9-1.5m),wide (>1.5m),False,0.990171603225491,width_bin,logistic_regression,dinov3_frozen_embeddings_logistic_regression
width_bin,Trail Bridge,1,109148,narrow (<0.9m),standard (0.9-1.5m),False,0.999137573976892,width_bin,logistic_regression,dinov3_frozen_embeddings_logistic_regression
width_bin,Trail Bridge,1,109160,standard (0.9-1.5m),standard (0.9-1.5m),True,0.9599445429883422,width_bin,logistic_regression,dinov3_frozen_embeddings_logistic_regression
width_bin,Trail Bridge,1,109170,standard (0.9-1.5m),wide (>1.5m),False,0.4850559216374215,width_bin,logistic_regression,dinov3_frozen_embeddings_logistic_regression
width_bin,Trail Bridge,1,109534,wide (>1.5m),standard (0.9-1.5m),False,0.9903691467819632,width_bin,logistic_regression,dinov3_frozen_embeddings_logistic_regression
width_bin,Trail Bridge,1,109727,wide (>1.5m),wide (>1.5m),True,0.9970029759906759,width_bin,logistic_regression,dinov3_frozen_embeddings_logistic_regression
width_bin,Trail Bridge,1,110996,standard (0.9-1.5m),standard (0.9-1.5m),True,0.9808625784256546,width_bin,logistic_regression,dinov3_frozen_embeddings_logistic_regression
width_bin,Trail Bridge,1,111745,standard (0.9-1.5m),standard (0.9-1.5m),True,0.9923923473844326,width_bin,logistic_regression,dinov3_frozen_embeddings_logistic_regression
width_bin,Trail Bridge,1,111782,wide (>1.5m),wide (>1.5m),True,0.8042810849372601,width_bin,logistic_regression,dinov3_frozen_embeddings_logistic_regression
width_bin,Trail Bridge,1,113153,wide (>1.5m),standard (0.9-1.5m),False,0.9747572023241495,width_bin,logistic_regression,dinov3_frozen_embeddings_logistic_regression
width_bin,Trail Bridge,1,113159,standard (0.9-1.5m),wide (>1.5m),False,0.8511326655926598,width_bin,logistic_regression,dinov3_frozen_embeddings_logistic_regression
width_bin,Trail Bridge,1,113217,wide (>1.5m),wide (>1.5m),True,0.9904559768090242,width_bin,logistic_regression,dinov3_frozen_embeddings_logistic_regression
width_bin,Trail Bridge,1,113800,narrow (<0.9m),standard (0.9-1.5m),False,0.7657877656855807,width_bin,logistic_regression,dinov3_frozen_embeddings_logistic_regression
width_bin,Trail Bridge,1,113804,wide (>1.5m),wide (>1.5m),True,0.9859929009136927,width_bin,logistic_regression,dinov3_frozen_embeddings_logistic_regression
width_bin,Trail Bridge,1,114014,standard (0.9-1.5m),wide (>1.5m),False,0.6306529893924137,width_bin,logistic_regression,dinov3_frozen_embeddings_logistic_regression
width_bin,Trail Bridge,1,114711,wide (>1.5m),wide (>1.5m),True,0.6201236156151783,width_bin,logistic_regression,dinov3_frozen_embeddings_logistic_regression
width_bin,Trail Bridge,1,114815,narrow (<0.9m),standard (0.9-1.5m),False,0.8784918245618712,width_bin,logistic_regression,dinov3_frozen_embeddings_logistic_regression
width_bin,Trail Bridge,1,114940,wide (>1.5m),wide (>1.5m),True,0.9712990609165798,width_bin,logistic_regression,dinov3_frozen_embeddings_logistic_regression
width_bin,Trail Bridge,1,115247,wide (>1.5m),standard (0.9-1.5m),False,0.8090111640919109,width_bin,logistic_regression,dinov3_frozen_embeddings_logistic_regression
width_bin,Trail Bridge,1,115803,standard (0.9-1.5m),standard (0.9-1.5m),True,0.9387281465102723,width_bin,logistic_regression,dinov3_frozen_embeddings_logistic_regression
width_bin,Trail Bridge,1,116737,wide (>1.5m),wide (>1.5m),True,0.7324895131506682,width_bin,logistic_regression,dinov3_frozen_embeddings_logistic_regression
width_bin,Trail Bridge,1,116852,standard (0.9-1.5m),standard (0.9-1.5m),True,0.9401283455290317,width_bin,logistic_regression,dinov3_frozen_embeddings_logistic_regression
width_bin,Trail Bridge,1,116880,narrow (<0.9m),narrow (<0.9m),True,0.7836727249021648,width_bin,logistic_regression,dinov3_frozen_embeddings_logistic_regression
width_bin,Trail Bridge,1,117200,standard (0.9-1.5m),standard (0.9-1.5m),True,0.9999983124118581,width_bin,logistic_regression,dinov3_frozen_embeddings_logistic_regression
width_bin,Trail Bridge,1,117214,standard (0.9-1.5m),standard (0.9-1.5m),True,0.9999998343435706,width_bin,logistic_regression,dinov3_frozen_embeddings_logistic_regression
width_bin,Trail Bridge,1,117216,standard (0.9-1.5m),standard (0.9-1.5m),True,0.9990039891390606,width_bin,logistic_regression,dinov3_frozen_embeddings_logistic_regression
width_bin,Trail Bridge,1,117720,wide (>1.5m),wide (>1.5m),True,0.9999066792927808,width_bin,logistic_regression,dinov3_frozen_embeddings_logistic_regression
width_bin,Trail Bridge,1,118750,wide (>1.5m),wide (>1.5m),True,0.9795651361451154,width_bin,logistic_regression,dinov3_frozen_embeddings_logistic_regression
width_bin,Trail Bridge,1,119844,standard (0.9-1.5m),standard (0.9-1.5m),True,0.9985663888998034,width_bin,logistic_regression,dinov3_frozen_embeddings_logistic_regression
width_bin,Trail Bridge,1,120299,standard (0.9-1.5m),standard (0.9-1.5m),True,0.9636944723836207,width_bin,logistic_regression,dinov3_frozen_embeddings_logistic_regression
width_bin,Trail Bridge,1,120686,narrow (<0.9m),standard (0.9-1.5m),False,0.6932711085997206,width_bin,logistic_regression,dinov3_frozen_embeddings_logistic_regression
width_bin,Trail Bridge,1,121504,standard (0.9-1.5m),standard (0.9-1.5m),True,0.8028842835365582,width_bin,logistic_regression,dinov3_frozen_embeddings_logistic_regression
width_bin,Trail Bridge,1,122244,standard (0.9-1.5m),standard (0.9-1.5m),True,0.5263751404737586,width_bin,logistic_regression,dinov3_frozen_embeddings_logistic_regression
width_bin,Trail Bridge,1,122441,standard (0.9-1.5m),narrow (<0.9m),False,0.5230055078492017,width_bin,logistic_regression,dinov3_frozen_embeddings_logistic_regression
width_bin,Trail Bridge,1,122445,standard (0.9-1.5m),standard (0.9-1.5m),True,0.7463881739690426,width_bin,logistic_regression,dinov3_frozen_embeddings_logistic_regression
width_bin,Trail Bridge,1,123000,wide (>1.5m),wide (>1.5m),True,0.9997360990310477,width_bin,logistic_regression,dinov3_frozen_embeddings_logistic_regression
width_bin,Trail Bridge,1,123164,wide (>1.5m),wide (>1.5m),True,0.9998368830315142,width_bin,logistic_regression,dinov3_frozen_embeddings_logistic_regression
width_bin,Trail Bridge,1,123219,wide (>1.5m),wide (>1.5m),True,0.9999981038048324,width_bin,logistic_regression,dinov3_frozen_embeddings_logistic_regression
width_bin,Trail Bridge,1,123310,standard (0.9-1.5m),standard (0.9-1.5m),True,0.9987125058896283,width_bin,logistic_regression,dinov3_frozen_embeddings_logistic_regression
width_bin,Trail Bridge,1,123655,wide (>1.5m),standard (0.9-1.5m),False,0.9695793421212937,width_bin,logistic_regression,dinov3_frozen_embeddings_logistic_regression
width_bin,Trail Bridge,1,126178,narrow (<0.9m),narrow (<0.9m),True,0.8757411855754614,width_bin,logistic_regression,dinov3_frozen_embeddings_logistic_regression
width_bin,Trail Bridge,1,126793,standard (0.9-1.5m),standard (0.9-1.5m),True,0.999986502257152,width_bin,logistic_regression,dinov3_frozen_embeddings_logistic_regression
width_bin,Trail Bridge,1,126798,standard (0.9-1.5m),standard (0.9-1.5m),True,0.9973349962532579,width_bin,logistic_regression,dinov3_frozen_embeddings_logistic_regression
width_bin,Trail Bridge,1,126809,standard (0.9-1.5m),standard (0.9-1.5m),True,0.999777928003325,width_bin,logistic_regression,dinov3_frozen_embeddings_logistic_regression
width_bin,Trail Bridge,1,127205,standard (0.9-1.5m),standard (0.9-1.5m),True,0.9851114718622794,width_bin,logistic_regression,dinov3_frozen_embeddings_logistic_regression
width_bin,Trail Bridge,1,127525,wide (>1.5m),narrow (<0.9m),False,0.5648247038896983,width_bin,logistic_regression,dinov3_frozen_embeddings_logistic_regression
width_bin,Trail Bridge,2,46924,standard (0.9-1.5m),standard (0.9-1.5m),True,0.9993494161396876,width_bin,logistic_regression,dinov3_frozen_embeddings_logistic_regression
width_bin,Trail Bridge,2,48627,standard (0.9-1.5m),wide (>1.5m),False,0.9645382966861515,width_bin,logistic_regression,dinov3_frozen_embeddings_logistic_regression
width_bin,Trail Bridge,2,48693,standard (0.9-1.5m),standard (0.9-1.5m),True,0.9724604031708809,width_bin,logistic_regression,dinov3_frozen_embeddings_logistic_regression
width_bin,Trail Bridge,2,48694,standard (0.9-1.5m),standard (0.9-1.5m),True,0.555560532699082,width_bin,logistic_regression,dinov3_frozen_embeddings_logistic_regression
width_bin,Trail Bridge,2,49679,standard (0.9-1.5m),standard (0.9-1.5m),True,0.9969185888183704,width_bin,logistic_regression,dinov3_frozen_embeddings_logistic_regression
width_bin,Trail Bridge,2,50235,standard (0.9-1.5m),standard (0.9-1.5m),True,0.9397061442255694,width_bin,logistic_regression,dinov3_frozen_embeddings_logistic_regression
width_bin,Trail Bridge,2,50749,standard (0.9-1.5m),wide (>1.5m),False,0.8665876075870802,width_bin,logistic_regression,dinov3_frozen_embeddings_logistic_regression
width_bin,Trail Bridge,2,51216,standard (0.9-1.5m),standard (0.9-1.5m),True,0.9980729627583862,width_bin,logistic_regression,dinov3_frozen_embeddings_logistic_regression
width_bin,Trail Bridge,2,51214,standard (0.9-1.5m),standard (0.9-1.5m),True,0.6701207762193193,width_bin,logistic_regression,dinov3_frozen_embeddings_logistic_regression
width_bin,Trail Bridge,2,51233,standard (0.9-1.5m),wide (>1.5m),False,0.9999656483171975,width_bin,logistic_regression,dinov3_frozen_embeddings_logistic_regression
width_bin,Trail Bridge,2,51526,wide (>1.5m),standard (0.9-1.5m),False,0.7102756723081933,width_bin,logistic_regression,dinov3_frozen_embeddings_logistic_regression
width_bin,Trail Bridge,2,51528,standard (0.9-1.5m),wide (>1.5m),False,0.8939229419422101,width_bin,logistic_regression,dinov3_frozen_embeddings_logistic_regression
width_bin,Trail Bridge,2,51800,standard (0.9-1.5m),wide (>1.5m),False,0.7190921638214457,width_bin,logistic_regression,dinov3_frozen_embeddings_logistic_regression
width_bin,Trail Bridge,2,52458,standard (0.9-1.5m),wide (>1.5m),False,0.9999775530364091,width_bin,logistic_regression,dinov3_frozen_embeddings_logistic_regression
width_bin,Trail Bridge,2,52551,standard (0.9-1.5m),standard (0.9-1.5m),True,0.9661602464475619,width_bin,logistic_regression,dinov3_frozen_embeddings_logistic_regression
width_bin,Trail Bridge,2,53983,wide (>1.5m),wide (>1.5m),True,0.8176558315069185,width_bin,logistic_regression,dinov3_frozen_embeddings_logistic_regression
width_bin,Trail Bridge,2,54184,standard (0.9-1.5m),standard (0.9-1.5m),True,0.618690784703586,width_bin,logistic_regression,dinov3_frozen_embeddings_logistic_regression
width_bin,Trail Bridge,2,54324,standard (0.9-1.5m),standard (0.9-1.5m),True,0.9992403617265645,width_bin,logistic_regression,dinov3_frozen_embeddings_logistic_regression
width_bin,Trail Bridge,2,54327,wide (>1.5m),standard (0.9-1.5m),False,0.6040455447412816,width_bin,logistic_regression,dinov3_frozen_embeddings_logistic_regression
width_bin,Trail Bridge,2,55115,wide (>1.5m),wide (>1.5m),True,0.9977228083626439,width_bin,logistic_regression,dinov3_frozen_embeddings_logistic_regression
width_bin,Trail Bridge,2,55636,standard (0.9-1.5m),standard (0.9-1.5m),True,0.9999976723118478,width_bin,logistic_regression,dinov3_frozen_embeddings_logistic_regression
width_bin,Trail Bridge,2,55640,standard (0.9-1.5m),standard (0.9-1.5m),True,0.9999107013190179,width_bin,logistic_regression,dinov3_frozen_embeddings_logistic_regression
width_bin,Trail Bridge,2,55642,wide (>1.5m),narrow (<0.9m),False,0.664462746949154,width_bin,logistic_regression,dinov3_frozen_embeddings_logistic_regression
width_bin,Trail Bridge,2,56467,wide (>1.5m),standard (0.9-1.5m),False,0.8205662913683076,width_bin,logistic_regression,dinov3_frozen_embeddings_logistic_regression
width_bin,Trail Bridge,2,56533,standard (0.9-1.5m),standard (0.9-1.5m),True,0.9997898942503088,width_bin,logistic_regression,dinov3_frozen_embeddings_logistic_regression
width_bin,Trail Bridge,2,57117,standard (0.9-1.5m),wide (>1.5m),False,0.720961440174248,width_bin,logistic_regression,dinov3_frozen_embeddings_logistic_regression
width_bin,Trail Bridge,2,57118,standard (0.9-1.5m),wide (>1.5m),False,0.8715617836710278,width_bin,logistic_regression,dinov3_frozen_embeddings_logistic_regression
width_bin,Trail Bridge,2,60528,standard (0.9-1.5m),standard (0.9-1.5m),True,0.9997654671188138,width_bin,logistic_regression,dinov3_frozen_embeddings_logistic_regression
width_bin,Trail Bridge,2,60955,standard (0.9-1.5m),standard (0.9-1.5m),True,0.6736296688451209,width_bin,logistic_regression,dinov3_frozen_embeddings_logistic_regression
width_bin,Trail Bridge,2,63066,wide (>1.5m),wide (>1.5m),True,0.9999457847343666,width_bin,logistic_regression,dinov3_frozen_embeddings_logistic_regression
width_bin,Trail Bridge,2,63597,standard (0.9-1.5m),standard (0.9-1.5m),True,0.9994796975441287,width_bin,logistic_regression,dinov3_frozen_embeddings_logistic_regression
width_bin,Trail Bridge,2,64123,standard (0.9-1.5m),wide (>1.5m),False,0.8902131970418686,width_bin,logistic_regression,dinov3_frozen_embeddings_logistic_regression
width_bin,Trail Bridge,2,64128,standard (0.9-1.5m),standard (0.9-1.5m),True,0.9992130391485008,width_bin,logistic_regression,dinov3_frozen_embeddings_logistic_regression
width_bin,Trail Bridge,2,64137,standard (0.9-1.5m),narrow (<0.9m),False,0.719387294190257,width_bin,logistic_regression,dinov3_frozen_embeddings_logistic_regression
width_bin,Trail Bridge,2,64694,standard (0.9-1.5m),standard (0.9-1.5m),True,0.9833790795877536,width_bin,logistic_regression,dinov3_frozen_embeddings_logistic_regression
width_bin,Trail Bridge,2,65423,standard (0.9-1.5m),standard (0.9-1.5m),True,0.9076159191962062,width_bin,logistic_regression,dinov3_frozen_embeddings_logistic_regression
width_bin,Trail Bridge,2,65426,standard (0.9-1.5m),standard (0.9-1.5m),True,0.5003097392361019,width_bin,logistic_regression,dinov3_frozen_embeddings_logistic_regression
width_bin,Trail Bridge,2,66920,standard (0.9-1.5m),standard (0.9-1.5m),True,0.7845016470123127,width_bin,logistic_regression,dinov3_frozen_embeddings_logistic_regression
width_bin,Trail Bridge,2,55464,wide (>1.5m),standard (0.9-1.5m),False,0.9936459021820812,width_bin,logistic_regression,dinov3_frozen_embeddings_logistic_regression
width_bin,Trail Bridge,2,88733,wide (>1.5m),wide (>1.5m),True,0.6275108291955326,width_bin,logistic_regression,dinov3_frozen_embeddings_logistic_regression
width_bin,Trail Bridge,2,89437,standard (0.9-1.5m),standard (0.9-1.5m),True,0.8272119243187303,width_bin,logistic_regression,dinov3_frozen_embeddings_logistic_regression
width_bin,Trail Bridge,2,89440,standard (0.9-1.5m),standard (0.9-1.5m),True,0.9016578254139762,width_bin,logistic_regression,dinov3_frozen_embeddings_logistic_regression
width_bin,Trail Bridge,2,89442,standard (0.9-1.5m),wide (>1.5m),False,0.9390679283961466,width_bin,logistic_regression,dinov3_frozen_embeddings_logistic_regression
width_bin,Trail Bridge,2,89452,standard (0.9-1.5m),standard (0.9-1.5m),True,0.9909283359248867,width_bin,logistic_regression,dinov3_frozen_embeddings_logistic_regression
width_bin,Trail Bridge,2,91832,wide (>1.5m),standard (0.9-1.5m),False,0.9999989986769356,width_bin,logistic_regression,dinov3_frozen_embeddings_logistic_regression
width_bin,Trail Bridge,2,92039,narrow (<0.9m),standard (0.9-1.5m),False,0.7979222287296134,width_bin,logistic_regression,dinov3_frozen_embeddings_logistic_regression
width_bin,Trail Bridge,2,92149,narrow (<0.9m),narrow (<0.9m),True,0.720016392276504,width_bin,logistic_regression,dinov3_frozen_embeddings_logistic_regression
width_bin,Trail Bridge,2,92150,wide (>1.5m),standard (0.9-1.5m),False,0.9814385948352129,width_bin,logistic_regression,dinov3_frozen_embeddings_logistic_regression
width_bin,Trail Bridge,2,92152,narrow (<0.9m),narrow (<0.9m),True,0.5939025654754471,width_bin,logistic_regression,dinov3_frozen_embeddings_logistic_regression
width_bin,Trail Bridge,2,92167,standard (0.9-1.5m),wide (>1.5m),False,0.9125068908507727,width_bin,logistic_regression,dinov3_frozen_embeddings_logistic_regression
width_bin,Trail Bridge,2,92794,wide (>1.5m),standard (0.9-1.5m),False,0.9400480445101531,width_bin,logistic_regression,dinov3_frozen_embeddings_logistic_regression
width_bin,Trail Bridge,2,93041,wide (>1.5m),standard (0.9-1.5m),False,0.9960034552673441,width_bin,logistic_regression,dinov3_frozen_embeddings_logistic_regression
width_bin,Trail Bridge,2,94170,narrow (<0.9m),standard (0.9-1.5m),False,0.999519160828599,width_bin,logistic_regression,dinov3_frozen_embeddings_logistic_regression
width_bin,Trail Bridge,2,98531,standard (0.9-1.5m),standard (0.9-1.5m),True,0.9990710004503247,width_bin,logistic_regression,dinov3_frozen_embeddings_logistic_regression
width_bin,Trail Bridge,2,99454,standard (0.9-1.5m),standard (0.9-1.5m),True,0.9298921024159602,width_bin,logistic_regression,dinov3_frozen_embeddings_logistic_regression
width_bin,Trail Bridge,2,100177,wide (>1.5m),standard (0.9-1.5m),False,0.7548946533040215,width_bin,logistic_regression,dinov3_frozen_embeddings_logistic_regression
width_bin,Trail Bridge,2,100184,wide (>1.5m),wide (>1.5m),True,0.9999998343922766,width_bin,logistic_regression,dinov3_frozen_embeddings_logistic_regression
width_bin,Trail Bridge,2,100263,wide (>1.5m),wide (>1.5m),True,0.917639268219456,width_bin,logistic_regression,dinov3_frozen_embeddings_logistic_regression
width_bin,Trail Bridge,2,100272,wide (>1.5m),wide (>1.5m),True,0.9592812381153951,width_bin,logistic_regression,dinov3_frozen_embeddings_logistic_regression
width_bin,Trail Bridge,2,100313,wide (>1.5m),standard (0.9-1.5m),False,0.5796100275888806,width_bin,logistic_regression,dinov3_frozen_embeddings_logistic_regression
width_bin,Trail Bridge,2,100446,wide (>1.5m),wide (>1.5m),True,0.9626636809473711,width_bin,logistic_regression,dinov3_frozen_embeddings_logistic_regression
width_bin,Trail Bridge,2,100475,wide (>1.5m),wide (>1.5m),True,0.993697967094249,width_bin,logistic_regression,dinov3_frozen_embeddings_logistic_regression
width_bin,Trail Bridge,2,100747,standard (0.9-1.5m),wide (>1.5m),False,0.9999275934020917,width_bin,logistic_regression,dinov3_frozen_embeddings_logistic_regression
width_bin,Trail Bridge,2,101826,standard (0.9-1.5m),standard (0.9-1.5m),True,0.5285203280872841,width_bin,logistic_regression,dinov3_frozen_embeddings_logistic_regression
width_bin,Trail Bridge,2,101868,standard (0.9-1.5m),wide (>1.5m),False,0.9944188386007241,width_bin,logistic_regression,dinov3_frozen_embeddings_logistic_regression
width_bin,Trail Bridge,2,101988,standard (0.9-1.5m),standard (0.9-1.5m),True,0.9823086533863286,width_bin,logistic_regression,dinov3_frozen_embeddings_logistic_regression
width_bin,Trail Bridge,2,102844,standard (0.9-1.5m),standard (0.9-1.5m),True,0.7829501191919657,width_bin,logistic_regression,dinov3_frozen_embeddings_logistic_regression
width_bin,Trail Bridge,2,103256,standard (0.9-1.5m),wide (>1.5m),False,0.9993970929878278,width_bin,logistic_regression,dinov3_frozen_embeddings_logistic_regression
width_bin,Trail Bridge,2,106054,narrow (<0.9m),narrow (<0.9m),True,0.9976367709080909,width_bin,logistic_regression,dinov3_frozen_embeddings_logistic_regression
width_bin,Trail Bridge,2,107058,standard (0.9-1.5m),standard (0.9-1.5m),True,0.8784055327729265,width_bin,logistic_regression,dinov3_frozen_embeddings_logistic_regression
width_bin,Trail Bridge,2,107890,standard (0.9-1.5m),wide (>1.5m),False,0.6061619680254109,width_bin,logistic_regression,dinov3_frozen_embeddings_logistic_regression
width_bin,Trail Bridge,2,107914,standard (0.9-1.5m),standard (0.9-1.5m),True,0.9530551387246309,width_bin,logistic_regression,dinov3_frozen_embeddings_logistic_regression
width_bin,Trail Bridge,2,107961,standard (0.9-1.5m),standard (0.9-1.5m),True,0.9878529424217264,width_bin,logistic_regression,dinov3_frozen_embeddings_logistic_regression
width_bin,Trail Bridge,2,108037,standard (0.9-1.5m),standard (0.9-1.5m),True,0.9750924675626627,width_bin,logistic_regression,dinov3_frozen_embeddings_logistic_regression
width_bin,Trail Bridge,2,108040,standard (0.9-1.5m),standard (0.9-1.5m),True,0.8871618423115362,width_bin,logistic_regression,dinov3_frozen_embeddings_logistic_regression
width_bin,Trail Bridge,2,108330,standard (0.9-1.5m),narrow (<0.9m),False,0.9137798404694545,width_bin,logistic_regression,dinov3_frozen_embeddings_logistic_regression
width_bin,Trail Bridge,2,108380,standard (0.9-1.5m),standard (0.9-1.5m),True,0.9987940511107799,width_bin,logistic_regression,dinov3_frozen_embeddings_logistic_regression
width_bin,Trail Bridge,2,108662,standard (0.9-1.5m),narrow (<0.9m),False,0.7950911144663872,width_bin,logistic_regression,dinov3_frozen_embeddings_logistic_regression
width_bin,Trail Bridge,2,108730,narrow (<0.9m),wide (>1.5m),False,0.9995151501498227,width_bin,logistic_regression,dinov3_frozen_embeddings_logistic_regression
width_bin,Trail Bridge,2,109169,standard (0.9-1.5m),standard (0.9-1.5m),True,0.9952360061811534,width_bin,logistic_regression,dinov3_frozen_embeddings_logistic_regression
width_bin,Trail Bridge,2,109536,wide (>1.5m),wide (>1.5m),True,0.9490498604633029,width_bin,logistic_regression,dinov3_frozen_embeddings_logistic_regression
width_bin,Trail Bridge,2,109560,standard (0.9-1.5m),standard (0.9-1.5m),True,0.6499931348362165,width_bin,logistic_regression,dinov3_frozen_embeddings_logistic_regression
width_bin,Trail Bridge,2,110170,standard (0.9-1.5m),standard (0.9-1.5m),True,0.9995300290859642,width_bin,logistic_regression,dinov3_frozen_embeddings_logistic_regression
width_bin,Trail Bridge,2,110356,standard (0.9-1.5m),wide (>1.5m),False,0.5688123769942589,width_bin,logistic_regression,dinov3_frozen_embeddings_logistic_regression
width_bin,Trail Bridge,2,112338,standard (0.9-1.5m),standard (0.9-1.5m),True,0.9967158956897748,width_bin,logistic_regression,dinov3_frozen_embeddings_logistic_regression
width_bin,Trail Bridge,2,112340,standard (0.9-1.5m),narrow (<0.9m),False,0.9931060151514994,width_bin,logistic_regression,dinov3_frozen_embeddings_logistic_regression
width_bin,Trail Bridge,2,112348,standard (0.9-1.5m),standard (0.9-1.5m),True,0.9371621627595823,width_bin,logistic_regression,dinov3_frozen_embeddings_logistic_regression
width_bin,Trail Bridge,2,113164,standard (0.9-1.5m),wide (>1.5m),False,0.9541158068046663,width_bin,logistic_regression,dinov3_frozen_embeddings_logistic_regression
width_bin,Trail Bridge,2,114646,standard (0.9-1.5m),standard (0.9-1.5m),True,0.5193389497860158,width_bin,logistic_regression,dinov3_frozen_embeddings_logistic_regression
width_bin,Trail Bridge,2,114702,wide (>1.5m),wide (>1.5m),True,0.9955461379211966,width_bin,logistic_regression,dinov3_frozen_embeddings_logistic_regression
width_bin,Trail Bridge,2,114932,wide (>1.5m),wide (>1.5m),True,0.8961644856390104,width_bin,logistic_regression,dinov3_frozen_embeddings_logistic_regression
width_bin,Trail Bridge,2,114960,wide (>1.5m),standard (0.9-1.5m),False,0.7825539862705154,width_bin,logistic_regression,dinov3_frozen_embeddings_logistic_regression
width_bin,Trail Bridge,2,114971,wide (>1.5m),wide (>1.5m),True,0.7303368789721746,width_bin,logistic_regression,dinov3_frozen_embeddings_logistic_regression
width_bin,Trail Bridge,2,115261,narrow (<0.9m),wide (>1.5m),False,0.9835333662043181,width_bin,logistic_regression,dinov3_frozen_embeddings_logistic_regression
width_bin,Trail Bridge,2,117192,standard (0.9-1.5m),standard (0.9-1.5m),True,0.8319317495279597,width_bin,logistic_regression,dinov3_frozen_embeddings_logistic_regression
width_bin,Trail Bridge,2,117195,standard (0.9-1.5m),standard (0.9-1.5m),True,0.7615347794749839,width_bin,logistic_regression,dinov3_frozen_embeddings_logistic_regression
width_bin,Trail Bridge,2,117197,standard (0.9-1.5m),standard (0.9-1.5m),True,0.9997864205576553,width_bin,logistic_regression,dinov3_frozen_embeddings_logistic_regression
width_bin,Trail Bridge,2,117215,standard (0.9-1.5m),standard (0.9-1.5m),True,0.9999917654700526,width_bin,logistic_regression,dinov3_frozen_embeddings_logistic_regression
width_bin,Trail Bridge,2,117220,standard (0.9-1.5m),standard (0.9-1.5m),True,0.9372144085165357,width_bin,logistic_regression,dinov3_frozen_embeddings_logistic_regression
width_bin,Trail Bridge,2,117221,standard (0.9-1.5m),standard (0.9-1.5m),True,0.9999520946140181,width_bin,logistic_regression,dinov3_frozen_embeddings_logistic_regression
width_bin,Trail Bridge,2,117364,wide (>1.5m),standard (0.9-1.5m),False,0.7131994631523013,width_bin,logistic_regression,dinov3_frozen_embeddings_logistic_regression
width_bin,Trail Bridge,2,118246,narrow (<0.9m),standard (0.9-1.5m),False,0.996360299536539,width_bin,logistic_regression,dinov3_frozen_embeddings_logistic_regression
width_bin,Trail Bridge,2,118757,narrow (<0.9m),standard (0.9-1.5m),False,0.6518000774041686,width_bin,logistic_regression,dinov3_frozen_embeddings_logistic_regression
width_bin,Trail Bridge,2,118758,narrow (<0.9m),standard (0.9-1.5m),False,0.8589777772822385,width_bin,logistic_regression,dinov3_frozen_embeddings_logistic_regression
width_bin,Trail Bridge,2,118759,standard (0.9-1.5m),narrow (<0.9m),False,0.6793717530558587,width_bin,logistic_regression,dinov3_frozen_embeddings_logistic_regression
width_bin,Trail Bridge,2,119863,wide (>1.5m),standard (0.9-1.5m),False,0.9984572548204156,width_bin,logistic_regression,dinov3_frozen_embeddings_logistic_regression
width_bin,Trail Bridge,2,119973,wide (>1.5m),wide (>1.5m),True,0.8849301048959848,width_bin,logistic_regression,dinov3_frozen_embeddings_logistic_regression
width_bin,Trail Bridge,2,120706,wide (>1.5m),wide (>1.5m),True,0.9912640651215684,width_bin,logistic_regression,dinov3_frozen_embeddings_logistic_regression
width_bin,Trail Bridge,2,121500,wide (>1.5m),standard (0.9-1.5m),False,0.8790021598566559,width_bin,logistic_regression,dinov3_frozen_embeddings_logistic_regression
width_bin,Trail Bridge,2,122034,standard (0.9-1.5m),wide (>1.5m),False,0.8246315339543028,width_bin,logistic_regression,dinov3_frozen_embeddings_logistic_regression
width_bin,Trail Bridge,2,122439,narrow (<0.9m),standard (0.9-1.5m),False,0.9991439681598686,width_bin,logistic_regression,dinov3_frozen_embeddings_logistic_regression
width_bin,Trail Bridge,2,122444,standard (0.9-1.5m),standard (0.9-1.5m),True,0.9842608845570683,width_bin,logistic_regression,dinov3_frozen_embeddings_logistic_regression
width_bin,Trail Bridge,2,122442,standard (0.9-1.5m),standard (0.9-1.5m),True,0.9875945557281322,width_bin,logistic_regression,dinov3_frozen_embeddings_logistic_regression
width_bin,Trail Bridge,2,122725,wide (>1.5m),standard (0.9-1.5m),False,0.7957838556251938,width_bin,logistic_regression,dinov3_frozen_embeddings_logistic_regression
width_bin,Trail Bridge,2,122828,narrow (<0.9m),narrow (<0.9m),True,0.644614597049951,width_bin,logistic_regression,dinov3_frozen_embeddings_logistic_regression
width_bin,Trail Bridge,2,123159,wide (>1.5m),wide (>1.5m),True,0.9999355361650948,width_bin,logistic_regression,dinov3_frozen_embeddings_logistic_regression
width_bin,Trail Bridge,2,123161,wide (>1.5m),wide (>1.5m),True,0.9997195816305326,width_bin,logistic_regression,dinov3_frozen_embeddings_logistic_regression
width_bin,Trail Bridge,2,123585,standard (0.9-1.5m),wide (>1.5m),False,0.7859220163416972,width_bin,logistic_regression,dinov3_frozen_embeddings_logistic_regression
width_bin,Trail Bridge,2,126340,wide (>1.5m),standard (0.9-1.5m),False,0.997677706827212,width_bin,logistic_regression,dinov3_frozen_embeddings_logistic_regression
width_bin,Trail Bridge,2,126737,narrow (<0.9m),standard (0.9-1.5m),False,0.9999769130623213,width_bin,logistic_regression,dinov3_frozen_embeddings_logistic_regression
width_bin,Trail Bridge,2,126779,standard (0.9-1.5m),standard (0.9-1.5m),True,0.9999912790192814,width_bin,logistic_regression,dinov3_frozen_embeddings_logistic_regression
width_bin,Trail Bridge,2,127136,wide (>1.5m),wide (>1.5m),True,0.5747513400824693,width_bin,logistic_regression,dinov3_frozen_embeddings_logistic_regression
width_bin,Trail Bridge,2,127147,standard (0.9-1.5m),standard (0.9-1.5m),True,0.994220679205451,width_bin,logistic_regression,dinov3_frozen_embeddings_logistic_regression
width_bin,Trail Bridge,2,127523,wide (>1.5m),standard (0.9-1.5m),False,0.5279325413814379,width_bin,logistic_regression,dinov3_frozen_embeddings_logistic_regression
width_bin,Trail Bridge,2,128643,standard (0.9-1.5m),wide (>1.5m),False,0.7405578463634266,width_bin,logistic_regression,dinov3_frozen_embeddings_logistic_regression
width_bin,Trail Bridge,2,129364,standard (0.9-1.5m),narrow (<0.9m),False,0.5750447120371716,width_bin,logistic_regression,dinov3_frozen_embeddings_logistic_regression
width_bin,Trail Bridge,3,46926,standard (0.9-1.5m),wide (>1.5m),False,0.9502153782224113,width_bin,logistic_regression,dinov3_frozen_embeddings_logistic_regression
width_bin,Trail Bridge,3,46929,standard (0.9-1.5m),narrow (<0.9m),False,0.9122818600819699,width_bin,logistic_regression,dinov3_frozen_embeddings_logistic_regression
width_bin,Trail Bridge,3,47532,wide (>1.5m),wide (>1.5m),True,0.5923344979333794,width_bin,logistic_regression,dinov3_frozen_embeddings_logistic_regression
width_bin,Trail Bridge,3,47533,wide (>1.5m),standard (0.9-1.5m),False,0.9829626565806049,width_bin,logistic_regression,dinov3_frozen_embeddings_logistic_regression
width_bin,Trail Bridge,3,47637,standard (0.9-1.5m),wide (>1.5m),False,0.6650479312929767,width_bin,logistic_regression,dinov3_frozen_embeddings_logistic_regression
width_bin,Trail Bridge,3,48340,standard (0.9-1.5m),standard (0.9-1.5m),True,0.9996017218362645,width_bin,logistic_regression,dinov3_frozen_embeddings_logistic_regression
width_bin,Trail Bridge,3,48341,standard (0.9-1.5m),wide (>1.5m),False,0.9947963746908676,width_bin,logistic_regression,dinov3_frozen_embeddings_logistic_regression
width_bin,Trail Bridge,3,48697,standard (0.9-1.5m),standard (0.9-1.5m),True,0.952214712410096,width_bin,logistic_regression,dinov3_frozen_embeddings_logistic_regression
width_bin,Trail Bridge,3,49063,narrow (<0.9m),standard (0.9-1.5m),False,0.9999960612651272,width_bin,logistic_regression,dinov3_frozen_embeddings_logistic_regression
width_bin,Trail Bridge,3,49680,standard (0.9-1.5m),wide (>1.5m),False,0.644072112589066,width_bin,logistic_regression,dinov3_frozen_embeddings_logistic_regression
width_bin,Trail Bridge,3,51234,standard (0.9-1.5m),narrow (<0.9m),False,0.6888804600623055,width_bin,logistic_regression,dinov3_frozen_embeddings_logistic_regression
width_bin,Trail Bridge,3,51244,standard (0.9-1.5m),standard (0.9-1.5m),True,0.681116173682127,width_bin,logistic_regression,dinov3_frozen_embeddings_logistic_regression
width_bin,Trail Bridge,3,51532,standard (0.9-1.5m),standard (0.9-1.5m),True,0.9999866971890903,width_bin,logistic_regression,dinov3_frozen_embeddings_logistic_regression
width_bin,Trail Bridge,3,51798,wide (>1.5m),standard (0.9-1.5m),False,0.996686443615068,width_bin,logistic_regression,dinov3_frozen_embeddings_logistic_regression
width_bin,Trail Bridge,3,52242,standard (0.9-1.5m),standard (0.9-1.5m),True,0.9573653522951879,width_bin,logistic_regression,dinov3_frozen_embeddings_logistic_regression
width_bin,Trail Bridge,3,52457,narrow (<0.9m),standard (0.9-1.5m),False,0.9999986669040325,width_bin,logistic_regression,dinov3_frozen_embeddings_logistic_regression
width_bin,Trail Bridge,3,53985,wide (>1.5m),wide (>1.5m),True,0.6607583856609989,width_bin,logistic_regression,dinov3_frozen_embeddings_logistic_regression
width_bin,Trail Bridge,3,54326,standard (0.9-1.5m),standard (0.9-1.5m),True,0.9985205759924749,width_bin,logistic_regression,dinov3_frozen_embeddings_logistic_regression
width_bin,Trail Bridge,3,55272,standard (0.9-1.5m),wide (>1.5m),False,0.8743810348144317,width_bin,logistic_regression,dinov3_frozen_embeddings_logistic_regression
width_bin,Trail Bridge,3,56206,standard (0.9-1.5m),wide (>1.5m),False,0.6701307914968918,width_bin,logistic_regression,dinov3_frozen_embeddings_logistic_regression
width_bin,Trail Bridge,3,56470,wide (>1.5m),wide (>1.5m),True,0.9977868454061021,width_bin,logistic_regression,dinov3_frozen_embeddings_logistic_regression
width_bin,Trail Bridge,3,56777,standard (0.9-1.5m),standard (0.9-1.5m),True,0.9999937551969874,width_bin,logistic_regression,dinov3_frozen_embeddings_logistic_regression
width_bin,Trail Bridge,3,58160,wide (>1.5m),standard (0.9-1.5m),False,0.9747703448191954,width_bin,logistic_regression,dinov3_frozen_embeddings_logistic_regression
width_bin,Trail Bridge,3,58164,standard (0.9-1.5m),standard (0.9-1.5m),True,0.9431532224668033,width_bin,logistic_regression,dinov3_frozen_embeddings_logistic_regression
width_bin,Trail Bridge,3,58957,standard (0.9-1.5m),wide (>1.5m),False,0.8834100208084698,width_bin,logistic_regression,dinov3_frozen_embeddings_logistic_regression
width_bin,Trail Bridge,3,59060,wide (>1.5m),wide (>1.5m),True,0.9834006838196861,width_bin,logistic_regression,dinov3_frozen_embeddings_logistic_regression
width_bin,Trail Bridge,3,61113,standard (0.9-1.5m),narrow (<0.9m),False,0.9965180130741341,width_bin,logistic_regression,dinov3_frozen_embeddings_logistic_regression
width_bin,Trail Bridge,3,61414,wide (>1.5m),standard (0.9-1.5m),False,0.9177841805512339,width_bin,logistic_regression,dinov3_frozen_embeddings_logistic_regression
width_bin,Trail Bridge,3,61610,standard (0.9-1.5m),standard (0.9-1.5m),True,0.9999225899621393,width_bin,logistic_regression,dinov3_frozen_embeddings_logistic_regression
width_bin,Trail Bridge,3,62442,standard (0.9-1.5m),standard (0.9-1.5m),True,0.6797072028124604,width_bin,logistic_regression,dinov3_frozen_embeddings_logistic_regression
width_bin,Trail Bridge,3,62443,standard (0.9-1.5m),wide (>1.5m),False,0.7197894048894029,width_bin,logistic_regression,dinov3_frozen_embeddings_logistic_regression
width_bin,Trail Bridge,3,63217,standard (0.9-1.5m),wide (>1.5m),False,0.8307889156713346,width_bin,logistic_regression,dinov3_frozen_embeddings_logistic_regression
width_bin,Trail Bridge,3,63218,standard (0.9-1.5m),wide (>1.5m),False,0.718003792369097,width_bin,logistic_regression,dinov3_frozen_embeddings_logistic_regression
width_bin,Trail Bridge,3,63389,standard (0.9-1.5m),standard (0.9-1.5m),True,0.5408551831405835,width_bin,logistic_regression,dinov3_frozen_embeddings_logistic_regression
width_bin,Trail Bridge,3,64100,standard (0.9-1.5m),wide (>1.5m),False,0.985454226327718,width_bin,logistic_regression,dinov3_frozen_embeddings_logistic_regression
width_bin,Trail Bridge,3,64102,standard (0.9-1.5m),wide (>1.5m),False,0.8658536692297498,width_bin,logistic_regression,dinov3_frozen_embeddings_logistic_regression
width_bin,Trail Bridge,3,64108,standard (0.9-1.5m),standard (0.9-1.5m),True,0.9723441236241424,width_bin,logistic_regression,dinov3_frozen_embeddings_logistic_regression
width_bin,Trail Bridge,3,64118,standard (0.9-1.5m),standard (0.9-1.5m),True,0.9994171056150052,width_bin,logistic_regression,dinov3_frozen_embeddings_logistic_regression
width_bin,Trail Bridge,3,64129,standard (0.9-1.5m),standard (0.9-1.5m),True,0.7597375419018785,width_bin,logistic_regression,dinov3_frozen_embeddings_logistic_regression
width_bin,Trail Bridge,3,65424,standard (0.9-1.5m),wide (>1.5m),False,0.7814330651335112,width_bin,logistic_regression,dinov3_frozen_embeddings_logistic_regression
width_bin,Trail Bridge,3,66169,standard (0.9-1.5m),standard (0.9-1.5m),True,0.9992088748869254,width_bin,logistic_regression,dinov3_frozen_embeddings_logistic_regression
width_bin,Trail Bridge,3,66171,standard (0.9-1.5m),standard (0.9-1.5m),True,0.9297279509018342,width_bin,logistic_regression,dinov3_frozen_embeddings_logistic_regression
width_bin,Trail Bridge,3,66173,standard (0.9-1.5m),standard (0.9-1.5m),True,0.9994503898624636,width_bin,logistic_regression,dinov3_frozen_embeddings_logistic_regression
width_bin,Trail Bridge,3,66922,wide (>1.5m),standard (0.9-1.5m),False,0.997931575043616,width_bin,logistic_regression,dinov3_frozen_embeddings_logistic_regression
width_bin,Trail Bridge,3,67205,wide (>1.5m),standard (0.9-1.5m),False,0.5027284602227615,width_bin,logistic_regression,dinov3_frozen_embeddings_logistic_regression
width_bin,Trail Bridge,3,83140,standard (0.9-1.5m),standard (0.9-1.5m),True,0.8499725947157996,width_bin,logistic_regression,dinov3_frozen_embeddings_logistic_regression
width_bin,Trail Bridge,3,83900,standard (0.9-1.5m),standard (0.9-1.5m),True,0.9572733187021117,width_bin,logistic_regression,dinov3_frozen_embeddings_logistic_regression
width_bin,Trail Bridge,3,86518,wide (>1.5m),standard (0.9-1.5m),False,0.6132809277274957,width_bin,logistic_regression,dinov3_frozen_embeddings_logistic_regression
width_bin,Trail Bridge,3,86597,wide (>1.5m),wide (>1.5m),True,0.9463484124208884,width_bin,logistic_regression,dinov3_frozen_embeddings_logistic_regression
width_bin,Trail Bridge,3,87188,standard (0.9-1.5m),standard (0.9-1.5m),True,0.9885707043507681,width_bin,logistic_regression,dinov3_frozen_embeddings_logistic_regression
width_bin,Trail Bridge,3,89450,standard (0.9-1.5m),standard (0.9-1.5m),True,0.9999454040097486,width_bin,logistic_regression,dinov3_frozen_embeddings_logistic_regression
width_bin,Trail Bridge,3,89609,wide (>1.5m),wide (>1.5m),True,0.99736647780639,width_bin,logistic_regression,dinov3_frozen_embeddings_logistic_regression
width_bin,Trail Bridge,3,92033,narrow (<0.9m),standard (0.9-1.5m),False,0.9127220573416672,width_bin,logistic_regression,dinov3_frozen_embeddings_logistic_regression
width_bin,Trail Bridge,3,92800,standard (0.9-1.5m),wide (>1.5m),False,0.9233460794332917,width_bin,logistic_regression,dinov3_frozen_embeddings_logistic_regression
width_bin,Trail Bridge,3,93043,standard (0.9-1.5m),standard (0.9-1.5m),True,0.524432576945714,width_bin,logistic_regression,dinov3_frozen_embeddings_logistic_regression
width_bin,Trail Bridge,3,94777,wide (>1.5m),standard (0.9-1.5m),False,0.9996193121070415,width_bin,logistic_regression,dinov3_frozen_embeddings_logistic_regression
width_bin,Trail Bridge,3,99459,standard (0.9-1.5m),wide (>1.5m),False,0.9437816448339862,width_bin,logistic_regression,dinov3_frozen_embeddings_logistic_regression
width_bin,Trail Bridge,3,99615,wide (>1.5m),wide (>1.5m),True,0.9427663173339422,width_bin,logistic_regression,dinov3_frozen_embeddings_logistic_regression
width_bin,Trail Bridge,3,99844,standard (0.9-1.5m),wide (>1.5m),False,0.9644790555983142,width_bin,logistic_regression,dinov3_frozen_embeddings_logistic_regression
width_bin,Trail Bridge,3,100140,wide (>1.5m),standard (0.9-1.5m),False,0.7034668412874567,width_bin,logistic_regression,dinov3_frozen_embeddings_logistic_regression
width_bin,Trail Bridge,3,100148,standard (0.9-1.5m),standard (0.9-1.5m),True,0.996773929077151,width_bin,logistic_regression,dinov3_frozen_embeddings_logistic_regression
width_bin,Trail Bridge,3,100267,wide (>1.5m),wide (>1.5m),True,0.9792261422303071,width_bin,logistic_regression,dinov3_frozen_embeddings_logistic_regression
width_bin,Trail Bridge,3,100270,wide (>1.5m),standard (0.9-1.5m),False,0.6138187802094349,width_bin,logistic_regression,dinov3_frozen_embeddings_logistic_regression
width_bin,Trail Bridge,3,100347,narrow (<0.9m),standard (0.9-1.5m),False,0.49668894447792344,width_bin,logistic_regression,dinov3_frozen_embeddings_logistic_regression
width_bin,Trail Bridge,3,100450,wide (>1.5m),wide (>1.5m),True,0.9802801072005564,width_bin,logistic_regression,dinov3_frozen_embeddings_logistic_regression
width_bin,Trail Bridge,3,100758,wide (>1.5m),wide (>1.5m),True,0.8992188234297954,width_bin,logistic_regression,dinov3_frozen_embeddings_logistic_regression
width_bin,Trail Bridge,3,102422,wide (>1.5m),narrow (<0.9m),False,0.7543704015832707,width_bin,logistic_regression,dinov3_frozen_embeddings_logistic_regression
width_bin,Trail Bridge,3,102436,wide (>1.5m),standard (0.9-1.5m),False,0.5483816681218024,width_bin,logistic_regression,dinov3_frozen_embeddings_logistic_regression
width_bin,Trail Bridge,3,103526,standard (0.9-1.5m),standard (0.9-1.5m),True,0.9999655152837914,width_bin,logistic_regression,dinov3_frozen_embeddings_logistic_regression
width_bin,Trail Bridge,3,106027,narrow (<0.9m),narrow (<0.9m),True,0.9726088483347666,width_bin,logistic_regression,dinov3_frozen_embeddings_logistic_regression
width_bin,Trail Bridge,3,106030,narrow (<0.9m),narrow (<0.9m),True,0.5652806863008238,width_bin,logistic_regression,dinov3_frozen_embeddings_logistic_regression
width_bin,Trail Bridge,3,106036,narrow (<0.9m),narrow (<0.9m),True,0.9915558150265368,width_bin,logistic_regression,dinov3_frozen_embeddings_logistic_regression
width_bin,Trail Bridge,3,106050,narrow (<0.9m),narrow (<0.9m),True,0.7892158615448354,width_bin,logistic_regression,dinov3_frozen_embeddings_logistic_regression
width_bin,Trail Bridge,3,106273,standard (0.9-1.5m),wide (>1.5m),False,0.9827461270683739,width_bin,logistic_regression,dinov3_frozen_embeddings_logistic_regression
width_bin,Trail Bridge,3,106637,standard (0.9-1.5m),standard (0.9-1.5m),True,0.9487803450119677,width_bin,logistic_regression,dinov3_frozen_embeddings_logistic_regression
width_bin,Trail Bridge,3,106920,standard (0.9-1.5m),standard (0.9-1.5m),True,0.9971123209885531,width_bin,logistic_regression,dinov3_frozen_embeddings_logistic_regression
width_bin,Trail Bridge,3,106925,standard (0.9-1.5m),standard (0.9-1.5m),True,0.9011800817934221,width_bin,logistic_regression,dinov3_frozen_embeddings_logistic_regression
width_bin,Trail Bridge,3,107068,standard (0.9-1.5m),wide (>1.5m),False,0.3766389040862197,width_bin,logistic_regression,dinov3_frozen_embeddings_logistic_regression
width_bin,Trail Bridge,3,107069,standard (0.9-1.5m),standard (0.9-1.5m),True,0.8719137416640383,width_bin,logistic_regression,dinov3_frozen_embeddings_logistic_regression
width_bin,Trail Bridge,3,107295,standard (0.9-1.5m),standard (0.9-1.5m),True,0.9999733482437115,width_bin,logistic_regression,dinov3_frozen_embeddings_logistic_regression
width_bin,Trail Bridge,3,107922,standard (0.9-1.5m),standard (0.9-1.5m),True,0.45629908220745485,width_bin,logistic_regression,dinov3_frozen_embeddings_logistic_regression
width_bin,Trail Bridge,3,107998,standard (0.9-1.5m),standard (0.9-1.5m),True,0.8491971481958652,width_bin,logistic_regression,dinov3_frozen_embeddings_logistic_regression
width_bin,Trail Bridge,3,108019,standard (0.9-1.5m),standard (0.9-1.5m),True,0.9782164207099986,width_bin,logistic_regression,dinov3_frozen_embeddings_logistic_regression
width_bin,Trail Bridge,3,108785,standard (0.9-1.5m),standard (0.9-1.5m),True,0.9686127903562001,width_bin,logistic_regression,dinov3_frozen_embeddings_logistic_regression
width_bin,Trail Bridge,3,108797,narrow (<0.9m),standard (0.9-1.5m),False,0.9997886275361775,width_bin,logistic_regression,dinov3_frozen_embeddings_logistic_regression
width_bin,Trail Bridge,3,109149,standard (0.9-1.5m),standard (0.9-1.5m),True,0.9883717808273222,width_bin,logistic_regression,dinov3_frozen_embeddings_logistic_regression
width_bin,Trail Bridge,3,109151,standard (0.9-1.5m),standard (0.9-1.5m),True,0.9999904544865471,width_bin,logistic_regression,dinov3_frozen_embeddings_logistic_regression
width_bin,Trail Bridge,3,109407,narrow (<0.9m),standard (0.9-1.5m),False,0.9599377469007725,width_bin,logistic_regression,dinov3_frozen_embeddings_logistic_regression
width_bin,Trail Bridge,3,109535,wide (>1.5m),standard (0.9-1.5m),False,0.7466786310943714,width_bin,logistic_regression,dinov3_frozen_embeddings_logistic_regression
width_bin,Trail Bridge,3,110121,standard (0.9-1.5m),wide (>1.5m),False,0.9862414422740109,width_bin,logistic_regression,dinov3_frozen_embeddings_logistic_regression
width_bin,Trail Bridge,3,110169,standard (0.9-1.5m),standard (0.9-1.5m),True,0.9998502673058064,width_bin,logistic_regression,dinov3_frozen_embeddings_logistic_regression
width_bin,Trail Bridge,3,112369,narrow (<0.9m),standard (0.9-1.5m),False,0.9990353166016639,width_bin,logistic_regression,dinov3_frozen_embeddings_logistic_regression
width_bin,Trail Bridge,3,112406,standard (0.9-1.5m),standard (0.9-1.5m),True,0.9988595487048042,width_bin,logistic_regression,dinov3_frozen_embeddings_logistic_regression
width_bin,Trail Bridge,3,112411,standard (0.9-1.5m),standard (0.9-1.5m),True,0.9996240897070857,width_bin,logistic_regression,dinov3_frozen_embeddings_logistic_regression
width_bin,Trail Bridge,3,113244,wide (>1.5m),standard (0.9-1.5m),False,0.6181045688830191,width_bin,logistic_regression,dinov3_frozen_embeddings_logistic_regression
width_bin,Trail Bridge,3,113805,wide (>1.5m),standard (0.9-1.5m),False,0.6260863199296841,width_bin,logistic_regression,dinov3_frozen_embeddings_logistic_regression
width_bin,Trail Bridge,3,113952,wide (>1.5m),standard (0.9-1.5m),False,0.9728696455783115,width_bin,logistic_regression,dinov3_frozen_embeddings_logistic_regression
width_bin,Trail Bridge,3,113958,wide (>1.5m),wide (>1.5m),True,0.8943008780087782,width_bin,logistic_regression,dinov3_frozen_embeddings_logistic_regression
width_bin,Trail Bridge,3,114047,standard (0.9-1.5m),standard (0.9-1.5m),True,0.8685384847375306,width_bin,logistic_regression,dinov3_frozen_embeddings_logistic_regression
width_bin,Trail Bridge,3,114290,standard (0.9-1.5m),standard (0.9-1.5m),True,0.9932994162620586,width_bin,logistic_regression,dinov3_frozen_embeddings_logistic_regression
width_bin,Trail Bridge,3,114635,narrow (<0.9m),narrow (<0.9m),True,0.5462731212580744,width_bin,logistic_regression,dinov3_frozen_embeddings_logistic_regression
width_bin,Trail Bridge,3,114996,standard (0.9-1.5m),standard (0.9-1.5m),True,0.9966141646764035,width_bin,logistic_regression,dinov3_frozen_embeddings_logistic_regression
width_bin,Trail Bridge,3,115209,narrow (<0.9m),narrow (<0.9m),True,0.9421358288343199,width_bin,logistic_regression,dinov3_frozen_embeddings_logistic_regression
width_bin,Trail Bridge,3,115807,wide (>1.5m),wide (>1.5m),True,0.9984145625788967,width_bin,logistic_regression,dinov3_frozen_embeddings_logistic_regression
width_bin,Trail Bridge,3,116051,standard (0.9-1.5m),narrow (<0.9m),False,0.9361460593758696,width_bin,logistic_regression,dinov3_frozen_embeddings_logistic_regression
width_bin,Trail Bridge,3,116854,standard (0.9-1.5m),standard (0.9-1.5m),True,0.5751166233140267,width_bin,logistic_regression,dinov3_frozen_embeddings_logistic_regression
width_bin,Trail Bridge,3,117196,standard (0.9-1.5m),standard (0.9-1.5m),True,0.9633320364398152,width_bin,logistic_regression,dinov3_frozen_embeddings_logistic_regression
width_bin,Trail Bridge,3,117222,standard (0.9-1.5m),standard (0.9-1.5m),True,0.9999773948240883,width_bin,logistic_regression,dinov3_frozen_embeddings_logistic_regression
width_bin,Trail Bridge,3,117365,wide (>1.5m),wide (>1.5m),True,0.9156256546429555,width_bin,logistic_regression,dinov3_frozen_embeddings_logistic_regression
width_bin,Trail Bridge,3,118878,wide (>1.5m),standard (0.9-1.5m),False,0.8033262194496842,width_bin,logistic_regression,dinov3_frozen_embeddings_logistic_regression
width_bin,Trail Bridge,3,118923,wide (>1.5m),standard (0.9-1.5m),False,0.9999975494686236,width_bin,logistic_regression,dinov3_frozen_embeddings_logistic_regression
width_bin,Trail Bridge,3,120999,standard (0.9-1.5m),standard (0.9-1.5m),True,0.9945928389821773,width_bin,logistic_regression,dinov3_frozen_embeddings_logistic_regression
width_bin,Trail Bridge,3,121649,wide (>1.5m),standard (0.9-1.5m),False,0.9999641031206091,width_bin,logistic_regression,dinov3_frozen_embeddings_logistic_regression
width_bin,Trail Bridge,3,121796,standard (0.9-1.5m),standard (0.9-1.5m),True,0.7609604585908678,width_bin,logistic_regression,dinov3_frozen_embeddings_logistic_regression
width_bin,Trail Bridge,3,122263,standard (0.9-1.5m),wide (>1.5m),False,0.9792742799542415,width_bin,logistic_regression,dinov3_frozen_embeddings_logistic_regression
width_bin,Trail Bridge,3,122980,standard (0.9-1.5m),standard (0.9-1.5m),True,0.9090540395539817,width_bin,logistic_regression,dinov3_frozen_embeddings_logistic_regression
width_bin,Trail Bridge,3,123309,wide (>1.5m),wide (>1.5m),True,0.978400908849486,width_bin,logistic_regression,dinov3_frozen_embeddings_logistic_regression
width_bin,Trail Bridge,3,123352,wide (>1.5m),wide (>1.5m),True,0.9881729108390386,width_bin,logistic_regression,dinov3_frozen_embeddings_logistic_regression
width_bin,Trail Bridge,3,126334,wide (>1.5m),wide (>1.5m),True,0.657215964720677,width_bin,logistic_regression,dinov3_frozen_embeddings_logistic_regression
width_bin,Trail Bridge,3,126683,standard (0.9-1.5m),wide (>1.5m),False,0.8696873918068518,width_bin,logistic_regression,dinov3_frozen_embeddings_logistic_regression
width_bin,Trail Bridge,3,126721,wide (>1.5m),standard (0.9-1.5m),False,0.9984401046760184,width_bin,logistic_regression,dinov3_frozen_embeddings_logistic_regression
width_bin,Trail Bridge,3,126806,standard (0.9-1.5m),standard (0.9-1.5m),True,0.9993187297967245,width_bin,logistic_regression,dinov3_frozen_embeddings_logistic_regression
width_bin,Trail Bridge,3,127145,standard (0.9-1.5m),wide (>1.5m),False,0.8861154416495989,width_bin,logistic_regression,dinov3_frozen_embeddings_logistic_regression
width_bin,Trail Bridge,3,127204,standard (0.9-1.5m),narrow (<0.9m),False,0.853293678869091,width_bin,logistic_regression,dinov3_frozen_embeddings_logistic_regression
width_bin,Trail Bridge,3,129305,standard (0.9-1.5m),standard (0.9-1.5m),True,0.9441032254000249,width_bin,logistic_regression,dinov3_frozen_embeddings_logistic_regression
width_bin,Trail Bridge,4,47389,standard (0.9-1.5m),standard (0.9-1.5m),True,0.9992040264805658,width_bin,logistic_regression,dinov3_frozen_embeddings_logistic_regression
width_bin,Trail Bridge,4,47633,wide (>1.5m),wide (>1.5m),True,0.8955473876026084,width_bin,logistic_regression,dinov3_frozen_embeddings_logistic_regression
width_bin,Trail Bridge,4,48296,standard (0.9-1.5m),wide (>1.5m),False,0.9992225950969397,width_bin,logistic_regression,dinov3_frozen_embeddings_logistic_regression
width_bin,Trail Bridge,4,48343,wide (>1.5m),standard (0.9-1.5m),False,0.6269385308720811,width_bin,logistic_regression,dinov3_frozen_embeddings_logistic_regression
width_bin,Trail Bridge,4,48344,wide (>1.5m),standard (0.9-1.5m),False,0.9666897376958669,width_bin,logistic_regression,dinov3_frozen_embeddings_logistic_regression
width_bin,Trail Bridge,4,48628,standard (0.9-1.5m),standard (0.9-1.5m),True,0.9090101598307703,width_bin,logistic_regression,dinov3_frozen_embeddings_logistic_regression
width_bin,Trail Bridge,4,48695,standard (0.9-1.5m),standard (0.9-1.5m),True,0.9999567610623633,width_bin,logistic_regression,dinov3_frozen_embeddings_logistic_regression
width_bin,Trail Bridge,4,49057,narrow (<0.9m),standard (0.9-1.5m),False,0.9984062274591988,width_bin,logistic_regression,dinov3_frozen_embeddings_logistic_regression
width_bin,Trail Bridge,4,49664,wide (>1.5m),wide (>1.5m),True,0.9958559310855528,width_bin,logistic_regression,dinov3_frozen_embeddings_logistic_regression
width_bin,Trail Bridge,4,49682,standard (0.9-1.5m),wide (>1.5m),False,0.44602887953415216,width_bin,logistic_regression,dinov3_frozen_embeddings_logistic_regression
width_bin,Trail Bridge,4,50231,standard (0.9-1.5m),standard (0.9-1.5m),True,0.9748948433095402,width_bin,logistic_regression,dinov3_frozen_embeddings_logistic_regression
width_bin,Trail Bridge,4,50770,standard (0.9-1.5m),standard (0.9-1.5m),True,0.5268004390864471,width_bin,logistic_regression,dinov3_frozen_embeddings_logistic_regression
width_bin,Trail Bridge,4,51218,standard (0.9-1.5m),standard (0.9-1.5m),True,0.9999742068102115,width_bin,logistic_regression,dinov3_frozen_embeddings_logistic_regression
width_bin,Trail Bridge,4,51248,standard (0.9-1.5m),wide (>1.5m),False,0.7854807877876325,width_bin,logistic_regression,dinov3_frozen_embeddings_logistic_regression
width_bin,Trail Bridge,4,51531,wide (>1.5m),standard (0.9-1.5m),False,0.9114276106737627,width_bin,logistic_regression,dinov3_frozen_embeddings_logistic_regression
width_bin,Trail Bridge,4,53193,standard (0.9-1.5m),wide (>1.5m),False,0.6710203794688587,width_bin,logistic_regression,dinov3_frozen_embeddings_logistic_regression
width_bin,Trail Bridge,4,53195,wide (>1.5m),wide (>1.5m),True,0.9999009853302206,width_bin,logistic_regression,dinov3_frozen_embeddings_logistic_regression
width_bin,Trail Bridge,4,53198,wide (>1.5m),wide (>1.5m),True,0.9177107605472843,width_bin,logistic_regression,dinov3_frozen_embeddings_logistic_regression
width_bin,Trail Bridge,4,53200,standard (0.9-1.5m),standard (0.9-1.5m),True,0.9324695790661239,width_bin,logistic_regression,dinov3_frozen_embeddings_logistic_regression
width_bin,Trail Bridge,4,53986,wide (>1.5m),wide (>1.5m),True,0.9999787471028253,width_bin,logistic_regression,dinov3_frozen_embeddings_logistic_regression
width_bin,Trail Bridge,4,55465,standard (0.9-1.5m),standard (0.9-1.5m),True,0.9785258438019013,width_bin,logistic_regression,dinov3_frozen_embeddings_logistic_regression
width_bin,Trail Bridge,4,55633,standard (0.9-1.5m),standard (0.9-1.5m),True,0.9999766721859911,width_bin,logistic_regression,dinov3_frozen_embeddings_logistic_regression
width_bin,Trail Bridge,4,55641,standard (0.9-1.5m),narrow (<0.9m),False,0.9950306371130921,width_bin,logistic_regression,dinov3_frozen_embeddings_logistic_regression
width_bin,Trail Bridge,4,55798,wide (>1.5m),standard (0.9-1.5m),False,0.9962405746777449,width_bin,logistic_regression,dinov3_frozen_embeddings_logistic_regression
width_bin,Trail Bridge,4,56204,standard (0.9-1.5m),narrow (<0.9m),False,0.5124690083212858,width_bin,logistic_regression,dinov3_frozen_embeddings_logistic_regression
width_bin,Trail Bridge,4,56876,wide (>1.5m),narrow (<0.9m),False,0.9384063733326721,width_bin,logistic_regression,dinov3_frozen_embeddings_logistic_regression
width_bin,Trail Bridge,4,57834,wide (>1.5m),standard (0.9-1.5m),False,0.9003676453136,width_bin,logistic_regression,dinov3_frozen_embeddings_logistic_regression
width_bin,Trail Bridge,4,58162,standard (0.9-1.5m),wide (>1.5m),False,0.9874798114184988,width_bin,logistic_regression,dinov3_frozen_embeddings_logistic_regression
width_bin,Trail Bridge,4,58169,wide (>1.5m),standard (0.9-1.5m),False,0.9695823044063483,width_bin,logistic_regression,dinov3_frozen_embeddings_logistic_regression
width_bin,Trail Bridge,4,58410,wide (>1.5m),wide (>1.5m),True,0.9997931246458186,width_bin,logistic_regression,dinov3_frozen_embeddings_logistic_regression
width_bin,Trail Bridge,4,58677,standard (0.9-1.5m),standard (0.9-1.5m),True,0.9961682956607081,width_bin,logistic_regression,dinov3_frozen_embeddings_logistic_regression
width_bin,Trail Bridge,4,58954,standard (0.9-1.5m),standard (0.9-1.5m),True,0.8520385020137498,width_bin,logistic_regression,dinov3_frozen_embeddings_logistic_regression
width_bin,Trail Bridge,4,58956,standard (0.9-1.5m),standard (0.9-1.5m),True,0.7355727253456674,width_bin,logistic_regression,dinov3_frozen_embeddings_logistic_regression
width_bin,Trail Bridge,4,60689,standard (0.9-1.5m),standard (0.9-1.5m),True,0.726618479883274,width_bin,logistic_regression,dinov3_frozen_embeddings_logistic_regression
width_bin,Trail Bridge,4,60956,standard (0.9-1.5m),standard (0.9-1.5m),True,0.9996761247469209,width_bin,logistic_regression,dinov3_frozen_embeddings_logistic_regression
width_bin,Trail Bridge,4,61413,wide (>1.5m),wide (>1.5m),True,0.9993058242836643,width_bin,logistic_regression,dinov3_frozen_embeddings_logistic_regression
width_bin,Trail Bridge,4,61415,wide (>1.5m),wide (>1.5m),True,0.9948679299328104,width_bin,logistic_regression,dinov3_frozen_embeddings_logistic_regression
width_bin,Trail Bridge,4,61416,wide (>1.5m),wide (>1.5m),True,0.9916981106552648,width_bin,logistic_regression,dinov3_frozen_embeddings_logistic_regression
width_bin,Trail Bridge,4,61499,standard (0.9-1.5m),standard (0.9-1.5m),True,0.996595520368096,width_bin,logistic_regression,dinov3_frozen_embeddings_logistic_regression
width_bin,Trail Bridge,4,61731,standard (0.9-1.5m),standard (0.9-1.5m),True,0.9751950131652921,width_bin,logistic_regression,dinov3_frozen_embeddings_logistic_regression
width_bin,Trail Bridge,4,62088,standard (0.9-1.5m),wide (>1.5m),False,0.8646028391806506,width_bin,logistic_regression,dinov3_frozen_embeddings_logistic_regression
width_bin,Trail Bridge,4,62290,narrow (<0.9m),wide (>1.5m),False,0.9097425600872021,width_bin,logistic_regression,dinov3_frozen_embeddings_logistic_regression
width_bin,Trail Bridge,4,62927,standard (0.9-1.5m),wide (>1.5m),False,0.8978689271147461,width_bin,logistic_regression,dinov3_frozen_embeddings_logistic_regression
width_bin,Trail Bridge,4,63219,standard (0.9-1.5m),standard (0.9-1.5m),True,0.9976286490779309,width_bin,logistic_regression,dinov3_frozen_embeddings_logistic_regression
width_bin,Trail Bridge,4,63539,standard (0.9-1.5m),standard (0.9-1.5m),True,0.9890551549227006,width_bin,logistic_regression,dinov3_frozen_embeddings_logistic_regression
width_bin,Trail Bridge,4,64098,standard (0.9-1.5m),standard (0.9-1.5m),True,0.720346841836021,width_bin,logistic_regression,dinov3_frozen_embeddings_logistic_regression
width_bin,Trail Bridge,4,64105,standard (0.9-1.5m),standard (0.9-1.5m),True,0.9998388867120815,width_bin,logistic_regression,dinov3_frozen_embeddings_logistic_regression
width_bin,Trail Bridge,4,64111,standard (0.9-1.5m),standard (0.9-1.5m),True,0.9996947779203658,width_bin,logistic_regression,dinov3_frozen_embeddings_logistic_regression
width_bin,Trail Bridge,4,64114,standard (0.9-1.5m),narrow (<0.9m),False,0.9967168931444904,width_bin,logistic_regression,dinov3_frozen_embeddings_logistic_regression
width_bin,Trail Bridge,4,64116,standard (0.9-1.5m),wide (>1.5m),False,0.9999235249720864,width_bin,logistic_regression,dinov3_frozen_embeddings_logistic_regression
width_bin,Trail Bridge,4,64131,wide (>1.5m),wide (>1.5m),True,0.943176238201292,width_bin,logistic_regression,dinov3_frozen_embeddings_logistic_regression
width_bin,Trail Bridge,4,66207,standard (0.9-1.5m),narrow (<0.9m),False,0.7343191754884991,width_bin,logistic_regression,dinov3_frozen_embeddings_logistic_regression
width_bin,Trail Bridge,4,66915,standard (0.9-1.5m),wide (>1.5m),False,0.9974067801250014,width_bin,logistic_regression,dinov3_frozen_embeddings_logistic_regression
width_bin,Trail Bridge,4,66917,narrow (<0.9m),standard (0.9-1.5m),False,0.9296878479249985,width_bin,logistic_regression,dinov3_frozen_embeddings_logistic_regression
width_bin,Trail Bridge,4,80451,standard (0.9-1.5m),standard (0.9-1.5m),True,0.8565498263550524,width_bin,logistic_regression,dinov3_frozen_embeddings_logistic_regression
width_bin,Trail Bridge,4,83135,wide (>1.5m),standard (0.9-1.5m),False,0.9962300980676493,width_bin,logistic_regression,dinov3_frozen_embeddings_logistic_regression
width_bin,Trail Bridge,4,83150,narrow (<0.9m),wide (>1.5m),False,0.4854393245384626,width_bin,logistic_regression,dinov3_frozen_embeddings_logistic_regression
width_bin,Trail Bridge,4,86369,standard (0.9-1.5m),standard (0.9-1.5m),True,0.5343367867225449,width_bin,logistic_regression,dinov3_frozen_embeddings_logistic_regression
width_bin,Trail Bridge,4,86525,standard (0.9-1.5m),wide (>1.5m),False,0.9989226589537089,width_bin,logistic_regression,dinov3_frozen_embeddings_logistic_regression
width_bin,Trail Bridge,4,88220,wide (>1.5m),standard (0.9-1.5m),False,0.9988927010804349,width_bin,logistic_regression,dinov3_frozen_embeddings_logistic_regression
width_bin,Trail Bridge,4,88736,standard (0.9-1.5m),wide (>1.5m),False,0.9968523193767592,width_bin,logistic_regression,dinov3_frozen_embeddings_logistic_regression
width_bin,Trail Bridge,4,88741,standard (0.9-1.5m),standard (0.9-1.5m),True,0.9999998313973746,width_bin,logistic_regression,dinov3_frozen_embeddings_logistic_regression
width_bin,Trail Bridge,4,89580,standard (0.9-1.5m),standard (0.9-1.5m),True,0.9944572152818706,width_bin,logistic_regression,dinov3_frozen_embeddings_logistic_regression
width_bin,Trail Bridge,4,90361,standard (0.9-1.5m),standard (0.9-1.5m),True,0.9977265342903042,width_bin,logistic_regression,dinov3_frozen_embeddings_logistic_regression
width_bin,Trail Bridge,4,90391,standard (0.9-1.5m),standard (0.9-1.5m),True,0.749309620234375,width_bin,logistic_regression,dinov3_frozen_embeddings_logistic_regression
width_bin,Trail Bridge,4,90412,standard (0.9-1.5m),wide (>1.5m),False,0.5164363131747488,width_bin,logistic_regression,dinov3_frozen_embeddings_logistic_regression
width_bin,Trail Bridge,4,92164,narrow (<0.9m),standard (0.9-1.5m),False,0.9936839388532454,width_bin,logistic_regression,dinov3_frozen_embeddings_logistic_regression
width_bin,Trail Bridge,4,92854,wide (>1.5m),standard (0.9-1.5m),False,0.9759923168907003,width_bin,logistic_regression,dinov3_frozen_embeddings_logistic_regression
width_bin,Trail Bridge,4,93007,standard (0.9-1.5m),standard (0.9-1.5m),True,0.9969038239686941,width_bin,logistic_regression,dinov3_frozen_embeddings_logistic_regression
width_bin,Trail Bridge,4,94144,standard (0.9-1.5m),wide (>1.5m),False,0.8186825708915833,width_bin,logistic_regression,dinov3_frozen_embeddings_logistic_regression
width_bin,Trail Bridge,4,96292,wide (>1.5m),standard (0.9-1.5m),False,0.9999778045542299,width_bin,logistic_regression,dinov3_frozen_embeddings_logistic_regression
width_bin,Trail Bridge,4,96293,standard (0.9-1.5m),standard (0.9-1.5m),True,0.9997777658089837,width_bin,logistic_regression,dinov3_frozen_embeddings_logistic_regression
width_bin,Trail Bridge,4,99880,narrow (<0.9m),narrow (<0.9m),True,0.705226549055083,width_bin,logistic_regression,dinov3_frozen_embeddings_logistic_regression
width_bin,Trail Bridge,4,100252,wide (>1.5m),standard (0.9-1.5m),False,0.9342389916450426,width_bin,logistic_regression,dinov3_frozen_embeddings_logistic_regression
width_bin,Trail Bridge,4,100482,standard (0.9-1.5m),narrow (<0.9m),False,0.7623144020366442,width_bin,logistic_regression,dinov3_frozen_embeddings_logistic_regression
width_bin,Trail Bridge,4,101134,standard (0.9-1.5m),wide (>1.5m),False,0.9722757716197313,width_bin,logistic_regression,dinov3_frozen_embeddings_logistic_regression
width_bin,Trail Bridge,4,101831,standard (0.9-1.5m),standard (0.9-1.5m),True,0.8071437812111643,width_bin,logistic_regression,dinov3_frozen_embeddings_logistic_regression
width_bin,Trail Bridge,4,101890,wide (>1.5m),wide (>1.5m),True,0.9283995613783905,width_bin,logistic_regression,dinov3_frozen_embeddings_logistic_regression
width_bin,Trail Bridge,4,102373,wide (>1.5m),narrow (<0.9m),False,0.544241125169364,width_bin,logistic_regression,dinov3_frozen_embeddings_logistic_regression
width_bin,Trail Bridge,4,102808,standard (0.9-1.5m),standard (0.9-1.5m),True,0.9815578578625841,width_bin,logistic_regression,dinov3_frozen_embeddings_logistic_regression
width_bin,Trail Bridge,4,105457,standard (0.9-1.5m),narrow (<0.9m),False,0.5783724420157806,width_bin,logistic_regression,dinov3_frozen_embeddings_logistic_regression
width_bin,Trail Bridge,4,106922,standard (0.9-1.5m),narrow (<0.9m),False,0.5963229042018926,width_bin,logistic_regression,dinov3_frozen_embeddings_logistic_regression
width_bin,Trail Bridge,4,107041,standard (0.9-1.5m),wide (>1.5m),False,0.7498862031470643,width_bin,logistic_regression,dinov3_frozen_embeddings_logistic_regression
width_bin,Trail Bridge,4,107895,standard (0.9-1.5m),standard (0.9-1.5m),True,0.997974944532285,width_bin,logistic_regression,dinov3_frozen_embeddings_logistic_regression
width_bin,Trail Bridge,4,107908,narrow (<0.9m),narrow (<0.9m),True,0.862814515064847,width_bin,logistic_regression,dinov3_frozen_embeddings_logistic_regression
width_bin,Trail Bridge,4,107969,standard (0.9-1.5m),wide (>1.5m),False,0.9653529225625725,width_bin,logistic_regression,dinov3_frozen_embeddings_logistic_regression
width_bin,Trail Bridge,4,108107,wide (>1.5m),standard (0.9-1.5m),False,0.6391348819596843,width_bin,logistic_regression,dinov3_frozen_embeddings_logistic_regression
width_bin,Trail Bridge,4,109537,wide (>1.5m),standard (0.9-1.5m),False,0.8994810188769836,width_bin,logistic_regression,dinov3_frozen_embeddings_logistic_regression
width_bin,Trail Bridge,4,109538,wide (>1.5m),wide (>1.5m),True,0.9987594004227467,width_bin,logistic_regression,dinov3_frozen_embeddings_logistic_regression
width_bin,Trail Bridge,4,109821,standard (0.9-1.5m),standard (0.9-1.5m),True,0.964598834308277,width_bin,logistic_regression,dinov3_frozen_embeddings_logistic_regression
width_bin,Trail Bridge,4,110120,standard (0.9-1.5m),standard (0.9-1.5m),True,0.9988259761972877,width_bin,logistic_regression,dinov3_frozen_embeddings_logistic_regression
width_bin,Trail Bridge,4,110139,narrow (<0.9m),narrow (<0.9m),True,0.9672067295192042,width_bin,logistic_regression,dinov3_frozen_embeddings_logistic_regression
width_bin,Trail Bridge,4,110171,standard (0.9-1.5m),standard (0.9-1.5m),True,0.999681562779028,width_bin,logistic_regression,dinov3_frozen_embeddings_logistic_regression
width_bin,Trail Bridge,4,110299,standard (0.9-1.5m),standard (0.9-1.5m),True,0.9951128118557746,width_bin,logistic_regression,dinov3_frozen_embeddings_logistic_regression
width_bin,Trail Bridge,4,111002,standard (0.9-1.5m),narrow (<0.9m),False,0.6920326273521844,width_bin,logistic_regression,dinov3_frozen_embeddings_logistic_regression
width_bin,Trail Bridge,4,111648,narrow (<0.9m),narrow (<0.9m),True,0.9959021992794576,width_bin,logistic_regression,dinov3_frozen_embeddings_logistic_regression
width_bin,Trail Bridge,4,111914,standard (0.9-1.5m),wide (>1.5m),False,0.9172351602137844,width_bin,logistic_regression,dinov3_frozen_embeddings_logistic_regression
width_bin,Trail Bridge,4,112386,standard (0.9-1.5m),wide (>1.5m),False,0.9547453833290467,width_bin,logistic_regression,dinov3_frozen_embeddings_logistic_regression
width_bin,Trail Bridge,4,112407,standard (0.9-1.5m),standard (0.9-1.5m),True,0.9962934553448426,width_bin,logistic_regression,dinov3_frozen_embeddings_logistic_regression
width_bin,Trail Bridge,4,112422,standard (0.9-1.5m),narrow (<0.9m),False,0.7783672462834169,width_bin,logistic_regression,dinov3_frozen_embeddings_logistic_regression
width_bin,Trail Bridge,4,113125,wide (>1.5m),standard (0.9-1.5m),False,0.9960083821285937,width_bin,logistic_regression,dinov3_frozen_embeddings_logistic_regression
width_bin,Trail Bridge,4,113126,standard (0.9-1.5m),standard (0.9-1.5m),True,0.9040033482154808,width_bin,logistic_regression,dinov3_frozen_embeddings_logistic_regression
width_bin,Trail Bridge,4,113168,standard (0.9-1.5m),standard (0.9-1.5m),True,0.8242406908831084,width_bin,logistic_regression,dinov3_frozen_embeddings_logistic_regression
width_bin,Trail Bridge,4,113954,wide (>1.5m),narrow (<0.9m),False,0.8642056465018738,width_bin,logistic_regression,dinov3_frozen_embeddings_logistic_regression
width_bin,Trail Bridge,4,114287,standard (0.9-1.5m),standard (0.9-1.5m),True,0.5641275940628667,width_bin,logistic_regression,dinov3_frozen_embeddings_logistic_regression
width_bin,Trail Bridge,4,114574,wide (>1.5m),standard (0.9-1.5m),False,0.801089399668598,width_bin,logistic_regression,dinov3_frozen_embeddings_logistic_regression
width_bin,Trail Bridge,4,114959,wide (>1.5m),narrow (<0.9m),False,0.5532518381948155,width_bin,logistic_regression,dinov3_frozen_embeddings_logistic_regression
width_bin,Trail Bridge,4,114962,wide (>1.5m),standard (0.9-1.5m),False,0.9106532104960516,width_bin,logistic_regression,dinov3_frozen_embeddings_logistic_regression
width_bin,Trail Bridge,4,114963,wide (>1.5m),wide (>1.5m),True,0.9913206716093781,width_bin,logistic_regression,dinov3_frozen_embeddings_logistic_regression
width_bin,Trail Bridge,4,114997,standard (0.9-1.5m),wide (>1.5m),False,0.9917924316111387,width_bin,logistic_regression,dinov3_frozen_embeddings_logistic_regression
width_bin,Trail Bridge,4,115814,standard (0.9-1.5m),standard (0.9-1.5m),True,0.9376338712514246,width_bin,logistic_regression,dinov3_frozen_embeddings_logistic_regression
width_bin,Trail Bridge,4,115870,standard (0.9-1.5m),standard (0.9-1.5m),True,0.8994437388504274,width_bin,logistic_regression,dinov3_frozen_embeddings_logistic_regression
width_bin,Trail Bridge,4,117211,standard (0.9-1.5m),standard (0.9-1.5m),True,0.9999706195523673,width_bin,logistic_regression,dinov3_frozen_embeddings_logistic_regression
width_bin,Trail Bridge,4,117304,wide (>1.5m),wide (>1.5m),True,0.9983645610604353,width_bin,logistic_regression,dinov3_frozen_embeddings_logistic_regression
width_bin,Trail Bridge,4,118797,narrow (<0.9m),standard (0.9-1.5m),False,0.9571813520238094,width_bin,logistic_regression,dinov3_frozen_embeddings_logistic_regression
width_bin,Trail Bridge,4,119811,wide (>1.5m),standard (0.9-1.5m),False,0.983007023267346,width_bin,logistic_regression,dinov3_frozen_embeddings_logistic_regression
width_bin,Trail Bridge,4,121595,narrow (<0.9m),standard (0.9-1.5m),False,0.5425385337992833,width_bin,logistic_regression,dinov3_frozen_embeddings_logistic_regression
width_bin,Trail Bridge,4,121618,standard (0.9-1.5m),wide (>1.5m),False,0.7732119484704452,width_bin,logistic_regression,dinov3_frozen_embeddings_logistic_regression
width_bin,Trail Bridge,4,122180,standard (0.9-1.5m),narrow (<0.9m),False,0.7906411641315663,width_bin,logistic_regression,dinov3_frozen_embeddings_logistic_regression
width_bin,Trail Bridge,4,123354,wide (>1.5m),standard (0.9-1.5m),False,0.9940232644010794,width_bin,logistic_regression,dinov3_frozen_embeddings_logistic_regression
width_bin,Trail Bridge,4,126709,narrow (<0.9m),narrow (<0.9m),True,0.9721320775832973,width_bin,logistic_regression,dinov3_frozen_embeddings_logistic_regression
width_bin,Trail Bridge,4,126799,standard (0.9-1.5m),standard (0.9-1.5m),True,0.9667225565832577,width_bin,logistic_regression,dinov3_frozen_embeddings_logistic_regression
width_bin,Trail Bridge,4,127203,standard (0.9-1.5m),wide (>1.5m),False,0.9989567349843926,width_bin,logistic_regression,dinov3_frozen_embeddings_logistic_regression
width_bin,Trail Bridge,4,128273,standard (0.9-1.5m),standard (0.9-1.5m),True,0.9624368606032788,width_bin,logistic_regression,dinov3_frozen_embeddings_logistic_regression
width_bin,Trail Bridge,4,129739,standard (0.9-1.5m),standard (0.9-1.5m),True,0.999226221502364,width_bin,logistic_regression,dinov3_frozen_embeddings_logistic_regression
width_bin,Trail Bridge,5,46340,standard (0.9-1.5m),wide (>1.5m),False,0.9800473110350137,width_bin,logistic_regression,dinov3_frozen_embeddings_logistic_regression
width_bin,Trail Bridge,5,46922,wide (>1.5m),wide (>1.5m),True,0.9934850673726782,width_bin,logistic_regression,dinov3_frozen_embeddings_logistic_regression
width_bin,Trail Bridge,5,46931,standard (0.9-1.5m),wide (>1.5m),False,0.9974148029120633,width_bin,logistic_regression,dinov3_frozen_embeddings_logistic_regression
width_bin,Trail Bridge,5,47182,standard (0.9-1.5m),standard (0.9-1.5m),True,0.9999992245169268,width_bin,logistic_regression,dinov3_frozen_embeddings_logistic_regression
width_bin,Trail Bridge,5,48111,wide (>1.5m),standard (0.9-1.5m),False,0.9633478843945373,width_bin,logistic_regression,dinov3_frozen_embeddings_logistic_regression
width_bin,Trail Bridge,5,48625,standard (0.9-1.5m),standard (0.9-1.5m),True,0.7360935135725083,width_bin,logistic_regression,dinov3_frozen_embeddings_logistic_regression
width_bin,Trail Bridge,5,48696,standard (0.9-1.5m),standard (0.9-1.5m),True,0.9116720019222329,width_bin,logistic_regression,dinov3_frozen_embeddings_logistic_regression
width_bin,Trail Bridge,5,49058,narrow (<0.9m),standard (0.9-1.5m),False,0.8219502843586534,width_bin,logistic_regression,dinov3_frozen_embeddings_logistic_regression
width_bin,Trail Bridge,5,49061,narrow (<0.9m),standard (0.9-1.5m),False,0.8609668069314951,width_bin,logistic_regression,dinov3_frozen_embeddings_logistic_regression
width_bin,Trail Bridge,5,49062,wide (>1.5m),standard (0.9-1.5m),False,0.9879205084684126,width_bin,logistic_regression,dinov3_frozen_embeddings_logistic_regression
width_bin,Trail Bridge,5,49497,standard (0.9-1.5m),standard (0.9-1.5m),True,0.9995833552472208,width_bin,logistic_regression,dinov3_frozen_embeddings_logistic_regression
width_bin,Trail Bridge,5,50625,standard (0.9-1.5m),standard (0.9-1.5m),True,0.9951560700686323,width_bin,logistic_regression,dinov3_frozen_embeddings_logistic_regression
width_bin,Trail Bridge,5,51525,wide (>1.5m),standard (0.9-1.5m),False,0.9830862531341622,width_bin,logistic_regression,dinov3_frozen_embeddings_logistic_regression
width_bin,Trail Bridge,5,51533,standard (0.9-1.5m),wide (>1.5m),False,0.9468765528824478,width_bin,logistic_regression,dinov3_frozen_embeddings_logistic_regression
width_bin,Trail Bridge,5,51799,standard (0.9-1.5m),standard (0.9-1.5m),True,0.6878122629323143,width_bin,logistic_regression,dinov3_frozen_embeddings_logistic_regression
width_bin,Trail Bridge,5,53984,wide (>1.5m),wide (>1.5m),True,0.9998313035788478,width_bin,logistic_regression,dinov3_frozen_embeddings_logistic_regression
width_bin,Trail Bridge,5,54321,standard (0.9-1.5m),standard (0.9-1.5m),True,0.9883858449474285,width_bin,logistic_regression,dinov3_frozen_embeddings_logistic_regression
width_bin,Trail Bridge,5,54206,standard (0.9-1.5m),standard (0.9-1.5m),True,0.9997427484606267,width_bin,logistic_regression,dinov3_frozen_embeddings_logistic_regression
width_bin,Trail Bridge,5,54325,standard (0.9-1.5m),standard (0.9-1.5m),True,0.8165397750423927,width_bin,logistic_regression,dinov3_frozen_embeddings_logistic_regression
width_bin,Trail Bridge,5,55635,wide (>1.5m),standard (0.9-1.5m),False,0.998079361921326,width_bin,logistic_regression,dinov3_frozen_embeddings_logistic_regression
width_bin,Trail Bridge,5,55638,standard (0.9-1.5m),standard (0.9-1.5m),True,0.9899613696447701,width_bin,logistic_regression,dinov3_frozen_embeddings_logistic_regression
width_bin,Trail Bridge,5,56205,standard (0.9-1.5m),standard (0.9-1.5m),True,0.8713216402849512,width_bin,logistic_regression,dinov3_frozen_embeddings_logistic_regression
width_bin,Trail Bridge,5,56858,standard (0.9-1.5m),standard (0.9-1.5m),True,0.8249647649465953,width_bin,logistic_regression,dinov3_frozen_embeddings_logistic_regression
width_bin,Trail Bridge,5,57292,standard (0.9-1.5m),standard (0.9-1.5m),True,0.9966063432365049,width_bin,logistic_regression,dinov3_frozen_embeddings_logistic_regression
width_bin,Trail Bridge,5,57833,standard (0.9-1.5m),standard (0.9-1.5m),True,0.9651907758533398,width_bin,logistic_regression,dinov3_frozen_embeddings_logistic_regression
width_bin,Trail Bridge,5,57835,standard (0.9-1.5m),standard (0.9-1.5m),True,0.6588443313284829,width_bin,logistic_regression,dinov3_frozen_embeddings_logistic_regression
width_bin,Trail Bridge,5,57858,standard (0.9-1.5m),wide (>1.5m),False,0.7390300895467677,width_bin,logistic_regression,dinov3_frozen_embeddings_logistic_regression
width_bin,Trail Bridge,5,58168,standard (0.9-1.5m),narrow (<0.9m),False,0.6834441087951748,width_bin,logistic_regression,dinov3_frozen_embeddings_logistic_regression
width_bin,Trail Bridge,5,58413,wide (>1.5m),standard (0.9-1.5m),False,0.9254922865520048,width_bin,logistic_regression,dinov3_frozen_embeddings_logistic_regression
width_bin,Trail Bridge,5,61003,wide (>1.5m),wide (>1.5m),True,0.6541821037116483,width_bin,logistic_regression,dinov3_frozen_embeddings_logistic_regression
width_bin,Trail Bridge,5,63297,standard (0.9-1.5m),standard (0.9-1.5m),True,0.9963039281965927,width_bin,logistic_regression,dinov3_frozen_embeddings_logistic_regression
width_bin,Trail Bridge,5,63540,standard (0.9-1.5m),narrow (<0.9m),False,0.8102574844916719,width_bin,logistic_regression,dinov3_frozen_embeddings_logistic_regression
width_bin,Trail Bridge,5,64109,wide (>1.5m),wide (>1.5m),True,0.9878402262358591,width_bin,logistic_regression,dinov3_frozen_embeddings_logistic_regression
width_bin,Trail Bridge,5,64126,standard (0.9-1.5m),standard (0.9-1.5m),True,0.9241924492016764,width_bin,logistic_regression,dinov3_frozen_embeddings_logistic_regression
width_bin,Trail Bridge,5,64142,standard (0.9-1.5m),standard (0.9-1.5m),True,0.6635705886959088,width_bin,logistic_regression,dinov3_frozen_embeddings_logistic_regression
width_bin,Trail Bridge,5,65427,standard (0.9-1.5m),standard (0.9-1.5m),True,0.5273392368033889,width_bin,logistic_regression,dinov3_frozen_embeddings_logistic_regression
width_bin,Trail Bridge,5,65790,standard (0.9-1.5m),wide (>1.5m),False,0.9404993472022701,width_bin,logistic_regression,dinov3_frozen_embeddings_logistic_regression
width_bin,Trail Bridge,5,66174,standard (0.9-1.5m),standard (0.9-1.5m),True,0.6941157994877559,width_bin,logistic_regression,dinov3_frozen_embeddings_logistic_regression
width_bin,Trail Bridge,5,67465,wide (>1.5m),wide (>1.5m),True,0.6873198108719705,width_bin,logistic_regression,dinov3_frozen_embeddings_logistic_regression
width_bin,Trail Bridge,5,81808,wide (>1.5m),wide (>1.5m),True,0.9999838708809076,width_bin,logistic_regression,dinov3_frozen_embeddings_logistic_regression
width_bin,Trail Bridge,5,82304,standard (0.9-1.5m),wide (>1.5m),False,0.7405513873831803,width_bin,logistic_regression,dinov3_frozen_embeddings_logistic_regression
width_bin,Trail Bridge,5,82385,standard (0.9-1.5m),narrow (<0.9m),False,0.6518568498932124,width_bin,logistic_regression,dinov3_frozen_embeddings_logistic_regression
width_bin,Trail Bridge,5,83513,wide (>1.5m),wide (>1.5m),True,0.7751883547054527,width_bin,logistic_regression,dinov3_frozen_embeddings_logistic_regression
width_bin,Trail Bridge,5,85143,wide (>1.5m),wide (>1.5m),True,0.7712751786129057,width_bin,logistic_regression,dinov3_frozen_embeddings_logistic_regression
width_bin,Trail Bridge,5,85364,standard (0.9-1.5m),standard (0.9-1.5m),True,0.9904378959550825,width_bin,logistic_regression,dinov3_frozen_embeddings_logistic_regression
width_bin,Trail Bridge,5,87745,wide (>1.5m),standard (0.9-1.5m),False,0.9922262599062144,width_bin,logistic_regression,dinov3_frozen_embeddings_logistic_regression
width_bin,Trail Bridge,5,87832,wide (>1.5m),standard (0.9-1.5m),False,0.9986547438573045,width_bin,logistic_regression,dinov3_frozen_embeddings_logistic_regression
width_bin,Trail Bridge,5,88740,standard (0.9-1.5m),standard (0.9-1.5m),True,0.9999131950838944,width_bin,logistic_regression,dinov3_frozen_embeddings_logistic_regression
width_bin,Trail Bridge,5,89445,standard (0.9-1.5m),standard (0.9-1.5m),True,0.9909378581568308,width_bin,logistic_regression,dinov3_frozen_embeddings_logistic_regression
width_bin,Trail Bridge,5,89449,standard (0.9-1.5m),standard (0.9-1.5m),True,0.9992313097671185,width_bin,logistic_regression,dinov3_frozen_embeddings_logistic_regression
width_bin,Trail Bridge,5,89761,wide (>1.5m),standard (0.9-1.5m),False,0.9952100712908912,width_bin,logistic_regression,dinov3_frozen_embeddings_logistic_regression
width_bin,Trail Bridge,5,90385,narrow (<0.9m),standard (0.9-1.5m),False,0.9885375269535186,width_bin,logistic_regression,dinov3_frozen_embeddings_logistic_regression
width_bin,Trail Bridge,5,90539,narrow (<0.9m),standard (0.9-1.5m),False,0.9987582680739869,width_bin,logistic_regression,dinov3_frozen_embeddings_logistic_regression
width_bin,Trail Bridge,5,92801,standard (0.9-1.5m),standard (0.9-1.5m),True,0.9994102666908854,width_bin,logistic_regression,dinov3_frozen_embeddings_logistic_regression
width_bin,Trail Bridge,5,93036,standard (0.9-1.5m),standard (0.9-1.5m),True,0.9999412255525689,width_bin,logistic_regression,dinov3_frozen_embeddings_logistic_regression
width_bin,Trail Bridge,5,93038,standard (0.9-1.5m),standard (0.9-1.5m),True,0.9975319885454146,width_bin,logistic_regression,dinov3_frozen_embeddings_logistic_regression
width_bin,Trail Bridge,5,94177,wide (>1.5m),narrow (<0.9m),False,0.9476487010689778,width_bin,logistic_regression,dinov3_frozen_embeddings_logistic_regression
width_bin,Trail Bridge,5,97816,wide (>1.5m),wide (>1.5m),True,0.6413736413519433,width_bin,logistic_regression,dinov3_frozen_embeddings_logistic_regression
width_bin,Trail Bridge,5,99457,wide (>1.5m),standard (0.9-1.5m),False,0.8969818655566755,width_bin,logistic_regression,dinov3_frozen_embeddings_logistic_regression
width_bin,Trail Bridge,5,99460,standard (0.9-1.5m),wide (>1.5m),False,0.978164799386521,width_bin,logistic_regression,dinov3_frozen_embeddings_logistic_regression
width_bin,Trail Bridge,5,99611,standard (0.9-1.5m),standard (0.9-1.5m),True,0.8601834145419036,width_bin,logistic_regression,dinov3_frozen_embeddings_logistic_regression
width_bin,Trail Bridge,5,99612,wide (>1.5m),wide (>1.5m),True,0.5311585644254762,width_bin,logistic_regression,dinov3_frozen_embeddings_logistic_regression
width_bin,Trail Bridge,5,99614,standard (0.9-1.5m),wide (>1.5m),False,0.7747738104473549,width_bin,logistic_regression,dinov3_frozen_embeddings_logistic_regression
width_bin,Trail Bridge,5,100181,wide (>1.5m),wide (>1.5m),True,0.9998424770020017,width_bin,logistic_regression,dinov3_frozen_embeddings_logistic_regression
width_bin,Trail Bridge,5,100262,wide (>1.5m),wide (>1.5m),True,0.9986853307791959,width_bin,logistic_regression,dinov3_frozen_embeddings_logistic_regression
width_bin,Trail Bridge,5,100269,wide (>1.5m),wide (>1.5m),True,0.723324335660323,width_bin,logistic_regression,dinov3_frozen_embeddings_logistic_regression
width_bin,Trail Bridge,5,100274,wide (>1.5m),standard (0.9-1.5m),False,0.9481158265592265,width_bin,logistic_regression,dinov3_frozen_embeddings_logistic_regression
width_bin,Trail Bridge,5,101129,wide (>1.5m),wide (>1.5m),True,0.5063257490288399,width_bin,logistic_regression,dinov3_frozen_embeddings_logistic_regression
width_bin,Trail Bridge,5,101132,wide (>1.5m),standard (0.9-1.5m),False,0.9847516691861078,width_bin,logistic_regression,dinov3_frozen_embeddings_logistic_regression
width_bin,Trail Bridge,5,102816,standard (0.9-1.5m),narrow (<0.9m),False,0.7859215776500315,width_bin,logistic_regression,dinov3_frozen_embeddings_logistic_regression
width_bin,Trail Bridge,5,103253,standard (0.9-1.5m),standard (0.9-1.5m),True,0.7199637420769739,width_bin,logistic_regression,dinov3_frozen_embeddings_logistic_regression
width_bin,Trail Bridge,5,106028,narrow (<0.9m),narrow (<0.9m),True,0.9952379317120124,width_bin,logistic_regression,dinov3_frozen_embeddings_logistic_regression
width_bin,Trail Bridge,5,106037,narrow (<0.9m),standard (0.9-1.5m),False,0.9628346872853687,width_bin,logistic_regression,dinov3_frozen_embeddings_logistic_regression
width_bin,Trail Bridge,5,106042,narrow (<0.9m),standard (0.9-1.5m),False,0.7217352799625728,width_bin,logistic_regression,dinov3_frozen_embeddings_logistic_regression
width_bin,Trail Bridge,5,106045,narrow (<0.9m),standard (0.9-1.5m),False,0.9992205743765425,width_bin,logistic_regression,dinov3_frozen_embeddings_logistic_regression
width_bin,Trail Bridge,5,106636,standard (0.9-1.5m),standard (0.9-1.5m),True,0.9959810182684643,width_bin,logistic_regression,dinov3_frozen_embeddings_logistic_regression
width_bin,Trail Bridge,5,107291,standard (0.9-1.5m),wide (>1.5m),False,0.9954647841096053,width_bin,logistic_regression,dinov3_frozen_embeddings_logistic_regression
width_bin,Trail Bridge,5,107877,standard (0.9-1.5m),standard (0.9-1.5m),True,0.9954079095731407,width_bin,logistic_regression,dinov3_frozen_embeddings_logistic_regression
width_bin,Trail Bridge,5,107911,standard (0.9-1.5m),narrow (<0.9m),False,0.9620080269738334,width_bin,logistic_regression,dinov3_frozen_embeddings_logistic_regression
width_bin,Trail Bridge,5,107912,standard (0.9-1.5m),standard (0.9-1.5m),True,0.9154939966112386,width_bin,logistic_regression,dinov3_frozen_embeddings_logistic_regression
width_bin,Trail Bridge,5,108731,standard (0.9-1.5m),standard (0.9-1.5m),True,0.9999996880024752,width_bin,logistic_regression,dinov3_frozen_embeddings_logistic_regression
width_bin,Trail Bridge,5,108740,wide (>1.5m),standard (0.9-1.5m),False,0.9847906368123688,width_bin,logistic_regression,dinov3_frozen_embeddings_logistic_regression
width_bin,Trail Bridge,5,108781,standard (0.9-1.5m),narrow (<0.9m),False,0.9998218146643042,width_bin,logistic_regression,dinov3_frozen_embeddings_logistic_regression
width_bin,Trail Bridge,5,108799,narrow (<0.9m),standard (0.9-1.5m),False,0.9065160126936035,width_bin,logistic_regression,dinov3_frozen_embeddings_logistic_regression
width_bin,Trail Bridge,5,109138,standard (0.9-1.5m),standard (0.9-1.5m),True,0.9976542720294986,width_bin,logistic_regression,dinov3_frozen_embeddings_logistic_regression
width_bin,Trail Bridge,5,109619,standard (0.9-1.5m),narrow (<0.9m),False,0.7950735799927543,width_bin,logistic_regression,dinov3_frozen_embeddings_logistic_regression
width_bin,Trail Bridge,5,110131,standard (0.9-1.5m),standard (0.9-1.5m),True,0.9016559112684086,width_bin,logistic_regression,dinov3_frozen_embeddings_logistic_regression
width_bin,Trail Bridge,5,110137,standard (0.9-1.5m),narrow (<0.9m),False,0.9294128399989071,width_bin,logistic_regression,dinov3_frozen_embeddings_logistic_regression
width_bin,Trail Bridge,5,110164,standard (0.9-1.5m),standard (0.9-1.5m),True,0.9999905740425684,width_bin,logistic_regression,dinov3_frozen_embeddings_logistic_regression
width_bin,Trail Bridge,5,110167,standard (0.9-1.5m),wide (>1.5m),False,0.7990657388111087,width_bin,logistic_regression,dinov3_frozen_embeddings_logistic_regression
width_bin,Trail Bridge,5,110932,standard (0.9-1.5m),wide (>1.5m),False,0.9988919719494878,width_bin,logistic_regression,dinov3_frozen_embeddings_logistic_regression
width_bin,Trail Bridge,5,111862,standard (0.9-1.5m),wide (>1.5m),False,0.7587554556382343,width_bin,logistic_regression,dinov3_frozen_embeddings_logistic_regression
width_bin,Trail Bridge,5,112834,standard (0.9-1.5m),standard (0.9-1.5m),True,0.75854971074808,width_bin,logistic_regression,dinov3_frozen_embeddings_logistic_regression
width_bin,Trail Bridge,5,112868,standard (0.9-1.5m),standard (0.9-1.5m),True,0.9998338024675034,width_bin,logistic_regression,dinov3_frozen_embeddings_logistic_regression
width_bin,Trail Bridge,5,113163,standard (0.9-1.5m),standard (0.9-1.5m),True,0.7673414619156907,width_bin,logistic_regression,dinov3_frozen_embeddings_logistic_regression
width_bin,Trail Bridge,5,113803,wide (>1.5m),standard (0.9-1.5m),False,0.9549712342278293,width_bin,logistic_regression,dinov3_frozen_embeddings_logistic_regression
width_bin,Trail Bridge,5,114085,standard (0.9-1.5m),standard (0.9-1.5m),True,0.5846672248764307,width_bin,logistic_regression,dinov3_frozen_embeddings_logistic_regression
width_bin,Trail Bridge,5,114923,wide (>1.5m),wide (>1.5m),True,0.9999293969162935,width_bin,logistic_regression,dinov3_frozen_embeddings_logistic_regression
width_bin,Trail Bridge,5,114947,wide (>1.5m),wide (>1.5m),True,0.8231194774201478,width_bin,logistic_regression,dinov3_frozen_embeddings_logistic_regression
width_bin,Trail Bridge,5,114951,standard (0.9-1.5m),standard (0.9-1.5m),True,0.999296353893274,width_bin,logistic_regression,dinov3_frozen_embeddings_logistic_regression
width_bin,Trail Bridge,5,115268,wide (>1.5m),standard (0.9-1.5m),False,0.7355076062930644,width_bin,logistic_regression,dinov3_frozen_embeddings_logistic_regression
width_bin,Trail Bridge,5,115806,wide (>1.5m),wide (>1.5m),True,0.9884056228792315,width_bin,logistic_regression,dinov3_frozen_embeddings_logistic_regression
width_bin,Trail Bridge,5,115809,wide (>1.5m),standard (0.9-1.5m),False,0.995860193007646,width_bin,logistic_regression,dinov3_frozen_embeddings_logistic_regression
width_bin,Trail Bridge,5,116690,standard (0.9-1.5m),standard (0.9-1.5m),True,0.9546516717141168,width_bin,logistic_regression,dinov3_frozen_embeddings_logistic_regression
width_bin,Trail Bridge,5,116847,standard (0.9-1.5m),wide (>1.5m),False,0.8061555656858193,width_bin,logistic_regression,dinov3_frozen_embeddings_logistic_regression
width_bin,Trail Bridge,5,117223,standard (0.9-1.5m),standard (0.9-1.5m),True,0.9997470314528615,width_bin,logistic_regression,dinov3_frozen_embeddings_logistic_regression
width_bin,Trail Bridge,5,117339,standard (0.9-1.5m),wide (>1.5m),False,0.9409518206530479,width_bin,logistic_regression,dinov3_frozen_embeddings_logistic_regression
width_bin,Trail Bridge,5,118143,narrow (<0.9m),wide (>1.5m),False,0.4775970017358681,width_bin,logistic_regression,dinov3_frozen_embeddings_logistic_regression
width_bin,Trail Bridge,5,118248,standard (0.9-1.5m),standard (0.9-1.5m),True,0.9968388071893641,width_bin,logistic_regression,dinov3_frozen_embeddings_logistic_regression
width_bin,Trail Bridge,5,119099,standard (0.9-1.5m),wide (>1.5m),False,0.9999351106551229,width_bin,logistic_regression,dinov3_frozen_embeddings_logistic_regression
width_bin,Trail Bridge,5,119851,standard (0.9-1.5m),wide (>1.5m),False,0.7981768643668617,width_bin,logistic_regression,dinov3_frozen_embeddings_logistic_regression
width_bin,Trail Bridge,5,119948,wide (>1.5m),wide (>1.5m),True,0.9588147272041118,width_bin,logistic_regression,dinov3_frozen_embeddings_logistic_regression
width_bin,Trail Bridge,5,119977,standard (0.9-1.5m),narrow (<0.9m),False,0.886809649357976,width_bin,logistic_regression,dinov3_frozen_embeddings_logistic_regression
width_bin,Trail Bridge,5,120294,standard (0.9-1.5m),standard (0.9-1.5m),True,0.9979473404787398,width_bin,logistic_regression,dinov3_frozen_embeddings_logistic_regression
width_bin,Trail Bridge,5,121497,standard (0.9-1.5m),standard (0.9-1.5m),True,0.9703702718785975,width_bin,logistic_regression,dinov3_frozen_embeddings_logistic_regression
width_bin,Trail Bridge,5,121696,wide (>1.5m),standard (0.9-1.5m),False,0.9999387121419642,width_bin,logistic_regression,dinov3_frozen_embeddings_logistic_regression
width_bin,Trail Bridge,5,121755,narrow (<0.9m),standard (0.9-1.5m),False,0.6127596137819932,width_bin,logistic_regression,dinov3_frozen_embeddings_logistic_regression
width_bin,Trail Bridge,5,122183,standard (0.9-1.5m),wide (>1.5m),False,0.9531558342438817,width_bin,logistic_regression,dinov3_frozen_embeddings_logistic_regression
width_bin,Trail Bridge,5,122981,standard (0.9-1.5m),standard (0.9-1.5m),True,0.7618684504851938,width_bin,logistic_regression,dinov3_frozen_embeddings_logistic_regression
width_bin,Trail Bridge,5,122999,standard (0.9-1.5m),standard (0.9-1.5m),True,0.9983258350948552,width_bin,logistic_regression,dinov3_frozen_embeddings_logistic_regression
width_bin,Trail Bridge,5,122830,narrow (<0.9m),narrow (<0.9m),True,0.9977706199185965,width_bin,logistic_regression,dinov3_frozen_embeddings_logistic_regression
width_bin,Trail Bridge,5,123167,wide (>1.5m),wide (>1.5m),True,0.9939735573663497,width_bin,logistic_regression,dinov3_frozen_embeddings_logistic_regression
width_bin,Trail Bridge,5,126356,standard (0.9-1.5m),wide (>1.5m),False,0.6160030234472538,width_bin,logistic_regression,dinov3_frozen_embeddings_logistic_regression
width_bin,Trail Bridge,5,126740,standard (0.9-1.5m),wide (>1.5m),False,0.7606705732059724,width_bin,logistic_regression,dinov3_frozen_embeddings_logistic_regression
width_bin,Trail Bridge,5,127184,standard (0.9-1.5m),standard (0.9-1.5m),True,0.9945894211518742,width_bin,logistic_regression,dinov3_frozen_embeddings_logistic_regression
width_bin,Viewing Platform,1,51549,medium (3-7m),narrow (<3m),False,0.7386168222153956,width_bin,logistic_regression,dinov3_frozen_embeddings_logistic_regression
width_bin,Viewing Platform,1,51864,medium (3-7m),medium (3-7m),True,0.8299053105238153,width_bin,logistic_regression,dinov3_frozen_embeddings_logistic_regression
width_bin,Viewing Platform,1,54209,medium (3-7m),medium (3-7m),True,0.43505592113645725,width_bin,logistic_regression,dinov3_frozen_embeddings_logistic_regression
width_bin,Viewing Platform,1,54338,narrow (<3m),medium (3-7m),False,0.6953130792579499,width_bin,logistic_regression,dinov3_frozen_embeddings_logistic_regression
width_bin,Viewing Platform,1,61424,wide (>7m),medium (3-7m),False,0.9305594081666473,width_bin,logistic_regression,dinov3_frozen_embeddings_logistic_regression
width_bin,Viewing Platform,1,66959,medium (3-7m),medium (3-7m),True,0.9511191169277562,width_bin,logistic_regression,dinov3_frozen_embeddings_logistic_regression
width_bin,Viewing Platform,1,68017,medium (3-7m),narrow (<3m),False,0.9041565713525916,width_bin,logistic_regression,dinov3_frozen_embeddings_logistic_regression
width_bin,Viewing Platform,1,74895,medium (3-7m),medium (3-7m),True,0.881671285030978,width_bin,logistic_regression,dinov3_frozen_embeddings_logistic_regression
width_bin,Viewing Platform,1,86580,narrow (<3m),wide (>7m),False,0.5431717863796333,width_bin,logistic_regression,dinov3_frozen_embeddings_logistic_regression
width_bin,Viewing Platform,1,105832,narrow (<3m),narrow (<3m),True,0.552706544667238,width_bin,logistic_regression,dinov3_frozen_embeddings_logistic_regression
width_bin,Viewing Platform,2,46619,medium (3-7m),medium (3-7m),True,0.9291367738420392,width_bin,logistic_regression,dinov3_frozen_embeddings_logistic_regression
width_bin,Viewing Platform,2,51551,medium (3-7m),wide (>7m),False,0.5464214394417878,width_bin,logistic_regression,dinov3_frozen_embeddings_logistic_regression
width_bin,Viewing Platform,2,56692,narrow (<3m),medium (3-7m),False,0.9487233721259174,width_bin,logistic_regression,dinov3_frozen_embeddings_logistic_regression
width_bin,Viewing Platform,2,58829,medium (3-7m),medium (3-7m),True,0.9176083957263435,width_bin,logistic_regression,dinov3_frozen_embeddings_logistic_regression
width_bin,Viewing Platform,2,60883,medium (3-7m),medium (3-7m),True,0.9719885893700884,width_bin,logistic_regression,dinov3_frozen_embeddings_logistic_regression
width_bin,Viewing Platform,2,64468,narrow (<3m),narrow (<3m),True,0.5502800168547627,width_bin,logistic_regression,dinov3_frozen_embeddings_logistic_regression
width_bin,Viewing Platform,2,68018,narrow (<3m),medium (3-7m),False,0.8825360236546537,width_bin,logistic_regression,dinov3_frozen_embeddings_logistic_regression
width_bin,Viewing Platform,2,68021,medium (3-7m),medium (3-7m),True,0.9718268578516992,width_bin,logistic_regression,dinov3_frozen_embeddings_logistic_regression
width_bin,Viewing Platform,2,82850,medium (3-7m),medium (3-7m),True,0.9944691777732871,width_bin,logistic_regression,dinov3_frozen_embeddings_logistic_regression
width_bin,Viewing Platform,2,87775,wide (>7m),medium (3-7m),False,0.9201931860692795,width_bin,logistic_regression,dinov3_frozen_embeddings_logistic_regression
width_bin,Viewing Platform,3,48297,medium (3-7m),medium (3-7m),True,0.9469436147223144,width_bin,logistic_regression,dinov3_frozen_embeddings_logistic_regression
width_bin,Viewing Platform,3,51530,medium (3-7m),medium (3-7m),True,0.5928281070317708,width_bin,logistic_regression,dinov3_frozen_embeddings_logistic_regression
width_bin,Viewing Platform,3,55471,narrow (<3m),medium (3-7m),False,0.9981184342855938,width_bin,logistic_regression,dinov3_frozen_embeddings_logistic_regression
width_bin,Viewing Platform,3,57509,wide (>7m),medium (3-7m),False,0.9701005753750901,width_bin,logistic_regression,dinov3_frozen_embeddings_logistic_regression
width_bin,Viewing Platform,3,83431,narrow (<3m),medium (3-7m),False,0.9896611045467639,width_bin,logistic_regression,dinov3_frozen_embeddings_logistic_regression
width_bin,Viewing Platform,3,85037,narrow (<3m),medium (3-7m),False,0.8828638106816802,width_bin,logistic_regression,dinov3_frozen_embeddings_logistic_regression
width_bin,Viewing Platform,3,90699,medium (3-7m),narrow (<3m),False,0.6589903969057186,width_bin,logistic_regression,dinov3_frozen_embeddings_logistic_regression
width_bin,Viewing Platform,3,100150,medium (3-7m),medium (3-7m),True,0.8142856405458763,width_bin,logistic_regression,dinov3_frozen_embeddings_logistic_regression
width_bin,Viewing Platform,3,112357,medium (3-7m),medium (3-7m),True,0.8836464467141302,width_bin,logistic_regression,dinov3_frozen_embeddings_logistic_regression
width_bin,Viewing Platform,3,117398,medium (3-7m),medium (3-7m),True,0.9211052635289336,width_bin,logistic_regression,dinov3_frozen_embeddings_logistic_regression
width_bin,Viewing Platform,4,50824,narrow (<3m),medium (3-7m),False,0.9996797564735166,width_bin,logistic_regression,dinov3_frozen_embeddings_logistic_regression
width_bin,Viewing Platform,4,54507,medium (3-7m),medium (3-7m),True,0.5306241984156872,width_bin,logistic_regression,dinov3_frozen_embeddings_logistic_regression
width_bin,Viewing Platform,4,55656,narrow (<3m),medium (3-7m),False,0.9011311397231359,width_bin,logistic_regression,dinov3_frozen_embeddings_logistic_regression
width_bin,Viewing Platform,4,57298,wide (>7m),medium (3-7m),False,0.999823988602828,width_bin,logistic_regression,dinov3_frozen_embeddings_logistic_regression
width_bin,Viewing Platform,4,58183,wide (>7m),medium (3-7m),False,0.594891344566439,width_bin,logistic_regression,dinov3_frozen_embeddings_logistic_regression
width_bin,Viewing Platform,4,68019,narrow (<3m),medium (3-7m),False,0.5125160342137183,width_bin,logistic_regression,dinov3_frozen_embeddings_logistic_regression
width_bin,Viewing Platform,4,68020,medium (3-7m),medium (3-7m),True,0.9310367514275723,width_bin,logistic_regression,dinov3_frozen_embeddings_logistic_regression
width_bin,Viewing Platform,4,74944,medium (3-7m),medium (3-7m),True,0.9929472784111852,width_bin,logistic_regression,dinov3_frozen_embeddings_logistic_regression
width_bin,Viewing Platform,4,111784,medium (3-7m),medium (3-7m),True,0.9475968196917466,width_bin,logistic_regression,dinov3_frozen_embeddings_logistic_regression
width_bin,Viewing Platform,4,123582,medium (3-7m),medium (3-7m),True,0.9480911217969631,width_bin,logistic_regression,dinov3_frozen_embeddings_logistic_regression
width_bin,Viewing Platform,4,123598,medium (3-7m),medium (3-7m),True,0.8986631559311412,width_bin,logistic_regression,dinov3_frozen_embeddings_logistic_regression
width_bin,Viewing Platform,5,51548,medium (3-7m),wide (>7m),False,0.7192279246629463,width_bin,logistic_regression,dinov3_frozen_embeddings_logistic_regression
width_bin,Viewing Platform,5,66056,medium (3-7m),medium (3-7m),True,0.8344510163669041,width_bin,logistic_regression,dinov3_frozen_embeddings_logistic_regression
width_bin,Viewing Platform,5,66955,wide (>7m),medium (3-7m),False,0.8720258762248121,width_bin,logistic_regression,dinov3_frozen_embeddings_logistic_regression
width_bin,Viewing Platform,5,68016,medium (3-7m),medium (3-7m),True,0.5192415759780762,width_bin,logistic_regression,dinov3_frozen_embeddings_logistic_regression
width_bin,Viewing Platform,5,74894,medium (3-7m),medium (3-7m),True,0.9584498089962696,width_bin,logistic_regression,dinov3_frozen_embeddings_logistic_regression
width_bin,Viewing Platform,5,80994,narrow (<3m),medium (3-7m),False,0.9997537708864556,width_bin,logistic_regression,dinov3_frozen_embeddings_logistic_regression
width_bin,Viewing Platform,5,81279,medium (3-7m),medium (3-7m),True,0.975588740699142,width_bin,logistic_regression,dinov3_frozen_embeddings_logistic_regression
width_bin,Viewing Platform,5,85146,medium (3-7m),medium (3-7m),True,0.9618611570232053,width_bin,logistic_regression,dinov3_frozen_embeddings_logistic_regression
width_bin,Viewing Platform,5,110166,narrow (<3m),wide (>7m),False,0.7296630133762771,width_bin,logistic_regression,dinov3_frozen_embeddings_logistic_regression
width_bin,Viewing Platform,5,126292,medium (3-7m),medium (3-7m),True,0.5764297556685417,width_bin,logistic_regression,dinov3_frozen_embeddings_logistic_regression
