attribute,asset_type,fold,asset_id,true_label,predicted_label,correct,confidence,target_column,classifier,strategy
attr_has_edge_guard,,1,47664,No,No,True,0.9999977552637336,attr_has_edge_guard,logistic_regression,dinov3_frozen_embeddings_logistic_regression
attr_has_edge_guard,,1,48637,No,No,True,0.9999924484740023,attr_has_edge_guard,logistic_regression,dinov3_frozen_embeddings_logistic_regression
attr_has_edge_guard,,1,48934,No,No,True,0.9999977731625284,attr_has_edge_guard,logistic_regression,dinov3_frozen_embeddings_logistic_regression
attr_has_edge_guard,,1,48933,No,No,True,0.9999999368495197,attr_has_edge_guard,logistic_regression,dinov3_frozen_embeddings_logistic_regression
attr_has_edge_guard,,1,49689,No,No,True,0.999999073227148,attr_has_edge_guard,logistic_regression,dinov3_frozen_embeddings_logistic_regression
attr_has_edge_guard,,1,48936,No,No,True,0.9962526421668534,attr_has_edge_guard,logistic_regression,dinov3_frozen_embeddings_logistic_regression
attr_has_edge_guard,,1,50513,No,No,True,0.9999992411889186,attr_has_edge_guard,logistic_regression,dinov3_frozen_embeddings_logistic_regression
attr_has_edge_guard,,1,51255,No,No,True,0.9999813817268844,attr_has_edge_guard,logistic_regression,dinov3_frozen_embeddings_logistic_regression
attr_has_edge_guard,,1,51942,No,No,True,0.9999981582876807,attr_has_edge_guard,logistic_regression,dinov3_frozen_embeddings_logistic_regression
attr_has_edge_guard,,1,56209,No,No,True,0.9346545878280761,attr_has_edge_guard,logistic_regression,dinov3_frozen_embeddings_logistic_regression
attr_has_edge_guard,,1,56344,No,No,True,0.9993906681245298,attr_has_edge_guard,logistic_regression,dinov3_frozen_embeddings_logistic_regression
attr_has_edge_guard,,1,56779,No,No,True,0.8486538530221116,attr_has_edge_guard,logistic_regression,dinov3_frozen_embeddings_logistic_regression
attr_has_edge_guard,,1,58824,No,Yes,False,0.877814323778283,attr_has_edge_guard,logistic_regression,dinov3_frozen_embeddings_logistic_regression
attr_has_edge_guard,,1,58825,No,No,True,0.9999971526088849,attr_has_edge_guard,logistic_regression,dinov3_frozen_embeddings_logistic_regression
attr_has_edge_guard,,1,57747,No,No,True,0.9971459060899848,attr_has_edge_guard,logistic_regression,dinov3_frozen_embeddings_logistic_regression
attr_has_edge_guard,,1,61742,No,No,True,0.9983035063559702,attr_has_edge_guard,logistic_regression,dinov3_frozen_embeddings_logistic_regression
attr_has_edge_guard,,1,61734,No,No,True,0.999964492120065,attr_has_edge_guard,logistic_regression,dinov3_frozen_embeddings_logistic_regression
attr_has_edge_guard,,1,62448,No,No,True,0.9999995142325412,attr_has_edge_guard,logistic_regression,dinov3_frozen_embeddings_logistic_regression
attr_has_edge_guard,,1,63220,No,No,True,0.9999538039013288,attr_has_edge_guard,logistic_regression,dinov3_frozen_embeddings_logistic_regression
attr_has_edge_guard,,1,64237,No,Yes,False,0.5657955598205675,attr_has_edge_guard,logistic_regression,dinov3_frozen_embeddings_logistic_regression
attr_has_edge_guard,,1,64235,No,No,True,0.9938415171366723,attr_has_edge_guard,logistic_regression,dinov3_frozen_embeddings_logistic_regression
attr_has_edge_guard,,1,64236,No,No,True,0.9999897357941205,attr_has_edge_guard,logistic_regression,dinov3_frozen_embeddings_logistic_regression
attr_has_edge_guard,,1,64887,No,No,True,0.9999977637623277,attr_has_edge_guard,logistic_regression,dinov3_frozen_embeddings_logistic_regression
attr_has_edge_guard,,1,64888,No,No,True,0.9999906170073689,attr_has_edge_guard,logistic_regression,dinov3_frozen_embeddings_logistic_regression
attr_has_edge_guard,,1,65428,No,No,True,0.9999974753144892,attr_has_edge_guard,logistic_regression,dinov3_frozen_embeddings_logistic_regression
attr_has_edge_guard,,1,66539,No,No,True,0.9998857818008393,attr_has_edge_guard,logistic_regression,dinov3_frozen_embeddings_logistic_regression
attr_has_edge_guard,,1,83941,No,No,True,0.999983791705728,attr_has_edge_guard,logistic_regression,dinov3_frozen_embeddings_logistic_regression
attr_has_edge_guard,,1,83936,No,No,True,0.9997391204662767,attr_has_edge_guard,logistic_regression,dinov3_frozen_embeddings_logistic_regression
attr_has_edge_guard,,1,83945,No,No,True,0.9992747982259099,attr_has_edge_guard,logistic_regression,dinov3_frozen_embeddings_logistic_regression
attr_has_edge_guard,,1,83950,No,No,True,0.9999995568506983,attr_has_edge_guard,logistic_regression,dinov3_frozen_embeddings_logistic_regression
attr_has_edge_guard,,1,83953,No,No,True,0.9999963624634931,attr_has_edge_guard,logistic_regression,dinov3_frozen_embeddings_logistic_regression
attr_has_edge_guard,,1,84852,No,No,True,0.9999999979779132,attr_has_edge_guard,logistic_regression,dinov3_frozen_embeddings_logistic_regression
attr_has_edge_guard,,1,84862,No,No,True,0.9988544541791814,attr_has_edge_guard,logistic_regression,dinov3_frozen_embeddings_logistic_regression
attr_has_edge_guard,,1,85078,No,Yes,False,0.92069982846485,attr_has_edge_guard,logistic_regression,dinov3_frozen_embeddings_logistic_regression
attr_has_edge_guard,,1,84863,No,No,True,0.9999999983361462,attr_has_edge_guard,logistic_regression,dinov3_frozen_embeddings_logistic_regression
attr_has_edge_guard,,1,85490,No,No,True,0.9999986489311614,attr_has_edge_guard,logistic_regression,dinov3_frozen_embeddings_logistic_regression
attr_has_edge_guard,,1,85498,No,No,True,0.9999998883023399,attr_has_edge_guard,logistic_regression,dinov3_frozen_embeddings_logistic_regression
attr_has_edge_guard,,1,85508,No,No,True,0.9999856970258774,attr_has_edge_guard,logistic_regression,dinov3_frozen_embeddings_logistic_regression
attr_has_edge_guard,,1,85525,No,No,True,0.8998022205733032,attr_has_edge_guard,logistic_regression,dinov3_frozen_embeddings_logistic_regression
attr_has_edge_guard,,1,85545,No,No,True,0.8972031606064975,attr_has_edge_guard,logistic_regression,dinov3_frozen_embeddings_logistic_regression
attr_has_edge_guard,,1,86030,No,No,True,0.9993501219340571,attr_has_edge_guard,logistic_regression,dinov3_frozen_embeddings_logistic_regression
attr_has_edge_guard,,1,86066,No,No,True,0.9999979731562278,attr_has_edge_guard,logistic_regression,dinov3_frozen_embeddings_logistic_regression
attr_has_edge_guard,,1,86077,No,No,True,0.9999841039649771,attr_has_edge_guard,logistic_regression,dinov3_frozen_embeddings_logistic_regression
attr_has_edge_guard,,1,86079,No,No,True,0.9999999299898271,attr_has_edge_guard,logistic_regression,dinov3_frozen_embeddings_logistic_regression
attr_has_edge_guard,,1,86085,No,No,True,0.9999999924462627,attr_has_edge_guard,logistic_regression,dinov3_frozen_embeddings_logistic_regression
attr_has_edge_guard,,1,86087,No,No,True,0.999999967127654,attr_has_edge_guard,logistic_regression,dinov3_frozen_embeddings_logistic_regression
attr_has_edge_guard,,1,86120,No,No,True,0.9999999997484235,attr_has_edge_guard,logistic_regression,dinov3_frozen_embeddings_logistic_regression
attr_has_edge_guard,,1,86123,No,No,True,0.9089858716803995,attr_has_edge_guard,logistic_regression,dinov3_frozen_embeddings_logistic_regression
attr_has_edge_guard,,1,86127,No,No,True,0.9848207788494425,attr_has_edge_guard,logistic_regression,dinov3_frozen_embeddings_logistic_regression
attr_has_edge_guard,,1,86142,No,No,True,0.9999999359798167,attr_has_edge_guard,logistic_regression,dinov3_frozen_embeddings_logistic_regression
attr_has_edge_guard,,1,86162,No,No,True,0.9999999179332485,attr_has_edge_guard,logistic_regression,dinov3_frozen_embeddings_logistic_regression
attr_has_edge_guard,,1,86165,No,No,True,0.9999978678831484,attr_has_edge_guard,logistic_regression,dinov3_frozen_embeddings_logistic_regression
attr_has_edge_guard,,1,86168,No,No,True,0.9999991969143966,attr_has_edge_guard,logistic_regression,dinov3_frozen_embeddings_logistic_regression
attr_has_edge_guard,,1,86170,No,No,True,0.999999999973594,attr_has_edge_guard,logistic_regression,dinov3_frozen_embeddings_logistic_regression
attr_has_edge_guard,,1,86177,No,No,True,0.9998585084739403,attr_has_edge_guard,logistic_regression,dinov3_frozen_embeddings_logistic_regression
attr_has_edge_guard,,1,86179,No,No,True,0.999999819763185,attr_has_edge_guard,logistic_regression,dinov3_frozen_embeddings_logistic_regression
attr_has_edge_guard,,1,86184,No,No,True,0.999999138873803,attr_has_edge_guard,logistic_regression,dinov3_frozen_embeddings_logistic_regression
attr_has_edge_guard,,1,86192,No,No,True,0.9999083577811184,attr_has_edge_guard,logistic_regression,dinov3_frozen_embeddings_logistic_regression
attr_has_edge_guard,,1,86195,No,No,True,0.9999999990091856,attr_has_edge_guard,logistic_regression,dinov3_frozen_embeddings_logistic_regression
attr_has_edge_guard,,1,86198,No,No,True,0.9999999683369174,attr_has_edge_guard,logistic_regression,dinov3_frozen_embeddings_logistic_regression
attr_has_edge_guard,,1,86199,No,No,True,0.9329966686270555,attr_has_edge_guard,logistic_regression,dinov3_frozen_embeddings_logistic_regression
attr_has_edge_guard,,1,86210,No,No,True,0.9999995275905296,attr_has_edge_guard,logistic_regression,dinov3_frozen_embeddings_logistic_regression
attr_has_edge_guard,,1,86222,No,No,True,0.9999995008473833,attr_has_edge_guard,logistic_regression,dinov3_frozen_embeddings_logistic_regression
attr_has_edge_guard,,1,86231,No,No,True,0.9999996927480144,attr_has_edge_guard,logistic_regression,dinov3_frozen_embeddings_logistic_regression
attr_has_edge_guard,,1,86243,No,No,True,0.9998334364452429,attr_has_edge_guard,logistic_regression,dinov3_frozen_embeddings_logistic_regression
attr_has_edge_guard,,1,86247,No,No,True,0.9999960604321303,attr_has_edge_guard,logistic_regression,dinov3_frozen_embeddings_logistic_regression
attr_has_edge_guard,,1,86248,No,No,True,0.9999999904701217,attr_has_edge_guard,logistic_regression,dinov3_frozen_embeddings_logistic_regression
attr_has_edge_guard,,1,86251,No,No,True,0.9998644522337983,attr_has_edge_guard,logistic_regression,dinov3_frozen_embeddings_logistic_regression
attr_has_edge_guard,,1,86884,No,No,True,0.9996934729564148,attr_has_edge_guard,logistic_regression,dinov3_frozen_embeddings_logistic_regression
attr_has_edge_guard,,1,86926,No,No,True,0.9989010539147891,attr_has_edge_guard,logistic_regression,dinov3_frozen_embeddings_logistic_regression
attr_has_edge_guard,,1,87499,No,No,True,0.999673914962584,attr_has_edge_guard,logistic_regression,dinov3_frozen_embeddings_logistic_regression
attr_has_edge_guard,,1,87534,No,No,True,0.9574619165954144,attr_has_edge_guard,logistic_regression,dinov3_frozen_embeddings_logistic_regression
attr_has_edge_guard,,1,87575,No,No,True,0.8004613170705407,attr_has_edge_guard,logistic_regression,dinov3_frozen_embeddings_logistic_regression
attr_has_edge_guard,,1,87579,No,No,True,0.996380416290791,attr_has_edge_guard,logistic_regression,dinov3_frozen_embeddings_logistic_regression
attr_has_edge_guard,,1,88094,No,No,True,0.9992008522450483,attr_has_edge_guard,logistic_regression,dinov3_frozen_embeddings_logistic_regression
attr_has_edge_guard,,1,88100,No,No,True,0.9999882002797119,attr_has_edge_guard,logistic_regression,dinov3_frozen_embeddings_logistic_regression
attr_has_edge_guard,,1,89410,No,No,True,0.9999727548285468,attr_has_edge_guard,logistic_regression,dinov3_frozen_embeddings_logistic_regression
attr_has_edge_guard,,1,89574,No,No,True,0.9996351650239068,attr_has_edge_guard,logistic_regression,dinov3_frozen_embeddings_logistic_regression
attr_has_edge_guard,,1,89575,No,No,True,0.9995199946922957,attr_has_edge_guard,logistic_regression,dinov3_frozen_embeddings_logistic_regression
attr_has_edge_guard,,1,89581,No,No,True,0.9880181087598395,attr_has_edge_guard,logistic_regression,dinov3_frozen_embeddings_logistic_regression
attr_has_edge_guard,,1,89588,No,No,True,0.9996811036100796,attr_has_edge_guard,logistic_regression,dinov3_frozen_embeddings_logistic_regression
attr_has_edge_guard,,1,89708,No,No,True,0.9999946023775305,attr_has_edge_guard,logistic_regression,dinov3_frozen_embeddings_logistic_regression
attr_has_edge_guard,,1,89709,No,No,True,0.9999795161231125,attr_has_edge_guard,logistic_regression,dinov3_frozen_embeddings_logistic_regression
attr_has_edge_guard,,1,89734,No,No,True,0.9999999999466785,attr_has_edge_guard,logistic_regression,dinov3_frozen_embeddings_logistic_regression
attr_has_edge_guard,,1,90319,No,No,True,0.9999999734481376,attr_has_edge_guard,logistic_regression,dinov3_frozen_embeddings_logistic_regression
attr_has_edge_guard,,1,90322,No,No,True,0.9999993359603573,attr_has_edge_guard,logistic_regression,dinov3_frozen_embeddings_logistic_regression
attr_has_edge_guard,,1,90333,No,No,True,0.9999728346152448,attr_has_edge_guard,logistic_regression,dinov3_frozen_embeddings_logistic_regression
attr_has_edge_guard,,1,90335,No,No,True,0.9999999222953155,attr_has_edge_guard,logistic_regression,dinov3_frozen_embeddings_logistic_regression
attr_has_edge_guard,,1,90345,No,No,True,0.9999957682719567,attr_has_edge_guard,logistic_regression,dinov3_frozen_embeddings_logistic_regression
attr_has_edge_guard,,1,90364,No,No,True,0.9999981491111716,attr_has_edge_guard,logistic_regression,dinov3_frozen_embeddings_logistic_regression
attr_has_edge_guard,,1,90366,No,No,True,0.9999997809368952,attr_has_edge_guard,logistic_regression,dinov3_frozen_embeddings_logistic_regression
attr_has_edge_guard,,1,90370,No,No,True,0.9999997960946733,attr_has_edge_guard,logistic_regression,dinov3_frozen_embeddings_logistic_regression
attr_has_edge_guard,,1,90378,No,No,True,0.9999998463588111,attr_has_edge_guard,logistic_regression,dinov3_frozen_embeddings_logistic_regression
attr_has_edge_guard,,1,90380,No,No,True,0.9999987410176173,attr_has_edge_guard,logistic_regression,dinov3_frozen_embeddings_logistic_regression
attr_has_edge_guard,,1,90383,No,No,True,0.9999102924154886,attr_has_edge_guard,logistic_regression,dinov3_frozen_embeddings_logistic_regression
attr_has_edge_guard,,1,90386,No,No,True,0.9999999994804313,attr_has_edge_guard,logistic_regression,dinov3_frozen_embeddings_logistic_regression
attr_has_edge_guard,,1,90390,No,No,True,0.9999544516251808,attr_has_edge_guard,logistic_regression,dinov3_frozen_embeddings_logistic_regression
attr_has_edge_guard,,1,90494,No,No,True,0.9998545103131201,attr_has_edge_guard,logistic_regression,dinov3_frozen_embeddings_logistic_regression
attr_has_edge_guard,,1,90497,No,No,True,0.9999994459637076,attr_has_edge_guard,logistic_regression,dinov3_frozen_embeddings_logistic_regression
attr_has_edge_guard,,1,90501,No,No,True,0.9999977634884624,attr_has_edge_guard,logistic_regression,dinov3_frozen_embeddings_logistic_regression
attr_has_edge_guard,,1,90502,No,No,True,0.9999961113004251,attr_has_edge_guard,logistic_regression,dinov3_frozen_embeddings_logistic_regression
attr_has_edge_guard,,1,91578,No,No,True,0.99993253054423,attr_has_edge_guard,logistic_regression,dinov3_frozen_embeddings_logistic_regression
attr_has_edge_guard,,1,92004,No,No,True,0.9999997875628986,attr_has_edge_guard,logistic_regression,dinov3_frozen_embeddings_logistic_regression
attr_has_edge_guard,,1,92020,No,No,True,0.9999982459533229,attr_has_edge_guard,logistic_regression,dinov3_frozen_embeddings_logistic_regression
attr_has_edge_guard,,1,92035,No,No,True,0.9999999365340121,attr_has_edge_guard,logistic_regression,dinov3_frozen_embeddings_logistic_regression
attr_has_edge_guard,,1,92071,No,No,True,0.9998914079721871,attr_has_edge_guard,logistic_regression,dinov3_frozen_embeddings_logistic_regression
attr_has_edge_guard,,1,92081,No,No,True,0.9999996986174752,attr_has_edge_guard,logistic_regression,dinov3_frozen_embeddings_logistic_regression
attr_has_edge_guard,,1,93030,No,No,True,0.9999994636707108,attr_has_edge_guard,logistic_regression,dinov3_frozen_embeddings_logistic_regression
attr_has_edge_guard,,1,94265,No,No,True,0.9999999866090298,attr_has_edge_guard,logistic_regression,dinov3_frozen_embeddings_logistic_regression
attr_has_edge_guard,,1,94277,No,No,True,0.9999991037605064,attr_has_edge_guard,logistic_regression,dinov3_frozen_embeddings_logistic_regression
attr_has_edge_guard,,1,94288,No,No,True,0.9929122829049256,attr_has_edge_guard,logistic_regression,dinov3_frozen_embeddings_logistic_regression
attr_has_edge_guard,,1,94291,No,No,True,0.9998453979928893,attr_has_edge_guard,logistic_regression,dinov3_frozen_embeddings_logistic_regression
attr_has_edge_guard,,1,94319,No,No,True,0.9999781925616704,attr_has_edge_guard,logistic_regression,dinov3_frozen_embeddings_logistic_regression
attr_has_edge_guard,,1,94335,No,No,True,0.9999967164478004,attr_has_edge_guard,logistic_regression,dinov3_frozen_embeddings_logistic_regression
attr_has_edge_guard,,1,94347,No,No,True,0.9997112651840029,attr_has_edge_guard,logistic_regression,dinov3_frozen_embeddings_logistic_regression
attr_has_edge_guard,,1,94358,No,No,True,0.9997669404607277,attr_has_edge_guard,logistic_regression,dinov3_frozen_embeddings_logistic_regression
attr_has_edge_guard,,1,94365,No,No,True,0.8781116151066831,attr_has_edge_guard,logistic_regression,dinov3_frozen_embeddings_logistic_regression
attr_has_edge_guard,,1,94371,No,No,True,0.9999998204517204,attr_has_edge_guard,logistic_regression,dinov3_frozen_embeddings_logistic_regression
attr_has_edge_guard,,1,94374,No,No,True,0.9995674434755576,attr_has_edge_guard,logistic_regression,dinov3_frozen_embeddings_logistic_regression
attr_has_edge_guard,,1,94377,No,No,True,0.9999958775097437,attr_has_edge_guard,logistic_regression,dinov3_frozen_embeddings_logistic_regression
attr_has_edge_guard,,1,94381,No,No,True,0.9999996312121421,attr_has_edge_guard,logistic_regression,dinov3_frozen_embeddings_logistic_regression
attr_has_edge_guard,,1,94386,No,No,True,0.9999876116562241,attr_has_edge_guard,logistic_regression,dinov3_frozen_embeddings_logistic_regression
attr_has_edge_guard,,1,94387,No,No,True,0.9999759809527908,attr_has_edge_guard,logistic_regression,dinov3_frozen_embeddings_logistic_regression
attr_has_edge_guard,,1,94391,No,No,True,0.9999799258478914,attr_has_edge_guard,logistic_regression,dinov3_frozen_embeddings_logistic_regression
attr_has_edge_guard,,1,94394,No,No,True,0.999995432565629,attr_has_edge_guard,logistic_regression,dinov3_frozen_embeddings_logistic_regression
attr_has_edge_guard,,1,94395,No,No,True,0.9999979432825211,attr_has_edge_guard,logistic_regression,dinov3_frozen_embeddings_logistic_regression
attr_has_edge_guard,,1,94396,No,No,True,0.9998164663381987,attr_has_edge_guard,logistic_regression,dinov3_frozen_embeddings_logistic_regression
attr_has_edge_guard,,1,94413,No,No,True,0.9999999976366823,attr_has_edge_guard,logistic_regression,dinov3_frozen_embeddings_logistic_regression
attr_has_edge_guard,,1,94416,No,No,True,0.9999301133381759,attr_has_edge_guard,logistic_regression,dinov3_frozen_embeddings_logistic_regression
attr_has_edge_guard,,1,94487,No,No,True,0.9999736160751032,attr_has_edge_guard,logistic_regression,dinov3_frozen_embeddings_logistic_regression
attr_has_edge_guard,,1,94780,No,No,True,0.9999106778982011,attr_has_edge_guard,logistic_regression,dinov3_frozen_embeddings_logistic_regression
attr_has_edge_guard,,1,94784,No,No,True,0.9999834965325763,attr_has_edge_guard,logistic_regression,dinov3_frozen_embeddings_logistic_regression
attr_has_edge_guard,,1,100999,No,No,True,0.9439645147170841,attr_has_edge_guard,logistic_regression,dinov3_frozen_embeddings_logistic_regression
attr_has_edge_guard,,1,102443,No,No,True,0.9999601655878306,attr_has_edge_guard,logistic_regression,dinov3_frozen_embeddings_logistic_regression
attr_has_edge_guard,,1,102974,No,No,True,0.9993931360192915,attr_has_edge_guard,logistic_regression,dinov3_frozen_embeddings_logistic_regression
attr_has_edge_guard,,1,103622,No,No,True,0.9999795974485269,attr_has_edge_guard,logistic_regression,dinov3_frozen_embeddings_logistic_regression
attr_has_edge_guard,,1,107076,No,No,True,0.9999998247001257,attr_has_edge_guard,logistic_regression,dinov3_frozen_embeddings_logistic_regression
attr_has_edge_guard,,1,107332,No,No,True,0.9999918722987439,attr_has_edge_guard,logistic_regression,dinov3_frozen_embeddings_logistic_regression
attr_has_edge_guard,,1,107345,No,No,True,0.9999521735229434,attr_has_edge_guard,logistic_regression,dinov3_frozen_embeddings_logistic_regression
attr_has_edge_guard,,1,107346,No,No,True,0.9806277209684425,attr_has_edge_guard,logistic_regression,dinov3_frozen_embeddings_logistic_regression
attr_has_edge_guard,,1,107358,No,No,True,0.9999970992379651,attr_has_edge_guard,logistic_regression,dinov3_frozen_embeddings_logistic_regression
attr_has_edge_guard,,1,107579,No,No,True,0.9999555191025203,attr_has_edge_guard,logistic_regression,dinov3_frozen_embeddings_logistic_regression
attr_has_edge_guard,,1,107582,No,No,True,0.99976954966475,attr_has_edge_guard,logistic_regression,dinov3_frozen_embeddings_logistic_regression
attr_has_edge_guard,,1,107874,No,No,True,0.9994848663571283,attr_has_edge_guard,logistic_regression,dinov3_frozen_embeddings_logistic_regression
attr_has_edge_guard,,1,107951,No,No,True,0.9999999967497153,attr_has_edge_guard,logistic_regression,dinov3_frozen_embeddings_logistic_regression
attr_has_edge_guard,,1,107966,No,No,True,0.9999958819238997,attr_has_edge_guard,logistic_regression,dinov3_frozen_embeddings_logistic_regression
attr_has_edge_guard,,1,107980,No,No,True,0.9999999255139144,attr_has_edge_guard,logistic_regression,dinov3_frozen_embeddings_logistic_regression
attr_has_edge_guard,,1,108000,No,No,True,0.9999915381823821,attr_has_edge_guard,logistic_regression,dinov3_frozen_embeddings_logistic_regression
attr_has_edge_guard,,1,108001,No,No,True,0.9999998399488916,attr_has_edge_guard,logistic_regression,dinov3_frozen_embeddings_logistic_regression
attr_has_edge_guard,,1,108011,No,No,True,0.9996779998965204,attr_has_edge_guard,logistic_regression,dinov3_frozen_embeddings_logistic_regression
attr_has_edge_guard,,1,108014,No,No,True,0.9998251894259601,attr_has_edge_guard,logistic_regression,dinov3_frozen_embeddings_logistic_regression
attr_has_edge_guard,,1,108023,No,No,True,0.9999997723608024,attr_has_edge_guard,logistic_regression,dinov3_frozen_embeddings_logistic_regression
attr_has_edge_guard,,1,108034,No,No,True,0.9999997616603038,attr_has_edge_guard,logistic_regression,dinov3_frozen_embeddings_logistic_regression
attr_has_edge_guard,,1,108297,No,No,True,0.9999916401209884,attr_has_edge_guard,logistic_regression,dinov3_frozen_embeddings_logistic_regression
attr_has_edge_guard,,1,108327,No,No,True,0.9999289944794547,attr_has_edge_guard,logistic_regression,dinov3_frozen_embeddings_logistic_regression
attr_has_edge_guard,,1,108345,No,No,True,0.9934387939606159,attr_has_edge_guard,logistic_regression,dinov3_frozen_embeddings_logistic_regression
attr_has_edge_guard,,1,108381,No,No,True,0.9988098342975777,attr_has_edge_guard,logistic_regression,dinov3_frozen_embeddings_logistic_regression
attr_has_edge_guard,,1,108706,No,No,True,0.9999120782615417,attr_has_edge_guard,logistic_regression,dinov3_frozen_embeddings_logistic_regression
attr_has_edge_guard,,1,108710,No,No,True,0.9999601154175576,attr_has_edge_guard,logistic_regression,dinov3_frozen_embeddings_logistic_regression
attr_has_edge_guard,,1,108729,No,No,True,0.9999979132032792,attr_has_edge_guard,logistic_regression,dinov3_frozen_embeddings_logistic_regression
attr_has_edge_guard,,1,108787,No,No,True,0.9999760839931054,attr_has_edge_guard,logistic_regression,dinov3_frozen_embeddings_logistic_regression
attr_has_edge_guard,,1,108793,No,No,True,0.9999999997008548,attr_has_edge_guard,logistic_regression,dinov3_frozen_embeddings_logistic_regression
attr_has_edge_guard,,1,109329,No,No,True,0.9989369918725489,attr_has_edge_guard,logistic_regression,dinov3_frozen_embeddings_logistic_regression
attr_has_edge_guard,,1,109556,No,No,True,0.9746299002939136,attr_has_edge_guard,logistic_regression,dinov3_frozen_embeddings_logistic_regression
attr_has_edge_guard,,1,109702,No,No,True,0.999991007342283,attr_has_edge_guard,logistic_regression,dinov3_frozen_embeddings_logistic_regression
attr_has_edge_guard,,1,109706,No,No,True,0.9999998736226929,attr_has_edge_guard,logistic_regression,dinov3_frozen_embeddings_logistic_regression
attr_has_edge_guard,,1,109713,No,No,True,0.9999996764351203,attr_has_edge_guard,logistic_regression,dinov3_frozen_embeddings_logistic_regression
attr_has_edge_guard,,1,110268,No,No,True,0.9572767186678781,attr_has_edge_guard,logistic_regression,dinov3_frozen_embeddings_logistic_regression
attr_has_edge_guard,,1,110280,No,No,True,0.9999978622789433,attr_has_edge_guard,logistic_regression,dinov3_frozen_embeddings_logistic_regression
attr_has_edge_guard,,1,110285,No,No,True,0.999938863321521,attr_has_edge_guard,logistic_regression,dinov3_frozen_embeddings_logistic_regression
attr_has_edge_guard,,1,110570,No,No,True,0.9999998743390294,attr_has_edge_guard,logistic_regression,dinov3_frozen_embeddings_logistic_regression
attr_has_edge_guard,,1,110571,No,No,True,0.9184837584366116,attr_has_edge_guard,logistic_regression,dinov3_frozen_embeddings_logistic_regression
attr_has_edge_guard,,1,110579,No,No,True,0.9999894187358287,attr_has_edge_guard,logistic_regression,dinov3_frozen_embeddings_logistic_regression
attr_has_edge_guard,,1,110699,No,No,True,0.8047891913891436,attr_has_edge_guard,logistic_regression,dinov3_frozen_embeddings_logistic_regression
attr_has_edge_guard,,1,110755,No,No,True,0.999913767962594,attr_has_edge_guard,logistic_regression,dinov3_frozen_embeddings_logistic_regression
attr_has_edge_guard,,1,110794,No,No,True,0.9999999626059886,attr_has_edge_guard,logistic_regression,dinov3_frozen_embeddings_logistic_regression
attr_has_edge_guard,,1,110826,No,No,True,0.9999992539962381,attr_has_edge_guard,logistic_regression,dinov3_frozen_embeddings_logistic_regression
attr_has_edge_guard,,1,110962,No,No,True,0.9999992596688295,attr_has_edge_guard,logistic_regression,dinov3_frozen_embeddings_logistic_regression
attr_has_edge_guard,,1,110975,No,No,True,0.9999683585958005,attr_has_edge_guard,logistic_regression,dinov3_frozen_embeddings_logistic_regression
attr_has_edge_guard,,1,110976,No,No,True,0.9999948676730744,attr_has_edge_guard,logistic_regression,dinov3_frozen_embeddings_logistic_regression
attr_has_edge_guard,,1,111673,No,No,True,0.9999884494757894,attr_has_edge_guard,logistic_regression,dinov3_frozen_embeddings_logistic_regression
attr_has_edge_guard,,1,111774,No,No,True,0.9999675723794051,attr_has_edge_guard,logistic_regression,dinov3_frozen_embeddings_logistic_regression
attr_has_edge_guard,,1,111779,No,No,True,0.9999803213992232,attr_has_edge_guard,logistic_regression,dinov3_frozen_embeddings_logistic_regression
attr_has_edge_guard,,1,111791,No,No,True,0.9999930960920728,attr_has_edge_guard,logistic_regression,dinov3_frozen_embeddings_logistic_regression
attr_has_edge_guard,,1,111800,No,No,True,0.9999420011520911,attr_has_edge_guard,logistic_regression,dinov3_frozen_embeddings_logistic_regression
attr_has_edge_guard,,1,111805,No,No,True,0.9994716496685925,attr_has_edge_guard,logistic_regression,dinov3_frozen_embeddings_logistic_regression
attr_has_edge_guard,,1,112571,No,No,True,0.9999999937423348,attr_has_edge_guard,logistic_regression,dinov3_frozen_embeddings_logistic_regression
attr_has_edge_guard,,1,114039,Yes,Yes,True,0.9569303379608808,attr_has_edge_guard,logistic_regression,dinov3_frozen_embeddings_logistic_regression
attr_has_edge_guard,,1,114055,No,No,True,0.9998746534249646,attr_has_edge_guard,logistic_regression,dinov3_frozen_embeddings_logistic_regression
attr_has_edge_guard,,1,114286,No,No,True,0.9999999450988669,attr_has_edge_guard,logistic_regression,dinov3_frozen_embeddings_logistic_regression
attr_has_edge_guard,,1,114632,No,No,True,0.9956779657283296,attr_has_edge_guard,logistic_regression,dinov3_frozen_embeddings_logistic_regression
attr_has_edge_guard,,1,114724,No,No,True,0.9950398459967533,attr_has_edge_guard,logistic_regression,dinov3_frozen_embeddings_logistic_regression
attr_has_edge_guard,,1,114934,No,No,True,0.9999858025148876,attr_has_edge_guard,logistic_regression,dinov3_frozen_embeddings_logistic_regression
attr_has_edge_guard,,1,114955,No,No,True,0.9999462832073643,attr_has_edge_guard,logistic_regression,dinov3_frozen_embeddings_logistic_regression
attr_has_edge_guard,,1,116627,No,No,True,0.9999994519595605,attr_has_edge_guard,logistic_regression,dinov3_frozen_embeddings_logistic_regression
attr_has_edge_guard,,1,116634,Yes,No,False,0.9999887344921234,attr_has_edge_guard,logistic_regression,dinov3_frozen_embeddings_logistic_regression
attr_has_edge_guard,,1,117199,No,No,True,0.9999994187304998,attr_has_edge_guard,logistic_regression,dinov3_frozen_embeddings_logistic_regression
attr_has_edge_guard,,1,117218,No,No,True,0.9993323992612733,attr_has_edge_guard,logistic_regression,dinov3_frozen_embeddings_logistic_regression
attr_has_edge_guard,,1,117587,No,No,True,0.9999995561127922,attr_has_edge_guard,logistic_regression,dinov3_frozen_embeddings_logistic_regression
attr_has_edge_guard,,1,120663,No,No,True,0.9999989622321777,attr_has_edge_guard,logistic_regression,dinov3_frozen_embeddings_logistic_regression
attr_has_edge_guard,,1,120664,No,No,True,0.999999774871686,attr_has_edge_guard,logistic_regression,dinov3_frozen_embeddings_logistic_regression
attr_has_edge_guard,,1,120673,No,No,True,0.9999999977962493,attr_has_edge_guard,logistic_regression,dinov3_frozen_embeddings_logistic_regression
attr_has_edge_guard,,1,120679,No,No,True,0.9999990392058077,attr_has_edge_guard,logistic_regression,dinov3_frozen_embeddings_logistic_regression
attr_has_edge_guard,,1,92011,No,No,True,0.9999999973299765,attr_has_edge_guard,logistic_regression,dinov3_frozen_embeddings_logistic_regression
attr_has_edge_guard,,1,120691,No,No,True,0.9998269586899483,attr_has_edge_guard,logistic_regression,dinov3_frozen_embeddings_logistic_regression
attr_has_edge_guard,,1,120732,No,No,True,0.999999985118748,attr_has_edge_guard,logistic_regression,dinov3_frozen_embeddings_logistic_regression
attr_has_edge_guard,,1,120736,No,No,True,0.9994279427497833,attr_has_edge_guard,logistic_regression,dinov3_frozen_embeddings_logistic_regression
attr_has_edge_guard,,1,121002,No,No,True,0.9999997524587148,attr_has_edge_guard,logistic_regression,dinov3_frozen_embeddings_logistic_regression
attr_has_edge_guard,,1,121005,No,No,True,0.99995217458603,attr_has_edge_guard,logistic_regression,dinov3_frozen_embeddings_logistic_regression
attr_has_edge_guard,,1,121010,No,No,True,0.9999999218980613,attr_has_edge_guard,logistic_regression,dinov3_frozen_embeddings_logistic_regression
attr_has_edge_guard,,1,121015,No,No,True,0.999999070897307,attr_has_edge_guard,logistic_regression,dinov3_frozen_embeddings_logistic_regression
attr_has_edge_guard,,1,121596,No,No,True,0.999997944985571,attr_has_edge_guard,logistic_regression,dinov3_frozen_embeddings_logistic_regression
attr_has_edge_guard,,1,121746,No,No,True,0.9999422699466507,attr_has_edge_guard,logistic_regression,dinov3_frozen_embeddings_logistic_regression
attr_has_edge_guard,,1,121749,No,No,True,0.9997217618319536,attr_has_edge_guard,logistic_regression,dinov3_frozen_embeddings_logistic_regression
attr_has_edge_guard,,1,121777,No,No,True,0.9999904841356706,attr_has_edge_guard,logistic_regression,dinov3_frozen_embeddings_logistic_regression
attr_has_edge_guard,,1,121790,No,No,True,0.999949443391549,attr_has_edge_guard,logistic_regression,dinov3_frozen_embeddings_logistic_regression
attr_has_edge_guard,,1,122406,No,No,True,0.9995690807824804,attr_has_edge_guard,logistic_regression,dinov3_frozen_embeddings_logistic_regression
attr_has_edge_guard,,1,122434,No,No,True,0.9998593621487334,attr_has_edge_guard,logistic_regression,dinov3_frozen_embeddings_logistic_regression
attr_has_edge_guard,,1,122751,No,No,True,0.9999015298730711,attr_has_edge_guard,logistic_regression,dinov3_frozen_embeddings_logistic_regression
attr_has_edge_guard,,1,122833,No,No,True,0.9999950707277941,attr_has_edge_guard,logistic_regression,dinov3_frozen_embeddings_logistic_regression
attr_has_edge_guard,,1,123260,No,No,True,0.9999738277187039,attr_has_edge_guard,logistic_regression,dinov3_frozen_embeddings_logistic_regression
attr_has_edge_guard,,1,123762,No,No,True,0.9998684788203671,attr_has_edge_guard,logistic_regression,dinov3_frozen_embeddings_logistic_regression
attr_has_edge_guard,,1,123778,No,No,True,0.9999999995261265,attr_has_edge_guard,logistic_regression,dinov3_frozen_embeddings_logistic_regression
attr_has_edge_guard,,1,126335,No,No,True,0.9999715396510508,attr_has_edge_guard,logistic_regression,dinov3_frozen_embeddings_logistic_regression
attr_has_edge_guard,,1,126408,No,No,True,0.9999997299904477,attr_has_edge_guard,logistic_regression,dinov3_frozen_embeddings_logistic_regression
attr_has_edge_guard,,1,126697,No,No,True,0.9999999469467247,attr_has_edge_guard,logistic_regression,dinov3_frozen_embeddings_logistic_regression
attr_has_edge_guard,,1,126780,No,No,True,0.9999972638455541,attr_has_edge_guard,logistic_regression,dinov3_frozen_embeddings_logistic_regression
attr_has_edge_guard,,1,126805,No,No,True,0.9999931407224758,attr_has_edge_guard,logistic_regression,dinov3_frozen_embeddings_logistic_regression
attr_has_edge_guard,,1,127131,No,No,True,0.9998935066125847,attr_has_edge_guard,logistic_regression,dinov3_frozen_embeddings_logistic_regression
attr_has_edge_guard,,1,127149,No,No,True,0.9984873624293961,attr_has_edge_guard,logistic_regression,dinov3_frozen_embeddings_logistic_regression
attr_has_edge_guard,,1,127165,No,No,True,0.9999986748640906,attr_has_edge_guard,logistic_regression,dinov3_frozen_embeddings_logistic_regression
attr_has_edge_guard,,1,128641,No,No,True,0.9996543253994241,attr_has_edge_guard,logistic_regression,dinov3_frozen_embeddings_logistic_regression
attr_has_edge_guard,,1,129399,Yes,Yes,True,0.9952168882112504,attr_has_edge_guard,logistic_regression,dinov3_frozen_embeddings_logistic_regression
attr_has_edge_guard,,1,129401,Yes,Yes,True,0.7515841393463937,attr_has_edge_guard,logistic_regression,dinov3_frozen_embeddings_logistic_regression
attr_has_edge_guard,,1,102975,No,No,True,0.9999936407680521,attr_has_edge_guard,logistic_regression,dinov3_frozen_embeddings_logistic_regression
attr_has_edge_guard,,1,107077,No,No,True,0.99999976954232,attr_has_edge_guard,logistic_regression,dinov3_frozen_embeddings_logistic_regression
attr_has_edge_guard,,1,114189,No,Yes,False,0.9348709242656861,attr_has_edge_guard,logistic_regression,dinov3_frozen_embeddings_logistic_regression
attr_has_edge_guard,,1,114261,No,No,True,0.9995489245507856,attr_has_edge_guard,logistic_regression,dinov3_frozen_embeddings_logistic_regression
attr_has_edge_guard,,1,114280,No,No,True,0.999249310903663,attr_has_edge_guard,logistic_regression,dinov3_frozen_embeddings_logistic_regression
attr_has_edge_guard,,1,114283,No,No,True,0.9757177595828601,attr_has_edge_guard,logistic_regression,dinov3_frozen_embeddings_logistic_regression
attr_has_edge_guard,,1,115440,No,No,True,0.9999988126979618,attr_has_edge_guard,logistic_regression,dinov3_frozen_embeddings_logistic_regression
attr_has_edge_guard,,1,122443,No,No,True,0.9970637024448467,attr_has_edge_guard,logistic_regression,dinov3_frozen_embeddings_logistic_regression
attr_has_edge_guard,,1,128879,No,No,True,0.9994182431017834,attr_has_edge_guard,logistic_regression,dinov3_frozen_embeddings_logistic_regression
attr_has_edge_guard,,1,120684,No,No,True,0.9999994967938988,attr_has_edge_guard,logistic_regression,dinov3_frozen_embeddings_logistic_regression
attr_has_edge_guard,,1,46926,No,No,True,0.9962715720635683,attr_has_edge_guard,logistic_regression,dinov3_frozen_embeddings_logistic_regression
attr_has_edge_guard,,1,47299,No,No,True,0.9959909574060962,attr_has_edge_guard,logistic_regression,dinov3_frozen_embeddings_logistic_regression
attr_has_edge_guard,,1,47633,No,No,True,0.9999767965477879,attr_has_edge_guard,logistic_regression,dinov3_frozen_embeddings_logistic_regression
attr_has_edge_guard,,1,48343,No,Yes,False,0.9806143444598375,attr_has_edge_guard,logistic_regression,dinov3_frozen_embeddings_logistic_regression
attr_has_edge_guard,,1,48628,No,No,True,0.999357861919338,attr_has_edge_guard,logistic_regression,dinov3_frozen_embeddings_logistic_regression
attr_has_edge_guard,,1,49057,No,No,True,0.9999998018862654,attr_has_edge_guard,logistic_regression,dinov3_frozen_embeddings_logistic_regression
attr_has_edge_guard,,1,49062,No,No,True,0.9994347217607199,attr_has_edge_guard,logistic_regression,dinov3_frozen_embeddings_logistic_regression
attr_has_edge_guard,,1,50235,No,No,True,0.9702085714444836,attr_has_edge_guard,logistic_regression,dinov3_frozen_embeddings_logistic_regression
attr_has_edge_guard,,1,50654,No,No,True,0.9999979800432123,attr_has_edge_guard,logistic_regression,dinov3_frozen_embeddings_logistic_regression
attr_has_edge_guard,,1,50821,No,No,True,0.9779103620643252,attr_has_edge_guard,logistic_regression,dinov3_frozen_embeddings_logistic_regression
attr_has_edge_guard,,1,51220,No,No,True,0.9960342369023834,attr_has_edge_guard,logistic_regression,dinov3_frozen_embeddings_logistic_regression
attr_has_edge_guard,,1,51528,No,No,True,0.9867118340023577,attr_has_edge_guard,logistic_regression,dinov3_frozen_embeddings_logistic_regression
attr_has_edge_guard,,1,52242,No,Yes,False,0.978884236250997,attr_has_edge_guard,logistic_regression,dinov3_frozen_embeddings_logistic_regression
attr_has_edge_guard,,1,52458,Yes,No,False,0.9242511355298587,attr_has_edge_guard,logistic_regression,dinov3_frozen_embeddings_logistic_regression
attr_has_edge_guard,,1,53195,No,No,True,0.8244446543620259,attr_has_edge_guard,logistic_regression,dinov3_frozen_embeddings_logistic_regression
attr_has_edge_guard,,1,53200,No,No,True,0.9935693800992065,attr_has_edge_guard,logistic_regression,dinov3_frozen_embeddings_logistic_regression
attr_has_edge_guard,,1,54327,No,No,True,0.9824594579672034,attr_has_edge_guard,logistic_regression,dinov3_frozen_embeddings_logistic_regression
attr_has_edge_guard,,1,54683,No,No,True,0.9999998627984623,attr_has_edge_guard,logistic_regression,dinov3_frozen_embeddings_logistic_regression
attr_has_edge_guard,,1,55465,Yes,No,False,0.9998733391421802,attr_has_edge_guard,logistic_regression,dinov3_frozen_embeddings_logistic_regression
attr_has_edge_guard,,1,55634,No,No,True,0.9999099930413426,attr_has_edge_guard,logistic_regression,dinov3_frozen_embeddings_logistic_regression
attr_has_edge_guard,,1,55640,No,No,True,0.8112339814774198,attr_has_edge_guard,logistic_regression,dinov3_frozen_embeddings_logistic_regression
attr_has_edge_guard,,1,55642,No,No,True,0.9999957388244275,attr_has_edge_guard,logistic_regression,dinov3_frozen_embeddings_logistic_regression
attr_has_edge_guard,,1,57117,No,No,True,0.8202719675210289,attr_has_edge_guard,logistic_regression,dinov3_frozen_embeddings_logistic_regression
attr_has_edge_guard,,1,57292,No,No,True,0.9999347667982353,attr_has_edge_guard,logistic_regression,dinov3_frozen_embeddings_logistic_regression
attr_has_edge_guard,,1,57858,No,No,True,0.9995190005465636,attr_has_edge_guard,logistic_regression,dinov3_frozen_embeddings_logistic_regression
attr_has_edge_guard,,1,58169,No,No,True,0.9995233159939477,attr_has_edge_guard,logistic_regression,dinov3_frozen_embeddings_logistic_regression
attr_has_edge_guard,,1,60689,No,No,True,0.9999884377104389,attr_has_edge_guard,logistic_regression,dinov3_frozen_embeddings_logistic_regression
attr_has_edge_guard,,1,61110,No,No,True,0.9993157151553247,attr_has_edge_guard,logistic_regression,dinov3_frozen_embeddings_logistic_regression
attr_has_edge_guard,,1,61414,No,No,True,0.9925709016319819,attr_has_edge_guard,logistic_regression,dinov3_frozen_embeddings_logistic_regression
attr_has_edge_guard,,1,61415,Yes,Yes,True,0.9350814818094858,attr_has_edge_guard,logistic_regression,dinov3_frozen_embeddings_logistic_regression
attr_has_edge_guard,,1,61416,Yes,Yes,True,0.5378552819546508,attr_has_edge_guard,logistic_regression,dinov3_frozen_embeddings_logistic_regression
attr_has_edge_guard,,1,63067,Yes,Yes,True,0.9968211866954625,attr_has_edge_guard,logistic_regression,dinov3_frozen_embeddings_logistic_regression
attr_has_edge_guard,,1,63219,No,No,True,0.6229874587194072,attr_has_edge_guard,logistic_regression,dinov3_frozen_embeddings_logistic_regression
attr_has_edge_guard,,1,64104,No,No,True,0.9988670433202543,attr_has_edge_guard,logistic_regression,dinov3_frozen_embeddings_logistic_regression
attr_has_edge_guard,,1,64109,No,No,True,0.9823737441724579,attr_has_edge_guard,logistic_regression,dinov3_frozen_embeddings_logistic_regression
attr_has_edge_guard,,1,64118,No,No,True,0.9999908524057618,attr_has_edge_guard,logistic_regression,dinov3_frozen_embeddings_logistic_regression
attr_has_edge_guard,,1,64142,No,No,True,0.9993040971542364,attr_has_edge_guard,logistic_regression,dinov3_frozen_embeddings_logistic_regression
attr_has_edge_guard,,1,65424,Yes,No,False,0.5703489576743855,attr_has_edge_guard,logistic_regression,dinov3_frozen_embeddings_logistic_regression
attr_has_edge_guard,,1,65425,No,No,True,0.9990473222840249,attr_has_edge_guard,logistic_regression,dinov3_frozen_embeddings_logistic_regression
attr_has_edge_guard,,1,65427,No,No,True,0.9999999999995743,attr_has_edge_guard,logistic_regression,dinov3_frozen_embeddings_logistic_regression
attr_has_edge_guard,,1,66038,No,No,True,0.7698550765870044,attr_has_edge_guard,logistic_regression,dinov3_frozen_embeddings_logistic_regression
attr_has_edge_guard,,1,66168,No,No,True,0.9999561740190623,attr_has_edge_guard,logistic_regression,dinov3_frozen_embeddings_logistic_regression
attr_has_edge_guard,,1,66915,Yes,No,False,0.9991766965984689,attr_has_edge_guard,logistic_regression,dinov3_frozen_embeddings_logistic_regression
attr_has_edge_guard,,1,66917,No,No,True,0.9270874544498586,attr_has_edge_guard,logistic_regression,dinov3_frozen_embeddings_logistic_regression
attr_has_edge_guard,,1,66922,No,Yes,False,0.8343578591307262,attr_has_edge_guard,logistic_regression,dinov3_frozen_embeddings_logistic_regression
attr_has_edge_guard,,1,79958,No,No,True,0.9990149351196101,attr_has_edge_guard,logistic_regression,dinov3_frozen_embeddings_logistic_regression
attr_has_edge_guard,,1,79980,No,No,True,0.8361518139499178,attr_has_edge_guard,logistic_regression,dinov3_frozen_embeddings_logistic_regression
attr_has_edge_guard,,1,81419,No,No,True,0.9998978065133296,attr_has_edge_guard,logistic_regression,dinov3_frozen_embeddings_logistic_regression
attr_has_edge_guard,,1,85150,No,No,True,0.5678603045269806,attr_has_edge_guard,logistic_regression,dinov3_frozen_embeddings_logistic_regression
attr_has_edge_guard,,1,85208,No,No,True,0.9981176310461458,attr_has_edge_guard,logistic_regression,dinov3_frozen_embeddings_logistic_regression
attr_has_edge_guard,,1,86597,Yes,Yes,True,0.9920482728325858,attr_has_edge_guard,logistic_regression,dinov3_frozen_embeddings_logistic_regression
attr_has_edge_guard,,1,87736,No,Yes,False,0.7157012141129737,attr_has_edge_guard,logistic_regression,dinov3_frozen_embeddings_logistic_regression
attr_has_edge_guard,,1,107074,No,No,True,0.9998932905897886,attr_has_edge_guard,logistic_regression,dinov3_frozen_embeddings_logistic_regression
attr_has_edge_guard,,1,109170,No,No,True,0.9999971474421658,attr_has_edge_guard,logistic_regression,dinov3_frozen_embeddings_logistic_regression
attr_has_edge_guard,,1,109560,No,No,True,0.9965134448611505,attr_has_edge_guard,logistic_regression,dinov3_frozen_embeddings_logistic_regression
attr_has_edge_guard,,1,110169,No,No,True,0.992721245128335,attr_has_edge_guard,logistic_regression,dinov3_frozen_embeddings_logistic_regression
attr_has_edge_guard,,1,112340,No,No,True,0.9999880941651359,attr_has_edge_guard,logistic_regression,dinov3_frozen_embeddings_logistic_regression
attr_has_edge_guard,,1,112411,No,No,True,0.8725634667248229,attr_has_edge_guard,logistic_regression,dinov3_frozen_embeddings_logistic_regression
attr_has_edge_guard,,1,113733,No,No,True,0.9999963309502516,attr_has_edge_guard,logistic_regression,dinov3_frozen_embeddings_logistic_regression
attr_has_edge_guard,,1,114997,Yes,Yes,True,0.9316497307899424,attr_has_edge_guard,logistic_regression,dinov3_frozen_embeddings_logistic_regression
attr_has_edge_guard,,1,46617,Yes,No,False,0.962402555033902,attr_has_edge_guard,logistic_regression,dinov3_frozen_embeddings_logistic_regression
attr_has_edge_guard,,1,47055,No,No,True,0.9997925112173794,attr_has_edge_guard,logistic_regression,dinov3_frozen_embeddings_logistic_regression
attr_has_edge_guard,,1,51549,No,No,True,0.8674553909372469,attr_has_edge_guard,logistic_regression,dinov3_frozen_embeddings_logistic_regression
attr_has_edge_guard,,1,51548,Yes,No,False,0.9764410973089748,attr_has_edge_guard,logistic_regression,dinov3_frozen_embeddings_logistic_regression
attr_has_edge_guard,,1,51551,Yes,No,False,0.997030319812071,attr_has_edge_guard,logistic_regression,dinov3_frozen_embeddings_logistic_regression
attr_has_edge_guard,,1,54338,No,No,True,0.9887046681713215,attr_has_edge_guard,logistic_regression,dinov3_frozen_embeddings_logistic_regression
attr_has_edge_guard,,1,56218,No,No,True,0.9999913410620582,attr_has_edge_guard,logistic_regression,dinov3_frozen_embeddings_logistic_regression
attr_has_edge_guard,,1,56786,Yes,No,False,0.9961396653944604,attr_has_edge_guard,logistic_regression,dinov3_frozen_embeddings_logistic_regression
attr_has_edge_guard,,1,58183,Yes,Yes,True,0.9674910893620049,attr_has_edge_guard,logistic_regression,dinov3_frozen_embeddings_logistic_regression
attr_has_edge_guard,,1,62340,Yes,No,False,0.9990524443951696,attr_has_edge_guard,logistic_regression,dinov3_frozen_embeddings_logistic_regression
attr_has_edge_guard,,1,62341,Yes,No,False,0.960400648611462,attr_has_edge_guard,logistic_regression,dinov3_frozen_embeddings_logistic_regression
attr_has_edge_guard,,1,66957,Yes,No,False,0.9999525417324585,attr_has_edge_guard,logistic_regression,dinov3_frozen_embeddings_logistic_regression
attr_has_edge_guard,,1,67796,Yes,No,False,0.9970619871234591,attr_has_edge_guard,logistic_regression,dinov3_frozen_embeddings_logistic_regression
attr_has_edge_guard,,1,68016,No,No,True,0.9999850389076008,attr_has_edge_guard,logistic_regression,dinov3_frozen_embeddings_logistic_regression
attr_has_edge_guard,,1,85146,Yes,No,False,0.9265754533661057,attr_has_edge_guard,logistic_regression,dinov3_frozen_embeddings_logistic_regression
attr_has_edge_guard,,1,97887,No,Yes,False,0.9997690624184611,attr_has_edge_guard,logistic_regression,dinov3_frozen_embeddings_logistic_regression
attr_has_edge_guard,,1,100150,No,Yes,False,0.9954575917634233,attr_has_edge_guard,logistic_regression,dinov3_frozen_embeddings_logistic_regression
attr_has_edge_guard,,1,111784,No,No,True,0.9999942210576029,attr_has_edge_guard,logistic_regression,dinov3_frozen_embeddings_logistic_regression
attr_has_edge_guard,,1,123389,Yes,Yes,True,0.7034140595865903,attr_has_edge_guard,logistic_regression,dinov3_frozen_embeddings_logistic_regression
attr_has_edge_guard,,1,123598,Yes,Yes,True,0.9554532031590186,attr_has_edge_guard,logistic_regression,dinov3_frozen_embeddings_logistic_regression
attr_has_edge_guard,,2,48119,No,No,True,0.9954496204114608,attr_has_edge_guard,logistic_regression,dinov3_frozen_embeddings_logistic_regression
attr_has_edge_guard,,2,48634,No,No,True,0.9999999359613913,attr_has_edge_guard,logistic_regression,dinov3_frozen_embeddings_logistic_regression
attr_has_edge_guard,,2,55645,No,No,True,0.9999990710997975,attr_has_edge_guard,logistic_regression,dinov3_frozen_embeddings_logistic_regression
attr_has_edge_guard,,2,56345,No,Yes,False,0.965478066658357,attr_has_edge_guard,logistic_regression,dinov3_frozen_embeddings_logistic_regression
attr_has_edge_guard,,2,58173,No,No,True,0.999306939247854,attr_has_edge_guard,logistic_regression,dinov3_frozen_embeddings_logistic_regression
attr_has_edge_guard,,2,58826,No,No,True,0.9999764110180159,attr_has_edge_guard,logistic_regression,dinov3_frozen_embeddings_logistic_regression
attr_has_edge_guard,,2,61114,No,No,True,0.9999898960364683,attr_has_edge_guard,logistic_regression,dinov3_frozen_embeddings_logistic_regression
attr_has_edge_guard,,2,61737,No,No,True,0.9999683748006827,attr_has_edge_guard,logistic_regression,dinov3_frozen_embeddings_logistic_regression
attr_has_edge_guard,,2,62447,No,No,True,0.9999995087466411,attr_has_edge_guard,logistic_regression,dinov3_frozen_embeddings_logistic_regression
attr_has_edge_guard,,2,64273,No,No,True,0.9999996425141306,attr_has_edge_guard,logistic_regression,dinov3_frozen_embeddings_logistic_regression
attr_has_edge_guard,,2,81875,No,No,True,0.9992021096035697,attr_has_edge_guard,logistic_regression,dinov3_frozen_embeddings_logistic_regression
attr_has_edge_guard,,2,83942,No,No,True,0.9733996498836063,attr_has_edge_guard,logistic_regression,dinov3_frozen_embeddings_logistic_regression
attr_has_edge_guard,,2,83951,No,No,True,0.9999361825773375,attr_has_edge_guard,logistic_regression,dinov3_frozen_embeddings_logistic_regression
attr_has_edge_guard,,2,84105,No,No,True,0.9999999744085311,attr_has_edge_guard,logistic_regression,dinov3_frozen_embeddings_logistic_regression
attr_has_edge_guard,,2,84848,No,No,True,0.999997146717595,attr_has_edge_guard,logistic_regression,dinov3_frozen_embeddings_logistic_regression
attr_has_edge_guard,,2,85479,No,No,True,0.9999665446407356,attr_has_edge_guard,logistic_regression,dinov3_frozen_embeddings_logistic_regression
attr_has_edge_guard,,2,85491,No,No,True,0.9999598874603285,attr_has_edge_guard,logistic_regression,dinov3_frozen_embeddings_logistic_regression
attr_has_edge_guard,,2,85500,No,No,True,0.9999285297928286,attr_has_edge_guard,logistic_regression,dinov3_frozen_embeddings_logistic_regression
attr_has_edge_guard,,2,85558,No,Yes,False,0.5497020601225748,attr_has_edge_guard,logistic_regression,dinov3_frozen_embeddings_logistic_regression
attr_has_edge_guard,,2,86041,No,No,True,0.9999976672741482,attr_has_edge_guard,logistic_regression,dinov3_frozen_embeddings_logistic_regression
attr_has_edge_guard,,2,86065,No,No,True,0.9999998850479275,attr_has_edge_guard,logistic_regression,dinov3_frozen_embeddings_logistic_regression
attr_has_edge_guard,,2,86103,No,No,True,0.9997448834429565,attr_has_edge_guard,logistic_regression,dinov3_frozen_embeddings_logistic_regression
attr_has_edge_guard,,2,86105,No,No,True,0.9997776360742425,attr_has_edge_guard,logistic_regression,dinov3_frozen_embeddings_logistic_regression
attr_has_edge_guard,,2,86108,No,No,True,0.9999996984017889,attr_has_edge_guard,logistic_regression,dinov3_frozen_embeddings_logistic_regression
attr_has_edge_guard,,2,86115,No,No,True,0.9992036623674352,attr_has_edge_guard,logistic_regression,dinov3_frozen_embeddings_logistic_regression
attr_has_edge_guard,,2,86117,No,No,True,0.9993654079637905,attr_has_edge_guard,logistic_regression,dinov3_frozen_embeddings_logistic_regression
attr_has_edge_guard,,2,86111,No,No,True,0.9999734025414254,attr_has_edge_guard,logistic_regression,dinov3_frozen_embeddings_logistic_regression
attr_has_edge_guard,,2,86141,No,No,True,0.9999979779950587,attr_has_edge_guard,logistic_regression,dinov3_frozen_embeddings_logistic_regression
attr_has_edge_guard,,2,86145,No,No,True,0.9999990244239013,attr_has_edge_guard,logistic_regression,dinov3_frozen_embeddings_logistic_regression
attr_has_edge_guard,,2,86150,No,No,True,0.9999998862439933,attr_has_edge_guard,logistic_regression,dinov3_frozen_embeddings_logistic_regression
attr_has_edge_guard,,2,86151,No,No,True,0.990308786136702,attr_has_edge_guard,logistic_regression,dinov3_frozen_embeddings_logistic_regression
attr_has_edge_guard,,2,86157,No,No,True,0.9991652036033692,attr_has_edge_guard,logistic_regression,dinov3_frozen_embeddings_logistic_regression
attr_has_edge_guard,,2,86163,No,No,True,0.9999999245534049,attr_has_edge_guard,logistic_regression,dinov3_frozen_embeddings_logistic_regression
attr_has_edge_guard,,2,86181,No,No,True,0.999999384393113,attr_has_edge_guard,logistic_regression,dinov3_frozen_embeddings_logistic_regression
attr_has_edge_guard,,2,86186,No,No,True,0.999999353566396,attr_has_edge_guard,logistic_regression,dinov3_frozen_embeddings_logistic_regression
attr_has_edge_guard,,2,86189,No,No,True,0.9997288484416095,attr_has_edge_guard,logistic_regression,dinov3_frozen_embeddings_logistic_regression
attr_has_edge_guard,,2,86194,No,No,True,0.9999902979506509,attr_has_edge_guard,logistic_regression,dinov3_frozen_embeddings_logistic_regression
attr_has_edge_guard,,2,86201,No,No,True,0.9998353032061694,attr_has_edge_guard,logistic_regression,dinov3_frozen_embeddings_logistic_regression
attr_has_edge_guard,,2,86207,No,No,True,0.9999942163113167,attr_has_edge_guard,logistic_regression,dinov3_frozen_embeddings_logistic_regression
attr_has_edge_guard,,2,86213,No,No,True,0.9999999999350815,attr_has_edge_guard,logistic_regression,dinov3_frozen_embeddings_logistic_regression
attr_has_edge_guard,,2,86224,No,No,True,0.9993932297382682,attr_has_edge_guard,logistic_regression,dinov3_frozen_embeddings_logistic_regression
attr_has_edge_guard,,2,86226,No,No,True,0.99367839371926,attr_has_edge_guard,logistic_regression,dinov3_frozen_embeddings_logistic_regression
attr_has_edge_guard,,2,86227,No,No,True,0.9995675489283384,attr_has_edge_guard,logistic_regression,dinov3_frozen_embeddings_logistic_regression
attr_has_edge_guard,,2,86225,No,No,True,0.9999935045661988,attr_has_edge_guard,logistic_regression,dinov3_frozen_embeddings_logistic_regression
attr_has_edge_guard,,2,86232,No,No,True,0.9999999692298375,attr_has_edge_guard,logistic_regression,dinov3_frozen_embeddings_logistic_regression
attr_has_edge_guard,,2,86241,No,No,True,0.9999987274126921,attr_has_edge_guard,logistic_regression,dinov3_frozen_embeddings_logistic_regression
attr_has_edge_guard,,2,86896,No,No,True,0.9999999707303127,attr_has_edge_guard,logistic_regression,dinov3_frozen_embeddings_logistic_regression
attr_has_edge_guard,,2,86899,No,No,True,0.9999998322653872,attr_has_edge_guard,logistic_regression,dinov3_frozen_embeddings_logistic_regression
attr_has_edge_guard,,2,86901,No,No,True,0.9916151887243566,attr_has_edge_guard,logistic_regression,dinov3_frozen_embeddings_logistic_regression
attr_has_edge_guard,,2,86916,No,No,True,0.8258651653066578,attr_has_edge_guard,logistic_regression,dinov3_frozen_embeddings_logistic_regression
attr_has_edge_guard,,2,86917,No,No,True,0.9997952908514484,attr_has_edge_guard,logistic_regression,dinov3_frozen_embeddings_logistic_regression
attr_has_edge_guard,,2,86925,No,No,True,0.9995642715698696,attr_has_edge_guard,logistic_regression,dinov3_frozen_embeddings_logistic_regression
attr_has_edge_guard,,2,87508,No,No,True,0.999993531013425,attr_has_edge_guard,logistic_regression,dinov3_frozen_embeddings_logistic_regression
attr_has_edge_guard,,2,87537,No,Yes,False,0.791964814123129,attr_has_edge_guard,logistic_regression,dinov3_frozen_embeddings_logistic_regression
attr_has_edge_guard,,2,87582,No,No,True,0.9999929851647712,attr_has_edge_guard,logistic_regression,dinov3_frozen_embeddings_logistic_regression
attr_has_edge_guard,,2,88279,No,No,True,0.9999301085590678,attr_has_edge_guard,logistic_regression,dinov3_frozen_embeddings_logistic_regression
attr_has_edge_guard,,2,88281,No,No,True,0.9999999923771461,attr_has_edge_guard,logistic_regression,dinov3_frozen_embeddings_logistic_regression
attr_has_edge_guard,,2,89582,No,No,True,0.9999963666831986,attr_has_edge_guard,logistic_regression,dinov3_frozen_embeddings_logistic_regression
attr_has_edge_guard,,2,89591,No,No,True,0.9999271719560571,attr_has_edge_guard,logistic_regression,dinov3_frozen_embeddings_logistic_regression
attr_has_edge_guard,,2,89710,No,No,True,0.9998997839121597,attr_has_edge_guard,logistic_regression,dinov3_frozen_embeddings_logistic_regression
attr_has_edge_guard,,2,90320,No,No,True,0.9999931659766164,attr_has_edge_guard,logistic_regression,dinov3_frozen_embeddings_logistic_regression
attr_has_edge_guard,,2,90324,No,No,True,0.9999832422611649,attr_has_edge_guard,logistic_regression,dinov3_frozen_embeddings_logistic_regression
attr_has_edge_guard,,2,90325,No,No,True,0.9999994288472627,attr_has_edge_guard,logistic_regression,dinov3_frozen_embeddings_logistic_regression
attr_has_edge_guard,,2,90344,No,No,True,0.9999999397084514,attr_has_edge_guard,logistic_regression,dinov3_frozen_embeddings_logistic_regression
attr_has_edge_guard,,2,90347,No,No,True,0.9999998503591421,attr_has_edge_guard,logistic_regression,dinov3_frozen_embeddings_logistic_regression
attr_has_edge_guard,,2,90348,No,No,True,0.999998542845897,attr_has_edge_guard,logistic_regression,dinov3_frozen_embeddings_logistic_regression
attr_has_edge_guard,,2,90355,No,No,True,0.9999996474408879,attr_has_edge_guard,logistic_regression,dinov3_frozen_embeddings_logistic_regression
attr_has_edge_guard,,2,90356,No,No,True,0.9999961512548645,attr_has_edge_guard,logistic_regression,dinov3_frozen_embeddings_logistic_regression
attr_has_edge_guard,,2,90362,No,No,True,0.9999995090809192,attr_has_edge_guard,logistic_regression,dinov3_frozen_embeddings_logistic_regression
attr_has_edge_guard,,2,90365,No,No,True,0.8001067837500768,attr_has_edge_guard,logistic_regression,dinov3_frozen_embeddings_logistic_regression
attr_has_edge_guard,,2,90367,No,No,True,0.9999989844992927,attr_has_edge_guard,logistic_regression,dinov3_frozen_embeddings_logistic_regression
attr_has_edge_guard,,2,90376,No,No,True,0.9999935299346789,attr_has_edge_guard,logistic_regression,dinov3_frozen_embeddings_logistic_regression
attr_has_edge_guard,,2,90388,No,No,True,0.9999999993947966,attr_has_edge_guard,logistic_regression,dinov3_frozen_embeddings_logistic_regression
attr_has_edge_guard,,2,90488,No,No,True,0.9999051923599678,attr_has_edge_guard,logistic_regression,dinov3_frozen_embeddings_logistic_regression
attr_has_edge_guard,,2,90496,No,No,True,0.9995368486961823,attr_has_edge_guard,logistic_regression,dinov3_frozen_embeddings_logistic_regression
attr_has_edge_guard,,2,92008,No,No,True,0.9999862469298084,attr_has_edge_guard,logistic_regression,dinov3_frozen_embeddings_logistic_regression
attr_has_edge_guard,,2,92009,No,No,True,0.9999999831165894,attr_has_edge_guard,logistic_regression,dinov3_frozen_embeddings_logistic_regression
attr_has_edge_guard,,2,92012,No,No,True,0.9999602143479225,attr_has_edge_guard,logistic_regression,dinov3_frozen_embeddings_logistic_regression
attr_has_edge_guard,,2,92022,No,No,True,0.9999926421456323,attr_has_edge_guard,logistic_regression,dinov3_frozen_embeddings_logistic_regression
attr_has_edge_guard,,2,92024,No,No,True,0.9999633707289285,attr_has_edge_guard,logistic_regression,dinov3_frozen_embeddings_logistic_regression
attr_has_edge_guard,,2,92027,No,No,True,0.9999999977820533,attr_has_edge_guard,logistic_regression,dinov3_frozen_embeddings_logistic_regression
attr_has_edge_guard,,2,92029,No,No,True,0.9999962821002509,attr_has_edge_guard,logistic_regression,dinov3_frozen_embeddings_logistic_regression
attr_has_edge_guard,,2,92037,No,No,True,0.9999833100088281,attr_has_edge_guard,logistic_regression,dinov3_frozen_embeddings_logistic_regression
attr_has_edge_guard,,2,92043,No,No,True,0.9999997397874232,attr_has_edge_guard,logistic_regression,dinov3_frozen_embeddings_logistic_regression
attr_has_edge_guard,,2,92045,No,No,True,0.9999999149770198,attr_has_edge_guard,logistic_regression,dinov3_frozen_embeddings_logistic_regression
attr_has_edge_guard,,2,92053,No,No,True,0.9999963505961764,attr_has_edge_guard,logistic_regression,dinov3_frozen_embeddings_logistic_regression
attr_has_edge_guard,,2,92057,No,No,True,0.9988457283380108,attr_has_edge_guard,logistic_regression,dinov3_frozen_embeddings_logistic_regression
attr_has_edge_guard,,2,92060,No,No,True,0.9987083126192371,attr_has_edge_guard,logistic_regression,dinov3_frozen_embeddings_logistic_regression
attr_has_edge_guard,,2,92072,No,No,True,0.9998694385010793,attr_has_edge_guard,logistic_regression,dinov3_frozen_embeddings_logistic_regression
attr_has_edge_guard,,2,92074,No,No,True,0.9999301184819483,attr_has_edge_guard,logistic_regression,dinov3_frozen_embeddings_logistic_regression
attr_has_edge_guard,,2,93028,No,No,True,0.9999910871173101,attr_has_edge_guard,logistic_regression,dinov3_frozen_embeddings_logistic_regression
attr_has_edge_guard,,2,94171,No,No,True,0.9983026315021545,attr_has_edge_guard,logistic_regression,dinov3_frozen_embeddings_logistic_regression
attr_has_edge_guard,,2,94268,No,No,True,0.9998308572876387,attr_has_edge_guard,logistic_regression,dinov3_frozen_embeddings_logistic_regression
attr_has_edge_guard,,2,94270,No,No,True,0.9999998445694381,attr_has_edge_guard,logistic_regression,dinov3_frozen_embeddings_logistic_regression
attr_has_edge_guard,,2,94276,No,No,True,0.9999999679464093,attr_has_edge_guard,logistic_regression,dinov3_frozen_embeddings_logistic_regression
attr_has_edge_guard,,2,94281,No,No,True,0.999999097831221,attr_has_edge_guard,logistic_regression,dinov3_frozen_embeddings_logistic_regression
attr_has_edge_guard,,2,94282,No,No,True,0.9998302026215847,attr_has_edge_guard,logistic_regression,dinov3_frozen_embeddings_logistic_regression
attr_has_edge_guard,,2,94283,No,No,True,0.9999999995478921,attr_has_edge_guard,logistic_regression,dinov3_frozen_embeddings_logistic_regression
attr_has_edge_guard,,2,94286,No,No,True,0.9999689642716788,attr_has_edge_guard,logistic_regression,dinov3_frozen_embeddings_logistic_regression
attr_has_edge_guard,,2,94300,No,No,True,0.9987148955477613,attr_has_edge_guard,logistic_regression,dinov3_frozen_embeddings_logistic_regression
attr_has_edge_guard,,2,94316,No,No,True,0.999864335676438,attr_has_edge_guard,logistic_regression,dinov3_frozen_embeddings_logistic_regression
attr_has_edge_guard,,2,94320,No,No,True,0.9999962988572275,attr_has_edge_guard,logistic_regression,dinov3_frozen_embeddings_logistic_regression
attr_has_edge_guard,,2,94321,No,No,True,0.999981310959994,attr_has_edge_guard,logistic_regression,dinov3_frozen_embeddings_logistic_regression
attr_has_edge_guard,,2,94327,No,No,True,0.9999998807441175,attr_has_edge_guard,logistic_regression,dinov3_frozen_embeddings_logistic_regression
attr_has_edge_guard,,2,94359,No,No,True,0.9999986997023445,attr_has_edge_guard,logistic_regression,dinov3_frozen_embeddings_logistic_regression
attr_has_edge_guard,,2,94367,No,No,True,0.9670855936810739,attr_has_edge_guard,logistic_regression,dinov3_frozen_embeddings_logistic_regression
attr_has_edge_guard,,2,94375,No,No,True,0.96887437977869,attr_has_edge_guard,logistic_regression,dinov3_frozen_embeddings_logistic_regression
attr_has_edge_guard,,2,94376,No,No,True,0.9999699321362454,attr_has_edge_guard,logistic_regression,dinov3_frozen_embeddings_logistic_regression
attr_has_edge_guard,,2,94380,No,No,True,0.9999730674942078,attr_has_edge_guard,logistic_regression,dinov3_frozen_embeddings_logistic_regression
attr_has_edge_guard,,2,94382,No,No,True,0.9998718211669657,attr_has_edge_guard,logistic_regression,dinov3_frozen_embeddings_logistic_regression
attr_has_edge_guard,,2,94412,No,No,True,0.9998657505883569,attr_has_edge_guard,logistic_regression,dinov3_frozen_embeddings_logistic_regression
attr_has_edge_guard,,2,94414,No,No,True,0.9999208046711106,attr_has_edge_guard,logistic_regression,dinov3_frozen_embeddings_logistic_regression
attr_has_edge_guard,,2,94422,No,No,True,0.9999858686260994,attr_has_edge_guard,logistic_regression,dinov3_frozen_embeddings_logistic_regression
attr_has_edge_guard,,2,97286,No,No,True,0.9999946928961739,attr_has_edge_guard,logistic_regression,dinov3_frozen_embeddings_logistic_regression
attr_has_edge_guard,,2,100550,No,No,True,0.6394964594012156,attr_has_edge_guard,logistic_regression,dinov3_frozen_embeddings_logistic_regression
attr_has_edge_guard,,2,102372,Yes,No,False,0.9996910058807261,attr_has_edge_guard,logistic_regression,dinov3_frozen_embeddings_logistic_regression
attr_has_edge_guard,,2,102415,No,No,True,0.9999999907679646,attr_has_edge_guard,logistic_regression,dinov3_frozen_embeddings_logistic_regression
attr_has_edge_guard,,2,102441,No,No,True,0.989856271005593,attr_has_edge_guard,logistic_regression,dinov3_frozen_embeddings_logistic_regression
attr_has_edge_guard,,2,102560,No,No,True,0.9999395582639927,attr_has_edge_guard,logistic_regression,dinov3_frozen_embeddings_logistic_regression
attr_has_edge_guard,,2,103745,No,No,True,0.9933448678400018,attr_has_edge_guard,logistic_regression,dinov3_frozen_embeddings_logistic_regression
attr_has_edge_guard,,2,105280,No,No,True,0.9994885762386759,attr_has_edge_guard,logistic_regression,dinov3_frozen_embeddings_logistic_regression
attr_has_edge_guard,,2,106401,No,No,True,0.9963280263743386,attr_has_edge_guard,logistic_regression,dinov3_frozen_embeddings_logistic_regression
attr_has_edge_guard,,2,107062,No,No,True,0.9999990973308454,attr_has_edge_guard,logistic_regression,dinov3_frozen_embeddings_logistic_regression
attr_has_edge_guard,,2,107361,No,No,True,0.9999999536250332,attr_has_edge_guard,logistic_regression,dinov3_frozen_embeddings_logistic_regression
attr_has_edge_guard,,2,107364,No,No,True,0.9999986834588656,attr_has_edge_guard,logistic_regression,dinov3_frozen_embeddings_logistic_regression
attr_has_edge_guard,,2,107875,No,No,True,0.9999973692763435,attr_has_edge_guard,logistic_regression,dinov3_frozen_embeddings_logistic_regression
attr_has_edge_guard,,2,107959,No,No,True,0.9999595400708707,attr_has_edge_guard,logistic_regression,dinov3_frozen_embeddings_logistic_regression
attr_has_edge_guard,,2,108029,No,No,True,0.9999949320615849,attr_has_edge_guard,logistic_regression,dinov3_frozen_embeddings_logistic_regression
attr_has_edge_guard,,2,108318,No,No,True,0.9985380988831208,attr_has_edge_guard,logistic_regression,dinov3_frozen_embeddings_logistic_regression
attr_has_edge_guard,,2,108326,No,No,True,0.9999664211787284,attr_has_edge_guard,logistic_regression,dinov3_frozen_embeddings_logistic_regression
attr_has_edge_guard,,2,108355,No,No,True,0.9999998176047039,attr_has_edge_guard,logistic_regression,dinov3_frozen_embeddings_logistic_regression
attr_has_edge_guard,,2,108358,No,No,True,0.9979468796004405,attr_has_edge_guard,logistic_regression,dinov3_frozen_embeddings_logistic_regression
attr_has_edge_guard,,2,108661,No,No,True,0.9988231566644864,attr_has_edge_guard,logistic_regression,dinov3_frozen_embeddings_logistic_regression
attr_has_edge_guard,,2,108708,No,No,True,0.9830670897480759,attr_has_edge_guard,logistic_regression,dinov3_frozen_embeddings_logistic_regression
attr_has_edge_guard,,2,108779,No,No,True,0.9999992256140631,attr_has_edge_guard,logistic_regression,dinov3_frozen_embeddings_logistic_regression
attr_has_edge_guard,,2,108780,No,No,True,0.999846852461424,attr_has_edge_guard,logistic_regression,dinov3_frozen_embeddings_logistic_regression
attr_has_edge_guard,,2,108792,No,No,True,0.9999985517805784,attr_has_edge_guard,logistic_regression,dinov3_frozen_embeddings_logistic_regression
attr_has_edge_guard,,2,109137,No,No,True,0.7073070111966675,attr_has_edge_guard,logistic_regression,dinov3_frozen_embeddings_logistic_regression
attr_has_edge_guard,,2,109190,No,Yes,False,0.9983280094413803,attr_has_edge_guard,logistic_regression,dinov3_frozen_embeddings_logistic_regression
attr_has_edge_guard,,2,109331,No,No,True,0.9999979918962525,attr_has_edge_guard,logistic_regression,dinov3_frozen_embeddings_logistic_regression
attr_has_edge_guard,,2,109368,No,No,True,0.9999993180283098,attr_has_edge_guard,logistic_regression,dinov3_frozen_embeddings_logistic_regression
attr_has_edge_guard,,2,109413,No,No,True,0.9999997434162331,attr_has_edge_guard,logistic_regression,dinov3_frozen_embeddings_logistic_regression
attr_has_edge_guard,,2,109609,Yes,Yes,True,0.999961436514716,attr_has_edge_guard,logistic_regression,dinov3_frozen_embeddings_logistic_regression
attr_has_edge_guard,,2,109618,Yes,No,False,0.99999892555683,attr_has_edge_guard,logistic_regression,dinov3_frozen_embeddings_logistic_regression
attr_has_edge_guard,,2,109622,Yes,No,False,0.8952381021647438,attr_has_edge_guard,logistic_regression,dinov3_frozen_embeddings_logistic_regression
attr_has_edge_guard,,2,109711,No,No,True,0.9998926171971426,attr_has_edge_guard,logistic_regression,dinov3_frozen_embeddings_logistic_regression
attr_has_edge_guard,,2,110578,No,No,True,0.9999655661968553,attr_has_edge_guard,logistic_regression,dinov3_frozen_embeddings_logistic_regression
attr_has_edge_guard,,2,110607,No,No,True,0.9999958537713456,attr_has_edge_guard,logistic_regression,dinov3_frozen_embeddings_logistic_regression
attr_has_edge_guard,,2,110720,No,No,True,0.9996140560463591,attr_has_edge_guard,logistic_regression,dinov3_frozen_embeddings_logistic_regression
attr_has_edge_guard,,2,110798,No,No,True,0.9998118889751548,attr_has_edge_guard,logistic_regression,dinov3_frozen_embeddings_logistic_regression
attr_has_edge_guard,,2,110832,No,No,True,0.9997995250911687,attr_has_edge_guard,logistic_regression,dinov3_frozen_embeddings_logistic_regression
attr_has_edge_guard,,2,110974,No,No,True,0.9999902951759015,attr_has_edge_guard,logistic_regression,dinov3_frozen_embeddings_logistic_regression
attr_has_edge_guard,,2,111005,No,No,True,0.999994588407282,attr_has_edge_guard,logistic_regression,dinov3_frozen_embeddings_logistic_regression
attr_has_edge_guard,,2,111686,No,No,True,0.9999999393688528,attr_has_edge_guard,logistic_regression,dinov3_frozen_embeddings_logistic_regression
attr_has_edge_guard,,2,111729,No,No,True,0.9999998675554612,attr_has_edge_guard,logistic_regression,dinov3_frozen_embeddings_logistic_regression
attr_has_edge_guard,,2,111783,No,No,True,0.9999997984822212,attr_has_edge_guard,logistic_regression,dinov3_frozen_embeddings_logistic_regression
attr_has_edge_guard,,2,111788,No,No,True,0.9999965336420962,attr_has_edge_guard,logistic_regression,dinov3_frozen_embeddings_logistic_regression
attr_has_edge_guard,,2,111794,No,No,True,0.9999780617159751,attr_has_edge_guard,logistic_regression,dinov3_frozen_embeddings_logistic_regression
attr_has_edge_guard,,2,111801,No,No,True,0.9999987299071619,attr_has_edge_guard,logistic_regression,dinov3_frozen_embeddings_logistic_regression
attr_has_edge_guard,,2,111802,No,No,True,0.9942507577910997,attr_has_edge_guard,logistic_regression,dinov3_frozen_embeddings_logistic_regression
attr_has_edge_guard,,2,111813,No,No,True,0.9999707798334844,attr_has_edge_guard,logistic_regression,dinov3_frozen_embeddings_logistic_regression
attr_has_edge_guard,,2,111821,No,No,True,0.9997739410959773,attr_has_edge_guard,logistic_regression,dinov3_frozen_embeddings_logistic_regression
attr_has_edge_guard,,2,112327,No,No,True,0.9999987777194554,attr_has_edge_guard,logistic_regression,dinov3_frozen_embeddings_logistic_regression
attr_has_edge_guard,,2,112330,No,No,True,0.999999971549668,attr_has_edge_guard,logistic_regression,dinov3_frozen_embeddings_logistic_regression
attr_has_edge_guard,,2,112401,No,No,True,0.9999999965146035,attr_has_edge_guard,logistic_regression,dinov3_frozen_embeddings_logistic_regression
attr_has_edge_guard,,2,112582,No,No,True,0.999999997051003,attr_has_edge_guard,logistic_regression,dinov3_frozen_embeddings_logistic_regression
attr_has_edge_guard,,2,112965,No,No,True,0.9999998835685746,attr_has_edge_guard,logistic_regression,dinov3_frozen_embeddings_logistic_regression
attr_has_edge_guard,,2,113128,No,No,True,0.9999540683311801,attr_has_edge_guard,logistic_regression,dinov3_frozen_embeddings_logistic_regression
attr_has_edge_guard,,2,113173,No,No,True,0.999853893525747,attr_has_edge_guard,logistic_regression,dinov3_frozen_embeddings_logistic_regression
attr_has_edge_guard,,2,114051,No,No,True,0.999999519940014,attr_has_edge_guard,logistic_regression,dinov3_frozen_embeddings_logistic_regression
attr_has_edge_guard,,2,114946,No,No,True,0.9999993098087506,attr_has_edge_guard,logistic_regression,dinov3_frozen_embeddings_logistic_regression
attr_has_edge_guard,,2,114953,No,No,True,0.9999972228440157,attr_has_edge_guard,logistic_regression,dinov3_frozen_embeddings_logistic_regression
attr_has_edge_guard,,2,114975,No,No,True,0.9999997756674854,attr_has_edge_guard,logistic_regression,dinov3_frozen_embeddings_logistic_regression
attr_has_edge_guard,,2,115442,Yes,Yes,True,0.5092681771261163,attr_has_edge_guard,logistic_regression,dinov3_frozen_embeddings_logistic_regression
attr_has_edge_guard,,2,115448,No,No,True,0.9986459337425484,attr_has_edge_guard,logistic_regression,dinov3_frozen_embeddings_logistic_regression
attr_has_edge_guard,,2,116744,No,Yes,False,0.5043970866472671,attr_has_edge_guard,logistic_regression,dinov3_frozen_embeddings_logistic_regression
attr_has_edge_guard,,2,116746,No,Yes,False,0.9845080744556468,attr_has_edge_guard,logistic_regression,dinov3_frozen_embeddings_logistic_regression
attr_has_edge_guard,,2,116765,Yes,No,False,0.8002225356225269,attr_has_edge_guard,logistic_regression,dinov3_frozen_embeddings_logistic_regression
attr_has_edge_guard,,2,117203,No,No,True,0.9981358907616057,attr_has_edge_guard,logistic_regression,dinov3_frozen_embeddings_logistic_regression
attr_has_edge_guard,,2,117210,No,No,True,0.9994553916761889,attr_has_edge_guard,logistic_regression,dinov3_frozen_embeddings_logistic_regression
attr_has_edge_guard,,2,117574,No,No,True,0.9999986644398076,attr_has_edge_guard,logistic_regression,dinov3_frozen_embeddings_logistic_regression
attr_has_edge_guard,,2,117580,No,No,True,0.9999938913308226,attr_has_edge_guard,logistic_regression,dinov3_frozen_embeddings_logistic_regression
attr_has_edge_guard,,2,117586,No,No,True,0.9999999215437265,attr_has_edge_guard,logistic_regression,dinov3_frozen_embeddings_logistic_regression
attr_has_edge_guard,,2,117773,No,No,True,0.9999930850560366,attr_has_edge_guard,logistic_regression,dinov3_frozen_embeddings_logistic_regression
attr_has_edge_guard,,2,120298,No,No,True,0.9999999635575006,attr_has_edge_guard,logistic_regression,dinov3_frozen_embeddings_logistic_regression
attr_has_edge_guard,,2,120659,No,No,True,0.9999977121509283,attr_has_edge_guard,logistic_regression,dinov3_frozen_embeddings_logistic_regression
attr_has_edge_guard,,2,120668,No,No,True,0.9949267357879925,attr_has_edge_guard,logistic_regression,dinov3_frozen_embeddings_logistic_regression
attr_has_edge_guard,,2,120671,No,No,True,0.9999971152294963,attr_has_edge_guard,logistic_regression,dinov3_frozen_embeddings_logistic_regression
attr_has_edge_guard,,2,120675,No,No,True,0.9999997899094916,attr_has_edge_guard,logistic_regression,dinov3_frozen_embeddings_logistic_regression
attr_has_edge_guard,,2,120690,No,No,True,0.9999992425035039,attr_has_edge_guard,logistic_regression,dinov3_frozen_embeddings_logistic_regression
attr_has_edge_guard,,2,121070,No,No,True,0.9989202990471289,attr_has_edge_guard,logistic_regression,dinov3_frozen_embeddings_logistic_regression
attr_has_edge_guard,,2,121248,No,No,True,0.9999993203372434,attr_has_edge_guard,logistic_regression,dinov3_frozen_embeddings_logistic_regression
attr_has_edge_guard,,2,121480,No,No,True,0.999974296837683,attr_has_edge_guard,logistic_regression,dinov3_frozen_embeddings_logistic_regression
attr_has_edge_guard,,2,121572,No,No,True,0.9997103340867497,attr_has_edge_guard,logistic_regression,dinov3_frozen_embeddings_logistic_regression
attr_has_edge_guard,,2,121581,No,No,True,0.999989423613581,attr_has_edge_guard,logistic_regression,dinov3_frozen_embeddings_logistic_regression
attr_has_edge_guard,,2,121587,No,No,True,0.9986057269394291,attr_has_edge_guard,logistic_regression,dinov3_frozen_embeddings_logistic_regression
attr_has_edge_guard,,2,121728,No,No,True,0.9999431957953554,attr_has_edge_guard,logistic_regression,dinov3_frozen_embeddings_logistic_regression
attr_has_edge_guard,,2,121732,No,No,True,0.9999706395882971,attr_has_edge_guard,logistic_regression,dinov3_frozen_embeddings_logistic_regression
attr_has_edge_guard,,2,121739,No,No,True,0.9930152825932723,attr_has_edge_guard,logistic_regression,dinov3_frozen_embeddings_logistic_regression
attr_has_edge_guard,,2,121744,No,No,True,0.9998624697101303,attr_has_edge_guard,logistic_regression,dinov3_frozen_embeddings_logistic_regression
attr_has_edge_guard,,2,121791,No,No,True,0.9999999385913497,attr_has_edge_guard,logistic_regression,dinov3_frozen_embeddings_logistic_regression
attr_has_edge_guard,,2,122317,No,No,True,0.9994573471677078,attr_has_edge_guard,logistic_regression,dinov3_frozen_embeddings_logistic_regression
attr_has_edge_guard,,2,122699,No,No,True,0.9865795244062047,attr_has_edge_guard,logistic_regression,dinov3_frozen_embeddings_logistic_regression
attr_has_edge_guard,,2,122976,No,No,True,0.9999992129404303,attr_has_edge_guard,logistic_regression,dinov3_frozen_embeddings_logistic_regression
attr_has_edge_guard,,2,123104,No,No,True,0.9979057794382289,attr_has_edge_guard,logistic_regression,dinov3_frozen_embeddings_logistic_regression
attr_has_edge_guard,,2,123105,No,No,True,0.9994985152586676,attr_has_edge_guard,logistic_regression,dinov3_frozen_embeddings_logistic_regression
attr_has_edge_guard,,2,123256,No,No,True,0.9998542656654609,attr_has_edge_guard,logistic_regression,dinov3_frozen_embeddings_logistic_regression
attr_has_edge_guard,,2,123259,No,No,True,0.9770461610570744,attr_has_edge_guard,logistic_regression,dinov3_frozen_embeddings_logistic_regression
attr_has_edge_guard,,2,123417,No,No,True,0.9991703494529361,attr_has_edge_guard,logistic_regression,dinov3_frozen_embeddings_logistic_regression
attr_has_edge_guard,,2,123607,No,No,True,0.9999635541894587,attr_has_edge_guard,logistic_regression,dinov3_frozen_embeddings_logistic_regression
attr_has_edge_guard,,2,123608,No,No,True,0.9894387071252212,attr_has_edge_guard,logistic_regression,dinov3_frozen_embeddings_logistic_regression
attr_has_edge_guard,,2,123616,No,No,True,0.9999985812777559,attr_has_edge_guard,logistic_regression,dinov3_frozen_embeddings_logistic_regression
attr_has_edge_guard,,2,124739,No,No,True,0.9999994998633139,attr_has_edge_guard,logistic_regression,dinov3_frozen_embeddings_logistic_regression
attr_has_edge_guard,,2,124886,No,Yes,False,0.6474535610418205,attr_has_edge_guard,logistic_regression,dinov3_frozen_embeddings_logistic_regression
attr_has_edge_guard,,2,126129,No,No,True,0.999996768288229,attr_has_edge_guard,logistic_regression,dinov3_frozen_embeddings_logistic_regression
attr_has_edge_guard,,2,126406,No,No,True,0.9999935136085515,attr_has_edge_guard,logistic_regression,dinov3_frozen_embeddings_logistic_regression
attr_has_edge_guard,,2,126692,No,No,True,0.9999685630264076,attr_has_edge_guard,logistic_regression,dinov3_frozen_embeddings_logistic_regression
attr_has_edge_guard,,2,126704,No,No,True,0.9999782145434648,attr_has_edge_guard,logistic_regression,dinov3_frozen_embeddings_logistic_regression
attr_has_edge_guard,,2,126783,No,No,True,0.8061773524657208,attr_has_edge_guard,logistic_regression,dinov3_frozen_embeddings_logistic_regression
attr_has_edge_guard,,2,126833,No,No,True,0.9999941678383071,attr_has_edge_guard,logistic_regression,dinov3_frozen_embeddings_logistic_regression
attr_has_edge_guard,,2,127135,No,No,True,0.9998651085735817,attr_has_edge_guard,logistic_regression,dinov3_frozen_embeddings_logistic_regression
attr_has_edge_guard,,2,127140,No,No,True,0.999954775740673,attr_has_edge_guard,logistic_regression,dinov3_frozen_embeddings_logistic_regression
attr_has_edge_guard,,2,127167,No,No,True,0.999991935663083,attr_has_edge_guard,logistic_regression,dinov3_frozen_embeddings_logistic_regression
attr_has_edge_guard,,2,127229,No,No,True,0.9778497242594604,attr_has_edge_guard,logistic_regression,dinov3_frozen_embeddings_logistic_regression
attr_has_edge_guard,,2,127231,No,No,True,0.9997442231432859,attr_has_edge_guard,logistic_regression,dinov3_frozen_embeddings_logistic_regression
attr_has_edge_guard,,2,128638,No,No,True,0.9999802645862262,attr_has_edge_guard,logistic_regression,dinov3_frozen_embeddings_logistic_regression
attr_has_edge_guard,,2,128875,No,No,True,0.9998631796812566,attr_has_edge_guard,logistic_regression,dinov3_frozen_embeddings_logistic_regression
attr_has_edge_guard,,2,128981,No,No,True,0.9991994016421488,attr_has_edge_guard,logistic_regression,dinov3_frozen_embeddings_logistic_regression
attr_has_edge_guard,,2,92846,No,No,True,0.9999566773222472,attr_has_edge_guard,logistic_regression,dinov3_frozen_embeddings_logistic_regression
attr_has_edge_guard,,2,100342,No,Yes,False,0.7950781873108083,attr_has_edge_guard,logistic_regression,dinov3_frozen_embeddings_logistic_regression
attr_has_edge_guard,,2,101550,No,No,True,0.9999877446155507,attr_has_edge_guard,logistic_regression,dinov3_frozen_embeddings_logistic_regression
attr_has_edge_guard,,2,106916,No,No,True,0.9999988854900979,attr_has_edge_guard,logistic_regression,dinov3_frozen_embeddings_logistic_regression
attr_has_edge_guard,,2,109179,No,Yes,False,0.8180861030624142,attr_has_edge_guard,logistic_regression,dinov3_frozen_embeddings_logistic_regression
attr_has_edge_guard,,2,109183,No,No,True,0.9999680455207285,attr_has_edge_guard,logistic_regression,dinov3_frozen_embeddings_logistic_regression
attr_has_edge_guard,,2,109187,No,No,True,0.9885209073216619,attr_has_edge_guard,logistic_regression,dinov3_frozen_embeddings_logistic_regression
attr_has_edge_guard,,2,109188,No,No,True,0.9991256364134629,attr_has_edge_guard,logistic_regression,dinov3_frozen_embeddings_logistic_regression
attr_has_edge_guard,,2,109621,Yes,No,False,0.9322573246681993,attr_has_edge_guard,logistic_regression,dinov3_frozen_embeddings_logistic_regression
attr_has_edge_guard,,2,110276,No,No,True,0.9999998063126316,attr_has_edge_guard,logistic_regression,dinov3_frozen_embeddings_logistic_regression
attr_has_edge_guard,,2,114184,No,No,True,0.7629823038478181,attr_has_edge_guard,logistic_regression,dinov3_frozen_embeddings_logistic_regression
attr_has_edge_guard,,2,114185,No,Yes,False,0.9048635337120471,attr_has_edge_guard,logistic_regression,dinov3_frozen_embeddings_logistic_regression
attr_has_edge_guard,,2,114211,No,No,True,0.9999896104982059,attr_has_edge_guard,logistic_regression,dinov3_frozen_embeddings_logistic_regression
attr_has_edge_guard,,2,114245,No,No,True,0.9999972311115047,attr_has_edge_guard,logistic_regression,dinov3_frozen_embeddings_logistic_regression
attr_has_edge_guard,,2,114276,No,No,True,0.9865354049023449,attr_has_edge_guard,logistic_regression,dinov3_frozen_embeddings_logistic_regression
attr_has_edge_guard,,2,117294,No,No,True,0.8210462798643412,attr_has_edge_guard,logistic_regression,dinov3_frozen_embeddings_logistic_regression
attr_has_edge_guard,,2,118804,No,No,True,0.9999784017361483,attr_has_edge_guard,logistic_regression,dinov3_frozen_embeddings_logistic_regression
attr_has_edge_guard,,2,128878,No,No,True,0.9491475236302018,attr_has_edge_guard,logistic_regression,dinov3_frozen_embeddings_logistic_regression
attr_has_edge_guard,,2,129397,Yes,Yes,True,0.9971500350974736,attr_has_edge_guard,logistic_regression,dinov3_frozen_embeddings_logistic_regression
attr_has_edge_guard,,2,120682,No,No,True,0.9993213302329064,attr_has_edge_guard,logistic_regression,dinov3_frozen_embeddings_logistic_regression
attr_has_edge_guard,,2,46923,No,No,True,0.999986503108188,attr_has_edge_guard,logistic_regression,dinov3_frozen_embeddings_logistic_regression
attr_has_edge_guard,,2,46932,No,No,True,0.9999999998741642,attr_has_edge_guard,logistic_regression,dinov3_frozen_embeddings_logistic_regression
attr_has_edge_guard,,2,47532,No,Yes,False,0.9622483340505816,attr_has_edge_guard,logistic_regression,dinov3_frozen_embeddings_logistic_regression
attr_has_edge_guard,,2,48341,Yes,No,False,0.9954436510136568,attr_has_edge_guard,logistic_regression,dinov3_frozen_embeddings_logistic_regression
attr_has_edge_guard,,2,48342,Yes,No,False,0.9999833434205738,attr_has_edge_guard,logistic_regression,dinov3_frozen_embeddings_logistic_regression
attr_has_edge_guard,,2,48627,No,No,True,0.994806319421608,attr_has_edge_guard,logistic_regression,dinov3_frozen_embeddings_logistic_regression
attr_has_edge_guard,,2,48694,No,No,True,0.9999814561024073,attr_has_edge_guard,logistic_regression,dinov3_frozen_embeddings_logistic_regression
attr_has_edge_guard,,2,49059,No,No,True,0.9998500364840857,attr_has_edge_guard,logistic_regression,dinov3_frozen_embeddings_logistic_regression
attr_has_edge_guard,,2,49060,No,No,True,0.9974720486344031,attr_has_edge_guard,logistic_regression,dinov3_frozen_embeddings_logistic_regression
attr_has_edge_guard,,2,49063,No,Yes,False,0.901064990433769,attr_has_edge_guard,logistic_regression,dinov3_frozen_embeddings_logistic_regression
attr_has_edge_guard,,2,49679,No,No,True,0.9997974386769265,attr_has_edge_guard,logistic_regression,dinov3_frozen_embeddings_logistic_regression
attr_has_edge_guard,,2,50770,No,No,True,0.9996784536672426,attr_has_edge_guard,logistic_regression,dinov3_frozen_embeddings_logistic_regression
attr_has_edge_guard,,2,50822,No,Yes,False,0.9502539126211533,attr_has_edge_guard,logistic_regression,dinov3_frozen_embeddings_logistic_regression
attr_has_edge_guard,,2,51214,No,Yes,False,0.9973914285010034,attr_has_edge_guard,logistic_regression,dinov3_frozen_embeddings_logistic_regression
attr_has_edge_guard,,2,51800,No,No,True,0.9847785725595684,attr_has_edge_guard,logistic_regression,dinov3_frozen_embeddings_logistic_regression
attr_has_edge_guard,,2,51858,Yes,Yes,True,0.8166918828411482,attr_has_edge_guard,logistic_regression,dinov3_frozen_embeddings_logistic_regression
attr_has_edge_guard,,2,54184,No,No,True,0.999978417074163,attr_has_edge_guard,logistic_regression,dinov3_frozen_embeddings_logistic_regression
attr_has_edge_guard,,2,55637,No,No,True,0.9891250900783454,attr_has_edge_guard,logistic_regression,dinov3_frozen_embeddings_logistic_regression
attr_has_edge_guard,,2,56205,No,No,True,0.7634757314719693,attr_has_edge_guard,logistic_regression,dinov3_frozen_embeddings_logistic_regression
attr_has_edge_guard,,2,56876,No,No,True,0.9995292397410458,attr_has_edge_guard,logistic_regression,dinov3_frozen_embeddings_logistic_regression
attr_has_edge_guard,,2,57118,No,Yes,False,0.5309758946173452,attr_has_edge_guard,logistic_regression,dinov3_frozen_embeddings_logistic_regression
attr_has_edge_guard,,2,57835,Yes,Yes,True,0.9618986448092761,attr_has_edge_guard,logistic_regression,dinov3_frozen_embeddings_logistic_regression
attr_has_edge_guard,,2,58956,No,No,True,0.9999948059968206,attr_has_edge_guard,logistic_regression,dinov3_frozen_embeddings_logistic_regression
attr_has_edge_guard,,2,59060,Yes,Yes,True,0.999999236533254,attr_has_edge_guard,logistic_regression,dinov3_frozen_embeddings_logistic_regression
attr_has_edge_guard,,2,61003,No,No,True,0.9989688408074223,attr_has_edge_guard,logistic_regression,dinov3_frozen_embeddings_logistic_regression
attr_has_edge_guard,,2,61109,No,No,True,0.9993493261197158,attr_has_edge_guard,logistic_regression,dinov3_frozen_embeddings_logistic_regression
attr_has_edge_guard,,2,61111,No,No,True,0.8106051505873635,attr_has_edge_guard,logistic_regression,dinov3_frozen_embeddings_logistic_regression
attr_has_edge_guard,,2,61413,Yes,Yes,True,0.9997336997478973,attr_has_edge_guard,logistic_regression,dinov3_frozen_embeddings_logistic_regression
attr_has_edge_guard,,2,63066,No,Yes,False,0.9998989937295902,attr_has_edge_guard,logistic_regression,dinov3_frozen_embeddings_logistic_regression
attr_has_edge_guard,,2,63633,No,No,True,0.9985703577984858,attr_has_edge_guard,logistic_regression,dinov3_frozen_embeddings_logistic_regression
attr_has_edge_guard,,2,64102,No,No,True,0.6954207492846678,attr_has_edge_guard,logistic_regression,dinov3_frozen_embeddings_logistic_regression
attr_has_edge_guard,,2,64105,No,No,True,0.9999943008192226,attr_has_edge_guard,logistic_regression,dinov3_frozen_embeddings_logistic_regression
attr_has_edge_guard,,2,64126,No,No,True,0.9990987324784848,attr_has_edge_guard,logistic_regression,dinov3_frozen_embeddings_logistic_regression
attr_has_edge_guard,,2,65426,No,No,True,0.9999999991959044,attr_has_edge_guard,logistic_regression,dinov3_frozen_embeddings_logistic_regression
attr_has_edge_guard,,2,65790,No,No,True,0.9441192025912813,attr_has_edge_guard,logistic_regression,dinov3_frozen_embeddings_logistic_regression
attr_has_edge_guard,,2,66171,No,Yes,False,0.91010168456075,attr_has_edge_guard,logistic_regression,dinov3_frozen_embeddings_logistic_regression
attr_has_edge_guard,,2,66173,No,No,True,0.9994901837477085,attr_has_edge_guard,logistic_regression,dinov3_frozen_embeddings_logistic_regression
attr_has_edge_guard,,2,66207,No,No,True,0.9998751576242773,attr_has_edge_guard,logistic_regression,dinov3_frozen_embeddings_logistic_regression
attr_has_edge_guard,,2,66923,No,No,True,0.9999314556062999,attr_has_edge_guard,logistic_regression,dinov3_frozen_embeddings_logistic_regression
attr_has_edge_guard,,2,80451,No,No,True,0.999943785871839,attr_has_edge_guard,logistic_regression,dinov3_frozen_embeddings_logistic_regression
attr_has_edge_guard,,2,81415,No,No,True,0.9990772848213952,attr_has_edge_guard,logistic_regression,dinov3_frozen_embeddings_logistic_regression
attr_has_edge_guard,,2,81692,No,Yes,False,0.6989440547148542,attr_has_edge_guard,logistic_regression,dinov3_frozen_embeddings_logistic_regression
attr_has_edge_guard,,2,87769,Yes,Yes,True,0.7409875903255154,attr_has_edge_guard,logistic_regression,dinov3_frozen_embeddings_logistic_regression
attr_has_edge_guard,,2,87832,No,No,True,0.9768393516375851,attr_has_edge_guard,logistic_regression,dinov3_frozen_embeddings_logistic_regression
attr_has_edge_guard,,2,55464,Yes,No,False,0.9931033979872986,attr_has_edge_guard,logistic_regression,dinov3_frozen_embeddings_logistic_regression
attr_has_edge_guard,,2,107291,No,No,True,0.9999999850107829,attr_has_edge_guard,logistic_regression,dinov3_frozen_embeddings_logistic_regression
attr_has_edge_guard,,2,108107,Yes,No,False,0.9148960623659671,attr_has_edge_guard,logistic_regression,dinov3_frozen_embeddings_logistic_regression
attr_has_edge_guard,,2,108380,No,No,True,0.9999999708426237,attr_has_edge_guard,logistic_regression,dinov3_frozen_embeddings_logistic_regression
attr_has_edge_guard,,2,110167,No,No,True,0.968719854520982,attr_has_edge_guard,logistic_regression,dinov3_frozen_embeddings_logistic_regression
attr_has_edge_guard,,2,110170,No,No,True,0.9987919997334994,attr_has_edge_guard,logistic_regression,dinov3_frozen_embeddings_logistic_regression
attr_has_edge_guard,,2,114047,No,No,True,0.999982526296304,attr_has_edge_guard,logistic_regression,dinov3_frozen_embeddings_logistic_regression
attr_has_edge_guard,,2,115209,No,No,True,0.9999964842715562,attr_has_edge_guard,logistic_regression,dinov3_frozen_embeddings_logistic_regression
attr_has_edge_guard,,2,115809,No,No,True,0.9999999726858454,attr_has_edge_guard,logistic_regression,dinov3_frozen_embeddings_logistic_regression
attr_has_edge_guard,,2,120999,No,No,True,0.9942390942037594,attr_has_edge_guard,logistic_regression,dinov3_frozen_embeddings_logistic_regression
attr_has_edge_guard,,2,126199,Yes,Yes,True,0.9452208463988686,attr_has_edge_guard,logistic_regression,dinov3_frozen_embeddings_logistic_regression
attr_has_edge_guard,,2,129364,No,No,True,0.9999999921970684,attr_has_edge_guard,logistic_regression,dinov3_frozen_embeddings_logistic_regression
attr_has_edge_guard,,2,46730,No,No,True,0.7251003900056132,attr_has_edge_guard,logistic_regression,dinov3_frozen_embeddings_logistic_regression
attr_has_edge_guard,,2,48297,Yes,No,False,0.9999338843658673,attr_has_edge_guard,logistic_regression,dinov3_frozen_embeddings_logistic_regression
attr_has_edge_guard,,2,50627,No,No,True,0.9953656661192284,attr_has_edge_guard,logistic_regression,dinov3_frozen_embeddings_logistic_regression
attr_has_edge_guard,,2,50824,Yes,No,False,0.9977366953244505,attr_has_edge_guard,logistic_regression,dinov3_frozen_embeddings_logistic_regression
attr_has_edge_guard,,2,51550,No,No,True,0.8687636043559996,attr_has_edge_guard,logistic_regression,dinov3_frozen_embeddings_logistic_regression
attr_has_edge_guard,,2,52669,No,Yes,False,0.9651078456582247,attr_has_edge_guard,logistic_regression,dinov3_frozen_embeddings_logistic_regression
attr_has_edge_guard,,2,54186,No,No,True,0.9997311097320573,attr_has_edge_guard,logistic_regression,dinov3_frozen_embeddings_logistic_regression
attr_has_edge_guard,,2,54209,No,Yes,False,0.9058766065226237,attr_has_edge_guard,logistic_regression,dinov3_frozen_embeddings_logistic_regression
attr_has_edge_guard,,2,54507,No,No,True,0.99999831137594,attr_has_edge_guard,logistic_regression,dinov3_frozen_embeddings_logistic_regression
attr_has_edge_guard,,2,55471,Yes,Yes,True,0.9980803257794466,attr_has_edge_guard,logistic_regression,dinov3_frozen_embeddings_logistic_regression
attr_has_edge_guard,,2,57298,Yes,No,False,0.9993965751947358,attr_has_edge_guard,logistic_regression,dinov3_frozen_embeddings_logistic_regression
attr_has_edge_guard,,2,66960,Yes,Yes,True,0.701920089882367,attr_has_edge_guard,logistic_regression,dinov3_frozen_embeddings_logistic_regression
attr_has_edge_guard,,2,68019,No,No,True,0.9059924675199238,attr_has_edge_guard,logistic_regression,dinov3_frozen_embeddings_logistic_regression
attr_has_edge_guard,,2,71092,No,Yes,False,0.9623745976639497,attr_has_edge_guard,logistic_regression,dinov3_frozen_embeddings_logistic_regression
attr_has_edge_guard,,2,71175,No,No,True,0.9501418744433305,attr_has_edge_guard,logistic_regression,dinov3_frozen_embeddings_logistic_regression
attr_has_edge_guard,,2,83431,Yes,No,False,0.9769633804679123,attr_has_edge_guard,logistic_regression,dinov3_frozen_embeddings_logistic_regression
attr_has_edge_guard,,2,85037,Yes,No,False,0.6343455894742132,attr_has_edge_guard,logistic_regression,dinov3_frozen_embeddings_logistic_regression
attr_has_edge_guard,,2,105832,No,No,True,0.9986346957068918,attr_has_edge_guard,logistic_regression,dinov3_frozen_embeddings_logistic_regression
attr_has_edge_guard,,2,113948,No,No,True,0.8310194237973473,attr_has_edge_guard,logistic_regression,dinov3_frozen_embeddings_logistic_regression
attr_has_edge_guard,,3,46935,No,Yes,False,0.9906275274302584,attr_has_edge_guard,logistic_regression,dinov3_frozen_embeddings_logistic_regression
attr_has_edge_guard,,3,51254,No,No,True,0.9675388063524811,attr_has_edge_guard,logistic_regression,dinov3_frozen_embeddings_logistic_regression
attr_has_edge_guard,,3,51256,No,No,True,0.999559613319097,attr_has_edge_guard,logistic_regression,dinov3_frozen_embeddings_logistic_regression
attr_has_edge_guard,,3,52128,No,No,True,0.9992543304020126,attr_has_edge_guard,logistic_regression,dinov3_frozen_embeddings_logistic_regression
attr_has_edge_guard,,3,52245,No,No,True,0.9999892485997712,attr_has_edge_guard,logistic_regression,dinov3_frozen_embeddings_logistic_regression
attr_has_edge_guard,,3,53556,No,No,True,0.9999151507463658,attr_has_edge_guard,logistic_regression,dinov3_frozen_embeddings_logistic_regression
attr_has_edge_guard,,3,53993,Yes,Yes,True,0.9991735487616142,attr_has_edge_guard,logistic_regression,dinov3_frozen_embeddings_logistic_regression
attr_has_edge_guard,,3,54329,No,No,True,0.9998901272608922,attr_has_edge_guard,logistic_regression,dinov3_frozen_embeddings_logistic_regression
attr_has_edge_guard,,3,59061,No,No,True,0.9999321671339704,attr_has_edge_guard,logistic_regression,dinov3_frozen_embeddings_logistic_regression
attr_has_edge_guard,,3,61736,No,No,True,0.9999928217509669,attr_has_edge_guard,logistic_regression,dinov3_frozen_embeddings_logistic_regression
attr_has_edge_guard,,3,62446,No,No,True,0.9999985388427325,attr_has_edge_guard,logistic_regression,dinov3_frozen_embeddings_logistic_regression
attr_has_edge_guard,,3,63070,No,No,True,0.9999878487731688,attr_has_edge_guard,logistic_regression,dinov3_frozen_embeddings_logistic_regression
attr_has_edge_guard,,3,65422,No,No,True,0.999935867227353,attr_has_edge_guard,logistic_regression,dinov3_frozen_embeddings_logistic_regression
attr_has_edge_guard,,3,66040,No,Yes,False,0.9839855906181187,attr_has_edge_guard,logistic_regression,dinov3_frozen_embeddings_logistic_regression
attr_has_edge_guard,,3,66933,No,No,True,0.9999918257172354,attr_has_edge_guard,logistic_regression,dinov3_frozen_embeddings_logistic_regression
attr_has_edge_guard,,3,67630,No,No,True,0.9911397474844277,attr_has_edge_guard,logistic_regression,dinov3_frozen_embeddings_logistic_regression
attr_has_edge_guard,,3,81887,No,No,True,0.9983126779853171,attr_has_edge_guard,logistic_regression,dinov3_frozen_embeddings_logistic_regression
attr_has_edge_guard,,3,83939,No,No,True,0.9999839306549718,attr_has_edge_guard,logistic_regression,dinov3_frozen_embeddings_logistic_regression
attr_has_edge_guard,,3,83943,No,No,True,0.9999789672953677,attr_has_edge_guard,logistic_regression,dinov3_frozen_embeddings_logistic_regression
attr_has_edge_guard,,3,83947,No,No,True,0.999962918302059,attr_has_edge_guard,logistic_regression,dinov3_frozen_embeddings_logistic_regression
attr_has_edge_guard,,3,84099,No,No,True,0.9999833958922651,attr_has_edge_guard,logistic_regression,dinov3_frozen_embeddings_logistic_regression
attr_has_edge_guard,,3,84106,No,No,True,0.9947562221440581,attr_has_edge_guard,logistic_regression,dinov3_frozen_embeddings_logistic_regression
attr_has_edge_guard,,3,84825,No,No,True,0.9999946725836104,attr_has_edge_guard,logistic_regression,dinov3_frozen_embeddings_logistic_regression
attr_has_edge_guard,,3,84846,No,No,True,0.9997735694082596,attr_has_edge_guard,logistic_regression,dinov3_frozen_embeddings_logistic_regression
attr_has_edge_guard,,3,84826,No,No,True,0.9959177783993464,attr_has_edge_guard,logistic_regression,dinov3_frozen_embeddings_logistic_regression
attr_has_edge_guard,,3,84861,No,No,True,0.9999999964617221,attr_has_edge_guard,logistic_regression,dinov3_frozen_embeddings_logistic_regression
attr_has_edge_guard,,3,85091,No,No,True,0.999999883335152,attr_has_edge_guard,logistic_regression,dinov3_frozen_embeddings_logistic_regression
attr_has_edge_guard,,3,85477,No,No,True,0.9999998580348325,attr_has_edge_guard,logistic_regression,dinov3_frozen_embeddings_logistic_regression
attr_has_edge_guard,,3,85482,No,No,True,0.9999992659443021,attr_has_edge_guard,logistic_regression,dinov3_frozen_embeddings_logistic_regression
attr_has_edge_guard,,3,85495,No,No,True,0.9999997504348068,attr_has_edge_guard,logistic_regression,dinov3_frozen_embeddings_logistic_regression
attr_has_edge_guard,,3,86068,No,No,True,0.9999321697307789,attr_has_edge_guard,logistic_regression,dinov3_frozen_embeddings_logistic_regression
attr_has_edge_guard,,3,86076,No,No,True,0.9643616333727638,attr_has_edge_guard,logistic_regression,dinov3_frozen_embeddings_logistic_regression
attr_has_edge_guard,,3,86089,No,No,True,0.9999999997820076,attr_has_edge_guard,logistic_regression,dinov3_frozen_embeddings_logistic_regression
attr_has_edge_guard,,3,86092,No,No,True,0.9999962751422216,attr_has_edge_guard,logistic_regression,dinov3_frozen_embeddings_logistic_regression
attr_has_edge_guard,,3,86093,No,No,True,0.9999989458183434,attr_has_edge_guard,logistic_regression,dinov3_frozen_embeddings_logistic_regression
attr_has_edge_guard,,3,86096,No,No,True,0.9982593697023063,attr_has_edge_guard,logistic_regression,dinov3_frozen_embeddings_logistic_regression
attr_has_edge_guard,,3,86110,No,No,True,0.9999816801076746,attr_has_edge_guard,logistic_regression,dinov3_frozen_embeddings_logistic_regression
attr_has_edge_guard,,3,86114,No,No,True,0.9999887935356548,attr_has_edge_guard,logistic_regression,dinov3_frozen_embeddings_logistic_regression
attr_has_edge_guard,,3,86125,No,No,True,0.9996841783436363,attr_has_edge_guard,logistic_regression,dinov3_frozen_embeddings_logistic_regression
attr_has_edge_guard,,3,86133,No,No,True,0.9941791317589037,attr_has_edge_guard,logistic_regression,dinov3_frozen_embeddings_logistic_regression
attr_has_edge_guard,,3,86132,No,No,True,0.9999991802942488,attr_has_edge_guard,logistic_regression,dinov3_frozen_embeddings_logistic_regression
attr_has_edge_guard,,3,86139,No,No,True,0.9999984430586484,attr_has_edge_guard,logistic_regression,dinov3_frozen_embeddings_logistic_regression
attr_has_edge_guard,,3,86172,No,No,True,0.9980517755461761,attr_has_edge_guard,logistic_regression,dinov3_frozen_embeddings_logistic_regression
attr_has_edge_guard,,3,86176,No,No,True,0.9999999796916142,attr_has_edge_guard,logistic_regression,dinov3_frozen_embeddings_logistic_regression
attr_has_edge_guard,,3,86182,No,No,True,0.9999270906090227,attr_has_edge_guard,logistic_regression,dinov3_frozen_embeddings_logistic_regression
attr_has_edge_guard,,3,86188,No,No,True,0.9999324347970748,attr_has_edge_guard,logistic_regression,dinov3_frozen_embeddings_logistic_regression
attr_has_edge_guard,,3,86191,No,No,True,0.9998507578859019,attr_has_edge_guard,logistic_regression,dinov3_frozen_embeddings_logistic_regression
attr_has_edge_guard,,3,86193,No,No,True,0.9999960278296981,attr_has_edge_guard,logistic_regression,dinov3_frozen_embeddings_logistic_regression
attr_has_edge_guard,,3,86196,No,No,True,0.9999993599331896,attr_has_edge_guard,logistic_regression,dinov3_frozen_embeddings_logistic_regression
attr_has_edge_guard,,3,86205,No,No,True,0.999999980488686,attr_has_edge_guard,logistic_regression,dinov3_frozen_embeddings_logistic_regression
attr_has_edge_guard,,3,86223,No,No,True,0.9999999977497193,attr_has_edge_guard,logistic_regression,dinov3_frozen_embeddings_logistic_regression
attr_has_edge_guard,,3,86219,No,No,True,0.9999945933272479,attr_has_edge_guard,logistic_regression,dinov3_frozen_embeddings_logistic_regression
attr_has_edge_guard,,3,86236,No,No,True,0.9999996857531103,attr_has_edge_guard,logistic_regression,dinov3_frozen_embeddings_logistic_regression
attr_has_edge_guard,,3,86237,No,No,True,0.9999999997484669,attr_has_edge_guard,logistic_regression,dinov3_frozen_embeddings_logistic_regression
attr_has_edge_guard,,3,86256,No,No,True,0.9999999835166361,attr_has_edge_guard,logistic_regression,dinov3_frozen_embeddings_logistic_regression
attr_has_edge_guard,,3,86355,No,No,True,0.999914715789429,attr_has_edge_guard,logistic_regression,dinov3_frozen_embeddings_logistic_regression
attr_has_edge_guard,,3,86877,No,No,True,0.9999999705797364,attr_has_edge_guard,logistic_regression,dinov3_frozen_embeddings_logistic_regression
attr_has_edge_guard,,3,86886,No,No,True,0.999999889519115,attr_has_edge_guard,logistic_regression,dinov3_frozen_embeddings_logistic_regression
attr_has_edge_guard,,3,86898,No,No,True,0.999986325319208,attr_has_edge_guard,logistic_regression,dinov3_frozen_embeddings_logistic_regression
attr_has_edge_guard,,3,86900,No,No,True,0.9950850404050063,attr_has_edge_guard,logistic_regression,dinov3_frozen_embeddings_logistic_regression
attr_has_edge_guard,,3,86910,No,No,True,0.9999844748468548,attr_has_edge_guard,logistic_regression,dinov3_frozen_embeddings_logistic_regression
attr_has_edge_guard,,3,87530,No,No,True,0.9947327040874778,attr_has_edge_guard,logistic_regression,dinov3_frozen_embeddings_logistic_regression
attr_has_edge_guard,,3,87516,No,No,True,0.9999960042572692,attr_has_edge_guard,logistic_regression,dinov3_frozen_embeddings_logistic_regression
attr_has_edge_guard,,3,87583,No,No,True,0.997804676259692,attr_has_edge_guard,logistic_regression,dinov3_frozen_embeddings_logistic_regression
attr_has_edge_guard,,3,88282,No,No,True,0.999999376792192,attr_has_edge_guard,logistic_regression,dinov3_frozen_embeddings_logistic_regression
attr_has_edge_guard,,3,89446,No,No,True,0.9983717288503002,attr_has_edge_guard,logistic_regression,dinov3_frozen_embeddings_logistic_regression
attr_has_edge_guard,,3,89713,No,No,True,0.9977889353776355,attr_has_edge_guard,logistic_regression,dinov3_frozen_embeddings_logistic_regression
attr_has_edge_guard,,3,89715,No,No,True,0.9999568248672022,attr_has_edge_guard,logistic_regression,dinov3_frozen_embeddings_logistic_regression
attr_has_edge_guard,,3,90323,No,No,True,0.9999441403579393,attr_has_edge_guard,logistic_regression,dinov3_frozen_embeddings_logistic_regression
attr_has_edge_guard,,3,90328,No,No,True,0.9999974690132726,attr_has_edge_guard,logistic_regression,dinov3_frozen_embeddings_logistic_regression
attr_has_edge_guard,,3,90334,No,No,True,0.9999227395866929,attr_has_edge_guard,logistic_regression,dinov3_frozen_embeddings_logistic_regression
attr_has_edge_guard,,3,90340,No,No,True,0.9999986488559153,attr_has_edge_guard,logistic_regression,dinov3_frozen_embeddings_logistic_regression
attr_has_edge_guard,,3,90341,No,No,True,0.9999991987954031,attr_has_edge_guard,logistic_regression,dinov3_frozen_embeddings_logistic_regression
attr_has_edge_guard,,3,90342,No,No,True,0.9998389625077768,attr_has_edge_guard,logistic_regression,dinov3_frozen_embeddings_logistic_regression
attr_has_edge_guard,,3,90346,No,No,True,0.9999211455193721,attr_has_edge_guard,logistic_regression,dinov3_frozen_embeddings_logistic_regression
attr_has_edge_guard,,3,90351,No,No,True,0.9999996702895595,attr_has_edge_guard,logistic_regression,dinov3_frozen_embeddings_logistic_regression
attr_has_edge_guard,,3,90353,No,No,True,0.9999994733657245,attr_has_edge_guard,logistic_regression,dinov3_frozen_embeddings_logistic_regression
attr_has_edge_guard,,3,90372,No,No,True,0.9999975995093326,attr_has_edge_guard,logistic_regression,dinov3_frozen_embeddings_logistic_regression
attr_has_edge_guard,,3,90377,No,No,True,0.9999972235306063,attr_has_edge_guard,logistic_regression,dinov3_frozen_embeddings_logistic_regression
attr_has_edge_guard,,3,90382,No,No,True,0.964680700345055,attr_has_edge_guard,logistic_regression,dinov3_frozen_embeddings_logistic_regression
attr_has_edge_guard,,3,90393,No,No,True,0.9999991097633459,attr_has_edge_guard,logistic_regression,dinov3_frozen_embeddings_logistic_regression
attr_has_edge_guard,,3,90395,No,No,True,0.9999839555215969,attr_has_edge_guard,logistic_regression,dinov3_frozen_embeddings_logistic_regression
attr_has_edge_guard,,3,90400,No,No,True,0.999999407997752,attr_has_edge_guard,logistic_regression,dinov3_frozen_embeddings_logistic_regression
attr_has_edge_guard,,3,90493,No,No,True,0.9999974107850974,attr_has_edge_guard,logistic_regression,dinov3_frozen_embeddings_logistic_regression
attr_has_edge_guard,,3,90504,No,No,True,0.9999919234133582,attr_has_edge_guard,logistic_regression,dinov3_frozen_embeddings_logistic_regression
attr_has_edge_guard,,3,90673,No,No,True,0.9999987100461277,attr_has_edge_guard,logistic_regression,dinov3_frozen_embeddings_logistic_regression
attr_has_edge_guard,,3,90683,No,No,True,0.9999996586727579,attr_has_edge_guard,logistic_regression,dinov3_frozen_embeddings_logistic_regression
attr_has_edge_guard,,3,92006,No,No,True,0.9999999999852363,attr_has_edge_guard,logistic_regression,dinov3_frozen_embeddings_logistic_regression
attr_has_edge_guard,,3,92034,No,No,True,0.9999998953070016,attr_has_edge_guard,logistic_regression,dinov3_frozen_embeddings_logistic_regression
attr_has_edge_guard,,3,92049,No,No,True,0.9999999951328983,attr_has_edge_guard,logistic_regression,dinov3_frozen_embeddings_logistic_regression
attr_has_edge_guard,,3,92054,No,No,True,0.9998780883138157,attr_has_edge_guard,logistic_regression,dinov3_frozen_embeddings_logistic_regression
attr_has_edge_guard,,3,92070,No,No,True,0.999996899142318,attr_has_edge_guard,logistic_regression,dinov3_frozen_embeddings_logistic_regression
attr_has_edge_guard,,3,92075,No,No,True,0.9999740021386264,attr_has_edge_guard,logistic_regression,dinov3_frozen_embeddings_logistic_regression
attr_has_edge_guard,,3,92079,No,No,True,0.9999999996391739,attr_has_edge_guard,logistic_regression,dinov3_frozen_embeddings_logistic_regression
attr_has_edge_guard,,3,92087,No,No,True,0.9999999987699392,attr_has_edge_guard,logistic_regression,dinov3_frozen_embeddings_logistic_regression
attr_has_edge_guard,,3,93027,No,No,True,0.8548624558984321,attr_has_edge_guard,logistic_regression,dinov3_frozen_embeddings_logistic_regression
attr_has_edge_guard,,3,94271,No,No,True,0.9999999350967981,attr_has_edge_guard,logistic_regression,dinov3_frozen_embeddings_logistic_regression
attr_has_edge_guard,,3,94273,No,No,True,0.999997492758019,attr_has_edge_guard,logistic_regression,dinov3_frozen_embeddings_logistic_regression
attr_has_edge_guard,,3,94274,No,No,True,0.9999972291860666,attr_has_edge_guard,logistic_regression,dinov3_frozen_embeddings_logistic_regression
attr_has_edge_guard,,3,94278,No,No,True,0.9998047753313015,attr_has_edge_guard,logistic_regression,dinov3_frozen_embeddings_logistic_regression
attr_has_edge_guard,,3,94284,No,No,True,0.9996515903929929,attr_has_edge_guard,logistic_regression,dinov3_frozen_embeddings_logistic_regression
attr_has_edge_guard,,3,94292,No,No,True,0.999999708917788,attr_has_edge_guard,logistic_regression,dinov3_frozen_embeddings_logistic_regression
attr_has_edge_guard,,3,94294,No,No,True,0.9999996945401228,attr_has_edge_guard,logistic_regression,dinov3_frozen_embeddings_logistic_regression
attr_has_edge_guard,,3,94299,No,No,True,0.9999588326208745,attr_has_edge_guard,logistic_regression,dinov3_frozen_embeddings_logistic_regression
attr_has_edge_guard,,3,94303,No,No,True,0.9999810699330529,attr_has_edge_guard,logistic_regression,dinov3_frozen_embeddings_logistic_regression
attr_has_edge_guard,,3,94305,No,Yes,False,0.9583678886143232,attr_has_edge_guard,logistic_regression,dinov3_frozen_embeddings_logistic_regression
attr_has_edge_guard,,3,94344,No,No,True,0.9999891003140138,attr_has_edge_guard,logistic_regression,dinov3_frozen_embeddings_logistic_regression
attr_has_edge_guard,,3,94356,No,No,True,0.9999814012149518,attr_has_edge_guard,logistic_regression,dinov3_frozen_embeddings_logistic_regression
attr_has_edge_guard,,3,94357,No,No,True,0.9999991607375411,attr_has_edge_guard,logistic_regression,dinov3_frozen_embeddings_logistic_regression
attr_has_edge_guard,,3,94361,No,No,True,0.9999995755007745,attr_has_edge_guard,logistic_regression,dinov3_frozen_embeddings_logistic_regression
attr_has_edge_guard,,3,94385,No,No,True,0.9999992260790017,attr_has_edge_guard,logistic_regression,dinov3_frozen_embeddings_logistic_regression
attr_has_edge_guard,,3,94388,No,No,True,0.9999963306930777,attr_has_edge_guard,logistic_regression,dinov3_frozen_embeddings_logistic_regression
attr_has_edge_guard,,3,94406,No,No,True,0.9999999657853144,attr_has_edge_guard,logistic_regression,dinov3_frozen_embeddings_logistic_regression
attr_has_edge_guard,,3,94408,No,No,True,0.9999804381371685,attr_has_edge_guard,logistic_regression,dinov3_frozen_embeddings_logistic_regression
attr_has_edge_guard,,3,94421,No,No,True,0.999998897001748,attr_has_edge_guard,logistic_regression,dinov3_frozen_embeddings_logistic_regression
attr_has_edge_guard,,3,94423,No,No,True,0.9999999046168582,attr_has_edge_guard,logistic_regression,dinov3_frozen_embeddings_logistic_regression
attr_has_edge_guard,,3,97287,No,No,True,0.9999999801489761,attr_has_edge_guard,logistic_regression,dinov3_frozen_embeddings_logistic_regression
attr_has_edge_guard,,3,99815,No,No,True,0.9995454809303015,attr_has_edge_guard,logistic_regression,dinov3_frozen_embeddings_logistic_regression
attr_has_edge_guard,,3,102362,No,No,True,0.7817617646249952,attr_has_edge_guard,logistic_regression,dinov3_frozen_embeddings_logistic_regression
attr_has_edge_guard,,3,102412,No,No,True,0.9999961559659695,attr_has_edge_guard,logistic_regression,dinov3_frozen_embeddings_logistic_regression
attr_has_edge_guard,,3,102423,No,No,True,0.9995039438190836,attr_has_edge_guard,logistic_regression,dinov3_frozen_embeddings_logistic_regression
attr_has_edge_guard,,3,102424,No,No,True,0.9997159575424525,attr_has_edge_guard,logistic_regression,dinov3_frozen_embeddings_logistic_regression
attr_has_edge_guard,,3,103750,No,No,True,0.997316667026108,attr_has_edge_guard,logistic_regression,dinov3_frozen_embeddings_logistic_regression
attr_has_edge_guard,,3,103752,No,No,True,0.9997550344822548,attr_has_edge_guard,logistic_regression,dinov3_frozen_embeddings_logistic_regression
attr_has_edge_guard,,3,105250,No,No,True,0.9999923286080032,attr_has_edge_guard,logistic_regression,dinov3_frozen_embeddings_logistic_regression
attr_has_edge_guard,,3,105268,No,No,True,0.9999995059827821,attr_has_edge_guard,logistic_regression,dinov3_frozen_embeddings_logistic_regression
attr_has_edge_guard,,3,105274,No,No,True,0.9999719190919386,attr_has_edge_guard,logistic_regression,dinov3_frozen_embeddings_logistic_regression
attr_has_edge_guard,,3,107284,No,No,True,0.9999852501129051,attr_has_edge_guard,logistic_regression,dinov3_frozen_embeddings_logistic_regression
attr_has_edge_guard,,3,107319,Yes,No,False,0.6890606863393349,attr_has_edge_guard,logistic_regression,dinov3_frozen_embeddings_logistic_regression
attr_has_edge_guard,,3,107330,No,No,True,0.9999970398237734,attr_has_edge_guard,logistic_regression,dinov3_frozen_embeddings_logistic_regression
attr_has_edge_guard,,3,107340,No,No,True,0.9999876600945967,attr_has_edge_guard,logistic_regression,dinov3_frozen_embeddings_logistic_regression
attr_has_edge_guard,,3,107370,No,No,True,0.9999989737900069,attr_has_edge_guard,logistic_regression,dinov3_frozen_embeddings_logistic_regression
attr_has_edge_guard,,3,107590,No,No,True,0.9998866116402155,attr_has_edge_guard,logistic_regression,dinov3_frozen_embeddings_logistic_regression
attr_has_edge_guard,,3,107598,No,No,True,0.9999967513235926,attr_has_edge_guard,logistic_regression,dinov3_frozen_embeddings_logistic_regression
attr_has_edge_guard,,3,107883,No,No,True,0.9999998689633794,attr_has_edge_guard,logistic_regression,dinov3_frozen_embeddings_logistic_regression
attr_has_edge_guard,,3,107901,No,No,True,0.9999999236562845,attr_has_edge_guard,logistic_regression,dinov3_frozen_embeddings_logistic_regression
attr_has_edge_guard,,3,107909,No,No,True,0.999998256656828,attr_has_edge_guard,logistic_regression,dinov3_frozen_embeddings_logistic_regression
attr_has_edge_guard,,3,107920,No,No,True,0.9999999889246529,attr_has_edge_guard,logistic_regression,dinov3_frozen_embeddings_logistic_regression
attr_has_edge_guard,,3,107957,No,No,True,0.9999999752805224,attr_has_edge_guard,logistic_regression,dinov3_frozen_embeddings_logistic_regression
attr_has_edge_guard,,3,107978,No,No,True,0.9999999463031378,attr_has_edge_guard,logistic_regression,dinov3_frozen_embeddings_logistic_regression
attr_has_edge_guard,,3,108022,No,No,True,0.999998701912501,attr_has_edge_guard,logistic_regression,dinov3_frozen_embeddings_logistic_regression
attr_has_edge_guard,,3,108041,No,No,True,0.9999992991869816,attr_has_edge_guard,logistic_regression,dinov3_frozen_embeddings_logistic_regression
attr_has_edge_guard,,3,108292,No,No,True,0.999999140381424,attr_has_edge_guard,logistic_regression,dinov3_frozen_embeddings_logistic_regression
attr_has_edge_guard,,3,108296,No,No,True,0.9999999146231752,attr_has_edge_guard,logistic_regression,dinov3_frozen_embeddings_logistic_regression
attr_has_edge_guard,,3,108339,No,No,True,0.9999497722936845,attr_has_edge_guard,logistic_regression,dinov3_frozen_embeddings_logistic_regression
attr_has_edge_guard,,3,108353,No,No,True,0.9999987167023605,attr_has_edge_guard,logistic_regression,dinov3_frozen_embeddings_logistic_regression
attr_has_edge_guard,,3,108398,No,No,True,0.9973692465577711,attr_has_edge_guard,logistic_regression,dinov3_frozen_embeddings_logistic_regression
attr_has_edge_guard,,3,108654,No,No,True,0.9982949251183081,attr_has_edge_guard,logistic_regression,dinov3_frozen_embeddings_logistic_regression
attr_has_edge_guard,,3,108667,No,No,True,0.9382044827332343,attr_has_edge_guard,logistic_regression,dinov3_frozen_embeddings_logistic_regression
attr_has_edge_guard,,3,108788,No,No,True,0.9999999786412307,attr_has_edge_guard,logistic_regression,dinov3_frozen_embeddings_logistic_regression
attr_has_edge_guard,,3,108795,No,No,True,0.9999999916733544,attr_has_edge_guard,logistic_regression,dinov3_frozen_embeddings_logistic_regression
attr_has_edge_guard,,3,109555,No,No,True,0.9808978639452813,attr_has_edge_guard,logistic_regression,dinov3_frozen_embeddings_logistic_regression
attr_has_edge_guard,,3,109595,No,No,True,0.9999995921844557,attr_has_edge_guard,logistic_regression,dinov3_frozen_embeddings_logistic_regression
attr_has_edge_guard,,3,109613,Yes,No,False,0.9647396835163446,attr_has_edge_guard,logistic_regression,dinov3_frozen_embeddings_logistic_regression
attr_has_edge_guard,,3,109699,No,No,True,0.9999998853687774,attr_has_edge_guard,logistic_regression,dinov3_frozen_embeddings_logistic_regression
attr_has_edge_guard,,3,109701,No,No,True,0.9987529617524356,attr_has_edge_guard,logistic_regression,dinov3_frozen_embeddings_logistic_regression
attr_has_edge_guard,,3,109717,No,No,True,0.9999995925485995,attr_has_edge_guard,logistic_regression,dinov3_frozen_embeddings_logistic_regression
attr_has_edge_guard,,3,109822,No,No,True,0.9999944564605726,attr_has_edge_guard,logistic_regression,dinov3_frozen_embeddings_logistic_regression
attr_has_edge_guard,,3,110228,No,No,True,0.8497767419969023,attr_has_edge_guard,logistic_regression,dinov3_frozen_embeddings_logistic_regression
attr_has_edge_guard,,3,110267,No,No,True,0.9994079684390809,attr_has_edge_guard,logistic_regression,dinov3_frozen_embeddings_logistic_regression
attr_has_edge_guard,,3,110606,No,No,True,0.9999820840762661,attr_has_edge_guard,logistic_regression,dinov3_frozen_embeddings_logistic_regression
attr_has_edge_guard,,3,110608,No,No,True,0.9999670657138358,attr_has_edge_guard,logistic_regression,dinov3_frozen_embeddings_logistic_regression
attr_has_edge_guard,,3,110960,No,No,True,0.9999997638855614,attr_has_edge_guard,logistic_regression,dinov3_frozen_embeddings_logistic_regression
attr_has_edge_guard,,3,110961,No,No,True,0.9999999533367974,attr_has_edge_guard,logistic_regression,dinov3_frozen_embeddings_logistic_regression
attr_has_edge_guard,,3,110963,No,No,True,0.9999998245578995,attr_has_edge_guard,logistic_regression,dinov3_frozen_embeddings_logistic_regression
attr_has_edge_guard,,3,110969,No,No,True,0.9999999946918462,attr_has_edge_guard,logistic_regression,dinov3_frozen_embeddings_logistic_regression
attr_has_edge_guard,,3,110970,No,No,True,0.9998971113676484,attr_has_edge_guard,logistic_regression,dinov3_frozen_embeddings_logistic_regression
attr_has_edge_guard,,3,111642,No,No,True,0.9999999917190513,attr_has_edge_guard,logistic_regression,dinov3_frozen_embeddings_logistic_regression
attr_has_edge_guard,,3,111683,No,No,True,0.9985199755473045,attr_has_edge_guard,logistic_regression,dinov3_frozen_embeddings_logistic_regression
attr_has_edge_guard,,3,111691,No,No,True,0.999999574177508,attr_has_edge_guard,logistic_regression,dinov3_frozen_embeddings_logistic_regression
attr_has_edge_guard,,3,111717,No,No,True,0.9999999770260255,attr_has_edge_guard,logistic_regression,dinov3_frozen_embeddings_logistic_regression
attr_has_edge_guard,,3,111767,No,No,True,0.9999773842579168,attr_has_edge_guard,logistic_regression,dinov3_frozen_embeddings_logistic_regression
attr_has_edge_guard,,3,111786,No,No,True,0.9999984277175085,attr_has_edge_guard,logistic_regression,dinov3_frozen_embeddings_logistic_regression
attr_has_edge_guard,,3,111796,No,No,True,0.9999843720133734,attr_has_edge_guard,logistic_regression,dinov3_frozen_embeddings_logistic_regression
attr_has_edge_guard,,3,111804,No,No,True,0.9996990187157172,attr_has_edge_guard,logistic_regression,dinov3_frozen_embeddings_logistic_regression
attr_has_edge_guard,,3,111811,No,No,True,0.9875242540991943,attr_has_edge_guard,logistic_regression,dinov3_frozen_embeddings_logistic_regression
attr_has_edge_guard,,3,112580,No,No,True,0.999999952382236,attr_has_edge_guard,logistic_regression,dinov3_frozen_embeddings_logistic_regression
attr_has_edge_guard,,3,112581,No,No,True,0.9999999661391171,attr_has_edge_guard,logistic_regression,dinov3_frozen_embeddings_logistic_regression
attr_has_edge_guard,,3,113156,No,No,True,0.9999985984150461,attr_has_edge_guard,logistic_regression,dinov3_frozen_embeddings_logistic_regression
attr_has_edge_guard,,3,113167,No,No,True,0.9999998585579715,attr_has_edge_guard,logistic_regression,dinov3_frozen_embeddings_logistic_regression
attr_has_edge_guard,,3,113188,No,No,True,0.9999994254666521,attr_has_edge_guard,logistic_regression,dinov3_frozen_embeddings_logistic_regression
attr_has_edge_guard,,3,114284,No,No,True,0.9999999987932625,attr_has_edge_guard,logistic_regression,dinov3_frozen_embeddings_logistic_regression
attr_has_edge_guard,,3,114568,No,No,True,0.9969275948757769,attr_has_edge_guard,logistic_regression,dinov3_frozen_embeddings_logistic_regression
attr_has_edge_guard,,3,114579,No,No,True,0.97631902133603,attr_has_edge_guard,logistic_regression,dinov3_frozen_embeddings_logistic_regression
attr_has_edge_guard,,3,114958,No,No,True,0.9998256419310906,attr_has_edge_guard,logistic_regression,dinov3_frozen_embeddings_logistic_regression
attr_has_edge_guard,,3,115441,No,No,True,0.7982580809744436,attr_has_edge_guard,logistic_regression,dinov3_frozen_embeddings_logistic_regression
attr_has_edge_guard,,3,116202,No,No,True,0.999997660558698,attr_has_edge_guard,logistic_regression,dinov3_frozen_embeddings_logistic_regression
attr_has_edge_guard,,3,116203,No,No,True,0.9999949264433564,attr_has_edge_guard,logistic_regression,dinov3_frozen_embeddings_logistic_regression
attr_has_edge_guard,,3,116635,Yes,No,False,0.5435374367501944,attr_has_edge_guard,logistic_regression,dinov3_frozen_embeddings_logistic_regression
attr_has_edge_guard,,3,117537,No,No,True,0.9999973026274948,attr_has_edge_guard,logistic_regression,dinov3_frozen_embeddings_logistic_regression
attr_has_edge_guard,,3,118770,No,No,True,0.9846868371161854,attr_has_edge_guard,logistic_regression,dinov3_frozen_embeddings_logistic_regression
attr_has_edge_guard,,3,120662,No,No,True,0.9999999819201989,attr_has_edge_guard,logistic_regression,dinov3_frozen_embeddings_logistic_regression
attr_has_edge_guard,,3,120666,No,No,True,0.9999936349304214,attr_has_edge_guard,logistic_regression,dinov3_frozen_embeddings_logistic_regression
attr_has_edge_guard,,3,120674,No,No,True,0.9999929393886583,attr_has_edge_guard,logistic_regression,dinov3_frozen_embeddings_logistic_regression
attr_has_edge_guard,,3,121009,No,No,True,0.9999993284282512,attr_has_edge_guard,logistic_regression,dinov3_frozen_embeddings_logistic_regression
attr_has_edge_guard,,3,121247,No,No,True,0.9956234703631973,attr_has_edge_guard,logistic_regression,dinov3_frozen_embeddings_logistic_regression
attr_has_edge_guard,,3,121575,No,No,True,0.9989258001309408,attr_has_edge_guard,logistic_regression,dinov3_frozen_embeddings_logistic_regression
attr_has_edge_guard,,3,121577,No,No,True,0.9893398596621922,attr_has_edge_guard,logistic_regression,dinov3_frozen_embeddings_logistic_regression
attr_has_edge_guard,,3,121599,No,No,True,0.9999999461983675,attr_has_edge_guard,logistic_regression,dinov3_frozen_embeddings_logistic_regression
attr_has_edge_guard,,3,121730,No,No,True,0.9999885557113745,attr_has_edge_guard,logistic_regression,dinov3_frozen_embeddings_logistic_regression
attr_has_edge_guard,,3,121734,No,No,True,0.9976977616455377,attr_has_edge_guard,logistic_regression,dinov3_frozen_embeddings_logistic_regression
attr_has_edge_guard,,3,121748,No,No,True,0.9999878581657339,attr_has_edge_guard,logistic_regression,dinov3_frozen_embeddings_logistic_regression
attr_has_edge_guard,,3,121788,No,No,True,0.9999999652651552,attr_has_edge_guard,logistic_regression,dinov3_frozen_embeddings_logistic_regression
attr_has_edge_guard,,3,122367,No,No,True,0.9999999998873108,attr_has_edge_guard,logistic_regression,dinov3_frozen_embeddings_logistic_regression
attr_has_edge_guard,,3,122436,No,No,True,0.6699226256584638,attr_has_edge_guard,logistic_regression,dinov3_frozen_embeddings_logistic_regression
attr_has_edge_guard,,3,122856,No,No,True,0.9999947144562648,attr_has_edge_guard,logistic_regression,dinov3_frozen_embeddings_logistic_regression
attr_has_edge_guard,,3,122918,No,No,True,0.9984348333281443,attr_has_edge_guard,logistic_regression,dinov3_frozen_embeddings_logistic_regression
attr_has_edge_guard,,3,123101,No,No,True,0.9999997018503866,attr_has_edge_guard,logistic_regression,dinov3_frozen_embeddings_logistic_regression
attr_has_edge_guard,,3,123142,No,No,True,0.9985535613274449,attr_has_edge_guard,logistic_regression,dinov3_frozen_embeddings_logistic_regression
attr_has_edge_guard,,3,123261,No,No,True,0.9999999079646893,attr_has_edge_guard,logistic_regression,dinov3_frozen_embeddings_logistic_regression
attr_has_edge_guard,,3,123470,Yes,No,False,0.9996200831161464,attr_has_edge_guard,logistic_regression,dinov3_frozen_embeddings_logistic_regression
attr_has_edge_guard,,3,123471,Yes,Yes,True,0.9542720718843983,attr_has_edge_guard,logistic_regression,dinov3_frozen_embeddings_logistic_regression
attr_has_edge_guard,,3,123472,Yes,Yes,True,0.9857475028108189,attr_has_edge_guard,logistic_regression,dinov3_frozen_embeddings_logistic_regression
attr_has_edge_guard,,3,123601,No,No,True,0.9999958545982645,attr_has_edge_guard,logistic_regression,dinov3_frozen_embeddings_logistic_regression
attr_has_edge_guard,,3,123603,No,No,True,0.9990524945758006,attr_has_edge_guard,logistic_regression,dinov3_frozen_embeddings_logistic_regression
attr_has_edge_guard,,3,123612,No,No,True,0.9999906957523521,attr_has_edge_guard,logistic_regression,dinov3_frozen_embeddings_logistic_regression
attr_has_edge_guard,,3,123786,No,No,True,0.9999770655608587,attr_has_edge_guard,logistic_regression,dinov3_frozen_embeddings_logistic_regression
attr_has_edge_guard,,3,124740,No,Yes,False,0.8363129293041345,attr_has_edge_guard,logistic_regression,dinov3_frozen_embeddings_logistic_regression
attr_has_edge_guard,,3,126159,Yes,Yes,True,0.9667711740418822,attr_has_edge_guard,logistic_regression,dinov3_frozen_embeddings_logistic_regression
attr_has_edge_guard,,3,126687,No,No,True,0.8549120117792839,attr_has_edge_guard,logistic_regression,dinov3_frozen_embeddings_logistic_regression
attr_has_edge_guard,,3,126789,No,No,True,0.9999787050502722,attr_has_edge_guard,logistic_regression,dinov3_frozen_embeddings_logistic_regression
attr_has_edge_guard,,3,126839,No,No,True,0.9999955307091469,attr_has_edge_guard,logistic_regression,dinov3_frozen_embeddings_logistic_regression
attr_has_edge_guard,,3,126840,No,No,True,0.9999972962478111,attr_has_edge_guard,logistic_regression,dinov3_frozen_embeddings_logistic_regression
attr_has_edge_guard,,3,127142,No,No,True,0.9996773179790268,attr_has_edge_guard,logistic_regression,dinov3_frozen_embeddings_logistic_regression
attr_has_edge_guard,,3,127151,No,No,True,0.9999998665380891,attr_has_edge_guard,logistic_regression,dinov3_frozen_embeddings_logistic_regression
attr_has_edge_guard,,3,127507,No,No,True,0.9999996114453776,attr_has_edge_guard,logistic_regression,dinov3_frozen_embeddings_logistic_regression
attr_has_edge_guard,,3,127756,No,No,True,0.9996734194074874,attr_has_edge_guard,logistic_regression,dinov3_frozen_embeddings_logistic_regression
attr_has_edge_guard,,3,81881,No,No,True,0.9997831254277564,attr_has_edge_guard,logistic_regression,dinov3_frozen_embeddings_logistic_regression
attr_has_edge_guard,,3,90486,No,No,True,0.9806286889387962,attr_has_edge_guard,logistic_regression,dinov3_frozen_embeddings_logistic_regression
attr_has_edge_guard,,3,103626,No,No,True,0.9999931452033218,attr_has_edge_guard,logistic_regression,dinov3_frozen_embeddings_logistic_regression
attr_has_edge_guard,,3,107064,No,No,True,0.9999999872122535,attr_has_edge_guard,logistic_regression,dinov3_frozen_embeddings_logistic_regression
attr_has_edge_guard,,3,109180,No,No,True,0.9967331822981629,attr_has_edge_guard,logistic_regression,dinov3_frozen_embeddings_logistic_regression
attr_has_edge_guard,,3,109181,No,No,True,0.9986751696196147,attr_has_edge_guard,logistic_regression,dinov3_frozen_embeddings_logistic_regression
attr_has_edge_guard,,3,109182,No,No,True,0.9999929874312423,attr_has_edge_guard,logistic_regression,dinov3_frozen_embeddings_logistic_regression
attr_has_edge_guard,,3,109189,No,No,True,0.9029223606959423,attr_has_edge_guard,logistic_regression,dinov3_frozen_embeddings_logistic_regression
attr_has_edge_guard,,3,112068,No,No,True,0.734824856422767,attr_has_edge_guard,logistic_regression,dinov3_frozen_embeddings_logistic_regression
attr_has_edge_guard,,3,114045,No,No,True,0.9992736517515172,attr_has_edge_guard,logistic_regression,dinov3_frozen_embeddings_logistic_regression
attr_has_edge_guard,,3,114054,No,No,True,0.9997023570704556,attr_has_edge_guard,logistic_regression,dinov3_frozen_embeddings_logistic_regression
attr_has_edge_guard,,3,114183,No,No,True,0.8591182239660934,attr_has_edge_guard,logistic_regression,dinov3_frozen_embeddings_logistic_regression
attr_has_edge_guard,,3,114247,No,No,True,0.9999998924417324,attr_has_edge_guard,logistic_regression,dinov3_frozen_embeddings_logistic_regression
attr_has_edge_guard,,3,121006,No,No,True,0.9999979588492115,attr_has_edge_guard,logistic_regression,dinov3_frozen_embeddings_logistic_regression
attr_has_edge_guard,,3,121505,Yes,No,False,0.9329001961769678,attr_has_edge_guard,logistic_regression,dinov3_frozen_embeddings_logistic_regression
attr_has_edge_guard,,3,126795,No,No,True,0.9997693045541269,attr_has_edge_guard,logistic_regression,dinov3_frozen_embeddings_logistic_regression
attr_has_edge_guard,,3,127153,No,No,True,0.9999874949637108,attr_has_edge_guard,logistic_regression,dinov3_frozen_embeddings_logistic_regression
attr_has_edge_guard,,3,128874,No,No,True,0.9999977559243618,attr_has_edge_guard,logistic_regression,dinov3_frozen_embeddings_logistic_regression
attr_has_edge_guard,,3,128880,No,No,True,0.8843609068904976,attr_has_edge_guard,logistic_regression,dinov3_frozen_embeddings_logistic_regression
attr_has_edge_guard,,3,120683,No,No,True,0.999993568473398,attr_has_edge_guard,logistic_regression,dinov3_frozen_embeddings_logistic_regression
attr_has_edge_guard,,3,46927,No,No,True,0.989970395453991,attr_has_edge_guard,logistic_regression,dinov3_frozen_embeddings_logistic_regression
attr_has_edge_guard,,3,47182,No,No,True,0.9999137745127062,attr_has_edge_guard,logistic_regression,dinov3_frozen_embeddings_logistic_regression
attr_has_edge_guard,,3,47389,No,Yes,False,0.6427859639177682,attr_has_edge_guard,logistic_regression,dinov3_frozen_embeddings_logistic_regression
attr_has_edge_guard,,3,47533,Yes,No,False,0.9657537526016463,attr_has_edge_guard,logistic_regression,dinov3_frozen_embeddings_logistic_regression
attr_has_edge_guard,,3,47636,No,No,True,0.9761925675627726,attr_has_edge_guard,logistic_regression,dinov3_frozen_embeddings_logistic_regression
attr_has_edge_guard,,3,48111,No,No,True,0.6248892993493609,attr_has_edge_guard,logistic_regression,dinov3_frozen_embeddings_logistic_regression
attr_has_edge_guard,,3,48345,Yes,Yes,True,0.8964802983450728,attr_has_edge_guard,logistic_regression,dinov3_frozen_embeddings_logistic_regression
attr_has_edge_guard,,3,48625,No,No,True,0.9692614292284328,attr_has_edge_guard,logistic_regression,dinov3_frozen_embeddings_logistic_regression
attr_has_edge_guard,,3,48695,No,No,True,0.9996747852895488,attr_has_edge_guard,logistic_regression,dinov3_frozen_embeddings_logistic_regression
attr_has_edge_guard,,3,49058,No,No,True,0.9999611009726069,attr_has_edge_guard,logistic_regression,dinov3_frozen_embeddings_logistic_regression
attr_has_edge_guard,,3,49430,No,No,True,0.9999609951255882,attr_has_edge_guard,logistic_regression,dinov3_frozen_embeddings_logistic_regression
attr_has_edge_guard,,3,49681,No,Yes,False,0.6721328871930804,attr_has_edge_guard,logistic_regression,dinov3_frozen_embeddings_logistic_regression
attr_has_edge_guard,,3,50231,No,Yes,False,0.9992618864497207,attr_has_edge_guard,logistic_regression,dinov3_frozen_embeddings_logistic_regression
attr_has_edge_guard,,3,50749,No,Yes,False,0.9950306910529968,attr_has_edge_guard,logistic_regression,dinov3_frozen_embeddings_logistic_regression
attr_has_edge_guard,,3,51244,No,Yes,False,0.5383374153708289,attr_has_edge_guard,logistic_regression,dinov3_frozen_embeddings_logistic_regression
attr_has_edge_guard,,3,51525,No,No,True,0.99535900536343,attr_has_edge_guard,logistic_regression,dinov3_frozen_embeddings_logistic_regression
attr_has_edge_guard,,3,51526,No,No,True,0.9988850488957769,attr_has_edge_guard,logistic_regression,dinov3_frozen_embeddings_logistic_regression
attr_has_edge_guard,,3,51533,No,No,True,0.9918445337802798,attr_has_edge_guard,logistic_regression,dinov3_frozen_embeddings_logistic_regression
attr_has_edge_guard,,3,51798,No,No,True,0.794868657696737,attr_has_edge_guard,logistic_regression,dinov3_frozen_embeddings_logistic_regression
attr_has_edge_guard,,3,52667,No,No,True,0.999990236292138,attr_has_edge_guard,logistic_regression,dinov3_frozen_embeddings_logistic_regression
attr_has_edge_guard,,3,53198,Yes,No,False,0.8327515486956355,attr_has_edge_guard,logistic_regression,dinov3_frozen_embeddings_logistic_regression
attr_has_edge_guard,,3,53851,No,No,True,0.9946124479979921,attr_has_edge_guard,logistic_regression,dinov3_frozen_embeddings_logistic_regression
attr_has_edge_guard,,3,53985,No,Yes,False,0.9985338975178844,attr_has_edge_guard,logistic_regression,dinov3_frozen_embeddings_logistic_regression
attr_has_edge_guard,,3,54321,No,No,True,0.9999514921147117,attr_has_edge_guard,logistic_regression,dinov3_frozen_embeddings_logistic_regression
attr_has_edge_guard,,3,54206,No,No,True,0.9951628055039983,attr_has_edge_guard,logistic_regression,dinov3_frozen_embeddings_logistic_regression
attr_has_edge_guard,,3,55115,Yes,No,False,0.9895378224021222,attr_has_edge_guard,logistic_regression,dinov3_frozen_embeddings_logistic_regression
attr_has_edge_guard,,3,55272,No,No,True,0.9999859533716803,attr_has_edge_guard,logistic_regression,dinov3_frozen_embeddings_logistic_regression
attr_has_edge_guard,,3,55636,No,No,True,0.9841223472843212,attr_has_edge_guard,logistic_regression,dinov3_frozen_embeddings_logistic_regression
attr_has_edge_guard,,3,55641,No,No,True,0.9999914220917677,attr_has_edge_guard,logistic_regression,dinov3_frozen_embeddings_logistic_regression
attr_has_edge_guard,,3,56533,No,Yes,False,0.8177451782215086,attr_has_edge_guard,logistic_regression,dinov3_frozen_embeddings_logistic_regression
attr_has_edge_guard,,3,56777,No,No,True,0.9964273474352305,attr_has_edge_guard,logistic_regression,dinov3_frozen_embeddings_logistic_regression
attr_has_edge_guard,,3,57507,No,No,True,0.9955865317883363,attr_has_edge_guard,logistic_regression,dinov3_frozen_embeddings_logistic_regression
attr_has_edge_guard,,3,57833,No,No,True,0.983689628463275,attr_has_edge_guard,logistic_regression,dinov3_frozen_embeddings_logistic_regression
attr_has_edge_guard,,3,58162,No,No,True,0.5043111438138732,attr_has_edge_guard,logistic_regression,dinov3_frozen_embeddings_logistic_regression
attr_has_edge_guard,,3,58163,No,No,True,0.9999999786931708,attr_has_edge_guard,logistic_regression,dinov3_frozen_embeddings_logistic_regression
attr_has_edge_guard,,3,58410,Yes,No,False,0.997851707349211,attr_has_edge_guard,logistic_regression,dinov3_frozen_embeddings_logistic_regression
attr_has_edge_guard,,3,60528,No,No,True,0.9965807396630992,attr_has_edge_guard,logistic_regression,dinov3_frozen_embeddings_logistic_regression
attr_has_edge_guard,,3,60633,Yes,No,False,0.9998570853191533,attr_has_edge_guard,logistic_regression,dinov3_frozen_embeddings_logistic_regression
attr_has_edge_guard,,3,60956,No,No,True,0.9999182846495752,attr_has_edge_guard,logistic_regression,dinov3_frozen_embeddings_logistic_regression
attr_has_edge_guard,,3,61213,No,Yes,False,0.5923159953533882,attr_has_edge_guard,logistic_regression,dinov3_frozen_embeddings_logistic_regression
attr_has_edge_guard,,3,62442,No,Yes,False,0.999917453857319,attr_has_edge_guard,logistic_regression,dinov3_frozen_embeddings_logistic_regression
attr_has_edge_guard,,3,63217,No,Yes,False,0.6595686879068103,attr_has_edge_guard,logistic_regression,dinov3_frozen_embeddings_logistic_regression
attr_has_edge_guard,,3,63539,No,No,True,0.9622805073199043,attr_has_edge_guard,logistic_regression,dinov3_frozen_embeddings_logistic_regression
attr_has_edge_guard,,3,63540,Yes,No,False,0.9982973944396193,attr_has_edge_guard,logistic_regression,dinov3_frozen_embeddings_logistic_regression
attr_has_edge_guard,,3,63597,No,No,True,0.999999491317249,attr_has_edge_guard,logistic_regression,dinov3_frozen_embeddings_logistic_regression
attr_has_edge_guard,,3,64098,No,No,True,0.9999960288820906,attr_has_edge_guard,logistic_regression,dinov3_frozen_embeddings_logistic_regression
attr_has_edge_guard,,3,64131,No,No,True,0.9997636721157646,attr_has_edge_guard,logistic_regression,dinov3_frozen_embeddings_logistic_regression
attr_has_edge_guard,,3,64838,No,No,True,0.9987852054667198,attr_has_edge_guard,logistic_regression,dinov3_frozen_embeddings_logistic_regression
attr_has_edge_guard,,3,65423,No,No,True,0.9996562275685449,attr_has_edge_guard,logistic_regression,dinov3_frozen_embeddings_logistic_regression
attr_has_edge_guard,,3,66174,No,Yes,False,0.7746415581085548,attr_has_edge_guard,logistic_regression,dinov3_frozen_embeddings_logistic_regression
attr_has_edge_guard,,3,67205,Yes,Yes,True,0.6163165553200225,attr_has_edge_guard,logistic_regression,dinov3_frozen_embeddings_logistic_regression
attr_has_edge_guard,,3,67206,Yes,Yes,True,0.9789054356701681,attr_has_edge_guard,logistic_regression,dinov3_frozen_embeddings_logistic_regression
attr_has_edge_guard,,3,67465,Yes,No,False,0.9906199635308848,attr_has_edge_guard,logistic_regression,dinov3_frozen_embeddings_logistic_regression
attr_has_edge_guard,,3,80432,No,No,True,0.9999057518443496,attr_has_edge_guard,logistic_regression,dinov3_frozen_embeddings_logistic_regression
attr_has_edge_guard,,3,80596,No,No,True,0.999996080673818,attr_has_edge_guard,logistic_regression,dinov3_frozen_embeddings_logistic_regression
attr_has_edge_guard,,3,86525,Yes,Yes,True,0.9446804482009976,attr_has_edge_guard,logistic_regression,dinov3_frozen_embeddings_logistic_regression
attr_has_edge_guard,,3,86599,Yes,Yes,True,0.9273161196841184,attr_has_edge_guard,logistic_regression,dinov3_frozen_embeddings_logistic_regression
attr_has_edge_guard,,3,87745,Yes,Yes,True,0.9505428307807889,attr_has_edge_guard,logistic_regression,dinov3_frozen_embeddings_logistic_regression
attr_has_edge_guard,,3,87961,Yes,No,False,0.9840067694757965,attr_has_edge_guard,logistic_regression,dinov3_frozen_embeddings_logistic_regression
attr_has_edge_guard,,3,107041,No,No,True,0.9999634834633871,attr_has_edge_guard,logistic_regression,dinov3_frozen_embeddings_logistic_regression
attr_has_edge_guard,,3,110120,No,No,True,0.9996763852186202,attr_has_edge_guard,logistic_regression,dinov3_frozen_embeddings_logistic_regression
attr_has_edge_guard,,3,112348,No,No,True,0.9999975583890803,attr_has_edge_guard,logistic_regression,dinov3_frozen_embeddings_logistic_regression
attr_has_edge_guard,,3,112386,No,No,True,0.9999999780941947,attr_has_edge_guard,logistic_regression,dinov3_frozen_embeddings_logistic_regression
attr_has_edge_guard,,3,113731,No,No,True,0.9931068077058169,attr_has_edge_guard,logistic_regression,dinov3_frozen_embeddings_logistic_regression
attr_has_edge_guard,,3,115211,No,No,True,0.9999276097601076,attr_has_edge_guard,logistic_regression,dinov3_frozen_embeddings_logistic_regression
attr_has_edge_guard,,3,122980,No,Yes,False,0.9994698132879646,attr_has_edge_guard,logistic_regression,dinov3_frozen_embeddings_logistic_regression
attr_has_edge_guard,,3,48700,No,No,True,0.8937860087484121,attr_has_edge_guard,logistic_regression,dinov3_frozen_embeddings_logistic_regression
attr_has_edge_guard,,3,50750,No,No,True,0.9329540284687171,attr_has_edge_guard,logistic_regression,dinov3_frozen_embeddings_logistic_regression
attr_has_edge_guard,,3,60962,No,No,True,0.9643720432019394,attr_has_edge_guard,logistic_regression,dinov3_frozen_embeddings_logistic_regression
attr_has_edge_guard,,3,61424,No,Yes,False,0.8663499444336222,attr_has_edge_guard,logistic_regression,dinov3_frozen_embeddings_logistic_regression
attr_has_edge_guard,,3,68017,No,Yes,False,0.9295711309449569,attr_has_edge_guard,logistic_regression,dinov3_frozen_embeddings_logistic_regression
attr_has_edge_guard,,3,71174,No,No,True,0.9997881773133197,attr_has_edge_guard,logistic_regression,dinov3_frozen_embeddings_logistic_regression
attr_has_edge_guard,,3,81279,No,Yes,False,0.9313866689564317,attr_has_edge_guard,logistic_regression,dinov3_frozen_embeddings_logistic_regression
attr_has_edge_guard,,3,86580,Yes,Yes,True,0.9726649537289828,attr_has_edge_guard,logistic_regression,dinov3_frozen_embeddings_logistic_regression
attr_has_edge_guard,,3,122778,Yes,No,False,0.9992863310062129,attr_has_edge_guard,logistic_regression,dinov3_frozen_embeddings_logistic_regression
attr_has_edge_guard,,3,123582,No,Yes,False,0.9364023366072921,attr_has_edge_guard,logistic_regression,dinov3_frozen_embeddings_logistic_regression
attr_has_edge_guard,,4,48117,No,No,True,0.64349872651643,attr_has_edge_guard,logistic_regression,dinov3_frozen_embeddings_logistic_regression
attr_has_edge_guard,,4,48514,No,No,True,0.9987389263405682,attr_has_edge_guard,logistic_regression,dinov3_frozen_embeddings_logistic_regression
attr_has_edge_guard,,4,51538,No,No,True,0.9999959642206365,attr_has_edge_guard,logistic_regression,dinov3_frozen_embeddings_logistic_regression
attr_has_edge_guard,,4,52469,No,No,True,0.9999287822314163,attr_has_edge_guard,logistic_regression,dinov3_frozen_embeddings_logistic_regression
attr_has_edge_guard,,4,55646,No,No,True,0.9998846069837449,attr_has_edge_guard,logistic_regression,dinov3_frozen_embeddings_logistic_regression
attr_has_edge_guard,,4,55643,No,No,True,0.9999181165359875,attr_has_edge_guard,logistic_regression,dinov3_frozen_embeddings_logistic_regression
attr_has_edge_guard,,4,56778,No,Yes,False,0.9960657524075838,attr_has_edge_guard,logistic_regression,dinov3_frozen_embeddings_logistic_regression
attr_has_edge_guard,,4,58171,No,No,True,0.9999877318523991,attr_has_edge_guard,logistic_regression,dinov3_frozen_embeddings_logistic_regression
attr_has_edge_guard,,4,61005,No,No,True,0.9999916907108725,attr_has_edge_guard,logistic_regression,dinov3_frozen_embeddings_logistic_regression
attr_has_edge_guard,,4,61958,No,No,True,0.9999095369805704,attr_has_edge_guard,logistic_regression,dinov3_frozen_embeddings_logistic_regression
attr_has_edge_guard,,4,64261,No,No,True,0.9776897292399195,attr_has_edge_guard,logistic_regression,dinov3_frozen_embeddings_logistic_regression
attr_has_edge_guard,,4,64889,No,No,True,0.999997298070431,attr_has_edge_guard,logistic_regression,dinov3_frozen_embeddings_logistic_regression
attr_has_edge_guard,,4,65430,No,No,True,0.9999979030395162,attr_has_edge_guard,logistic_regression,dinov3_frozen_embeddings_logistic_regression
attr_has_edge_guard,,4,81411,No,No,True,0.7703629282034479,attr_has_edge_guard,logistic_regression,dinov3_frozen_embeddings_logistic_regression
attr_has_edge_guard,,4,83916,No,No,True,0.9983633981435612,attr_has_edge_guard,logistic_regression,dinov3_frozen_embeddings_logistic_regression
attr_has_edge_guard,,4,83914,No,No,True,0.9999423128693499,attr_has_edge_guard,logistic_regression,dinov3_frozen_embeddings_logistic_regression
attr_has_edge_guard,,4,83938,No,No,True,0.9999948198392735,attr_has_edge_guard,logistic_regression,dinov3_frozen_embeddings_logistic_regression
attr_has_edge_guard,,4,84101,No,No,True,0.9999966228804266,attr_has_edge_guard,logistic_regression,dinov3_frozen_embeddings_logistic_regression
attr_has_edge_guard,,4,84820,No,No,True,0.9999991702954998,attr_has_edge_guard,logistic_regression,dinov3_frozen_embeddings_logistic_regression
attr_has_edge_guard,,4,85171,No,No,True,0.9998433734816664,attr_has_edge_guard,logistic_regression,dinov3_frozen_embeddings_logistic_regression
attr_has_edge_guard,,4,85474,No,No,True,0.9999997112297574,attr_has_edge_guard,logistic_regression,dinov3_frozen_embeddings_logistic_regression
attr_has_edge_guard,,4,85484,No,No,True,0.9999736445279256,attr_has_edge_guard,logistic_regression,dinov3_frozen_embeddings_logistic_regression
attr_has_edge_guard,,4,85497,No,No,True,0.9999766619151467,attr_has_edge_guard,logistic_regression,dinov3_frozen_embeddings_logistic_regression
attr_has_edge_guard,,4,86052,No,No,True,0.9998389836758036,attr_has_edge_guard,logistic_regression,dinov3_frozen_embeddings_logistic_regression
attr_has_edge_guard,,4,86058,No,No,True,0.9939713668693013,attr_has_edge_guard,logistic_regression,dinov3_frozen_embeddings_logistic_regression
attr_has_edge_guard,,4,86040,No,No,True,0.9999988290406763,attr_has_edge_guard,logistic_regression,dinov3_frozen_embeddings_logistic_regression
attr_has_edge_guard,,4,86071,No,No,True,0.9999999842582511,attr_has_edge_guard,logistic_regression,dinov3_frozen_embeddings_logistic_regression
attr_has_edge_guard,,4,86084,No,No,True,0.999999897101163,attr_has_edge_guard,logistic_regression,dinov3_frozen_embeddings_logistic_regression
attr_has_edge_guard,,4,86097,No,No,True,0.9995580165406377,attr_has_edge_guard,logistic_regression,dinov3_frozen_embeddings_logistic_regression
attr_has_edge_guard,,4,86101,No,No,True,0.9999998406100606,attr_has_edge_guard,logistic_regression,dinov3_frozen_embeddings_logistic_regression
attr_has_edge_guard,,4,86104,No,No,True,0.930839058833839,attr_has_edge_guard,logistic_regression,dinov3_frozen_embeddings_logistic_regression
attr_has_edge_guard,,4,86106,No,No,True,0.9999512153668543,attr_has_edge_guard,logistic_regression,dinov3_frozen_embeddings_logistic_regression
attr_has_edge_guard,,4,86119,No,No,True,0.9999210750839661,attr_has_edge_guard,logistic_regression,dinov3_frozen_embeddings_logistic_regression
attr_has_edge_guard,,4,86124,No,No,True,0.999999995130711,attr_has_edge_guard,logistic_regression,dinov3_frozen_embeddings_logistic_regression
attr_has_edge_guard,,4,86130,No,No,True,0.999925559132968,attr_has_edge_guard,logistic_regression,dinov3_frozen_embeddings_logistic_regression
attr_has_edge_guard,,4,86137,No,No,True,0.9999999129573376,attr_has_edge_guard,logistic_regression,dinov3_frozen_embeddings_logistic_regression
attr_has_edge_guard,,4,86148,No,No,True,0.9999954546182176,attr_has_edge_guard,logistic_regression,dinov3_frozen_embeddings_logistic_regression
attr_has_edge_guard,,4,86153,No,No,True,0.999999999351006,attr_has_edge_guard,logistic_regression,dinov3_frozen_embeddings_logistic_regression
attr_has_edge_guard,,4,86155,No,No,True,0.9999927336985266,attr_has_edge_guard,logistic_regression,dinov3_frozen_embeddings_logistic_regression
attr_has_edge_guard,,4,86169,No,No,True,0.9999945971579705,attr_has_edge_guard,logistic_regression,dinov3_frozen_embeddings_logistic_regression
attr_has_edge_guard,,4,86178,No,No,True,0.9999956285150107,attr_has_edge_guard,logistic_regression,dinov3_frozen_embeddings_logistic_regression
attr_has_edge_guard,,4,86180,No,No,True,0.9999997265914103,attr_has_edge_guard,logistic_regression,dinov3_frozen_embeddings_logistic_regression
attr_has_edge_guard,,4,86190,No,No,True,0.9999840927289553,attr_has_edge_guard,logistic_regression,dinov3_frozen_embeddings_logistic_regression
attr_has_edge_guard,,4,86204,No,No,True,0.999955014606279,attr_has_edge_guard,logistic_regression,dinov3_frozen_embeddings_logistic_regression
attr_has_edge_guard,,4,86206,No,No,True,0.995951113750762,attr_has_edge_guard,logistic_regression,dinov3_frozen_embeddings_logistic_regression
attr_has_edge_guard,,4,86217,No,No,True,0.9999999661925804,attr_has_edge_guard,logistic_regression,dinov3_frozen_embeddings_logistic_regression
attr_has_edge_guard,,4,86216,No,No,True,0.9999660143403887,attr_has_edge_guard,logistic_regression,dinov3_frozen_embeddings_logistic_regression
attr_has_edge_guard,,4,86245,No,No,True,0.9999989395811345,attr_has_edge_guard,logistic_regression,dinov3_frozen_embeddings_logistic_regression
attr_has_edge_guard,,4,86250,No,No,True,0.9999796119216616,attr_has_edge_guard,logistic_regression,dinov3_frozen_embeddings_logistic_regression
attr_has_edge_guard,,4,86878,No,No,True,0.9999999882462263,attr_has_edge_guard,logistic_regression,dinov3_frozen_embeddings_logistic_regression
attr_has_edge_guard,,4,86894,No,No,True,0.9999997449890158,attr_has_edge_guard,logistic_regression,dinov3_frozen_embeddings_logistic_regression
attr_has_edge_guard,,4,86889,No,No,True,0.997864738723107,attr_has_edge_guard,logistic_regression,dinov3_frozen_embeddings_logistic_regression
attr_has_edge_guard,,4,86915,No,No,True,0.9999215538328734,attr_has_edge_guard,logistic_regression,dinov3_frozen_embeddings_logistic_regression
attr_has_edge_guard,,4,87505,No,No,True,0.9999998722302063,attr_has_edge_guard,logistic_regression,dinov3_frozen_embeddings_logistic_regression
attr_has_edge_guard,,4,87561,No,No,True,0.9510630381703168,attr_has_edge_guard,logistic_regression,dinov3_frozen_embeddings_logistic_regression
attr_has_edge_guard,,4,87554,No,No,True,0.9999931176273613,attr_has_edge_guard,logistic_regression,dinov3_frozen_embeddings_logistic_regression
attr_has_edge_guard,,4,87845,No,No,True,0.9999999992412659,attr_has_edge_guard,logistic_regression,dinov3_frozen_embeddings_logistic_regression
attr_has_edge_guard,,4,87992,No,No,True,0.9999964843170951,attr_has_edge_guard,logistic_regression,dinov3_frozen_embeddings_logistic_regression
attr_has_edge_guard,,4,89579,No,No,True,0.9931127036910613,attr_has_edge_guard,logistic_regression,dinov3_frozen_embeddings_logistic_regression
attr_has_edge_guard,,4,89593,No,No,True,0.9988759673954415,attr_has_edge_guard,logistic_regression,dinov3_frozen_embeddings_logistic_regression
attr_has_edge_guard,,4,89594,No,No,True,0.9997181634087704,attr_has_edge_guard,logistic_regression,dinov3_frozen_embeddings_logistic_regression
attr_has_edge_guard,,4,89595,No,No,True,0.9990919897056718,attr_has_edge_guard,logistic_regression,dinov3_frozen_embeddings_logistic_regression
attr_has_edge_guard,,4,89598,No,No,True,0.999960690056239,attr_has_edge_guard,logistic_regression,dinov3_frozen_embeddings_logistic_regression
attr_has_edge_guard,,4,90330,No,No,True,0.9999987828066403,attr_has_edge_guard,logistic_regression,dinov3_frozen_embeddings_logistic_regression
attr_has_edge_guard,,4,90337,No,No,True,0.9999913365776638,attr_has_edge_guard,logistic_regression,dinov3_frozen_embeddings_logistic_regression
attr_has_edge_guard,,4,90339,No,No,True,0.9999657658075163,attr_has_edge_guard,logistic_regression,dinov3_frozen_embeddings_logistic_regression
attr_has_edge_guard,,4,90349,No,No,True,0.9999993169333609,attr_has_edge_guard,logistic_regression,dinov3_frozen_embeddings_logistic_regression
attr_has_edge_guard,,4,90352,No,No,True,0.999986086291168,attr_has_edge_guard,logistic_regression,dinov3_frozen_embeddings_logistic_regression
attr_has_edge_guard,,4,90357,No,No,True,0.9998091921611003,attr_has_edge_guard,logistic_regression,dinov3_frozen_embeddings_logistic_regression
attr_has_edge_guard,,4,90359,No,No,True,0.9999773239297663,attr_has_edge_guard,logistic_regression,dinov3_frozen_embeddings_logistic_regression
attr_has_edge_guard,,4,90368,No,No,True,0.9999763929684367,attr_has_edge_guard,logistic_regression,dinov3_frozen_embeddings_logistic_regression
attr_has_edge_guard,,4,90369,No,No,True,0.9999999791719936,attr_has_edge_guard,logistic_regression,dinov3_frozen_embeddings_logistic_regression
attr_has_edge_guard,,4,90371,No,No,True,0.9999958362798659,attr_has_edge_guard,logistic_regression,dinov3_frozen_embeddings_logistic_regression
attr_has_edge_guard,,4,90379,No,No,True,0.9983805510134136,attr_has_edge_guard,logistic_regression,dinov3_frozen_embeddings_logistic_regression
attr_has_edge_guard,,4,90387,No,No,True,0.9990123613380711,attr_has_edge_guard,logistic_regression,dinov3_frozen_embeddings_logistic_regression
attr_has_edge_guard,,4,90392,No,No,True,0.9998391562986286,attr_has_edge_guard,logistic_regression,dinov3_frozen_embeddings_logistic_regression
attr_has_edge_guard,,4,90394,No,No,True,0.9999999005726328,attr_has_edge_guard,logistic_regression,dinov3_frozen_embeddings_logistic_regression
attr_has_edge_guard,,4,90397,No,No,True,0.9998471937105726,attr_has_edge_guard,logistic_regression,dinov3_frozen_embeddings_logistic_regression
attr_has_edge_guard,,4,90498,No,No,True,0.9999991684221007,attr_has_edge_guard,logistic_regression,dinov3_frozen_embeddings_logistic_regression
attr_has_edge_guard,,4,90510,No,No,True,0.9998679846973073,attr_has_edge_guard,logistic_regression,dinov3_frozen_embeddings_logistic_regression
attr_has_edge_guard,,4,92017,No,No,True,0.9999943949028509,attr_has_edge_guard,logistic_regression,dinov3_frozen_embeddings_logistic_regression
attr_has_edge_guard,,4,92018,No,No,True,0.9999942048500694,attr_has_edge_guard,logistic_regression,dinov3_frozen_embeddings_logistic_regression
attr_has_edge_guard,,4,92023,No,No,True,0.9999543025662632,attr_has_edge_guard,logistic_regression,dinov3_frozen_embeddings_logistic_regression
attr_has_edge_guard,,4,92026,No,No,True,0.9999987153419877,attr_has_edge_guard,logistic_regression,dinov3_frozen_embeddings_logistic_regression
attr_has_edge_guard,,4,92028,No,No,True,0.9999890199655891,attr_has_edge_guard,logistic_regression,dinov3_frozen_embeddings_logistic_regression
attr_has_edge_guard,,4,92031,No,No,True,0.9999999999834441,attr_has_edge_guard,logistic_regression,dinov3_frozen_embeddings_logistic_regression
attr_has_edge_guard,,4,92044,No,No,True,0.9999998138248244,attr_has_edge_guard,logistic_regression,dinov3_frozen_embeddings_logistic_regression
attr_has_edge_guard,,4,92069,No,No,True,0.999993247387571,attr_has_edge_guard,logistic_regression,dinov3_frozen_embeddings_logistic_regression
attr_has_edge_guard,,4,92073,No,No,True,0.9999989029359108,attr_has_edge_guard,logistic_regression,dinov3_frozen_embeddings_logistic_regression
attr_has_edge_guard,,4,92091,No,No,True,0.999974645622222,attr_has_edge_guard,logistic_regression,dinov3_frozen_embeddings_logistic_regression
attr_has_edge_guard,,4,93034,No,No,True,0.9986253715624337,attr_has_edge_guard,logistic_regression,dinov3_frozen_embeddings_logistic_regression
attr_has_edge_guard,,4,94266,No,No,True,0.9999986136535668,attr_has_edge_guard,logistic_regression,dinov3_frozen_embeddings_logistic_regression
attr_has_edge_guard,,4,94269,No,No,True,0.9997833034895518,attr_has_edge_guard,logistic_regression,dinov3_frozen_embeddings_logistic_regression
attr_has_edge_guard,,4,94272,No,No,True,0.9999999502019329,attr_has_edge_guard,logistic_regression,dinov3_frozen_embeddings_logistic_regression
attr_has_edge_guard,,4,94275,No,No,True,0.9993748240494514,attr_has_edge_guard,logistic_regression,dinov3_frozen_embeddings_logistic_regression
attr_has_edge_guard,,4,94279,No,No,True,0.9999998772466635,attr_has_edge_guard,logistic_regression,dinov3_frozen_embeddings_logistic_regression
attr_has_edge_guard,,4,94280,No,No,True,0.9999999998637721,attr_has_edge_guard,logistic_regression,dinov3_frozen_embeddings_logistic_regression
attr_has_edge_guard,,4,94287,No,No,True,0.9999986540438393,attr_has_edge_guard,logistic_regression,dinov3_frozen_embeddings_logistic_regression
attr_has_edge_guard,,4,94289,No,No,True,0.9999999735871387,attr_has_edge_guard,logistic_regression,dinov3_frozen_embeddings_logistic_regression
attr_has_edge_guard,,4,94293,No,No,True,0.9999998856988493,attr_has_edge_guard,logistic_regression,dinov3_frozen_embeddings_logistic_regression
attr_has_edge_guard,,4,94312,No,No,True,0.9999999236377809,attr_has_edge_guard,logistic_regression,dinov3_frozen_embeddings_logistic_regression
attr_has_edge_guard,,4,94322,No,No,True,0.9999929666711619,attr_has_edge_guard,logistic_regression,dinov3_frozen_embeddings_logistic_regression
attr_has_edge_guard,,4,94337,No,No,True,0.9999985100479984,attr_has_edge_guard,logistic_regression,dinov3_frozen_embeddings_logistic_regression
attr_has_edge_guard,,4,94350,No,No,True,0.9878168244184663,attr_has_edge_guard,logistic_regression,dinov3_frozen_embeddings_logistic_regression
attr_has_edge_guard,,4,94352,No,No,True,0.999991861609153,attr_has_edge_guard,logistic_regression,dinov3_frozen_embeddings_logistic_regression
attr_has_edge_guard,,4,94353,No,No,True,0.9999986877159645,attr_has_edge_guard,logistic_regression,dinov3_frozen_embeddings_logistic_regression
attr_has_edge_guard,,4,94354,No,No,True,0.9996867725321114,attr_has_edge_guard,logistic_regression,dinov3_frozen_embeddings_logistic_regression
attr_has_edge_guard,,4,94379,No,No,True,0.9999986996167358,attr_has_edge_guard,logistic_regression,dinov3_frozen_embeddings_logistic_regression
attr_has_edge_guard,,4,94399,No,No,True,0.9999575617997027,attr_has_edge_guard,logistic_regression,dinov3_frozen_embeddings_logistic_regression
attr_has_edge_guard,,4,94410,No,No,True,0.9999992782161284,attr_has_edge_guard,logistic_regression,dinov3_frozen_embeddings_logistic_regression
attr_has_edge_guard,,4,94411,No,No,True,0.9999975115487709,attr_has_edge_guard,logistic_regression,dinov3_frozen_embeddings_logistic_regression
attr_has_edge_guard,,4,94415,No,No,True,0.9999998992638172,attr_has_edge_guard,logistic_regression,dinov3_frozen_embeddings_logistic_regression
attr_has_edge_guard,,4,94420,No,No,True,0.9999385341285674,attr_has_edge_guard,logistic_regression,dinov3_frozen_embeddings_logistic_regression
attr_has_edge_guard,,4,94781,No,No,True,0.9889688002353032,attr_has_edge_guard,logistic_regression,dinov3_frozen_embeddings_logistic_regression
attr_has_edge_guard,,4,94783,No,No,True,0.9999999999830591,attr_has_edge_guard,logistic_regression,dinov3_frozen_embeddings_logistic_regression
attr_has_edge_guard,,4,95950,No,No,True,0.999999232041436,attr_has_edge_guard,logistic_regression,dinov3_frozen_embeddings_logistic_regression
attr_has_edge_guard,,4,99891,No,No,True,0.99991938844682,attr_has_edge_guard,logistic_regression,dinov3_frozen_embeddings_logistic_regression
attr_has_edge_guard,,4,100345,No,No,True,0.9999989828306718,attr_has_edge_guard,logistic_regression,dinov3_frozen_embeddings_logistic_regression
attr_has_edge_guard,,4,100556,No,No,True,0.9992074007575138,attr_has_edge_guard,logistic_regression,dinov3_frozen_embeddings_logistic_regression
attr_has_edge_guard,,4,102356,No,No,True,0.9675256785009299,attr_has_edge_guard,logistic_regression,dinov3_frozen_embeddings_logistic_regression
attr_has_edge_guard,,4,102444,No,No,True,0.9217680811732483,attr_has_edge_guard,logistic_regression,dinov3_frozen_embeddings_logistic_regression
attr_has_edge_guard,,4,102973,No,No,True,0.998199974271333,attr_has_edge_guard,logistic_regression,dinov3_frozen_embeddings_logistic_regression
attr_has_edge_guard,,4,103729,No,No,True,0.9998686180207818,attr_has_edge_guard,logistic_regression,dinov3_frozen_embeddings_logistic_regression
attr_has_edge_guard,,4,103747,No,No,True,0.9999969427766946,attr_has_edge_guard,logistic_regression,dinov3_frozen_embeddings_logistic_regression
attr_has_edge_guard,,4,104070,No,No,True,0.5897034704912737,attr_has_edge_guard,logistic_regression,dinov3_frozen_embeddings_logistic_regression
attr_has_edge_guard,,4,107048,No,No,True,0.9981844223908459,attr_has_edge_guard,logistic_regression,dinov3_frozen_embeddings_logistic_regression
attr_has_edge_guard,,4,107051,No,No,True,0.999949521059104,attr_has_edge_guard,logistic_regression,dinov3_frozen_embeddings_logistic_regression
attr_has_edge_guard,,4,107054,No,No,True,0.9999629719336418,attr_has_edge_guard,logistic_regression,dinov3_frozen_embeddings_logistic_regression
attr_has_edge_guard,,4,107063,No,No,True,0.9999999717160495,attr_has_edge_guard,logistic_regression,dinov3_frozen_embeddings_logistic_regression
attr_has_edge_guard,,4,107322,No,No,True,0.8784097711725758,attr_has_edge_guard,logistic_regression,dinov3_frozen_embeddings_logistic_regression
attr_has_edge_guard,,4,107327,No,No,True,0.9999995907816608,attr_has_edge_guard,logistic_regression,dinov3_frozen_embeddings_logistic_regression
attr_has_edge_guard,,4,107335,No,No,True,0.9999997782906561,attr_has_edge_guard,logistic_regression,dinov3_frozen_embeddings_logistic_regression
attr_has_edge_guard,,4,107591,No,No,True,0.9997902961967388,attr_has_edge_guard,logistic_regression,dinov3_frozen_embeddings_logistic_regression
attr_has_edge_guard,,4,107882,No,No,True,0.9999991360456989,attr_has_edge_guard,logistic_regression,dinov3_frozen_embeddings_logistic_regression
attr_has_edge_guard,,4,107888,No,No,True,0.9999999644312108,attr_has_edge_guard,logistic_regression,dinov3_frozen_embeddings_logistic_regression
attr_has_edge_guard,,4,107891,No,No,True,0.9999987974377286,attr_has_edge_guard,logistic_regression,dinov3_frozen_embeddings_logistic_regression
attr_has_edge_guard,,4,107906,No,No,True,0.9999947242627623,attr_has_edge_guard,logistic_regression,dinov3_frozen_embeddings_logistic_regression
attr_has_edge_guard,,4,107991,No,No,True,0.9999998521265417,attr_has_edge_guard,logistic_regression,dinov3_frozen_embeddings_logistic_regression
attr_has_edge_guard,,4,108008,No,No,True,0.9999999759128145,attr_has_edge_guard,logistic_regression,dinov3_frozen_embeddings_logistic_regression
attr_has_edge_guard,,4,108303,No,No,True,0.9994552775546515,attr_has_edge_guard,logistic_regression,dinov3_frozen_embeddings_logistic_regression
attr_has_edge_guard,,4,108656,No,No,True,0.9930608108794211,attr_has_edge_guard,logistic_regression,dinov3_frozen_embeddings_logistic_regression
attr_has_edge_guard,,4,108714,No,No,True,0.9420281714161116,attr_has_edge_guard,logistic_regression,dinov3_frozen_embeddings_logistic_regression
attr_has_edge_guard,,4,108727,No,No,True,0.9999999124920497,attr_has_edge_guard,logistic_regression,dinov3_frozen_embeddings_logistic_regression
attr_has_edge_guard,,4,108733,No,No,True,0.959046432076047,attr_has_edge_guard,logistic_regression,dinov3_frozen_embeddings_logistic_regression
attr_has_edge_guard,,4,108735,No,No,True,0.9999999097135089,attr_has_edge_guard,logistic_regression,dinov3_frozen_embeddings_logistic_regression
attr_has_edge_guard,,4,108782,No,No,True,0.9999951084073929,attr_has_edge_guard,logistic_regression,dinov3_frozen_embeddings_logistic_regression
attr_has_edge_guard,,4,108784,No,No,True,0.9999900908663023,attr_has_edge_guard,logistic_regression,dinov3_frozen_embeddings_logistic_regression
attr_has_edge_guard,,4,108796,No,No,True,0.9998970189155709,attr_has_edge_guard,logistic_regression,dinov3_frozen_embeddings_logistic_regression
attr_has_edge_guard,,4,108798,No,No,True,0.9999881134638318,attr_has_edge_guard,logistic_regression,dinov3_frozen_embeddings_logistic_regression
attr_has_edge_guard,,4,109163,No,No,True,0.9999999289466845,attr_has_edge_guard,logistic_regression,dinov3_frozen_embeddings_logistic_regression
attr_has_edge_guard,,4,109174,No,No,True,0.9998851829478783,attr_has_edge_guard,logistic_regression,dinov3_frozen_embeddings_logistic_regression
attr_has_edge_guard,,4,109330,No,No,True,0.9999958772158428,attr_has_edge_guard,logistic_regression,dinov3_frozen_embeddings_logistic_regression
attr_has_edge_guard,,4,109617,Yes,No,False,0.9999998197972033,attr_has_edge_guard,logistic_regression,dinov3_frozen_embeddings_logistic_regression
attr_has_edge_guard,,4,109703,No,No,True,0.9999999613275256,attr_has_edge_guard,logistic_regression,dinov3_frozen_embeddings_logistic_regression
attr_has_edge_guard,,4,109824,No,No,True,0.9995042776380557,attr_has_edge_guard,logistic_regression,dinov3_frozen_embeddings_logistic_regression
attr_has_edge_guard,,4,110238,No,No,True,0.9993734142446487,attr_has_edge_guard,logistic_regression,dinov3_frozen_embeddings_logistic_regression
attr_has_edge_guard,,4,110293,No,No,True,0.9999806343385282,attr_has_edge_guard,logistic_regression,dinov3_frozen_embeddings_logistic_regression
attr_has_edge_guard,,4,110467,No,Yes,False,0.5269517496939787,attr_has_edge_guard,logistic_regression,dinov3_frozen_embeddings_logistic_regression
attr_has_edge_guard,,4,110567,No,No,True,0.9999985795340791,attr_has_edge_guard,logistic_regression,dinov3_frozen_embeddings_logistic_regression
attr_has_edge_guard,,4,110573,No,No,True,0.99878793025063,attr_has_edge_guard,logistic_regression,dinov3_frozen_embeddings_logistic_regression
attr_has_edge_guard,,4,110821,No,No,True,0.9999932518731343,attr_has_edge_guard,logistic_regression,dinov3_frozen_embeddings_logistic_regression
attr_has_edge_guard,,4,110822,No,No,True,0.9999997245170298,attr_has_edge_guard,logistic_regression,dinov3_frozen_embeddings_logistic_regression
attr_has_edge_guard,,4,110835,No,No,True,0.9999846943136239,attr_has_edge_guard,logistic_regression,dinov3_frozen_embeddings_logistic_regression
attr_has_edge_guard,,4,110837,No,No,True,0.9999929742407552,attr_has_edge_guard,logistic_regression,dinov3_frozen_embeddings_logistic_regression
attr_has_edge_guard,,4,110955,No,No,True,0.999999172707911,attr_has_edge_guard,logistic_regression,dinov3_frozen_embeddings_logistic_regression
attr_has_edge_guard,,4,110965,No,No,True,0.9999992049399649,attr_has_edge_guard,logistic_regression,dinov3_frozen_embeddings_logistic_regression
attr_has_edge_guard,,4,110966,No,No,True,0.9999998597006228,attr_has_edge_guard,logistic_regression,dinov3_frozen_embeddings_logistic_regression
attr_has_edge_guard,,4,110972,No,No,True,0.999978135900026,attr_has_edge_guard,logistic_regression,dinov3_frozen_embeddings_logistic_regression
attr_has_edge_guard,,4,110977,No,No,True,0.9999998679339248,attr_has_edge_guard,logistic_regression,dinov3_frozen_embeddings_logistic_regression
attr_has_edge_guard,,4,111432,No,No,True,0.9999963090558579,attr_has_edge_guard,logistic_regression,dinov3_frozen_embeddings_logistic_regression
attr_has_edge_guard,,4,111675,No,No,True,0.9999987020282277,attr_has_edge_guard,logistic_regression,dinov3_frozen_embeddings_logistic_regression
attr_has_edge_guard,,4,111677,No,No,True,0.9999874358463946,attr_has_edge_guard,logistic_regression,dinov3_frozen_embeddings_logistic_regression
attr_has_edge_guard,,4,111741,No,No,True,0.9999992453271811,attr_has_edge_guard,logistic_regression,dinov3_frozen_embeddings_logistic_regression
attr_has_edge_guard,,4,111792,No,No,True,0.9998801496366476,attr_has_edge_guard,logistic_regression,dinov3_frozen_embeddings_logistic_regression
attr_has_edge_guard,,4,111809,No,No,True,0.9999999911522307,attr_has_edge_guard,logistic_regression,dinov3_frozen_embeddings_logistic_regression
attr_has_edge_guard,,4,111815,No,No,True,0.9999935095647234,attr_has_edge_guard,logistic_regression,dinov3_frozen_embeddings_logistic_regression
attr_has_edge_guard,,4,111817,No,No,True,0.9999927889994478,attr_has_edge_guard,logistic_regression,dinov3_frozen_embeddings_logistic_regression
attr_has_edge_guard,,4,111825,No,No,True,0.9999999983580229,attr_has_edge_guard,logistic_regression,dinov3_frozen_embeddings_logistic_regression
attr_has_edge_guard,,4,112326,No,No,True,0.999990595451845,attr_has_edge_guard,logistic_regression,dinov3_frozen_embeddings_logistic_regression
attr_has_edge_guard,,4,112570,No,No,True,0.9999395729630765,attr_has_edge_guard,logistic_regression,dinov3_frozen_embeddings_logistic_regression
attr_has_edge_guard,,4,112588,No,No,True,0.9993976471053826,attr_has_edge_guard,logistic_regression,dinov3_frozen_embeddings_logistic_regression
attr_has_edge_guard,,4,114289,No,No,True,0.9999999988837445,attr_has_edge_guard,logistic_regression,dinov3_frozen_embeddings_logistic_regression
attr_has_edge_guard,,4,114973,No,No,True,0.9999665461650562,attr_has_edge_guard,logistic_regression,dinov3_frozen_embeddings_logistic_regression
attr_has_edge_guard,,4,115449,No,No,True,0.9999645998213298,attr_has_edge_guard,logistic_regression,dinov3_frozen_embeddings_logistic_regression
attr_has_edge_guard,,4,116204,No,No,True,0.9999995150808654,attr_has_edge_guard,logistic_regression,dinov3_frozen_embeddings_logistic_regression
attr_has_edge_guard,,4,116739,No,No,True,0.9999989308464715,attr_has_edge_guard,logistic_regression,dinov3_frozen_embeddings_logistic_regression
attr_has_edge_guard,,4,117156,Yes,No,False,0.9999966109606535,attr_has_edge_guard,logistic_regression,dinov3_frozen_embeddings_logistic_regression
attr_has_edge_guard,,4,117208,No,No,True,0.9999835023672574,attr_has_edge_guard,logistic_regression,dinov3_frozen_embeddings_logistic_regression
attr_has_edge_guard,,4,117582,No,No,True,0.9999994438516304,attr_has_edge_guard,logistic_regression,dinov3_frozen_embeddings_logistic_regression
attr_has_edge_guard,,4,117608,No,No,True,0.9999774276707257,attr_has_edge_guard,logistic_regression,dinov3_frozen_embeddings_logistic_regression
attr_has_edge_guard,,4,118086,No,No,True,0.9951432399931327,attr_has_edge_guard,logistic_regression,dinov3_frozen_embeddings_logistic_regression
attr_has_edge_guard,,4,120547,No,No,True,0.9997508759041104,attr_has_edge_guard,logistic_regression,dinov3_frozen_embeddings_logistic_regression
attr_has_edge_guard,,4,120661,No,No,True,0.9999999093205008,attr_has_edge_guard,logistic_regression,dinov3_frozen_embeddings_logistic_regression
attr_has_edge_guard,,4,120665,No,No,True,0.9976198646588715,attr_has_edge_guard,logistic_regression,dinov3_frozen_embeddings_logistic_regression
attr_has_edge_guard,,4,120667,No,No,True,0.9999996877033629,attr_has_edge_guard,logistic_regression,dinov3_frozen_embeddings_logistic_regression
attr_has_edge_guard,,4,120670,No,No,True,0.999999999959653,attr_has_edge_guard,logistic_regression,dinov3_frozen_embeddings_logistic_regression
attr_has_edge_guard,,4,120672,No,No,True,0.9999999498247142,attr_has_edge_guard,logistic_regression,dinov3_frozen_embeddings_logistic_regression
attr_has_edge_guard,,4,120676,No,No,True,0.9999945312527131,attr_has_edge_guard,logistic_regression,dinov3_frozen_embeddings_logistic_regression
attr_has_edge_guard,,4,120680,No,No,True,0.9999996697305763,attr_has_edge_guard,logistic_regression,dinov3_frozen_embeddings_logistic_regression
attr_has_edge_guard,,4,120681,No,No,True,0.9999999919593741,attr_has_edge_guard,logistic_regression,dinov3_frozen_embeddings_logistic_regression
attr_has_edge_guard,,4,120685,No,No,True,0.9999585915374146,attr_has_edge_guard,logistic_regression,dinov3_frozen_embeddings_logistic_regression
attr_has_edge_guard,,4,120687,No,Yes,False,0.7078594613396838,attr_has_edge_guard,logistic_regression,dinov3_frozen_embeddings_logistic_regression
attr_has_edge_guard,,4,120689,No,No,True,0.9999092979323204,attr_has_edge_guard,logistic_regression,dinov3_frozen_embeddings_logistic_regression
attr_has_edge_guard,,4,120692,No,No,True,0.9999663627014281,attr_has_edge_guard,logistic_regression,dinov3_frozen_embeddings_logistic_regression
attr_has_edge_guard,,4,120694,No,No,True,0.9999994615488234,attr_has_edge_guard,logistic_regression,dinov3_frozen_embeddings_logistic_regression
attr_has_edge_guard,,4,121007,No,No,True,0.9999917713094818,attr_has_edge_guard,logistic_regression,dinov3_frozen_embeddings_logistic_regression
attr_has_edge_guard,,4,121481,No,No,True,0.9999001460944829,attr_has_edge_guard,logistic_regression,dinov3_frozen_embeddings_logistic_regression
attr_has_edge_guard,,4,121570,No,No,True,0.9999979417599171,attr_has_edge_guard,logistic_regression,dinov3_frozen_embeddings_logistic_regression
attr_has_edge_guard,,4,121584,No,No,True,0.999997982845835,attr_has_edge_guard,logistic_regression,dinov3_frozen_embeddings_logistic_regression
attr_has_edge_guard,,4,121672,No,Yes,False,0.5773725162318502,attr_has_edge_guard,logistic_regression,dinov3_frozen_embeddings_logistic_regression
attr_has_edge_guard,,4,121676,No,No,True,0.9972586553573651,attr_has_edge_guard,logistic_regression,dinov3_frozen_embeddings_logistic_regression
attr_has_edge_guard,,4,121736,No,No,True,0.9999999835475043,attr_has_edge_guard,logistic_regression,dinov3_frozen_embeddings_logistic_regression
attr_has_edge_guard,,4,121737,No,No,True,0.9999995068422347,attr_has_edge_guard,logistic_regression,dinov3_frozen_embeddings_logistic_regression
attr_has_edge_guard,,4,121742,No,No,True,0.9999968985983303,attr_has_edge_guard,logistic_regression,dinov3_frozen_embeddings_logistic_regression
attr_has_edge_guard,,4,121776,No,No,True,0.9999911112851592,attr_has_edge_guard,logistic_regression,dinov3_frozen_embeddings_logistic_regression
attr_has_edge_guard,,4,122368,No,No,True,0.9999997445393684,attr_has_edge_guard,logistic_regression,dinov3_frozen_embeddings_logistic_regression
attr_has_edge_guard,,4,122404,No,No,True,0.9999996128547062,attr_has_edge_guard,logistic_regression,dinov3_frozen_embeddings_logistic_regression
attr_has_edge_guard,,4,123096,No,No,True,0.99997519495333,attr_has_edge_guard,logistic_regression,dinov3_frozen_embeddings_logistic_regression
attr_has_edge_guard,,4,123473,Yes,Yes,True,0.9941739881034362,attr_has_edge_guard,logistic_regression,dinov3_frozen_embeddings_logistic_regression
attr_has_edge_guard,,4,123609,No,No,True,0.9999998058884546,attr_has_edge_guard,logistic_regression,dinov3_frozen_embeddings_logistic_regression
attr_has_edge_guard,,4,123776,No,No,True,0.9999997681565722,attr_has_edge_guard,logistic_regression,dinov3_frozen_embeddings_logistic_regression
attr_has_edge_guard,,4,124741,No,No,True,0.9944999500565941,attr_has_edge_guard,logistic_regression,dinov3_frozen_embeddings_logistic_regression
attr_has_edge_guard,,4,124885,Yes,No,False,0.9488759296679641,attr_has_edge_guard,logistic_regression,dinov3_frozen_embeddings_logistic_regression
attr_has_edge_guard,,4,126800,No,No,True,0.9999878964457363,attr_has_edge_guard,logistic_regression,dinov3_frozen_embeddings_logistic_regression
attr_has_edge_guard,,4,126808,No,No,True,0.9999444495003547,attr_has_edge_guard,logistic_regression,dinov3_frozen_embeddings_logistic_regression
attr_has_edge_guard,,4,126835,No,No,True,0.9999998267273011,attr_has_edge_guard,logistic_regression,dinov3_frozen_embeddings_logistic_regression
attr_has_edge_guard,,4,126836,No,No,True,0.9999945533617,attr_has_edge_guard,logistic_regression,dinov3_frozen_embeddings_logistic_regression
attr_has_edge_guard,,4,126837,No,No,True,0.9976190854604715,attr_has_edge_guard,logistic_regression,dinov3_frozen_embeddings_logistic_regression
attr_has_edge_guard,,4,126838,No,No,True,0.9999780754864531,attr_has_edge_guard,logistic_regression,dinov3_frozen_embeddings_logistic_regression
attr_has_edge_guard,,4,127156,No,No,True,0.9999378695213498,attr_has_edge_guard,logistic_regression,dinov3_frozen_embeddings_logistic_regression
attr_has_edge_guard,,4,127454,No,No,True,0.9999997080530624,attr_has_edge_guard,logistic_regression,dinov3_frozen_embeddings_logistic_regression
attr_has_edge_guard,,4,127458,No,No,True,0.999619500128147,attr_has_edge_guard,logistic_regression,dinov3_frozen_embeddings_logistic_regression
attr_has_edge_guard,,4,127459,No,No,True,0.9999996247890262,attr_has_edge_guard,logistic_regression,dinov3_frozen_embeddings_logistic_regression
attr_has_edge_guard,,4,127653,No,No,True,0.9498037286348507,attr_has_edge_guard,logistic_regression,dinov3_frozen_embeddings_logistic_regression
attr_has_edge_guard,,4,128639,No,No,True,0.9981778113802184,attr_has_edge_guard,logistic_regression,dinov3_frozen_embeddings_logistic_regression
attr_has_edge_guard,,4,128640,No,No,True,0.998408045696321,attr_has_edge_guard,logistic_regression,dinov3_frozen_embeddings_logistic_regression
attr_has_edge_guard,,4,128951,No,No,True,0.9999855986521816,attr_has_edge_guard,logistic_regression,dinov3_frozen_embeddings_logistic_regression
attr_has_edge_guard,,4,129378,No,No,True,0.9999999045329074,attr_has_edge_guard,logistic_regression,dinov3_frozen_embeddings_logistic_regression
attr_has_edge_guard,,4,129400,Yes,Yes,True,0.9999986640326448,attr_has_edge_guard,logistic_regression,dinov3_frozen_embeddings_logistic_regression
attr_has_edge_guard,,4,103725,No,No,True,0.9999991581465686,attr_has_edge_guard,logistic_regression,dinov3_frozen_embeddings_logistic_regression
attr_has_edge_guard,,4,104871,No,Yes,False,0.9945817041932489,attr_has_edge_guard,logistic_regression,dinov3_frozen_embeddings_logistic_regression
attr_has_edge_guard,,4,107014,No,No,True,0.9874826426855563,attr_has_edge_guard,logistic_regression,dinov3_frozen_embeddings_logistic_regression
attr_has_edge_guard,,4,107055,No,No,True,0.9999992873562001,attr_has_edge_guard,logistic_regression,dinov3_frozen_embeddings_logistic_regression
attr_has_edge_guard,,4,109185,No,No,True,0.9633905520031131,attr_has_edge_guard,logistic_regression,dinov3_frozen_embeddings_logistic_regression
attr_has_edge_guard,,4,110256,No,No,True,0.959693516213919,attr_has_edge_guard,logistic_regression,dinov3_frozen_embeddings_logistic_regression
attr_has_edge_guard,,4,110257,No,No,True,0.9997296943309644,attr_has_edge_guard,logistic_regression,dinov3_frozen_embeddings_logistic_regression
attr_has_edge_guard,,4,114056,No,No,True,0.9998327779147468,attr_has_edge_guard,logistic_regression,dinov3_frozen_embeddings_logistic_regression
attr_has_edge_guard,,4,114262,No,No,True,0.8544291722316579,attr_has_edge_guard,logistic_regression,dinov3_frozen_embeddings_logistic_regression
attr_has_edge_guard,,4,115446,No,No,True,0.9999900465089244,attr_has_edge_guard,logistic_regression,dinov3_frozen_embeddings_logistic_regression
attr_has_edge_guard,,4,116552,No,No,True,0.9996983826137008,attr_has_edge_guard,logistic_regression,dinov3_frozen_embeddings_logistic_regression
attr_has_edge_guard,,4,118807,No,No,True,0.9999999994413805,attr_has_edge_guard,logistic_regression,dinov3_frozen_embeddings_logistic_regression
attr_has_edge_guard,,4,127074,No,Yes,False,0.5881942698448092,attr_has_edge_guard,logistic_regression,dinov3_frozen_embeddings_logistic_regression
attr_has_edge_guard,,4,51537,No,No,True,0.998407488739684,attr_has_edge_guard,logistic_regression,dinov3_frozen_embeddings_logistic_regression
attr_has_edge_guard,,4,46340,No,No,True,0.9753472982086683,attr_has_edge_guard,logistic_regression,dinov3_frozen_embeddings_logistic_regression
attr_has_edge_guard,,4,46922,Yes,Yes,True,0.9794893679792301,attr_has_edge_guard,logistic_regression,dinov3_frozen_embeddings_logistic_regression
attr_has_edge_guard,,4,48112,No,Yes,False,0.7419479768480955,attr_has_edge_guard,logistic_regression,dinov3_frozen_embeddings_logistic_regression
attr_has_edge_guard,,4,48340,Yes,Yes,True,0.9999765514050631,attr_has_edge_guard,logistic_regression,dinov3_frozen_embeddings_logistic_regression
attr_has_edge_guard,,4,48344,No,Yes,False,0.9917479154944617,attr_has_edge_guard,logistic_regression,dinov3_frozen_embeddings_logistic_regression
attr_has_edge_guard,,4,48693,No,No,True,0.9939498216836482,attr_has_edge_guard,logistic_regression,dinov3_frozen_embeddings_logistic_regression
attr_has_edge_guard,,4,49061,No,No,True,0.9961873873462398,attr_has_edge_guard,logistic_regression,dinov3_frozen_embeddings_logistic_regression
attr_has_edge_guard,,4,49497,Yes,No,False,0.979499549258641,attr_has_edge_guard,logistic_regression,dinov3_frozen_embeddings_logistic_regression
attr_has_edge_guard,,4,51216,No,No,True,0.9996850265335043,attr_has_edge_guard,logistic_regression,dinov3_frozen_embeddings_logistic_regression
attr_has_edge_guard,,4,51233,No,Yes,False,0.7431661214936387,attr_has_edge_guard,logistic_regression,dinov3_frozen_embeddings_logistic_regression
attr_has_edge_guard,,4,51234,No,Yes,False,0.8686601802236859,attr_has_edge_guard,logistic_regression,dinov3_frozen_embeddings_logistic_regression
attr_has_edge_guard,,4,51531,No,No,True,0.5644415217983157,attr_has_edge_guard,logistic_regression,dinov3_frozen_embeddings_logistic_regression
attr_has_edge_guard,,4,51799,No,No,True,0.74513534703966,attr_has_edge_guard,logistic_regression,dinov3_frozen_embeddings_logistic_regression
attr_has_edge_guard,,4,52243,No,No,True,0.9477144152208611,attr_has_edge_guard,logistic_regression,dinov3_frozen_embeddings_logistic_regression
attr_has_edge_guard,,4,53984,No,Yes,False,0.9457310564897492,attr_has_edge_guard,logistic_regression,dinov3_frozen_embeddings_logistic_regression
attr_has_edge_guard,,4,53986,No,No,True,0.9931154777389145,attr_has_edge_guard,logistic_regression,dinov3_frozen_embeddings_logistic_regression
attr_has_edge_guard,,4,54324,Yes,No,False,0.9998975719695866,attr_has_edge_guard,logistic_regression,dinov3_frozen_embeddings_logistic_regression
attr_has_edge_guard,,4,54322,No,Yes,False,0.9985774068381006,attr_has_edge_guard,logistic_regression,dinov3_frozen_embeddings_logistic_regression
attr_has_edge_guard,,4,54326,No,No,True,0.9999587823505567,attr_has_edge_guard,logistic_regression,dinov3_frozen_embeddings_logistic_regression
attr_has_edge_guard,,4,55631,No,No,True,0.9998508770017754,attr_has_edge_guard,logistic_regression,dinov3_frozen_embeddings_logistic_regression
attr_has_edge_guard,,4,56204,No,No,True,0.9834324993652205,attr_has_edge_guard,logistic_regression,dinov3_frozen_embeddings_logistic_regression
attr_has_edge_guard,,4,56206,Yes,No,False,0.9999639270824613,attr_has_edge_guard,logistic_regression,dinov3_frozen_embeddings_logistic_regression
attr_has_edge_guard,,4,56467,No,No,True,0.9463293061087937,attr_has_edge_guard,logistic_regression,dinov3_frozen_embeddings_logistic_regression
attr_has_edge_guard,,4,58955,No,No,True,0.9998359583871838,attr_has_edge_guard,logistic_regression,dinov3_frozen_embeddings_logistic_regression
attr_has_edge_guard,,4,58957,No,No,True,0.999376535791759,attr_has_edge_guard,logistic_regression,dinov3_frozen_embeddings_logistic_regression
attr_has_edge_guard,,4,60126,No,Yes,False,0.9769892688611153,attr_has_edge_guard,logistic_regression,dinov3_frozen_embeddings_logistic_regression
attr_has_edge_guard,,4,61004,No,Yes,False,0.8106276701075258,attr_has_edge_guard,logistic_regression,dinov3_frozen_embeddings_logistic_regression
attr_has_edge_guard,,4,61499,No,No,True,0.9999815363970466,attr_has_edge_guard,logistic_regression,dinov3_frozen_embeddings_logistic_regression
attr_has_edge_guard,,4,61731,No,Yes,False,0.548272664848554,attr_has_edge_guard,logistic_regression,dinov3_frozen_embeddings_logistic_regression
attr_has_edge_guard,,4,63068,Yes,Yes,True,0.9071180664316936,attr_has_edge_guard,logistic_regression,dinov3_frozen_embeddings_logistic_regression
attr_has_edge_guard,,4,63071,No,No,True,0.9925019988812979,attr_has_edge_guard,logistic_regression,dinov3_frozen_embeddings_logistic_regression
attr_has_edge_guard,,4,63298,No,No,True,0.8429248294339196,attr_has_edge_guard,logistic_regression,dinov3_frozen_embeddings_logistic_regression
attr_has_edge_guard,,4,64100,No,No,True,0.9999856687314672,attr_has_edge_guard,logistic_regression,dinov3_frozen_embeddings_logistic_regression
attr_has_edge_guard,,4,64128,No,No,True,0.9999520538191061,attr_has_edge_guard,logistic_regression,dinov3_frozen_embeddings_logistic_regression
attr_has_edge_guard,,4,64694,No,No,True,0.9440341345204859,attr_has_edge_guard,logistic_regression,dinov3_frozen_embeddings_logistic_regression
attr_has_edge_guard,,4,65154,Yes,Yes,True,0.9205297357864087,attr_has_edge_guard,logistic_regression,dinov3_frozen_embeddings_logistic_regression
attr_has_edge_guard,,4,65497,Yes,No,False,0.9976686477268598,attr_has_edge_guard,logistic_regression,dinov3_frozen_embeddings_logistic_regression
attr_has_edge_guard,,4,65608,No,Yes,False,0.9996535892992874,attr_has_edge_guard,logistic_regression,dinov3_frozen_embeddings_logistic_regression
attr_has_edge_guard,,4,65609,No,No,True,0.8865956230916618,attr_has_edge_guard,logistic_regression,dinov3_frozen_embeddings_logistic_regression
attr_has_edge_guard,,4,65788,No,No,True,0.9976898607395259,attr_has_edge_guard,logistic_regression,dinov3_frozen_embeddings_logistic_regression
attr_has_edge_guard,,4,66920,No,No,True,0.9981188863740968,attr_has_edge_guard,logistic_regression,dinov3_frozen_embeddings_logistic_regression
attr_has_edge_guard,,4,81808,No,No,True,0.9292054808381406,attr_has_edge_guard,logistic_regression,dinov3_frozen_embeddings_logistic_regression
attr_has_edge_guard,,4,85149,No,No,True,0.9982850739851766,attr_has_edge_guard,logistic_regression,dinov3_frozen_embeddings_logistic_regression
attr_has_edge_guard,,4,110164,No,Yes,False,0.6483677965886887,attr_has_edge_guard,logistic_regression,dinov3_frozen_embeddings_logistic_regression
attr_has_edge_guard,,4,111782,Yes,Yes,True,0.6474623451258849,attr_has_edge_guard,logistic_regression,dinov3_frozen_embeddings_logistic_regression
attr_has_edge_guard,,4,112338,No,No,True,0.9981973152707472,attr_has_edge_guard,logistic_regression,dinov3_frozen_embeddings_logistic_regression
attr_has_edge_guard,,4,112406,No,No,True,0.9999981946615324,attr_has_edge_guard,logistic_regression,dinov3_frozen_embeddings_logistic_regression
attr_has_edge_guard,,4,114711,Yes,Yes,True,0.9651172202584509,attr_has_edge_guard,logistic_regression,dinov3_frozen_embeddings_logistic_regression
attr_has_edge_guard,,4,114996,Yes,No,False,0.5256928336819496,attr_has_edge_guard,logistic_regression,dinov3_frozen_embeddings_logistic_regression
attr_has_edge_guard,,4,115803,No,No,True,0.9992898375332212,attr_has_edge_guard,logistic_regression,dinov3_frozen_embeddings_logistic_regression
attr_has_edge_guard,,4,115806,No,No,True,0.9883328169849337,attr_has_edge_guard,logistic_regression,dinov3_frozen_embeddings_logistic_regression
attr_has_edge_guard,,4,115814,No,No,True,0.9985896672420088,attr_has_edge_guard,logistic_regression,dinov3_frozen_embeddings_logistic_regression
attr_has_edge_guard,,4,122981,No,No,True,0.9998263537674386,attr_has_edge_guard,logistic_regression,dinov3_frozen_embeddings_logistic_regression
attr_has_edge_guard,,4,128273,Yes,No,False,0.9507905184620317,attr_has_edge_guard,logistic_regression,dinov3_frozen_embeddings_logistic_regression
attr_has_edge_guard,,4,48800,No,No,True,0.9999840669956714,attr_has_edge_guard,logistic_regression,dinov3_frozen_embeddings_logistic_regression
attr_has_edge_guard,,4,51530,No,Yes,False,0.9070024113536488,attr_has_edge_guard,logistic_regression,dinov3_frozen_embeddings_logistic_regression
attr_has_edge_guard,,4,51864,Yes,No,False,0.7614580143663642,attr_has_edge_guard,logistic_regression,dinov3_frozen_embeddings_logistic_regression
attr_has_edge_guard,,4,52250,Yes,No,False,0.9670444678162964,attr_has_edge_guard,logistic_regression,dinov3_frozen_embeddings_logistic_regression
attr_has_edge_guard,,4,54072,No,No,True,0.8729117153011379,attr_has_edge_guard,logistic_regression,dinov3_frozen_embeddings_logistic_regression
attr_has_edge_guard,,4,55658,No,Yes,False,0.9995692119862838,attr_has_edge_guard,logistic_regression,dinov3_frozen_embeddings_logistic_regression
attr_has_edge_guard,,4,57509,Yes,No,False,0.8196739479131112,attr_has_edge_guard,logistic_regression,dinov3_frozen_embeddings_logistic_regression
attr_has_edge_guard,,4,60883,Yes,Yes,True,0.9973411877674585,attr_has_edge_guard,logistic_regression,dinov3_frozen_embeddings_logistic_regression
attr_has_edge_guard,,4,64463,No,No,True,0.9999946705903991,attr_has_edge_guard,logistic_regression,dinov3_frozen_embeddings_logistic_regression
attr_has_edge_guard,,4,66955,Yes,Yes,True,0.9998517640199508,attr_has_edge_guard,logistic_regression,dinov3_frozen_embeddings_logistic_regression
attr_has_edge_guard,,4,66959,Yes,Yes,True,0.8798455336572417,attr_has_edge_guard,logistic_regression,dinov3_frozen_embeddings_logistic_regression
attr_has_edge_guard,,4,68018,No,Yes,False,0.9830996667269789,attr_has_edge_guard,logistic_regression,dinov3_frozen_embeddings_logistic_regression
attr_has_edge_guard,,4,80994,Yes,Yes,True,0.8463370666209208,attr_has_edge_guard,logistic_regression,dinov3_frozen_embeddings_logistic_regression
attr_has_edge_guard,,4,82850,Yes,Yes,True,0.9292147722413134,attr_has_edge_guard,logistic_regression,dinov3_frozen_embeddings_logistic_regression
attr_has_edge_guard,,4,110166,No,No,True,0.9995236076426992,attr_has_edge_guard,logistic_regression,dinov3_frozen_embeddings_logistic_regression
attr_has_edge_guard,,4,112357,No,No,True,0.9847365677422844,attr_has_edge_guard,logistic_regression,dinov3_frozen_embeddings_logistic_regression
attr_has_edge_guard,,5,48121,No,No,True,0.8475724197451835,attr_has_edge_guard,logistic_regression,dinov3_frozen_embeddings_logistic_regression
attr_has_edge_guard,,5,48935,No,No,True,0.9999879064387416,attr_has_edge_guard,logistic_regression,dinov3_frozen_embeddings_logistic_regression
attr_has_edge_guard,,5,51603,No,No,True,0.9999996474525383,attr_has_edge_guard,logistic_regression,dinov3_frozen_embeddings_logistic_regression
attr_has_edge_guard,,5,51602,No,No,True,0.9997805680014821,attr_has_edge_guard,logistic_regression,dinov3_frozen_embeddings_logistic_regression
attr_has_edge_guard,,5,52244,No,No,True,0.9436456422129459,attr_has_edge_guard,logistic_regression,dinov3_frozen_embeddings_logistic_regression
attr_has_edge_guard,,5,53554,No,No,True,0.9999997611914716,attr_has_edge_guard,logistic_regression,dinov3_frozen_embeddings_logistic_regression
attr_has_edge_guard,,5,55466,Yes,Yes,True,0.9423593105748475,attr_has_edge_guard,logistic_regression,dinov3_frozen_embeddings_logistic_regression
attr_has_edge_guard,,5,55648,No,No,True,0.9999999998826209,attr_has_edge_guard,logistic_regression,dinov3_frozen_embeddings_logistic_regression
attr_has_edge_guard,,5,56877,No,No,True,0.9999807980895206,attr_has_edge_guard,logistic_regression,dinov3_frozen_embeddings_logistic_regression
attr_has_edge_guard,,5,61735,No,No,True,0.9999999825964251,attr_has_edge_guard,logistic_regression,dinov3_frozen_embeddings_logistic_regression
attr_has_edge_guard,,5,62067,No,No,True,0.9770080866591392,attr_has_edge_guard,logistic_regression,dinov3_frozen_embeddings_logistic_regression
attr_has_edge_guard,,5,61732,No,No,True,0.999999781547076,attr_has_edge_guard,logistic_regression,dinov3_frozen_embeddings_logistic_regression
attr_has_edge_guard,,5,64207,No,No,True,0.9999999204821679,attr_has_edge_guard,logistic_regression,dinov3_frozen_embeddings_logistic_regression
attr_has_edge_guard,,5,64274,No,No,True,0.9999389597327678,attr_has_edge_guard,logistic_regression,dinov3_frozen_embeddings_logistic_regression
attr_has_edge_guard,,5,81889,Yes,No,False,0.9994276678480587,attr_has_edge_guard,logistic_regression,dinov3_frozen_embeddings_logistic_regression
attr_has_edge_guard,,5,83895,No,No,True,0.9970809045743518,attr_has_edge_guard,logistic_regression,dinov3_frozen_embeddings_logistic_regression
attr_has_edge_guard,,5,83898,No,No,True,0.9999786032141049,attr_has_edge_guard,logistic_regression,dinov3_frozen_embeddings_logistic_regression
attr_has_edge_guard,,5,83934,No,No,True,0.9999757087883203,attr_has_edge_guard,logistic_regression,dinov3_frozen_embeddings_logistic_regression
attr_has_edge_guard,,5,83944,No,No,True,0.9999990193559375,attr_has_edge_guard,logistic_regression,dinov3_frozen_embeddings_logistic_regression
attr_has_edge_guard,,5,83952,No,No,True,0.748194260060783,attr_has_edge_guard,logistic_regression,dinov3_frozen_embeddings_logistic_regression
attr_has_edge_guard,,5,83948,No,No,True,0.9999729006319572,attr_has_edge_guard,logistic_regression,dinov3_frozen_embeddings_logistic_regression
attr_has_edge_guard,,5,84096,No,No,True,0.9999999585637702,attr_has_edge_guard,logistic_regression,dinov3_frozen_embeddings_logistic_regression
attr_has_edge_guard,,5,84102,No,No,True,0.9999128849307182,attr_has_edge_guard,logistic_regression,dinov3_frozen_embeddings_logistic_regression
attr_has_edge_guard,,5,84849,No,No,True,0.6236488165271967,attr_has_edge_guard,logistic_regression,dinov3_frozen_embeddings_logistic_regression
attr_has_edge_guard,,5,86006,No,No,True,0.9999998954577181,attr_has_edge_guard,logistic_regression,dinov3_frozen_embeddings_logistic_regression
attr_has_edge_guard,,5,86039,No,No,True,0.9999965758607544,attr_has_edge_guard,logistic_regression,dinov3_frozen_embeddings_logistic_regression
attr_has_edge_guard,,5,86054,No,No,True,0.9999457573159427,attr_has_edge_guard,logistic_regression,dinov3_frozen_embeddings_logistic_regression
attr_has_edge_guard,,5,86069,No,No,True,0.9987613323732167,attr_has_edge_guard,logistic_regression,dinov3_frozen_embeddings_logistic_regression
attr_has_edge_guard,,5,86074,No,No,True,0.999998011908979,attr_has_edge_guard,logistic_regression,dinov3_frozen_embeddings_logistic_regression
attr_has_edge_guard,,5,86075,No,No,True,0.99778948280587,attr_has_edge_guard,logistic_regression,dinov3_frozen_embeddings_logistic_regression
attr_has_edge_guard,,5,86080,No,No,True,0.9999998605241278,attr_has_edge_guard,logistic_regression,dinov3_frozen_embeddings_logistic_regression
attr_has_edge_guard,,5,86112,No,No,True,0.9999967687879574,attr_has_edge_guard,logistic_regression,dinov3_frozen_embeddings_logistic_regression
attr_has_edge_guard,,5,86121,No,Yes,False,0.8209383559893715,attr_has_edge_guard,logistic_regression,dinov3_frozen_embeddings_logistic_regression
attr_has_edge_guard,,5,86126,No,No,True,0.9989356091738979,attr_has_edge_guard,logistic_regression,dinov3_frozen_embeddings_logistic_regression
attr_has_edge_guard,,5,86135,No,No,True,0.9999995003508052,attr_has_edge_guard,logistic_regression,dinov3_frozen_embeddings_logistic_regression
attr_has_edge_guard,,5,86136,No,No,True,0.9996814181733829,attr_has_edge_guard,logistic_regression,dinov3_frozen_embeddings_logistic_regression
attr_has_edge_guard,,5,86138,No,No,True,0.9994723187388225,attr_has_edge_guard,logistic_regression,dinov3_frozen_embeddings_logistic_regression
attr_has_edge_guard,,5,86140,No,No,True,0.9999958040112267,attr_has_edge_guard,logistic_regression,dinov3_frozen_embeddings_logistic_regression
attr_has_edge_guard,,5,86160,No,No,True,0.9997132248503218,attr_has_edge_guard,logistic_regression,dinov3_frozen_embeddings_logistic_regression
attr_has_edge_guard,,5,86167,No,No,True,0.9999995368142924,attr_has_edge_guard,logistic_regression,dinov3_frozen_embeddings_logistic_regression
attr_has_edge_guard,,5,86166,No,No,True,0.9999924343984968,attr_has_edge_guard,logistic_regression,dinov3_frozen_embeddings_logistic_regression
attr_has_edge_guard,,5,86175,No,No,True,0.9999996853713785,attr_has_edge_guard,logistic_regression,dinov3_frozen_embeddings_logistic_regression
attr_has_edge_guard,,5,86183,No,No,True,0.9999999483986399,attr_has_edge_guard,logistic_regression,dinov3_frozen_embeddings_logistic_regression
attr_has_edge_guard,,5,86185,No,No,True,0.9999999622391975,attr_has_edge_guard,logistic_regression,dinov3_frozen_embeddings_logistic_regression
attr_has_edge_guard,,5,86214,No,No,True,0.999986870531615,attr_has_edge_guard,logistic_regression,dinov3_frozen_embeddings_logistic_regression
attr_has_edge_guard,,5,86215,No,No,True,0.99872202713897,attr_has_edge_guard,logistic_regression,dinov3_frozen_embeddings_logistic_regression
attr_has_edge_guard,,5,86229,No,No,True,0.9998588101602359,attr_has_edge_guard,logistic_regression,dinov3_frozen_embeddings_logistic_regression
attr_has_edge_guard,,5,86235,No,No,True,0.9999998863475057,attr_has_edge_guard,logistic_regression,dinov3_frozen_embeddings_logistic_regression
attr_has_edge_guard,,5,86253,No,No,True,0.9999580550936636,attr_has_edge_guard,logistic_regression,dinov3_frozen_embeddings_logistic_regression
attr_has_edge_guard,,5,86249,No,No,True,0.9999990789734361,attr_has_edge_guard,logistic_regression,dinov3_frozen_embeddings_logistic_regression
attr_has_edge_guard,,5,86258,No,No,True,0.9999766758530901,attr_has_edge_guard,logistic_regression,dinov3_frozen_embeddings_logistic_regression
attr_has_edge_guard,,5,86358,No,Yes,False,0.5874255579681162,attr_has_edge_guard,logistic_regression,dinov3_frozen_embeddings_logistic_regression
attr_has_edge_guard,,5,86881,No,No,True,0.9999999917479432,attr_has_edge_guard,logistic_regression,dinov3_frozen_embeddings_logistic_regression
attr_has_edge_guard,,5,86895,No,No,True,0.9999995822033848,attr_has_edge_guard,logistic_regression,dinov3_frozen_embeddings_logistic_regression
attr_has_edge_guard,,5,86919,No,No,True,0.9997724893478441,attr_has_edge_guard,logistic_regression,dinov3_frozen_embeddings_logistic_regression
attr_has_edge_guard,,5,86921,No,No,True,0.9999998676261249,attr_has_edge_guard,logistic_regression,dinov3_frozen_embeddings_logistic_regression
attr_has_edge_guard,,5,86923,No,No,True,0.9999975058356333,attr_has_edge_guard,logistic_regression,dinov3_frozen_embeddings_logistic_regression
attr_has_edge_guard,,5,86918,No,No,True,0.9999997631279316,attr_has_edge_guard,logistic_regression,dinov3_frozen_embeddings_logistic_regression
attr_has_edge_guard,,5,87500,No,No,True,0.9991539271699906,attr_has_edge_guard,logistic_regression,dinov3_frozen_embeddings_logistic_regression
attr_has_edge_guard,,5,87523,No,No,True,0.9999999939480378,attr_has_edge_guard,logistic_regression,dinov3_frozen_embeddings_logistic_regression
attr_has_edge_guard,,5,87572,No,No,True,0.9996802769284447,attr_has_edge_guard,logistic_regression,dinov3_frozen_embeddings_logistic_regression
attr_has_edge_guard,,5,88099,No,No,True,0.9999382055673806,attr_has_edge_guard,logistic_regression,dinov3_frozen_embeddings_logistic_regression
attr_has_edge_guard,,5,88273,No,No,True,0.9999956057791612,attr_has_edge_guard,logistic_regression,dinov3_frozen_embeddings_logistic_regression
attr_has_edge_guard,,5,88278,No,No,True,0.9999994646832506,attr_has_edge_guard,logistic_regression,dinov3_frozen_embeddings_logistic_regression
attr_has_edge_guard,,5,88674,No,No,True,0.99960915335215,attr_has_edge_guard,logistic_regression,dinov3_frozen_embeddings_logistic_regression
attr_has_edge_guard,,5,89451,No,No,True,0.9944743047394285,attr_has_edge_guard,logistic_regression,dinov3_frozen_embeddings_logistic_regression
attr_has_edge_guard,,5,89577,No,No,True,0.9762958393764699,attr_has_edge_guard,logistic_regression,dinov3_frozen_embeddings_logistic_regression
attr_has_edge_guard,,5,89584,No,No,True,0.8594676807633481,attr_has_edge_guard,logistic_regression,dinov3_frozen_embeddings_logistic_regression
attr_has_edge_guard,,5,89600,No,No,True,0.9999741875104695,attr_has_edge_guard,logistic_regression,dinov3_frozen_embeddings_logistic_regression
attr_has_edge_guard,,5,89601,No,No,True,0.9931446133500648,attr_has_edge_guard,logistic_regression,dinov3_frozen_embeddings_logistic_regression
attr_has_edge_guard,,5,89705,No,No,True,0.9999996222121846,attr_has_edge_guard,logistic_regression,dinov3_frozen_embeddings_logistic_regression
attr_has_edge_guard,,5,89712,No,No,True,0.9998407401757625,attr_has_edge_guard,logistic_regression,dinov3_frozen_embeddings_logistic_regression
attr_has_edge_guard,,5,89714,No,No,True,0.9999999974655568,attr_has_edge_guard,logistic_regression,dinov3_frozen_embeddings_logistic_regression
attr_has_edge_guard,,5,89721,No,No,True,0.999999986958114,attr_has_edge_guard,logistic_regression,dinov3_frozen_embeddings_logistic_regression
attr_has_edge_guard,,5,89724,No,No,True,0.9999997913317491,attr_has_edge_guard,logistic_regression,dinov3_frozen_embeddings_logistic_regression
attr_has_edge_guard,,5,89728,No,No,True,0.9999991066080975,attr_has_edge_guard,logistic_regression,dinov3_frozen_embeddings_logistic_regression
attr_has_edge_guard,,5,90321,No,No,True,0.9999874428727973,attr_has_edge_guard,logistic_regression,dinov3_frozen_embeddings_logistic_regression
attr_has_edge_guard,,5,90329,No,No,True,0.9999998631603124,attr_has_edge_guard,logistic_regression,dinov3_frozen_embeddings_logistic_regression
attr_has_edge_guard,,5,90338,No,No,True,0.9999999780785411,attr_has_edge_guard,logistic_regression,dinov3_frozen_embeddings_logistic_regression
attr_has_edge_guard,,5,90360,No,No,True,0.99998553904292,attr_has_edge_guard,logistic_regression,dinov3_frozen_embeddings_logistic_regression
attr_has_edge_guard,,5,90374,No,No,True,0.9999187987119125,attr_has_edge_guard,logistic_regression,dinov3_frozen_embeddings_logistic_regression
attr_has_edge_guard,,5,90375,No,No,True,0.9984007154693476,attr_has_edge_guard,logistic_regression,dinov3_frozen_embeddings_logistic_regression
attr_has_edge_guard,,5,90398,No,No,True,0.9997770220496085,attr_has_edge_guard,logistic_regression,dinov3_frozen_embeddings_logistic_regression
attr_has_edge_guard,,5,90500,No,No,True,0.9997663048402496,attr_has_edge_guard,logistic_regression,dinov3_frozen_embeddings_logistic_regression
attr_has_edge_guard,,5,90508,No,No,True,0.9999980214816548,attr_has_edge_guard,logistic_regression,dinov3_frozen_embeddings_logistic_regression
attr_has_edge_guard,,5,90679,No,No,True,0.9999999677974781,attr_has_edge_guard,logistic_regression,dinov3_frozen_embeddings_logistic_regression
attr_has_edge_guard,,5,90686,No,No,True,0.9999999992366012,attr_has_edge_guard,logistic_regression,dinov3_frozen_embeddings_logistic_regression
attr_has_edge_guard,,5,91943,No,No,True,0.9999996137128085,attr_has_edge_guard,logistic_regression,dinov3_frozen_embeddings_logistic_regression
attr_has_edge_guard,,5,91946,No,No,True,0.9999998181573967,attr_has_edge_guard,logistic_regression,dinov3_frozen_embeddings_logistic_regression
attr_has_edge_guard,,5,92016,No,No,True,0.9999999999016479,attr_has_edge_guard,logistic_regression,dinov3_frozen_embeddings_logistic_regression
attr_has_edge_guard,,5,92021,No,No,True,0.9999962764573227,attr_has_edge_guard,logistic_regression,dinov3_frozen_embeddings_logistic_regression
attr_has_edge_guard,,5,92030,No,No,True,0.9999824856785869,attr_has_edge_guard,logistic_regression,dinov3_frozen_embeddings_logistic_regression
attr_has_edge_guard,,5,92036,No,No,True,0.9999991951559534,attr_has_edge_guard,logistic_regression,dinov3_frozen_embeddings_logistic_regression
attr_has_edge_guard,,5,92038,No,No,True,0.9999959099222753,attr_has_edge_guard,logistic_regression,dinov3_frozen_embeddings_logistic_regression
attr_has_edge_guard,,5,92042,No,No,True,0.9998749536046282,attr_has_edge_guard,logistic_regression,dinov3_frozen_embeddings_logistic_regression
attr_has_edge_guard,,5,92051,No,No,True,0.9999837857910597,attr_has_edge_guard,logistic_regression,dinov3_frozen_embeddings_logistic_regression
attr_has_edge_guard,,5,92058,No,No,True,0.9999937423126499,attr_has_edge_guard,logistic_regression,dinov3_frozen_embeddings_logistic_regression
attr_has_edge_guard,,5,92064,No,No,True,0.9999999899125253,attr_has_edge_guard,logistic_regression,dinov3_frozen_embeddings_logistic_regression
attr_has_edge_guard,,5,92082,No,No,True,0.9999993530213049,attr_has_edge_guard,logistic_regression,dinov3_frozen_embeddings_logistic_regression
attr_has_edge_guard,,5,92083,No,No,True,0.9966170133502184,attr_has_edge_guard,logistic_regression,dinov3_frozen_embeddings_logistic_regression
attr_has_edge_guard,,5,92088,No,No,True,0.9999969858407791,attr_has_edge_guard,logistic_regression,dinov3_frozen_embeddings_logistic_regression
attr_has_edge_guard,,5,93042,No,No,True,0.9999972661178474,attr_has_edge_guard,logistic_regression,dinov3_frozen_embeddings_logistic_regression
attr_has_edge_guard,,5,94267,No,No,True,0.9997475338158416,attr_has_edge_guard,logistic_regression,dinov3_frozen_embeddings_logistic_regression
attr_has_edge_guard,,5,94285,No,No,True,0.9995126112286001,attr_has_edge_guard,logistic_regression,dinov3_frozen_embeddings_logistic_regression
attr_has_edge_guard,,5,94304,No,No,True,0.9999936001821091,attr_has_edge_guard,logistic_regression,dinov3_frozen_embeddings_logistic_regression
attr_has_edge_guard,,5,94310,No,No,True,0.9999996720448451,attr_has_edge_guard,logistic_regression,dinov3_frozen_embeddings_logistic_regression
attr_has_edge_guard,,5,94317,No,No,True,0.999997027816329,attr_has_edge_guard,logistic_regression,dinov3_frozen_embeddings_logistic_regression
attr_has_edge_guard,,5,94326,No,No,True,0.9999998258928416,attr_has_edge_guard,logistic_regression,dinov3_frozen_embeddings_logistic_regression
attr_has_edge_guard,,5,94348,No,No,True,0.9961009896605733,attr_has_edge_guard,logistic_regression,dinov3_frozen_embeddings_logistic_regression
attr_has_edge_guard,,5,94355,No,No,True,0.9999996785856944,attr_has_edge_guard,logistic_regression,dinov3_frozen_embeddings_logistic_regression
attr_has_edge_guard,,5,94362,No,No,True,0.9999999719500348,attr_has_edge_guard,logistic_regression,dinov3_frozen_embeddings_logistic_regression
attr_has_edge_guard,,5,94366,No,No,True,0.9999626203975212,attr_has_edge_guard,logistic_regression,dinov3_frozen_embeddings_logistic_regression
attr_has_edge_guard,,5,94378,No,No,True,0.9999529672102694,attr_has_edge_guard,logistic_regression,dinov3_frozen_embeddings_logistic_regression
attr_has_edge_guard,,5,94383,No,No,True,0.9999405302582453,attr_has_edge_guard,logistic_regression,dinov3_frozen_embeddings_logistic_regression
attr_has_edge_guard,,5,94390,No,No,True,0.9999999948911845,attr_has_edge_guard,logistic_regression,dinov3_frozen_embeddings_logistic_regression
attr_has_edge_guard,,5,94392,No,No,True,0.9999934615456764,attr_has_edge_guard,logistic_regression,dinov3_frozen_embeddings_logistic_regression
attr_has_edge_guard,,5,94409,No,No,True,0.9999998753689684,attr_has_edge_guard,logistic_regression,dinov3_frozen_embeddings_logistic_regression
attr_has_edge_guard,,5,94424,No,No,True,0.999999989867304,attr_has_edge_guard,logistic_regression,dinov3_frozen_embeddings_logistic_regression
attr_has_edge_guard,,5,94425,No,No,True,0.9999946062152153,attr_has_edge_guard,logistic_regression,dinov3_frozen_embeddings_logistic_regression
attr_has_edge_guard,,5,95730,No,No,True,0.999924352162678,attr_has_edge_guard,logistic_regression,dinov3_frozen_embeddings_logistic_regression
attr_has_edge_guard,,5,96358,No,No,True,0.9999993400726186,attr_has_edge_guard,logistic_regression,dinov3_frozen_embeddings_logistic_regression
attr_has_edge_guard,,5,96809,No,No,True,0.9994498788207321,attr_has_edge_guard,logistic_regression,dinov3_frozen_embeddings_logistic_regression
attr_has_edge_guard,,5,99892,No,No,True,0.9999999795708218,attr_has_edge_guard,logistic_regression,dinov3_frozen_embeddings_logistic_regression
attr_has_edge_guard,,5,100346,No,No,True,0.9999989690473035,attr_has_edge_guard,logistic_regression,dinov3_frozen_embeddings_logistic_regression
attr_has_edge_guard,,5,101005,No,No,True,0.9955710161980441,attr_has_edge_guard,logistic_regression,dinov3_frozen_embeddings_logistic_regression
attr_has_edge_guard,,5,102364,No,No,True,0.9999436786085688,attr_has_edge_guard,logistic_regression,dinov3_frozen_embeddings_logistic_regression
attr_has_edge_guard,,5,102428,No,Yes,False,0.698479586380836,attr_has_edge_guard,logistic_regression,dinov3_frozen_embeddings_logistic_regression
attr_has_edge_guard,,5,102472,No,No,True,0.9999963324311986,attr_has_edge_guard,logistic_regression,dinov3_frozen_embeddings_logistic_regression
attr_has_edge_guard,,5,102538,No,No,True,0.9999944754608914,attr_has_edge_guard,logistic_regression,dinov3_frozen_embeddings_logistic_regression
attr_has_edge_guard,,5,102545,No,No,True,0.9999083836304276,attr_has_edge_guard,logistic_regression,dinov3_frozen_embeddings_logistic_regression
attr_has_edge_guard,,5,102978,No,No,True,0.9999888710546915,attr_has_edge_guard,logistic_regression,dinov3_frozen_embeddings_logistic_regression
attr_has_edge_guard,,5,103624,No,No,True,0.9997850495123932,attr_has_edge_guard,logistic_regression,dinov3_frozen_embeddings_logistic_regression
attr_has_edge_guard,,5,103737,No,No,True,0.999822345468896,attr_has_edge_guard,logistic_regression,dinov3_frozen_embeddings_logistic_regression
attr_has_edge_guard,,5,103742,No,No,True,0.9999601869753848,attr_has_edge_guard,logistic_regression,dinov3_frozen_embeddings_logistic_regression
attr_has_edge_guard,,5,106937,No,No,True,0.9999861795116052,attr_has_edge_guard,logistic_regression,dinov3_frozen_embeddings_logistic_regression
attr_has_edge_guard,,5,107079,No,No,True,0.9999998198401909,attr_has_edge_guard,logistic_regression,dinov3_frozen_embeddings_logistic_regression
attr_has_edge_guard,,5,107317,No,No,True,0.9999999831370331,attr_has_edge_guard,logistic_regression,dinov3_frozen_embeddings_logistic_regression
attr_has_edge_guard,,5,107359,No,No,True,0.9999999503707186,attr_has_edge_guard,logistic_regression,dinov3_frozen_embeddings_logistic_regression
attr_has_edge_guard,,5,107363,No,No,True,0.7480859883161914,attr_has_edge_guard,logistic_regression,dinov3_frozen_embeddings_logistic_regression
attr_has_edge_guard,,5,107384,No,No,True,0.9999675620295102,attr_has_edge_guard,logistic_regression,dinov3_frozen_embeddings_logistic_regression
attr_has_edge_guard,,5,107589,No,No,True,0.9999587553086172,attr_has_edge_guard,logistic_regression,dinov3_frozen_embeddings_logistic_regression
attr_has_edge_guard,,5,107602,No,No,True,0.99998301574144,attr_has_edge_guard,logistic_regression,dinov3_frozen_embeddings_logistic_regression
attr_has_edge_guard,,5,107867,No,No,True,0.996336742901223,attr_has_edge_guard,logistic_regression,dinov3_frozen_embeddings_logistic_regression
attr_has_edge_guard,,5,107900,No,No,True,0.9998104081594253,attr_has_edge_guard,logistic_regression,dinov3_frozen_embeddings_logistic_regression
attr_has_edge_guard,,5,108002,No,No,True,0.9999999432364208,attr_has_edge_guard,logistic_regression,dinov3_frozen_embeddings_logistic_regression
attr_has_edge_guard,,5,108009,No,No,True,0.9999936414116523,attr_has_edge_guard,logistic_regression,dinov3_frozen_embeddings_logistic_regression
attr_has_edge_guard,,5,108021,No,No,True,0.9111699023864019,attr_has_edge_guard,logistic_regression,dinov3_frozen_embeddings_logistic_regression
attr_has_edge_guard,,5,108299,No,No,True,0.9999759353271088,attr_has_edge_guard,logistic_regression,dinov3_frozen_embeddings_logistic_regression
attr_has_edge_guard,,5,108365,No,No,True,0.9999998041127834,attr_has_edge_guard,logistic_regression,dinov3_frozen_embeddings_logistic_regression
attr_has_edge_guard,,5,108373,No,No,True,0.9999991770517863,attr_has_edge_guard,logistic_regression,dinov3_frozen_embeddings_logistic_regression
attr_has_edge_guard,,5,108395,No,No,True,0.9999990642240499,attr_has_edge_guard,logistic_regression,dinov3_frozen_embeddings_logistic_regression
attr_has_edge_guard,,5,108413,No,No,True,0.9999985117147918,attr_has_edge_guard,logistic_regression,dinov3_frozen_embeddings_logistic_regression
attr_has_edge_guard,,5,108655,No,No,True,0.9996251074781803,attr_has_edge_guard,logistic_regression,dinov3_frozen_embeddings_logistic_regression
attr_has_edge_guard,,5,108705,No,No,True,0.998789895574179,attr_has_edge_guard,logistic_regression,dinov3_frozen_embeddings_logistic_regression
attr_has_edge_guard,,5,108711,No,No,True,0.9999689576114201,attr_has_edge_guard,logistic_regression,dinov3_frozen_embeddings_logistic_regression
attr_has_edge_guard,,5,108715,No,No,True,0.9999777452056794,attr_has_edge_guard,logistic_regression,dinov3_frozen_embeddings_logistic_regression
attr_has_edge_guard,,5,108716,No,No,True,0.7520676472699219,attr_has_edge_guard,logistic_regression,dinov3_frozen_embeddings_logistic_regression
attr_has_edge_guard,,5,108790,No,No,True,0.9999984764839329,attr_has_edge_guard,logistic_regression,dinov3_frozen_embeddings_logistic_regression
attr_has_edge_guard,,5,108794,No,No,True,0.999999721519369,attr_has_edge_guard,logistic_regression,dinov3_frozen_embeddings_logistic_regression
attr_has_edge_guard,,5,109186,No,No,True,0.9978410786876608,attr_has_edge_guard,logistic_regression,dinov3_frozen_embeddings_logistic_regression
attr_has_edge_guard,,5,109614,Yes,No,False,0.9997893052684763,attr_has_edge_guard,logistic_regression,dinov3_frozen_embeddings_logistic_regression
attr_has_edge_guard,,5,109698,No,No,True,0.9979627885401299,attr_has_edge_guard,logistic_regression,dinov3_frozen_embeddings_logistic_regression
attr_has_edge_guard,,5,109700,No,No,True,0.9999578374399822,attr_has_edge_guard,logistic_regression,dinov3_frozen_embeddings_logistic_regression
attr_has_edge_guard,,5,109707,No,No,True,0.9999969758708493,attr_has_edge_guard,logistic_regression,dinov3_frozen_embeddings_logistic_regression
attr_has_edge_guard,,5,109712,No,No,True,0.9970078216724156,attr_has_edge_guard,logistic_regression,dinov3_frozen_embeddings_logistic_regression
attr_has_edge_guard,,5,109815,No,No,True,0.9999366574990793,attr_has_edge_guard,logistic_regression,dinov3_frozen_embeddings_logistic_regression
attr_has_edge_guard,,5,110281,No,No,True,0.9999947982728211,attr_has_edge_guard,logistic_regression,dinov3_frozen_embeddings_logistic_regression
attr_has_edge_guard,,5,110291,No,No,True,0.9999950511083122,attr_has_edge_guard,logistic_regression,dinov3_frozen_embeddings_logistic_regression
attr_has_edge_guard,,5,110300,No,No,True,0.9960106190931752,attr_has_edge_guard,logistic_regression,dinov3_frozen_embeddings_logistic_regression
attr_has_edge_guard,,5,110301,No,No,True,0.9999882788881272,attr_has_edge_guard,logistic_regression,dinov3_frozen_embeddings_logistic_regression
attr_has_edge_guard,,5,110463,No,Yes,False,0.7615225991017465,attr_has_edge_guard,logistic_regression,dinov3_frozen_embeddings_logistic_regression
attr_has_edge_guard,,5,110563,No,No,True,0.9996230267357408,attr_has_edge_guard,logistic_regression,dinov3_frozen_embeddings_logistic_regression
attr_has_edge_guard,,5,110580,No,No,True,0.6479407305145389,attr_has_edge_guard,logistic_regression,dinov3_frozen_embeddings_logistic_regression
attr_has_edge_guard,,5,110602,No,No,True,0.9999999939934345,attr_has_edge_guard,logistic_regression,dinov3_frozen_embeddings_logistic_regression
attr_has_edge_guard,,5,110731,No,Yes,False,0.999768897787933,attr_has_edge_guard,logistic_regression,dinov3_frozen_embeddings_logistic_regression
attr_has_edge_guard,,5,110968,No,No,True,0.9999785446716875,attr_has_edge_guard,logistic_regression,dinov3_frozen_embeddings_logistic_regression
attr_has_edge_guard,,5,111003,No,No,True,0.9999999990716056,attr_has_edge_guard,logistic_regression,dinov3_frozen_embeddings_logistic_regression
attr_has_edge_guard,,5,111644,No,No,True,0.9999999636017647,attr_has_edge_guard,logistic_regression,dinov3_frozen_embeddings_logistic_regression
attr_has_edge_guard,,5,111666,No,No,True,0.9999992011914034,attr_has_edge_guard,logistic_regression,dinov3_frozen_embeddings_logistic_regression
attr_has_edge_guard,,5,111733,No,No,True,0.9999991906839787,attr_has_edge_guard,logistic_regression,dinov3_frozen_embeddings_logistic_regression
attr_has_edge_guard,,5,111777,No,No,True,0.9904454056578904,attr_has_edge_guard,logistic_regression,dinov3_frozen_embeddings_logistic_regression
attr_has_edge_guard,,5,111789,No,No,True,0.9999493853966511,attr_has_edge_guard,logistic_regression,dinov3_frozen_embeddings_logistic_regression
attr_has_edge_guard,,5,111795,No,No,True,0.6369949145638802,attr_has_edge_guard,logistic_regression,dinov3_frozen_embeddings_logistic_regression
attr_has_edge_guard,,5,111803,No,Yes,False,0.617346992932168,attr_has_edge_guard,logistic_regression,dinov3_frozen_embeddings_logistic_regression
attr_has_edge_guard,,5,111810,No,No,True,0.9999997673601398,attr_has_edge_guard,logistic_regression,dinov3_frozen_embeddings_logistic_regression
attr_has_edge_guard,,5,111831,No,No,True,0.9999917667580314,attr_has_edge_guard,logistic_regression,dinov3_frozen_embeddings_logistic_regression
attr_has_edge_guard,,5,111832,No,No,True,0.9999895500421079,attr_has_edge_guard,logistic_regression,dinov3_frozen_embeddings_logistic_regression
attr_has_edge_guard,,5,112578,No,No,True,0.9966195475780844,attr_has_edge_guard,logistic_regression,dinov3_frozen_embeddings_logistic_regression
attr_has_edge_guard,,5,112579,No,No,True,0.9912670030148968,attr_has_edge_guard,logistic_regression,dinov3_frozen_embeddings_logistic_regression
attr_has_edge_guard,,5,112587,No,No,True,0.9999995561354975,attr_has_edge_guard,logistic_regression,dinov3_frozen_embeddings_logistic_regression
attr_has_edge_guard,,5,112612,No,No,True,0.9982053771493348,attr_has_edge_guard,logistic_regression,dinov3_frozen_embeddings_logistic_regression
attr_has_edge_guard,,5,113130,No,No,True,0.9999407776527197,attr_has_edge_guard,logistic_regression,dinov3_frozen_embeddings_logistic_regression
attr_has_edge_guard,,5,113171,No,No,True,0.9999999458400708,attr_has_edge_guard,logistic_regression,dinov3_frozen_embeddings_logistic_regression
attr_has_edge_guard,,5,114937,No,No,True,0.9998885522047871,attr_has_edge_guard,logistic_regression,dinov3_frozen_embeddings_logistic_regression
attr_has_edge_guard,,5,115447,No,No,True,0.9999998295306314,attr_has_edge_guard,logistic_regression,dinov3_frozen_embeddings_logistic_regression
attr_has_edge_guard,,5,116848,No,No,True,0.9999998957450057,attr_has_edge_guard,logistic_regression,dinov3_frozen_embeddings_logistic_regression
attr_has_edge_guard,,5,117030,No,Yes,False,0.9503748912884544,attr_has_edge_guard,logistic_regression,dinov3_frozen_embeddings_logistic_regression
attr_has_edge_guard,,5,117141,No,No,True,0.9968697391968221,attr_has_edge_guard,logistic_regression,dinov3_frozen_embeddings_logistic_regression
attr_has_edge_guard,,5,117201,No,No,True,0.9999689081379874,attr_has_edge_guard,logistic_regression,dinov3_frozen_embeddings_logistic_regression
attr_has_edge_guard,,5,117212,No,No,True,0.9999979838318126,attr_has_edge_guard,logistic_regression,dinov3_frozen_embeddings_logistic_regression
attr_has_edge_guard,,5,117578,No,No,True,0.9999396206336311,attr_has_edge_guard,logistic_regression,dinov3_frozen_embeddings_logistic_regression
attr_has_edge_guard,,5,118516,No,No,True,0.999999991644456,attr_has_edge_guard,logistic_regression,dinov3_frozen_embeddings_logistic_regression
attr_has_edge_guard,,5,120660,No,No,True,0.999998770777945,attr_has_edge_guard,logistic_regression,dinov3_frozen_embeddings_logistic_regression
attr_has_edge_guard,,5,120688,No,No,True,0.5582385625760713,attr_has_edge_guard,logistic_regression,dinov3_frozen_embeddings_logistic_regression
attr_has_edge_guard,,5,120695,No,No,True,0.99998877662717,attr_has_edge_guard,logistic_regression,dinov3_frozen_embeddings_logistic_regression
attr_has_edge_guard,,5,120909,No,No,True,0.9999992871847535,attr_has_edge_guard,logistic_regression,dinov3_frozen_embeddings_logistic_regression
attr_has_edge_guard,,5,120920,No,No,True,0.9801273687370092,attr_has_edge_guard,logistic_regression,dinov3_frozen_embeddings_logistic_regression
attr_has_edge_guard,,5,121011,No,No,True,0.9999984820762401,attr_has_edge_guard,logistic_regression,dinov3_frozen_embeddings_logistic_regression
attr_has_edge_guard,,5,121598,No,No,True,0.9999508645573658,attr_has_edge_guard,logistic_regression,dinov3_frozen_embeddings_logistic_regression
attr_has_edge_guard,,5,121601,No,No,True,0.9999953294077623,attr_has_edge_guard,logistic_regression,dinov3_frozen_embeddings_logistic_regression
attr_has_edge_guard,,5,121611,No,No,True,0.9999999773217824,attr_has_edge_guard,logistic_regression,dinov3_frozen_embeddings_logistic_regression
attr_has_edge_guard,,5,121612,No,No,True,0.9999839510247398,attr_has_edge_guard,logistic_regression,dinov3_frozen_embeddings_logistic_regression
attr_has_edge_guard,,5,121670,No,No,True,0.9999937086494657,attr_has_edge_guard,logistic_regression,dinov3_frozen_embeddings_logistic_regression
attr_has_edge_guard,,5,121675,No,No,True,0.9999957236009583,attr_has_edge_guard,logistic_regression,dinov3_frozen_embeddings_logistic_regression
attr_has_edge_guard,,5,121731,No,No,True,0.999999731355897,attr_has_edge_guard,logistic_regression,dinov3_frozen_embeddings_logistic_regression
attr_has_edge_guard,,5,121741,No,No,True,0.9998468288396811,attr_has_edge_guard,logistic_regression,dinov3_frozen_embeddings_logistic_regression
attr_has_edge_guard,,5,121745,No,No,True,0.9993214058364213,attr_has_edge_guard,logistic_regression,dinov3_frozen_embeddings_logistic_regression
attr_has_edge_guard,,5,121779,No,No,True,0.9999984006607767,attr_has_edge_guard,logistic_regression,dinov3_frozen_embeddings_logistic_regression
attr_has_edge_guard,,5,122831,No,No,True,0.9999890157044473,attr_has_edge_guard,logistic_regression,dinov3_frozen_embeddings_logistic_regression
attr_has_edge_guard,,5,123103,No,No,True,0.9998538932354698,attr_has_edge_guard,logistic_regression,dinov3_frozen_embeddings_logistic_regression
attr_has_edge_guard,,5,123106,No,No,True,0.9788882205186645,attr_has_edge_guard,logistic_regression,dinov3_frozen_embeddings_logistic_regression
attr_has_edge_guard,,5,123143,No,No,True,0.998904088107405,attr_has_edge_guard,logistic_regression,dinov3_frozen_embeddings_logistic_regression
attr_has_edge_guard,,5,123258,No,No,True,0.9999994038984704,attr_has_edge_guard,logistic_regression,dinov3_frozen_embeddings_logistic_regression
attr_has_edge_guard,,5,123414,No,No,True,0.9999950180973576,attr_has_edge_guard,logistic_regression,dinov3_frozen_embeddings_logistic_regression
attr_has_edge_guard,,5,123418,No,No,True,0.9999999984847823,attr_has_edge_guard,logistic_regression,dinov3_frozen_embeddings_logistic_regression
attr_has_edge_guard,,5,123420,No,No,True,0.9999999076209397,attr_has_edge_guard,logistic_regression,dinov3_frozen_embeddings_logistic_regression
attr_has_edge_guard,,5,123785,No,No,True,0.999999304731013,attr_has_edge_guard,logistic_regression,dinov3_frozen_embeddings_logistic_regression
attr_has_edge_guard,,5,126410,No,No,True,0.999996917541786,attr_has_edge_guard,logistic_regression,dinov3_frozen_embeddings_logistic_regression
attr_has_edge_guard,,5,126691,No,No,True,0.9084844427012011,attr_has_edge_guard,logistic_regression,dinov3_frozen_embeddings_logistic_regression
attr_has_edge_guard,,5,126778,No,No,True,0.9074926232857915,attr_has_edge_guard,logistic_regression,dinov3_frozen_embeddings_logistic_regression
attr_has_edge_guard,,5,126807,No,No,True,0.99980033185718,attr_has_edge_guard,logistic_regression,dinov3_frozen_embeddings_logistic_regression
attr_has_edge_guard,,5,126834,No,No,True,0.9999530240425887,attr_has_edge_guard,logistic_regression,dinov3_frozen_embeddings_logistic_regression
attr_has_edge_guard,,5,127141,No,No,True,0.9999967195571853,attr_has_edge_guard,logistic_regression,dinov3_frozen_embeddings_logistic_regression
attr_has_edge_guard,,5,127155,No,No,True,0.9824459654935049,attr_has_edge_guard,logistic_regression,dinov3_frozen_embeddings_logistic_regression
attr_has_edge_guard,,5,127650,No,No,True,0.758121250705184,attr_has_edge_guard,logistic_regression,dinov3_frozen_embeddings_logistic_regression
attr_has_edge_guard,,5,128637,No,No,True,0.9999895029936776,attr_has_edge_guard,logistic_regression,dinov3_frozen_embeddings_logistic_regression
attr_has_edge_guard,,5,129402,Yes,Yes,True,0.9999953347411997,attr_has_edge_guard,logistic_regression,dinov3_frozen_embeddings_logistic_regression
attr_has_edge_guard,,5,100344,Yes,Yes,True,0.871846123886667,attr_has_edge_guard,logistic_regression,dinov3_frozen_embeddings_logistic_regression
attr_has_edge_guard,,5,114049,No,No,True,0.9980046983617262,attr_has_edge_guard,logistic_regression,dinov3_frozen_embeddings_logistic_regression
attr_has_edge_guard,,5,114182,No,No,True,0.9995834863522347,attr_has_edge_guard,logistic_regression,dinov3_frozen_embeddings_logistic_regression
attr_has_edge_guard,,5,114198,No,No,True,0.9939278360127238,attr_has_edge_guard,logistic_regression,dinov3_frozen_embeddings_logistic_regression
attr_has_edge_guard,,5,114255,No,No,True,0.9999977044104449,attr_has_edge_guard,logistic_regression,dinov3_frozen_embeddings_logistic_regression
attr_has_edge_guard,,5,118805,No,No,True,0.9999990306576342,attr_has_edge_guard,logistic_regression,dinov3_frozen_embeddings_logistic_regression
attr_has_edge_guard,,5,121501,Yes,No,False,0.5704259470825375,attr_has_edge_guard,logistic_regression,dinov3_frozen_embeddings_logistic_regression
attr_has_edge_guard,,5,46928,No,No,True,0.9996686839063129,attr_has_edge_guard,logistic_regression,dinov3_frozen_embeddings_logistic_regression
attr_has_edge_guard,,5,46931,No,No,True,0.9998982610172612,attr_has_edge_guard,logistic_regression,dinov3_frozen_embeddings_logistic_regression
attr_has_edge_guard,,5,47637,No,No,True,0.9993277130995551,attr_has_edge_guard,logistic_regression,dinov3_frozen_embeddings_logistic_regression
attr_has_edge_guard,,5,48296,Yes,Yes,True,0.9999989741440017,attr_has_edge_guard,logistic_regression,dinov3_frozen_embeddings_logistic_regression
attr_has_edge_guard,,5,48488,No,No,True,0.9918626874018543,attr_has_edge_guard,logistic_regression,dinov3_frozen_embeddings_logistic_regression
attr_has_edge_guard,,5,49244,No,No,True,0.995925373359354,attr_has_edge_guard,logistic_regression,dinov3_frozen_embeddings_logistic_regression
attr_has_edge_guard,,5,49664,Yes,Yes,True,0.6602211376655053,attr_has_edge_guard,logistic_regression,dinov3_frozen_embeddings_logistic_regression
attr_has_edge_guard,,5,49682,No,No,True,0.99901501700018,attr_has_edge_guard,logistic_regression,dinov3_frozen_embeddings_logistic_regression
attr_has_edge_guard,,5,50625,No,No,True,0.9999609555799812,attr_has_edge_guard,logistic_regression,dinov3_frozen_embeddings_logistic_regression
attr_has_edge_guard,,5,51218,No,No,True,0.9768031443295495,attr_has_edge_guard,logistic_regression,dinov3_frozen_embeddings_logistic_regression
attr_has_edge_guard,,5,51524,No,Yes,False,0.9731660571521524,attr_has_edge_guard,logistic_regression,dinov3_frozen_embeddings_logistic_regression
attr_has_edge_guard,,5,51941,Yes,No,False,0.7987245730641038,attr_has_edge_guard,logistic_regression,dinov3_frozen_embeddings_logistic_regression
attr_has_edge_guard,,5,52457,No,No,True,0.8409565309938699,attr_has_edge_guard,logistic_regression,dinov3_frozen_embeddings_logistic_regression
attr_has_edge_guard,,5,52551,Yes,No,False,0.9999161727814512,attr_has_edge_guard,logistic_regression,dinov3_frozen_embeddings_logistic_regression
attr_has_edge_guard,,5,52456,No,No,True,0.9990706495202419,attr_has_edge_guard,logistic_regression,dinov3_frozen_embeddings_logistic_regression
attr_has_edge_guard,,5,53193,No,No,True,0.9953936534401735,attr_has_edge_guard,logistic_regression,dinov3_frozen_embeddings_logistic_regression
attr_has_edge_guard,,5,53798,No,Yes,False,0.9940294091512808,attr_has_edge_guard,logistic_regression,dinov3_frozen_embeddings_logistic_regression
attr_has_edge_guard,,5,54325,No,No,True,0.9999484395789293,attr_has_edge_guard,logistic_regression,dinov3_frozen_embeddings_logistic_regression
attr_has_edge_guard,,5,56469,No,No,True,0.6422612766670328,attr_has_edge_guard,logistic_regression,dinov3_frozen_embeddings_logistic_regression
attr_has_edge_guard,,5,56470,No,No,True,0.7082411908847321,attr_has_edge_guard,logistic_regression,dinov3_frozen_embeddings_logistic_regression
attr_has_edge_guard,,5,57834,No,Yes,False,0.9999380424665276,attr_has_edge_guard,logistic_regression,dinov3_frozen_embeddings_logistic_regression
attr_has_edge_guard,,5,58160,No,No,True,0.9301598724997535,attr_has_edge_guard,logistic_regression,dinov3_frozen_embeddings_logistic_regression
attr_has_edge_guard,,5,58161,Yes,No,False,0.6989430480594572,attr_has_edge_guard,logistic_regression,dinov3_frozen_embeddings_logistic_regression
attr_has_edge_guard,,5,58164,No,No,True,0.9999860433385932,attr_has_edge_guard,logistic_regression,dinov3_frozen_embeddings_logistic_regression
attr_has_edge_guard,,5,58168,No,No,True,0.9705212089769278,attr_has_edge_guard,logistic_regression,dinov3_frozen_embeddings_logistic_regression
attr_has_edge_guard,,5,58881,Yes,Yes,True,0.757876807879564,attr_has_edge_guard,logistic_regression,dinov3_frozen_embeddings_logistic_regression
attr_has_edge_guard,,5,58954,No,No,True,0.9997692245282928,attr_has_edge_guard,logistic_regression,dinov3_frozen_embeddings_logistic_regression
attr_has_edge_guard,,5,61113,No,Yes,False,0.5921423590286301,attr_has_edge_guard,logistic_regression,dinov3_frozen_embeddings_logistic_regression
attr_has_edge_guard,,5,62088,No,No,True,0.9708994499717212,attr_has_edge_guard,logistic_regression,dinov3_frozen_embeddings_logistic_regression
attr_has_edge_guard,,5,62089,Yes,Yes,True,0.8486375535438586,attr_has_edge_guard,logistic_regression,dinov3_frozen_embeddings_logistic_regression
attr_has_edge_guard,,5,62289,No,No,True,0.9995476903080553,attr_has_edge_guard,logistic_regression,dinov3_frozen_embeddings_logistic_regression
attr_has_edge_guard,,5,62927,Yes,Yes,True,0.7683360031101722,attr_has_edge_guard,logistic_regression,dinov3_frozen_embeddings_logistic_regression
attr_has_edge_guard,,5,63069,Yes,Yes,True,0.7213448574575005,attr_has_edge_guard,logistic_regression,dinov3_frozen_embeddings_logistic_regression
attr_has_edge_guard,,5,63075,No,No,True,0.9999252136913285,attr_has_edge_guard,logistic_regression,dinov3_frozen_embeddings_logistic_regression
attr_has_edge_guard,,5,63218,No,No,True,0.8997464099033537,attr_has_edge_guard,logistic_regression,dinov3_frozen_embeddings_logistic_regression
attr_has_edge_guard,,5,63297,No,Yes,False,0.9918210257334343,attr_has_edge_guard,logistic_regression,dinov3_frozen_embeddings_logistic_regression
attr_has_edge_guard,,5,63389,No,No,True,0.9528159431995904,attr_has_edge_guard,logistic_regression,dinov3_frozen_embeddings_logistic_regression
attr_has_edge_guard,,5,64108,No,No,True,0.9796792426360089,attr_has_edge_guard,logistic_regression,dinov3_frozen_embeddings_logistic_regression
attr_has_edge_guard,,5,64110,No,No,True,0.8947252580389572,attr_has_edge_guard,logistic_regression,dinov3_frozen_embeddings_logistic_regression
attr_has_edge_guard,,5,64111,No,No,True,0.9980359356092596,attr_has_edge_guard,logistic_regression,dinov3_frozen_embeddings_logistic_regression
attr_has_edge_guard,,5,64114,No,No,True,0.9999982982950303,attr_has_edge_guard,logistic_regression,dinov3_frozen_embeddings_logistic_regression
attr_has_edge_guard,,5,64116,No,No,True,0.7413613842298974,attr_has_edge_guard,logistic_regression,dinov3_frozen_embeddings_logistic_regression
attr_has_edge_guard,,5,64123,No,No,True,0.8558839278817166,attr_has_edge_guard,logistic_regression,dinov3_frozen_embeddings_logistic_regression
attr_has_edge_guard,,5,64137,No,No,True,0.9991255644872207,attr_has_edge_guard,logistic_regression,dinov3_frozen_embeddings_logistic_regression
attr_has_edge_guard,,5,64138,No,No,True,0.9996426257629835,attr_has_edge_guard,logistic_regression,dinov3_frozen_embeddings_logistic_regression
attr_has_edge_guard,,5,64643,Yes,Yes,True,0.8107086883035391,attr_has_edge_guard,logistic_regression,dinov3_frozen_embeddings_logistic_regression
attr_has_edge_guard,,5,65789,No,Yes,False,0.9979736497197466,attr_has_edge_guard,logistic_regression,dinov3_frozen_embeddings_logistic_regression
attr_has_edge_guard,,5,82270,No,Yes,False,0.9866782646043689,attr_has_edge_guard,logistic_regression,dinov3_frozen_embeddings_logistic_regression
attr_has_edge_guard,,5,86518,Yes,No,False,0.8912077306580299,attr_has_edge_guard,logistic_regression,dinov3_frozen_embeddings_logistic_regression
attr_has_edge_guard,,5,86521,Yes,No,False,0.7828630092271407,attr_has_edge_guard,logistic_regression,dinov3_frozen_embeddings_logistic_regression
attr_has_edge_guard,,5,87734,Yes,Yes,True,0.9983736298501312,attr_has_edge_guard,logistic_regression,dinov3_frozen_embeddings_logistic_regression
attr_has_edge_guard,,5,87928,No,No,True,0.9407934448270833,attr_has_edge_guard,logistic_regression,dinov3_frozen_embeddings_logistic_regression
attr_has_edge_guard,,5,100826,No,No,True,0.9999930373417577,attr_has_edge_guard,logistic_regression,dinov3_frozen_embeddings_logistic_regression
attr_has_edge_guard,,5,107058,No,No,True,0.998428284301756,attr_has_edge_guard,logistic_regression,dinov3_frozen_embeddings_logistic_regression
attr_has_edge_guard,,5,107068,No,No,True,0.9999999999745733,attr_has_edge_guard,logistic_regression,dinov3_frozen_embeddings_logistic_regression
attr_has_edge_guard,,5,107295,No,No,True,0.9999989960417153,attr_has_edge_guard,logistic_regression,dinov3_frozen_embeddings_logistic_regression
attr_has_edge_guard,,5,109169,No,No,True,0.9999945272615489,attr_has_edge_guard,logistic_regression,dinov3_frozen_embeddings_logistic_regression
attr_has_edge_guard,,5,109619,No,No,True,0.9818869077795604,attr_has_edge_guard,logistic_regression,dinov3_frozen_embeddings_logistic_regression
attr_has_edge_guard,,5,110121,No,No,True,0.9998835450134946,attr_has_edge_guard,logistic_regression,dinov3_frozen_embeddings_logistic_regression
attr_has_edge_guard,,5,111862,No,No,True,0.9999806678233548,attr_has_edge_guard,logistic_regression,dinov3_frozen_embeddings_logistic_regression
attr_has_edge_guard,,5,114701,Yes,Yes,True,0.9998487607733798,attr_has_edge_guard,logistic_regression,dinov3_frozen_embeddings_logistic_regression
attr_has_edge_guard,,5,115247,No,No,True,0.7951296382976718,attr_has_edge_guard,logistic_regression,dinov3_frozen_embeddings_logistic_regression
attr_has_edge_guard,,5,115261,No,No,True,0.976828743787925,attr_has_edge_guard,logistic_regression,dinov3_frozen_embeddings_logistic_regression
attr_has_edge_guard,,5,115807,No,No,True,0.9998103681329733,attr_has_edge_guard,logistic_regression,dinov3_frozen_embeddings_logistic_regression
attr_has_edge_guard,,5,121698,No,No,True,0.7016034080270123,attr_has_edge_guard,logistic_regression,dinov3_frozen_embeddings_logistic_regression
attr_has_edge_guard,,5,46618,No,No,True,0.6322997518386098,attr_has_edge_guard,logistic_regression,dinov3_frozen_embeddings_logistic_regression
attr_has_edge_guard,,5,53224,No,No,True,0.7592476564066697,attr_has_edge_guard,logistic_regression,dinov3_frozen_embeddings_logistic_regression
attr_has_edge_guard,,5,56692,No,No,True,0.6521955264741268,attr_has_edge_guard,logistic_regression,dinov3_frozen_embeddings_logistic_regression
attr_has_edge_guard,,5,58829,Yes,Yes,True,0.5878742944554273,attr_has_edge_guard,logistic_regression,dinov3_frozen_embeddings_logistic_regression
attr_has_edge_guard,,5,59089,No,No,True,0.5365239414852334,attr_has_edge_guard,logistic_regression,dinov3_frozen_embeddings_logistic_regression
attr_has_edge_guard,,5,60963,No,No,True,0.8625069191134903,attr_has_edge_guard,logistic_regression,dinov3_frozen_embeddings_logistic_regression
attr_has_edge_guard,,5,64468,No,Yes,False,0.8400095485567133,attr_has_edge_guard,logistic_regression,dinov3_frozen_embeddings_logistic_regression
attr_has_edge_guard,,5,66056,Yes,Yes,True,0.9998217710731069,attr_has_edge_guard,logistic_regression,dinov3_frozen_embeddings_logistic_regression
attr_has_edge_guard,,5,68020,No,Yes,False,0.9152845862492265,attr_has_edge_guard,logistic_regression,dinov3_frozen_embeddings_logistic_regression
attr_has_edge_guard,,5,68021,No,Yes,False,0.5294859507950719,attr_has_edge_guard,logistic_regression,dinov3_frozen_embeddings_logistic_regression
attr_has_edge_guard,,5,87775,No,No,True,0.9603797323761336,attr_has_edge_guard,logistic_regression,dinov3_frozen_embeddings_logistic_regression
attr_has_edge_guard,,5,90699,Yes,Yes,True,0.7953875948109665,attr_has_edge_guard,logistic_regression,dinov3_frozen_embeddings_logistic_regression
attr_has_edge_guard,,5,117398,No,Yes,False,0.9977214501691407,attr_has_edge_guard,logistic_regression,dinov3_frozen_embeddings_logistic_regression
attr_has_edge_guard,,5,121455,Yes,No,False,0.9966094854094207,attr_has_edge_guard,logistic_regression,dinov3_frozen_embeddings_logistic_regression
