attribute,target_column,target_file,feature_file,task_type,strategy,classifier,splitter,fold,n_folds,asset_id,y_true,y_pred,is_correct
width_bin,width_bin,data/processed/train/width_bin_train.csv,data/features/dinov3_vitb16_remaining_attributes_assets.csv,classification,dinov3_frozen_embeddings_hist_gradient_boosting,hist_gradient_boosting,GroupKFold,1,5,48514,wide (>1.5m),narrow (<0.9m),False
width_bin,width_bin,data/processed/train/width_bin_train.csv,data/features/dinov3_vitb16_remaining_attributes_assets.csv,classification,dinov3_frozen_embeddings_hist_gradient_boosting,hist_gradient_boosting,GroupKFold,1,5,53554,standard (0.9-1.5m),standard (0.9-1.5m),True
width_bin,width_bin,data/processed/train/width_bin_train.csv,data/features/dinov3_vitb16_remaining_attributes_assets.csv,classification,dinov3_frozen_embeddings_hist_gradient_boosting,hist_gradient_boosting,GroupKFold,1,5,61736,standard (0.9-1.5m),standard (0.9-1.5m),True
width_bin,width_bin,data/processed/train/width_bin_train.csv,data/features/dinov3_vitb16_remaining_attributes_assets.csv,classification,dinov3_frozen_embeddings_hist_gradient_boosting,hist_gradient_boosting,GroupKFold,1,5,61737,standard (0.9-1.5m),standard (0.9-1.5m),True
width_bin,width_bin,data/processed/train/width_bin_train.csv,data/features/dinov3_vitb16_remaining_attributes_assets.csv,classification,dinov3_frozen_embeddings_hist_gradient_boosting,hist_gradient_boosting,GroupKFold,1,5,64220,wide (>1.5m),standard (0.9-1.5m),False
width_bin,width_bin,data/processed/train/width_bin_train.csv,data/features/dinov3_vitb16_remaining_attributes_assets.csv,classification,dinov3_frozen_embeddings_hist_gradient_boosting,hist_gradient_boosting,GroupKFold,1,5,64272,standard (0.9-1.5m),standard (0.9-1.5m),True
width_bin,width_bin,data/processed/train/width_bin_train.csv,data/features/dinov3_vitb16_remaining_attributes_assets.csv,classification,dinov3_frozen_embeddings_hist_gradient_boosting,hist_gradient_boosting,GroupKFold,1,5,64887,standard (0.9-1.5m),narrow (<0.9m),False
width_bin,width_bin,data/processed/train/width_bin_train.csv,data/features/dinov3_vitb16_remaining_attributes_assets.csv,classification,dinov3_frozen_embeddings_hist_gradient_boosting,hist_gradient_boosting,GroupKFold,1,5,81889,wide (>1.5m),standard (0.9-1.5m),False
width_bin,width_bin,data/processed/train/width_bin_train.csv,data/features/dinov3_vitb16_remaining_attributes_assets.csv,classification,dinov3_frozen_embeddings_hist_gradient_boosting,hist_gradient_boosting,GroupKFold,1,5,83146,wide (>1.5m),standard (0.9-1.5m),False
width_bin,width_bin,data/processed/train/width_bin_train.csv,data/features/dinov3_vitb16_remaining_attributes_assets.csv,classification,dinov3_frozen_embeddings_hist_gradient_boosting,hist_gradient_boosting,GroupKFold,1,5,83895,narrow (<0.9m),narrow (<0.9m),True
width_bin,width_bin,data/processed/train/width_bin_train.csv,data/features/dinov3_vitb16_remaining_attributes_assets.csv,classification,dinov3_frozen_embeddings_hist_gradient_boosting,hist_gradient_boosting,GroupKFold,1,5,83914,standard (0.9-1.5m),standard (0.9-1.5m),True
width_bin,width_bin,data/processed/train/width_bin_train.csv,data/features/dinov3_vitb16_remaining_attributes_assets.csv,classification,dinov3_frozen_embeddings_hist_gradient_boosting,hist_gradient_boosting,GroupKFold,1,5,84819,standard (0.9-1.5m),standard (0.9-1.5m),True
width_bin,width_bin,data/processed/train/width_bin_train.csv,data/features/dinov3_vitb16_remaining_attributes_assets.csv,classification,dinov3_frozen_embeddings_hist_gradient_boosting,hist_gradient_boosting,GroupKFold,1,5,87499,narrow (<0.9m),narrow (<0.9m),True
width_bin,width_bin,data/processed/train/width_bin_train.csv,data/features/dinov3_vitb16_remaining_attributes_assets.csv,classification,dinov3_frozen_embeddings_hist_gradient_boosting,hist_gradient_boosting,GroupKFold,1,5,87505,narrow (<0.9m),standard (0.9-1.5m),False
width_bin,width_bin,data/processed/train/width_bin_train.csv,data/features/dinov3_vitb16_remaining_attributes_assets.csv,classification,dinov3_frozen_embeddings_hist_gradient_boosting,hist_gradient_boosting,GroupKFold,1,5,87561,narrow (<0.9m),standard (0.9-1.5m),False
width_bin,width_bin,data/processed/train/width_bin_train.csv,data/features/dinov3_vitb16_remaining_attributes_assets.csv,classification,dinov3_frozen_embeddings_hist_gradient_boosting,hist_gradient_boosting,GroupKFold,1,5,87582,narrow (<0.9m),narrow (<0.9m),True
width_bin,width_bin,data/processed/train/width_bin_train.csv,data/features/dinov3_vitb16_remaining_attributes_assets.csv,classification,dinov3_frozen_embeddings_hist_gradient_boosting,hist_gradient_boosting,GroupKFold,1,5,88278,standard (0.9-1.5m),standard (0.9-1.5m),True
width_bin,width_bin,data/processed/train/width_bin_train.csv,data/features/dinov3_vitb16_remaining_attributes_assets.csv,classification,dinov3_frozen_embeddings_hist_gradient_boosting,hist_gradient_boosting,GroupKFold,1,5,88281,narrow (<0.9m),standard (0.9-1.5m),False
width_bin,width_bin,data/processed/train/width_bin_train.csv,data/features/dinov3_vitb16_remaining_attributes_assets.csv,classification,dinov3_frozen_embeddings_hist_gradient_boosting,hist_gradient_boosting,GroupKFold,1,5,88674,narrow (<0.9m),standard (0.9-1.5m),False
width_bin,width_bin,data/processed/train/width_bin_train.csv,data/features/dinov3_vitb16_remaining_attributes_assets.csv,classification,dinov3_frozen_embeddings_hist_gradient_boosting,hist_gradient_boosting,GroupKFold,1,5,89577,standard (0.9-1.5m),standard (0.9-1.5m),True
width_bin,width_bin,data/processed/train/width_bin_train.csv,data/features/dinov3_vitb16_remaining_attributes_assets.csv,classification,dinov3_frozen_embeddings_hist_gradient_boosting,hist_gradient_boosting,GroupKFold,1,5,89593,standard (0.9-1.5m),standard (0.9-1.5m),True
width_bin,width_bin,data/processed/train/width_bin_train.csv,data/features/dinov3_vitb16_remaining_attributes_assets.csv,classification,dinov3_frozen_embeddings_hist_gradient_boosting,hist_gradient_boosting,GroupKFold,1,5,89595,wide (>1.5m),standard (0.9-1.5m),False
width_bin,width_bin,data/processed/train/width_bin_train.csv,data/features/dinov3_vitb16_remaining_attributes_assets.csv,classification,dinov3_frozen_embeddings_hist_gradient_boosting,hist_gradient_boosting,GroupKFold,1,5,89713,standard (0.9-1.5m),standard (0.9-1.5m),True
width_bin,width_bin,data/processed/train/width_bin_train.csv,data/features/dinov3_vitb16_remaining_attributes_assets.csv,classification,dinov3_frozen_embeddings_hist_gradient_boosting,hist_gradient_boosting,GroupKFold,1,5,90320,narrow (<0.9m),standard (0.9-1.5m),False
width_bin,width_bin,data/processed/train/width_bin_train.csv,data/features/dinov3_vitb16_remaining_attributes_assets.csv,classification,dinov3_frozen_embeddings_hist_gradient_boosting,hist_gradient_boosting,GroupKFold,1,5,90323,standard (0.9-1.5m),standard (0.9-1.5m),True
width_bin,width_bin,data/processed/train/width_bin_train.csv,data/features/dinov3_vitb16_remaining_attributes_assets.csv,classification,dinov3_frozen_embeddings_hist_gradient_boosting,hist_gradient_boosting,GroupKFold,1,5,90326,standard (0.9-1.5m),standard (0.9-1.5m),True
width_bin,width_bin,data/processed/train/width_bin_train.csv,data/features/dinov3_vitb16_remaining_attributes_assets.csv,classification,dinov3_frozen_embeddings_hist_gradient_boosting,hist_gradient_boosting,GroupKFold,1,5,90328,standard (0.9-1.5m),standard (0.9-1.5m),True
width_bin,width_bin,data/processed/train/width_bin_train.csv,data/features/dinov3_vitb16_remaining_attributes_assets.csv,classification,dinov3_frozen_embeddings_hist_gradient_boosting,hist_gradient_boosting,GroupKFold,1,5,90329,narrow (<0.9m),standard (0.9-1.5m),False
width_bin,width_bin,data/processed/train/width_bin_train.csv,data/features/dinov3_vitb16_remaining_attributes_assets.csv,classification,dinov3_frozen_embeddings_hist_gradient_boosting,hist_gradient_boosting,GroupKFold,1,5,90330,standard (0.9-1.5m),standard (0.9-1.5m),True
width_bin,width_bin,data/processed/train/width_bin_train.csv,data/features/dinov3_vitb16_remaining_attributes_assets.csv,classification,dinov3_frozen_embeddings_hist_gradient_boosting,hist_gradient_boosting,GroupKFold,1,5,90332,standard (0.9-1.5m),standard (0.9-1.5m),True
width_bin,width_bin,data/processed/train/width_bin_train.csv,data/features/dinov3_vitb16_remaining_attributes_assets.csv,classification,dinov3_frozen_embeddings_hist_gradient_boosting,hist_gradient_boosting,GroupKFold,1,5,90337,standard (0.9-1.5m),standard (0.9-1.5m),True
width_bin,width_bin,data/processed/train/width_bin_train.csv,data/features/dinov3_vitb16_remaining_attributes_assets.csv,classification,dinov3_frozen_embeddings_hist_gradient_boosting,hist_gradient_boosting,GroupKFold,1,5,90340,standard (0.9-1.5m),standard (0.9-1.5m),True
width_bin,width_bin,data/processed/train/width_bin_train.csv,data/features/dinov3_vitb16_remaining_attributes_assets.csv,classification,dinov3_frozen_embeddings_hist_gradient_boosting,hist_gradient_boosting,GroupKFold,1,5,90344,standard (0.9-1.5m),standard (0.9-1.5m),True
width_bin,width_bin,data/processed/train/width_bin_train.csv,data/features/dinov3_vitb16_remaining_attributes_assets.csv,classification,dinov3_frozen_embeddings_hist_gradient_boosting,hist_gradient_boosting,GroupKFold,1,5,90345,standard (0.9-1.5m),standard (0.9-1.5m),True
width_bin,width_bin,data/processed/train/width_bin_train.csv,data/features/dinov3_vitb16_remaining_attributes_assets.csv,classification,dinov3_frozen_embeddings_hist_gradient_boosting,hist_gradient_boosting,GroupKFold,1,5,90346,standard (0.9-1.5m),standard (0.9-1.5m),True
width_bin,width_bin,data/processed/train/width_bin_train.csv,data/features/dinov3_vitb16_remaining_attributes_assets.csv,classification,dinov3_frozen_embeddings_hist_gradient_boosting,hist_gradient_boosting,GroupKFold,1,5,90349,standard (0.9-1.5m),standard (0.9-1.5m),True
width_bin,width_bin,data/processed/train/width_bin_train.csv,data/features/dinov3_vitb16_remaining_attributes_assets.csv,classification,dinov3_frozen_embeddings_hist_gradient_boosting,hist_gradient_boosting,GroupKFold,1,5,90353,standard (0.9-1.5m),standard (0.9-1.5m),True
width_bin,width_bin,data/processed/train/width_bin_train.csv,data/features/dinov3_vitb16_remaining_attributes_assets.csv,classification,dinov3_frozen_embeddings_hist_gradient_boosting,hist_gradient_boosting,GroupKFold,1,5,90355,standard (0.9-1.5m),standard (0.9-1.5m),True
width_bin,width_bin,data/processed/train/width_bin_train.csv,data/features/dinov3_vitb16_remaining_attributes_assets.csv,classification,dinov3_frozen_embeddings_hist_gradient_boosting,hist_gradient_boosting,GroupKFold,1,5,90374,standard (0.9-1.5m),standard (0.9-1.5m),True
width_bin,width_bin,data/processed/train/width_bin_train.csv,data/features/dinov3_vitb16_remaining_attributes_assets.csv,classification,dinov3_frozen_embeddings_hist_gradient_boosting,hist_gradient_boosting,GroupKFold,1,5,90389,standard (0.9-1.5m),standard (0.9-1.5m),True
width_bin,width_bin,data/processed/train/width_bin_train.csv,data/features/dinov3_vitb16_remaining_attributes_assets.csv,classification,dinov3_frozen_embeddings_hist_gradient_boosting,hist_gradient_boosting,GroupKFold,1,5,90399,standard (0.9-1.5m),standard (0.9-1.5m),True
width_bin,width_bin,data/processed/train/width_bin_train.csv,data/features/dinov3_vitb16_remaining_attributes_assets.csv,classification,dinov3_frozen_embeddings_hist_gradient_boosting,hist_gradient_boosting,GroupKFold,1,5,90493,standard (0.9-1.5m),standard (0.9-1.5m),True
width_bin,width_bin,data/processed/train/width_bin_train.csv,data/features/dinov3_vitb16_remaining_attributes_assets.csv,classification,dinov3_frozen_embeddings_hist_gradient_boosting,hist_gradient_boosting,GroupKFold,1,5,90494,standard (0.9-1.5m),standard (0.9-1.5m),True
width_bin,width_bin,data/processed/train/width_bin_train.csv,data/features/dinov3_vitb16_remaining_attributes_assets.csv,classification,dinov3_frozen_embeddings_hist_gradient_boosting,hist_gradient_boosting,GroupKFold,1,5,90497,standard (0.9-1.5m),standard (0.9-1.5m),True
width_bin,width_bin,data/processed/train/width_bin_train.csv,data/features/dinov3_vitb16_remaining_attributes_assets.csv,classification,dinov3_frozen_embeddings_hist_gradient_boosting,hist_gradient_boosting,GroupKFold,1,5,90498,standard (0.9-1.5m),standard (0.9-1.5m),True
width_bin,width_bin,data/processed/train/width_bin_train.csv,data/features/dinov3_vitb16_remaining_attributes_assets.csv,classification,dinov3_frozen_embeddings_hist_gradient_boosting,hist_gradient_boosting,GroupKFold,1,5,90500,standard (0.9-1.5m),standard (0.9-1.5m),True
width_bin,width_bin,data/processed/train/width_bin_train.csv,data/features/dinov3_vitb16_remaining_attributes_assets.csv,classification,dinov3_frozen_embeddings_hist_gradient_boosting,hist_gradient_boosting,GroupKFold,1,5,92004,narrow (<0.9m),standard (0.9-1.5m),False
width_bin,width_bin,data/processed/train/width_bin_train.csv,data/features/dinov3_vitb16_remaining_attributes_assets.csv,classification,dinov3_frozen_embeddings_hist_gradient_boosting,hist_gradient_boosting,GroupKFold,1,5,92021,narrow (<0.9m),narrow (<0.9m),True
width_bin,width_bin,data/processed/train/width_bin_train.csv,data/features/dinov3_vitb16_remaining_attributes_assets.csv,classification,dinov3_frozen_embeddings_hist_gradient_boosting,hist_gradient_boosting,GroupKFold,1,5,92029,narrow (<0.9m),standard (0.9-1.5m),False
width_bin,width_bin,data/processed/train/width_bin_train.csv,data/features/dinov3_vitb16_remaining_attributes_assets.csv,classification,dinov3_frozen_embeddings_hist_gradient_boosting,hist_gradient_boosting,GroupKFold,1,5,92030,narrow (<0.9m),standard (0.9-1.5m),False
width_bin,width_bin,data/processed/train/width_bin_train.csv,data/features/dinov3_vitb16_remaining_attributes_assets.csv,classification,dinov3_frozen_embeddings_hist_gradient_boosting,hist_gradient_boosting,GroupKFold,1,5,92046,narrow (<0.9m),narrow (<0.9m),True
width_bin,width_bin,data/processed/train/width_bin_train.csv,data/features/dinov3_vitb16_remaining_attributes_assets.csv,classification,dinov3_frozen_embeddings_hist_gradient_boosting,hist_gradient_boosting,GroupKFold,1,5,92048,narrow (<0.9m),standard (0.9-1.5m),False
width_bin,width_bin,data/processed/train/width_bin_train.csv,data/features/dinov3_vitb16_remaining_attributes_assets.csv,classification,dinov3_frozen_embeddings_hist_gradient_boosting,hist_gradient_boosting,GroupKFold,1,5,92054,narrow (<0.9m),narrow (<0.9m),True
width_bin,width_bin,data/processed/train/width_bin_train.csv,data/features/dinov3_vitb16_remaining_attributes_assets.csv,classification,dinov3_frozen_embeddings_hist_gradient_boosting,hist_gradient_boosting,GroupKFold,1,5,92064,standard (0.9-1.5m),narrow (<0.9m),False
width_bin,width_bin,data/processed/train/width_bin_train.csv,data/features/dinov3_vitb16_remaining_attributes_assets.csv,classification,dinov3_frozen_embeddings_hist_gradient_boosting,hist_gradient_boosting,GroupKFold,1,5,92079,standard (0.9-1.5m),standard (0.9-1.5m),True
width_bin,width_bin,data/processed/train/width_bin_train.csv,data/features/dinov3_vitb16_remaining_attributes_assets.csv,classification,dinov3_frozen_embeddings_hist_gradient_boosting,hist_gradient_boosting,GroupKFold,1,5,92081,standard (0.9-1.5m),narrow (<0.9m),False
width_bin,width_bin,data/processed/train/width_bin_train.csv,data/features/dinov3_vitb16_remaining_attributes_assets.csv,classification,dinov3_frozen_embeddings_hist_gradient_boosting,hist_gradient_boosting,GroupKFold,1,5,92091,standard (0.9-1.5m),narrow (<0.9m),False
width_bin,width_bin,data/processed/train/width_bin_train.csv,data/features/dinov3_vitb16_remaining_attributes_assets.csv,classification,dinov3_frozen_embeddings_hist_gradient_boosting,hist_gradient_boosting,GroupKFold,1,5,94171,standard (0.9-1.5m),standard (0.9-1.5m),True
width_bin,width_bin,data/processed/train/width_bin_train.csv,data/features/dinov3_vitb16_remaining_attributes_assets.csv,classification,dinov3_frozen_embeddings_hist_gradient_boosting,hist_gradient_boosting,GroupKFold,1,5,94270,narrow (<0.9m),narrow (<0.9m),True
width_bin,width_bin,data/processed/train/width_bin_train.csv,data/features/dinov3_vitb16_remaining_attributes_assets.csv,classification,dinov3_frozen_embeddings_hist_gradient_boosting,hist_gradient_boosting,GroupKFold,1,5,94271,narrow (<0.9m),narrow (<0.9m),True
width_bin,width_bin,data/processed/train/width_bin_train.csv,data/features/dinov3_vitb16_remaining_attributes_assets.csv,classification,dinov3_frozen_embeddings_hist_gradient_boosting,hist_gradient_boosting,GroupKFold,1,5,94277,narrow (<0.9m),narrow (<0.9m),True
width_bin,width_bin,data/processed/train/width_bin_train.csv,data/features/dinov3_vitb16_remaining_attributes_assets.csv,classification,dinov3_frozen_embeddings_hist_gradient_boosting,hist_gradient_boosting,GroupKFold,1,5,94284,narrow (<0.9m),narrow (<0.9m),True
width_bin,width_bin,data/processed/train/width_bin_train.csv,data/features/dinov3_vitb16_remaining_attributes_assets.csv,classification,dinov3_frozen_embeddings_hist_gradient_boosting,hist_gradient_boosting,GroupKFold,1,5,94291,narrow (<0.9m),narrow (<0.9m),True
width_bin,width_bin,data/processed/train/width_bin_train.csv,data/features/dinov3_vitb16_remaining_attributes_assets.csv,classification,dinov3_frozen_embeddings_hist_gradient_boosting,hist_gradient_boosting,GroupKFold,1,5,94292,narrow (<0.9m),narrow (<0.9m),True
width_bin,width_bin,data/processed/train/width_bin_train.csv,data/features/dinov3_vitb16_remaining_attributes_assets.csv,classification,dinov3_frozen_embeddings_hist_gradient_boosting,hist_gradient_boosting,GroupKFold,1,5,94303,narrow (<0.9m),narrow (<0.9m),True
width_bin,width_bin,data/processed/train/width_bin_train.csv,data/features/dinov3_vitb16_remaining_attributes_assets.csv,classification,dinov3_frozen_embeddings_hist_gradient_boosting,hist_gradient_boosting,GroupKFold,1,5,94310,narrow (<0.9m),narrow (<0.9m),True
width_bin,width_bin,data/processed/train/width_bin_train.csv,data/features/dinov3_vitb16_remaining_attributes_assets.csv,classification,dinov3_frozen_embeddings_hist_gradient_boosting,hist_gradient_boosting,GroupKFold,1,5,94316,narrow (<0.9m),narrow (<0.9m),True
width_bin,width_bin,data/processed/train/width_bin_train.csv,data/features/dinov3_vitb16_remaining_attributes_assets.csv,classification,dinov3_frozen_embeddings_hist_gradient_boosting,hist_gradient_boosting,GroupKFold,1,5,94320,narrow (<0.9m),narrow (<0.9m),True
width_bin,width_bin,data/processed/train/width_bin_train.csv,data/features/dinov3_vitb16_remaining_attributes_assets.csv,classification,dinov3_frozen_embeddings_hist_gradient_boosting,hist_gradient_boosting,GroupKFold,1,5,94335,narrow (<0.9m),narrow (<0.9m),True
width_bin,width_bin,data/processed/train/width_bin_train.csv,data/features/dinov3_vitb16_remaining_attributes_assets.csv,classification,dinov3_frozen_embeddings_hist_gradient_boosting,hist_gradient_boosting,GroupKFold,1,5,94337,narrow (<0.9m),narrow (<0.9m),True
width_bin,width_bin,data/processed/train/width_bin_train.csv,data/features/dinov3_vitb16_remaining_attributes_assets.csv,classification,dinov3_frozen_embeddings_hist_gradient_boosting,hist_gradient_boosting,GroupKFold,1,5,94346,narrow (<0.9m),narrow (<0.9m),True
width_bin,width_bin,data/processed/train/width_bin_train.csv,data/features/dinov3_vitb16_remaining_attributes_assets.csv,classification,dinov3_frozen_embeddings_hist_gradient_boosting,hist_gradient_boosting,GroupKFold,1,5,94351,narrow (<0.9m),narrow (<0.9m),True
width_bin,width_bin,data/processed/train/width_bin_train.csv,data/features/dinov3_vitb16_remaining_attributes_assets.csv,classification,dinov3_frozen_embeddings_hist_gradient_boosting,hist_gradient_boosting,GroupKFold,1,5,94354,narrow (<0.9m),narrow (<0.9m),True
width_bin,width_bin,data/processed/train/width_bin_train.csv,data/features/dinov3_vitb16_remaining_attributes_assets.csv,classification,dinov3_frozen_embeddings_hist_gradient_boosting,hist_gradient_boosting,GroupKFold,1,5,94362,narrow (<0.9m),narrow (<0.9m),True
width_bin,width_bin,data/processed/train/width_bin_train.csv,data/features/dinov3_vitb16_remaining_attributes_assets.csv,classification,dinov3_frozen_embeddings_hist_gradient_boosting,hist_gradient_boosting,GroupKFold,1,5,94373,narrow (<0.9m),narrow (<0.9m),True
width_bin,width_bin,data/processed/train/width_bin_train.csv,data/features/dinov3_vitb16_remaining_attributes_assets.csv,classification,dinov3_frozen_embeddings_hist_gradient_boosting,hist_gradient_boosting,GroupKFold,1,5,94381,narrow (<0.9m),narrow (<0.9m),True
width_bin,width_bin,data/processed/train/width_bin_train.csv,data/features/dinov3_vitb16_remaining_attributes_assets.csv,classification,dinov3_frozen_embeddings_hist_gradient_boosting,hist_gradient_boosting,GroupKFold,1,5,94392,narrow (<0.9m),narrow (<0.9m),True
width_bin,width_bin,data/processed/train/width_bin_train.csv,data/features/dinov3_vitb16_remaining_attributes_assets.csv,classification,dinov3_frozen_embeddings_hist_gradient_boosting,hist_gradient_boosting,GroupKFold,1,5,94399,narrow (<0.9m),narrow (<0.9m),True
width_bin,width_bin,data/processed/train/width_bin_train.csv,data/features/dinov3_vitb16_remaining_attributes_assets.csv,classification,dinov3_frozen_embeddings_hist_gradient_boosting,hist_gradient_boosting,GroupKFold,1,5,94409,narrow (<0.9m),narrow (<0.9m),True
width_bin,width_bin,data/processed/train/width_bin_train.csv,data/features/dinov3_vitb16_remaining_attributes_assets.csv,classification,dinov3_frozen_embeddings_hist_gradient_boosting,hist_gradient_boosting,GroupKFold,1,5,94410,narrow (<0.9m),narrow (<0.9m),True
width_bin,width_bin,data/processed/train/width_bin_train.csv,data/features/dinov3_vitb16_remaining_attributes_assets.csv,classification,dinov3_frozen_embeddings_hist_gradient_boosting,hist_gradient_boosting,GroupKFold,1,5,94424,narrow (<0.9m),standard (0.9-1.5m),False
width_bin,width_bin,data/processed/train/width_bin_train.csv,data/features/dinov3_vitb16_remaining_attributes_assets.csv,classification,dinov3_frozen_embeddings_hist_gradient_boosting,hist_gradient_boosting,GroupKFold,1,5,96358,standard (0.9-1.5m),wide (>1.5m),False
width_bin,width_bin,data/processed/train/width_bin_train.csv,data/features/dinov3_vitb16_remaining_attributes_assets.csv,classification,dinov3_frozen_embeddings_hist_gradient_boosting,hist_gradient_boosting,GroupKFold,1,5,100549,standard (0.9-1.5m),standard (0.9-1.5m),True
width_bin,width_bin,data/processed/train/width_bin_train.csv,data/features/dinov3_vitb16_remaining_attributes_assets.csv,classification,dinov3_frozen_embeddings_hist_gradient_boosting,hist_gradient_boosting,GroupKFold,1,5,100550,standard (0.9-1.5m),standard (0.9-1.5m),True
width_bin,width_bin,data/processed/train/width_bin_train.csv,data/features/dinov3_vitb16_remaining_attributes_assets.csv,classification,dinov3_frozen_embeddings_hist_gradient_boosting,hist_gradient_boosting,GroupKFold,1,5,101005,standard (0.9-1.5m),standard (0.9-1.5m),True
width_bin,width_bin,data/processed/train/width_bin_train.csv,data/features/dinov3_vitb16_remaining_attributes_assets.csv,classification,dinov3_frozen_embeddings_hist_gradient_boosting,hist_gradient_boosting,GroupKFold,1,5,102441,standard (0.9-1.5m),standard (0.9-1.5m),True
width_bin,width_bin,data/processed/train/width_bin_train.csv,data/features/dinov3_vitb16_remaining_attributes_assets.csv,classification,dinov3_frozen_embeddings_hist_gradient_boosting,hist_gradient_boosting,GroupKFold,1,5,105246,standard (0.9-1.5m),standard (0.9-1.5m),True
width_bin,width_bin,data/processed/train/width_bin_train.csv,data/features/dinov3_vitb16_remaining_attributes_assets.csv,classification,dinov3_frozen_embeddings_hist_gradient_boosting,hist_gradient_boosting,GroupKFold,1,5,107053,standard (0.9-1.5m),standard (0.9-1.5m),True
width_bin,width_bin,data/processed/train/width_bin_train.csv,data/features/dinov3_vitb16_remaining_attributes_assets.csv,classification,dinov3_frozen_embeddings_hist_gradient_boosting,hist_gradient_boosting,GroupKFold,1,5,107065,standard (0.9-1.5m),standard (0.9-1.5m),True
width_bin,width_bin,data/processed/train/width_bin_train.csv,data/features/dinov3_vitb16_remaining_attributes_assets.csv,classification,dinov3_frozen_embeddings_hist_gradient_boosting,hist_gradient_boosting,GroupKFold,1,5,107320,standard (0.9-1.5m),standard (0.9-1.5m),True
width_bin,width_bin,data/processed/train/width_bin_train.csv,data/features/dinov3_vitb16_remaining_attributes_assets.csv,classification,dinov3_frozen_embeddings_hist_gradient_boosting,hist_gradient_boosting,GroupKFold,1,5,107345,standard (0.9-1.5m),standard (0.9-1.5m),True
width_bin,width_bin,data/processed/train/width_bin_train.csv,data/features/dinov3_vitb16_remaining_attributes_assets.csv,classification,dinov3_frozen_embeddings_hist_gradient_boosting,hist_gradient_boosting,GroupKFold,1,5,107361,standard (0.9-1.5m),standard (0.9-1.5m),True
width_bin,width_bin,data/processed/train/width_bin_train.csv,data/features/dinov3_vitb16_remaining_attributes_assets.csv,classification,dinov3_frozen_embeddings_hist_gradient_boosting,hist_gradient_boosting,GroupKFold,1,5,107365,standard (0.9-1.5m),standard (0.9-1.5m),True
width_bin,width_bin,data/processed/train/width_bin_train.csv,data/features/dinov3_vitb16_remaining_attributes_assets.csv,classification,dinov3_frozen_embeddings_hist_gradient_boosting,hist_gradient_boosting,GroupKFold,1,5,107883,standard (0.9-1.5m),standard (0.9-1.5m),True
width_bin,width_bin,data/processed/train/width_bin_train.csv,data/features/dinov3_vitb16_remaining_attributes_assets.csv,classification,dinov3_frozen_embeddings_hist_gradient_boosting,hist_gradient_boosting,GroupKFold,1,5,107909,standard (0.9-1.5m),standard (0.9-1.5m),True
width_bin,width_bin,data/processed/train/width_bin_train.csv,data/features/dinov3_vitb16_remaining_attributes_assets.csv,classification,dinov3_frozen_embeddings_hist_gradient_boosting,hist_gradient_boosting,GroupKFold,1,5,107919,standard (0.9-1.5m),standard (0.9-1.5m),True
width_bin,width_bin,data/processed/train/width_bin_train.csv,data/features/dinov3_vitb16_remaining_attributes_assets.csv,classification,dinov3_frozen_embeddings_hist_gradient_boosting,hist_gradient_boosting,GroupKFold,1,5,107978,standard (0.9-1.5m),standard (0.9-1.5m),True
width_bin,width_bin,data/processed/train/width_bin_train.csv,data/features/dinov3_vitb16_remaining_attributes_assets.csv,classification,dinov3_frozen_embeddings_hist_gradient_boosting,hist_gradient_boosting,GroupKFold,1,5,107991,standard (0.9-1.5m),standard (0.9-1.5m),True
width_bin,width_bin,data/processed/train/width_bin_train.csv,data/features/dinov3_vitb16_remaining_attributes_assets.csv,classification,dinov3_frozen_embeddings_hist_gradient_boosting,hist_gradient_boosting,GroupKFold,1,5,108011,standard (0.9-1.5m),standard (0.9-1.5m),True
width_bin,width_bin,data/processed/train/width_bin_train.csv,data/features/dinov3_vitb16_remaining_attributes_assets.csv,classification,dinov3_frozen_embeddings_hist_gradient_boosting,hist_gradient_boosting,GroupKFold,1,5,108023,standard (0.9-1.5m),standard (0.9-1.5m),True
width_bin,width_bin,data/processed/train/width_bin_train.csv,data/features/dinov3_vitb16_remaining_attributes_assets.csv,classification,dinov3_frozen_embeddings_hist_gradient_boosting,hist_gradient_boosting,GroupKFold,1,5,108327,standard (0.9-1.5m),standard (0.9-1.5m),True
width_bin,width_bin,data/processed/train/width_bin_train.csv,data/features/dinov3_vitb16_remaining_attributes_assets.csv,classification,dinov3_frozen_embeddings_hist_gradient_boosting,hist_gradient_boosting,GroupKFold,1,5,108355,standard (0.9-1.5m),standard (0.9-1.5m),True
width_bin,width_bin,data/processed/train/width_bin_train.csv,data/features/dinov3_vitb16_remaining_attributes_assets.csv,classification,dinov3_frozen_embeddings_hist_gradient_boosting,hist_gradient_boosting,GroupKFold,1,5,108655,wide (>1.5m),standard (0.9-1.5m),False
width_bin,width_bin,data/processed/train/width_bin_train.csv,data/features/dinov3_vitb16_remaining_attributes_assets.csv,classification,dinov3_frozen_embeddings_hist_gradient_boosting,hist_gradient_boosting,GroupKFold,1,5,108660,wide (>1.5m),standard (0.9-1.5m),False
width_bin,width_bin,data/processed/train/width_bin_train.csv,data/features/dinov3_vitb16_remaining_attributes_assets.csv,classification,dinov3_frozen_embeddings_hist_gradient_boosting,hist_gradient_boosting,GroupKFold,1,5,108729,narrow (<0.9m),standard (0.9-1.5m),False
width_bin,width_bin,data/processed/train/width_bin_train.csv,data/features/dinov3_vitb16_remaining_attributes_assets.csv,classification,dinov3_frozen_embeddings_hist_gradient_boosting,hist_gradient_boosting,GroupKFold,1,5,109163,standard (0.9-1.5m),standard (0.9-1.5m),True
width_bin,width_bin,data/processed/train/width_bin_train.csv,data/features/dinov3_vitb16_remaining_attributes_assets.csv,classification,dinov3_frozen_embeddings_hist_gradient_boosting,hist_gradient_boosting,GroupKFold,1,5,109419,wide (>1.5m),standard (0.9-1.5m),False
width_bin,width_bin,data/processed/train/width_bin_train.csv,data/features/dinov3_vitb16_remaining_attributes_assets.csv,classification,dinov3_frozen_embeddings_hist_gradient_boosting,hist_gradient_boosting,GroupKFold,1,5,109699,narrow (<0.9m),narrow (<0.9m),True
width_bin,width_bin,data/processed/train/width_bin_train.csv,data/features/dinov3_vitb16_remaining_attributes_assets.csv,classification,dinov3_frozen_embeddings_hist_gradient_boosting,hist_gradient_boosting,GroupKFold,1,5,109700,narrow (<0.9m),standard (0.9-1.5m),False
width_bin,width_bin,data/processed/train/width_bin_train.csv,data/features/dinov3_vitb16_remaining_attributes_assets.csv,classification,dinov3_frozen_embeddings_hist_gradient_boosting,hist_gradient_boosting,GroupKFold,1,5,109713,narrow (<0.9m),standard (0.9-1.5m),False
width_bin,width_bin,data/processed/train/width_bin_train.csv,data/features/dinov3_vitb16_remaining_attributes_assets.csv,classification,dinov3_frozen_embeddings_hist_gradient_boosting,hist_gradient_boosting,GroupKFold,1,5,109822,standard (0.9-1.5m),standard (0.9-1.5m),True
width_bin,width_bin,data/processed/train/width_bin_train.csv,data/features/dinov3_vitb16_remaining_attributes_assets.csv,classification,dinov3_frozen_embeddings_hist_gradient_boosting,hist_gradient_boosting,GroupKFold,1,5,110241,standard (0.9-1.5m),standard (0.9-1.5m),True
width_bin,width_bin,data/processed/train/width_bin_train.csv,data/features/dinov3_vitb16_remaining_attributes_assets.csv,classification,dinov3_frozen_embeddings_hist_gradient_boosting,hist_gradient_boosting,GroupKFold,1,5,110280,standard (0.9-1.5m),standard (0.9-1.5m),True
width_bin,width_bin,data/processed/train/width_bin_train.csv,data/features/dinov3_vitb16_remaining_attributes_assets.csv,classification,dinov3_frozen_embeddings_hist_gradient_boosting,hist_gradient_boosting,GroupKFold,1,5,110282,standard (0.9-1.5m),standard (0.9-1.5m),True
width_bin,width_bin,data/processed/train/width_bin_train.csv,data/features/dinov3_vitb16_remaining_attributes_assets.csv,classification,dinov3_frozen_embeddings_hist_gradient_boosting,hist_gradient_boosting,GroupKFold,1,5,110293,wide (>1.5m),standard (0.9-1.5m),False
width_bin,width_bin,data/processed/train/width_bin_train.csv,data/features/dinov3_vitb16_remaining_attributes_assets.csv,classification,dinov3_frozen_embeddings_hist_gradient_boosting,hist_gradient_boosting,GroupKFold,1,5,110567,narrow (<0.9m),standard (0.9-1.5m),False
width_bin,width_bin,data/processed/train/width_bin_train.csv,data/features/dinov3_vitb16_remaining_attributes_assets.csv,classification,dinov3_frozen_embeddings_hist_gradient_boosting,hist_gradient_boosting,GroupKFold,1,5,110570,standard (0.9-1.5m),standard (0.9-1.5m),True
width_bin,width_bin,data/processed/train/width_bin_train.csv,data/features/dinov3_vitb16_remaining_attributes_assets.csv,classification,dinov3_frozen_embeddings_hist_gradient_boosting,hist_gradient_boosting,GroupKFold,1,5,110712,standard (0.9-1.5m),standard (0.9-1.5m),True
width_bin,width_bin,data/processed/train/width_bin_train.csv,data/features/dinov3_vitb16_remaining_attributes_assets.csv,classification,dinov3_frozen_embeddings_hist_gradient_boosting,hist_gradient_boosting,GroupKFold,1,5,110822,standard (0.9-1.5m),standard (0.9-1.5m),True
width_bin,width_bin,data/processed/train/width_bin_train.csv,data/features/dinov3_vitb16_remaining_attributes_assets.csv,classification,dinov3_frozen_embeddings_hist_gradient_boosting,hist_gradient_boosting,GroupKFold,1,5,110837,standard (0.9-1.5m),standard (0.9-1.5m),True
width_bin,width_bin,data/processed/train/width_bin_train.csv,data/features/dinov3_vitb16_remaining_attributes_assets.csv,classification,dinov3_frozen_embeddings_hist_gradient_boosting,hist_gradient_boosting,GroupKFold,1,5,110955,standard (0.9-1.5m),standard (0.9-1.5m),True
width_bin,width_bin,data/processed/train/width_bin_train.csv,data/features/dinov3_vitb16_remaining_attributes_assets.csv,classification,dinov3_frozen_embeddings_hist_gradient_boosting,hist_gradient_boosting,GroupKFold,1,5,110960,standard (0.9-1.5m),standard (0.9-1.5m),True
width_bin,width_bin,data/processed/train/width_bin_train.csv,data/features/dinov3_vitb16_remaining_attributes_assets.csv,classification,dinov3_frozen_embeddings_hist_gradient_boosting,hist_gradient_boosting,GroupKFold,1,5,110966,standard (0.9-1.5m),standard (0.9-1.5m),True
width_bin,width_bin,data/processed/train/width_bin_train.csv,data/features/dinov3_vitb16_remaining_attributes_assets.csv,classification,dinov3_frozen_embeddings_hist_gradient_boosting,hist_gradient_boosting,GroupKFold,1,5,110977,standard (0.9-1.5m),standard (0.9-1.5m),True
width_bin,width_bin,data/processed/train/width_bin_train.csv,data/features/dinov3_vitb16_remaining_attributes_assets.csv,classification,dinov3_frozen_embeddings_hist_gradient_boosting,hist_gradient_boosting,GroupKFold,1,5,111666,narrow (<0.9m),standard (0.9-1.5m),False
width_bin,width_bin,data/processed/train/width_bin_train.csv,data/features/dinov3_vitb16_remaining_attributes_assets.csv,classification,dinov3_frozen_embeddings_hist_gradient_boosting,hist_gradient_boosting,GroupKFold,1,5,111671,narrow (<0.9m),standard (0.9-1.5m),False
width_bin,width_bin,data/processed/train/width_bin_train.csv,data/features/dinov3_vitb16_remaining_attributes_assets.csv,classification,dinov3_frozen_embeddings_hist_gradient_boosting,hist_gradient_boosting,GroupKFold,1,5,111788,narrow (<0.9m),standard (0.9-1.5m),False
width_bin,width_bin,data/processed/train/width_bin_train.csv,data/features/dinov3_vitb16_remaining_attributes_assets.csv,classification,dinov3_frozen_embeddings_hist_gradient_boosting,hist_gradient_boosting,GroupKFold,1,5,111797,narrow (<0.9m),standard (0.9-1.5m),False
width_bin,width_bin,data/processed/train/width_bin_train.csv,data/features/dinov3_vitb16_remaining_attributes_assets.csv,classification,dinov3_frozen_embeddings_hist_gradient_boosting,hist_gradient_boosting,GroupKFold,1,5,111805,standard (0.9-1.5m),standard (0.9-1.5m),True
width_bin,width_bin,data/processed/train/width_bin_train.csv,data/features/dinov3_vitb16_remaining_attributes_assets.csv,classification,dinov3_frozen_embeddings_hist_gradient_boosting,hist_gradient_boosting,GroupKFold,1,5,111813,narrow (<0.9m),standard (0.9-1.5m),False
width_bin,width_bin,data/processed/train/width_bin_train.csv,data/features/dinov3_vitb16_remaining_attributes_assets.csv,classification,dinov3_frozen_embeddings_hist_gradient_boosting,hist_gradient_boosting,GroupKFold,1,5,111821,narrow (<0.9m),standard (0.9-1.5m),False
width_bin,width_bin,data/processed/train/width_bin_train.csv,data/features/dinov3_vitb16_remaining_attributes_assets.csv,classification,dinov3_frozen_embeddings_hist_gradient_boosting,hist_gradient_boosting,GroupKFold,1,5,112326,standard (0.9-1.5m),standard (0.9-1.5m),True
width_bin,width_bin,data/processed/train/width_bin_train.csv,data/features/dinov3_vitb16_remaining_attributes_assets.csv,classification,dinov3_frozen_embeddings_hist_gradient_boosting,hist_gradient_boosting,GroupKFold,1,5,112330,standard (0.9-1.5m),standard (0.9-1.5m),True
width_bin,width_bin,data/processed/train/width_bin_train.csv,data/features/dinov3_vitb16_remaining_attributes_assets.csv,classification,dinov3_frozen_embeddings_hist_gradient_boosting,hist_gradient_boosting,GroupKFold,1,5,112576,narrow (<0.9m),standard (0.9-1.5m),False
width_bin,width_bin,data/processed/train/width_bin_train.csv,data/features/dinov3_vitb16_remaining_attributes_assets.csv,classification,dinov3_frozen_embeddings_hist_gradient_boosting,hist_gradient_boosting,GroupKFold,1,5,112612,standard (0.9-1.5m),standard (0.9-1.5m),True
width_bin,width_bin,data/processed/train/width_bin_train.csv,data/features/dinov3_vitb16_remaining_attributes_assets.csv,classification,dinov3_frozen_embeddings_hist_gradient_boosting,hist_gradient_boosting,GroupKFold,1,5,113173,standard (0.9-1.5m),standard (0.9-1.5m),True
width_bin,width_bin,data/processed/train/width_bin_train.csv,data/features/dinov3_vitb16_remaining_attributes_assets.csv,classification,dinov3_frozen_embeddings_hist_gradient_boosting,hist_gradient_boosting,GroupKFold,1,5,114289,standard (0.9-1.5m),standard (0.9-1.5m),True
width_bin,width_bin,data/processed/train/width_bin_train.csv,data/features/dinov3_vitb16_remaining_attributes_assets.csv,classification,dinov3_frozen_embeddings_hist_gradient_boosting,hist_gradient_boosting,GroupKFold,1,5,114560,wide (>1.5m),standard (0.9-1.5m),False
width_bin,width_bin,data/processed/train/width_bin_train.csv,data/features/dinov3_vitb16_remaining_attributes_assets.csv,classification,dinov3_frozen_embeddings_hist_gradient_boosting,hist_gradient_boosting,GroupKFold,1,5,114949,narrow (<0.9m),standard (0.9-1.5m),False
width_bin,width_bin,data/processed/train/width_bin_train.csv,data/features/dinov3_vitb16_remaining_attributes_assets.csv,classification,dinov3_frozen_embeddings_hist_gradient_boosting,hist_gradient_boosting,GroupKFold,1,5,114973,wide (>1.5m),wide (>1.5m),True
width_bin,width_bin,data/processed/train/width_bin_train.csv,data/features/dinov3_vitb16_remaining_attributes_assets.csv,classification,dinov3_frozen_embeddings_hist_gradient_boosting,hist_gradient_boosting,GroupKFold,1,5,115444,standard (0.9-1.5m),standard (0.9-1.5m),True
width_bin,width_bin,data/processed/train/width_bin_train.csv,data/features/dinov3_vitb16_remaining_attributes_assets.csv,classification,dinov3_frozen_embeddings_hist_gradient_boosting,hist_gradient_boosting,GroupKFold,1,5,115449,standard (0.9-1.5m),standard (0.9-1.5m),True
width_bin,width_bin,data/processed/train/width_bin_train.csv,data/features/dinov3_vitb16_remaining_attributes_assets.csv,classification,dinov3_frozen_embeddings_hist_gradient_boosting,hist_gradient_boosting,GroupKFold,1,5,116634,wide (>1.5m),standard (0.9-1.5m),False
width_bin,width_bin,data/processed/train/width_bin_train.csv,data/features/dinov3_vitb16_remaining_attributes_assets.csv,classification,dinov3_frozen_embeddings_hist_gradient_boosting,hist_gradient_boosting,GroupKFold,1,5,117012,standard (0.9-1.5m),standard (0.9-1.5m),True
width_bin,width_bin,data/processed/train/width_bin_train.csv,data/features/dinov3_vitb16_remaining_attributes_assets.csv,classification,dinov3_frozen_embeddings_hist_gradient_boosting,hist_gradient_boosting,GroupKFold,1,5,117015,narrow (<0.9m),narrow (<0.9m),True
width_bin,width_bin,data/processed/train/width_bin_train.csv,data/features/dinov3_vitb16_remaining_attributes_assets.csv,classification,dinov3_frozen_embeddings_hist_gradient_boosting,hist_gradient_boosting,GroupKFold,1,5,117201,standard (0.9-1.5m),standard (0.9-1.5m),True
width_bin,width_bin,data/processed/train/width_bin_train.csv,data/features/dinov3_vitb16_remaining_attributes_assets.csv,classification,dinov3_frozen_embeddings_hist_gradient_boosting,hist_gradient_boosting,GroupKFold,1,5,117535,standard (0.9-1.5m),standard (0.9-1.5m),True
width_bin,width_bin,data/processed/train/width_bin_train.csv,data/features/dinov3_vitb16_remaining_attributes_assets.csv,classification,dinov3_frozen_embeddings_hist_gradient_boosting,hist_gradient_boosting,GroupKFold,1,5,117578,narrow (<0.9m),standard (0.9-1.5m),False
width_bin,width_bin,data/processed/train/width_bin_train.csv,data/features/dinov3_vitb16_remaining_attributes_assets.csv,classification,dinov3_frozen_embeddings_hist_gradient_boosting,hist_gradient_boosting,GroupKFold,1,5,117589,narrow (<0.9m),narrow (<0.9m),True
width_bin,width_bin,data/processed/train/width_bin_train.csv,data/features/dinov3_vitb16_remaining_attributes_assets.csv,classification,dinov3_frozen_embeddings_hist_gradient_boosting,hist_gradient_boosting,GroupKFold,1,5,117595,standard (0.9-1.5m),standard (0.9-1.5m),True
width_bin,width_bin,data/processed/train/width_bin_train.csv,data/features/dinov3_vitb16_remaining_attributes_assets.csv,classification,dinov3_frozen_embeddings_hist_gradient_boosting,hist_gradient_boosting,GroupKFold,1,5,117608,standard (0.9-1.5m),standard (0.9-1.5m),True
width_bin,width_bin,data/processed/train/width_bin_train.csv,data/features/dinov3_vitb16_remaining_attributes_assets.csv,classification,dinov3_frozen_embeddings_hist_gradient_boosting,hist_gradient_boosting,GroupKFold,1,5,118516,standard (0.9-1.5m),standard (0.9-1.5m),True
width_bin,width_bin,data/processed/train/width_bin_train.csv,data/features/dinov3_vitb16_remaining_attributes_assets.csv,classification,dinov3_frozen_embeddings_hist_gradient_boosting,hist_gradient_boosting,GroupKFold,1,5,118770,standard (0.9-1.5m),standard (0.9-1.5m),True
width_bin,width_bin,data/processed/train/width_bin_train.csv,data/features/dinov3_vitb16_remaining_attributes_assets.csv,classification,dinov3_frozen_embeddings_hist_gradient_boosting,hist_gradient_boosting,GroupKFold,1,5,120298,standard (0.9-1.5m),standard (0.9-1.5m),True
width_bin,width_bin,data/processed/train/width_bin_train.csv,data/features/dinov3_vitb16_remaining_attributes_assets.csv,classification,dinov3_frozen_embeddings_hist_gradient_boosting,hist_gradient_boosting,GroupKFold,1,5,120659,narrow (<0.9m),narrow (<0.9m),True
width_bin,width_bin,data/processed/train/width_bin_train.csv,data/features/dinov3_vitb16_remaining_attributes_assets.csv,classification,dinov3_frozen_embeddings_hist_gradient_boosting,hist_gradient_boosting,GroupKFold,1,5,120662,narrow (<0.9m),narrow (<0.9m),True
width_bin,width_bin,data/processed/train/width_bin_train.csv,data/features/dinov3_vitb16_remaining_attributes_assets.csv,classification,dinov3_frozen_embeddings_hist_gradient_boosting,hist_gradient_boosting,GroupKFold,1,5,120663,narrow (<0.9m),narrow (<0.9m),True
width_bin,width_bin,data/processed/train/width_bin_train.csv,data/features/dinov3_vitb16_remaining_attributes_assets.csv,classification,dinov3_frozen_embeddings_hist_gradient_boosting,hist_gradient_boosting,GroupKFold,1,5,120664,narrow (<0.9m),narrow (<0.9m),True
width_bin,width_bin,data/processed/train/width_bin_train.csv,data/features/dinov3_vitb16_remaining_attributes_assets.csv,classification,dinov3_frozen_embeddings_hist_gradient_boosting,hist_gradient_boosting,GroupKFold,1,5,120680,narrow (<0.9m),narrow (<0.9m),True
width_bin,width_bin,data/processed/train/width_bin_train.csv,data/features/dinov3_vitb16_remaining_attributes_assets.csv,classification,dinov3_frozen_embeddings_hist_gradient_boosting,hist_gradient_boosting,GroupKFold,1,5,120681,narrow (<0.9m),standard (0.9-1.5m),False
width_bin,width_bin,data/processed/train/width_bin_train.csv,data/features/dinov3_vitb16_remaining_attributes_assets.csv,classification,dinov3_frozen_embeddings_hist_gradient_boosting,hist_gradient_boosting,GroupKFold,1,5,120695,narrow (<0.9m),narrow (<0.9m),True
width_bin,width_bin,data/processed/train/width_bin_train.csv,data/features/dinov3_vitb16_remaining_attributes_assets.csv,classification,dinov3_frozen_embeddings_hist_gradient_boosting,hist_gradient_boosting,GroupKFold,1,5,120920,narrow (<0.9m),standard (0.9-1.5m),False
width_bin,width_bin,data/processed/train/width_bin_train.csv,data/features/dinov3_vitb16_remaining_attributes_assets.csv,classification,dinov3_frozen_embeddings_hist_gradient_boosting,hist_gradient_boosting,GroupKFold,1,5,121577,wide (>1.5m),standard (0.9-1.5m),False
width_bin,width_bin,data/processed/train/width_bin_train.csv,data/features/dinov3_vitb16_remaining_attributes_assets.csv,classification,dinov3_frozen_embeddings_hist_gradient_boosting,hist_gradient_boosting,GroupKFold,1,5,121587,standard (0.9-1.5m),standard (0.9-1.5m),True
width_bin,width_bin,data/processed/train/width_bin_train.csv,data/features/dinov3_vitb16_remaining_attributes_assets.csv,classification,dinov3_frozen_embeddings_hist_gradient_boosting,hist_gradient_boosting,GroupKFold,1,5,121599,standard (0.9-1.5m),standard (0.9-1.5m),True
width_bin,width_bin,data/processed/train/width_bin_train.csv,data/features/dinov3_vitb16_remaining_attributes_assets.csv,classification,dinov3_frozen_embeddings_hist_gradient_boosting,hist_gradient_boosting,GroupKFold,1,5,121612,wide (>1.5m),standard (0.9-1.5m),False
width_bin,width_bin,data/processed/train/width_bin_train.csv,data/features/dinov3_vitb16_remaining_attributes_assets.csv,classification,dinov3_frozen_embeddings_hist_gradient_boosting,hist_gradient_boosting,GroupKFold,1,5,121670,standard (0.9-1.5m),standard (0.9-1.5m),True
width_bin,width_bin,data/processed/train/width_bin_train.csv,data/features/dinov3_vitb16_remaining_attributes_assets.csv,classification,dinov3_frozen_embeddings_hist_gradient_boosting,hist_gradient_boosting,GroupKFold,1,5,121739,narrow (<0.9m),narrow (<0.9m),True
width_bin,width_bin,data/processed/train/width_bin_train.csv,data/features/dinov3_vitb16_remaining_attributes_assets.csv,classification,dinov3_frozen_embeddings_hist_gradient_boosting,hist_gradient_boosting,GroupKFold,1,5,121788,narrow (<0.9m),standard (0.9-1.5m),False
width_bin,width_bin,data/processed/train/width_bin_train.csv,data/features/dinov3_vitb16_remaining_attributes_assets.csv,classification,dinov3_frozen_embeddings_hist_gradient_boosting,hist_gradient_boosting,GroupKFold,1,5,122368,standard (0.9-1.5m),standard (0.9-1.5m),True
width_bin,width_bin,data/processed/train/width_bin_train.csv,data/features/dinov3_vitb16_remaining_attributes_assets.csv,classification,dinov3_frozen_embeddings_hist_gradient_boosting,hist_gradient_boosting,GroupKFold,1,5,122918,wide (>1.5m),standard (0.9-1.5m),False
width_bin,width_bin,data/processed/train/width_bin_train.csv,data/features/dinov3_vitb16_remaining_attributes_assets.csv,classification,dinov3_frozen_embeddings_hist_gradient_boosting,hist_gradient_boosting,GroupKFold,1,5,123101,standard (0.9-1.5m),standard (0.9-1.5m),True
width_bin,width_bin,data/processed/train/width_bin_train.csv,data/features/dinov3_vitb16_remaining_attributes_assets.csv,classification,dinov3_frozen_embeddings_hist_gradient_boosting,hist_gradient_boosting,GroupKFold,1,5,123785,standard (0.9-1.5m),standard (0.9-1.5m),True
width_bin,width_bin,data/processed/train/width_bin_train.csv,data/features/dinov3_vitb16_remaining_attributes_assets.csv,classification,dinov3_frozen_embeddings_hist_gradient_boosting,hist_gradient_boosting,GroupKFold,1,5,124885,wide (>1.5m),wide (>1.5m),True
width_bin,width_bin,data/processed/train/width_bin_train.csv,data/features/dinov3_vitb16_remaining_attributes_assets.csv,classification,dinov3_frozen_embeddings_hist_gradient_boosting,hist_gradient_boosting,GroupKFold,1,5,126778,standard (0.9-1.5m),standard (0.9-1.5m),True
width_bin,width_bin,data/processed/train/width_bin_train.csv,data/features/dinov3_vitb16_remaining_attributes_assets.csv,classification,dinov3_frozen_embeddings_hist_gradient_boosting,hist_gradient_boosting,GroupKFold,1,5,126833,standard (0.9-1.5m),standard (0.9-1.5m),True
width_bin,width_bin,data/processed/train/width_bin_train.csv,data/features/dinov3_vitb16_remaining_attributes_assets.csv,classification,dinov3_frozen_embeddings_hist_gradient_boosting,hist_gradient_boosting,GroupKFold,1,5,126838,standard (0.9-1.5m),standard (0.9-1.5m),True
width_bin,width_bin,data/processed/train/width_bin_train.csv,data/features/dinov3_vitb16_remaining_attributes_assets.csv,classification,dinov3_frozen_embeddings_hist_gradient_boosting,hist_gradient_boosting,GroupKFold,1,5,126839,standard (0.9-1.5m),standard (0.9-1.5m),True
width_bin,width_bin,data/processed/train/width_bin_train.csv,data/features/dinov3_vitb16_remaining_attributes_assets.csv,classification,dinov3_frozen_embeddings_hist_gradient_boosting,hist_gradient_boosting,GroupKFold,1,5,127155,standard (0.9-1.5m),standard (0.9-1.5m),True
width_bin,width_bin,data/processed/train/width_bin_train.csv,data/features/dinov3_vitb16_remaining_attributes_assets.csv,classification,dinov3_frozen_embeddings_hist_gradient_boosting,hist_gradient_boosting,GroupKFold,1,5,127650,wide (>1.5m),standard (0.9-1.5m),False
width_bin,width_bin,data/processed/train/width_bin_train.csv,data/features/dinov3_vitb16_remaining_attributes_assets.csv,classification,dinov3_frozen_embeddings_hist_gradient_boosting,hist_gradient_boosting,GroupKFold,1,5,129378,wide (>1.5m),standard (0.9-1.5m),False
width_bin,width_bin,data/processed/train/width_bin_train.csv,data/features/dinov3_vitb16_remaining_attributes_assets.csv,classification,dinov3_frozen_embeddings_hist_gradient_boosting,hist_gradient_boosting,GroupKFold,1,5,92846,standard (0.9-1.5m),standard (0.9-1.5m),True
width_bin,width_bin,data/processed/train/width_bin_train.csv,data/features/dinov3_vitb16_remaining_attributes_assets.csv,classification,dinov3_frozen_embeddings_hist_gradient_boosting,hist_gradient_boosting,GroupKFold,1,5,107055,standard (0.9-1.5m),standard (0.9-1.5m),True
width_bin,width_bin,data/processed/train/width_bin_train.csv,data/features/dinov3_vitb16_remaining_attributes_assets.csv,classification,dinov3_frozen_embeddings_hist_gradient_boosting,hist_gradient_boosting,GroupKFold,1,5,107070,standard (0.9-1.5m),standard (0.9-1.5m),True
width_bin,width_bin,data/processed/train/width_bin_train.csv,data/features/dinov3_vitb16_remaining_attributes_assets.csv,classification,dinov3_frozen_embeddings_hist_gradient_boosting,hist_gradient_boosting,GroupKFold,1,5,107077,standard (0.9-1.5m),standard (0.9-1.5m),True
width_bin,width_bin,data/processed/train/width_bin_train.csv,data/features/dinov3_vitb16_remaining_attributes_assets.csv,classification,dinov3_frozen_embeddings_hist_gradient_boosting,hist_gradient_boosting,GroupKFold,1,5,109187,standard (0.9-1.5m),standard (0.9-1.5m),True
width_bin,width_bin,data/processed/train/width_bin_train.csv,data/features/dinov3_vitb16_remaining_attributes_assets.csv,classification,dinov3_frozen_embeddings_hist_gradient_boosting,hist_gradient_boosting,GroupKFold,1,5,109189,standard (0.9-1.5m),standard (0.9-1.5m),True
width_bin,width_bin,data/processed/train/width_bin_train.csv,data/features/dinov3_vitb16_remaining_attributes_assets.csv,classification,dinov3_frozen_embeddings_hist_gradient_boosting,hist_gradient_boosting,GroupKFold,1,5,110276,standard (0.9-1.5m),standard (0.9-1.5m),True
width_bin,width_bin,data/processed/train/width_bin_train.csv,data/features/dinov3_vitb16_remaining_attributes_assets.csv,classification,dinov3_frozen_embeddings_hist_gradient_boosting,hist_gradient_boosting,GroupKFold,1,5,112068,standard (0.9-1.5m),narrow (<3m),False
width_bin,width_bin,data/processed/train/width_bin_train.csv,data/features/dinov3_vitb16_remaining_attributes_assets.csv,classification,dinov3_frozen_embeddings_hist_gradient_boosting,hist_gradient_boosting,GroupKFold,1,5,114054,standard (0.9-1.5m),standard (0.9-1.5m),True
width_bin,width_bin,data/processed/train/width_bin_train.csv,data/features/dinov3_vitb16_remaining_attributes_assets.csv,classification,dinov3_frozen_embeddings_hist_gradient_boosting,hist_gradient_boosting,GroupKFold,1,5,114272,standard (0.9-1.5m),standard (0.9-1.5m),True
width_bin,width_bin,data/processed/train/width_bin_train.csv,data/features/dinov3_vitb16_remaining_attributes_assets.csv,classification,dinov3_frozen_embeddings_hist_gradient_boosting,hist_gradient_boosting,GroupKFold,1,5,117011,narrow (<0.9m),standard (0.9-1.5m),False
width_bin,width_bin,data/processed/train/width_bin_train.csv,data/features/dinov3_vitb16_remaining_attributes_assets.csv,classification,dinov3_frozen_embeddings_hist_gradient_boosting,hist_gradient_boosting,GroupKFold,1,5,118807,narrow (<0.9m),narrow (<0.9m),True
width_bin,width_bin,data/processed/train/width_bin_train.csv,data/features/dinov3_vitb16_remaining_attributes_assets.csv,classification,dinov3_frozen_embeddings_hist_gradient_boosting,hist_gradient_boosting,GroupKFold,1,5,128876,standard (0.9-1.5m),standard (0.9-1.5m),True
width_bin,width_bin,data/processed/train/width_bin_train.csv,data/features/dinov3_vitb16_remaining_attributes_assets.csv,classification,dinov3_frozen_embeddings_hist_gradient_boosting,hist_gradient_boosting,GroupKFold,1,5,128880,standard (0.9-1.5m),wide (>1.5m),False
width_bin,width_bin,data/processed/train/width_bin_train.csv,data/features/dinov3_vitb16_remaining_attributes_assets.csv,classification,dinov3_frozen_embeddings_hist_gradient_boosting,hist_gradient_boosting,GroupKFold,1,5,51536,standard (>=0.8m),standard (0.9-1.5m),False
width_bin,width_bin,data/processed/train/width_bin_train.csv,data/features/dinov3_vitb16_remaining_attributes_assets.csv,classification,dinov3_frozen_embeddings_hist_gradient_boosting,hist_gradient_boosting,GroupKFold,1,5,47636,standard (0.9-1.5m),standard (0.9-1.5m),True
width_bin,width_bin,data/processed/train/width_bin_train.csv,data/features/dinov3_vitb16_remaining_attributes_assets.csv,classification,dinov3_frozen_embeddings_hist_gradient_boosting,hist_gradient_boosting,GroupKFold,1,5,48488,standard (0.9-1.5m),standard (0.9-1.5m),True
width_bin,width_bin,data/processed/train/width_bin_train.csv,data/features/dinov3_vitb16_remaining_attributes_assets.csv,classification,dinov3_frozen_embeddings_hist_gradient_boosting,hist_gradient_boosting,GroupKFold,1,5,48627,standard (0.9-1.5m),standard (0.9-1.5m),True
width_bin,width_bin,data/processed/train/width_bin_train.csv,data/features/dinov3_vitb16_remaining_attributes_assets.csv,classification,dinov3_frozen_embeddings_hist_gradient_boosting,hist_gradient_boosting,GroupKFold,1,5,49061,narrow (<0.9m),standard (0.9-1.5m),False
width_bin,width_bin,data/processed/train/width_bin_train.csv,data/features/dinov3_vitb16_remaining_attributes_assets.csv,classification,dinov3_frozen_embeddings_hist_gradient_boosting,hist_gradient_boosting,GroupKFold,1,5,49062,wide (>1.5m),standard (0.9-1.5m),False
width_bin,width_bin,data/processed/train/width_bin_train.csv,data/features/dinov3_vitb16_remaining_attributes_assets.csv,classification,dinov3_frozen_embeddings_hist_gradient_boosting,hist_gradient_boosting,GroupKFold,1,5,49679,standard (0.9-1.5m),standard (0.9-1.5m),True
width_bin,width_bin,data/processed/train/width_bin_train.csv,data/features/dinov3_vitb16_remaining_attributes_assets.csv,classification,dinov3_frozen_embeddings_hist_gradient_boosting,hist_gradient_boosting,GroupKFold,1,5,49681,standard (0.9-1.5m),standard (0.9-1.5m),True
width_bin,width_bin,data/processed/train/width_bin_train.csv,data/features/dinov3_vitb16_remaining_attributes_assets.csv,classification,dinov3_frozen_embeddings_hist_gradient_boosting,hist_gradient_boosting,GroupKFold,1,5,50654,standard (0.9-1.5m),standard (0.9-1.5m),True
width_bin,width_bin,data/processed/train/width_bin_train.csv,data/features/dinov3_vitb16_remaining_attributes_assets.csv,classification,dinov3_frozen_embeddings_hist_gradient_boosting,hist_gradient_boosting,GroupKFold,1,5,50822,wide (>1.5m),standard (0.9-1.5m),False
width_bin,width_bin,data/processed/train/width_bin_train.csv,data/features/dinov3_vitb16_remaining_attributes_assets.csv,classification,dinov3_frozen_embeddings_hist_gradient_boosting,hist_gradient_boosting,GroupKFold,1,5,51234,standard (0.9-1.5m),standard (0.9-1.5m),True
width_bin,width_bin,data/processed/train/width_bin_train.csv,data/features/dinov3_vitb16_remaining_attributes_assets.csv,classification,dinov3_frozen_embeddings_hist_gradient_boosting,hist_gradient_boosting,GroupKFold,1,5,51218,standard (0.9-1.5m),standard (0.9-1.5m),True
width_bin,width_bin,data/processed/train/width_bin_train.csv,data/features/dinov3_vitb16_remaining_attributes_assets.csv,classification,dinov3_frozen_embeddings_hist_gradient_boosting,hist_gradient_boosting,GroupKFold,1,5,51248,standard (0.9-1.5m),standard (0.9-1.5m),True
width_bin,width_bin,data/processed/train/width_bin_train.csv,data/features/dinov3_vitb16_remaining_attributes_assets.csv,classification,dinov3_frozen_embeddings_hist_gradient_boosting,hist_gradient_boosting,GroupKFold,1,5,51525,wide (>1.5m),medium (3-7m),False
width_bin,width_bin,data/processed/train/width_bin_train.csv,data/features/dinov3_vitb16_remaining_attributes_assets.csv,classification,dinov3_frozen_embeddings_hist_gradient_boosting,hist_gradient_boosting,GroupKFold,1,5,51526,wide (>1.5m),standard (0.9-1.5m),False
width_bin,width_bin,data/processed/train/width_bin_train.csv,data/features/dinov3_vitb16_remaining_attributes_assets.csv,classification,dinov3_frozen_embeddings_hist_gradient_boosting,hist_gradient_boosting,GroupKFold,1,5,51531,wide (>1.5m),standard (0.9-1.5m),False
width_bin,width_bin,data/processed/train/width_bin_train.csv,data/features/dinov3_vitb16_remaining_attributes_assets.csv,classification,dinov3_frozen_embeddings_hist_gradient_boosting,hist_gradient_boosting,GroupKFold,1,5,53798,wide (>1.5m),standard (0.9-1.5m),False
width_bin,width_bin,data/processed/train/width_bin_train.csv,data/features/dinov3_vitb16_remaining_attributes_assets.csv,classification,dinov3_frozen_embeddings_hist_gradient_boosting,hist_gradient_boosting,GroupKFold,1,5,53983,wide (>1.5m),standard (0.9-1.5m),False
width_bin,width_bin,data/processed/train/width_bin_train.csv,data/features/dinov3_vitb16_remaining_attributes_assets.csv,classification,dinov3_frozen_embeddings_hist_gradient_boosting,hist_gradient_boosting,GroupKFold,1,5,54321,standard (0.9-1.5m),wide (>1.5m),False
width_bin,width_bin,data/processed/train/width_bin_train.csv,data/features/dinov3_vitb16_remaining_attributes_assets.csv,classification,dinov3_frozen_embeddings_hist_gradient_boosting,hist_gradient_boosting,GroupKFold,1,5,54206,standard (0.9-1.5m),standard (0.9-1.5m),True
width_bin,width_bin,data/processed/train/width_bin_train.csv,data/features/dinov3_vitb16_remaining_attributes_assets.csv,classification,dinov3_frozen_embeddings_hist_gradient_boosting,hist_gradient_boosting,GroupKFold,1,5,55635,wide (>1.5m),standard (0.9-1.5m),False
width_bin,width_bin,data/processed/train/width_bin_train.csv,data/features/dinov3_vitb16_remaining_attributes_assets.csv,classification,dinov3_frozen_embeddings_hist_gradient_boosting,hist_gradient_boosting,GroupKFold,1,5,55636,standard (0.9-1.5m),standard (0.9-1.5m),True
width_bin,width_bin,data/processed/train/width_bin_train.csv,data/features/dinov3_vitb16_remaining_attributes_assets.csv,classification,dinov3_frozen_embeddings_hist_gradient_boosting,hist_gradient_boosting,GroupKFold,1,5,55641,standard (0.9-1.5m),narrow (<0.9m),False
width_bin,width_bin,data/processed/train/width_bin_train.csv,data/features/dinov3_vitb16_remaining_attributes_assets.csv,classification,dinov3_frozen_embeddings_hist_gradient_boosting,hist_gradient_boosting,GroupKFold,1,5,56205,standard (0.9-1.5m),standard (0.9-1.5m),True
width_bin,width_bin,data/processed/train/width_bin_train.csv,data/features/dinov3_vitb16_remaining_attributes_assets.csv,classification,dinov3_frozen_embeddings_hist_gradient_boosting,hist_gradient_boosting,GroupKFold,1,5,56533,standard (0.9-1.5m),standard (0.9-1.5m),True
width_bin,width_bin,data/processed/train/width_bin_train.csv,data/features/dinov3_vitb16_remaining_attributes_assets.csv,classification,dinov3_frozen_embeddings_hist_gradient_boosting,hist_gradient_boosting,GroupKFold,1,5,57292,standard (0.9-1.5m),standard (0.9-1.5m),True
width_bin,width_bin,data/processed/train/width_bin_train.csv,data/features/dinov3_vitb16_remaining_attributes_assets.csv,classification,dinov3_frozen_embeddings_hist_gradient_boosting,hist_gradient_boosting,GroupKFold,1,5,58409,wide (>1.5m),standard (0.9-1.5m),False
width_bin,width_bin,data/processed/train/width_bin_train.csv,data/features/dinov3_vitb16_remaining_attributes_assets.csv,classification,dinov3_frozen_embeddings_hist_gradient_boosting,hist_gradient_boosting,GroupKFold,1,5,58954,standard (0.9-1.5m),standard (0.9-1.5m),True
width_bin,width_bin,data/processed/train/width_bin_train.csv,data/features/dinov3_vitb16_remaining_attributes_assets.csv,classification,dinov3_frozen_embeddings_hist_gradient_boosting,hist_gradient_boosting,GroupKFold,1,5,58956,standard (0.9-1.5m),standard (0.9-1.5m),True
width_bin,width_bin,data/processed/train/width_bin_train.csv,data/features/dinov3_vitb16_remaining_attributes_assets.csv,classification,dinov3_frozen_embeddings_hist_gradient_boosting,hist_gradient_boosting,GroupKFold,1,5,59060,wide (>1.5m),medium (3-7m),False
width_bin,width_bin,data/processed/train/width_bin_train.csv,data/features/dinov3_vitb16_remaining_attributes_assets.csv,classification,dinov3_frozen_embeddings_hist_gradient_boosting,hist_gradient_boosting,GroupKFold,1,5,60126,standard (0.9-1.5m),standard (0.9-1.5m),True
width_bin,width_bin,data/processed/train/width_bin_train.csv,data/features/dinov3_vitb16_remaining_attributes_assets.csv,classification,dinov3_frozen_embeddings_hist_gradient_boosting,hist_gradient_boosting,GroupKFold,1,5,61110,standard (0.9-1.5m),standard (0.9-1.5m),True
width_bin,width_bin,data/processed/train/width_bin_train.csv,data/features/dinov3_vitb16_remaining_attributes_assets.csv,classification,dinov3_frozen_embeddings_hist_gradient_boosting,hist_gradient_boosting,GroupKFold,1,5,61113,standard (0.9-1.5m),narrow (<0.9m),False
width_bin,width_bin,data/processed/train/width_bin_train.csv,data/features/dinov3_vitb16_remaining_attributes_assets.csv,classification,dinov3_frozen_embeddings_hist_gradient_boosting,hist_gradient_boosting,GroupKFold,1,5,61499,standard (0.9-1.5m),standard (0.9-1.5m),True
width_bin,width_bin,data/processed/train/width_bin_train.csv,data/features/dinov3_vitb16_remaining_attributes_assets.csv,classification,dinov3_frozen_embeddings_hist_gradient_boosting,hist_gradient_boosting,GroupKFold,1,5,62290,narrow (<0.9m),standard (0.9-1.5m),False
width_bin,width_bin,data/processed/train/width_bin_train.csv,data/features/dinov3_vitb16_remaining_attributes_assets.csv,classification,dinov3_frozen_embeddings_hist_gradient_boosting,hist_gradient_boosting,GroupKFold,1,5,63297,standard (0.9-1.5m),standard (0.9-1.5m),True
width_bin,width_bin,data/processed/train/width_bin_train.csv,data/features/dinov3_vitb16_remaining_attributes_assets.csv,classification,dinov3_frozen_embeddings_hist_gradient_boosting,hist_gradient_boosting,GroupKFold,1,5,64100,standard (0.9-1.5m),standard (0.9-1.5m),True
width_bin,width_bin,data/processed/train/width_bin_train.csv,data/features/dinov3_vitb16_remaining_attributes_assets.csv,classification,dinov3_frozen_embeddings_hist_gradient_boosting,hist_gradient_boosting,GroupKFold,1,5,64111,standard (0.9-1.5m),standard (0.9-1.5m),True
width_bin,width_bin,data/processed/train/width_bin_train.csv,data/features/dinov3_vitb16_remaining_attributes_assets.csv,classification,dinov3_frozen_embeddings_hist_gradient_boosting,hist_gradient_boosting,GroupKFold,1,5,64126,standard (0.9-1.5m),standard (0.9-1.5m),True
width_bin,width_bin,data/processed/train/width_bin_train.csv,data/features/dinov3_vitb16_remaining_attributes_assets.csv,classification,dinov3_frozen_embeddings_hist_gradient_boosting,hist_gradient_boosting,GroupKFold,1,5,64142,standard (0.9-1.5m),standard (0.9-1.5m),True
width_bin,width_bin,data/processed/train/width_bin_train.csv,data/features/dinov3_vitb16_remaining_attributes_assets.csv,classification,dinov3_frozen_embeddings_hist_gradient_boosting,hist_gradient_boosting,GroupKFold,1,5,65423,standard (0.9-1.5m),standard (0.9-1.5m),True
width_bin,width_bin,data/processed/train/width_bin_train.csv,data/features/dinov3_vitb16_remaining_attributes_assets.csv,classification,dinov3_frozen_embeddings_hist_gradient_boosting,hist_gradient_boosting,GroupKFold,1,5,65427,standard (0.9-1.5m),standard (0.9-1.5m),True
width_bin,width_bin,data/processed/train/width_bin_train.csv,data/features/dinov3_vitb16_remaining_attributes_assets.csv,classification,dinov3_frozen_embeddings_hist_gradient_boosting,hist_gradient_boosting,GroupKFold,1,5,66169,standard (0.9-1.5m),narrow (<0.9m),False
width_bin,width_bin,data/processed/train/width_bin_train.csv,data/features/dinov3_vitb16_remaining_attributes_assets.csv,classification,dinov3_frozen_embeddings_hist_gradient_boosting,hist_gradient_boosting,GroupKFold,1,5,66173,standard (0.9-1.5m),standard (0.9-1.5m),True
width_bin,width_bin,data/processed/train/width_bin_train.csv,data/features/dinov3_vitb16_remaining_attributes_assets.csv,classification,dinov3_frozen_embeddings_hist_gradient_boosting,hist_gradient_boosting,GroupKFold,1,5,66920,standard (0.9-1.5m),standard (0.9-1.5m),True
width_bin,width_bin,data/processed/train/width_bin_train.csv,data/features/dinov3_vitb16_remaining_attributes_assets.csv,classification,dinov3_frozen_embeddings_hist_gradient_boosting,hist_gradient_boosting,GroupKFold,1,5,67205,wide (>1.5m),wide (>1.5m),True
width_bin,width_bin,data/processed/train/width_bin_train.csv,data/features/dinov3_vitb16_remaining_attributes_assets.csv,classification,dinov3_frozen_embeddings_hist_gradient_boosting,hist_gradient_boosting,GroupKFold,1,5,67465,wide (>1.5m),standard (0.9-1.5m),False
width_bin,width_bin,data/processed/train/width_bin_train.csv,data/features/dinov3_vitb16_remaining_attributes_assets.csv,classification,dinov3_frozen_embeddings_hist_gradient_boosting,hist_gradient_boosting,GroupKFold,1,5,83141,standard (0.9-1.5m),standard (0.9-1.5m),True
width_bin,width_bin,data/processed/train/width_bin_train.csv,data/features/dinov3_vitb16_remaining_attributes_assets.csv,classification,dinov3_frozen_embeddings_hist_gradient_boosting,hist_gradient_boosting,GroupKFold,1,5,85364,standard (0.9-1.5m),wide (>1.5m),False
width_bin,width_bin,data/processed/train/width_bin_train.csv,data/features/dinov3_vitb16_remaining_attributes_assets.csv,classification,dinov3_frozen_embeddings_hist_gradient_boosting,hist_gradient_boosting,GroupKFold,1,5,86521,wide (>1.5m),standard (0.9-1.5m),False
width_bin,width_bin,data/processed/train/width_bin_train.csv,data/features/dinov3_vitb16_remaining_attributes_assets.csv,classification,dinov3_frozen_embeddings_hist_gradient_boosting,hist_gradient_boosting,GroupKFold,1,5,87745,wide (>1.5m),wide (>1.5m),True
width_bin,width_bin,data/processed/train/width_bin_train.csv,data/features/dinov3_vitb16_remaining_attributes_assets.csv,classification,dinov3_frozen_embeddings_hist_gradient_boosting,hist_gradient_boosting,GroupKFold,1,5,88733,wide (>1.5m),standard (0.9-1.5m),False
width_bin,width_bin,data/processed/train/width_bin_train.csv,data/features/dinov3_vitb16_remaining_attributes_assets.csv,classification,dinov3_frozen_embeddings_hist_gradient_boosting,hist_gradient_boosting,GroupKFold,1,5,89443,standard (0.9-1.5m),standard (0.9-1.5m),True
width_bin,width_bin,data/processed/train/width_bin_train.csv,data/features/dinov3_vitb16_remaining_attributes_assets.csv,classification,dinov3_frozen_embeddings_hist_gradient_boosting,hist_gradient_boosting,GroupKFold,1,5,89450,standard (0.9-1.5m),standard (0.9-1.5m),True
width_bin,width_bin,data/processed/train/width_bin_train.csv,data/features/dinov3_vitb16_remaining_attributes_assets.csv,classification,dinov3_frozen_embeddings_hist_gradient_boosting,hist_gradient_boosting,GroupKFold,1,5,89596,standard (0.9-1.5m),standard (0.9-1.5m),True
width_bin,width_bin,data/processed/train/width_bin_train.csv,data/features/dinov3_vitb16_remaining_attributes_assets.csv,classification,dinov3_frozen_embeddings_hist_gradient_boosting,hist_gradient_boosting,GroupKFold,1,5,89727,standard (0.9-1.5m),standard (0.9-1.5m),True
width_bin,width_bin,data/processed/train/width_bin_train.csv,data/features/dinov3_vitb16_remaining_attributes_assets.csv,classification,dinov3_frozen_embeddings_hist_gradient_boosting,hist_gradient_boosting,GroupKFold,1,5,90361,standard (0.9-1.5m),standard (0.9-1.5m),True
width_bin,width_bin,data/processed/train/width_bin_train.csv,data/features/dinov3_vitb16_remaining_attributes_assets.csv,classification,dinov3_frozen_embeddings_hist_gradient_boosting,hist_gradient_boosting,GroupKFold,1,5,91832,wide (>1.5m),standard (0.9-1.5m),False
width_bin,width_bin,data/processed/train/width_bin_train.csv,data/features/dinov3_vitb16_remaining_attributes_assets.csv,classification,dinov3_frozen_embeddings_hist_gradient_boosting,hist_gradient_boosting,GroupKFold,1,5,92149,narrow (<0.9m),standard (0.9-1.5m),False
width_bin,width_bin,data/processed/train/width_bin_train.csv,data/features/dinov3_vitb16_remaining_attributes_assets.csv,classification,dinov3_frozen_embeddings_hist_gradient_boosting,hist_gradient_boosting,GroupKFold,1,5,92152,narrow (<0.9m),standard (0.9-1.5m),False
width_bin,width_bin,data/processed/train/width_bin_train.csv,data/features/dinov3_vitb16_remaining_attributes_assets.csv,classification,dinov3_frozen_embeddings_hist_gradient_boosting,hist_gradient_boosting,GroupKFold,1,5,92164,narrow (<0.9m),standard (0.9-1.5m),False
width_bin,width_bin,data/processed/train/width_bin_train.csv,data/features/dinov3_vitb16_remaining_attributes_assets.csv,classification,dinov3_frozen_embeddings_hist_gradient_boosting,hist_gradient_boosting,GroupKFold,1,5,92854,wide (>1.5m),standard (0.9-1.5m),False
width_bin,width_bin,data/processed/train/width_bin_train.csv,data/features/dinov3_vitb16_remaining_attributes_assets.csv,classification,dinov3_frozen_embeddings_hist_gradient_boosting,hist_gradient_boosting,GroupKFold,1,5,93036,standard (0.9-1.5m),standard (0.9-1.5m),True
width_bin,width_bin,data/processed/train/width_bin_train.csv,data/features/dinov3_vitb16_remaining_attributes_assets.csv,classification,dinov3_frozen_embeddings_hist_gradient_boosting,hist_gradient_boosting,GroupKFold,1,5,93041,wide (>1.5m),standard (0.9-1.5m),False
width_bin,width_bin,data/processed/train/width_bin_train.csv,data/features/dinov3_vitb16_remaining_attributes_assets.csv,classification,dinov3_frozen_embeddings_hist_gradient_boosting,hist_gradient_boosting,GroupKFold,1,5,99611,standard (0.9-1.5m),standard (0.9-1.5m),True
width_bin,width_bin,data/processed/train/width_bin_train.csv,data/features/dinov3_vitb16_remaining_attributes_assets.csv,classification,dinov3_frozen_embeddings_hist_gradient_boosting,hist_gradient_boosting,GroupKFold,1,5,99612,wide (>1.5m),wide (>1.5m),True
width_bin,width_bin,data/processed/train/width_bin_train.csv,data/features/dinov3_vitb16_remaining_attributes_assets.csv,classification,dinov3_frozen_embeddings_hist_gradient_boosting,hist_gradient_boosting,GroupKFold,1,5,99614,standard (0.9-1.5m),wide (>1.5m),False
width_bin,width_bin,data/processed/train/width_bin_train.csv,data/features/dinov3_vitb16_remaining_attributes_assets.csv,classification,dinov3_frozen_embeddings_hist_gradient_boosting,hist_gradient_boosting,GroupKFold,1,5,99880,narrow (<0.9m),narrow (<0.9m),True
width_bin,width_bin,data/processed/train/width_bin_train.csv,data/features/dinov3_vitb16_remaining_attributes_assets.csv,classification,dinov3_frozen_embeddings_hist_gradient_boosting,hist_gradient_boosting,GroupKFold,1,5,100140,wide (>1.5m),wide (>1.5m),True
width_bin,width_bin,data/processed/train/width_bin_train.csv,data/features/dinov3_vitb16_remaining_attributes_assets.csv,classification,dinov3_frozen_embeddings_hist_gradient_boosting,hist_gradient_boosting,GroupKFold,1,5,100184,wide (>1.5m),wide (>1.5m),True
width_bin,width_bin,data/processed/train/width_bin_train.csv,data/features/dinov3_vitb16_remaining_attributes_assets.csv,classification,dinov3_frozen_embeddings_hist_gradient_boosting,hist_gradient_boosting,GroupKFold,1,5,100274,wide (>1.5m),wide (>1.5m),True
width_bin,width_bin,data/processed/train/width_bin_train.csv,data/features/dinov3_vitb16_remaining_attributes_assets.csv,classification,dinov3_frozen_embeddings_hist_gradient_boosting,hist_gradient_boosting,GroupKFold,1,5,100479,wide (>1.5m),standard (0.9-1.5m),False
width_bin,width_bin,data/processed/train/width_bin_train.csv,data/features/dinov3_vitb16_remaining_attributes_assets.csv,classification,dinov3_frozen_embeddings_hist_gradient_boosting,hist_gradient_boosting,GroupKFold,1,5,101132,wide (>1.5m),wide (>1.5m),True
width_bin,width_bin,data/processed/train/width_bin_train.csv,data/features/dinov3_vitb16_remaining_attributes_assets.csv,classification,dinov3_frozen_embeddings_hist_gradient_boosting,hist_gradient_boosting,GroupKFold,1,5,101134,standard (0.9-1.5m),wide (>1.5m),False
width_bin,width_bin,data/processed/train/width_bin_train.csv,data/features/dinov3_vitb16_remaining_attributes_assets.csv,classification,dinov3_frozen_embeddings_hist_gradient_boosting,hist_gradient_boosting,GroupKFold,1,5,101779,standard (0.9-1.5m),standard (0.9-1.5m),True
width_bin,width_bin,data/processed/train/width_bin_train.csv,data/features/dinov3_vitb16_remaining_attributes_assets.csv,classification,dinov3_frozen_embeddings_hist_gradient_boosting,hist_gradient_boosting,GroupKFold,1,5,102373,wide (>1.5m),standard (0.9-1.5m),False
width_bin,width_bin,data/processed/train/width_bin_train.csv,data/features/dinov3_vitb16_remaining_attributes_assets.csv,classification,dinov3_frozen_embeddings_hist_gradient_boosting,hist_gradient_boosting,GroupKFold,1,5,102844,standard (0.9-1.5m),standard (0.9-1.5m),True
width_bin,width_bin,data/processed/train/width_bin_train.csv,data/features/dinov3_vitb16_remaining_attributes_assets.csv,classification,dinov3_frozen_embeddings_hist_gradient_boosting,hist_gradient_boosting,GroupKFold,1,5,103253,standard (0.9-1.5m),standard (0.9-1.5m),True
width_bin,width_bin,data/processed/train/width_bin_train.csv,data/features/dinov3_vitb16_remaining_attributes_assets.csv,classification,dinov3_frozen_embeddings_hist_gradient_boosting,hist_gradient_boosting,GroupKFold,1,5,105288,standard (0.9-1.5m),standard (0.9-1.5m),True
width_bin,width_bin,data/processed/train/width_bin_train.csv,data/features/dinov3_vitb16_remaining_attributes_assets.csv,classification,dinov3_frozen_embeddings_hist_gradient_boosting,hist_gradient_boosting,GroupKFold,1,5,106042,narrow (<0.9m),narrow (<0.9m),True
width_bin,width_bin,data/processed/train/width_bin_train.csv,data/features/dinov3_vitb16_remaining_attributes_assets.csv,classification,dinov3_frozen_embeddings_hist_gradient_boosting,hist_gradient_boosting,GroupKFold,1,5,106050,narrow (<0.9m),standard (0.9-1.5m),False
width_bin,width_bin,data/processed/train/width_bin_train.csv,data/features/dinov3_vitb16_remaining_attributes_assets.csv,classification,dinov3_frozen_embeddings_hist_gradient_boosting,hist_gradient_boosting,GroupKFold,1,5,107069,standard (0.9-1.5m),standard (0.9-1.5m),True
width_bin,width_bin,data/processed/train/width_bin_train.csv,data/features/dinov3_vitb16_remaining_attributes_assets.csv,classification,dinov3_frozen_embeddings_hist_gradient_boosting,hist_gradient_boosting,GroupKFold,1,5,107890,standard (0.9-1.5m),standard (0.9-1.5m),True
width_bin,width_bin,data/processed/train/width_bin_train.csv,data/features/dinov3_vitb16_remaining_attributes_assets.csv,classification,dinov3_frozen_embeddings_hist_gradient_boosting,hist_gradient_boosting,GroupKFold,1,5,107907,standard (0.9-1.5m),standard (0.9-1.5m),True
width_bin,width_bin,data/processed/train/width_bin_train.csv,data/features/dinov3_vitb16_remaining_attributes_assets.csv,classification,dinov3_frozen_embeddings_hist_gradient_boosting,hist_gradient_boosting,GroupKFold,1,5,107914,standard (0.9-1.5m),standard (0.9-1.5m),True
width_bin,width_bin,data/processed/train/width_bin_train.csv,data/features/dinov3_vitb16_remaining_attributes_assets.csv,classification,dinov3_frozen_embeddings_hist_gradient_boosting,hist_gradient_boosting,GroupKFold,1,5,107969,standard (0.9-1.5m),standard (0.9-1.5m),True
width_bin,width_bin,data/processed/train/width_bin_train.csv,data/features/dinov3_vitb16_remaining_attributes_assets.csv,classification,dinov3_frozen_embeddings_hist_gradient_boosting,hist_gradient_boosting,GroupKFold,1,5,107998,standard (0.9-1.5m),standard (0.9-1.5m),True
width_bin,width_bin,data/processed/train/width_bin_train.csv,data/features/dinov3_vitb16_remaining_attributes_assets.csv,classification,dinov3_frozen_embeddings_hist_gradient_boosting,hist_gradient_boosting,GroupKFold,1,5,108107,wide (>1.5m),standard (0.9-1.5m),False
width_bin,width_bin,data/processed/train/width_bin_train.csv,data/features/dinov3_vitb16_remaining_attributes_assets.csv,classification,dinov3_frozen_embeddings_hist_gradient_boosting,hist_gradient_boosting,GroupKFold,1,5,108731,standard (0.9-1.5m),standard (0.9-1.5m),True
width_bin,width_bin,data/processed/train/width_bin_train.csv,data/features/dinov3_vitb16_remaining_attributes_assets.csv,classification,dinov3_frozen_embeddings_hist_gradient_boosting,hist_gradient_boosting,GroupKFold,1,5,109138,standard (0.9-1.5m),standard (0.9-1.5m),True
width_bin,width_bin,data/processed/train/width_bin_train.csv,data/features/dinov3_vitb16_remaining_attributes_assets.csv,classification,dinov3_frozen_embeddings_hist_gradient_boosting,hist_gradient_boosting,GroupKFold,1,5,109407,narrow (<0.9m),standard (0.9-1.5m),False
width_bin,width_bin,data/processed/train/width_bin_train.csv,data/features/dinov3_vitb16_remaining_attributes_assets.csv,classification,dinov3_frozen_embeddings_hist_gradient_boosting,hist_gradient_boosting,GroupKFold,1,5,109534,wide (>1.5m),standard (0.9-1.5m),False
width_bin,width_bin,data/processed/train/width_bin_train.csv,data/features/dinov3_vitb16_remaining_attributes_assets.csv,classification,dinov3_frozen_embeddings_hist_gradient_boosting,hist_gradient_boosting,GroupKFold,1,5,110171,standard (0.9-1.5m),standard (0.9-1.5m),True
width_bin,width_bin,data/processed/train/width_bin_train.csv,data/features/dinov3_vitb16_remaining_attributes_assets.csv,classification,dinov3_frozen_embeddings_hist_gradient_boosting,hist_gradient_boosting,GroupKFold,1,5,111002,standard (0.9-1.5m),narrow (<0.9m),False
width_bin,width_bin,data/processed/train/width_bin_train.csv,data/features/dinov3_vitb16_remaining_attributes_assets.csv,classification,dinov3_frozen_embeddings_hist_gradient_boosting,hist_gradient_boosting,GroupKFold,1,5,112406,standard (0.9-1.5m),standard (0.9-1.5m),True
width_bin,width_bin,data/processed/train/width_bin_train.csv,data/features/dinov3_vitb16_remaining_attributes_assets.csv,classification,dinov3_frozen_embeddings_hist_gradient_boosting,hist_gradient_boosting,GroupKFold,1,5,113125,wide (>1.5m),standard (0.9-1.5m),False
width_bin,width_bin,data/processed/train/width_bin_train.csv,data/features/dinov3_vitb16_remaining_attributes_assets.csv,classification,dinov3_frozen_embeddings_hist_gradient_boosting,hist_gradient_boosting,GroupKFold,1,5,113952,wide (>1.5m),standard (0.9-1.5m),False
width_bin,width_bin,data/processed/train/width_bin_train.csv,data/features/dinov3_vitb16_remaining_attributes_assets.csv,classification,dinov3_frozen_embeddings_hist_gradient_boosting,hist_gradient_boosting,GroupKFold,1,5,114290,standard (0.9-1.5m),standard (0.9-1.5m),True
width_bin,width_bin,data/processed/train/width_bin_train.csv,data/features/dinov3_vitb16_remaining_attributes_assets.csv,classification,dinov3_frozen_embeddings_hist_gradient_boosting,hist_gradient_boosting,GroupKFold,1,5,114646,standard (0.9-1.5m),standard (0.9-1.5m),True
width_bin,width_bin,data/processed/train/width_bin_train.csv,data/features/dinov3_vitb16_remaining_attributes_assets.csv,classification,dinov3_frozen_embeddings_hist_gradient_boosting,hist_gradient_boosting,GroupKFold,1,5,114702,wide (>1.5m),wide (>1.5m),True
width_bin,width_bin,data/processed/train/width_bin_train.csv,data/features/dinov3_vitb16_remaining_attributes_assets.csv,classification,dinov3_frozen_embeddings_hist_gradient_boosting,hist_gradient_boosting,GroupKFold,1,5,114932,wide (>1.5m),wide (>1.5m),True
width_bin,width_bin,data/processed/train/width_bin_train.csv,data/features/dinov3_vitb16_remaining_attributes_assets.csv,classification,dinov3_frozen_embeddings_hist_gradient_boosting,hist_gradient_boosting,GroupKFold,1,5,114963,wide (>1.5m),standard (0.9-1.5m),False
width_bin,width_bin,data/processed/train/width_bin_train.csv,data/features/dinov3_vitb16_remaining_attributes_assets.csv,classification,dinov3_frozen_embeddings_hist_gradient_boosting,hist_gradient_boosting,GroupKFold,1,5,115870,standard (0.9-1.5m),standard (0.9-1.5m),True
width_bin,width_bin,data/processed/train/width_bin_train.csv,data/features/dinov3_vitb16_remaining_attributes_assets.csv,classification,dinov3_frozen_embeddings_hist_gradient_boosting,hist_gradient_boosting,GroupKFold,1,5,117195,standard (0.9-1.5m),standard (0.9-1.5m),True
width_bin,width_bin,data/processed/train/width_bin_train.csv,data/features/dinov3_vitb16_remaining_attributes_assets.csv,classification,dinov3_frozen_embeddings_hist_gradient_boosting,hist_gradient_boosting,GroupKFold,1,5,117196,standard (0.9-1.5m),standard (0.9-1.5m),True
width_bin,width_bin,data/processed/train/width_bin_train.csv,data/features/dinov3_vitb16_remaining_attributes_assets.csv,classification,dinov3_frozen_embeddings_hist_gradient_boosting,hist_gradient_boosting,GroupKFold,1,5,117211,standard (0.9-1.5m),standard (0.9-1.5m),True
width_bin,width_bin,data/processed/train/width_bin_train.csv,data/features/dinov3_vitb16_remaining_attributes_assets.csv,classification,dinov3_frozen_embeddings_hist_gradient_boosting,hist_gradient_boosting,GroupKFold,1,5,117339,standard (0.9-1.5m),wide (>1.5m),False
width_bin,width_bin,data/processed/train/width_bin_train.csv,data/features/dinov3_vitb16_remaining_attributes_assets.csv,classification,dinov3_frozen_embeddings_hist_gradient_boosting,hist_gradient_boosting,GroupKFold,1,5,117364,wide (>1.5m),standard (0.9-1.5m),False
width_bin,width_bin,data/processed/train/width_bin_train.csv,data/features/dinov3_vitb16_remaining_attributes_assets.csv,classification,dinov3_frozen_embeddings_hist_gradient_boosting,hist_gradient_boosting,GroupKFold,1,5,119844,standard (0.9-1.5m),standard (0.9-1.5m),True
width_bin,width_bin,data/processed/train/width_bin_train.csv,data/features/dinov3_vitb16_remaining_attributes_assets.csv,classification,dinov3_frozen_embeddings_hist_gradient_boosting,hist_gradient_boosting,GroupKFold,1,5,119851,standard (0.9-1.5m),standard (0.9-1.5m),True
width_bin,width_bin,data/processed/train/width_bin_train.csv,data/features/dinov3_vitb16_remaining_attributes_assets.csv,classification,dinov3_frozen_embeddings_hist_gradient_boosting,hist_gradient_boosting,GroupKFold,1,5,120299,standard (0.9-1.5m),standard (0.9-1.5m),True
width_bin,width_bin,data/processed/train/width_bin_train.csv,data/features/dinov3_vitb16_remaining_attributes_assets.csv,classification,dinov3_frozen_embeddings_hist_gradient_boosting,hist_gradient_boosting,GroupKFold,1,5,120999,standard (0.9-1.5m),standard (0.9-1.5m),True
width_bin,width_bin,data/processed/train/width_bin_train.csv,data/features/dinov3_vitb16_remaining_attributes_assets.csv,classification,dinov3_frozen_embeddings_hist_gradient_boosting,hist_gradient_boosting,GroupKFold,1,5,122034,standard (0.9-1.5m),standard (0.9-1.5m),True
width_bin,width_bin,data/processed/train/width_bin_train.csv,data/features/dinov3_vitb16_remaining_attributes_assets.csv,classification,dinov3_frozen_embeddings_hist_gradient_boosting,hist_gradient_boosting,GroupKFold,1,5,122444,standard (0.9-1.5m),standard (0.9-1.5m),True
width_bin,width_bin,data/processed/train/width_bin_train.csv,data/features/dinov3_vitb16_remaining_attributes_assets.csv,classification,dinov3_frozen_embeddings_hist_gradient_boosting,hist_gradient_boosting,GroupKFold,1,5,123159,wide (>1.5m),wide (>1.5m),True
width_bin,width_bin,data/processed/train/width_bin_train.csv,data/features/dinov3_vitb16_remaining_attributes_assets.csv,classification,dinov3_frozen_embeddings_hist_gradient_boosting,hist_gradient_boosting,GroupKFold,1,5,123655,wide (>1.5m),standard (0.9-1.5m),False
width_bin,width_bin,data/processed/train/width_bin_train.csv,data/features/dinov3_vitb16_remaining_attributes_assets.csv,classification,dinov3_frozen_embeddings_hist_gradient_boosting,hist_gradient_boosting,GroupKFold,1,5,126683,standard (0.9-1.5m),standard (0.9-1.5m),True
width_bin,width_bin,data/processed/train/width_bin_train.csv,data/features/dinov3_vitb16_remaining_attributes_assets.csv,classification,dinov3_frozen_embeddings_hist_gradient_boosting,hist_gradient_boosting,GroupKFold,1,5,126709,narrow (<0.9m),standard (0.9-1.5m),False
width_bin,width_bin,data/processed/train/width_bin_train.csv,data/features/dinov3_vitb16_remaining_attributes_assets.csv,classification,dinov3_frozen_embeddings_hist_gradient_boosting,hist_gradient_boosting,GroupKFold,1,5,126806,standard (0.9-1.5m),standard (0.9-1.5m),True
width_bin,width_bin,data/processed/train/width_bin_train.csv,data/features/dinov3_vitb16_remaining_attributes_assets.csv,classification,dinov3_frozen_embeddings_hist_gradient_boosting,hist_gradient_boosting,GroupKFold,1,5,129305,standard (0.9-1.5m),standard (0.9-1.5m),True
width_bin,width_bin,data/processed/train/width_bin_train.csv,data/features/dinov3_vitb16_remaining_attributes_assets.csv,classification,dinov3_frozen_embeddings_hist_gradient_boosting,hist_gradient_boosting,GroupKFold,1,5,48297,medium (3-7m),medium (3-7m),True
width_bin,width_bin,data/processed/train/width_bin_train.csv,data/features/dinov3_vitb16_remaining_attributes_assets.csv,classification,dinov3_frozen_embeddings_hist_gradient_boosting,hist_gradient_boosting,GroupKFold,1,5,51549,medium (3-7m),standard (0.9-1.5m),False
width_bin,width_bin,data/processed/train/width_bin_train.csv,data/features/dinov3_vitb16_remaining_attributes_assets.csv,classification,dinov3_frozen_embeddings_hist_gradient_boosting,hist_gradient_boosting,GroupKFold,1,5,54507,medium (3-7m),wide (>7m),False
width_bin,width_bin,data/processed/train/width_bin_train.csv,data/features/dinov3_vitb16_remaining_attributes_assets.csv,classification,dinov3_frozen_embeddings_hist_gradient_boosting,hist_gradient_boosting,GroupKFold,1,5,58183,wide (>7m),standard (0.9-1.5m),False
width_bin,width_bin,data/processed/train/width_bin_train.csv,data/features/dinov3_vitb16_remaining_attributes_assets.csv,classification,dinov3_frozen_embeddings_hist_gradient_boosting,hist_gradient_boosting,GroupKFold,1,5,68018,narrow (<3m),standard (0.9-1.5m),False
width_bin,width_bin,data/processed/train/width_bin_train.csv,data/features/dinov3_vitb16_remaining_attributes_assets.csv,classification,dinov3_frozen_embeddings_hist_gradient_boosting,hist_gradient_boosting,GroupKFold,1,5,68019,narrow (<3m),standard (0.9-1.5m),False
width_bin,width_bin,data/processed/train/width_bin_train.csv,data/features/dinov3_vitb16_remaining_attributes_assets.csv,classification,dinov3_frozen_embeddings_hist_gradient_boosting,hist_gradient_boosting,GroupKFold,1,5,83431,narrow (<3m),wide (>1.5m),False
width_bin,width_bin,data/processed/train/width_bin_train.csv,data/features/dinov3_vitb16_remaining_attributes_assets.csv,classification,dinov3_frozen_embeddings_hist_gradient_boosting,hist_gradient_boosting,GroupKFold,1,5,90699,medium (3-7m),standard (0.9-1.5m),False
width_bin,width_bin,data/processed/train/width_bin_train.csv,data/features/dinov3_vitb16_remaining_attributes_assets.csv,classification,dinov3_frozen_embeddings_hist_gradient_boosting,hist_gradient_boosting,GroupKFold,1,5,105832,narrow (<3m),standard (0.9-1.5m),False
width_bin,width_bin,data/processed/train/width_bin_train.csv,data/features/dinov3_vitb16_remaining_attributes_assets.csv,classification,dinov3_frozen_embeddings_hist_gradient_boosting,hist_gradient_boosting,GroupKFold,1,5,110166,narrow (<3m),standard (0.9-1.5m),False
width_bin,width_bin,data/processed/train/width_bin_train.csv,data/features/dinov3_vitb16_remaining_attributes_assets.csv,classification,dinov3_frozen_embeddings_hist_gradient_boosting,hist_gradient_boosting,GroupKFold,1,5,126292,medium (3-7m),wide (>7m),False
width_bin,width_bin,data/processed/train/width_bin_train.csv,data/features/dinov3_vitb16_remaining_attributes_assets.csv,classification,dinov3_frozen_embeddings_hist_gradient_boosting,hist_gradient_boosting,GroupKFold,2,5,52128,standard (0.9-1.5m),standard (0.9-1.5m),True
width_bin,width_bin,data/processed/train/width_bin_train.csv,data/features/dinov3_vitb16_remaining_attributes_assets.csv,classification,dinov3_frozen_embeddings_hist_gradient_boosting,hist_gradient_boosting,GroupKFold,2,5,52244,standard (0.9-1.5m),standard (0.9-1.5m),True
width_bin,width_bin,data/processed/train/width_bin_train.csv,data/features/dinov3_vitb16_remaining_attributes_assets.csv,classification,dinov3_frozen_embeddings_hist_gradient_boosting,hist_gradient_boosting,GroupKFold,2,5,55645,narrow (<0.9m),standard (0.9-1.5m),False
width_bin,width_bin,data/processed/train/width_bin_train.csv,data/features/dinov3_vitb16_remaining_attributes_assets.csv,classification,dinov3_frozen_embeddings_hist_gradient_boosting,hist_gradient_boosting,GroupKFold,2,5,59061,wide (>1.5m),standard (0.9-1.5m),False
width_bin,width_bin,data/processed/train/width_bin_train.csv,data/features/dinov3_vitb16_remaining_attributes_assets.csv,classification,dinov3_frozen_embeddings_hist_gradient_boosting,hist_gradient_boosting,GroupKFold,2,5,61734,standard (0.9-1.5m),narrow (<0.9m),False
width_bin,width_bin,data/processed/train/width_bin_train.csv,data/features/dinov3_vitb16_remaining_attributes_assets.csv,classification,dinov3_frozen_embeddings_hist_gradient_boosting,hist_gradient_boosting,GroupKFold,2,5,61732,standard (0.9-1.5m),narrow (<0.9m),False
width_bin,width_bin,data/processed/train/width_bin_train.csv,data/features/dinov3_vitb16_remaining_attributes_assets.csv,classification,dinov3_frozen_embeddings_hist_gradient_boosting,hist_gradient_boosting,GroupKFold,2,5,81875,wide (>1.5m),standard (0.9-1.5m),False
width_bin,width_bin,data/processed/train/width_bin_train.csv,data/features/dinov3_vitb16_remaining_attributes_assets.csv,classification,dinov3_frozen_embeddings_hist_gradient_boosting,hist_gradient_boosting,GroupKFold,2,5,83926,standard (0.9-1.5m),standard (0.9-1.5m),True
width_bin,width_bin,data/processed/train/width_bin_train.csv,data/features/dinov3_vitb16_remaining_attributes_assets.csv,classification,dinov3_frozen_embeddings_hist_gradient_boosting,hist_gradient_boosting,GroupKFold,2,5,85091,wide (>1.5m),narrow (<0.9m),False
width_bin,width_bin,data/processed/train/width_bin_train.csv,data/features/dinov3_vitb16_remaining_attributes_assets.csv,classification,dinov3_frozen_embeddings_hist_gradient_boosting,hist_gradient_boosting,GroupKFold,2,5,87516,narrow (<0.9m),narrow (<0.9m),True
width_bin,width_bin,data/processed/train/width_bin_train.csv,data/features/dinov3_vitb16_remaining_attributes_assets.csv,classification,dinov3_frozen_embeddings_hist_gradient_boosting,hist_gradient_boosting,GroupKFold,2,5,87579,narrow (<0.9m),narrow (<0.9m),True
width_bin,width_bin,data/processed/train/width_bin_train.csv,data/features/dinov3_vitb16_remaining_attributes_assets.csv,classification,dinov3_frozen_embeddings_hist_gradient_boosting,hist_gradient_boosting,GroupKFold,2,5,89446,standard (0.9-1.5m),wide (>1.5m),False
width_bin,width_bin,data/processed/train/width_bin_train.csv,data/features/dinov3_vitb16_remaining_attributes_assets.csv,classification,dinov3_frozen_embeddings_hist_gradient_boosting,hist_gradient_boosting,GroupKFold,2,5,89451,standard (0.9-1.5m),standard (0.9-1.5m),True
width_bin,width_bin,data/processed/train/width_bin_train.csv,data/features/dinov3_vitb16_remaining_attributes_assets.csv,classification,dinov3_frozen_embeddings_hist_gradient_boosting,hist_gradient_boosting,GroupKFold,2,5,89575,standard (0.9-1.5m),standard (0.9-1.5m),True
width_bin,width_bin,data/processed/train/width_bin_train.csv,data/features/dinov3_vitb16_remaining_attributes_assets.csv,classification,dinov3_frozen_embeddings_hist_gradient_boosting,hist_gradient_boosting,GroupKFold,2,5,89581,standard (0.9-1.5m),standard (0.9-1.5m),True
width_bin,width_bin,data/processed/train/width_bin_train.csv,data/features/dinov3_vitb16_remaining_attributes_assets.csv,classification,dinov3_frozen_embeddings_hist_gradient_boosting,hist_gradient_boosting,GroupKFold,2,5,89582,standard (0.9-1.5m),standard (0.9-1.5m),True
width_bin,width_bin,data/processed/train/width_bin_train.csv,data/features/dinov3_vitb16_remaining_attributes_assets.csv,classification,dinov3_frozen_embeddings_hist_gradient_boosting,hist_gradient_boosting,GroupKFold,2,5,89588,standard (0.9-1.5m),standard (0.9-1.5m),True
width_bin,width_bin,data/processed/train/width_bin_train.csv,data/features/dinov3_vitb16_remaining_attributes_assets.csv,classification,dinov3_frozen_embeddings_hist_gradient_boosting,hist_gradient_boosting,GroupKFold,2,5,89591,standard (0.9-1.5m),standard (0.9-1.5m),True
width_bin,width_bin,data/processed/train/width_bin_train.csv,data/features/dinov3_vitb16_remaining_attributes_assets.csv,classification,dinov3_frozen_embeddings_hist_gradient_boosting,hist_gradient_boosting,GroupKFold,2,5,89708,standard (0.9-1.5m),standard (0.9-1.5m),True
width_bin,width_bin,data/processed/train/width_bin_train.csv,data/features/dinov3_vitb16_remaining_attributes_assets.csv,classification,dinov3_frozen_embeddings_hist_gradient_boosting,hist_gradient_boosting,GroupKFold,2,5,90325,standard (0.9-1.5m),standard (0.9-1.5m),True
width_bin,width_bin,data/processed/train/width_bin_train.csv,data/features/dinov3_vitb16_remaining_attributes_assets.csv,classification,dinov3_frozen_embeddings_hist_gradient_boosting,hist_gradient_boosting,GroupKFold,2,5,90335,narrow (<0.9m),standard (0.9-1.5m),False
width_bin,width_bin,data/processed/train/width_bin_train.csv,data/features/dinov3_vitb16_remaining_attributes_assets.csv,classification,dinov3_frozen_embeddings_hist_gradient_boosting,hist_gradient_boosting,GroupKFold,2,5,90342,standard (0.9-1.5m),standard (0.9-1.5m),True
width_bin,width_bin,data/processed/train/width_bin_train.csv,data/features/dinov3_vitb16_remaining_attributes_assets.csv,classification,dinov3_frozen_embeddings_hist_gradient_boosting,hist_gradient_boosting,GroupKFold,2,5,90347,standard (0.9-1.5m),standard (0.9-1.5m),True
width_bin,width_bin,data/processed/train/width_bin_train.csv,data/features/dinov3_vitb16_remaining_attributes_assets.csv,classification,dinov3_frozen_embeddings_hist_gradient_boosting,hist_gradient_boosting,GroupKFold,2,5,90351,standard (0.9-1.5m),standard (0.9-1.5m),True
width_bin,width_bin,data/processed/train/width_bin_train.csv,data/features/dinov3_vitb16_remaining_attributes_assets.csv,classification,dinov3_frozen_embeddings_hist_gradient_boosting,hist_gradient_boosting,GroupKFold,2,5,90357,standard (0.9-1.5m),standard (0.9-1.5m),True
width_bin,width_bin,data/processed/train/width_bin_train.csv,data/features/dinov3_vitb16_remaining_attributes_assets.csv,classification,dinov3_frozen_embeddings_hist_gradient_boosting,hist_gradient_boosting,GroupKFold,2,5,90363,standard (0.9-1.5m),standard (0.9-1.5m),True
width_bin,width_bin,data/processed/train/width_bin_train.csv,data/features/dinov3_vitb16_remaining_attributes_assets.csv,classification,dinov3_frozen_embeddings_hist_gradient_boosting,hist_gradient_boosting,GroupKFold,2,5,90371,standard (0.9-1.5m),standard (0.9-1.5m),True
width_bin,width_bin,data/processed/train/width_bin_train.csv,data/features/dinov3_vitb16_remaining_attributes_assets.csv,classification,dinov3_frozen_embeddings_hist_gradient_boosting,hist_gradient_boosting,GroupKFold,2,5,90375,standard (0.9-1.5m),standard (0.9-1.5m),True
width_bin,width_bin,data/processed/train/width_bin_train.csv,data/features/dinov3_vitb16_remaining_attributes_assets.csv,classification,dinov3_frozen_embeddings_hist_gradient_boosting,hist_gradient_boosting,GroupKFold,2,5,90377,standard (0.9-1.5m),standard (0.9-1.5m),True
width_bin,width_bin,data/processed/train/width_bin_train.csv,data/features/dinov3_vitb16_remaining_attributes_assets.csv,classification,dinov3_frozen_embeddings_hist_gradient_boosting,hist_gradient_boosting,GroupKFold,2,5,90388,standard (0.9-1.5m),standard (0.9-1.5m),True
width_bin,width_bin,data/processed/train/width_bin_train.csv,data/features/dinov3_vitb16_remaining_attributes_assets.csv,classification,dinov3_frozen_embeddings_hist_gradient_boosting,hist_gradient_boosting,GroupKFold,2,5,90395,standard (0.9-1.5m),standard (0.9-1.5m),True
width_bin,width_bin,data/processed/train/width_bin_train.csv,data/features/dinov3_vitb16_remaining_attributes_assets.csv,classification,dinov3_frozen_embeddings_hist_gradient_boosting,hist_gradient_boosting,GroupKFold,2,5,90489,standard (0.9-1.5m),standard (0.9-1.5m),True
width_bin,width_bin,data/processed/train/width_bin_train.csv,data/features/dinov3_vitb16_remaining_attributes_assets.csv,classification,dinov3_frozen_embeddings_hist_gradient_boosting,hist_gradient_boosting,GroupKFold,2,5,90502,standard (0.9-1.5m),standard (0.9-1.5m),True
width_bin,width_bin,data/processed/train/width_bin_train.csv,data/features/dinov3_vitb16_remaining_attributes_assets.csv,classification,dinov3_frozen_embeddings_hist_gradient_boosting,hist_gradient_boosting,GroupKFold,2,5,90504,standard (0.9-1.5m),standard (0.9-1.5m),True
width_bin,width_bin,data/processed/train/width_bin_train.csv,data/features/dinov3_vitb16_remaining_attributes_assets.csv,classification,dinov3_frozen_embeddings_hist_gradient_boosting,hist_gradient_boosting,GroupKFold,2,5,91716,standard (0.9-1.5m),standard (0.9-1.5m),True
width_bin,width_bin,data/processed/train/width_bin_train.csv,data/features/dinov3_vitb16_remaining_attributes_assets.csv,classification,dinov3_frozen_embeddings_hist_gradient_boosting,hist_gradient_boosting,GroupKFold,2,5,92008,standard (0.9-1.5m),narrow (<0.9m),False
width_bin,width_bin,data/processed/train/width_bin_train.csv,data/features/dinov3_vitb16_remaining_attributes_assets.csv,classification,dinov3_frozen_embeddings_hist_gradient_boosting,hist_gradient_boosting,GroupKFold,2,5,92012,narrow (<0.9m),standard (0.9-1.5m),False
width_bin,width_bin,data/processed/train/width_bin_train.csv,data/features/dinov3_vitb16_remaining_attributes_assets.csv,classification,dinov3_frozen_embeddings_hist_gradient_boosting,hist_gradient_boosting,GroupKFold,2,5,92036,narrow (<0.9m),narrow (<0.9m),True
width_bin,width_bin,data/processed/train/width_bin_train.csv,data/features/dinov3_vitb16_remaining_attributes_assets.csv,classification,dinov3_frozen_embeddings_hist_gradient_boosting,hist_gradient_boosting,GroupKFold,2,5,92042,narrow (<0.9m),standard (0.9-1.5m),False
width_bin,width_bin,data/processed/train/width_bin_train.csv,data/features/dinov3_vitb16_remaining_attributes_assets.csv,classification,dinov3_frozen_embeddings_hist_gradient_boosting,hist_gradient_boosting,GroupKFold,2,5,92051,narrow (<0.9m),narrow (<0.9m),True
width_bin,width_bin,data/processed/train/width_bin_train.csv,data/features/dinov3_vitb16_remaining_attributes_assets.csv,classification,dinov3_frozen_embeddings_hist_gradient_boosting,hist_gradient_boosting,GroupKFold,2,5,92053,narrow (<0.9m),narrow (<0.9m),True
width_bin,width_bin,data/processed/train/width_bin_train.csv,data/features/dinov3_vitb16_remaining_attributes_assets.csv,classification,dinov3_frozen_embeddings_hist_gradient_boosting,hist_gradient_boosting,GroupKFold,2,5,92057,narrow (<0.9m),narrow (<0.9m),True
width_bin,width_bin,data/processed/train/width_bin_train.csv,data/features/dinov3_vitb16_remaining_attributes_assets.csv,classification,dinov3_frozen_embeddings_hist_gradient_boosting,hist_gradient_boosting,GroupKFold,2,5,92060,narrow (<0.9m),narrow (<0.9m),True
width_bin,width_bin,data/processed/train/width_bin_train.csv,data/features/dinov3_vitb16_remaining_attributes_assets.csv,classification,dinov3_frozen_embeddings_hist_gradient_boosting,hist_gradient_boosting,GroupKFold,2,5,92071,standard (0.9-1.5m),narrow (<0.9m),False
width_bin,width_bin,data/processed/train/width_bin_train.csv,data/features/dinov3_vitb16_remaining_attributes_assets.csv,classification,dinov3_frozen_embeddings_hist_gradient_boosting,hist_gradient_boosting,GroupKFold,2,5,92087,standard (0.9-1.5m),standard (0.9-1.5m),True
width_bin,width_bin,data/processed/train/width_bin_train.csv,data/features/dinov3_vitb16_remaining_attributes_assets.csv,classification,dinov3_frozen_embeddings_hist_gradient_boosting,hist_gradient_boosting,GroupKFold,2,5,93032,standard (0.9-1.5m),standard (0.9-1.5m),True
width_bin,width_bin,data/processed/train/width_bin_train.csv,data/features/dinov3_vitb16_remaining_attributes_assets.csv,classification,dinov3_frozen_embeddings_hist_gradient_boosting,hist_gradient_boosting,GroupKFold,2,5,93042,standard (0.9-1.5m),standard (0.9-1.5m),True
width_bin,width_bin,data/processed/train/width_bin_train.csv,data/features/dinov3_vitb16_remaining_attributes_assets.csv,classification,dinov3_frozen_embeddings_hist_gradient_boosting,hist_gradient_boosting,GroupKFold,2,5,94265,narrow (<0.9m),narrow (<0.9m),True
width_bin,width_bin,data/processed/train/width_bin_train.csv,data/features/dinov3_vitb16_remaining_attributes_assets.csv,classification,dinov3_frozen_embeddings_hist_gradient_boosting,hist_gradient_boosting,GroupKFold,2,5,94272,narrow (<0.9m),narrow (<0.9m),True
width_bin,width_bin,data/processed/train/width_bin_train.csv,data/features/dinov3_vitb16_remaining_attributes_assets.csv,classification,dinov3_frozen_embeddings_hist_gradient_boosting,hist_gradient_boosting,GroupKFold,2,5,94273,narrow (<0.9m),narrow (<0.9m),True
width_bin,width_bin,data/processed/train/width_bin_train.csv,data/features/dinov3_vitb16_remaining_attributes_assets.csv,classification,dinov3_frozen_embeddings_hist_gradient_boosting,hist_gradient_boosting,GroupKFold,2,5,94276,narrow (<0.9m),narrow (<0.9m),True
width_bin,width_bin,data/processed/train/width_bin_train.csv,data/features/dinov3_vitb16_remaining_attributes_assets.csv,classification,dinov3_frozen_embeddings_hist_gradient_boosting,hist_gradient_boosting,GroupKFold,2,5,94278,narrow (<0.9m),narrow (<0.9m),True
width_bin,width_bin,data/processed/train/width_bin_train.csv,data/features/dinov3_vitb16_remaining_attributes_assets.csv,classification,dinov3_frozen_embeddings_hist_gradient_boosting,hist_gradient_boosting,GroupKFold,2,5,94279,narrow (<0.9m),narrow (<0.9m),True
width_bin,width_bin,data/processed/train/width_bin_train.csv,data/features/dinov3_vitb16_remaining_attributes_assets.csv,classification,dinov3_frozen_embeddings_hist_gradient_boosting,hist_gradient_boosting,GroupKFold,2,5,94286,narrow (<0.9m),narrow (<0.9m),True
width_bin,width_bin,data/processed/train/width_bin_train.csv,data/features/dinov3_vitb16_remaining_attributes_assets.csv,classification,dinov3_frozen_embeddings_hist_gradient_boosting,hist_gradient_boosting,GroupKFold,2,5,94287,narrow (<0.9m),narrow (<0.9m),True
width_bin,width_bin,data/processed/train/width_bin_train.csv,data/features/dinov3_vitb16_remaining_attributes_assets.csv,classification,dinov3_frozen_embeddings_hist_gradient_boosting,hist_gradient_boosting,GroupKFold,2,5,94288,narrow (<0.9m),narrow (<0.9m),True
width_bin,width_bin,data/processed/train/width_bin_train.csv,data/features/dinov3_vitb16_remaining_attributes_assets.csv,classification,dinov3_frozen_embeddings_hist_gradient_boosting,hist_gradient_boosting,GroupKFold,2,5,94321,narrow (<0.9m),narrow (<0.9m),True
width_bin,width_bin,data/processed/train/width_bin_train.csv,data/features/dinov3_vitb16_remaining_attributes_assets.csv,classification,dinov3_frozen_embeddings_hist_gradient_boosting,hist_gradient_boosting,GroupKFold,2,5,94322,narrow (<0.9m),narrow (<0.9m),True
width_bin,width_bin,data/processed/train/width_bin_train.csv,data/features/dinov3_vitb16_remaining_attributes_assets.csv,classification,dinov3_frozen_embeddings_hist_gradient_boosting,hist_gradient_boosting,GroupKFold,2,5,94327,narrow (<0.9m),narrow (<0.9m),True
width_bin,width_bin,data/processed/train/width_bin_train.csv,data/features/dinov3_vitb16_remaining_attributes_assets.csv,classification,dinov3_frozen_embeddings_hist_gradient_boosting,hist_gradient_boosting,GroupKFold,2,5,94336,narrow (<0.9m),narrow (<0.9m),True
width_bin,width_bin,data/processed/train/width_bin_train.csv,data/features/dinov3_vitb16_remaining_attributes_assets.csv,classification,dinov3_frozen_embeddings_hist_gradient_boosting,hist_gradient_boosting,GroupKFold,2,5,94353,narrow (<0.9m),narrow (<0.9m),True
width_bin,width_bin,data/processed/train/width_bin_train.csv,data/features/dinov3_vitb16_remaining_attributes_assets.csv,classification,dinov3_frozen_embeddings_hist_gradient_boosting,hist_gradient_boosting,GroupKFold,2,5,94356,narrow (<0.9m),narrow (<0.9m),True
width_bin,width_bin,data/processed/train/width_bin_train.csv,data/features/dinov3_vitb16_remaining_attributes_assets.csv,classification,dinov3_frozen_embeddings_hist_gradient_boosting,hist_gradient_boosting,GroupKFold,2,5,94359,narrow (<0.9m),narrow (<0.9m),True
width_bin,width_bin,data/processed/train/width_bin_train.csv,data/features/dinov3_vitb16_remaining_attributes_assets.csv,classification,dinov3_frozen_embeddings_hist_gradient_boosting,hist_gradient_boosting,GroupKFold,2,5,94365,narrow (<0.9m),standard (0.9-1.5m),False
width_bin,width_bin,data/processed/train/width_bin_train.csv,data/features/dinov3_vitb16_remaining_attributes_assets.csv,classification,dinov3_frozen_embeddings_hist_gradient_boosting,hist_gradient_boosting,GroupKFold,2,5,94382,narrow (<0.9m),narrow (<0.9m),True
width_bin,width_bin,data/processed/train/width_bin_train.csv,data/features/dinov3_vitb16_remaining_attributes_assets.csv,classification,dinov3_frozen_embeddings_hist_gradient_boosting,hist_gradient_boosting,GroupKFold,2,5,94386,narrow (<0.9m),narrow (<0.9m),True
width_bin,width_bin,data/processed/train/width_bin_train.csv,data/features/dinov3_vitb16_remaining_attributes_assets.csv,classification,dinov3_frozen_embeddings_hist_gradient_boosting,hist_gradient_boosting,GroupKFold,2,5,94408,narrow (<0.9m),narrow (<0.9m),True
width_bin,width_bin,data/processed/train/width_bin_train.csv,data/features/dinov3_vitb16_remaining_attributes_assets.csv,classification,dinov3_frozen_embeddings_hist_gradient_boosting,hist_gradient_boosting,GroupKFold,2,5,94412,narrow (<0.9m),narrow (<0.9m),True
width_bin,width_bin,data/processed/train/width_bin_train.csv,data/features/dinov3_vitb16_remaining_attributes_assets.csv,classification,dinov3_frozen_embeddings_hist_gradient_boosting,hist_gradient_boosting,GroupKFold,2,5,94414,narrow (<0.9m),narrow (<0.9m),True
width_bin,width_bin,data/processed/train/width_bin_train.csv,data/features/dinov3_vitb16_remaining_attributes_assets.csv,classification,dinov3_frozen_embeddings_hist_gradient_boosting,hist_gradient_boosting,GroupKFold,2,5,94421,narrow (<0.9m),narrow (<0.9m),True
width_bin,width_bin,data/processed/train/width_bin_train.csv,data/features/dinov3_vitb16_remaining_attributes_assets.csv,classification,dinov3_frozen_embeddings_hist_gradient_boosting,hist_gradient_boosting,GroupKFold,2,5,94422,narrow (<0.9m),narrow (<0.9m),True
width_bin,width_bin,data/processed/train/width_bin_train.csv,data/features/dinov3_vitb16_remaining_attributes_assets.csv,classification,dinov3_frozen_embeddings_hist_gradient_boosting,hist_gradient_boosting,GroupKFold,2,5,94423,narrow (<0.9m),standard (0.9-1.5m),False
width_bin,width_bin,data/processed/train/width_bin_train.csv,data/features/dinov3_vitb16_remaining_attributes_assets.csv,classification,dinov3_frozen_embeddings_hist_gradient_boosting,hist_gradient_boosting,GroupKFold,2,5,94487,narrow (<0.9m),standard (0.9-1.5m),False
width_bin,width_bin,data/processed/train/width_bin_train.csv,data/features/dinov3_vitb16_remaining_attributes_assets.csv,classification,dinov3_frozen_embeddings_hist_gradient_boosting,hist_gradient_boosting,GroupKFold,2,5,96809,narrow (<0.9m),standard (0.9-1.5m),False
width_bin,width_bin,data/processed/train/width_bin_train.csv,data/features/dinov3_vitb16_remaining_attributes_assets.csv,classification,dinov3_frozen_embeddings_hist_gradient_boosting,hist_gradient_boosting,GroupKFold,2,5,97286,standard (0.9-1.5m),standard (0.9-1.5m),True
width_bin,width_bin,data/processed/train/width_bin_train.csv,data/features/dinov3_vitb16_remaining_attributes_assets.csv,classification,dinov3_frozen_embeddings_hist_gradient_boosting,hist_gradient_boosting,GroupKFold,2,5,99892,standard (0.9-1.5m),narrow (<0.9m),False
width_bin,width_bin,data/processed/train/width_bin_train.csv,data/features/dinov3_vitb16_remaining_attributes_assets.csv,classification,dinov3_frozen_embeddings_hist_gradient_boosting,hist_gradient_boosting,GroupKFold,2,5,100548,standard (0.9-1.5m),standard (0.9-1.5m),True
width_bin,width_bin,data/processed/train/width_bin_train.csv,data/features/dinov3_vitb16_remaining_attributes_assets.csv,classification,dinov3_frozen_embeddings_hist_gradient_boosting,hist_gradient_boosting,GroupKFold,2,5,102412,standard (0.9-1.5m),standard (0.9-1.5m),True
width_bin,width_bin,data/processed/train/width_bin_train.csv,data/features/dinov3_vitb16_remaining_attributes_assets.csv,classification,dinov3_frozen_embeddings_hist_gradient_boosting,hist_gradient_boosting,GroupKFold,2,5,102538,standard (0.9-1.5m),standard (0.9-1.5m),True
width_bin,width_bin,data/processed/train/width_bin_train.csv,data/features/dinov3_vitb16_remaining_attributes_assets.csv,classification,dinov3_frozen_embeddings_hist_gradient_boosting,hist_gradient_boosting,GroupKFold,2,5,103752,standard (0.9-1.5m),standard (0.9-1.5m),True
width_bin,width_bin,data/processed/train/width_bin_train.csv,data/features/dinov3_vitb16_remaining_attributes_assets.csv,classification,dinov3_frozen_embeddings_hist_gradient_boosting,hist_gradient_boosting,GroupKFold,2,5,107048,standard (0.9-1.5m),standard (0.9-1.5m),True
width_bin,width_bin,data/processed/train/width_bin_train.csv,data/features/dinov3_vitb16_remaining_attributes_assets.csv,classification,dinov3_frozen_embeddings_hist_gradient_boosting,hist_gradient_boosting,GroupKFold,2,5,107060,standard (0.9-1.5m),standard (0.9-1.5m),True
width_bin,width_bin,data/processed/train/width_bin_train.csv,data/features/dinov3_vitb16_remaining_attributes_assets.csv,classification,dinov3_frozen_embeddings_hist_gradient_boosting,hist_gradient_boosting,GroupKFold,2,5,107066,standard (0.9-1.5m),standard (0.9-1.5m),True
width_bin,width_bin,data/processed/train/width_bin_train.csv,data/features/dinov3_vitb16_remaining_attributes_assets.csv,classification,dinov3_frozen_embeddings_hist_gradient_boosting,hist_gradient_boosting,GroupKFold,2,5,107076,standard (0.9-1.5m),standard (0.9-1.5m),True
width_bin,width_bin,data/processed/train/width_bin_train.csv,data/features/dinov3_vitb16_remaining_attributes_assets.csv,classification,dinov3_frozen_embeddings_hist_gradient_boosting,hist_gradient_boosting,GroupKFold,2,5,107327,standard (0.9-1.5m),standard (0.9-1.5m),True
width_bin,width_bin,data/processed/train/width_bin_train.csv,data/features/dinov3_vitb16_remaining_attributes_assets.csv,classification,dinov3_frozen_embeddings_hist_gradient_boosting,hist_gradient_boosting,GroupKFold,2,5,107332,standard (0.9-1.5m),standard (0.9-1.5m),True
width_bin,width_bin,data/processed/train/width_bin_train.csv,data/features/dinov3_vitb16_remaining_attributes_assets.csv,classification,dinov3_frozen_embeddings_hist_gradient_boosting,hist_gradient_boosting,GroupKFold,2,5,107363,standard (0.9-1.5m),standard (0.9-1.5m),True
width_bin,width_bin,data/processed/train/width_bin_train.csv,data/features/dinov3_vitb16_remaining_attributes_assets.csv,classification,dinov3_frozen_embeddings_hist_gradient_boosting,hist_gradient_boosting,GroupKFold,2,5,107587,narrow (<0.9m),standard (0.9-1.5m),False
width_bin,width_bin,data/processed/train/width_bin_train.csv,data/features/dinov3_vitb16_remaining_attributes_assets.csv,classification,dinov3_frozen_embeddings_hist_gradient_boosting,hist_gradient_boosting,GroupKFold,2,5,107590,standard (0.9-1.5m),standard (0.9-1.5m),True
width_bin,width_bin,data/processed/train/width_bin_train.csv,data/features/dinov3_vitb16_remaining_attributes_assets.csv,classification,dinov3_frozen_embeddings_hist_gradient_boosting,hist_gradient_boosting,GroupKFold,2,5,107959,standard (0.9-1.5m),standard (0.9-1.5m),True
width_bin,width_bin,data/processed/train/width_bin_train.csv,data/features/dinov3_vitb16_remaining_attributes_assets.csv,classification,dinov3_frozen_embeddings_hist_gradient_boosting,hist_gradient_boosting,GroupKFold,2,5,108000,standard (0.9-1.5m),standard (0.9-1.5m),True
width_bin,width_bin,data/processed/train/width_bin_train.csv,data/features/dinov3_vitb16_remaining_attributes_assets.csv,classification,dinov3_frozen_embeddings_hist_gradient_boosting,hist_gradient_boosting,GroupKFold,2,5,108002,standard (0.9-1.5m),standard (0.9-1.5m),True
width_bin,width_bin,data/processed/train/width_bin_train.csv,data/features/dinov3_vitb16_remaining_attributes_assets.csv,classification,dinov3_frozen_embeddings_hist_gradient_boosting,hist_gradient_boosting,GroupKFold,2,5,108022,standard (0.9-1.5m),standard (0.9-1.5m),True
width_bin,width_bin,data/processed/train/width_bin_train.csv,data/features/dinov3_vitb16_remaining_attributes_assets.csv,classification,dinov3_frozen_embeddings_hist_gradient_boosting,hist_gradient_boosting,GroupKFold,2,5,108031,standard (0.9-1.5m),standard (0.9-1.5m),True
width_bin,width_bin,data/processed/train/width_bin_train.csv,data/features/dinov3_vitb16_remaining_attributes_assets.csv,classification,dinov3_frozen_embeddings_hist_gradient_boosting,hist_gradient_boosting,GroupKFold,2,5,108033,standard (0.9-1.5m),standard (0.9-1.5m),True
width_bin,width_bin,data/processed/train/width_bin_train.csv,data/features/dinov3_vitb16_remaining_attributes_assets.csv,classification,dinov3_frozen_embeddings_hist_gradient_boosting,hist_gradient_boosting,GroupKFold,2,5,108296,standard (0.9-1.5m),standard (0.9-1.5m),True
width_bin,width_bin,data/processed/train/width_bin_train.csv,data/features/dinov3_vitb16_remaining_attributes_assets.csv,classification,dinov3_frozen_embeddings_hist_gradient_boosting,hist_gradient_boosting,GroupKFold,2,5,108326,standard (0.9-1.5m),standard (0.9-1.5m),True
width_bin,width_bin,data/processed/train/width_bin_train.csv,data/features/dinov3_vitb16_remaining_attributes_assets.csv,classification,dinov3_frozen_embeddings_hist_gradient_boosting,hist_gradient_boosting,GroupKFold,2,5,108358,standard (0.9-1.5m),standard (0.9-1.5m),True
width_bin,width_bin,data/processed/train/width_bin_train.csv,data/features/dinov3_vitb16_remaining_attributes_assets.csv,classification,dinov3_frozen_embeddings_hist_gradient_boosting,hist_gradient_boosting,GroupKFold,2,5,108365,standard (0.9-1.5m),standard (0.9-1.5m),True
width_bin,width_bin,data/processed/train/width_bin_train.csv,data/features/dinov3_vitb16_remaining_attributes_assets.csv,classification,dinov3_frozen_embeddings_hist_gradient_boosting,hist_gradient_boosting,GroupKFold,2,5,108381,standard (0.9-1.5m),standard (0.9-1.5m),True
width_bin,width_bin,data/processed/train/width_bin_train.csv,data/features/dinov3_vitb16_remaining_attributes_assets.csv,classification,dinov3_frozen_embeddings_hist_gradient_boosting,hist_gradient_boosting,GroupKFold,2,5,108398,standard (0.9-1.5m),standard (0.9-1.5m),True
width_bin,width_bin,data/processed/train/width_bin_train.csv,data/features/dinov3_vitb16_remaining_attributes_assets.csv,classification,dinov3_frozen_embeddings_hist_gradient_boosting,hist_gradient_boosting,GroupKFold,2,5,108661,standard (0.9-1.5m),standard (0.9-1.5m),True
width_bin,width_bin,data/processed/train/width_bin_train.csv,data/features/dinov3_vitb16_remaining_attributes_assets.csv,classification,dinov3_frozen_embeddings_hist_gradient_boosting,hist_gradient_boosting,GroupKFold,2,5,108735,standard (0.9-1.5m),standard (0.9-1.5m),True
width_bin,width_bin,data/processed/train/width_bin_train.csv,data/features/dinov3_vitb16_remaining_attributes_assets.csv,classification,dinov3_frozen_embeddings_hist_gradient_boosting,hist_gradient_boosting,GroupKFold,2,5,108779,narrow (<0.9m),standard (0.9-1.5m),False
width_bin,width_bin,data/processed/train/width_bin_train.csv,data/features/dinov3_vitb16_remaining_attributes_assets.csv,classification,dinov3_frozen_embeddings_hist_gradient_boosting,hist_gradient_boosting,GroupKFold,2,5,108790,standard (0.9-1.5m),standard (0.9-1.5m),True
width_bin,width_bin,data/processed/train/width_bin_train.csv,data/features/dinov3_vitb16_remaining_attributes_assets.csv,classification,dinov3_frozen_embeddings_hist_gradient_boosting,hist_gradient_boosting,GroupKFold,2,5,108793,standard (0.9-1.5m),standard (0.9-1.5m),True
width_bin,width_bin,data/processed/train/width_bin_train.csv,data/features/dinov3_vitb16_remaining_attributes_assets.csv,classification,dinov3_frozen_embeddings_hist_gradient_boosting,hist_gradient_boosting,GroupKFold,2,5,109137,standard (0.9-1.5m),standard (0.9-1.5m),True
width_bin,width_bin,data/processed/train/width_bin_train.csv,data/features/dinov3_vitb16_remaining_attributes_assets.csv,classification,dinov3_frozen_embeddings_hist_gradient_boosting,hist_gradient_boosting,GroupKFold,2,5,109609,standard (0.9-1.5m),standard (0.9-1.5m),True
width_bin,width_bin,data/processed/train/width_bin_train.csv,data/features/dinov3_vitb16_remaining_attributes_assets.csv,classification,dinov3_frozen_embeddings_hist_gradient_boosting,hist_gradient_boosting,GroupKFold,2,5,109712,standard (0.9-1.5m),narrow (<0.9m),False
width_bin,width_bin,data/processed/train/width_bin_train.csv,data/features/dinov3_vitb16_remaining_attributes_assets.csv,classification,dinov3_frozen_embeddings_hist_gradient_boosting,hist_gradient_boosting,GroupKFold,2,5,109824,standard (0.9-1.5m),standard (0.9-1.5m),True
width_bin,width_bin,data/processed/train/width_bin_train.csv,data/features/dinov3_vitb16_remaining_attributes_assets.csv,classification,dinov3_frozen_embeddings_hist_gradient_boosting,hist_gradient_boosting,GroupKFold,2,5,110238,standard (0.9-1.5m),standard (0.9-1.5m),True
width_bin,width_bin,data/processed/train/width_bin_train.csv,data/features/dinov3_vitb16_remaining_attributes_assets.csv,classification,dinov3_frozen_embeddings_hist_gradient_boosting,hist_gradient_boosting,GroupKFold,2,5,110580,standard (0.9-1.5m),standard (0.9-1.5m),True
width_bin,width_bin,data/processed/train/width_bin_train.csv,data/features/dinov3_vitb16_remaining_attributes_assets.csv,classification,dinov3_frozen_embeddings_hist_gradient_boosting,hist_gradient_boosting,GroupKFold,2,5,110583,standard (0.9-1.5m),standard (0.9-1.5m),True
width_bin,width_bin,data/processed/train/width_bin_train.csv,data/features/dinov3_vitb16_remaining_attributes_assets.csv,classification,dinov3_frozen_embeddings_hist_gradient_boosting,hist_gradient_boosting,GroupKFold,2,5,110602,narrow (<0.9m),narrow (<0.9m),True
width_bin,width_bin,data/processed/train/width_bin_train.csv,data/features/dinov3_vitb16_remaining_attributes_assets.csv,classification,dinov3_frozen_embeddings_hist_gradient_boosting,hist_gradient_boosting,GroupKFold,2,5,110873,standard (0.9-1.5m),standard (0.9-1.5m),True
width_bin,width_bin,data/processed/train/width_bin_train.csv,data/features/dinov3_vitb16_remaining_attributes_assets.csv,classification,dinov3_frozen_embeddings_hist_gradient_boosting,hist_gradient_boosting,GroupKFold,2,5,110969,standard (0.9-1.5m),standard (0.9-1.5m),True
width_bin,width_bin,data/processed/train/width_bin_train.csv,data/features/dinov3_vitb16_remaining_attributes_assets.csv,classification,dinov3_frozen_embeddings_hist_gradient_boosting,hist_gradient_boosting,GroupKFold,2,5,110992,narrow (<0.9m),narrow (<0.9m),True
width_bin,width_bin,data/processed/train/width_bin_train.csv,data/features/dinov3_vitb16_remaining_attributes_assets.csv,classification,dinov3_frozen_embeddings_hist_gradient_boosting,hist_gradient_boosting,GroupKFold,2,5,111675,narrow (<0.9m),standard (0.9-1.5m),False
width_bin,width_bin,data/processed/train/width_bin_train.csv,data/features/dinov3_vitb16_remaining_attributes_assets.csv,classification,dinov3_frozen_embeddings_hist_gradient_boosting,hist_gradient_boosting,GroupKFold,2,5,111683,narrow (<0.9m),narrow (<0.9m),True
width_bin,width_bin,data/processed/train/width_bin_train.csv,data/features/dinov3_vitb16_remaining_attributes_assets.csv,classification,dinov3_frozen_embeddings_hist_gradient_boosting,hist_gradient_boosting,GroupKFold,2,5,111774,standard (0.9-1.5m),standard (0.9-1.5m),True
width_bin,width_bin,data/processed/train/width_bin_train.csv,data/features/dinov3_vitb16_remaining_attributes_assets.csv,classification,dinov3_frozen_embeddings_hist_gradient_boosting,hist_gradient_boosting,GroupKFold,2,5,111783,standard (0.9-1.5m),standard (0.9-1.5m),True
width_bin,width_bin,data/processed/train/width_bin_train.csv,data/features/dinov3_vitb16_remaining_attributes_assets.csv,classification,dinov3_frozen_embeddings_hist_gradient_boosting,hist_gradient_boosting,GroupKFold,2,5,111810,narrow (<0.9m),standard (0.9-1.5m),False
width_bin,width_bin,data/processed/train/width_bin_train.csv,data/features/dinov3_vitb16_remaining_attributes_assets.csv,classification,dinov3_frozen_embeddings_hist_gradient_boosting,hist_gradient_boosting,GroupKFold,2,5,111811,narrow (<0.9m),standard (0.9-1.5m),False
width_bin,width_bin,data/processed/train/width_bin_train.csv,data/features/dinov3_vitb16_remaining_attributes_assets.csv,classification,dinov3_frozen_embeddings_hist_gradient_boosting,hist_gradient_boosting,GroupKFold,2,5,112401,standard (0.9-1.5m),standard (0.9-1.5m),True
width_bin,width_bin,data/processed/train/width_bin_train.csv,data/features/dinov3_vitb16_remaining_attributes_assets.csv,classification,dinov3_frozen_embeddings_hist_gradient_boosting,hist_gradient_boosting,GroupKFold,2,5,112965,narrow (<0.9m),narrow (<0.9m),True
width_bin,width_bin,data/processed/train/width_bin_train.csv,data/features/dinov3_vitb16_remaining_attributes_assets.csv,classification,dinov3_frozen_embeddings_hist_gradient_boosting,hist_gradient_boosting,GroupKFold,2,5,113128,standard (0.9-1.5m),standard (0.9-1.5m),True
width_bin,width_bin,data/processed/train/width_bin_train.csv,data/features/dinov3_vitb16_remaining_attributes_assets.csv,classification,dinov3_frozen_embeddings_hist_gradient_boosting,hist_gradient_boosting,GroupKFold,2,5,113156,standard (0.9-1.5m),standard (0.9-1.5m),True
width_bin,width_bin,data/processed/train/width_bin_train.csv,data/features/dinov3_vitb16_remaining_attributes_assets.csv,classification,dinov3_frozen_embeddings_hist_gradient_boosting,hist_gradient_boosting,GroupKFold,2,5,113188,standard (0.9-1.5m),standard (0.9-1.5m),True
width_bin,width_bin,data/processed/train/width_bin_train.csv,data/features/dinov3_vitb16_remaining_attributes_assets.csv,classification,dinov3_frozen_embeddings_hist_gradient_boosting,hist_gradient_boosting,GroupKFold,2,5,114050,standard (0.9-1.5m),standard (0.9-1.5m),True
width_bin,width_bin,data/processed/train/width_bin_train.csv,data/features/dinov3_vitb16_remaining_attributes_assets.csv,classification,dinov3_frozen_embeddings_hist_gradient_boosting,hist_gradient_boosting,GroupKFold,2,5,114051,standard (0.9-1.5m),narrow (<0.9m),False
width_bin,width_bin,data/processed/train/width_bin_train.csv,data/features/dinov3_vitb16_remaining_attributes_assets.csv,classification,dinov3_frozen_embeddings_hist_gradient_boosting,hist_gradient_boosting,GroupKFold,2,5,114055,standard (0.9-1.5m),standard (0.9-1.5m),True
width_bin,width_bin,data/processed/train/width_bin_train.csv,data/features/dinov3_vitb16_remaining_attributes_assets.csv,classification,dinov3_frozen_embeddings_hist_gradient_boosting,hist_gradient_boosting,GroupKFold,2,5,114562,wide (>1.5m),standard (0.9-1.5m),False
width_bin,width_bin,data/processed/train/width_bin_train.csv,data/features/dinov3_vitb16_remaining_attributes_assets.csv,classification,dinov3_frozen_embeddings_hist_gradient_boosting,hist_gradient_boosting,GroupKFold,2,5,115441,standard (0.9-1.5m),standard (0.9-1.5m),True
width_bin,width_bin,data/processed/train/width_bin_train.csv,data/features/dinov3_vitb16_remaining_attributes_assets.csv,classification,dinov3_frozen_embeddings_hist_gradient_boosting,hist_gradient_boosting,GroupKFold,2,5,115442,standard (0.9-1.5m),standard (0.9-1.5m),True
width_bin,width_bin,data/processed/train/width_bin_train.csv,data/features/dinov3_vitb16_remaining_attributes_assets.csv,classification,dinov3_frozen_embeddings_hist_gradient_boosting,hist_gradient_boosting,GroupKFold,2,5,116204,standard (0.9-1.5m),standard (0.9-1.5m),True
width_bin,width_bin,data/processed/train/width_bin_train.csv,data/features/dinov3_vitb16_remaining_attributes_assets.csv,classification,dinov3_frozen_embeddings_hist_gradient_boosting,hist_gradient_boosting,GroupKFold,2,5,116744,wide (>1.5m),wide (>1.5m),True
width_bin,width_bin,data/processed/train/width_bin_train.csv,data/features/dinov3_vitb16_remaining_attributes_assets.csv,classification,dinov3_frozen_embeddings_hist_gradient_boosting,hist_gradient_boosting,GroupKFold,2,5,117030,standard (0.9-1.5m),standard (0.9-1.5m),True
width_bin,width_bin,data/processed/train/width_bin_train.csv,data/features/dinov3_vitb16_remaining_attributes_assets.csv,classification,dinov3_frozen_embeddings_hist_gradient_boosting,hist_gradient_boosting,GroupKFold,2,5,117199,standard (0.9-1.5m),standard (0.9-1.5m),True
width_bin,width_bin,data/processed/train/width_bin_train.csv,data/features/dinov3_vitb16_remaining_attributes_assets.csv,classification,dinov3_frozen_embeddings_hist_gradient_boosting,hist_gradient_boosting,GroupKFold,2,5,117203,standard (0.9-1.5m),standard (0.9-1.5m),True
width_bin,width_bin,data/processed/train/width_bin_train.csv,data/features/dinov3_vitb16_remaining_attributes_assets.csv,classification,dinov3_frozen_embeddings_hist_gradient_boosting,hist_gradient_boosting,GroupKFold,2,5,117208,standard (0.9-1.5m),standard (0.9-1.5m),True
width_bin,width_bin,data/processed/train/width_bin_train.csv,data/features/dinov3_vitb16_remaining_attributes_assets.csv,classification,dinov3_frozen_embeddings_hist_gradient_boosting,hist_gradient_boosting,GroupKFold,2,5,117574,narrow (<0.9m),narrow (<0.9m),True
width_bin,width_bin,data/processed/train/width_bin_train.csv,data/features/dinov3_vitb16_remaining_attributes_assets.csv,classification,dinov3_frozen_embeddings_hist_gradient_boosting,hist_gradient_boosting,GroupKFold,2,5,117579,narrow (<0.9m),narrow (<0.9m),True
width_bin,width_bin,data/processed/train/width_bin_train.csv,data/features/dinov3_vitb16_remaining_attributes_assets.csv,classification,dinov3_frozen_embeddings_hist_gradient_boosting,hist_gradient_boosting,GroupKFold,2,5,117580,narrow (<0.9m),narrow (<0.9m),True
width_bin,width_bin,data/processed/train/width_bin_train.csv,data/features/dinov3_vitb16_remaining_attributes_assets.csv,classification,dinov3_frozen_embeddings_hist_gradient_boosting,hist_gradient_boosting,GroupKFold,2,5,117601,standard (0.9-1.5m),standard (0.9-1.5m),True
width_bin,width_bin,data/processed/train/width_bin_train.csv,data/features/dinov3_vitb16_remaining_attributes_assets.csv,classification,dinov3_frozen_embeddings_hist_gradient_boosting,hist_gradient_boosting,GroupKFold,2,5,120547,standard (0.9-1.5m),standard (0.9-1.5m),True
width_bin,width_bin,data/processed/train/width_bin_train.csv,data/features/dinov3_vitb16_remaining_attributes_assets.csv,classification,dinov3_frozen_embeddings_hist_gradient_boosting,hist_gradient_boosting,GroupKFold,2,5,120685,narrow (<0.9m),narrow (<0.9m),True
width_bin,width_bin,data/processed/train/width_bin_train.csv,data/features/dinov3_vitb16_remaining_attributes_assets.csv,classification,dinov3_frozen_embeddings_hist_gradient_boosting,hist_gradient_boosting,GroupKFold,2,5,120693,narrow (<0.9m),standard (0.9-1.5m),False
width_bin,width_bin,data/processed/train/width_bin_train.csv,data/features/dinov3_vitb16_remaining_attributes_assets.csv,classification,dinov3_frozen_embeddings_hist_gradient_boosting,hist_gradient_boosting,GroupKFold,2,5,121005,narrow (<0.9m),narrow (<0.9m),True
width_bin,width_bin,data/processed/train/width_bin_train.csv,data/features/dinov3_vitb16_remaining_attributes_assets.csv,classification,dinov3_frozen_embeddings_hist_gradient_boosting,hist_gradient_boosting,GroupKFold,2,5,121015,narrow (<0.9m),narrow (<0.9m),True
width_bin,width_bin,data/processed/train/width_bin_train.csv,data/features/dinov3_vitb16_remaining_attributes_assets.csv,classification,dinov3_frozen_embeddings_hist_gradient_boosting,hist_gradient_boosting,GroupKFold,2,5,121480,standard (0.9-1.5m),standard (0.9-1.5m),True
width_bin,width_bin,data/processed/train/width_bin_train.csv,data/features/dinov3_vitb16_remaining_attributes_assets.csv,classification,dinov3_frozen_embeddings_hist_gradient_boosting,hist_gradient_boosting,GroupKFold,2,5,121572,wide (>1.5m),standard (0.9-1.5m),False
width_bin,width_bin,data/processed/train/width_bin_train.csv,data/features/dinov3_vitb16_remaining_attributes_assets.csv,classification,dinov3_frozen_embeddings_hist_gradient_boosting,hist_gradient_boosting,GroupKFold,2,5,121575,wide (>1.5m),standard (0.9-1.5m),False
width_bin,width_bin,data/processed/train/width_bin_train.csv,data/features/dinov3_vitb16_remaining_attributes_assets.csv,classification,dinov3_frozen_embeddings_hist_gradient_boosting,hist_gradient_boosting,GroupKFold,2,5,121598,standard (0.9-1.5m),standard (0.9-1.5m),True
width_bin,width_bin,data/processed/train/width_bin_train.csv,data/features/dinov3_vitb16_remaining_attributes_assets.csv,classification,dinov3_frozen_embeddings_hist_gradient_boosting,hist_gradient_boosting,GroupKFold,2,5,121734,narrow (<0.9m),narrow (<0.9m),True
width_bin,width_bin,data/processed/train/width_bin_train.csv,data/features/dinov3_vitb16_remaining_attributes_assets.csv,classification,dinov3_frozen_embeddings_hist_gradient_boosting,hist_gradient_boosting,GroupKFold,2,5,121737,narrow (<0.9m),narrow (<0.9m),True
width_bin,width_bin,data/processed/train/width_bin_train.csv,data/features/dinov3_vitb16_remaining_attributes_assets.csv,classification,dinov3_frozen_embeddings_hist_gradient_boosting,hist_gradient_boosting,GroupKFold,2,5,121789,narrow (<0.9m),standard (0.9-1.5m),False
width_bin,width_bin,data/processed/train/width_bin_train.csv,data/features/dinov3_vitb16_remaining_attributes_assets.csv,classification,dinov3_frozen_embeddings_hist_gradient_boosting,hist_gradient_boosting,GroupKFold,2,5,122404,standard (0.9-1.5m),standard (0.9-1.5m),True
width_bin,width_bin,data/processed/train/width_bin_train.csv,data/features/dinov3_vitb16_remaining_attributes_assets.csv,classification,dinov3_frozen_embeddings_hist_gradient_boosting,hist_gradient_boosting,GroupKFold,2,5,123096,standard (0.9-1.5m),standard (0.9-1.5m),True
width_bin,width_bin,data/processed/train/width_bin_train.csv,data/features/dinov3_vitb16_remaining_attributes_assets.csv,classification,dinov3_frozen_embeddings_hist_gradient_boosting,hist_gradient_boosting,GroupKFold,2,5,123103,standard (0.9-1.5m),standard (0.9-1.5m),True
width_bin,width_bin,data/processed/train/width_bin_train.csv,data/features/dinov3_vitb16_remaining_attributes_assets.csv,classification,dinov3_frozen_embeddings_hist_gradient_boosting,hist_gradient_boosting,GroupKFold,2,5,123104,standard (0.9-1.5m),standard (0.9-1.5m),True
width_bin,width_bin,data/processed/train/width_bin_train.csv,data/features/dinov3_vitb16_remaining_attributes_assets.csv,classification,dinov3_frozen_embeddings_hist_gradient_boosting,hist_gradient_boosting,GroupKFold,2,5,123105,standard (0.9-1.5m),standard (0.9-1.5m),True
width_bin,width_bin,data/processed/train/width_bin_train.csv,data/features/dinov3_vitb16_remaining_attributes_assets.csv,classification,dinov3_frozen_embeddings_hist_gradient_boosting,hist_gradient_boosting,GroupKFold,2,5,123256,standard (0.9-1.5m),standard (0.9-1.5m),True
width_bin,width_bin,data/processed/train/width_bin_train.csv,data/features/dinov3_vitb16_remaining_attributes_assets.csv,classification,dinov3_frozen_embeddings_hist_gradient_boosting,hist_gradient_boosting,GroupKFold,2,5,123259,wide (>1.5m),standard (0.9-1.5m),False
width_bin,width_bin,data/processed/train/width_bin_train.csv,data/features/dinov3_vitb16_remaining_attributes_assets.csv,classification,dinov3_frozen_embeddings_hist_gradient_boosting,hist_gradient_boosting,GroupKFold,2,5,123471,wide (>1.5m),wide (>1.5m),True
width_bin,width_bin,data/processed/train/width_bin_train.csv,data/features/dinov3_vitb16_remaining_attributes_assets.csv,classification,dinov3_frozen_embeddings_hist_gradient_boosting,hist_gradient_boosting,GroupKFold,2,5,123472,wide (>1.5m),wide (>1.5m),True
width_bin,width_bin,data/processed/train/width_bin_train.csv,data/features/dinov3_vitb16_remaining_attributes_assets.csv,classification,dinov3_frozen_embeddings_hist_gradient_boosting,hist_gradient_boosting,GroupKFold,2,5,123778,standard (0.9-1.5m),standard (0.9-1.5m),True
width_bin,width_bin,data/processed/train/width_bin_train.csv,data/features/dinov3_vitb16_remaining_attributes_assets.csv,classification,dinov3_frozen_embeddings_hist_gradient_boosting,hist_gradient_boosting,GroupKFold,2,5,123786,standard (0.9-1.5m),standard (0.9-1.5m),True
width_bin,width_bin,data/processed/train/width_bin_train.csv,data/features/dinov3_vitb16_remaining_attributes_assets.csv,classification,dinov3_frozen_embeddings_hist_gradient_boosting,hist_gradient_boosting,GroupKFold,2,5,124739,wide (>1.5m),standard (0.9-1.5m),False
width_bin,width_bin,data/processed/train/width_bin_train.csv,data/features/dinov3_vitb16_remaining_attributes_assets.csv,classification,dinov3_frozen_embeddings_hist_gradient_boosting,hist_gradient_boosting,GroupKFold,2,5,124741,wide (>1.5m),standard (0.9-1.5m),False
width_bin,width_bin,data/processed/train/width_bin_train.csv,data/features/dinov3_vitb16_remaining_attributes_assets.csv,classification,dinov3_frozen_embeddings_hist_gradient_boosting,hist_gradient_boosting,GroupKFold,2,5,126335,standard (0.9-1.5m),standard (0.9-1.5m),True
width_bin,width_bin,data/processed/train/width_bin_train.csv,data/features/dinov3_vitb16_remaining_attributes_assets.csv,classification,dinov3_frozen_embeddings_hist_gradient_boosting,hist_gradient_boosting,GroupKFold,2,5,126783,standard (0.9-1.5m),standard (0.9-1.5m),True
width_bin,width_bin,data/processed/train/width_bin_train.csv,data/features/dinov3_vitb16_remaining_attributes_assets.csv,classification,dinov3_frozen_embeddings_hist_gradient_boosting,hist_gradient_boosting,GroupKFold,2,5,126805,standard (0.9-1.5m),standard (0.9-1.5m),True
width_bin,width_bin,data/processed/train/width_bin_train.csv,data/features/dinov3_vitb16_remaining_attributes_assets.csv,classification,dinov3_frozen_embeddings_hist_gradient_boosting,hist_gradient_boosting,GroupKFold,2,5,126834,standard (0.9-1.5m),standard (0.9-1.5m),True
width_bin,width_bin,data/processed/train/width_bin_train.csv,data/features/dinov3_vitb16_remaining_attributes_assets.csv,classification,dinov3_frozen_embeddings_hist_gradient_boosting,hist_gradient_boosting,GroupKFold,2,5,127156,standard (0.9-1.5m),standard (0.9-1.5m),True
width_bin,width_bin,data/processed/train/width_bin_train.csv,data/features/dinov3_vitb16_remaining_attributes_assets.csv,classification,dinov3_frozen_embeddings_hist_gradient_boosting,hist_gradient_boosting,GroupKFold,2,5,127756,standard (0.9-1.5m),standard (0.9-1.5m),True
width_bin,width_bin,data/processed/train/width_bin_train.csv,data/features/dinov3_vitb16_remaining_attributes_assets.csv,classification,dinov3_frozen_embeddings_hist_gradient_boosting,hist_gradient_boosting,GroupKFold,2,5,127945,standard (0.9-1.5m),standard (0.9-1.5m),True
width_bin,width_bin,data/processed/train/width_bin_train.csv,data/features/dinov3_vitb16_remaining_attributes_assets.csv,classification,dinov3_frozen_embeddings_hist_gradient_boosting,hist_gradient_boosting,GroupKFold,2,5,129399,wide (>1.5m),wide (>1.5m),True
width_bin,width_bin,data/processed/train/width_bin_train.csv,data/features/dinov3_vitb16_remaining_attributes_assets.csv,classification,dinov3_frozen_embeddings_hist_gradient_boosting,hist_gradient_boosting,GroupKFold,2,5,81881,wide (>1.5m),narrow (<0.9m),False
width_bin,width_bin,data/processed/train/width_bin_train.csv,data/features/dinov3_vitb16_remaining_attributes_assets.csv,classification,dinov3_frozen_embeddings_hist_gradient_boosting,hist_gradient_boosting,GroupKFold,2,5,102975,standard (0.9-1.5m),standard (0.9-1.5m),True
width_bin,width_bin,data/processed/train/width_bin_train.csv,data/features/dinov3_vitb16_remaining_attributes_assets.csv,classification,dinov3_frozen_embeddings_hist_gradient_boosting,hist_gradient_boosting,GroupKFold,2,5,103725,standard (0.9-1.5m),narrow (<0.9m),False
width_bin,width_bin,data/processed/train/width_bin_train.csv,data/features/dinov3_vitb16_remaining_attributes_assets.csv,classification,dinov3_frozen_embeddings_hist_gradient_boosting,hist_gradient_boosting,GroupKFold,2,5,104871,wide (>1.5m),wide (>1.5m),True
width_bin,width_bin,data/processed/train/width_bin_train.csv,data/features/dinov3_vitb16_remaining_attributes_assets.csv,classification,dinov3_frozen_embeddings_hist_gradient_boosting,hist_gradient_boosting,GroupKFold,2,5,109188,standard (0.9-1.5m),standard (0.9-1.5m),True
width_bin,width_bin,data/processed/train/width_bin_train.csv,data/features/dinov3_vitb16_remaining_attributes_assets.csv,classification,dinov3_frozen_embeddings_hist_gradient_boosting,hist_gradient_boosting,GroupKFold,2,5,114049,standard (0.9-1.5m),standard (0.9-1.5m),True
width_bin,width_bin,data/processed/train/width_bin_train.csv,data/features/dinov3_vitb16_remaining_attributes_assets.csv,classification,dinov3_frozen_embeddings_hist_gradient_boosting,hist_gradient_boosting,GroupKFold,2,5,114198,standard (0.9-1.5m),standard (0.9-1.5m),True
width_bin,width_bin,data/processed/train/width_bin_train.csv,data/features/dinov3_vitb16_remaining_attributes_assets.csv,classification,dinov3_frozen_embeddings_hist_gradient_boosting,hist_gradient_boosting,GroupKFold,2,5,114211,standard (0.9-1.5m),narrow (<0.9m),False
width_bin,width_bin,data/processed/train/width_bin_train.csv,data/features/dinov3_vitb16_remaining_attributes_assets.csv,classification,dinov3_frozen_embeddings_hist_gradient_boosting,hist_gradient_boosting,GroupKFold,2,5,114247,standard (0.9-1.5m),standard (0.9-1.5m),True
width_bin,width_bin,data/processed/train/width_bin_train.csv,data/features/dinov3_vitb16_remaining_attributes_assets.csv,classification,dinov3_frozen_embeddings_hist_gradient_boosting,hist_gradient_boosting,GroupKFold,2,5,114255,standard (0.9-1.5m),standard (0.9-1.5m),True
width_bin,width_bin,data/processed/train/width_bin_train.csv,data/features/dinov3_vitb16_remaining_attributes_assets.csv,classification,dinov3_frozen_embeddings_hist_gradient_boosting,hist_gradient_boosting,GroupKFold,2,5,114280,standard (0.9-1.5m),standard (0.9-1.5m),True
width_bin,width_bin,data/processed/train/width_bin_train.csv,data/features/dinov3_vitb16_remaining_attributes_assets.csv,classification,dinov3_frozen_embeddings_hist_gradient_boosting,hist_gradient_boosting,GroupKFold,2,5,114283,standard (0.9-1.5m),standard (0.9-1.5m),True
width_bin,width_bin,data/processed/train/width_bin_train.csv,data/features/dinov3_vitb16_remaining_attributes_assets.csv,classification,dinov3_frozen_embeddings_hist_gradient_boosting,hist_gradient_boosting,GroupKFold,2,5,115440,standard (0.9-1.5m),standard (0.9-1.5m),True
width_bin,width_bin,data/processed/train/width_bin_train.csv,data/features/dinov3_vitb16_remaining_attributes_assets.csv,classification,dinov3_frozen_embeddings_hist_gradient_boosting,hist_gradient_boosting,GroupKFold,2,5,117576,narrow (<0.9m),narrow (<0.9m),True
width_bin,width_bin,data/processed/train/width_bin_train.csv,data/features/dinov3_vitb16_remaining_attributes_assets.csv,classification,dinov3_frozen_embeddings_hist_gradient_boosting,hist_gradient_boosting,GroupKFold,2,5,117577,standard (0.9-1.5m),standard (0.9-1.5m),True
width_bin,width_bin,data/processed/train/width_bin_train.csv,data/features/dinov3_vitb16_remaining_attributes_assets.csv,classification,dinov3_frozen_embeddings_hist_gradient_boosting,hist_gradient_boosting,GroupKFold,2,5,121006,narrow (<0.9m),narrow (<0.9m),True
width_bin,width_bin,data/processed/train/width_bin_train.csv,data/features/dinov3_vitb16_remaining_attributes_assets.csv,classification,dinov3_frozen_embeddings_hist_gradient_boosting,hist_gradient_boosting,GroupKFold,2,5,121501,wide (>1.5m),wide (>1.5m),True
width_bin,width_bin,data/processed/train/width_bin_train.csv,data/features/dinov3_vitb16_remaining_attributes_assets.csv,classification,dinov3_frozen_embeddings_hist_gradient_boosting,hist_gradient_boosting,GroupKFold,2,5,126795,standard (0.9-1.5m),standard (0.9-1.5m),True
width_bin,width_bin,data/processed/train/width_bin_train.csv,data/features/dinov3_vitb16_remaining_attributes_assets.csv,classification,dinov3_frozen_embeddings_hist_gradient_boosting,hist_gradient_boosting,GroupKFold,2,5,127071,standard (0.9-1.5m),standard (0.9-1.5m),True
width_bin,width_bin,data/processed/train/width_bin_train.csv,data/features/dinov3_vitb16_remaining_attributes_assets.csv,classification,dinov3_frozen_embeddings_hist_gradient_boosting,hist_gradient_boosting,GroupKFold,2,5,127153,standard (0.9-1.5m),standard (0.9-1.5m),True
width_bin,width_bin,data/processed/train/width_bin_train.csv,data/features/dinov3_vitb16_remaining_attributes_assets.csv,classification,dinov3_frozen_embeddings_hist_gradient_boosting,hist_gradient_boosting,GroupKFold,2,5,128878,standard (0.9-1.5m),standard (0.9-1.5m),True
width_bin,width_bin,data/processed/train/width_bin_train.csv,data/features/dinov3_vitb16_remaining_attributes_assets.csv,classification,dinov3_frozen_embeddings_hist_gradient_boosting,hist_gradient_boosting,GroupKFold,2,5,116610,standard (>=0.8m),standard (0.9-1.5m),False
width_bin,width_bin,data/processed/train/width_bin_train.csv,data/features/dinov3_vitb16_remaining_attributes_assets.csv,classification,dinov3_frozen_embeddings_hist_gradient_boosting,hist_gradient_boosting,GroupKFold,2,5,117016,narrow (<0.8m),standard (0.9-1.5m),False
width_bin,width_bin,data/processed/train/width_bin_train.csv,data/features/dinov3_vitb16_remaining_attributes_assets.csv,classification,dinov3_frozen_embeddings_hist_gradient_boosting,hist_gradient_boosting,GroupKFold,2,5,47182,standard (0.9-1.5m),standard (0.9-1.5m),True
width_bin,width_bin,data/processed/train/width_bin_train.csv,data/features/dinov3_vitb16_remaining_attributes_assets.csv,classification,dinov3_frozen_embeddings_hist_gradient_boosting,hist_gradient_boosting,GroupKFold,2,5,48112,wide (>1.5m),standard (0.9-1.5m),False
width_bin,width_bin,data/processed/train/width_bin_train.csv,data/features/dinov3_vitb16_remaining_attributes_assets.csv,classification,dinov3_frozen_embeddings_hist_gradient_boosting,hist_gradient_boosting,GroupKFold,2,5,48625,standard (0.9-1.5m),standard (0.9-1.5m),True
width_bin,width_bin,data/processed/train/width_bin_train.csv,data/features/dinov3_vitb16_remaining_attributes_assets.csv,classification,dinov3_frozen_embeddings_hist_gradient_boosting,hist_gradient_boosting,GroupKFold,2,5,49059,standard (0.9-1.5m),standard (0.9-1.5m),True
width_bin,width_bin,data/processed/train/width_bin_train.csv,data/features/dinov3_vitb16_remaining_attributes_assets.csv,classification,dinov3_frozen_embeddings_hist_gradient_boosting,hist_gradient_boosting,GroupKFold,2,5,49664,wide (>1.5m),wide (>1.5m),True
width_bin,width_bin,data/processed/train/width_bin_train.csv,data/features/dinov3_vitb16_remaining_attributes_assets.csv,classification,dinov3_frozen_embeddings_hist_gradient_boosting,hist_gradient_boosting,GroupKFold,2,5,50235,standard (0.9-1.5m),standard (0.9-1.5m),True
width_bin,width_bin,data/processed/train/width_bin_train.csv,data/features/dinov3_vitb16_remaining_attributes_assets.csv,classification,dinov3_frozen_embeddings_hist_gradient_boosting,hist_gradient_boosting,GroupKFold,2,5,50770,standard (0.9-1.5m),standard (0.9-1.5m),True
width_bin,width_bin,data/processed/train/width_bin_train.csv,data/features/dinov3_vitb16_remaining_attributes_assets.csv,classification,dinov3_frozen_embeddings_hist_gradient_boosting,hist_gradient_boosting,GroupKFold,2,5,51798,wide (>1.5m),standard (0.9-1.5m),False
width_bin,width_bin,data/processed/train/width_bin_train.csv,data/features/dinov3_vitb16_remaining_attributes_assets.csv,classification,dinov3_frozen_embeddings_hist_gradient_boosting,hist_gradient_boosting,GroupKFold,2,5,51800,standard (0.9-1.5m),wide (>1.5m),False
width_bin,width_bin,data/processed/train/width_bin_train.csv,data/features/dinov3_vitb16_remaining_attributes_assets.csv,classification,dinov3_frozen_embeddings_hist_gradient_boosting,hist_gradient_boosting,GroupKFold,2,5,53195,wide (>1.5m),wide (>1.5m),True
width_bin,width_bin,data/processed/train/width_bin_train.csv,data/features/dinov3_vitb16_remaining_attributes_assets.csv,classification,dinov3_frozen_embeddings_hist_gradient_boosting,hist_gradient_boosting,GroupKFold,2,5,54325,standard (0.9-1.5m),standard (0.9-1.5m),True
width_bin,width_bin,data/processed/train/width_bin_train.csv,data/features/dinov3_vitb16_remaining_attributes_assets.csv,classification,dinov3_frozen_embeddings_hist_gradient_boosting,hist_gradient_boosting,GroupKFold,2,5,54327,wide (>1.5m),standard (0.9-1.5m),False
width_bin,width_bin,data/processed/train/width_bin_train.csv,data/features/dinov3_vitb16_remaining_attributes_assets.csv,classification,dinov3_frozen_embeddings_hist_gradient_boosting,hist_gradient_boosting,GroupKFold,2,5,55638,standard (0.9-1.5m),standard (0.9-1.5m),True
width_bin,width_bin,data/processed/train/width_bin_train.csv,data/features/dinov3_vitb16_remaining_attributes_assets.csv,classification,dinov3_frozen_embeddings_hist_gradient_boosting,hist_gradient_boosting,GroupKFold,2,5,55642,wide (>1.5m),standard (0.9-1.5m),False
width_bin,width_bin,data/processed/train/width_bin_train.csv,data/features/dinov3_vitb16_remaining_attributes_assets.csv,classification,dinov3_frozen_embeddings_hist_gradient_boosting,hist_gradient_boosting,GroupKFold,2,5,56470,wide (>1.5m),wide (>1.5m),True
width_bin,width_bin,data/processed/train/width_bin_train.csv,data/features/dinov3_vitb16_remaining_attributes_assets.csv,classification,dinov3_frozen_embeddings_hist_gradient_boosting,hist_gradient_boosting,GroupKFold,2,5,57118,standard (0.9-1.5m),standard (0.9-1.5m),True
width_bin,width_bin,data/processed/train/width_bin_train.csv,data/features/dinov3_vitb16_remaining_attributes_assets.csv,classification,dinov3_frozen_embeddings_hist_gradient_boosting,hist_gradient_boosting,GroupKFold,2,5,57858,standard (0.9-1.5m),standard (0.9-1.5m),True
width_bin,width_bin,data/processed/train/width_bin_train.csv,data/features/dinov3_vitb16_remaining_attributes_assets.csv,classification,dinov3_frozen_embeddings_hist_gradient_boosting,hist_gradient_boosting,GroupKFold,2,5,58160,wide (>1.5m),standard (0.9-1.5m),False
width_bin,width_bin,data/processed/train/width_bin_train.csv,data/features/dinov3_vitb16_remaining_attributes_assets.csv,classification,dinov3_frozen_embeddings_hist_gradient_boosting,hist_gradient_boosting,GroupKFold,2,5,58164,standard (0.9-1.5m),standard (0.9-1.5m),True
width_bin,width_bin,data/processed/train/width_bin_train.csv,data/features/dinov3_vitb16_remaining_attributes_assets.csv,classification,dinov3_frozen_embeddings_hist_gradient_boosting,hist_gradient_boosting,GroupKFold,2,5,58410,wide (>1.5m),wide (>1.5m),True
width_bin,width_bin,data/processed/train/width_bin_train.csv,data/features/dinov3_vitb16_remaining_attributes_assets.csv,classification,dinov3_frozen_embeddings_hist_gradient_boosting,hist_gradient_boosting,GroupKFold,2,5,60955,standard (0.9-1.5m),standard (0.9-1.5m),True
width_bin,width_bin,data/processed/train/width_bin_train.csv,data/features/dinov3_vitb16_remaining_attributes_assets.csv,classification,dinov3_frozen_embeddings_hist_gradient_boosting,hist_gradient_boosting,GroupKFold,2,5,61003,wide (>1.5m),standard (0.9-1.5m),False
width_bin,width_bin,data/processed/train/width_bin_train.csv,data/features/dinov3_vitb16_remaining_attributes_assets.csv,classification,dinov3_frozen_embeddings_hist_gradient_boosting,hist_gradient_boosting,GroupKFold,2,5,61414,wide (>1.5m),standard (0.9-1.5m),False
width_bin,width_bin,data/processed/train/width_bin_train.csv,data/features/dinov3_vitb16_remaining_attributes_assets.csv,classification,dinov3_frozen_embeddings_hist_gradient_boosting,hist_gradient_boosting,GroupKFold,2,5,63068,wide (>1.5m),standard (0.9-1.5m),False
width_bin,width_bin,data/processed/train/width_bin_train.csv,data/features/dinov3_vitb16_remaining_attributes_assets.csv,classification,dinov3_frozen_embeddings_hist_gradient_boosting,hist_gradient_boosting,GroupKFold,2,5,63217,standard (0.9-1.5m),wide (>1.5m),False
width_bin,width_bin,data/processed/train/width_bin_train.csv,data/features/dinov3_vitb16_remaining_attributes_assets.csv,classification,dinov3_frozen_embeddings_hist_gradient_boosting,hist_gradient_boosting,GroupKFold,2,5,63218,standard (0.9-1.5m),standard (0.9-1.5m),True
width_bin,width_bin,data/processed/train/width_bin_train.csv,data/features/dinov3_vitb16_remaining_attributes_assets.csv,classification,dinov3_frozen_embeddings_hist_gradient_boosting,hist_gradient_boosting,GroupKFold,2,5,63389,standard (0.9-1.5m),standard (0.9-1.5m),True
width_bin,width_bin,data/processed/train/width_bin_train.csv,data/features/dinov3_vitb16_remaining_attributes_assets.csv,classification,dinov3_frozen_embeddings_hist_gradient_boosting,hist_gradient_boosting,GroupKFold,2,5,64098,standard (0.9-1.5m),standard (0.9-1.5m),True
width_bin,width_bin,data/processed/train/width_bin_train.csv,data/features/dinov3_vitb16_remaining_attributes_assets.csv,classification,dinov3_frozen_embeddings_hist_gradient_boosting,hist_gradient_boosting,GroupKFold,2,5,64102,standard (0.9-1.5m),standard (0.9-1.5m),True
width_bin,width_bin,data/processed/train/width_bin_train.csv,data/features/dinov3_vitb16_remaining_attributes_assets.csv,classification,dinov3_frozen_embeddings_hist_gradient_boosting,hist_gradient_boosting,GroupKFold,2,5,64129,standard (0.9-1.5m),standard (0.9-1.5m),True
width_bin,width_bin,data/processed/train/width_bin_train.csv,data/features/dinov3_vitb16_remaining_attributes_assets.csv,classification,dinov3_frozen_embeddings_hist_gradient_boosting,hist_gradient_boosting,GroupKFold,2,5,64138,standard (0.9-1.5m),standard (0.9-1.5m),True
width_bin,width_bin,data/processed/train/width_bin_train.csv,data/features/dinov3_vitb16_remaining_attributes_assets.csv,classification,dinov3_frozen_embeddings_hist_gradient_boosting,hist_gradient_boosting,GroupKFold,2,5,64694,standard (0.9-1.5m),standard (0.9-1.5m),True
width_bin,width_bin,data/processed/train/width_bin_train.csv,data/features/dinov3_vitb16_remaining_attributes_assets.csv,classification,dinov3_frozen_embeddings_hist_gradient_boosting,hist_gradient_boosting,GroupKFold,2,5,65609,standard (0.9-1.5m),medium (3-7m),False
width_bin,width_bin,data/processed/train/width_bin_train.csv,data/features/dinov3_vitb16_remaining_attributes_assets.csv,classification,dinov3_frozen_embeddings_hist_gradient_boosting,hist_gradient_boosting,GroupKFold,2,5,66917,narrow (<0.9m),medium (3-7m),False
width_bin,width_bin,data/processed/train/width_bin_train.csv,data/features/dinov3_vitb16_remaining_attributes_assets.csv,classification,dinov3_frozen_embeddings_hist_gradient_boosting,hist_gradient_boosting,GroupKFold,2,5,80596,standard (0.9-1.5m),standard (0.9-1.5m),True
width_bin,width_bin,data/processed/train/width_bin_train.csv,data/features/dinov3_vitb16_remaining_attributes_assets.csv,classification,dinov3_frozen_embeddings_hist_gradient_boosting,hist_gradient_boosting,GroupKFold,2,5,81808,wide (>1.5m),standard (0.9-1.5m),False
width_bin,width_bin,data/processed/train/width_bin_train.csv,data/features/dinov3_vitb16_remaining_attributes_assets.csv,classification,dinov3_frozen_embeddings_hist_gradient_boosting,hist_gradient_boosting,GroupKFold,2,5,82270,standard (0.9-1.5m),standard (0.9-1.5m),True
width_bin,width_bin,data/processed/train/width_bin_train.csv,data/features/dinov3_vitb16_remaining_attributes_assets.csv,classification,dinov3_frozen_embeddings_hist_gradient_boosting,hist_gradient_boosting,GroupKFold,2,5,82304,standard (0.9-1.5m),standard (0.9-1.5m),True
width_bin,width_bin,data/processed/train/width_bin_train.csv,data/features/dinov3_vitb16_remaining_attributes_assets.csv,classification,dinov3_frozen_embeddings_hist_gradient_boosting,hist_gradient_boosting,GroupKFold,2,5,82385,standard (0.9-1.5m),standard (0.9-1.5m),True
width_bin,width_bin,data/processed/train/width_bin_train.csv,data/features/dinov3_vitb16_remaining_attributes_assets.csv,classification,dinov3_frozen_embeddings_hist_gradient_boosting,hist_gradient_boosting,GroupKFold,2,5,83133,standard (0.9-1.5m),standard (0.9-1.5m),True
width_bin,width_bin,data/processed/train/width_bin_train.csv,data/features/dinov3_vitb16_remaining_attributes_assets.csv,classification,dinov3_frozen_embeddings_hist_gradient_boosting,hist_gradient_boosting,GroupKFold,2,5,83140,standard (0.9-1.5m),standard (0.9-1.5m),True
width_bin,width_bin,data/processed/train/width_bin_train.csv,data/features/dinov3_vitb16_remaining_attributes_assets.csv,classification,dinov3_frozen_embeddings_hist_gradient_boosting,hist_gradient_boosting,GroupKFold,2,5,86369,standard (0.9-1.5m),standard (0.9-1.5m),True
width_bin,width_bin,data/processed/train/width_bin_train.csv,data/features/dinov3_vitb16_remaining_attributes_assets.csv,classification,dinov3_frozen_embeddings_hist_gradient_boosting,hist_gradient_boosting,GroupKFold,2,5,86518,wide (>1.5m),wide (>1.5m),True
width_bin,width_bin,data/processed/train/width_bin_train.csv,data/features/dinov3_vitb16_remaining_attributes_assets.csv,classification,dinov3_frozen_embeddings_hist_gradient_boosting,hist_gradient_boosting,GroupKFold,2,5,86597,wide (>1.5m),wide (>1.5m),True
width_bin,width_bin,data/processed/train/width_bin_train.csv,data/features/dinov3_vitb16_remaining_attributes_assets.csv,classification,dinov3_frozen_embeddings_hist_gradient_boosting,hist_gradient_boosting,GroupKFold,2,5,88220,wide (>1.5m),standard (0.9-1.5m),False
width_bin,width_bin,data/processed/train/width_bin_train.csv,data/features/dinov3_vitb16_remaining_attributes_assets.csv,classification,dinov3_frozen_embeddings_hist_gradient_boosting,hist_gradient_boosting,GroupKFold,2,5,88734,wide (>1.5m),wide (>1.5m),True
width_bin,width_bin,data/processed/train/width_bin_train.csv,data/features/dinov3_vitb16_remaining_attributes_assets.csv,classification,dinov3_frozen_embeddings_hist_gradient_boosting,hist_gradient_boosting,GroupKFold,2,5,88736,standard (0.9-1.5m),standard (0.9-1.5m),True
width_bin,width_bin,data/processed/train/width_bin_train.csv,data/features/dinov3_vitb16_remaining_attributes_assets.csv,classification,dinov3_frozen_embeddings_hist_gradient_boosting,hist_gradient_boosting,GroupKFold,2,5,89437,standard (0.9-1.5m),standard (0.9-1.5m),True
width_bin,width_bin,data/processed/train/width_bin_train.csv,data/features/dinov3_vitb16_remaining_attributes_assets.csv,classification,dinov3_frozen_embeddings_hist_gradient_boosting,hist_gradient_boosting,GroupKFold,2,5,89442,standard (0.9-1.5m),standard (0.9-1.5m),True
width_bin,width_bin,data/processed/train/width_bin_train.csv,data/features/dinov3_vitb16_remaining_attributes_assets.csv,classification,dinov3_frozen_embeddings_hist_gradient_boosting,hist_gradient_boosting,GroupKFold,2,5,89449,standard (0.9-1.5m),standard (0.9-1.5m),True
width_bin,width_bin,data/processed/train/width_bin_train.csv,data/features/dinov3_vitb16_remaining_attributes_assets.csv,classification,dinov3_frozen_embeddings_hist_gradient_boosting,hist_gradient_boosting,GroupKFold,2,5,90385,narrow (<0.9m),standard (0.9-1.5m),False
width_bin,width_bin,data/processed/train/width_bin_train.csv,data/features/dinov3_vitb16_remaining_attributes_assets.csv,classification,dinov3_frozen_embeddings_hist_gradient_boosting,hist_gradient_boosting,GroupKFold,2,5,90391,standard (0.9-1.5m),standard (0.9-1.5m),True
width_bin,width_bin,data/processed/train/width_bin_train.csv,data/features/dinov3_vitb16_remaining_attributes_assets.csv,classification,dinov3_frozen_embeddings_hist_gradient_boosting,hist_gradient_boosting,GroupKFold,2,5,92033,narrow (<0.9m),standard (0.9-1.5m),False
width_bin,width_bin,data/processed/train/width_bin_train.csv,data/features/dinov3_vitb16_remaining_attributes_assets.csv,classification,dinov3_frozen_embeddings_hist_gradient_boosting,hist_gradient_boosting,GroupKFold,2,5,94170,narrow (<0.9m),standard (0.9-1.5m),False
width_bin,width_bin,data/processed/train/width_bin_train.csv,data/features/dinov3_vitb16_remaining_attributes_assets.csv,classification,dinov3_frozen_embeddings_hist_gradient_boosting,hist_gradient_boosting,GroupKFold,2,5,98531,standard (0.9-1.5m),standard (0.9-1.5m),True
width_bin,width_bin,data/processed/train/width_bin_train.csv,data/features/dinov3_vitb16_remaining_attributes_assets.csv,classification,dinov3_frozen_embeddings_hist_gradient_boosting,hist_gradient_boosting,GroupKFold,2,5,99454,standard (0.9-1.5m),standard (0.9-1.5m),True
width_bin,width_bin,data/processed/train/width_bin_train.csv,data/features/dinov3_vitb16_remaining_attributes_assets.csv,classification,dinov3_frozen_embeddings_hist_gradient_boosting,hist_gradient_boosting,GroupKFold,2,5,99460,standard (0.9-1.5m),standard (0.9-1.5m),True
width_bin,width_bin,data/processed/train/width_bin_train.csv,data/features/dinov3_vitb16_remaining_attributes_assets.csv,classification,dinov3_frozen_embeddings_hist_gradient_boosting,hist_gradient_boosting,GroupKFold,2,5,99844,standard (0.9-1.5m),standard (0.9-1.5m),True
width_bin,width_bin,data/processed/train/width_bin_train.csv,data/features/dinov3_vitb16_remaining_attributes_assets.csv,classification,dinov3_frozen_embeddings_hist_gradient_boosting,hist_gradient_boosting,GroupKFold,2,5,100251,wide (>1.5m),wide (>1.5m),True
width_bin,width_bin,data/processed/train/width_bin_train.csv,data/features/dinov3_vitb16_remaining_attributes_assets.csv,classification,dinov3_frozen_embeddings_hist_gradient_boosting,hist_gradient_boosting,GroupKFold,2,5,100269,wide (>1.5m),standard (0.9-1.5m),False
width_bin,width_bin,data/processed/train/width_bin_train.csv,data/features/dinov3_vitb16_remaining_attributes_assets.csv,classification,dinov3_frozen_embeddings_hist_gradient_boosting,hist_gradient_boosting,GroupKFold,2,5,101826,standard (0.9-1.5m),standard (0.9-1.5m),True
width_bin,width_bin,data/processed/train/width_bin_train.csv,data/features/dinov3_vitb16_remaining_attributes_assets.csv,classification,dinov3_frozen_embeddings_hist_gradient_boosting,hist_gradient_boosting,GroupKFold,2,5,101868,standard (0.9-1.5m),standard (0.9-1.5m),True
width_bin,width_bin,data/processed/train/width_bin_train.csv,data/features/dinov3_vitb16_remaining_attributes_assets.csv,classification,dinov3_frozen_embeddings_hist_gradient_boosting,hist_gradient_boosting,GroupKFold,2,5,102436,wide (>1.5m),standard (0.9-1.5m),False
width_bin,width_bin,data/processed/train/width_bin_train.csv,data/features/dinov3_vitb16_remaining_attributes_assets.csv,classification,dinov3_frozen_embeddings_hist_gradient_boosting,hist_gradient_boosting,GroupKFold,2,5,102816,standard (0.9-1.5m),standard (0.9-1.5m),True
width_bin,width_bin,data/processed/train/width_bin_train.csv,data/features/dinov3_vitb16_remaining_attributes_assets.csv,classification,dinov3_frozen_embeddings_hist_gradient_boosting,hist_gradient_boosting,GroupKFold,2,5,105449,standard (0.9-1.5m),standard (0.9-1.5m),True
width_bin,width_bin,data/processed/train/width_bin_train.csv,data/features/dinov3_vitb16_remaining_attributes_assets.csv,classification,dinov3_frozen_embeddings_hist_gradient_boosting,hist_gradient_boosting,GroupKFold,2,5,105457,standard (0.9-1.5m),standard (0.9-1.5m),True
width_bin,width_bin,data/processed/train/width_bin_train.csv,data/features/dinov3_vitb16_remaining_attributes_assets.csv,classification,dinov3_frozen_embeddings_hist_gradient_boosting,hist_gradient_boosting,GroupKFold,2,5,106030,narrow (<0.9m),standard (0.9-1.5m),False
width_bin,width_bin,data/processed/train/width_bin_train.csv,data/features/dinov3_vitb16_remaining_attributes_assets.csv,classification,dinov3_frozen_embeddings_hist_gradient_boosting,hist_gradient_boosting,GroupKFold,2,5,106045,narrow (<0.9m),standard (0.9-1.5m),False
width_bin,width_bin,data/processed/train/width_bin_train.csv,data/features/dinov3_vitb16_remaining_attributes_assets.csv,classification,dinov3_frozen_embeddings_hist_gradient_boosting,hist_gradient_boosting,GroupKFold,2,5,106054,narrow (<0.9m),standard (0.9-1.5m),False
width_bin,width_bin,data/processed/train/width_bin_train.csv,data/features/dinov3_vitb16_remaining_attributes_assets.csv,classification,dinov3_frozen_embeddings_hist_gradient_boosting,hist_gradient_boosting,GroupKFold,2,5,106264,standard (0.9-1.5m),standard (0.9-1.5m),True
width_bin,width_bin,data/processed/train/width_bin_train.csv,data/features/dinov3_vitb16_remaining_attributes_assets.csv,classification,dinov3_frozen_embeddings_hist_gradient_boosting,hist_gradient_boosting,GroupKFold,2,5,108330,standard (0.9-1.5m),standard (0.9-1.5m),True
width_bin,width_bin,data/processed/train/width_bin_train.csv,data/features/dinov3_vitb16_remaining_attributes_assets.csv,classification,dinov3_frozen_embeddings_hist_gradient_boosting,hist_gradient_boosting,GroupKFold,2,5,108662,standard (0.9-1.5m),narrow (<0.9m),False
width_bin,width_bin,data/processed/train/width_bin_train.csv,data/features/dinov3_vitb16_remaining_attributes_assets.csv,classification,dinov3_frozen_embeddings_hist_gradient_boosting,hist_gradient_boosting,GroupKFold,2,5,108799,narrow (<0.9m),standard (0.9-1.5m),False
width_bin,width_bin,data/processed/train/width_bin_train.csv,data/features/dinov3_vitb16_remaining_attributes_assets.csv,classification,dinov3_frozen_embeddings_hist_gradient_boosting,hist_gradient_boosting,GroupKFold,2,5,109151,standard (0.9-1.5m),standard (0.9-1.5m),True
width_bin,width_bin,data/processed/train/width_bin_train.csv,data/features/dinov3_vitb16_remaining_attributes_assets.csv,classification,dinov3_frozen_embeddings_hist_gradient_boosting,hist_gradient_boosting,GroupKFold,2,5,109538,wide (>1.5m),wide (>1.5m),True
width_bin,width_bin,data/processed/train/width_bin_train.csv,data/features/dinov3_vitb16_remaining_attributes_assets.csv,classification,dinov3_frozen_embeddings_hist_gradient_boosting,hist_gradient_boosting,GroupKFold,2,5,109619,standard (0.9-1.5m),standard (0.9-1.5m),True
width_bin,width_bin,data/processed/train/width_bin_train.csv,data/features/dinov3_vitb16_remaining_attributes_assets.csv,classification,dinov3_frozen_embeddings_hist_gradient_boosting,hist_gradient_boosting,GroupKFold,2,5,110137,standard (0.9-1.5m),standard (0.9-1.5m),True
width_bin,width_bin,data/processed/train/width_bin_train.csv,data/features/dinov3_vitb16_remaining_attributes_assets.csv,classification,dinov3_frozen_embeddings_hist_gradient_boosting,hist_gradient_boosting,GroupKFold,2,5,110139,narrow (<0.9m),narrow (<0.9m),True
width_bin,width_bin,data/processed/train/width_bin_train.csv,data/features/dinov3_vitb16_remaining_attributes_assets.csv,classification,dinov3_frozen_embeddings_hist_gradient_boosting,hist_gradient_boosting,GroupKFold,2,5,110170,standard (0.9-1.5m),standard (0.9-1.5m),True
width_bin,width_bin,data/processed/train/width_bin_train.csv,data/features/dinov3_vitb16_remaining_attributes_assets.csv,classification,dinov3_frozen_embeddings_hist_gradient_boosting,hist_gradient_boosting,GroupKFold,2,5,111782,wide (>1.5m),standard (0.9-1.5m),False
width_bin,width_bin,data/processed/train/width_bin_train.csv,data/features/dinov3_vitb16_remaining_attributes_assets.csv,classification,dinov3_frozen_embeddings_hist_gradient_boosting,hist_gradient_boosting,GroupKFold,2,5,112340,standard (0.9-1.5m),standard (0.9-1.5m),True
width_bin,width_bin,data/processed/train/width_bin_train.csv,data/features/dinov3_vitb16_remaining_attributes_assets.csv,classification,dinov3_frozen_embeddings_hist_gradient_boosting,hist_gradient_boosting,GroupKFold,2,5,112348,standard (0.9-1.5m),standard (0.9-1.5m),True
width_bin,width_bin,data/processed/train/width_bin_train.csv,data/features/dinov3_vitb16_remaining_attributes_assets.csv,classification,dinov3_frozen_embeddings_hist_gradient_boosting,hist_gradient_boosting,GroupKFold,2,5,112411,standard (0.9-1.5m),standard (0.9-1.5m),True
width_bin,width_bin,data/processed/train/width_bin_train.csv,data/features/dinov3_vitb16_remaining_attributes_assets.csv,classification,dinov3_frozen_embeddings_hist_gradient_boosting,hist_gradient_boosting,GroupKFold,2,5,113159,standard (0.9-1.5m),standard (0.9-1.5m),True
width_bin,width_bin,data/processed/train/width_bin_train.csv,data/features/dinov3_vitb16_remaining_attributes_assets.csv,classification,dinov3_frozen_embeddings_hist_gradient_boosting,hist_gradient_boosting,GroupKFold,2,5,113954,wide (>1.5m),standard (0.9-1.5m),False
width_bin,width_bin,data/processed/train/width_bin_train.csv,data/features/dinov3_vitb16_remaining_attributes_assets.csv,classification,dinov3_frozen_embeddings_hist_gradient_boosting,hist_gradient_boosting,GroupKFold,2,5,113958,wide (>1.5m),standard (0.9-1.5m),False
width_bin,width_bin,data/processed/train/width_bin_train.csv,data/features/dinov3_vitb16_remaining_attributes_assets.csv,classification,dinov3_frozen_embeddings_hist_gradient_boosting,hist_gradient_boosting,GroupKFold,2,5,114047,standard (0.9-1.5m),standard (0.9-1.5m),True
width_bin,width_bin,data/processed/train/width_bin_train.csv,data/features/dinov3_vitb16_remaining_attributes_assets.csv,classification,dinov3_frozen_embeddings_hist_gradient_boosting,hist_gradient_boosting,GroupKFold,2,5,114287,standard (0.9-1.5m),standard (0.9-1.5m),True
width_bin,width_bin,data/processed/train/width_bin_train.csv,data/features/dinov3_vitb16_remaining_attributes_assets.csv,classification,dinov3_frozen_embeddings_hist_gradient_boosting,hist_gradient_boosting,GroupKFold,2,5,114574,wide (>1.5m),standard (0.9-1.5m),False
width_bin,width_bin,data/processed/train/width_bin_train.csv,data/features/dinov3_vitb16_remaining_attributes_assets.csv,classification,dinov3_frozen_embeddings_hist_gradient_boosting,hist_gradient_boosting,GroupKFold,2,5,114923,wide (>1.5m),wide (>1.5m),True
width_bin,width_bin,data/processed/train/width_bin_train.csv,data/features/dinov3_vitb16_remaining_attributes_assets.csv,classification,dinov3_frozen_embeddings_hist_gradient_boosting,hist_gradient_boosting,GroupKFold,2,5,114960,wide (>1.5m),standard (0.9-1.5m),False
width_bin,width_bin,data/processed/train/width_bin_train.csv,data/features/dinov3_vitb16_remaining_attributes_assets.csv,classification,dinov3_frozen_embeddings_hist_gradient_boosting,hist_gradient_boosting,GroupKFold,2,5,114962,wide (>1.5m),standard (0.9-1.5m),False
width_bin,width_bin,data/processed/train/width_bin_train.csv,data/features/dinov3_vitb16_remaining_attributes_assets.csv,classification,dinov3_frozen_embeddings_hist_gradient_boosting,hist_gradient_boosting,GroupKFold,2,5,114996,standard (0.9-1.5m),standard (0.9-1.5m),True
width_bin,width_bin,data/processed/train/width_bin_train.csv,data/features/dinov3_vitb16_remaining_attributes_assets.csv,classification,dinov3_frozen_embeddings_hist_gradient_boosting,hist_gradient_boosting,GroupKFold,2,5,115247,wide (>1.5m),standard (0.9-1.5m),False
width_bin,width_bin,data/processed/train/width_bin_train.csv,data/features/dinov3_vitb16_remaining_attributes_assets.csv,classification,dinov3_frozen_embeddings_hist_gradient_boosting,hist_gradient_boosting,GroupKFold,2,5,115268,wide (>1.5m),wide (>1.5m),True
width_bin,width_bin,data/processed/train/width_bin_train.csv,data/features/dinov3_vitb16_remaining_attributes_assets.csv,classification,dinov3_frozen_embeddings_hist_gradient_boosting,hist_gradient_boosting,GroupKFold,2,5,115803,standard (0.9-1.5m),standard (0.9-1.5m),True
width_bin,width_bin,data/processed/train/width_bin_train.csv,data/features/dinov3_vitb16_remaining_attributes_assets.csv,classification,dinov3_frozen_embeddings_hist_gradient_boosting,hist_gradient_boosting,GroupKFold,2,5,115807,wide (>1.5m),standard (0.9-1.5m),False
width_bin,width_bin,data/processed/train/width_bin_train.csv,data/features/dinov3_vitb16_remaining_attributes_assets.csv,classification,dinov3_frozen_embeddings_hist_gradient_boosting,hist_gradient_boosting,GroupKFold,2,5,116051,standard (0.9-1.5m),standard (0.9-1.5m),True
width_bin,width_bin,data/processed/train/width_bin_train.csv,data/features/dinov3_vitb16_remaining_attributes_assets.csv,classification,dinov3_frozen_embeddings_hist_gradient_boosting,hist_gradient_boosting,GroupKFold,2,5,116690,standard (0.9-1.5m),wide (>1.5m),False
width_bin,width_bin,data/processed/train/width_bin_train.csv,data/features/dinov3_vitb16_remaining_attributes_assets.csv,classification,dinov3_frozen_embeddings_hist_gradient_boosting,hist_gradient_boosting,GroupKFold,2,5,116847,standard (0.9-1.5m),standard (0.9-1.5m),True
width_bin,width_bin,data/processed/train/width_bin_train.csv,data/features/dinov3_vitb16_remaining_attributes_assets.csv,classification,dinov3_frozen_embeddings_hist_gradient_boosting,hist_gradient_boosting,GroupKFold,2,5,116852,standard (0.9-1.5m),standard (0.9-1.5m),True
width_bin,width_bin,data/processed/train/width_bin_train.csv,data/features/dinov3_vitb16_remaining_attributes_assets.csv,classification,dinov3_frozen_embeddings_hist_gradient_boosting,hist_gradient_boosting,GroupKFold,2,5,116880,narrow (<0.9m),narrow (<0.9m),True
width_bin,width_bin,data/processed/train/width_bin_train.csv,data/features/dinov3_vitb16_remaining_attributes_assets.csv,classification,dinov3_frozen_embeddings_hist_gradient_boosting,hist_gradient_boosting,GroupKFold,2,5,117214,standard (0.9-1.5m),standard (0.9-1.5m),True
width_bin,width_bin,data/processed/train/width_bin_train.csv,data/features/dinov3_vitb16_remaining_attributes_assets.csv,classification,dinov3_frozen_embeddings_hist_gradient_boosting,hist_gradient_boosting,GroupKFold,2,5,117221,standard (0.9-1.5m),standard (0.9-1.5m),True
width_bin,width_bin,data/processed/train/width_bin_train.csv,data/features/dinov3_vitb16_remaining_attributes_assets.csv,classification,dinov3_frozen_embeddings_hist_gradient_boosting,hist_gradient_boosting,GroupKFold,2,5,117304,wide (>1.5m),wide (>1.5m),True
width_bin,width_bin,data/processed/train/width_bin_train.csv,data/features/dinov3_vitb16_remaining_attributes_assets.csv,classification,dinov3_frozen_embeddings_hist_gradient_boosting,hist_gradient_boosting,GroupKFold,2,5,117720,wide (>1.5m),standard (0.9-1.5m),False
width_bin,width_bin,data/processed/train/width_bin_train.csv,data/features/dinov3_vitb16_remaining_attributes_assets.csv,classification,dinov3_frozen_embeddings_hist_gradient_boosting,hist_gradient_boosting,GroupKFold,2,5,119948,wide (>1.5m),wide (>1.5m),True
width_bin,width_bin,data/processed/train/width_bin_train.csv,data/features/dinov3_vitb16_remaining_attributes_assets.csv,classification,dinov3_frozen_embeddings_hist_gradient_boosting,hist_gradient_boosting,GroupKFold,2,5,121504,standard (0.9-1.5m),standard (0.9-1.5m),True
width_bin,width_bin,data/processed/train/width_bin_train.csv,data/features/dinov3_vitb16_remaining_attributes_assets.csv,classification,dinov3_frozen_embeddings_hist_gradient_boosting,hist_gradient_boosting,GroupKFold,2,5,122183,standard (0.9-1.5m),standard (0.9-1.5m),True
width_bin,width_bin,data/processed/train/width_bin_train.csv,data/features/dinov3_vitb16_remaining_attributes_assets.csv,classification,dinov3_frozen_embeddings_hist_gradient_boosting,hist_gradient_boosting,GroupKFold,2,5,122828,narrow (<0.9m),standard (0.9-1.5m),False
width_bin,width_bin,data/processed/train/width_bin_train.csv,data/features/dinov3_vitb16_remaining_attributes_assets.csv,classification,dinov3_frozen_embeddings_hist_gradient_boosting,hist_gradient_boosting,GroupKFold,2,5,123000,wide (>1.5m),standard (0.9-1.5m),False
width_bin,width_bin,data/processed/train/width_bin_train.csv,data/features/dinov3_vitb16_remaining_attributes_assets.csv,classification,dinov3_frozen_embeddings_hist_gradient_boosting,hist_gradient_boosting,GroupKFold,2,5,126721,wide (>1.5m),standard (0.9-1.5m),False
width_bin,width_bin,data/processed/train/width_bin_train.csv,data/features/dinov3_vitb16_remaining_attributes_assets.csv,classification,dinov3_frozen_embeddings_hist_gradient_boosting,hist_gradient_boosting,GroupKFold,2,5,126740,standard (0.9-1.5m),standard (0.9-1.5m),True
width_bin,width_bin,data/processed/train/width_bin_train.csv,data/features/dinov3_vitb16_remaining_attributes_assets.csv,classification,dinov3_frozen_embeddings_hist_gradient_boosting,hist_gradient_boosting,GroupKFold,2,5,126779,standard (0.9-1.5m),standard (0.9-1.5m),True
width_bin,width_bin,data/processed/train/width_bin_train.csv,data/features/dinov3_vitb16_remaining_attributes_assets.csv,classification,dinov3_frozen_embeddings_hist_gradient_boosting,hist_gradient_boosting,GroupKFold,2,5,126799,standard (0.9-1.5m),standard (0.9-1.5m),True
width_bin,width_bin,data/processed/train/width_bin_train.csv,data/features/dinov3_vitb16_remaining_attributes_assets.csv,classification,dinov3_frozen_embeddings_hist_gradient_boosting,hist_gradient_boosting,GroupKFold,2,5,126809,standard (0.9-1.5m),standard (0.9-1.5m),True
width_bin,width_bin,data/processed/train/width_bin_train.csv,data/features/dinov3_vitb16_remaining_attributes_assets.csv,classification,dinov3_frozen_embeddings_hist_gradient_boosting,hist_gradient_boosting,GroupKFold,2,5,127147,standard (0.9-1.5m),standard (0.9-1.5m),True
width_bin,width_bin,data/processed/train/width_bin_train.csv,data/features/dinov3_vitb16_remaining_attributes_assets.csv,classification,dinov3_frozen_embeddings_hist_gradient_boosting,hist_gradient_boosting,GroupKFold,2,5,127145,standard (0.9-1.5m),standard (0.9-1.5m),True
width_bin,width_bin,data/processed/train/width_bin_train.csv,data/features/dinov3_vitb16_remaining_attributes_assets.csv,classification,dinov3_frozen_embeddings_hist_gradient_boosting,hist_gradient_boosting,GroupKFold,2,5,128273,standard (0.9-1.5m),standard (0.9-1.5m),True
width_bin,width_bin,data/processed/train/width_bin_train.csv,data/features/dinov3_vitb16_remaining_attributes_assets.csv,classification,dinov3_frozen_embeddings_hist_gradient_boosting,hist_gradient_boosting,GroupKFold,2,5,56692,narrow (<3m),standard (0.9-1.5m),False
width_bin,width_bin,data/processed/train/width_bin_train.csv,data/features/dinov3_vitb16_remaining_attributes_assets.csv,classification,dinov3_frozen_embeddings_hist_gradient_boosting,hist_gradient_boosting,GroupKFold,2,5,60883,medium (3-7m),medium (3-7m),True
width_bin,width_bin,data/processed/train/width_bin_train.csv,data/features/dinov3_vitb16_remaining_attributes_assets.csv,classification,dinov3_frozen_embeddings_hist_gradient_boosting,hist_gradient_boosting,GroupKFold,2,5,68021,medium (3-7m),medium (3-7m),True
width_bin,width_bin,data/processed/train/width_bin_train.csv,data/features/dinov3_vitb16_remaining_attributes_assets.csv,classification,dinov3_frozen_embeddings_hist_gradient_boosting,hist_gradient_boosting,GroupKFold,2,5,85037,narrow (<3m),standard (0.9-1.5m),False
width_bin,width_bin,data/processed/train/width_bin_train.csv,data/features/dinov3_vitb16_remaining_attributes_assets.csv,classification,dinov3_frozen_embeddings_hist_gradient_boosting,hist_gradient_boosting,GroupKFold,2,5,86580,narrow (<3m),standard (0.9-1.5m),False
width_bin,width_bin,data/processed/train/width_bin_train.csv,data/features/dinov3_vitb16_remaining_attributes_assets.csv,classification,dinov3_frozen_embeddings_hist_gradient_boosting,hist_gradient_boosting,GroupKFold,2,5,87775,wide (>7m),medium (3-7m),False
width_bin,width_bin,data/processed/train/width_bin_train.csv,data/features/dinov3_vitb16_remaining_attributes_assets.csv,classification,dinov3_frozen_embeddings_hist_gradient_boosting,hist_gradient_boosting,GroupKFold,2,5,123582,medium (3-7m),medium (3-7m),True
width_bin,width_bin,data/processed/train/width_bin_train.csv,data/features/dinov3_vitb16_remaining_attributes_assets.csv,classification,dinov3_frozen_embeddings_hist_gradient_boosting,hist_gradient_boosting,GroupKFold,3,5,46935,wide (>1.5m),wide (>1.5m),True
width_bin,width_bin,data/processed/train/width_bin_train.csv,data/features/dinov3_vitb16_remaining_attributes_assets.csv,classification,dinov3_frozen_embeddings_hist_gradient_boosting,hist_gradient_boosting,GroupKFold,3,5,51942,standard (0.9-1.5m),standard (0.9-1.5m),True
width_bin,width_bin,data/processed/train/width_bin_train.csv,data/features/dinov3_vitb16_remaining_attributes_assets.csv,classification,dinov3_frozen_embeddings_hist_gradient_boosting,hist_gradient_boosting,GroupKFold,3,5,53993,standard (0.9-1.5m),standard (0.9-1.5m),True
width_bin,width_bin,data/processed/train/width_bin_train.csv,data/features/dinov3_vitb16_remaining_attributes_assets.csv,classification,dinov3_frozen_embeddings_hist_gradient_boosting,hist_gradient_boosting,GroupKFold,3,5,55466,wide (>1.5m),wide (>1.5m),True
width_bin,width_bin,data/processed/train/width_bin_train.csv,data/features/dinov3_vitb16_remaining_attributes_assets.csv,classification,dinov3_frozen_embeddings_hist_gradient_boosting,hist_gradient_boosting,GroupKFold,3,5,61005,standard (0.9-1.5m),standard (0.9-1.5m),True
width_bin,width_bin,data/processed/train/width_bin_train.csv,data/features/dinov3_vitb16_remaining_attributes_assets.csv,classification,dinov3_frozen_embeddings_hist_gradient_boosting,hist_gradient_boosting,GroupKFold,3,5,64207,standard (0.9-1.5m),standard (0.9-1.5m),True
width_bin,width_bin,data/processed/train/width_bin_train.csv,data/features/dinov3_vitb16_remaining_attributes_assets.csv,classification,dinov3_frozen_embeddings_hist_gradient_boosting,hist_gradient_boosting,GroupKFold,3,5,83916,standard (0.9-1.5m),standard (0.9-1.5m),True
width_bin,width_bin,data/processed/train/width_bin_train.csv,data/features/dinov3_vitb16_remaining_attributes_assets.csv,classification,dinov3_frozen_embeddings_hist_gradient_boosting,hist_gradient_boosting,GroupKFold,3,5,85078,wide (>1.5m),standard (0.9-1.5m),False
width_bin,width_bin,data/processed/train/width_bin_train.csv,data/features/dinov3_vitb16_remaining_attributes_assets.csv,classification,dinov3_frozen_embeddings_hist_gradient_boosting,hist_gradient_boosting,GroupKFold,3,5,85508,narrow (<0.9m),standard (0.9-1.5m),False
width_bin,width_bin,data/processed/train/width_bin_train.csv,data/features/dinov3_vitb16_remaining_attributes_assets.csv,classification,dinov3_frozen_embeddings_hist_gradient_boosting,hist_gradient_boosting,GroupKFold,3,5,85525,standard (0.9-1.5m),narrow (<0.9m),False
width_bin,width_bin,data/processed/train/width_bin_train.csv,data/features/dinov3_vitb16_remaining_attributes_assets.csv,classification,dinov3_frozen_embeddings_hist_gradient_boosting,hist_gradient_boosting,GroupKFold,3,5,85558,wide (>1.5m),standard (0.9-1.5m),False
width_bin,width_bin,data/processed/train/width_bin_train.csv,data/features/dinov3_vitb16_remaining_attributes_assets.csv,classification,dinov3_frozen_embeddings_hist_gradient_boosting,hist_gradient_boosting,GroupKFold,3,5,87530,narrow (<0.9m),narrow (<0.9m),True
width_bin,width_bin,data/processed/train/width_bin_train.csv,data/features/dinov3_vitb16_remaining_attributes_assets.csv,classification,dinov3_frozen_embeddings_hist_gradient_boosting,hist_gradient_boosting,GroupKFold,3,5,87537,narrow (<0.9m),narrow (<0.9m),True
width_bin,width_bin,data/processed/train/width_bin_train.csv,data/features/dinov3_vitb16_remaining_attributes_assets.csv,classification,dinov3_frozen_embeddings_hist_gradient_boosting,hist_gradient_boosting,GroupKFold,3,5,88273,wide (>1.5m),standard (0.9-1.5m),False
width_bin,width_bin,data/processed/train/width_bin_train.csv,data/features/dinov3_vitb16_remaining_attributes_assets.csv,classification,dinov3_frozen_embeddings_hist_gradient_boosting,hist_gradient_boosting,GroupKFold,3,5,89584,standard (0.9-1.5m),standard (0.9-1.5m),True
width_bin,width_bin,data/processed/train/width_bin_train.csv,data/features/dinov3_vitb16_remaining_attributes_assets.csv,classification,dinov3_frozen_embeddings_hist_gradient_boosting,hist_gradient_boosting,GroupKFold,3,5,89712,standard (0.9-1.5m),standard (0.9-1.5m),True
width_bin,width_bin,data/processed/train/width_bin_train.csv,data/features/dinov3_vitb16_remaining_attributes_assets.csv,classification,dinov3_frozen_embeddings_hist_gradient_boosting,hist_gradient_boosting,GroupKFold,3,5,90319,standard (0.9-1.5m),standard (0.9-1.5m),True
width_bin,width_bin,data/processed/train/width_bin_train.csv,data/features/dinov3_vitb16_remaining_attributes_assets.csv,classification,dinov3_frozen_embeddings_hist_gradient_boosting,hist_gradient_boosting,GroupKFold,3,5,90324,standard (0.9-1.5m),standard (0.9-1.5m),True
width_bin,width_bin,data/processed/train/width_bin_train.csv,data/features/dinov3_vitb16_remaining_attributes_assets.csv,classification,dinov3_frozen_embeddings_hist_gradient_boosting,hist_gradient_boosting,GroupKFold,3,5,90338,standard (0.9-1.5m),standard (0.9-1.5m),True
width_bin,width_bin,data/processed/train/width_bin_train.csv,data/features/dinov3_vitb16_remaining_attributes_assets.csv,classification,dinov3_frozen_embeddings_hist_gradient_boosting,hist_gradient_boosting,GroupKFold,3,5,90343,standard (0.9-1.5m),standard (0.9-1.5m),True
width_bin,width_bin,data/processed/train/width_bin_train.csv,data/features/dinov3_vitb16_remaining_attributes_assets.csv,classification,dinov3_frozen_embeddings_hist_gradient_boosting,hist_gradient_boosting,GroupKFold,3,5,90356,standard (0.9-1.5m),standard (0.9-1.5m),True
width_bin,width_bin,data/processed/train/width_bin_train.csv,data/features/dinov3_vitb16_remaining_attributes_assets.csv,classification,dinov3_frozen_embeddings_hist_gradient_boosting,hist_gradient_boosting,GroupKFold,3,5,90359,standard (0.9-1.5m),standard (0.9-1.5m),True
width_bin,width_bin,data/processed/train/width_bin_train.csv,data/features/dinov3_vitb16_remaining_attributes_assets.csv,classification,dinov3_frozen_embeddings_hist_gradient_boosting,hist_gradient_boosting,GroupKFold,3,5,90364,standard (0.9-1.5m),standard (0.9-1.5m),True
width_bin,width_bin,data/processed/train/width_bin_train.csv,data/features/dinov3_vitb16_remaining_attributes_assets.csv,classification,dinov3_frozen_embeddings_hist_gradient_boosting,hist_gradient_boosting,GroupKFold,3,5,90366,standard (0.9-1.5m),standard (0.9-1.5m),True
width_bin,width_bin,data/processed/train/width_bin_train.csv,data/features/dinov3_vitb16_remaining_attributes_assets.csv,classification,dinov3_frozen_embeddings_hist_gradient_boosting,hist_gradient_boosting,GroupKFold,3,5,90369,standard (0.9-1.5m),standard (0.9-1.5m),True
width_bin,width_bin,data/processed/train/width_bin_train.csv,data/features/dinov3_vitb16_remaining_attributes_assets.csv,classification,dinov3_frozen_embeddings_hist_gradient_boosting,hist_gradient_boosting,GroupKFold,3,5,90370,standard (0.9-1.5m),standard (0.9-1.5m),True
width_bin,width_bin,data/processed/train/width_bin_train.csv,data/features/dinov3_vitb16_remaining_attributes_assets.csv,classification,dinov3_frozen_embeddings_hist_gradient_boosting,hist_gradient_boosting,GroupKFold,3,5,90372,standard (0.9-1.5m),standard (0.9-1.5m),True
width_bin,width_bin,data/processed/train/width_bin_train.csv,data/features/dinov3_vitb16_remaining_attributes_assets.csv,classification,dinov3_frozen_embeddings_hist_gradient_boosting,hist_gradient_boosting,GroupKFold,3,5,90373,standard (0.9-1.5m),standard (0.9-1.5m),True
width_bin,width_bin,data/processed/train/width_bin_train.csv,data/features/dinov3_vitb16_remaining_attributes_assets.csv,classification,dinov3_frozen_embeddings_hist_gradient_boosting,hist_gradient_boosting,GroupKFold,3,5,90383,standard (0.9-1.5m),standard (0.9-1.5m),True
width_bin,width_bin,data/processed/train/width_bin_train.csv,data/features/dinov3_vitb16_remaining_attributes_assets.csv,classification,dinov3_frozen_embeddings_hist_gradient_boosting,hist_gradient_boosting,GroupKFold,3,5,90392,standard (0.9-1.5m),standard (0.9-1.5m),True
width_bin,width_bin,data/processed/train/width_bin_train.csv,data/features/dinov3_vitb16_remaining_attributes_assets.csv,classification,dinov3_frozen_embeddings_hist_gradient_boosting,hist_gradient_boosting,GroupKFold,3,5,90394,standard (0.9-1.5m),standard (0.9-1.5m),True
width_bin,width_bin,data/processed/train/width_bin_train.csv,data/features/dinov3_vitb16_remaining_attributes_assets.csv,classification,dinov3_frozen_embeddings_hist_gradient_boosting,hist_gradient_boosting,GroupKFold,3,5,90496,standard (0.9-1.5m),standard (0.9-1.5m),True
width_bin,width_bin,data/processed/train/width_bin_train.csv,data/features/dinov3_vitb16_remaining_attributes_assets.csv,classification,dinov3_frozen_embeddings_hist_gradient_boosting,hist_gradient_boosting,GroupKFold,3,5,92016,standard (0.9-1.5m),standard (0.9-1.5m),True
width_bin,width_bin,data/processed/train/width_bin_train.csv,data/features/dinov3_vitb16_remaining_attributes_assets.csv,classification,dinov3_frozen_embeddings_hist_gradient_boosting,hist_gradient_boosting,GroupKFold,3,5,92018,narrow (<0.9m),standard (0.9-1.5m),False
width_bin,width_bin,data/processed/train/width_bin_train.csv,data/features/dinov3_vitb16_remaining_attributes_assets.csv,classification,dinov3_frozen_embeddings_hist_gradient_boosting,hist_gradient_boosting,GroupKFold,3,5,92022,narrow (<0.9m),narrow (<0.9m),True
width_bin,width_bin,data/processed/train/width_bin_train.csv,data/features/dinov3_vitb16_remaining_attributes_assets.csv,classification,dinov3_frozen_embeddings_hist_gradient_boosting,hist_gradient_boosting,GroupKFold,3,5,92038,narrow (<0.9m),narrow (<0.9m),True
width_bin,width_bin,data/processed/train/width_bin_train.csv,data/features/dinov3_vitb16_remaining_attributes_assets.csv,classification,dinov3_frozen_embeddings_hist_gradient_boosting,hist_gradient_boosting,GroupKFold,3,5,92043,narrow (<0.9m),narrow (<0.9m),True
width_bin,width_bin,data/processed/train/width_bin_train.csv,data/features/dinov3_vitb16_remaining_attributes_assets.csv,classification,dinov3_frozen_embeddings_hist_gradient_boosting,hist_gradient_boosting,GroupKFold,3,5,92045,narrow (<0.9m),narrow (<0.9m),True
width_bin,width_bin,data/processed/train/width_bin_train.csv,data/features/dinov3_vitb16_remaining_attributes_assets.csv,classification,dinov3_frozen_embeddings_hist_gradient_boosting,hist_gradient_boosting,GroupKFold,3,5,92056,narrow (<0.9m),narrow (<0.9m),True
width_bin,width_bin,data/processed/train/width_bin_train.csv,data/features/dinov3_vitb16_remaining_attributes_assets.csv,classification,dinov3_frozen_embeddings_hist_gradient_boosting,hist_gradient_boosting,GroupKFold,3,5,92058,narrow (<0.9m),standard (0.9-1.5m),False
width_bin,width_bin,data/processed/train/width_bin_train.csv,data/features/dinov3_vitb16_remaining_attributes_assets.csv,classification,dinov3_frozen_embeddings_hist_gradient_boosting,hist_gradient_boosting,GroupKFold,3,5,92069,standard (0.9-1.5m),narrow (<0.9m),False
width_bin,width_bin,data/processed/train/width_bin_train.csv,data/features/dinov3_vitb16_remaining_attributes_assets.csv,classification,dinov3_frozen_embeddings_hist_gradient_boosting,hist_gradient_boosting,GroupKFold,3,5,92074,standard (0.9-1.5m),narrow (<0.9m),False
width_bin,width_bin,data/processed/train/width_bin_train.csv,data/features/dinov3_vitb16_remaining_attributes_assets.csv,classification,dinov3_frozen_embeddings_hist_gradient_boosting,hist_gradient_boosting,GroupKFold,3,5,92075,standard (0.9-1.5m),narrow (<0.9m),False
width_bin,width_bin,data/processed/train/width_bin_train.csv,data/features/dinov3_vitb16_remaining_attributes_assets.csv,classification,dinov3_frozen_embeddings_hist_gradient_boosting,hist_gradient_boosting,GroupKFold,3,5,92082,standard (0.9-1.5m),standard (0.9-1.5m),True
width_bin,width_bin,data/processed/train/width_bin_train.csv,data/features/dinov3_vitb16_remaining_attributes_assets.csv,classification,dinov3_frozen_embeddings_hist_gradient_boosting,hist_gradient_boosting,GroupKFold,3,5,92086,standard (0.9-1.5m),narrow (<0.9m),False
width_bin,width_bin,data/processed/train/width_bin_train.csv,data/features/dinov3_vitb16_remaining_attributes_assets.csv,classification,dinov3_frozen_embeddings_hist_gradient_boosting,hist_gradient_boosting,GroupKFold,3,5,92088,standard (0.9-1.5m),standard (0.9-1.5m),True
width_bin,width_bin,data/processed/train/width_bin_train.csv,data/features/dinov3_vitb16_remaining_attributes_assets.csv,classification,dinov3_frozen_embeddings_hist_gradient_boosting,hist_gradient_boosting,GroupKFold,3,5,93372,wide (>1.5m),wide (>1.5m),True
width_bin,width_bin,data/processed/train/width_bin_train.csv,data/features/dinov3_vitb16_remaining_attributes_assets.csv,classification,dinov3_frozen_embeddings_hist_gradient_boosting,hist_gradient_boosting,GroupKFold,3,5,94266,narrow (<0.9m),narrow (<0.9m),True
width_bin,width_bin,data/processed/train/width_bin_train.csv,data/features/dinov3_vitb16_remaining_attributes_assets.csv,classification,dinov3_frozen_embeddings_hist_gradient_boosting,hist_gradient_boosting,GroupKFold,3,5,94269,narrow (<0.9m),narrow (<0.9m),True
width_bin,width_bin,data/processed/train/width_bin_train.csv,data/features/dinov3_vitb16_remaining_attributes_assets.csv,classification,dinov3_frozen_embeddings_hist_gradient_boosting,hist_gradient_boosting,GroupKFold,3,5,94282,narrow (<0.9m),narrow (<0.9m),True
width_bin,width_bin,data/processed/train/width_bin_train.csv,data/features/dinov3_vitb16_remaining_attributes_assets.csv,classification,dinov3_frozen_embeddings_hist_gradient_boosting,hist_gradient_boosting,GroupKFold,3,5,94293,narrow (<0.9m),narrow (<0.9m),True
width_bin,width_bin,data/processed/train/width_bin_train.csv,data/features/dinov3_vitb16_remaining_attributes_assets.csv,classification,dinov3_frozen_embeddings_hist_gradient_boosting,hist_gradient_boosting,GroupKFold,3,5,94299,narrow (<0.9m),narrow (<0.9m),True
width_bin,width_bin,data/processed/train/width_bin_train.csv,data/features/dinov3_vitb16_remaining_attributes_assets.csv,classification,dinov3_frozen_embeddings_hist_gradient_boosting,hist_gradient_boosting,GroupKFold,3,5,94306,narrow (<0.9m),narrow (<0.9m),True
width_bin,width_bin,data/processed/train/width_bin_train.csv,data/features/dinov3_vitb16_remaining_attributes_assets.csv,classification,dinov3_frozen_embeddings_hist_gradient_boosting,hist_gradient_boosting,GroupKFold,3,5,94347,narrow (<0.9m),narrow (<0.9m),True
width_bin,width_bin,data/processed/train/width_bin_train.csv,data/features/dinov3_vitb16_remaining_attributes_assets.csv,classification,dinov3_frozen_embeddings_hist_gradient_boosting,hist_gradient_boosting,GroupKFold,3,5,94349,narrow (<0.9m),narrow (<0.9m),True
width_bin,width_bin,data/processed/train/width_bin_train.csv,data/features/dinov3_vitb16_remaining_attributes_assets.csv,classification,dinov3_frozen_embeddings_hist_gradient_boosting,hist_gradient_boosting,GroupKFold,3,5,94355,narrow (<0.9m),narrow (<0.9m),True
width_bin,width_bin,data/processed/train/width_bin_train.csv,data/features/dinov3_vitb16_remaining_attributes_assets.csv,classification,dinov3_frozen_embeddings_hist_gradient_boosting,hist_gradient_boosting,GroupKFold,3,5,94366,narrow (<0.9m),narrow (<0.9m),True
width_bin,width_bin,data/processed/train/width_bin_train.csv,data/features/dinov3_vitb16_remaining_attributes_assets.csv,classification,dinov3_frozen_embeddings_hist_gradient_boosting,hist_gradient_boosting,GroupKFold,3,5,94375,narrow (<0.9m),narrow (<0.9m),True
width_bin,width_bin,data/processed/train/width_bin_train.csv,data/features/dinov3_vitb16_remaining_attributes_assets.csv,classification,dinov3_frozen_embeddings_hist_gradient_boosting,hist_gradient_boosting,GroupKFold,3,5,94380,narrow (<0.9m),narrow (<0.9m),True
width_bin,width_bin,data/processed/train/width_bin_train.csv,data/features/dinov3_vitb16_remaining_attributes_assets.csv,classification,dinov3_frozen_embeddings_hist_gradient_boosting,hist_gradient_boosting,GroupKFold,3,5,94394,narrow (<0.9m),narrow (<0.9m),True
width_bin,width_bin,data/processed/train/width_bin_train.csv,data/features/dinov3_vitb16_remaining_attributes_assets.csv,classification,dinov3_frozen_embeddings_hist_gradient_boosting,hist_gradient_boosting,GroupKFold,3,5,94405,narrow (<0.9m),narrow (<0.9m),True
width_bin,width_bin,data/processed/train/width_bin_train.csv,data/features/dinov3_vitb16_remaining_attributes_assets.csv,classification,dinov3_frozen_embeddings_hist_gradient_boosting,hist_gradient_boosting,GroupKFold,3,5,94406,narrow (<0.9m),narrow (<0.9m),True
width_bin,width_bin,data/processed/train/width_bin_train.csv,data/features/dinov3_vitb16_remaining_attributes_assets.csv,classification,dinov3_frozen_embeddings_hist_gradient_boosting,hist_gradient_boosting,GroupKFold,3,5,94413,narrow (<0.9m),narrow (<0.9m),True
width_bin,width_bin,data/processed/train/width_bin_train.csv,data/features/dinov3_vitb16_remaining_attributes_assets.csv,classification,dinov3_frozen_embeddings_hist_gradient_boosting,hist_gradient_boosting,GroupKFold,3,5,94420,narrow (<0.9m),standard (0.9-1.5m),False
width_bin,width_bin,data/processed/train/width_bin_train.csv,data/features/dinov3_vitb16_remaining_attributes_assets.csv,classification,dinov3_frozen_embeddings_hist_gradient_boosting,hist_gradient_boosting,GroupKFold,3,5,96332,standard (0.9-1.5m),wide (>1.5m),False
width_bin,width_bin,data/processed/train/width_bin_train.csv,data/features/dinov3_vitb16_remaining_attributes_assets.csv,classification,dinov3_frozen_embeddings_hist_gradient_boosting,hist_gradient_boosting,GroupKFold,3,5,97287,standard (0.9-1.5m),standard (0.9-1.5m),True
width_bin,width_bin,data/processed/train/width_bin_train.csv,data/features/dinov3_vitb16_remaining_attributes_assets.csv,classification,dinov3_frozen_embeddings_hist_gradient_boosting,hist_gradient_boosting,GroupKFold,3,5,100551,standard (0.9-1.5m),standard (0.9-1.5m),True
width_bin,width_bin,data/processed/train/width_bin_train.csv,data/features/dinov3_vitb16_remaining_attributes_assets.csv,classification,dinov3_frozen_embeddings_hist_gradient_boosting,hist_gradient_boosting,GroupKFold,3,5,102356,standard (0.9-1.5m),standard (0.9-1.5m),True
width_bin,width_bin,data/processed/train/width_bin_train.csv,data/features/dinov3_vitb16_remaining_attributes_assets.csv,classification,dinov3_frozen_embeddings_hist_gradient_boosting,hist_gradient_boosting,GroupKFold,3,5,102430,standard (0.9-1.5m),standard (0.9-1.5m),True
width_bin,width_bin,data/processed/train/width_bin_train.csv,data/features/dinov3_vitb16_remaining_attributes_assets.csv,classification,dinov3_frozen_embeddings_hist_gradient_boosting,hist_gradient_boosting,GroupKFold,3,5,102431,wide (>1.5m),standard (0.9-1.5m),False
width_bin,width_bin,data/processed/train/width_bin_train.csv,data/features/dinov3_vitb16_remaining_attributes_assets.csv,classification,dinov3_frozen_embeddings_hist_gradient_boosting,hist_gradient_boosting,GroupKFold,3,5,102545,standard (0.9-1.5m),standard (0.9-1.5m),True
width_bin,width_bin,data/processed/train/width_bin_train.csv,data/features/dinov3_vitb16_remaining_attributes_assets.csv,classification,dinov3_frozen_embeddings_hist_gradient_boosting,hist_gradient_boosting,GroupKFold,3,5,102978,standard (0.9-1.5m),standard (0.9-1.5m),True
width_bin,width_bin,data/processed/train/width_bin_train.csv,data/features/dinov3_vitb16_remaining_attributes_assets.csv,classification,dinov3_frozen_embeddings_hist_gradient_boosting,hist_gradient_boosting,GroupKFold,3,5,103726,standard (0.9-1.5m),standard (0.9-1.5m),True
width_bin,width_bin,data/processed/train/width_bin_train.csv,data/features/dinov3_vitb16_remaining_attributes_assets.csv,classification,dinov3_frozen_embeddings_hist_gradient_boosting,hist_gradient_boosting,GroupKFold,3,5,103747,standard (0.9-1.5m),narrow (<0.9m),False
width_bin,width_bin,data/processed/train/width_bin_train.csv,data/features/dinov3_vitb16_remaining_attributes_assets.csv,classification,dinov3_frozen_embeddings_hist_gradient_boosting,hist_gradient_boosting,GroupKFold,3,5,103924,standard (0.9-1.5m),standard (0.9-1.5m),True
width_bin,width_bin,data/processed/train/width_bin_train.csv,data/features/dinov3_vitb16_remaining_attributes_assets.csv,classification,dinov3_frozen_embeddings_hist_gradient_boosting,hist_gradient_boosting,GroupKFold,3,5,105280,standard (0.9-1.5m),standard (0.9-1.5m),True
width_bin,width_bin,data/processed/train/width_bin_train.csv,data/features/dinov3_vitb16_remaining_attributes_assets.csv,classification,dinov3_frozen_embeddings_hist_gradient_boosting,hist_gradient_boosting,GroupKFold,3,5,106937,standard (0.9-1.5m),standard (0.9-1.5m),True
width_bin,width_bin,data/processed/train/width_bin_train.csv,data/features/dinov3_vitb16_remaining_attributes_assets.csv,classification,dinov3_frozen_embeddings_hist_gradient_boosting,hist_gradient_boosting,GroupKFold,3,5,107062,standard (0.9-1.5m),standard (0.9-1.5m),True
width_bin,width_bin,data/processed/train/width_bin_train.csv,data/features/dinov3_vitb16_remaining_attributes_assets.csv,classification,dinov3_frozen_embeddings_hist_gradient_boosting,hist_gradient_boosting,GroupKFold,3,5,107140,wide (>1.5m),narrow (<0.9m),False
width_bin,width_bin,data/processed/train/width_bin_train.csv,data/features/dinov3_vitb16_remaining_attributes_assets.csv,classification,dinov3_frozen_embeddings_hist_gradient_boosting,hist_gradient_boosting,GroupKFold,3,5,107330,standard (0.9-1.5m),standard (0.9-1.5m),True
width_bin,width_bin,data/processed/train/width_bin_train.csv,data/features/dinov3_vitb16_remaining_attributes_assets.csv,classification,dinov3_frozen_embeddings_hist_gradient_boosting,hist_gradient_boosting,GroupKFold,3,5,107346,standard (0.9-1.5m),standard (0.9-1.5m),True
width_bin,width_bin,data/processed/train/width_bin_train.csv,data/features/dinov3_vitb16_remaining_attributes_assets.csv,classification,dinov3_frozen_embeddings_hist_gradient_boosting,hist_gradient_boosting,GroupKFold,3,5,107384,wide (>1.5m),standard (0.9-1.5m),False
width_bin,width_bin,data/processed/train/width_bin_train.csv,data/features/dinov3_vitb16_remaining_attributes_assets.csv,classification,dinov3_frozen_embeddings_hist_gradient_boosting,hist_gradient_boosting,GroupKFold,3,5,107906,standard (0.9-1.5m),standard (0.9-1.5m),True
width_bin,width_bin,data/processed/train/width_bin_train.csv,data/features/dinov3_vitb16_remaining_attributes_assets.csv,classification,dinov3_frozen_embeddings_hist_gradient_boosting,hist_gradient_boosting,GroupKFold,3,5,107966,standard (0.9-1.5m),standard (0.9-1.5m),True
width_bin,width_bin,data/processed/train/width_bin_train.csv,data/features/dinov3_vitb16_remaining_attributes_assets.csv,classification,dinov3_frozen_embeddings_hist_gradient_boosting,hist_gradient_boosting,GroupKFold,3,5,108009,standard (0.9-1.5m),standard (0.9-1.5m),True
width_bin,width_bin,data/processed/train/width_bin_train.csv,data/features/dinov3_vitb16_remaining_attributes_assets.csv,classification,dinov3_frozen_embeddings_hist_gradient_boosting,hist_gradient_boosting,GroupKFold,3,5,108029,standard (0.9-1.5m),standard (0.9-1.5m),True
width_bin,width_bin,data/processed/train/width_bin_train.csv,data/features/dinov3_vitb16_remaining_attributes_assets.csv,classification,dinov3_frozen_embeddings_hist_gradient_boosting,hist_gradient_boosting,GroupKFold,3,5,108297,standard (0.9-1.5m),standard (0.9-1.5m),True
width_bin,width_bin,data/processed/train/width_bin_train.csv,data/features/dinov3_vitb16_remaining_attributes_assets.csv,classification,dinov3_frozen_embeddings_hist_gradient_boosting,hist_gradient_boosting,GroupKFold,3,5,108345,standard (0.9-1.5m),standard (0.9-1.5m),True
width_bin,width_bin,data/processed/train/width_bin_train.csv,data/features/dinov3_vitb16_remaining_attributes_assets.csv,classification,dinov3_frozen_embeddings_hist_gradient_boosting,hist_gradient_boosting,GroupKFold,3,5,108397,standard (0.9-1.5m),standard (0.9-1.5m),True
width_bin,width_bin,data/processed/train/width_bin_train.csv,data/features/dinov3_vitb16_remaining_attributes_assets.csv,classification,dinov3_frozen_embeddings_hist_gradient_boosting,hist_gradient_boosting,GroupKFold,3,5,108728,narrow (<0.9m),standard (0.9-1.5m),False
width_bin,width_bin,data/processed/train/width_bin_train.csv,data/features/dinov3_vitb16_remaining_attributes_assets.csv,classification,dinov3_frozen_embeddings_hist_gradient_boosting,hist_gradient_boosting,GroupKFold,3,5,108787,standard (0.9-1.5m),standard (0.9-1.5m),True
width_bin,width_bin,data/processed/train/width_bin_train.csv,data/features/dinov3_vitb16_remaining_attributes_assets.csv,classification,dinov3_frozen_embeddings_hist_gradient_boosting,hist_gradient_boosting,GroupKFold,3,5,108795,standard (0.9-1.5m),standard (0.9-1.5m),True
width_bin,width_bin,data/processed/train/width_bin_train.csv,data/features/dinov3_vitb16_remaining_attributes_assets.csv,classification,dinov3_frozen_embeddings_hist_gradient_boosting,hist_gradient_boosting,GroupKFold,3,5,108798,standard (0.9-1.5m),standard (0.9-1.5m),True
width_bin,width_bin,data/processed/train/width_bin_train.csv,data/features/dinov3_vitb16_remaining_attributes_assets.csv,classification,dinov3_frozen_embeddings_hist_gradient_boosting,hist_gradient_boosting,GroupKFold,3,5,109174,standard (0.9-1.5m),standard (0.9-1.5m),True
width_bin,width_bin,data/processed/train/width_bin_train.csv,data/features/dinov3_vitb16_remaining_attributes_assets.csv,classification,dinov3_frozen_embeddings_hist_gradient_boosting,hist_gradient_boosting,GroupKFold,3,5,109705,narrow (<0.9m),narrow (<0.9m),True
width_bin,width_bin,data/processed/train/width_bin_train.csv,data/features/dinov3_vitb16_remaining_attributes_assets.csv,classification,dinov3_frozen_embeddings_hist_gradient_boosting,hist_gradient_boosting,GroupKFold,3,5,109707,standard (0.9-1.5m),standard (0.9-1.5m),True
width_bin,width_bin,data/processed/train/width_bin_train.csv,data/features/dinov3_vitb16_remaining_attributes_assets.csv,classification,dinov3_frozen_embeddings_hist_gradient_boosting,hist_gradient_boosting,GroupKFold,3,5,109717,narrow (<0.9m),standard (0.9-1.5m),False
width_bin,width_bin,data/processed/train/width_bin_train.csv,data/features/dinov3_vitb16_remaining_attributes_assets.csv,classification,dinov3_frozen_embeddings_hist_gradient_boosting,hist_gradient_boosting,GroupKFold,3,5,109815,standard (0.9-1.5m),standard (0.9-1.5m),True
width_bin,width_bin,data/processed/train/width_bin_train.csv,data/features/dinov3_vitb16_remaining_attributes_assets.csv,classification,dinov3_frozen_embeddings_hist_gradient_boosting,hist_gradient_boosting,GroupKFold,3,5,110267,standard (0.9-1.5m),standard (0.9-1.5m),True
width_bin,width_bin,data/processed/train/width_bin_train.csv,data/features/dinov3_vitb16_remaining_attributes_assets.csv,classification,dinov3_frozen_embeddings_hist_gradient_boosting,hist_gradient_boosting,GroupKFold,3,5,110283,standard (0.9-1.5m),standard (0.9-1.5m),True
width_bin,width_bin,data/processed/train/width_bin_train.csv,data/features/dinov3_vitb16_remaining_attributes_assets.csv,classification,dinov3_frozen_embeddings_hist_gradient_boosting,hist_gradient_boosting,GroupKFold,3,5,110300,standard (0.9-1.5m),standard (0.9-1.5m),True
width_bin,width_bin,data/processed/train/width_bin_train.csv,data/features/dinov3_vitb16_remaining_attributes_assets.csv,classification,dinov3_frozen_embeddings_hist_gradient_boosting,hist_gradient_boosting,GroupKFold,3,5,110711,standard (0.9-1.5m),standard (0.9-1.5m),True
width_bin,width_bin,data/processed/train/width_bin_train.csv,data/features/dinov3_vitb16_remaining_attributes_assets.csv,classification,dinov3_frozen_embeddings_hist_gradient_boosting,hist_gradient_boosting,GroupKFold,3,5,110720,standard (0.9-1.5m),standard (0.9-1.5m),True
width_bin,width_bin,data/processed/train/width_bin_train.csv,data/features/dinov3_vitb16_remaining_attributes_assets.csv,classification,dinov3_frozen_embeddings_hist_gradient_boosting,hist_gradient_boosting,GroupKFold,3,5,110821,standard (0.9-1.5m),standard (0.9-1.5m),True
width_bin,width_bin,data/processed/train/width_bin_train.csv,data/features/dinov3_vitb16_remaining_attributes_assets.csv,classification,dinov3_frozen_embeddings_hist_gradient_boosting,hist_gradient_boosting,GroupKFold,3,5,110826,standard (0.9-1.5m),standard (0.9-1.5m),True
width_bin,width_bin,data/processed/train/width_bin_train.csv,data/features/dinov3_vitb16_remaining_attributes_assets.csv,classification,dinov3_frozen_embeddings_hist_gradient_boosting,hist_gradient_boosting,GroupKFold,3,5,110974,standard (0.9-1.5m),narrow (<0.9m),False
width_bin,width_bin,data/processed/train/width_bin_train.csv,data/features/dinov3_vitb16_remaining_attributes_assets.csv,classification,dinov3_frozen_embeddings_hist_gradient_boosting,hist_gradient_boosting,GroupKFold,3,5,111432,standard (0.9-1.5m),standard (0.9-1.5m),True
width_bin,width_bin,data/processed/train/width_bin_train.csv,data/features/dinov3_vitb16_remaining_attributes_assets.csv,classification,dinov3_frozen_embeddings_hist_gradient_boosting,hist_gradient_boosting,GroupKFold,3,5,111686,narrow (<0.9m),standard (0.9-1.5m),False
width_bin,width_bin,data/processed/train/width_bin_train.csv,data/features/dinov3_vitb16_remaining_attributes_assets.csv,classification,dinov3_frozen_embeddings_hist_gradient_boosting,hist_gradient_boosting,GroupKFold,3,5,111691,narrow (<0.9m),standard (0.9-1.5m),False
width_bin,width_bin,data/processed/train/width_bin_train.csv,data/features/dinov3_vitb16_remaining_attributes_assets.csv,classification,dinov3_frozen_embeddings_hist_gradient_boosting,hist_gradient_boosting,GroupKFold,3,5,111717,standard (0.9-1.5m),standard (0.9-1.5m),True
width_bin,width_bin,data/processed/train/width_bin_train.csv,data/features/dinov3_vitb16_remaining_attributes_assets.csv,classification,dinov3_frozen_embeddings_hist_gradient_boosting,hist_gradient_boosting,GroupKFold,3,5,111733,standard (0.9-1.5m),standard (0.9-1.5m),True
width_bin,width_bin,data/processed/train/width_bin_train.csv,data/features/dinov3_vitb16_remaining_attributes_assets.csv,classification,dinov3_frozen_embeddings_hist_gradient_boosting,hist_gradient_boosting,GroupKFold,3,5,111795,standard (0.9-1.5m),standard (0.9-1.5m),True
width_bin,width_bin,data/processed/train/width_bin_train.csv,data/features/dinov3_vitb16_remaining_attributes_assets.csv,classification,dinov3_frozen_embeddings_hist_gradient_boosting,hist_gradient_boosting,GroupKFold,3,5,111796,narrow (<0.9m),standard (0.9-1.5m),False
width_bin,width_bin,data/processed/train/width_bin_train.csv,data/features/dinov3_vitb16_remaining_attributes_assets.csv,classification,dinov3_frozen_embeddings_hist_gradient_boosting,hist_gradient_boosting,GroupKFold,3,5,111808,narrow (<0.9m),standard (0.9-1.5m),False
width_bin,width_bin,data/processed/train/width_bin_train.csv,data/features/dinov3_vitb16_remaining_attributes_assets.csv,classification,dinov3_frozen_embeddings_hist_gradient_boosting,hist_gradient_boosting,GroupKFold,3,5,111825,standard (0.9-1.5m),standard (0.9-1.5m),True
width_bin,width_bin,data/processed/train/width_bin_train.csv,data/features/dinov3_vitb16_remaining_attributes_assets.csv,classification,dinov3_frozen_embeddings_hist_gradient_boosting,hist_gradient_boosting,GroupKFold,3,5,112582,standard (0.9-1.5m),standard (0.9-1.5m),True
width_bin,width_bin,data/processed/train/width_bin_train.csv,data/features/dinov3_vitb16_remaining_attributes_assets.csv,classification,dinov3_frozen_embeddings_hist_gradient_boosting,hist_gradient_boosting,GroupKFold,3,5,113130,standard (0.9-1.5m),standard (0.9-1.5m),True
width_bin,width_bin,data/processed/train/width_bin_train.csv,data/features/dinov3_vitb16_remaining_attributes_assets.csv,classification,dinov3_frozen_embeddings_hist_gradient_boosting,hist_gradient_boosting,GroupKFold,3,5,113171,standard (0.9-1.5m),standard (0.9-1.5m),True
width_bin,width_bin,data/processed/train/width_bin_train.csv,data/features/dinov3_vitb16_remaining_attributes_assets.csv,classification,dinov3_frozen_embeddings_hist_gradient_boosting,hist_gradient_boosting,GroupKFold,3,5,114284,standard (0.9-1.5m),standard (0.9-1.5m),True
width_bin,width_bin,data/processed/train/width_bin_train.csv,data/features/dinov3_vitb16_remaining_attributes_assets.csv,classification,dinov3_frozen_embeddings_hist_gradient_boosting,hist_gradient_boosting,GroupKFold,3,5,114568,standard (0.9-1.5m),standard (0.9-1.5m),True
width_bin,width_bin,data/processed/train/width_bin_train.csv,data/features/dinov3_vitb16_remaining_attributes_assets.csv,classification,dinov3_frozen_embeddings_hist_gradient_boosting,hist_gradient_boosting,GroupKFold,3,5,114579,wide (>1.5m),medium (3-7m),False
width_bin,width_bin,data/processed/train/width_bin_train.csv,data/features/dinov3_vitb16_remaining_attributes_assets.csv,classification,dinov3_frozen_embeddings_hist_gradient_boosting,hist_gradient_boosting,GroupKFold,3,5,114632,standard (0.9-1.5m),standard (0.9-1.5m),True
width_bin,width_bin,data/processed/train/width_bin_train.csv,data/features/dinov3_vitb16_remaining_attributes_assets.csv,classification,dinov3_frozen_embeddings_hist_gradient_boosting,hist_gradient_boosting,GroupKFold,3,5,114916,standard (0.9-1.5m),standard (0.9-1.5m),True
width_bin,width_bin,data/processed/train/width_bin_train.csv,data/features/dinov3_vitb16_remaining_attributes_assets.csv,classification,dinov3_frozen_embeddings_hist_gradient_boosting,hist_gradient_boosting,GroupKFold,3,5,114934,standard (0.9-1.5m),standard (0.9-1.5m),True
width_bin,width_bin,data/processed/train/width_bin_train.csv,data/features/dinov3_vitb16_remaining_attributes_assets.csv,classification,dinov3_frozen_embeddings_hist_gradient_boosting,hist_gradient_boosting,GroupKFold,3,5,114954,narrow (<0.9m),standard (0.9-1.5m),False
width_bin,width_bin,data/processed/train/width_bin_train.csv,data/features/dinov3_vitb16_remaining_attributes_assets.csv,classification,dinov3_frozen_embeddings_hist_gradient_boosting,hist_gradient_boosting,GroupKFold,3,5,116621,wide (>1.5m),standard (0.9-1.5m),False
width_bin,width_bin,data/processed/train/width_bin_train.csv,data/features/dinov3_vitb16_remaining_attributes_assets.csv,classification,dinov3_frozen_embeddings_hist_gradient_boosting,hist_gradient_boosting,GroupKFold,3,5,116627,narrow (<0.9m),standard (0.9-1.5m),False
width_bin,width_bin,data/processed/train/width_bin_train.csv,data/features/dinov3_vitb16_remaining_attributes_assets.csv,classification,dinov3_frozen_embeddings_hist_gradient_boosting,hist_gradient_boosting,GroupKFold,3,5,116746,wide (>1.5m),standard (0.9-1.5m),False
width_bin,width_bin,data/processed/train/width_bin_train.csv,data/features/dinov3_vitb16_remaining_attributes_assets.csv,classification,dinov3_frozen_embeddings_hist_gradient_boosting,hist_gradient_boosting,GroupKFold,3,5,117141,standard (0.9-1.5m),standard (0.9-1.5m),True
width_bin,width_bin,data/processed/train/width_bin_train.csv,data/features/dinov3_vitb16_remaining_attributes_assets.csv,classification,dinov3_frozen_embeddings_hist_gradient_boosting,hist_gradient_boosting,GroupKFold,3,5,117156,standard (0.9-1.5m),standard (0.9-1.5m),True
width_bin,width_bin,data/processed/train/width_bin_train.csv,data/features/dinov3_vitb16_remaining_attributes_assets.csv,classification,dinov3_frozen_embeddings_hist_gradient_boosting,hist_gradient_boosting,GroupKFold,3,5,117212,standard (0.9-1.5m),standard (0.9-1.5m),True
width_bin,width_bin,data/processed/train/width_bin_train.csv,data/features/dinov3_vitb16_remaining_attributes_assets.csv,classification,dinov3_frozen_embeddings_hist_gradient_boosting,hist_gradient_boosting,GroupKFold,3,5,117213,standard (0.9-1.5m),standard (0.9-1.5m),True
width_bin,width_bin,data/processed/train/width_bin_train.csv,data/features/dinov3_vitb16_remaining_attributes_assets.csv,classification,dinov3_frozen_embeddings_hist_gradient_boosting,hist_gradient_boosting,GroupKFold,3,5,117362,wide (>1.5m),standard (0.9-1.5m),False
width_bin,width_bin,data/processed/train/width_bin_train.csv,data/features/dinov3_vitb16_remaining_attributes_assets.csv,classification,dinov3_frozen_embeddings_hist_gradient_boosting,hist_gradient_boosting,GroupKFold,3,5,117586,narrow (<0.9m),narrow (<0.9m),True
width_bin,width_bin,data/processed/train/width_bin_train.csv,data/features/dinov3_vitb16_remaining_attributes_assets.csv,classification,dinov3_frozen_embeddings_hist_gradient_boosting,hist_gradient_boosting,GroupKFold,3,5,117594,standard (0.9-1.5m),standard (0.9-1.5m),True
width_bin,width_bin,data/processed/train/width_bin_train.csv,data/features/dinov3_vitb16_remaining_attributes_assets.csv,classification,dinov3_frozen_embeddings_hist_gradient_boosting,hist_gradient_boosting,GroupKFold,3,5,120677,narrow (<0.9m),narrow (<0.9m),True
width_bin,width_bin,data/processed/train/width_bin_train.csv,data/features/dinov3_vitb16_remaining_attributes_assets.csv,classification,dinov3_frozen_embeddings_hist_gradient_boosting,hist_gradient_boosting,GroupKFold,3,5,120736,narrow (<0.9m),narrow (<0.9m),True
width_bin,width_bin,data/processed/train/width_bin_train.csv,data/features/dinov3_vitb16_remaining_attributes_assets.csv,classification,dinov3_frozen_embeddings_hist_gradient_boosting,hist_gradient_boosting,GroupKFold,3,5,120909,narrow (<0.9m),standard (0.9-1.5m),False
width_bin,width_bin,data/processed/train/width_bin_train.csv,data/features/dinov3_vitb16_remaining_attributes_assets.csv,classification,dinov3_frozen_embeddings_hist_gradient_boosting,hist_gradient_boosting,GroupKFold,3,5,121002,narrow (<0.9m),narrow (<0.9m),True
width_bin,width_bin,data/processed/train/width_bin_train.csv,data/features/dinov3_vitb16_remaining_attributes_assets.csv,classification,dinov3_frozen_embeddings_hist_gradient_boosting,hist_gradient_boosting,GroupKFold,3,5,121481,standard (0.9-1.5m),standard (0.9-1.5m),True
width_bin,width_bin,data/processed/train/width_bin_train.csv,data/features/dinov3_vitb16_remaining_attributes_assets.csv,classification,dinov3_frozen_embeddings_hist_gradient_boosting,hist_gradient_boosting,GroupKFold,3,5,121573,wide (>1.5m),standard (0.9-1.5m),False
width_bin,width_bin,data/processed/train/width_bin_train.csv,data/features/dinov3_vitb16_remaining_attributes_assets.csv,classification,dinov3_frozen_embeddings_hist_gradient_boosting,hist_gradient_boosting,GroupKFold,3,5,121594,standard (0.9-1.5m),standard (0.9-1.5m),True
width_bin,width_bin,data/processed/train/width_bin_train.csv,data/features/dinov3_vitb16_remaining_attributes_assets.csv,classification,dinov3_frozen_embeddings_hist_gradient_boosting,hist_gradient_boosting,GroupKFold,3,5,121675,standard (0.9-1.5m),standard (0.9-1.5m),True
width_bin,width_bin,data/processed/train/width_bin_train.csv,data/features/dinov3_vitb16_remaining_attributes_assets.csv,classification,dinov3_frozen_embeddings_hist_gradient_boosting,hist_gradient_boosting,GroupKFold,3,5,121732,narrow (<0.9m),narrow (<0.9m),True
width_bin,width_bin,data/processed/train/width_bin_train.csv,data/features/dinov3_vitb16_remaining_attributes_assets.csv,classification,dinov3_frozen_embeddings_hist_gradient_boosting,hist_gradient_boosting,GroupKFold,3,5,121776,narrow (<0.9m),standard (0.9-1.5m),False
width_bin,width_bin,data/processed/train/width_bin_train.csv,data/features/dinov3_vitb16_remaining_attributes_assets.csv,classification,dinov3_frozen_embeddings_hist_gradient_boosting,hist_gradient_boosting,GroupKFold,3,5,121777,narrow (<0.9m),standard (0.9-1.5m),False
width_bin,width_bin,data/processed/train/width_bin_train.csv,data/features/dinov3_vitb16_remaining_attributes_assets.csv,classification,dinov3_frozen_embeddings_hist_gradient_boosting,hist_gradient_boosting,GroupKFold,3,5,121791,narrow (<0.9m),standard (0.9-1.5m),False
width_bin,width_bin,data/processed/train/width_bin_train.csv,data/features/dinov3_vitb16_remaining_attributes_assets.csv,classification,dinov3_frozen_embeddings_hist_gradient_boosting,hist_gradient_boosting,GroupKFold,3,5,122317,wide (>1.5m),standard (0.9-1.5m),False
width_bin,width_bin,data/processed/train/width_bin_train.csv,data/features/dinov3_vitb16_remaining_attributes_assets.csv,classification,dinov3_frozen_embeddings_hist_gradient_boosting,hist_gradient_boosting,GroupKFold,3,5,122434,standard (0.9-1.5m),standard (0.9-1.5m),True
width_bin,width_bin,data/processed/train/width_bin_train.csv,data/features/dinov3_vitb16_remaining_attributes_assets.csv,classification,dinov3_frozen_embeddings_hist_gradient_boosting,hist_gradient_boosting,GroupKFold,3,5,123099,standard (0.9-1.5m),standard (0.9-1.5m),True
width_bin,width_bin,data/processed/train/width_bin_train.csv,data/features/dinov3_vitb16_remaining_attributes_assets.csv,classification,dinov3_frozen_embeddings_hist_gradient_boosting,hist_gradient_boosting,GroupKFold,3,5,123142,standard (0.9-1.5m),standard (0.9-1.5m),True
width_bin,width_bin,data/processed/train/width_bin_train.csv,data/features/dinov3_vitb16_remaining_attributes_assets.csv,classification,dinov3_frozen_embeddings_hist_gradient_boosting,hist_gradient_boosting,GroupKFold,3,5,123143,standard (0.9-1.5m),standard (0.9-1.5m),True
width_bin,width_bin,data/processed/train/width_bin_train.csv,data/features/dinov3_vitb16_remaining_attributes_assets.csv,classification,dinov3_frozen_embeddings_hist_gradient_boosting,hist_gradient_boosting,GroupKFold,3,5,124886,wide (>1.5m),wide (>1.5m),True
width_bin,width_bin,data/processed/train/width_bin_train.csv,data/features/dinov3_vitb16_remaining_attributes_assets.csv,classification,dinov3_frozen_embeddings_hist_gradient_boosting,hist_gradient_boosting,GroupKFold,3,5,126789,standard (0.9-1.5m),standard (0.9-1.5m),True
width_bin,width_bin,data/processed/train/width_bin_train.csv,data/features/dinov3_vitb16_remaining_attributes_assets.csv,classification,dinov3_frozen_embeddings_hist_gradient_boosting,hist_gradient_boosting,GroupKFold,3,5,126807,standard (0.9-1.5m),standard (0.9-1.5m),True
width_bin,width_bin,data/processed/train/width_bin_train.csv,data/features/dinov3_vitb16_remaining_attributes_assets.csv,classification,dinov3_frozen_embeddings_hist_gradient_boosting,hist_gradient_boosting,GroupKFold,3,5,126835,standard (0.9-1.5m),standard (0.9-1.5m),True
width_bin,width_bin,data/processed/train/width_bin_train.csv,data/features/dinov3_vitb16_remaining_attributes_assets.csv,classification,dinov3_frozen_embeddings_hist_gradient_boosting,hist_gradient_boosting,GroupKFold,3,5,127141,standard (0.9-1.5m),standard (0.9-1.5m),True
width_bin,width_bin,data/processed/train/width_bin_train.csv,data/features/dinov3_vitb16_remaining_attributes_assets.csv,classification,dinov3_frozen_embeddings_hist_gradient_boosting,hist_gradient_boosting,GroupKFold,3,5,127151,standard (0.9-1.5m),standard (0.9-1.5m),True
width_bin,width_bin,data/processed/train/width_bin_train.csv,data/features/dinov3_vitb16_remaining_attributes_assets.csv,classification,dinov3_frozen_embeddings_hist_gradient_boosting,hist_gradient_boosting,GroupKFold,3,5,127231,standard (0.9-1.5m),standard (0.9-1.5m),True
width_bin,width_bin,data/processed/train/width_bin_train.csv,data/features/dinov3_vitb16_remaining_attributes_assets.csv,classification,dinov3_frozen_embeddings_hist_gradient_boosting,hist_gradient_boosting,GroupKFold,3,5,127242,standard (0.9-1.5m),standard (0.9-1.5m),True
width_bin,width_bin,data/processed/train/width_bin_train.csv,data/features/dinov3_vitb16_remaining_attributes_assets.csv,classification,dinov3_frozen_embeddings_hist_gradient_boosting,hist_gradient_boosting,GroupKFold,3,5,100344,wide (>1.5m),standard (0.9-1.5m),False
width_bin,width_bin,data/processed/train/width_bin_train.csv,data/features/dinov3_vitb16_remaining_attributes_assets.csv,classification,dinov3_frozen_embeddings_hist_gradient_boosting,hist_gradient_boosting,GroupKFold,3,5,108414,standard (0.9-1.5m),narrow (<0.9m),False
width_bin,width_bin,data/processed/train/width_bin_train.csv,data/features/dinov3_vitb16_remaining_attributes_assets.csv,classification,dinov3_frozen_embeddings_hist_gradient_boosting,hist_gradient_boosting,GroupKFold,3,5,109179,standard (0.9-1.5m),standard (0.9-1.5m),True
width_bin,width_bin,data/processed/train/width_bin_train.csv,data/features/dinov3_vitb16_remaining_attributes_assets.csv,classification,dinov3_frozen_embeddings_hist_gradient_boosting,hist_gradient_boosting,GroupKFold,3,5,109183,standard (0.9-1.5m),standard (0.9-1.5m),True
width_bin,width_bin,data/processed/train/width_bin_train.csv,data/features/dinov3_vitb16_remaining_attributes_assets.csv,classification,dinov3_frozen_embeddings_hist_gradient_boosting,hist_gradient_boosting,GroupKFold,3,5,110257,standard (0.9-1.5m),standard (0.9-1.5m),True
width_bin,width_bin,data/processed/train/width_bin_train.csv,data/features/dinov3_vitb16_remaining_attributes_assets.csv,classification,dinov3_frozen_embeddings_hist_gradient_boosting,hist_gradient_boosting,GroupKFold,3,5,114060,standard (0.9-1.5m),standard (0.9-1.5m),True
width_bin,width_bin,data/processed/train/width_bin_train.csv,data/features/dinov3_vitb16_remaining_attributes_assets.csv,classification,dinov3_frozen_embeddings_hist_gradient_boosting,hist_gradient_boosting,GroupKFold,3,5,114185,standard (0.9-1.5m),standard (0.9-1.5m),True
width_bin,width_bin,data/processed/train/width_bin_train.csv,data/features/dinov3_vitb16_remaining_attributes_assets.csv,classification,dinov3_frozen_embeddings_hist_gradient_boosting,hist_gradient_boosting,GroupKFold,3,5,114197,standard (0.9-1.5m),standard (0.9-1.5m),True
width_bin,width_bin,data/processed/train/width_bin_train.csv,data/features/dinov3_vitb16_remaining_attributes_assets.csv,classification,dinov3_frozen_embeddings_hist_gradient_boosting,hist_gradient_boosting,GroupKFold,3,5,114261,standard (0.9-1.5m),standard (0.9-1.5m),True
width_bin,width_bin,data/processed/train/width_bin_train.csv,data/features/dinov3_vitb16_remaining_attributes_assets.csv,classification,dinov3_frozen_embeddings_hist_gradient_boosting,hist_gradient_boosting,GroupKFold,3,5,122440,standard (0.9-1.5m),standard (0.9-1.5m),True
width_bin,width_bin,data/processed/train/width_bin_train.csv,data/features/dinov3_vitb16_remaining_attributes_assets.csv,classification,dinov3_frozen_embeddings_hist_gradient_boosting,hist_gradient_boosting,GroupKFold,3,5,46340,standard (0.9-1.5m),standard (0.9-1.5m),True
width_bin,width_bin,data/processed/train/width_bin_train.csv,data/features/dinov3_vitb16_remaining_attributes_assets.csv,classification,dinov3_frozen_embeddings_hist_gradient_boosting,hist_gradient_boosting,GroupKFold,3,5,46922,wide (>1.5m),standard (0.9-1.5m),False
width_bin,width_bin,data/processed/train/width_bin_train.csv,data/features/dinov3_vitb16_remaining_attributes_assets.csv,classification,dinov3_frozen_embeddings_hist_gradient_boosting,hist_gradient_boosting,GroupKFold,3,5,46924,standard (0.9-1.5m),standard (0.9-1.5m),True
width_bin,width_bin,data/processed/train/width_bin_train.csv,data/features/dinov3_vitb16_remaining_attributes_assets.csv,classification,dinov3_frozen_embeddings_hist_gradient_boosting,hist_gradient_boosting,GroupKFold,3,5,46926,standard (0.9-1.5m),standard (0.9-1.5m),True
width_bin,width_bin,data/processed/train/width_bin_train.csv,data/features/dinov3_vitb16_remaining_attributes_assets.csv,classification,dinov3_frozen_embeddings_hist_gradient_boosting,hist_gradient_boosting,GroupKFold,3,5,46929,standard (0.9-1.5m),standard (0.9-1.5m),True
width_bin,width_bin,data/processed/train/width_bin_train.csv,data/features/dinov3_vitb16_remaining_attributes_assets.csv,classification,dinov3_frozen_embeddings_hist_gradient_boosting,hist_gradient_boosting,GroupKFold,3,5,47532,wide (>1.5m),wide (>1.5m),True
width_bin,width_bin,data/processed/train/width_bin_train.csv,data/features/dinov3_vitb16_remaining_attributes_assets.csv,classification,dinov3_frozen_embeddings_hist_gradient_boosting,hist_gradient_boosting,GroupKFold,3,5,48340,standard (0.9-1.5m),wide (>1.5m),False
width_bin,width_bin,data/processed/train/width_bin_train.csv,data/features/dinov3_vitb16_remaining_attributes_assets.csv,classification,dinov3_frozen_embeddings_hist_gradient_boosting,hist_gradient_boosting,GroupKFold,3,5,48341,standard (0.9-1.5m),standard (0.9-1.5m),True
width_bin,width_bin,data/processed/train/width_bin_train.csv,data/features/dinov3_vitb16_remaining_attributes_assets.csv,classification,dinov3_frozen_embeddings_hist_gradient_boosting,hist_gradient_boosting,GroupKFold,3,5,48344,wide (>1.5m),standard (0.9-1.5m),False
width_bin,width_bin,data/processed/train/width_bin_train.csv,data/features/dinov3_vitb16_remaining_attributes_assets.csv,classification,dinov3_frozen_embeddings_hist_gradient_boosting,hist_gradient_boosting,GroupKFold,3,5,48628,standard (0.9-1.5m),standard (0.9-1.5m),True
width_bin,width_bin,data/processed/train/width_bin_train.csv,data/features/dinov3_vitb16_remaining_attributes_assets.csv,classification,dinov3_frozen_embeddings_hist_gradient_boosting,hist_gradient_boosting,GroupKFold,3,5,49057,narrow (<0.9m),standard (0.9-1.5m),False
width_bin,width_bin,data/processed/train/width_bin_train.csv,data/features/dinov3_vitb16_remaining_attributes_assets.csv,classification,dinov3_frozen_embeddings_hist_gradient_boosting,hist_gradient_boosting,GroupKFold,3,5,49060,standard (0.9-1.5m),standard (0.9-1.5m),True
width_bin,width_bin,data/processed/train/width_bin_train.csv,data/features/dinov3_vitb16_remaining_attributes_assets.csv,classification,dinov3_frozen_embeddings_hist_gradient_boosting,hist_gradient_boosting,GroupKFold,3,5,49063,narrow (<0.9m),standard (0.9-1.5m),False
width_bin,width_bin,data/processed/train/width_bin_train.csv,data/features/dinov3_vitb16_remaining_attributes_assets.csv,classification,dinov3_frozen_embeddings_hist_gradient_boosting,hist_gradient_boosting,GroupKFold,3,5,49497,standard (0.9-1.5m),standard (0.9-1.5m),True
width_bin,width_bin,data/processed/train/width_bin_train.csv,data/features/dinov3_vitb16_remaining_attributes_assets.csv,classification,dinov3_frozen_embeddings_hist_gradient_boosting,hist_gradient_boosting,GroupKFold,3,5,49682,standard (0.9-1.5m),standard (0.9-1.5m),True
width_bin,width_bin,data/processed/train/width_bin_train.csv,data/features/dinov3_vitb16_remaining_attributes_assets.csv,classification,dinov3_frozen_embeddings_hist_gradient_boosting,hist_gradient_boosting,GroupKFold,3,5,50625,standard (0.9-1.5m),standard (0.9-1.5m),True
width_bin,width_bin,data/processed/train/width_bin_train.csv,data/features/dinov3_vitb16_remaining_attributes_assets.csv,classification,dinov3_frozen_embeddings_hist_gradient_boosting,hist_gradient_boosting,GroupKFold,3,5,51216,standard (0.9-1.5m),standard (0.9-1.5m),True
width_bin,width_bin,data/processed/train/width_bin_train.csv,data/features/dinov3_vitb16_remaining_attributes_assets.csv,classification,dinov3_frozen_embeddings_hist_gradient_boosting,hist_gradient_boosting,GroupKFold,3,5,51244,standard (0.9-1.5m),standard (0.9-1.5m),True
width_bin,width_bin,data/processed/train/width_bin_train.csv,data/features/dinov3_vitb16_remaining_attributes_assets.csv,classification,dinov3_frozen_embeddings_hist_gradient_boosting,hist_gradient_boosting,GroupKFold,3,5,51524,standard (0.9-1.5m),standard (0.9-1.5m),True
width_bin,width_bin,data/processed/train/width_bin_train.csv,data/features/dinov3_vitb16_remaining_attributes_assets.csv,classification,dinov3_frozen_embeddings_hist_gradient_boosting,hist_gradient_boosting,GroupKFold,3,5,51528,standard (0.9-1.5m),wide (>1.5m),False
width_bin,width_bin,data/processed/train/width_bin_train.csv,data/features/dinov3_vitb16_remaining_attributes_assets.csv,classification,dinov3_frozen_embeddings_hist_gradient_boosting,hist_gradient_boosting,GroupKFold,3,5,51532,standard (0.9-1.5m),standard (0.9-1.5m),True
width_bin,width_bin,data/processed/train/width_bin_train.csv,data/features/dinov3_vitb16_remaining_attributes_assets.csv,classification,dinov3_frozen_embeddings_hist_gradient_boosting,hist_gradient_boosting,GroupKFold,3,5,51599,standard (0.9-1.5m),standard (0.9-1.5m),True
width_bin,width_bin,data/processed/train/width_bin_train.csv,data/features/dinov3_vitb16_remaining_attributes_assets.csv,classification,dinov3_frozen_embeddings_hist_gradient_boosting,hist_gradient_boosting,GroupKFold,3,5,51799,standard (0.9-1.5m),wide (>1.5m),False
width_bin,width_bin,data/processed/train/width_bin_train.csv,data/features/dinov3_vitb16_remaining_attributes_assets.csv,classification,dinov3_frozen_embeddings_hist_gradient_boosting,hist_gradient_boosting,GroupKFold,3,5,52458,standard (0.9-1.5m),standard (0.9-1.5m),True
width_bin,width_bin,data/processed/train/width_bin_train.csv,data/features/dinov3_vitb16_remaining_attributes_assets.csv,classification,dinov3_frozen_embeddings_hist_gradient_boosting,hist_gradient_boosting,GroupKFold,3,5,52668,standard (0.9-1.5m),standard (0.9-1.5m),True
width_bin,width_bin,data/processed/train/width_bin_train.csv,data/features/dinov3_vitb16_remaining_attributes_assets.csv,classification,dinov3_frozen_embeddings_hist_gradient_boosting,hist_gradient_boosting,GroupKFold,3,5,53198,wide (>1.5m),wide (>1.5m),True
width_bin,width_bin,data/processed/train/width_bin_train.csv,data/features/dinov3_vitb16_remaining_attributes_assets.csv,classification,dinov3_frozen_embeddings_hist_gradient_boosting,hist_gradient_boosting,GroupKFold,3,5,53984,wide (>1.5m),wide (>1.5m),True
width_bin,width_bin,data/processed/train/width_bin_train.csv,data/features/dinov3_vitb16_remaining_attributes_assets.csv,classification,dinov3_frozen_embeddings_hist_gradient_boosting,hist_gradient_boosting,GroupKFold,3,5,53986,wide (>1.5m),wide (>1.5m),True
width_bin,width_bin,data/processed/train/width_bin_train.csv,data/features/dinov3_vitb16_remaining_attributes_assets.csv,classification,dinov3_frozen_embeddings_hist_gradient_boosting,hist_gradient_boosting,GroupKFold,3,5,54184,standard (0.9-1.5m),standard (0.9-1.5m),True
width_bin,width_bin,data/processed/train/width_bin_train.csv,data/features/dinov3_vitb16_remaining_attributes_assets.csv,classification,dinov3_frozen_embeddings_hist_gradient_boosting,hist_gradient_boosting,GroupKFold,3,5,54324,standard (0.9-1.5m),standard (0.9-1.5m),True
width_bin,width_bin,data/processed/train/width_bin_train.csv,data/features/dinov3_vitb16_remaining_attributes_assets.csv,classification,dinov3_frozen_embeddings_hist_gradient_boosting,hist_gradient_boosting,GroupKFold,3,5,55272,standard (0.9-1.5m),standard (0.9-1.5m),True
width_bin,width_bin,data/processed/train/width_bin_train.csv,data/features/dinov3_vitb16_remaining_attributes_assets.csv,classification,dinov3_frozen_embeddings_hist_gradient_boosting,hist_gradient_boosting,GroupKFold,3,5,55637,narrow (<0.9m),standard (0.9-1.5m),False
width_bin,width_bin,data/processed/train/width_bin_train.csv,data/features/dinov3_vitb16_remaining_attributes_assets.csv,classification,dinov3_frozen_embeddings_hist_gradient_boosting,hist_gradient_boosting,GroupKFold,3,5,56206,standard (0.9-1.5m),wide (>1.5m),False
width_bin,width_bin,data/processed/train/width_bin_train.csv,data/features/dinov3_vitb16_remaining_attributes_assets.csv,classification,dinov3_frozen_embeddings_hist_gradient_boosting,hist_gradient_boosting,GroupKFold,3,5,56467,wide (>1.5m),wide (>1.5m),True
width_bin,width_bin,data/processed/train/width_bin_train.csv,data/features/dinov3_vitb16_remaining_attributes_assets.csv,classification,dinov3_frozen_embeddings_hist_gradient_boosting,hist_gradient_boosting,GroupKFold,3,5,56468,wide (>1.5m),wide (>1.5m),True
width_bin,width_bin,data/processed/train/width_bin_train.csv,data/features/dinov3_vitb16_remaining_attributes_assets.csv,classification,dinov3_frozen_embeddings_hist_gradient_boosting,hist_gradient_boosting,GroupKFold,3,5,56469,wide (>1.5m),standard (0.9-1.5m),False
width_bin,width_bin,data/processed/train/width_bin_train.csv,data/features/dinov3_vitb16_remaining_attributes_assets.csv,classification,dinov3_frozen_embeddings_hist_gradient_boosting,hist_gradient_boosting,GroupKFold,3,5,56876,wide (>1.5m),standard (0.9-1.5m),False
width_bin,width_bin,data/processed/train/width_bin_train.csv,data/features/dinov3_vitb16_remaining_attributes_assets.csv,classification,dinov3_frozen_embeddings_hist_gradient_boosting,hist_gradient_boosting,GroupKFold,3,5,58413,wide (>1.5m),standard (0.9-1.5m),False
width_bin,width_bin,data/processed/train/width_bin_train.csv,data/features/dinov3_vitb16_remaining_attributes_assets.csv,classification,dinov3_frozen_embeddings_hist_gradient_boosting,hist_gradient_boosting,GroupKFold,3,5,58957,standard (0.9-1.5m),standard (0.9-1.5m),True
width_bin,width_bin,data/processed/train/width_bin_train.csv,data/features/dinov3_vitb16_remaining_attributes_assets.csv,classification,dinov3_frozen_embeddings_hist_gradient_boosting,hist_gradient_boosting,GroupKFold,3,5,61004,wide (>1.5m),standard (0.9-1.5m),False
width_bin,width_bin,data/processed/train/width_bin_train.csv,data/features/dinov3_vitb16_remaining_attributes_assets.csv,classification,dinov3_frozen_embeddings_hist_gradient_boosting,hist_gradient_boosting,GroupKFold,3,5,61610,standard (0.9-1.5m),standard (0.9-1.5m),True
width_bin,width_bin,data/processed/train/width_bin_train.csv,data/features/dinov3_vitb16_remaining_attributes_assets.csv,classification,dinov3_frozen_embeddings_hist_gradient_boosting,hist_gradient_boosting,GroupKFold,3,5,61731,standard (0.9-1.5m),standard (0.9-1.5m),True
width_bin,width_bin,data/processed/train/width_bin_train.csv,data/features/dinov3_vitb16_remaining_attributes_assets.csv,classification,dinov3_frozen_embeddings_hist_gradient_boosting,hist_gradient_boosting,GroupKFold,3,5,62442,standard (0.9-1.5m),standard (0.9-1.5m),True
width_bin,width_bin,data/processed/train/width_bin_train.csv,data/features/dinov3_vitb16_remaining_attributes_assets.csv,classification,dinov3_frozen_embeddings_hist_gradient_boosting,hist_gradient_boosting,GroupKFold,3,5,63219,standard (0.9-1.5m),standard (0.9-1.5m),True
width_bin,width_bin,data/processed/train/width_bin_train.csv,data/features/dinov3_vitb16_remaining_attributes_assets.csv,classification,dinov3_frozen_embeddings_hist_gradient_boosting,hist_gradient_boosting,GroupKFold,3,5,63298,standard (0.9-1.5m),standard (0.9-1.5m),True
width_bin,width_bin,data/processed/train/width_bin_train.csv,data/features/dinov3_vitb16_remaining_attributes_assets.csv,classification,dinov3_frozen_embeddings_hist_gradient_boosting,hist_gradient_boosting,GroupKFold,3,5,63539,standard (0.9-1.5m),standard (0.9-1.5m),True
width_bin,width_bin,data/processed/train/width_bin_train.csv,data/features/dinov3_vitb16_remaining_attributes_assets.csv,classification,dinov3_frozen_embeddings_hist_gradient_boosting,hist_gradient_boosting,GroupKFold,3,5,64104,standard (0.9-1.5m),standard (0.9-1.5m),True
width_bin,width_bin,data/processed/train/width_bin_train.csv,data/features/dinov3_vitb16_remaining_attributes_assets.csv,classification,dinov3_frozen_embeddings_hist_gradient_boosting,hist_gradient_boosting,GroupKFold,3,5,64105,standard (0.9-1.5m),standard (0.9-1.5m),True
width_bin,width_bin,data/processed/train/width_bin_train.csv,data/features/dinov3_vitb16_remaining_attributes_assets.csv,classification,dinov3_frozen_embeddings_hist_gradient_boosting,hist_gradient_boosting,GroupKFold,3,5,64108,standard (0.9-1.5m),standard (0.9-1.5m),True
width_bin,width_bin,data/processed/train/width_bin_train.csv,data/features/dinov3_vitb16_remaining_attributes_assets.csv,classification,dinov3_frozen_embeddings_hist_gradient_boosting,hist_gradient_boosting,GroupKFold,3,5,64114,standard (0.9-1.5m),standard (0.9-1.5m),True
width_bin,width_bin,data/processed/train/width_bin_train.csv,data/features/dinov3_vitb16_remaining_attributes_assets.csv,classification,dinov3_frozen_embeddings_hist_gradient_boosting,hist_gradient_boosting,GroupKFold,3,5,64116,standard (0.9-1.5m),wide (>1.5m),False
width_bin,width_bin,data/processed/train/width_bin_train.csv,data/features/dinov3_vitb16_remaining_attributes_assets.csv,classification,dinov3_frozen_embeddings_hist_gradient_boosting,hist_gradient_boosting,GroupKFold,3,5,64128,standard (0.9-1.5m),standard (0.9-1.5m),True
width_bin,width_bin,data/processed/train/width_bin_train.csv,data/features/dinov3_vitb16_remaining_attributes_assets.csv,classification,dinov3_frozen_embeddings_hist_gradient_boosting,hist_gradient_boosting,GroupKFold,3,5,64137,standard (0.9-1.5m),standard (0.9-1.5m),True
width_bin,width_bin,data/processed/train/width_bin_train.csv,data/features/dinov3_vitb16_remaining_attributes_assets.csv,classification,dinov3_frozen_embeddings_hist_gradient_boosting,hist_gradient_boosting,GroupKFold,3,5,64643,narrow (<0.9m),standard (0.9-1.5m),False
width_bin,width_bin,data/processed/train/width_bin_train.csv,data/features/dinov3_vitb16_remaining_attributes_assets.csv,classification,dinov3_frozen_embeddings_hist_gradient_boosting,hist_gradient_boosting,GroupKFold,3,5,65424,standard (0.9-1.5m),standard (0.9-1.5m),True
width_bin,width_bin,data/processed/train/width_bin_train.csv,data/features/dinov3_vitb16_remaining_attributes_assets.csv,classification,dinov3_frozen_embeddings_hist_gradient_boosting,hist_gradient_boosting,GroupKFold,3,5,65425,standard (0.9-1.5m),standard (0.9-1.5m),True
width_bin,width_bin,data/processed/train/width_bin_train.csv,data/features/dinov3_vitb16_remaining_attributes_assets.csv,classification,dinov3_frozen_embeddings_hist_gradient_boosting,hist_gradient_boosting,GroupKFold,3,5,65426,standard (0.9-1.5m),narrow (<0.9m),False
width_bin,width_bin,data/processed/train/width_bin_train.csv,data/features/dinov3_vitb16_remaining_attributes_assets.csv,classification,dinov3_frozen_embeddings_hist_gradient_boosting,hist_gradient_boosting,GroupKFold,3,5,65789,narrow (<0.9m),standard (0.9-1.5m),False
width_bin,width_bin,data/processed/train/width_bin_train.csv,data/features/dinov3_vitb16_remaining_attributes_assets.csv,classification,dinov3_frozen_embeddings_hist_gradient_boosting,hist_gradient_boosting,GroupKFold,3,5,66171,standard (0.9-1.5m),standard (0.9-1.5m),True
width_bin,width_bin,data/processed/train/width_bin_train.csv,data/features/dinov3_vitb16_remaining_attributes_assets.csv,classification,dinov3_frozen_embeddings_hist_gradient_boosting,hist_gradient_boosting,GroupKFold,3,5,66922,wide (>1.5m),standard (0.9-1.5m),False
width_bin,width_bin,data/processed/train/width_bin_train.csv,data/features/dinov3_vitb16_remaining_attributes_assets.csv,classification,dinov3_frozen_embeddings_hist_gradient_boosting,hist_gradient_boosting,GroupKFold,3,5,80451,standard (0.9-1.5m),standard (0.9-1.5m),True
width_bin,width_bin,data/processed/train/width_bin_train.csv,data/features/dinov3_vitb16_remaining_attributes_assets.csv,classification,dinov3_frozen_embeddings_hist_gradient_boosting,hist_gradient_boosting,GroupKFold,3,5,83150,narrow (<0.9m),wide (>1.5m),False
width_bin,width_bin,data/processed/train/width_bin_train.csv,data/features/dinov3_vitb16_remaining_attributes_assets.csv,classification,dinov3_frozen_embeddings_hist_gradient_boosting,hist_gradient_boosting,GroupKFold,3,5,83513,wide (>1.5m),standard (0.9-1.5m),False
width_bin,width_bin,data/processed/train/width_bin_train.csv,data/features/dinov3_vitb16_remaining_attributes_assets.csv,classification,dinov3_frozen_embeddings_hist_gradient_boosting,hist_gradient_boosting,GroupKFold,3,5,83900,standard (0.9-1.5m),standard (0.9-1.5m),True
width_bin,width_bin,data/processed/train/width_bin_train.csv,data/features/dinov3_vitb16_remaining_attributes_assets.csv,classification,dinov3_frozen_embeddings_hist_gradient_boosting,hist_gradient_boosting,GroupKFold,3,5,86525,standard (0.9-1.5m),wide (>1.5m),False
width_bin,width_bin,data/processed/train/width_bin_train.csv,data/features/dinov3_vitb16_remaining_attributes_assets.csv,classification,dinov3_frozen_embeddings_hist_gradient_boosting,hist_gradient_boosting,GroupKFold,3,5,86599,standard (0.9-1.5m),standard (0.9-1.5m),True
width_bin,width_bin,data/processed/train/width_bin_train.csv,data/features/dinov3_vitb16_remaining_attributes_assets.csv,classification,dinov3_frozen_embeddings_hist_gradient_boosting,hist_gradient_boosting,GroupKFold,3,5,55464,wide (>1.5m),wide (>1.5m),True
width_bin,width_bin,data/processed/train/width_bin_train.csv,data/features/dinov3_vitb16_remaining_attributes_assets.csv,classification,dinov3_frozen_embeddings_hist_gradient_boosting,hist_gradient_boosting,GroupKFold,3,5,89440,standard (0.9-1.5m),standard (0.9-1.5m),True
width_bin,width_bin,data/processed/train/width_bin_train.csv,data/features/dinov3_vitb16_remaining_attributes_assets.csv,classification,dinov3_frozen_embeddings_hist_gradient_boosting,hist_gradient_boosting,GroupKFold,3,5,89445,standard (0.9-1.5m),standard (0.9-1.5m),True
width_bin,width_bin,data/processed/train/width_bin_train.csv,data/features/dinov3_vitb16_remaining_attributes_assets.csv,classification,dinov3_frozen_embeddings_hist_gradient_boosting,hist_gradient_boosting,GroupKFold,3,5,89447,narrow (<0.9m),standard (0.9-1.5m),False
width_bin,width_bin,data/processed/train/width_bin_train.csv,data/features/dinov3_vitb16_remaining_attributes_assets.csv,classification,dinov3_frozen_embeddings_hist_gradient_boosting,hist_gradient_boosting,GroupKFold,3,5,89452,standard (0.9-1.5m),standard (0.9-1.5m),True
width_bin,width_bin,data/processed/train/width_bin_train.csv,data/features/dinov3_vitb16_remaining_attributes_assets.csv,classification,dinov3_frozen_embeddings_hist_gradient_boosting,hist_gradient_boosting,GroupKFold,3,5,89580,standard (0.9-1.5m),standard (0.9-1.5m),True
width_bin,width_bin,data/processed/train/width_bin_train.csv,data/features/dinov3_vitb16_remaining_attributes_assets.csv,classification,dinov3_frozen_embeddings_hist_gradient_boosting,hist_gradient_boosting,GroupKFold,3,5,89609,wide (>1.5m),wide (>1.5m),True
width_bin,width_bin,data/processed/train/width_bin_train.csv,data/features/dinov3_vitb16_remaining_attributes_assets.csv,classification,dinov3_frozen_embeddings_hist_gradient_boosting,hist_gradient_boosting,GroupKFold,3,5,92150,wide (>1.5m),standard (0.9-1.5m),False
width_bin,width_bin,data/processed/train/width_bin_train.csv,data/features/dinov3_vitb16_remaining_attributes_assets.csv,classification,dinov3_frozen_embeddings_hist_gradient_boosting,hist_gradient_boosting,GroupKFold,3,5,92800,standard (0.9-1.5m),standard (0.9-1.5m),True
width_bin,width_bin,data/processed/train/width_bin_train.csv,data/features/dinov3_vitb16_remaining_attributes_assets.csv,classification,dinov3_frozen_embeddings_hist_gradient_boosting,hist_gradient_boosting,GroupKFold,3,5,93043,standard (0.9-1.5m),standard (0.9-1.5m),True
width_bin,width_bin,data/processed/train/width_bin_train.csv,data/features/dinov3_vitb16_remaining_attributes_assets.csv,classification,dinov3_frozen_embeddings_hist_gradient_boosting,hist_gradient_boosting,GroupKFold,3,5,96291,standard (0.9-1.5m),standard (0.9-1.5m),True
width_bin,width_bin,data/processed/train/width_bin_train.csv,data/features/dinov3_vitb16_remaining_attributes_assets.csv,classification,dinov3_frozen_embeddings_hist_gradient_boosting,hist_gradient_boosting,GroupKFold,3,5,99615,wide (>1.5m),standard (0.9-1.5m),False
width_bin,width_bin,data/processed/train/width_bin_train.csv,data/features/dinov3_vitb16_remaining_attributes_assets.csv,classification,dinov3_frozen_embeddings_hist_gradient_boosting,hist_gradient_boosting,GroupKFold,3,5,100138,standard (0.9-1.5m),standard (0.9-1.5m),True
width_bin,width_bin,data/processed/train/width_bin_train.csv,data/features/dinov3_vitb16_remaining_attributes_assets.csv,classification,dinov3_frozen_embeddings_hist_gradient_boosting,hist_gradient_boosting,GroupKFold,3,5,100148,standard (0.9-1.5m),standard (0.9-1.5m),True
width_bin,width_bin,data/processed/train/width_bin_train.csv,data/features/dinov3_vitb16_remaining_attributes_assets.csv,classification,dinov3_frozen_embeddings_hist_gradient_boosting,hist_gradient_boosting,GroupKFold,3,5,100177,wide (>1.5m),wide (>1.5m),True
width_bin,width_bin,data/processed/train/width_bin_train.csv,data/features/dinov3_vitb16_remaining_attributes_assets.csv,classification,dinov3_frozen_embeddings_hist_gradient_boosting,hist_gradient_boosting,GroupKFold,3,5,100252,wide (>1.5m),standard (0.9-1.5m),False
width_bin,width_bin,data/processed/train/width_bin_train.csv,data/features/dinov3_vitb16_remaining_attributes_assets.csv,classification,dinov3_frozen_embeddings_hist_gradient_boosting,hist_gradient_boosting,GroupKFold,3,5,100262,wide (>1.5m),wide (>1.5m),True
width_bin,width_bin,data/processed/train/width_bin_train.csv,data/features/dinov3_vitb16_remaining_attributes_assets.csv,classification,dinov3_frozen_embeddings_hist_gradient_boosting,hist_gradient_boosting,GroupKFold,3,5,100347,narrow (<0.9m),standard (0.9-1.5m),False
width_bin,width_bin,data/processed/train/width_bin_train.csv,data/features/dinov3_vitb16_remaining_attributes_assets.csv,classification,dinov3_frozen_embeddings_hist_gradient_boosting,hist_gradient_boosting,GroupKFold,3,5,100348,narrow (<0.9m),narrow (<0.9m),True
width_bin,width_bin,data/processed/train/width_bin_train.csv,data/features/dinov3_vitb16_remaining_attributes_assets.csv,classification,dinov3_frozen_embeddings_hist_gradient_boosting,hist_gradient_boosting,GroupKFold,3,5,102422,wide (>1.5m),standard (0.9-1.5m),False
width_bin,width_bin,data/processed/train/width_bin_train.csv,data/features/dinov3_vitb16_remaining_attributes_assets.csv,classification,dinov3_frozen_embeddings_hist_gradient_boosting,hist_gradient_boosting,GroupKFold,3,5,102808,standard (0.9-1.5m),standard (0.9-1.5m),True
width_bin,width_bin,data/processed/train/width_bin_train.csv,data/features/dinov3_vitb16_remaining_attributes_assets.csv,classification,dinov3_frozen_embeddings_hist_gradient_boosting,hist_gradient_boosting,GroupKFold,3,5,103256,standard (0.9-1.5m),wide (>1.5m),False
width_bin,width_bin,data/processed/train/width_bin_train.csv,data/features/dinov3_vitb16_remaining_attributes_assets.csv,classification,dinov3_frozen_embeddings_hist_gradient_boosting,hist_gradient_boosting,GroupKFold,3,5,106027,narrow (<0.9m),standard (0.9-1.5m),False
width_bin,width_bin,data/processed/train/width_bin_train.csv,data/features/dinov3_vitb16_remaining_attributes_assets.csv,classification,dinov3_frozen_embeddings_hist_gradient_boosting,hist_gradient_boosting,GroupKFold,3,5,106028,narrow (<0.9m),standard (0.9-1.5m),False
width_bin,width_bin,data/processed/train/width_bin_train.csv,data/features/dinov3_vitb16_remaining_attributes_assets.csv,classification,dinov3_frozen_embeddings_hist_gradient_boosting,hist_gradient_boosting,GroupKFold,3,5,106637,standard (0.9-1.5m),standard (0.9-1.5m),True
width_bin,width_bin,data/processed/train/width_bin_train.csv,data/features/dinov3_vitb16_remaining_attributes_assets.csv,classification,dinov3_frozen_embeddings_hist_gradient_boosting,hist_gradient_boosting,GroupKFold,3,5,106920,standard (0.9-1.5m),standard (0.9-1.5m),True
width_bin,width_bin,data/processed/train/width_bin_train.csv,data/features/dinov3_vitb16_remaining_attributes_assets.csv,classification,dinov3_frozen_embeddings_hist_gradient_boosting,hist_gradient_boosting,GroupKFold,3,5,107068,standard (0.9-1.5m),standard (0.9-1.5m),True
width_bin,width_bin,data/processed/train/width_bin_train.csv,data/features/dinov3_vitb16_remaining_attributes_assets.csv,classification,dinov3_frozen_embeddings_hist_gradient_boosting,hist_gradient_boosting,GroupKFold,3,5,107295,standard (0.9-1.5m),standard (0.9-1.5m),True
width_bin,width_bin,data/processed/train/width_bin_train.csv,data/features/dinov3_vitb16_remaining_attributes_assets.csv,classification,dinov3_frozen_embeddings_hist_gradient_boosting,hist_gradient_boosting,GroupKFold,3,5,107908,narrow (<0.9m),standard (0.9-1.5m),False
width_bin,width_bin,data/processed/train/width_bin_train.csv,data/features/dinov3_vitb16_remaining_attributes_assets.csv,classification,dinov3_frozen_embeddings_hist_gradient_boosting,hist_gradient_boosting,GroupKFold,3,5,107961,standard (0.9-1.5m),standard (0.9-1.5m),True
width_bin,width_bin,data/processed/train/width_bin_train.csv,data/features/dinov3_vitb16_remaining_attributes_assets.csv,classification,dinov3_frozen_embeddings_hist_gradient_boosting,hist_gradient_boosting,GroupKFold,3,5,108040,standard (0.9-1.5m),standard (0.9-1.5m),True
width_bin,width_bin,data/processed/train/width_bin_train.csv,data/features/dinov3_vitb16_remaining_attributes_assets.csv,classification,dinov3_frozen_embeddings_hist_gradient_boosting,hist_gradient_boosting,GroupKFold,3,5,108380,standard (0.9-1.5m),standard (0.9-1.5m),True
width_bin,width_bin,data/processed/train/width_bin_train.csv,data/features/dinov3_vitb16_remaining_attributes_assets.csv,classification,dinov3_frozen_embeddings_hist_gradient_boosting,hist_gradient_boosting,GroupKFold,3,5,108730,narrow (<0.9m),wide (>1.5m),False
width_bin,width_bin,data/processed/train/width_bin_train.csv,data/features/dinov3_vitb16_remaining_attributes_assets.csv,classification,dinov3_frozen_embeddings_hist_gradient_boosting,hist_gradient_boosting,GroupKFold,3,5,108785,standard (0.9-1.5m),standard (0.9-1.5m),True
width_bin,width_bin,data/processed/train/width_bin_train.csv,data/features/dinov3_vitb16_remaining_attributes_assets.csv,classification,dinov3_frozen_embeddings_hist_gradient_boosting,hist_gradient_boosting,GroupKFold,3,5,109148,narrow (<0.9m),standard (0.9-1.5m),False
width_bin,width_bin,data/processed/train/width_bin_train.csv,data/features/dinov3_vitb16_remaining_attributes_assets.csv,classification,dinov3_frozen_embeddings_hist_gradient_boosting,hist_gradient_boosting,GroupKFold,3,5,109149,standard (0.9-1.5m),standard (0.9-1.5m),True
width_bin,width_bin,data/processed/train/width_bin_train.csv,data/features/dinov3_vitb16_remaining_attributes_assets.csv,classification,dinov3_frozen_embeddings_hist_gradient_boosting,hist_gradient_boosting,GroupKFold,3,5,109160,standard (0.9-1.5m),standard (0.9-1.5m),True
width_bin,width_bin,data/processed/train/width_bin_train.csv,data/features/dinov3_vitb16_remaining_attributes_assets.csv,classification,dinov3_frozen_embeddings_hist_gradient_boosting,hist_gradient_boosting,GroupKFold,3,5,109535,wide (>1.5m),narrow (<0.9m),False
width_bin,width_bin,data/processed/train/width_bin_train.csv,data/features/dinov3_vitb16_remaining_attributes_assets.csv,classification,dinov3_frozen_embeddings_hist_gradient_boosting,hist_gradient_boosting,GroupKFold,3,5,109537,wide (>1.5m),standard (0.9-1.5m),False
width_bin,width_bin,data/processed/train/width_bin_train.csv,data/features/dinov3_vitb16_remaining_attributes_assets.csv,classification,dinov3_frozen_embeddings_hist_gradient_boosting,hist_gradient_boosting,GroupKFold,3,5,109821,standard (0.9-1.5m),standard (0.9-1.5m),True
width_bin,width_bin,data/processed/train/width_bin_train.csv,data/features/dinov3_vitb16_remaining_attributes_assets.csv,classification,dinov3_frozen_embeddings_hist_gradient_boosting,hist_gradient_boosting,GroupKFold,3,5,110120,standard (0.9-1.5m),standard (0.9-1.5m),True
width_bin,width_bin,data/processed/train/width_bin_train.csv,data/features/dinov3_vitb16_remaining_attributes_assets.csv,classification,dinov3_frozen_embeddings_hist_gradient_boosting,hist_gradient_boosting,GroupKFold,3,5,110932,standard (0.9-1.5m),standard (0.9-1.5m),True
width_bin,width_bin,data/processed/train/width_bin_train.csv,data/features/dinov3_vitb16_remaining_attributes_assets.csv,classification,dinov3_frozen_embeddings_hist_gradient_boosting,hist_gradient_boosting,GroupKFold,3,5,110996,standard (0.9-1.5m),standard (0.9-1.5m),True
width_bin,width_bin,data/processed/train/width_bin_train.csv,data/features/dinov3_vitb16_remaining_attributes_assets.csv,classification,dinov3_frozen_embeddings_hist_gradient_boosting,hist_gradient_boosting,GroupKFold,3,5,111745,standard (0.9-1.5m),standard (0.9-1.5m),True
width_bin,width_bin,data/processed/train/width_bin_train.csv,data/features/dinov3_vitb16_remaining_attributes_assets.csv,classification,dinov3_frozen_embeddings_hist_gradient_boosting,hist_gradient_boosting,GroupKFold,3,5,112386,standard (0.9-1.5m),standard (0.9-1.5m),True
width_bin,width_bin,data/processed/train/width_bin_train.csv,data/features/dinov3_vitb16_remaining_attributes_assets.csv,classification,dinov3_frozen_embeddings_hist_gradient_boosting,hist_gradient_boosting,GroupKFold,3,5,112422,standard (0.9-1.5m),standard (0.9-1.5m),True
width_bin,width_bin,data/processed/train/width_bin_train.csv,data/features/dinov3_vitb16_remaining_attributes_assets.csv,classification,dinov3_frozen_embeddings_hist_gradient_boosting,hist_gradient_boosting,GroupKFold,3,5,112868,standard (0.9-1.5m),standard (0.9-1.5m),True
width_bin,width_bin,data/processed/train/width_bin_train.csv,data/features/dinov3_vitb16_remaining_attributes_assets.csv,classification,dinov3_frozen_embeddings_hist_gradient_boosting,hist_gradient_boosting,GroupKFold,3,5,113126,standard (0.9-1.5m),standard (0.9-1.5m),True
width_bin,width_bin,data/processed/train/width_bin_train.csv,data/features/dinov3_vitb16_remaining_attributes_assets.csv,classification,dinov3_frozen_embeddings_hist_gradient_boosting,hist_gradient_boosting,GroupKFold,3,5,113217,wide (>1.5m),standard (0.9-1.5m),False
width_bin,width_bin,data/processed/train/width_bin_train.csv,data/features/dinov3_vitb16_remaining_attributes_assets.csv,classification,dinov3_frozen_embeddings_hist_gradient_boosting,hist_gradient_boosting,GroupKFold,3,5,113800,narrow (<0.9m),narrow (<0.9m),True
width_bin,width_bin,data/processed/train/width_bin_train.csv,data/features/dinov3_vitb16_remaining_attributes_assets.csv,classification,dinov3_frozen_embeddings_hist_gradient_boosting,hist_gradient_boosting,GroupKFold,3,5,114085,standard (0.9-1.5m),standard (0.9-1.5m),True
width_bin,width_bin,data/processed/train/width_bin_train.csv,data/features/dinov3_vitb16_remaining_attributes_assets.csv,classification,dinov3_frozen_embeddings_hist_gradient_boosting,hist_gradient_boosting,GroupKFold,3,5,114947,wide (>1.5m),standard (0.9-1.5m),False
width_bin,width_bin,data/processed/train/width_bin_train.csv,data/features/dinov3_vitb16_remaining_attributes_assets.csv,classification,dinov3_frozen_embeddings_hist_gradient_boosting,hist_gradient_boosting,GroupKFold,3,5,114951,standard (0.9-1.5m),standard (0.9-1.5m),True
width_bin,width_bin,data/processed/train/width_bin_train.csv,data/features/dinov3_vitb16_remaining_attributes_assets.csv,classification,dinov3_frozen_embeddings_hist_gradient_boosting,hist_gradient_boosting,GroupKFold,3,5,114971,wide (>1.5m),narrow (<0.9m),False
width_bin,width_bin,data/processed/train/width_bin_train.csv,data/features/dinov3_vitb16_remaining_attributes_assets.csv,classification,dinov3_frozen_embeddings_hist_gradient_boosting,hist_gradient_boosting,GroupKFold,3,5,117192,standard (0.9-1.5m),standard (0.9-1.5m),True
width_bin,width_bin,data/processed/train/width_bin_train.csv,data/features/dinov3_vitb16_remaining_attributes_assets.csv,classification,dinov3_frozen_embeddings_hist_gradient_boosting,hist_gradient_boosting,GroupKFold,3,5,117197,standard (0.9-1.5m),standard (0.9-1.5m),True
width_bin,width_bin,data/processed/train/width_bin_train.csv,data/features/dinov3_vitb16_remaining_attributes_assets.csv,classification,dinov3_frozen_embeddings_hist_gradient_boosting,hist_gradient_boosting,GroupKFold,3,5,117200,standard (0.9-1.5m),standard (0.9-1.5m),True
width_bin,width_bin,data/processed/train/width_bin_train.csv,data/features/dinov3_vitb16_remaining_attributes_assets.csv,classification,dinov3_frozen_embeddings_hist_gradient_boosting,hist_gradient_boosting,GroupKFold,3,5,117220,standard (0.9-1.5m),standard (0.9-1.5m),True
width_bin,width_bin,data/processed/train/width_bin_train.csv,data/features/dinov3_vitb16_remaining_attributes_assets.csv,classification,dinov3_frozen_embeddings_hist_gradient_boosting,hist_gradient_boosting,GroupKFold,3,5,118248,standard (0.9-1.5m),standard (0.9-1.5m),True
width_bin,width_bin,data/processed/train/width_bin_train.csv,data/features/dinov3_vitb16_remaining_attributes_assets.csv,classification,dinov3_frozen_embeddings_hist_gradient_boosting,hist_gradient_boosting,GroupKFold,3,5,118750,wide (>1.5m),wide (>1.5m),True
width_bin,width_bin,data/processed/train/width_bin_train.csv,data/features/dinov3_vitb16_remaining_attributes_assets.csv,classification,dinov3_frozen_embeddings_hist_gradient_boosting,hist_gradient_boosting,GroupKFold,3,5,118878,wide (>1.5m),wide (>1.5m),True
width_bin,width_bin,data/processed/train/width_bin_train.csv,data/features/dinov3_vitb16_remaining_attributes_assets.csv,classification,dinov3_frozen_embeddings_hist_gradient_boosting,hist_gradient_boosting,GroupKFold,3,5,119863,wide (>1.5m),standard (0.9-1.5m),False
width_bin,width_bin,data/processed/train/width_bin_train.csv,data/features/dinov3_vitb16_remaining_attributes_assets.csv,classification,dinov3_frozen_embeddings_hist_gradient_boosting,hist_gradient_boosting,GroupKFold,3,5,119977,standard (0.9-1.5m),standard (0.9-1.5m),True
width_bin,width_bin,data/processed/train/width_bin_train.csv,data/features/dinov3_vitb16_remaining_attributes_assets.csv,classification,dinov3_frozen_embeddings_hist_gradient_boosting,hist_gradient_boosting,GroupKFold,3,5,120706,wide (>1.5m),standard (0.9-1.5m),False
width_bin,width_bin,data/processed/train/width_bin_train.csv,data/features/dinov3_vitb16_remaining_attributes_assets.csv,classification,dinov3_frozen_embeddings_hist_gradient_boosting,hist_gradient_boosting,GroupKFold,3,5,121618,standard (0.9-1.5m),standard (0.9-1.5m),True
width_bin,width_bin,data/processed/train/width_bin_train.csv,data/features/dinov3_vitb16_remaining_attributes_assets.csv,classification,dinov3_frozen_embeddings_hist_gradient_boosting,hist_gradient_boosting,GroupKFold,3,5,121755,narrow (<0.9m),standard (0.9-1.5m),False
width_bin,width_bin,data/processed/train/width_bin_train.csv,data/features/dinov3_vitb16_remaining_attributes_assets.csv,classification,dinov3_frozen_embeddings_hist_gradient_boosting,hist_gradient_boosting,GroupKFold,3,5,122441,standard (0.9-1.5m),standard (0.9-1.5m),True
width_bin,width_bin,data/processed/train/width_bin_train.csv,data/features/dinov3_vitb16_remaining_attributes_assets.csv,classification,dinov3_frozen_embeddings_hist_gradient_boosting,hist_gradient_boosting,GroupKFold,3,5,122981,standard (0.9-1.5m),standard (0.9-1.5m),True
width_bin,width_bin,data/processed/train/width_bin_train.csv,data/features/dinov3_vitb16_remaining_attributes_assets.csv,classification,dinov3_frozen_embeddings_hist_gradient_boosting,hist_gradient_boosting,GroupKFold,3,5,123161,wide (>1.5m),standard (0.9-1.5m),False
width_bin,width_bin,data/processed/train/width_bin_train.csv,data/features/dinov3_vitb16_remaining_attributes_assets.csv,classification,dinov3_frozen_embeddings_hist_gradient_boosting,hist_gradient_boosting,GroupKFold,3,5,123164,wide (>1.5m),wide (>1.5m),True
width_bin,width_bin,data/processed/train/width_bin_train.csv,data/features/dinov3_vitb16_remaining_attributes_assets.csv,classification,dinov3_frozen_embeddings_hist_gradient_boosting,hist_gradient_boosting,GroupKFold,3,5,123167,wide (>1.5m),standard (0.9-1.5m),False
width_bin,width_bin,data/processed/train/width_bin_train.csv,data/features/dinov3_vitb16_remaining_attributes_assets.csv,classification,dinov3_frozen_embeddings_hist_gradient_boosting,hist_gradient_boosting,GroupKFold,3,5,123219,wide (>1.5m),narrow (<0.9m),False
width_bin,width_bin,data/processed/train/width_bin_train.csv,data/features/dinov3_vitb16_remaining_attributes_assets.csv,classification,dinov3_frozen_embeddings_hist_gradient_boosting,hist_gradient_boosting,GroupKFold,3,5,126340,wide (>1.5m),standard (0.9-1.5m),False
width_bin,width_bin,data/processed/train/width_bin_train.csv,data/features/dinov3_vitb16_remaining_attributes_assets.csv,classification,dinov3_frozen_embeddings_hist_gradient_boosting,hist_gradient_boosting,GroupKFold,3,5,126737,narrow (<0.9m),standard (0.9-1.5m),False
width_bin,width_bin,data/processed/train/width_bin_train.csv,data/features/dinov3_vitb16_remaining_attributes_assets.csv,classification,dinov3_frozen_embeddings_hist_gradient_boosting,hist_gradient_boosting,GroupKFold,3,5,126798,standard (0.9-1.5m),standard (0.9-1.5m),True
width_bin,width_bin,data/processed/train/width_bin_train.csv,data/features/dinov3_vitb16_remaining_attributes_assets.csv,classification,dinov3_frozen_embeddings_hist_gradient_boosting,hist_gradient_boosting,GroupKFold,3,5,127136,wide (>1.5m),standard (0.9-1.5m),False
width_bin,width_bin,data/processed/train/width_bin_train.csv,data/features/dinov3_vitb16_remaining_attributes_assets.csv,classification,dinov3_frozen_embeddings_hist_gradient_boosting,hist_gradient_boosting,GroupKFold,3,5,127204,standard (0.9-1.5m),narrow (<0.9m),False
width_bin,width_bin,data/processed/train/width_bin_train.csv,data/features/dinov3_vitb16_remaining_attributes_assets.csv,classification,dinov3_frozen_embeddings_hist_gradient_boosting,hist_gradient_boosting,GroupKFold,3,5,127523,wide (>1.5m),standard (0.9-1.5m),False
width_bin,width_bin,data/processed/train/width_bin_train.csv,data/features/dinov3_vitb16_remaining_attributes_assets.csv,classification,dinov3_frozen_embeddings_hist_gradient_boosting,hist_gradient_boosting,GroupKFold,3,5,50824,narrow (<3m),standard (0.9-1.5m),False
width_bin,width_bin,data/processed/train/width_bin_train.csv,data/features/dinov3_vitb16_remaining_attributes_assets.csv,classification,dinov3_frozen_embeddings_hist_gradient_boosting,hist_gradient_boosting,GroupKFold,3,5,51530,medium (3-7m),standard (0.9-1.5m),False
width_bin,width_bin,data/processed/train/width_bin_train.csv,data/features/dinov3_vitb16_remaining_attributes_assets.csv,classification,dinov3_frozen_embeddings_hist_gradient_boosting,hist_gradient_boosting,GroupKFold,3,5,51548,medium (3-7m),standard (0.9-1.5m),False
width_bin,width_bin,data/processed/train/width_bin_train.csv,data/features/dinov3_vitb16_remaining_attributes_assets.csv,classification,dinov3_frozen_embeddings_hist_gradient_boosting,hist_gradient_boosting,GroupKFold,3,5,51864,medium (3-7m),medium (3-7m),True
width_bin,width_bin,data/processed/train/width_bin_train.csv,data/features/dinov3_vitb16_remaining_attributes_assets.csv,classification,dinov3_frozen_embeddings_hist_gradient_boosting,hist_gradient_boosting,GroupKFold,3,5,55656,narrow (<3m),medium (3-7m),False
width_bin,width_bin,data/processed/train/width_bin_train.csv,data/features/dinov3_vitb16_remaining_attributes_assets.csv,classification,dinov3_frozen_embeddings_hist_gradient_boosting,hist_gradient_boosting,GroupKFold,3,5,58829,medium (3-7m),medium (3-7m),True
width_bin,width_bin,data/processed/train/width_bin_train.csv,data/features/dinov3_vitb16_remaining_attributes_assets.csv,classification,dinov3_frozen_embeddings_hist_gradient_boosting,hist_gradient_boosting,GroupKFold,3,5,66056,medium (3-7m),medium (3-7m),True
width_bin,width_bin,data/processed/train/width_bin_train.csv,data/features/dinov3_vitb16_remaining_attributes_assets.csv,classification,dinov3_frozen_embeddings_hist_gradient_boosting,hist_gradient_boosting,GroupKFold,3,5,68016,medium (3-7m),narrow (<0.9m),False
width_bin,width_bin,data/processed/train/width_bin_train.csv,data/features/dinov3_vitb16_remaining_attributes_assets.csv,classification,dinov3_frozen_embeddings_hist_gradient_boosting,hist_gradient_boosting,GroupKFold,3,5,68017,medium (3-7m),medium (3-7m),True
width_bin,width_bin,data/processed/train/width_bin_train.csv,data/features/dinov3_vitb16_remaining_attributes_assets.csv,classification,dinov3_frozen_embeddings_hist_gradient_boosting,hist_gradient_boosting,GroupKFold,3,5,74944,medium (3-7m),wide (>1.5m),False
width_bin,width_bin,data/processed/train/width_bin_train.csv,data/features/dinov3_vitb16_remaining_attributes_assets.csv,classification,dinov3_frozen_embeddings_hist_gradient_boosting,hist_gradient_boosting,GroupKFold,3,5,85146,medium (3-7m),medium (3-7m),True
width_bin,width_bin,data/processed/train/width_bin_train.csv,data/features/dinov3_vitb16_remaining_attributes_assets.csv,classification,dinov3_frozen_embeddings_hist_gradient_boosting,hist_gradient_boosting,GroupKFold,3,5,112357,medium (3-7m),standard (0.9-1.5m),False
width_bin,width_bin,data/processed/train/width_bin_train.csv,data/features/dinov3_vitb16_remaining_attributes_assets.csv,classification,dinov3_frozen_embeddings_hist_gradient_boosting,hist_gradient_boosting,GroupKFold,4,5,48117,standard (0.9-1.5m),standard (0.9-1.5m),True
width_bin,width_bin,data/processed/train/width_bin_train.csv,data/features/dinov3_vitb16_remaining_attributes_assets.csv,classification,dinov3_frozen_embeddings_hist_gradient_boosting,hist_gradient_boosting,GroupKFold,4,5,52245,wide (>1.5m),standard (0.9-1.5m),False
width_bin,width_bin,data/processed/train/width_bin_train.csv,data/features/dinov3_vitb16_remaining_attributes_assets.csv,classification,dinov3_frozen_embeddings_hist_gradient_boosting,hist_gradient_boosting,GroupKFold,4,5,83898,narrow (<0.9m),narrow (<0.9m),True
width_bin,width_bin,data/processed/train/width_bin_train.csv,data/features/dinov3_vitb16_remaining_attributes_assets.csv,classification,dinov3_frozen_embeddings_hist_gradient_boosting,hist_gradient_boosting,GroupKFold,4,5,83458,wide (>1.5m),narrow (<0.9m),False
width_bin,width_bin,data/processed/train/width_bin_train.csv,data/features/dinov3_vitb16_remaining_attributes_assets.csv,classification,dinov3_frozen_embeddings_hist_gradient_boosting,hist_gradient_boosting,GroupKFold,4,5,85545,wide (>1.5m),standard (0.9-1.5m),False
width_bin,width_bin,data/processed/train/width_bin_train.csv,data/features/dinov3_vitb16_remaining_attributes_assets.csv,classification,dinov3_frozen_embeddings_hist_gradient_boosting,hist_gradient_boosting,GroupKFold,4,5,87534,narrow (<0.9m),standard (0.9-1.5m),False
width_bin,width_bin,data/processed/train/width_bin_train.csv,data/features/dinov3_vitb16_remaining_attributes_assets.csv,classification,dinov3_frozen_embeddings_hist_gradient_boosting,hist_gradient_boosting,GroupKFold,4,5,87575,standard (0.9-1.5m),standard (0.9-1.5m),True
width_bin,width_bin,data/processed/train/width_bin_train.csv,data/features/dinov3_vitb16_remaining_attributes_assets.csv,classification,dinov3_frozen_embeddings_hist_gradient_boosting,hist_gradient_boosting,GroupKFold,4,5,87554,narrow (<0.9m),narrow (<0.9m),True
width_bin,width_bin,data/processed/train/width_bin_train.csv,data/features/dinov3_vitb16_remaining_attributes_assets.csv,classification,dinov3_frozen_embeddings_hist_gradient_boosting,hist_gradient_boosting,GroupKFold,4,5,89574,standard (0.9-1.5m),standard (0.9-1.5m),True
width_bin,width_bin,data/processed/train/width_bin_train.csv,data/features/dinov3_vitb16_remaining_attributes_assets.csv,classification,dinov3_frozen_embeddings_hist_gradient_boosting,hist_gradient_boosting,GroupKFold,4,5,89579,standard (0.9-1.5m),narrow (<0.9m),False
width_bin,width_bin,data/processed/train/width_bin_train.csv,data/features/dinov3_vitb16_remaining_attributes_assets.csv,classification,dinov3_frozen_embeddings_hist_gradient_boosting,hist_gradient_boosting,GroupKFold,4,5,89600,standard (0.9-1.5m),standard (0.9-1.5m),True
width_bin,width_bin,data/processed/train/width_bin_train.csv,data/features/dinov3_vitb16_remaining_attributes_assets.csv,classification,dinov3_frozen_embeddings_hist_gradient_boosting,hist_gradient_boosting,GroupKFold,4,5,89705,standard (0.9-1.5m),standard (0.9-1.5m),True
width_bin,width_bin,data/processed/train/width_bin_train.csv,data/features/dinov3_vitb16_remaining_attributes_assets.csv,classification,dinov3_frozen_embeddings_hist_gradient_boosting,hist_gradient_boosting,GroupKFold,4,5,89714,standard (0.9-1.5m),standard (0.9-1.5m),True
width_bin,width_bin,data/processed/train/width_bin_train.csv,data/features/dinov3_vitb16_remaining_attributes_assets.csv,classification,dinov3_frozen_embeddings_hist_gradient_boosting,hist_gradient_boosting,GroupKFold,4,5,89715,standard (0.9-1.5m),narrow (<0.9m),False
width_bin,width_bin,data/processed/train/width_bin_train.csv,data/features/dinov3_vitb16_remaining_attributes_assets.csv,classification,dinov3_frozen_embeddings_hist_gradient_boosting,hist_gradient_boosting,GroupKFold,4,5,89728,standard (0.9-1.5m),standard (0.9-1.5m),True
width_bin,width_bin,data/processed/train/width_bin_train.csv,data/features/dinov3_vitb16_remaining_attributes_assets.csv,classification,dinov3_frozen_embeddings_hist_gradient_boosting,hist_gradient_boosting,GroupKFold,4,5,90322,narrow (<0.9m),standard (0.9-1.5m),False
width_bin,width_bin,data/processed/train/width_bin_train.csv,data/features/dinov3_vitb16_remaining_attributes_assets.csv,classification,dinov3_frozen_embeddings_hist_gradient_boosting,hist_gradient_boosting,GroupKFold,4,5,90327,standard (0.9-1.5m),standard (0.9-1.5m),True
width_bin,width_bin,data/processed/train/width_bin_train.csv,data/features/dinov3_vitb16_remaining_attributes_assets.csv,classification,dinov3_frozen_embeddings_hist_gradient_boosting,hist_gradient_boosting,GroupKFold,4,5,90333,standard (0.9-1.5m),standard (0.9-1.5m),True
width_bin,width_bin,data/processed/train/width_bin_train.csv,data/features/dinov3_vitb16_remaining_attributes_assets.csv,classification,dinov3_frozen_embeddings_hist_gradient_boosting,hist_gradient_boosting,GroupKFold,4,5,90352,standard (0.9-1.5m),standard (0.9-1.5m),True
width_bin,width_bin,data/processed/train/width_bin_train.csv,data/features/dinov3_vitb16_remaining_attributes_assets.csv,classification,dinov3_frozen_embeddings_hist_gradient_boosting,hist_gradient_boosting,GroupKFold,4,5,90367,standard (0.9-1.5m),standard (0.9-1.5m),True
width_bin,width_bin,data/processed/train/width_bin_train.csv,data/features/dinov3_vitb16_remaining_attributes_assets.csv,classification,dinov3_frozen_embeddings_hist_gradient_boosting,hist_gradient_boosting,GroupKFold,4,5,90368,standard (0.9-1.5m),standard (0.9-1.5m),True
width_bin,width_bin,data/processed/train/width_bin_train.csv,data/features/dinov3_vitb16_remaining_attributes_assets.csv,classification,dinov3_frozen_embeddings_hist_gradient_boosting,hist_gradient_boosting,GroupKFold,4,5,90379,standard (0.9-1.5m),narrow (<0.9m),False
width_bin,width_bin,data/processed/train/width_bin_train.csv,data/features/dinov3_vitb16_remaining_attributes_assets.csv,classification,dinov3_frozen_embeddings_hist_gradient_boosting,hist_gradient_boosting,GroupKFold,4,5,90382,standard (0.9-1.5m),standard (0.9-1.5m),True
width_bin,width_bin,data/processed/train/width_bin_train.csv,data/features/dinov3_vitb16_remaining_attributes_assets.csv,classification,dinov3_frozen_embeddings_hist_gradient_boosting,hist_gradient_boosting,GroupKFold,4,5,90387,standard (0.9-1.5m),standard (0.9-1.5m),True
width_bin,width_bin,data/processed/train/width_bin_train.csv,data/features/dinov3_vitb16_remaining_attributes_assets.csv,classification,dinov3_frozen_embeddings_hist_gradient_boosting,hist_gradient_boosting,GroupKFold,4,5,90398,standard (0.9-1.5m),standard (0.9-1.5m),True
width_bin,width_bin,data/processed/train/width_bin_train.csv,data/features/dinov3_vitb16_remaining_attributes_assets.csv,classification,dinov3_frozen_embeddings_hist_gradient_boosting,hist_gradient_boosting,GroupKFold,4,5,90488,standard (0.9-1.5m),standard (0.9-1.5m),True
width_bin,width_bin,data/processed/train/width_bin_train.csv,data/features/dinov3_vitb16_remaining_attributes_assets.csv,classification,dinov3_frozen_embeddings_hist_gradient_boosting,hist_gradient_boosting,GroupKFold,4,5,90506,standard (0.9-1.5m),standard (0.9-1.5m),True
width_bin,width_bin,data/processed/train/width_bin_train.csv,data/features/dinov3_vitb16_remaining_attributes_assets.csv,classification,dinov3_frozen_embeddings_hist_gradient_boosting,hist_gradient_boosting,GroupKFold,4,5,91578,standard (0.9-1.5m),standard (0.9-1.5m),True
width_bin,width_bin,data/processed/train/width_bin_train.csv,data/features/dinov3_vitb16_remaining_attributes_assets.csv,classification,dinov3_frozen_embeddings_hist_gradient_boosting,hist_gradient_boosting,GroupKFold,4,5,92006,narrow (<0.9m),narrow (<0.9m),True
width_bin,width_bin,data/processed/train/width_bin_train.csv,data/features/dinov3_vitb16_remaining_attributes_assets.csv,classification,dinov3_frozen_embeddings_hist_gradient_boosting,hist_gradient_boosting,GroupKFold,4,5,92009,narrow (<0.9m),narrow (<0.9m),True
width_bin,width_bin,data/processed/train/width_bin_train.csv,data/features/dinov3_vitb16_remaining_attributes_assets.csv,classification,dinov3_frozen_embeddings_hist_gradient_boosting,hist_gradient_boosting,GroupKFold,4,5,92017,narrow (<0.9m),narrow (<0.9m),True
width_bin,width_bin,data/processed/train/width_bin_train.csv,data/features/dinov3_vitb16_remaining_attributes_assets.csv,classification,dinov3_frozen_embeddings_hist_gradient_boosting,hist_gradient_boosting,GroupKFold,4,5,92027,narrow (<0.9m),narrow (<0.9m),True
width_bin,width_bin,data/processed/train/width_bin_train.csv,data/features/dinov3_vitb16_remaining_attributes_assets.csv,classification,dinov3_frozen_embeddings_hist_gradient_boosting,hist_gradient_boosting,GroupKFold,4,5,92028,narrow (<0.9m),narrow (<0.9m),True
width_bin,width_bin,data/processed/train/width_bin_train.csv,data/features/dinov3_vitb16_remaining_attributes_assets.csv,classification,dinov3_frozen_embeddings_hist_gradient_boosting,hist_gradient_boosting,GroupKFold,4,5,92031,narrow (<0.9m),narrow (<0.9m),True
width_bin,width_bin,data/processed/train/width_bin_train.csv,data/features/dinov3_vitb16_remaining_attributes_assets.csv,classification,dinov3_frozen_embeddings_hist_gradient_boosting,hist_gradient_boosting,GroupKFold,4,5,92035,narrow (<0.9m),standard (0.9-1.5m),False
width_bin,width_bin,data/processed/train/width_bin_train.csv,data/features/dinov3_vitb16_remaining_attributes_assets.csv,classification,dinov3_frozen_embeddings_hist_gradient_boosting,hist_gradient_boosting,GroupKFold,4,5,92041,narrow (<0.9m),narrow (<0.9m),True
width_bin,width_bin,data/processed/train/width_bin_train.csv,data/features/dinov3_vitb16_remaining_attributes_assets.csv,classification,dinov3_frozen_embeddings_hist_gradient_boosting,hist_gradient_boosting,GroupKFold,4,5,92070,standard (0.9-1.5m),standard (0.9-1.5m),True
width_bin,width_bin,data/processed/train/width_bin_train.csv,data/features/dinov3_vitb16_remaining_attributes_assets.csv,classification,dinov3_frozen_embeddings_hist_gradient_boosting,hist_gradient_boosting,GroupKFold,4,5,92072,standard (0.9-1.5m),standard (0.9-1.5m),True
width_bin,width_bin,data/processed/train/width_bin_train.csv,data/features/dinov3_vitb16_remaining_attributes_assets.csv,classification,dinov3_frozen_embeddings_hist_gradient_boosting,hist_gradient_boosting,GroupKFold,4,5,92083,standard (0.9-1.5m),standard (0.9-1.5m),True
width_bin,width_bin,data/processed/train/width_bin_train.csv,data/features/dinov3_vitb16_remaining_attributes_assets.csv,classification,dinov3_frozen_embeddings_hist_gradient_boosting,hist_gradient_boosting,GroupKFold,4,5,93039,standard (0.9-1.5m),standard (0.9-1.5m),True
width_bin,width_bin,data/processed/train/width_bin_train.csv,data/features/dinov3_vitb16_remaining_attributes_assets.csv,classification,dinov3_frozen_embeddings_hist_gradient_boosting,hist_gradient_boosting,GroupKFold,4,5,94267,narrow (<0.9m),narrow (<0.9m),True
width_bin,width_bin,data/processed/train/width_bin_train.csv,data/features/dinov3_vitb16_remaining_attributes_assets.csv,classification,dinov3_frozen_embeddings_hist_gradient_boosting,hist_gradient_boosting,GroupKFold,4,5,94275,narrow (<0.9m),narrow (<0.9m),True
width_bin,width_bin,data/processed/train/width_bin_train.csv,data/features/dinov3_vitb16_remaining_attributes_assets.csv,classification,dinov3_frozen_embeddings_hist_gradient_boosting,hist_gradient_boosting,GroupKFold,4,5,94281,narrow (<0.9m),narrow (<0.9m),True
width_bin,width_bin,data/processed/train/width_bin_train.csv,data/features/dinov3_vitb16_remaining_attributes_assets.csv,classification,dinov3_frozen_embeddings_hist_gradient_boosting,hist_gradient_boosting,GroupKFold,4,5,94283,narrow (<0.9m),narrow (<0.9m),True
width_bin,width_bin,data/processed/train/width_bin_train.csv,data/features/dinov3_vitb16_remaining_attributes_assets.csv,classification,dinov3_frozen_embeddings_hist_gradient_boosting,hist_gradient_boosting,GroupKFold,4,5,94294,narrow (<0.9m),narrow (<0.9m),True
width_bin,width_bin,data/processed/train/width_bin_train.csv,data/features/dinov3_vitb16_remaining_attributes_assets.csv,classification,dinov3_frozen_embeddings_hist_gradient_boosting,hist_gradient_boosting,GroupKFold,4,5,94300,narrow (<0.9m),narrow (<0.9m),True
width_bin,width_bin,data/processed/train/width_bin_train.csv,data/features/dinov3_vitb16_remaining_attributes_assets.csv,classification,dinov3_frozen_embeddings_hist_gradient_boosting,hist_gradient_boosting,GroupKFold,4,5,94326,narrow (<0.9m),narrow (<0.9m),True
width_bin,width_bin,data/processed/train/width_bin_train.csv,data/features/dinov3_vitb16_remaining_attributes_assets.csv,classification,dinov3_frozen_embeddings_hist_gradient_boosting,hist_gradient_boosting,GroupKFold,4,5,94350,narrow (<0.9m),narrow (<0.9m),True
width_bin,width_bin,data/processed/train/width_bin_train.csv,data/features/dinov3_vitb16_remaining_attributes_assets.csv,classification,dinov3_frozen_embeddings_hist_gradient_boosting,hist_gradient_boosting,GroupKFold,4,5,94358,narrow (<0.9m),narrow (<0.9m),True
width_bin,width_bin,data/processed/train/width_bin_train.csv,data/features/dinov3_vitb16_remaining_attributes_assets.csv,classification,dinov3_frozen_embeddings_hist_gradient_boosting,hist_gradient_boosting,GroupKFold,4,5,94361,narrow (<0.9m),narrow (<0.9m),True
width_bin,width_bin,data/processed/train/width_bin_train.csv,data/features/dinov3_vitb16_remaining_attributes_assets.csv,classification,dinov3_frozen_embeddings_hist_gradient_boosting,hist_gradient_boosting,GroupKFold,4,5,94383,narrow (<0.9m),narrow (<0.9m),True
width_bin,width_bin,data/processed/train/width_bin_train.csv,data/features/dinov3_vitb16_remaining_attributes_assets.csv,classification,dinov3_frozen_embeddings_hist_gradient_boosting,hist_gradient_boosting,GroupKFold,4,5,94385,narrow (<0.9m),narrow (<0.9m),True
width_bin,width_bin,data/processed/train/width_bin_train.csv,data/features/dinov3_vitb16_remaining_attributes_assets.csv,classification,dinov3_frozen_embeddings_hist_gradient_boosting,hist_gradient_boosting,GroupKFold,4,5,94387,narrow (<0.9m),narrow (<0.9m),True
width_bin,width_bin,data/processed/train/width_bin_train.csv,data/features/dinov3_vitb16_remaining_attributes_assets.csv,classification,dinov3_frozen_embeddings_hist_gradient_boosting,hist_gradient_boosting,GroupKFold,4,5,94388,narrow (<0.9m),narrow (<0.9m),True
width_bin,width_bin,data/processed/train/width_bin_train.csv,data/features/dinov3_vitb16_remaining_attributes_assets.csv,classification,dinov3_frozen_embeddings_hist_gradient_boosting,hist_gradient_boosting,GroupKFold,4,5,94389,narrow (<0.9m),narrow (<0.9m),True
width_bin,width_bin,data/processed/train/width_bin_train.csv,data/features/dinov3_vitb16_remaining_attributes_assets.csv,classification,dinov3_frozen_embeddings_hist_gradient_boosting,hist_gradient_boosting,GroupKFold,4,5,94390,narrow (<0.9m),narrow (<0.9m),True
width_bin,width_bin,data/processed/train/width_bin_train.csv,data/features/dinov3_vitb16_remaining_attributes_assets.csv,classification,dinov3_frozen_embeddings_hist_gradient_boosting,hist_gradient_boosting,GroupKFold,4,5,94395,narrow (<0.9m),narrow (<0.9m),True
width_bin,width_bin,data/processed/train/width_bin_train.csv,data/features/dinov3_vitb16_remaining_attributes_assets.csv,classification,dinov3_frozen_embeddings_hist_gradient_boosting,hist_gradient_boosting,GroupKFold,4,5,94407,narrow (<0.9m),narrow (<0.9m),True
width_bin,width_bin,data/processed/train/width_bin_train.csv,data/features/dinov3_vitb16_remaining_attributes_assets.csv,classification,dinov3_frozen_embeddings_hist_gradient_boosting,hist_gradient_boosting,GroupKFold,4,5,94411,narrow (<0.9m),narrow (<0.9m),True
width_bin,width_bin,data/processed/train/width_bin_train.csv,data/features/dinov3_vitb16_remaining_attributes_assets.csv,classification,dinov3_frozen_embeddings_hist_gradient_boosting,hist_gradient_boosting,GroupKFold,4,5,94416,narrow (<0.9m),narrow (<0.9m),True
width_bin,width_bin,data/processed/train/width_bin_train.csv,data/features/dinov3_vitb16_remaining_attributes_assets.csv,classification,dinov3_frozen_embeddings_hist_gradient_boosting,hist_gradient_boosting,GroupKFold,4,5,94780,wide (>1.5m),standard (0.9-1.5m),False
width_bin,width_bin,data/processed/train/width_bin_train.csv,data/features/dinov3_vitb16_remaining_attributes_assets.csv,classification,dinov3_frozen_embeddings_hist_gradient_boosting,hist_gradient_boosting,GroupKFold,4,5,100345,narrow (<0.9m),narrow (<0.9m),True
width_bin,width_bin,data/processed/train/width_bin_train.csv,data/features/dinov3_vitb16_remaining_attributes_assets.csv,classification,dinov3_frozen_embeddings_hist_gradient_boosting,hist_gradient_boosting,GroupKFold,4,5,100346,narrow (<0.9m),standard (0.9-1.5m),False
width_bin,width_bin,data/processed/train/width_bin_train.csv,data/features/dinov3_vitb16_remaining_attributes_assets.csv,classification,dinov3_frozen_embeddings_hist_gradient_boosting,hist_gradient_boosting,GroupKFold,4,5,102423,wide (>1.5m),standard (0.9-1.5m),False
width_bin,width_bin,data/processed/train/width_bin_train.csv,data/features/dinov3_vitb16_remaining_attributes_assets.csv,classification,dinov3_frozen_embeddings_hist_gradient_boosting,hist_gradient_boosting,GroupKFold,4,5,102440,standard (0.9-1.5m),standard (0.9-1.5m),True
width_bin,width_bin,data/processed/train/width_bin_train.csv,data/features/dinov3_vitb16_remaining_attributes_assets.csv,classification,dinov3_frozen_embeddings_hist_gradient_boosting,hist_gradient_boosting,GroupKFold,4,5,102973,standard (0.9-1.5m),standard (0.9-1.5m),True
width_bin,width_bin,data/processed/train/width_bin_train.csv,data/features/dinov3_vitb16_remaining_attributes_assets.csv,classification,dinov3_frozen_embeddings_hist_gradient_boosting,hist_gradient_boosting,GroupKFold,4,5,102974,standard (0.9-1.5m),standard (0.9-1.5m),True
width_bin,width_bin,data/processed/train/width_bin_train.csv,data/features/dinov3_vitb16_remaining_attributes_assets.csv,classification,dinov3_frozen_embeddings_hist_gradient_boosting,hist_gradient_boosting,GroupKFold,4,5,103622,standard (0.9-1.5m),standard (0.9-1.5m),True
width_bin,width_bin,data/processed/train/width_bin_train.csv,data/features/dinov3_vitb16_remaining_attributes_assets.csv,classification,dinov3_frozen_embeddings_hist_gradient_boosting,hist_gradient_boosting,GroupKFold,4,5,104081,standard (0.9-1.5m),standard (0.9-1.5m),True
width_bin,width_bin,data/processed/train/width_bin_train.csv,data/features/dinov3_vitb16_remaining_attributes_assets.csv,classification,dinov3_frozen_embeddings_hist_gradient_boosting,hist_gradient_boosting,GroupKFold,4,5,106401,narrow (<0.9m),standard (0.9-1.5m),False
width_bin,width_bin,data/processed/train/width_bin_train.csv,data/features/dinov3_vitb16_remaining_attributes_assets.csv,classification,dinov3_frozen_embeddings_hist_gradient_boosting,hist_gradient_boosting,GroupKFold,4,5,107051,standard (0.9-1.5m),standard (0.9-1.5m),True
width_bin,width_bin,data/processed/train/width_bin_train.csv,data/features/dinov3_vitb16_remaining_attributes_assets.csv,classification,dinov3_frozen_embeddings_hist_gradient_boosting,hist_gradient_boosting,GroupKFold,4,5,107082,wide (>1.5m),standard (0.9-1.5m),False
width_bin,width_bin,data/processed/train/width_bin_train.csv,data/features/dinov3_vitb16_remaining_attributes_assets.csv,classification,dinov3_frozen_embeddings_hist_gradient_boosting,hist_gradient_boosting,GroupKFold,4,5,107284,wide (>1.5m),standard (0.9-1.5m),False
width_bin,width_bin,data/processed/train/width_bin_train.csv,data/features/dinov3_vitb16_remaining_attributes_assets.csv,classification,dinov3_frozen_embeddings_hist_gradient_boosting,hist_gradient_boosting,GroupKFold,4,5,107317,standard (0.9-1.5m),standard (0.9-1.5m),True
width_bin,width_bin,data/processed/train/width_bin_train.csv,data/features/dinov3_vitb16_remaining_attributes_assets.csv,classification,dinov3_frozen_embeddings_hist_gradient_boosting,hist_gradient_boosting,GroupKFold,4,5,107364,standard (0.9-1.5m),standard (0.9-1.5m),True
width_bin,width_bin,data/processed/train/width_bin_train.csv,data/features/dinov3_vitb16_remaining_attributes_assets.csv,classification,dinov3_frozen_embeddings_hist_gradient_boosting,hist_gradient_boosting,GroupKFold,4,5,107370,standard (0.9-1.5m),narrow (<0.9m),False
width_bin,width_bin,data/processed/train/width_bin_train.csv,data/features/dinov3_vitb16_remaining_attributes_assets.csv,classification,dinov3_frozen_embeddings_hist_gradient_boosting,hist_gradient_boosting,GroupKFold,4,5,107582,standard (0.9-1.5m),standard (0.9-1.5m),True
width_bin,width_bin,data/processed/train/width_bin_train.csv,data/features/dinov3_vitb16_remaining_attributes_assets.csv,classification,dinov3_frozen_embeddings_hist_gradient_boosting,hist_gradient_boosting,GroupKFold,4,5,107867,standard (0.9-1.5m),standard (0.9-1.5m),True
width_bin,width_bin,data/processed/train/width_bin_train.csv,data/features/dinov3_vitb16_remaining_attributes_assets.csv,classification,dinov3_frozen_embeddings_hist_gradient_boosting,hist_gradient_boosting,GroupKFold,4,5,107872,standard (0.9-1.5m),standard (0.9-1.5m),True
width_bin,width_bin,data/processed/train/width_bin_train.csv,data/features/dinov3_vitb16_remaining_attributes_assets.csv,classification,dinov3_frozen_embeddings_hist_gradient_boosting,hist_gradient_boosting,GroupKFold,4,5,107891,standard (0.9-1.5m),standard (0.9-1.5m),True
width_bin,width_bin,data/processed/train/width_bin_train.csv,data/features/dinov3_vitb16_remaining_attributes_assets.csv,classification,dinov3_frozen_embeddings_hist_gradient_boosting,hist_gradient_boosting,GroupKFold,4,5,107901,standard (0.9-1.5m),standard (0.9-1.5m),True
width_bin,width_bin,data/processed/train/width_bin_train.csv,data/features/dinov3_vitb16_remaining_attributes_assets.csv,classification,dinov3_frozen_embeddings_hist_gradient_boosting,hist_gradient_boosting,GroupKFold,4,5,107920,standard (0.9-1.5m),narrow (<3m),False
width_bin,width_bin,data/processed/train/width_bin_train.csv,data/features/dinov3_vitb16_remaining_attributes_assets.csv,classification,dinov3_frozen_embeddings_hist_gradient_boosting,hist_gradient_boosting,GroupKFold,4,5,108008,standard (0.9-1.5m),standard (0.9-1.5m),True
width_bin,width_bin,data/processed/train/width_bin_train.csv,data/features/dinov3_vitb16_remaining_attributes_assets.csv,classification,dinov3_frozen_embeddings_hist_gradient_boosting,hist_gradient_boosting,GroupKFold,4,5,108014,standard (0.9-1.5m),standard (0.9-1.5m),True
width_bin,width_bin,data/processed/train/width_bin_train.csv,data/features/dinov3_vitb16_remaining_attributes_assets.csv,classification,dinov3_frozen_embeddings_hist_gradient_boosting,hist_gradient_boosting,GroupKFold,4,5,108034,standard (0.9-1.5m),standard (0.9-1.5m),True
width_bin,width_bin,data/processed/train/width_bin_train.csv,data/features/dinov3_vitb16_remaining_attributes_assets.csv,classification,dinov3_frozen_embeddings_hist_gradient_boosting,hist_gradient_boosting,GroupKFold,4,5,108041,standard (0.9-1.5m),standard (0.9-1.5m),True
width_bin,width_bin,data/processed/train/width_bin_train.csv,data/features/dinov3_vitb16_remaining_attributes_assets.csv,classification,dinov3_frozen_embeddings_hist_gradient_boosting,hist_gradient_boosting,GroupKFold,4,5,108292,standard (0.9-1.5m),standard (0.9-1.5m),True
width_bin,width_bin,data/processed/train/width_bin_train.csv,data/features/dinov3_vitb16_remaining_attributes_assets.csv,classification,dinov3_frozen_embeddings_hist_gradient_boosting,hist_gradient_boosting,GroupKFold,4,5,108299,standard (0.9-1.5m),standard (0.9-1.5m),True
width_bin,width_bin,data/processed/train/width_bin_train.csv,data/features/dinov3_vitb16_remaining_attributes_assets.csv,classification,dinov3_frozen_embeddings_hist_gradient_boosting,hist_gradient_boosting,GroupKFold,4,5,108333,standard (0.9-1.5m),standard (0.9-1.5m),True
width_bin,width_bin,data/processed/train/width_bin_train.csv,data/features/dinov3_vitb16_remaining_attributes_assets.csv,classification,dinov3_frozen_embeddings_hist_gradient_boosting,hist_gradient_boosting,GroupKFold,4,5,108339,standard (0.9-1.5m),standard (0.9-1.5m),True
width_bin,width_bin,data/processed/train/width_bin_train.csv,data/features/dinov3_vitb16_remaining_attributes_assets.csv,classification,dinov3_frozen_embeddings_hist_gradient_boosting,hist_gradient_boosting,GroupKFold,4,5,108341,standard (0.9-1.5m),standard (0.9-1.5m),True
width_bin,width_bin,data/processed/train/width_bin_train.csv,data/features/dinov3_vitb16_remaining_attributes_assets.csv,classification,dinov3_frozen_embeddings_hist_gradient_boosting,hist_gradient_boosting,GroupKFold,4,5,108654,standard (0.9-1.5m),standard (0.9-1.5m),True
width_bin,width_bin,data/processed/train/width_bin_train.csv,data/features/dinov3_vitb16_remaining_attributes_assets.csv,classification,dinov3_frozen_embeddings_hist_gradient_boosting,hist_gradient_boosting,GroupKFold,4,5,108656,narrow (<0.9m),standard (0.9-1.5m),False
width_bin,width_bin,data/processed/train/width_bin_train.csv,data/features/dinov3_vitb16_remaining_attributes_assets.csv,classification,dinov3_frozen_embeddings_hist_gradient_boosting,hist_gradient_boosting,GroupKFold,4,5,108667,wide (>1.5m),standard (0.9-1.5m),False
width_bin,width_bin,data/processed/train/width_bin_train.csv,data/features/dinov3_vitb16_remaining_attributes_assets.csv,classification,dinov3_frozen_embeddings_hist_gradient_boosting,hist_gradient_boosting,GroupKFold,4,5,108708,standard (0.9-1.5m),standard (0.9-1.5m),True
width_bin,width_bin,data/processed/train/width_bin_train.csv,data/features/dinov3_vitb16_remaining_attributes_assets.csv,classification,dinov3_frozen_embeddings_hist_gradient_boosting,hist_gradient_boosting,GroupKFold,4,5,108715,narrow (<0.9m),standard (0.9-1.5m),False
width_bin,width_bin,data/processed/train/width_bin_train.csv,data/features/dinov3_vitb16_remaining_attributes_assets.csv,classification,dinov3_frozen_embeddings_hist_gradient_boosting,hist_gradient_boosting,GroupKFold,4,5,108716,standard (0.9-1.5m),standard (0.9-1.5m),True
width_bin,width_bin,data/processed/train/width_bin_train.csv,data/features/dinov3_vitb16_remaining_attributes_assets.csv,classification,dinov3_frozen_embeddings_hist_gradient_boosting,hist_gradient_boosting,GroupKFold,4,5,108727,standard (0.9-1.5m),standard (0.9-1.5m),True
width_bin,width_bin,data/processed/train/width_bin_train.csv,data/features/dinov3_vitb16_remaining_attributes_assets.csv,classification,dinov3_frozen_embeddings_hist_gradient_boosting,hist_gradient_boosting,GroupKFold,4,5,108780,standard (0.9-1.5m),standard (0.9-1.5m),True
width_bin,width_bin,data/processed/train/width_bin_train.csv,data/features/dinov3_vitb16_remaining_attributes_assets.csv,classification,dinov3_frozen_embeddings_hist_gradient_boosting,hist_gradient_boosting,GroupKFold,4,5,108782,standard (0.9-1.5m),standard (0.9-1.5m),True
width_bin,width_bin,data/processed/train/width_bin_train.csv,data/features/dinov3_vitb16_remaining_attributes_assets.csv,classification,dinov3_frozen_embeddings_hist_gradient_boosting,hist_gradient_boosting,GroupKFold,4,5,108792,standard (0.9-1.5m),standard (0.9-1.5m),True
width_bin,width_bin,data/processed/train/width_bin_train.csv,data/features/dinov3_vitb16_remaining_attributes_assets.csv,classification,dinov3_frozen_embeddings_hist_gradient_boosting,hist_gradient_boosting,GroupKFold,4,5,108796,standard (0.9-1.5m),standard (0.9-1.5m),True
width_bin,width_bin,data/processed/train/width_bin_train.csv,data/features/dinov3_vitb16_remaining_attributes_assets.csv,classification,dinov3_frozen_embeddings_hist_gradient_boosting,hist_gradient_boosting,GroupKFold,4,5,109190,standard (0.9-1.5m),standard (0.9-1.5m),True
width_bin,width_bin,data/processed/train/width_bin_train.csv,data/features/dinov3_vitb16_remaining_attributes_assets.csv,classification,dinov3_frozen_embeddings_hist_gradient_boosting,hist_gradient_boosting,GroupKFold,4,5,109329,standard (0.9-1.5m),standard (0.9-1.5m),True
width_bin,width_bin,data/processed/train/width_bin_train.csv,data/features/dinov3_vitb16_remaining_attributes_assets.csv,classification,dinov3_frozen_embeddings_hist_gradient_boosting,hist_gradient_boosting,GroupKFold,4,5,109330,standard (0.9-1.5m),standard (0.9-1.5m),True
width_bin,width_bin,data/processed/train/width_bin_train.csv,data/features/dinov3_vitb16_remaining_attributes_assets.csv,classification,dinov3_frozen_embeddings_hist_gradient_boosting,hist_gradient_boosting,GroupKFold,4,5,109555,standard (0.9-1.5m),standard (0.9-1.5m),True
width_bin,width_bin,data/processed/train/width_bin_train.csv,data/features/dinov3_vitb16_remaining_attributes_assets.csv,classification,dinov3_frozen_embeddings_hist_gradient_boosting,hist_gradient_boosting,GroupKFold,4,5,109614,standard (0.9-1.5m),standard (0.9-1.5m),True
width_bin,width_bin,data/processed/train/width_bin_train.csv,data/features/dinov3_vitb16_remaining_attributes_assets.csv,classification,dinov3_frozen_embeddings_hist_gradient_boosting,hist_gradient_boosting,GroupKFold,4,5,109702,narrow (<0.9m),narrow (<0.9m),True
width_bin,width_bin,data/processed/train/width_bin_train.csv,data/features/dinov3_vitb16_remaining_attributes_assets.csv,classification,dinov3_frozen_embeddings_hist_gradient_boosting,hist_gradient_boosting,GroupKFold,4,5,110228,standard (0.9-1.5m),standard (0.9-1.5m),True
width_bin,width_bin,data/processed/train/width_bin_train.csv,data/features/dinov3_vitb16_remaining_attributes_assets.csv,classification,dinov3_frozen_embeddings_hist_gradient_boosting,hist_gradient_boosting,GroupKFold,4,5,110467,standard (0.9-1.5m),standard (0.9-1.5m),True
width_bin,width_bin,data/processed/train/width_bin_train.csv,data/features/dinov3_vitb16_remaining_attributes_assets.csv,classification,dinov3_frozen_embeddings_hist_gradient_boosting,hist_gradient_boosting,GroupKFold,4,5,110571,standard (0.9-1.5m),standard (0.9-1.5m),True
width_bin,width_bin,data/processed/train/width_bin_train.csv,data/features/dinov3_vitb16_remaining_attributes_assets.csv,classification,dinov3_frozen_embeddings_hist_gradient_boosting,hist_gradient_boosting,GroupKFold,4,5,110572,standard (0.9-1.5m),standard (0.9-1.5m),True
width_bin,width_bin,data/processed/train/width_bin_train.csv,data/features/dinov3_vitb16_remaining_attributes_assets.csv,classification,dinov3_frozen_embeddings_hist_gradient_boosting,hist_gradient_boosting,GroupKFold,4,5,110577,standard (0.9-1.5m),standard (0.9-1.5m),True
width_bin,width_bin,data/processed/train/width_bin_train.csv,data/features/dinov3_vitb16_remaining_attributes_assets.csv,classification,dinov3_frozen_embeddings_hist_gradient_boosting,hist_gradient_boosting,GroupKFold,4,5,110608,narrow (<0.9m),standard (0.9-1.5m),False
width_bin,width_bin,data/processed/train/width_bin_train.csv,data/features/dinov3_vitb16_remaining_attributes_assets.csv,classification,dinov3_frozen_embeddings_hist_gradient_boosting,hist_gradient_boosting,GroupKFold,4,5,110731,wide (>1.5m),wide (>1.5m),True
width_bin,width_bin,data/processed/train/width_bin_train.csv,data/features/dinov3_vitb16_remaining_attributes_assets.csv,classification,dinov3_frozen_embeddings_hist_gradient_boosting,hist_gradient_boosting,GroupKFold,4,5,110961,standard (0.9-1.5m),standard (0.9-1.5m),True
width_bin,width_bin,data/processed/train/width_bin_train.csv,data/features/dinov3_vitb16_remaining_attributes_assets.csv,classification,dinov3_frozen_embeddings_hist_gradient_boosting,hist_gradient_boosting,GroupKFold,4,5,110972,standard (0.9-1.5m),standard (0.9-1.5m),True
width_bin,width_bin,data/processed/train/width_bin_train.csv,data/features/dinov3_vitb16_remaining_attributes_assets.csv,classification,dinov3_frozen_embeddings_hist_gradient_boosting,hist_gradient_boosting,GroupKFold,4,5,110975,standard (0.9-1.5m),standard (0.9-1.5m),True
width_bin,width_bin,data/processed/train/width_bin_train.csv,data/features/dinov3_vitb16_remaining_attributes_assets.csv,classification,dinov3_frozen_embeddings_hist_gradient_boosting,hist_gradient_boosting,GroupKFold,4,5,110976,standard (0.9-1.5m),standard (0.9-1.5m),True
width_bin,width_bin,data/processed/train/width_bin_train.csv,data/features/dinov3_vitb16_remaining_attributes_assets.csv,classification,dinov3_frozen_embeddings_hist_gradient_boosting,hist_gradient_boosting,GroupKFold,4,5,111729,standard (0.9-1.5m),standard (0.9-1.5m),True
width_bin,width_bin,data/processed/train/width_bin_train.csv,data/features/dinov3_vitb16_remaining_attributes_assets.csv,classification,dinov3_frozen_embeddings_hist_gradient_boosting,hist_gradient_boosting,GroupKFold,4,5,111741,standard (0.9-1.5m),standard (0.9-1.5m),True
width_bin,width_bin,data/processed/train/width_bin_train.csv,data/features/dinov3_vitb16_remaining_attributes_assets.csv,classification,dinov3_frozen_embeddings_hist_gradient_boosting,hist_gradient_boosting,GroupKFold,4,5,111765,standard (0.9-1.5m),standard (0.9-1.5m),True
width_bin,width_bin,data/processed/train/width_bin_train.csv,data/features/dinov3_vitb16_remaining_attributes_assets.csv,classification,dinov3_frozen_embeddings_hist_gradient_boosting,hist_gradient_boosting,GroupKFold,4,5,111767,standard (0.9-1.5m),standard (0.9-1.5m),True
width_bin,width_bin,data/processed/train/width_bin_train.csv,data/features/dinov3_vitb16_remaining_attributes_assets.csv,classification,dinov3_frozen_embeddings_hist_gradient_boosting,hist_gradient_boosting,GroupKFold,4,5,111786,narrow (<0.9m),narrow (<0.9m),True
width_bin,width_bin,data/processed/train/width_bin_train.csv,data/features/dinov3_vitb16_remaining_attributes_assets.csv,classification,dinov3_frozen_embeddings_hist_gradient_boosting,hist_gradient_boosting,GroupKFold,4,5,111794,narrow (<0.9m),standard (0.9-1.5m),False
width_bin,width_bin,data/processed/train/width_bin_train.csv,data/features/dinov3_vitb16_remaining_attributes_assets.csv,classification,dinov3_frozen_embeddings_hist_gradient_boosting,hist_gradient_boosting,GroupKFold,4,5,111802,narrow (<0.9m),standard (0.9-1.5m),False
width_bin,width_bin,data/processed/train/width_bin_train.csv,data/features/dinov3_vitb16_remaining_attributes_assets.csv,classification,dinov3_frozen_embeddings_hist_gradient_boosting,hist_gradient_boosting,GroupKFold,4,5,111803,standard (0.9-1.5m),standard (0.9-1.5m),True
width_bin,width_bin,data/processed/train/width_bin_train.csv,data/features/dinov3_vitb16_remaining_attributes_assets.csv,classification,dinov3_frozen_embeddings_hist_gradient_boosting,hist_gradient_boosting,GroupKFold,4,5,111804,narrow (<0.9m),standard (0.9-1.5m),False
width_bin,width_bin,data/processed/train/width_bin_train.csv,data/features/dinov3_vitb16_remaining_attributes_assets.csv,classification,dinov3_frozen_embeddings_hist_gradient_boosting,hist_gradient_boosting,GroupKFold,4,5,111807,standard (0.9-1.5m),standard (0.9-1.5m),True
width_bin,width_bin,data/processed/train/width_bin_train.csv,data/features/dinov3_vitb16_remaining_attributes_assets.csv,classification,dinov3_frozen_embeddings_hist_gradient_boosting,hist_gradient_boosting,GroupKFold,4,5,111817,narrow (<0.9m),standard (0.9-1.5m),False
width_bin,width_bin,data/processed/train/width_bin_train.csv,data/features/dinov3_vitb16_remaining_attributes_assets.csv,classification,dinov3_frozen_embeddings_hist_gradient_boosting,hist_gradient_boosting,GroupKFold,4,5,111824,narrow (<0.9m),standard (0.9-1.5m),False
width_bin,width_bin,data/processed/train/width_bin_train.csv,data/features/dinov3_vitb16_remaining_attributes_assets.csv,classification,dinov3_frozen_embeddings_hist_gradient_boosting,hist_gradient_boosting,GroupKFold,4,5,113167,standard (0.9-1.5m),standard (0.9-1.5m),True
width_bin,width_bin,data/processed/train/width_bin_train.csv,data/features/dinov3_vitb16_remaining_attributes_assets.csv,classification,dinov3_frozen_embeddings_hist_gradient_boosting,hist_gradient_boosting,GroupKFold,4,5,114039,wide (>1.5m),wide (>1.5m),True
width_bin,width_bin,data/processed/train/width_bin_train.csv,data/features/dinov3_vitb16_remaining_attributes_assets.csv,classification,dinov3_frozen_embeddings_hist_gradient_boosting,hist_gradient_boosting,GroupKFold,4,5,114724,wide (>1.5m),standard (0.9-1.5m),False
width_bin,width_bin,data/processed/train/width_bin_train.csv,data/features/dinov3_vitb16_remaining_attributes_assets.csv,classification,dinov3_frozen_embeddings_hist_gradient_boosting,hist_gradient_boosting,GroupKFold,4,5,115447,standard (0.9-1.5m),standard (0.9-1.5m),True
width_bin,width_bin,data/processed/train/width_bin_train.csv,data/features/dinov3_vitb16_remaining_attributes_assets.csv,classification,dinov3_frozen_embeddings_hist_gradient_boosting,hist_gradient_boosting,GroupKFold,4,5,116203,standard (0.9-1.5m),standard (0.9-1.5m),True
width_bin,width_bin,data/processed/train/width_bin_train.csv,data/features/dinov3_vitb16_remaining_attributes_assets.csv,classification,dinov3_frozen_embeddings_hist_gradient_boosting,hist_gradient_boosting,GroupKFold,4,5,116769,wide (>1.5m),wide (>1.5m),True
width_bin,width_bin,data/processed/train/width_bin_train.csv,data/features/dinov3_vitb16_remaining_attributes_assets.csv,classification,dinov3_frozen_embeddings_hist_gradient_boosting,hist_gradient_boosting,GroupKFold,4,5,117218,wide (>1.5m),standard (0.9-1.5m),False
width_bin,width_bin,data/processed/train/width_bin_train.csv,data/features/dinov3_vitb16_remaining_attributes_assets.csv,classification,dinov3_frozen_embeddings_hist_gradient_boosting,hist_gradient_boosting,GroupKFold,4,5,117537,standard (0.9-1.5m),standard (0.9-1.5m),True
width_bin,width_bin,data/processed/train/width_bin_train.csv,data/features/dinov3_vitb16_remaining_attributes_assets.csv,classification,dinov3_frozen_embeddings_hist_gradient_boosting,hist_gradient_boosting,GroupKFold,4,5,117598,standard (0.9-1.5m),standard (0.9-1.5m),True
width_bin,width_bin,data/processed/train/width_bin_train.csv,data/features/dinov3_vitb16_remaining_attributes_assets.csv,classification,dinov3_frozen_embeddings_hist_gradient_boosting,hist_gradient_boosting,GroupKFold,4,5,118086,standard (0.9-1.5m),standard (0.9-1.5m),True
width_bin,width_bin,data/processed/train/width_bin_train.csv,data/features/dinov3_vitb16_remaining_attributes_assets.csv,classification,dinov3_frozen_embeddings_hist_gradient_boosting,hist_gradient_boosting,GroupKFold,4,5,118203,narrow (<0.9m),standard (0.9-1.5m),False
width_bin,width_bin,data/processed/train/width_bin_train.csv,data/features/dinov3_vitb16_remaining_attributes_assets.csv,classification,dinov3_frozen_embeddings_hist_gradient_boosting,hist_gradient_boosting,GroupKFold,4,5,120296,standard (0.9-1.5m),standard (0.9-1.5m),True
width_bin,width_bin,data/processed/train/width_bin_train.csv,data/features/dinov3_vitb16_remaining_attributes_assets.csv,classification,dinov3_frozen_embeddings_hist_gradient_boosting,hist_gradient_boosting,GroupKFold,4,5,120669,narrow (<0.9m),narrow (<0.9m),True
width_bin,width_bin,data/processed/train/width_bin_train.csv,data/features/dinov3_vitb16_remaining_attributes_assets.csv,classification,dinov3_frozen_embeddings_hist_gradient_boosting,hist_gradient_boosting,GroupKFold,4,5,120674,narrow (<0.9m),narrow (<0.9m),True
width_bin,width_bin,data/processed/train/width_bin_train.csv,data/features/dinov3_vitb16_remaining_attributes_assets.csv,classification,dinov3_frozen_embeddings_hist_gradient_boosting,hist_gradient_boosting,GroupKFold,4,5,120675,narrow (<0.9m),narrow (<0.9m),True
width_bin,width_bin,data/processed/train/width_bin_train.csv,data/features/dinov3_vitb16_remaining_attributes_assets.csv,classification,dinov3_frozen_embeddings_hist_gradient_boosting,hist_gradient_boosting,GroupKFold,4,5,92011,narrow (<0.9m),narrow (<0.9m),True
width_bin,width_bin,data/processed/train/width_bin_train.csv,data/features/dinov3_vitb16_remaining_attributes_assets.csv,classification,dinov3_frozen_embeddings_hist_gradient_boosting,hist_gradient_boosting,GroupKFold,4,5,92013,narrow (<0.9m),standard (0.9-1.5m),False
width_bin,width_bin,data/processed/train/width_bin_train.csv,data/features/dinov3_vitb16_remaining_attributes_assets.csv,classification,dinov3_frozen_embeddings_hist_gradient_boosting,hist_gradient_boosting,GroupKFold,4,5,120908,standard (0.9-1.5m),standard (0.9-1.5m),True
width_bin,width_bin,data/processed/train/width_bin_train.csv,data/features/dinov3_vitb16_remaining_attributes_assets.csv,classification,dinov3_frozen_embeddings_hist_gradient_boosting,hist_gradient_boosting,GroupKFold,4,5,121003,narrow (<0.9m),narrow (<0.9m),True
width_bin,width_bin,data/processed/train/width_bin_train.csv,data/features/dinov3_vitb16_remaining_attributes_assets.csv,classification,dinov3_frozen_embeddings_hist_gradient_boosting,hist_gradient_boosting,GroupKFold,4,5,121007,narrow (<0.9m),narrow (<0.9m),True
width_bin,width_bin,data/processed/train/width_bin_train.csv,data/features/dinov3_vitb16_remaining_attributes_assets.csv,classification,dinov3_frozen_embeddings_hist_gradient_boosting,hist_gradient_boosting,GroupKFold,4,5,121596,standard (0.9-1.5m),standard (0.9-1.5m),True
width_bin,width_bin,data/processed/train/width_bin_train.csv,data/features/dinov3_vitb16_remaining_attributes_assets.csv,classification,dinov3_frozen_embeddings_hist_gradient_boosting,hist_gradient_boosting,GroupKFold,4,5,121597,narrow (<0.9m),standard (0.9-1.5m),False
width_bin,width_bin,data/processed/train/width_bin_train.csv,data/features/dinov3_vitb16_remaining_attributes_assets.csv,classification,dinov3_frozen_embeddings_hist_gradient_boosting,hist_gradient_boosting,GroupKFold,4,5,121611,wide (>1.5m),standard (0.9-1.5m),False
width_bin,width_bin,data/processed/train/width_bin_train.csv,data/features/dinov3_vitb16_remaining_attributes_assets.csv,classification,dinov3_frozen_embeddings_hist_gradient_boosting,hist_gradient_boosting,GroupKFold,4,5,121673,wide (>1.5m),standard (0.9-1.5m),False
width_bin,width_bin,data/processed/train/width_bin_train.csv,data/features/dinov3_vitb16_remaining_attributes_assets.csv,classification,dinov3_frozen_embeddings_hist_gradient_boosting,hist_gradient_boosting,GroupKFold,4,5,121731,narrow (<0.9m),narrow (<0.9m),True
width_bin,width_bin,data/processed/train/width_bin_train.csv,data/features/dinov3_vitb16_remaining_attributes_assets.csv,classification,dinov3_frozen_embeddings_hist_gradient_boosting,hist_gradient_boosting,GroupKFold,4,5,121779,narrow (<0.9m),standard (0.9-1.5m),False
width_bin,width_bin,data/processed/train/width_bin_train.csv,data/features/dinov3_vitb16_remaining_attributes_assets.csv,classification,dinov3_frozen_embeddings_hist_gradient_boosting,hist_gradient_boosting,GroupKFold,4,5,121785,narrow (<0.9m),narrow (<0.9m),True
width_bin,width_bin,data/processed/train/width_bin_train.csv,data/features/dinov3_vitb16_remaining_attributes_assets.csv,classification,dinov3_frozen_embeddings_hist_gradient_boosting,hist_gradient_boosting,GroupKFold,4,5,121792,narrow (<0.9m),standard (0.9-1.5m),False
width_bin,width_bin,data/processed/train/width_bin_train.csv,data/features/dinov3_vitb16_remaining_attributes_assets.csv,classification,dinov3_frozen_embeddings_hist_gradient_boosting,hist_gradient_boosting,GroupKFold,4,5,122856,wide (>1.5m),standard (0.9-1.5m),False
width_bin,width_bin,data/processed/train/width_bin_train.csv,data/features/dinov3_vitb16_remaining_attributes_assets.csv,classification,dinov3_frozen_embeddings_hist_gradient_boosting,hist_gradient_boosting,GroupKFold,4,5,123258,wide (>1.5m),standard (0.9-1.5m),False
width_bin,width_bin,data/processed/train/width_bin_train.csv,data/features/dinov3_vitb16_remaining_attributes_assets.csv,classification,dinov3_frozen_embeddings_hist_gradient_boosting,hist_gradient_boosting,GroupKFold,4,5,126159,wide (>1.5m),standard (0.9-1.5m),False
width_bin,width_bin,data/processed/train/width_bin_train.csv,data/features/dinov3_vitb16_remaining_attributes_assets.csv,classification,dinov3_frozen_embeddings_hist_gradient_boosting,hist_gradient_boosting,GroupKFold,4,5,126697,standard (0.9-1.5m),standard (0.9-1.5m),True
width_bin,width_bin,data/processed/train/width_bin_train.csv,data/features/dinov3_vitb16_remaining_attributes_assets.csv,classification,dinov3_frozen_embeddings_hist_gradient_boosting,hist_gradient_boosting,GroupKFold,4,5,126704,standard (0.9-1.5m),standard (0.9-1.5m),True
width_bin,width_bin,data/processed/train/width_bin_train.csv,data/features/dinov3_vitb16_remaining_attributes_assets.csv,classification,dinov3_frozen_embeddings_hist_gradient_boosting,hist_gradient_boosting,GroupKFold,4,5,126800,wide (>1.5m),standard (0.9-1.5m),False
width_bin,width_bin,data/processed/train/width_bin_train.csv,data/features/dinov3_vitb16_remaining_attributes_assets.csv,classification,dinov3_frozen_embeddings_hist_gradient_boosting,hist_gradient_boosting,GroupKFold,4,5,126808,standard (0.9-1.5m),standard (0.9-1.5m),True
width_bin,width_bin,data/processed/train/width_bin_train.csv,data/features/dinov3_vitb16_remaining_attributes_assets.csv,classification,dinov3_frozen_embeddings_hist_gradient_boosting,hist_gradient_boosting,GroupKFold,4,5,126837,standard (0.9-1.5m),standard (0.9-1.5m),True
width_bin,width_bin,data/processed/train/width_bin_train.csv,data/features/dinov3_vitb16_remaining_attributes_assets.csv,classification,dinov3_frozen_embeddings_hist_gradient_boosting,hist_gradient_boosting,GroupKFold,4,5,127067,standard (0.9-1.5m),standard (0.9-1.5m),True
width_bin,width_bin,data/processed/train/width_bin_train.csv,data/features/dinov3_vitb16_remaining_attributes_assets.csv,classification,dinov3_frozen_embeddings_hist_gradient_boosting,hist_gradient_boosting,GroupKFold,4,5,127140,standard (0.9-1.5m),standard (0.9-1.5m),True
width_bin,width_bin,data/processed/train/width_bin_train.csv,data/features/dinov3_vitb16_remaining_attributes_assets.csv,classification,dinov3_frozen_embeddings_hist_gradient_boosting,hist_gradient_boosting,GroupKFold,4,5,127142,standard (0.9-1.5m),standard (0.9-1.5m),True
width_bin,width_bin,data/processed/train/width_bin_train.csv,data/features/dinov3_vitb16_remaining_attributes_assets.csv,classification,dinov3_frozen_embeddings_hist_gradient_boosting,hist_gradient_boosting,GroupKFold,4,5,127154,standard (0.9-1.5m),narrow (<0.9m),False
width_bin,width_bin,data/processed/train/width_bin_train.csv,data/features/dinov3_vitb16_remaining_attributes_assets.csv,classification,dinov3_frozen_embeddings_hist_gradient_boosting,hist_gradient_boosting,GroupKFold,4,5,127229,standard (0.9-1.5m),standard (0.9-1.5m),True
width_bin,width_bin,data/processed/train/width_bin_train.csv,data/features/dinov3_vitb16_remaining_attributes_assets.csv,classification,dinov3_frozen_embeddings_hist_gradient_boosting,hist_gradient_boosting,GroupKFold,4,5,128875,narrow (<0.9m),standard (0.9-1.5m),False
width_bin,width_bin,data/processed/train/width_bin_train.csv,data/features/dinov3_vitb16_remaining_attributes_assets.csv,classification,dinov3_frozen_embeddings_hist_gradient_boosting,hist_gradient_boosting,GroupKFold,4,5,128951,standard (0.9-1.5m),standard (0.9-1.5m),True
width_bin,width_bin,data/processed/train/width_bin_train.csv,data/features/dinov3_vitb16_remaining_attributes_assets.csv,classification,dinov3_frozen_embeddings_hist_gradient_boosting,hist_gradient_boosting,GroupKFold,4,5,129401,wide (>1.5m),wide (>1.5m),True
width_bin,width_bin,data/processed/train/width_bin_train.csv,data/features/dinov3_vitb16_remaining_attributes_assets.csv,classification,dinov3_frozen_embeddings_hist_gradient_boosting,hist_gradient_boosting,GroupKFold,4,5,129402,wide (>1.5m),wide (>1.5m),True
width_bin,width_bin,data/processed/train/width_bin_train.csv,data/features/dinov3_vitb16_remaining_attributes_assets.csv,classification,dinov3_frozen_embeddings_hist_gradient_boosting,hist_gradient_boosting,GroupKFold,4,5,90486,standard (0.9-1.5m),standard (0.9-1.5m),True
width_bin,width_bin,data/processed/train/width_bin_train.csv,data/features/dinov3_vitb16_remaining_attributes_assets.csv,classification,dinov3_frozen_embeddings_hist_gradient_boosting,hist_gradient_boosting,GroupKFold,4,5,100342,standard (0.9-1.5m),wide (>1.5m),False
width_bin,width_bin,data/processed/train/width_bin_train.csv,data/features/dinov3_vitb16_remaining_attributes_assets.csv,classification,dinov3_frozen_embeddings_hist_gradient_boosting,hist_gradient_boosting,GroupKFold,4,5,106916,wide (>1.5m),standard (0.9-1.5m),False
width_bin,width_bin,data/processed/train/width_bin_train.csv,data/features/dinov3_vitb16_remaining_attributes_assets.csv,classification,dinov3_frozen_embeddings_hist_gradient_boosting,hist_gradient_boosting,GroupKFold,4,5,107014,wide (>1.5m),wide (>1.5m),True
width_bin,width_bin,data/processed/train/width_bin_train.csv,data/features/dinov3_vitb16_remaining_attributes_assets.csv,classification,dinov3_frozen_embeddings_hist_gradient_boosting,hist_gradient_boosting,GroupKFold,4,5,109182,standard (0.9-1.5m),standard (0.9-1.5m),True
width_bin,width_bin,data/processed/train/width_bin_train.csv,data/features/dinov3_vitb16_remaining_attributes_assets.csv,classification,dinov3_frozen_embeddings_hist_gradient_boosting,hist_gradient_boosting,GroupKFold,4,5,109621,standard (0.9-1.5m),standard (0.9-1.5m),True
width_bin,width_bin,data/processed/train/width_bin_train.csv,data/features/dinov3_vitb16_remaining_attributes_assets.csv,classification,dinov3_frozen_embeddings_hist_gradient_boosting,hist_gradient_boosting,GroupKFold,4,5,114057,standard (0.9-1.5m),standard (0.9-1.5m),True
width_bin,width_bin,data/processed/train/width_bin_train.csv,data/features/dinov3_vitb16_remaining_attributes_assets.csv,classification,dinov3_frozen_embeddings_hist_gradient_boosting,hist_gradient_boosting,GroupKFold,4,5,114182,standard (0.9-1.5m),standard (0.9-1.5m),True
width_bin,width_bin,data/processed/train/width_bin_train.csv,data/features/dinov3_vitb16_remaining_attributes_assets.csv,classification,dinov3_frozen_embeddings_hist_gradient_boosting,hist_gradient_boosting,GroupKFold,4,5,114183,standard (0.9-1.5m),standard (0.9-1.5m),True
width_bin,width_bin,data/processed/train/width_bin_train.csv,data/features/dinov3_vitb16_remaining_attributes_assets.csv,classification,dinov3_frozen_embeddings_hist_gradient_boosting,hist_gradient_boosting,GroupKFold,4,5,114184,standard (0.9-1.5m),standard (0.9-1.5m),True
width_bin,width_bin,data/processed/train/width_bin_train.csv,data/features/dinov3_vitb16_remaining_attributes_assets.csv,classification,dinov3_frozen_embeddings_hist_gradient_boosting,hist_gradient_boosting,GroupKFold,4,5,114245,standard (0.9-1.5m),standard (0.9-1.5m),True
width_bin,width_bin,data/processed/train/width_bin_train.csv,data/features/dinov3_vitb16_remaining_attributes_assets.csv,classification,dinov3_frozen_embeddings_hist_gradient_boosting,hist_gradient_boosting,GroupKFold,4,5,129397,wide (>1.5m),wide (>1.5m),True
width_bin,width_bin,data/processed/train/width_bin_train.csv,data/features/dinov3_vitb16_remaining_attributes_assets.csv,classification,dinov3_frozen_embeddings_hist_gradient_boosting,hist_gradient_boosting,GroupKFold,4,5,120684,narrow (<0.9m),narrow (<0.9m),True
width_bin,width_bin,data/processed/train/width_bin_train.csv,data/features/dinov3_vitb16_remaining_attributes_assets.csv,classification,dinov3_frozen_embeddings_hist_gradient_boosting,hist_gradient_boosting,GroupKFold,4,5,46925,standard (0.9-1.5m),standard (0.9-1.5m),True
width_bin,width_bin,data/processed/train/width_bin_train.csv,data/features/dinov3_vitb16_remaining_attributes_assets.csv,classification,dinov3_frozen_embeddings_hist_gradient_boosting,hist_gradient_boosting,GroupKFold,4,5,46931,standard (0.9-1.5m),standard (0.9-1.5m),True
width_bin,width_bin,data/processed/train/width_bin_train.csv,data/features/dinov3_vitb16_remaining_attributes_assets.csv,classification,dinov3_frozen_embeddings_hist_gradient_boosting,hist_gradient_boosting,GroupKFold,4,5,47389,standard (0.9-1.5m),standard (0.9-1.5m),True
width_bin,width_bin,data/processed/train/width_bin_train.csv,data/features/dinov3_vitb16_remaining_attributes_assets.csv,classification,dinov3_frozen_embeddings_hist_gradient_boosting,hist_gradient_boosting,GroupKFold,4,5,47637,standard (0.9-1.5m),standard (0.9-1.5m),True
width_bin,width_bin,data/processed/train/width_bin_train.csv,data/features/dinov3_vitb16_remaining_attributes_assets.csv,classification,dinov3_frozen_embeddings_hist_gradient_boosting,hist_gradient_boosting,GroupKFold,4,5,48111,wide (>1.5m),wide (>1.5m),True
width_bin,width_bin,data/processed/train/width_bin_train.csv,data/features/dinov3_vitb16_remaining_attributes_assets.csv,classification,dinov3_frozen_embeddings_hist_gradient_boosting,hist_gradient_boosting,GroupKFold,4,5,48296,standard (0.9-1.5m),medium (3-7m),False
width_bin,width_bin,data/processed/train/width_bin_train.csv,data/features/dinov3_vitb16_remaining_attributes_assets.csv,classification,dinov3_frozen_embeddings_hist_gradient_boosting,hist_gradient_boosting,GroupKFold,4,5,48345,standard (0.9-1.5m),standard (0.9-1.5m),True
width_bin,width_bin,data/processed/train/width_bin_train.csv,data/features/dinov3_vitb16_remaining_attributes_assets.csv,classification,dinov3_frozen_embeddings_hist_gradient_boosting,hist_gradient_boosting,GroupKFold,4,5,48694,standard (0.9-1.5m),standard (0.9-1.5m),True
width_bin,width_bin,data/processed/train/width_bin_train.csv,data/features/dinov3_vitb16_remaining_attributes_assets.csv,classification,dinov3_frozen_embeddings_hist_gradient_boosting,hist_gradient_boosting,GroupKFold,4,5,48695,standard (0.9-1.5m),standard (0.9-1.5m),True
width_bin,width_bin,data/processed/train/width_bin_train.csv,data/features/dinov3_vitb16_remaining_attributes_assets.csv,classification,dinov3_frozen_embeddings_hist_gradient_boosting,hist_gradient_boosting,GroupKFold,4,5,48697,standard (0.9-1.5m),standard (0.9-1.5m),True
width_bin,width_bin,data/processed/train/width_bin_train.csv,data/features/dinov3_vitb16_remaining_attributes_assets.csv,classification,dinov3_frozen_embeddings_hist_gradient_boosting,hist_gradient_boosting,GroupKFold,4,5,49430,standard (0.9-1.5m),standard (0.9-1.5m),True
width_bin,width_bin,data/processed/train/width_bin_train.csv,data/features/dinov3_vitb16_remaining_attributes_assets.csv,classification,dinov3_frozen_embeddings_hist_gradient_boosting,hist_gradient_boosting,GroupKFold,4,5,49680,standard (0.9-1.5m),standard (0.9-1.5m),True
width_bin,width_bin,data/processed/train/width_bin_train.csv,data/features/dinov3_vitb16_remaining_attributes_assets.csv,classification,dinov3_frozen_embeddings_hist_gradient_boosting,hist_gradient_boosting,GroupKFold,4,5,50749,standard (0.9-1.5m),wide (>1.5m),False
width_bin,width_bin,data/processed/train/width_bin_train.csv,data/features/dinov3_vitb16_remaining_attributes_assets.csv,classification,dinov3_frozen_embeddings_hist_gradient_boosting,hist_gradient_boosting,GroupKFold,4,5,51214,standard (0.9-1.5m),standard (0.9-1.5m),True
width_bin,width_bin,data/processed/train/width_bin_train.csv,data/features/dinov3_vitb16_remaining_attributes_assets.csv,classification,dinov3_frozen_embeddings_hist_gradient_boosting,hist_gradient_boosting,GroupKFold,4,5,51533,standard (0.9-1.5m),standard (0.9-1.5m),True
width_bin,width_bin,data/processed/train/width_bin_train.csv,data/features/dinov3_vitb16_remaining_attributes_assets.csv,classification,dinov3_frozen_embeddings_hist_gradient_boosting,hist_gradient_boosting,GroupKFold,4,5,52551,standard (0.9-1.5m),wide (>1.5m),False
width_bin,width_bin,data/processed/train/width_bin_train.csv,data/features/dinov3_vitb16_remaining_attributes_assets.csv,classification,dinov3_frozen_embeddings_hist_gradient_boosting,hist_gradient_boosting,GroupKFold,4,5,52456,standard (0.9-1.5m),standard (0.9-1.5m),True
width_bin,width_bin,data/processed/train/width_bin_train.csv,data/features/dinov3_vitb16_remaining_attributes_assets.csv,classification,dinov3_frozen_embeddings_hist_gradient_boosting,hist_gradient_boosting,GroupKFold,4,5,55115,wide (>1.5m),wide (>1.5m),True
width_bin,width_bin,data/processed/train/width_bin_train.csv,data/features/dinov3_vitb16_remaining_attributes_assets.csv,classification,dinov3_frozen_embeddings_hist_gradient_boosting,hist_gradient_boosting,GroupKFold,4,5,55465,standard (0.9-1.5m),standard (0.9-1.5m),True
width_bin,width_bin,data/processed/train/width_bin_train.csv,data/features/dinov3_vitb16_remaining_attributes_assets.csv,classification,dinov3_frozen_embeddings_hist_gradient_boosting,hist_gradient_boosting,GroupKFold,4,5,55640,standard (0.9-1.5m),standard (0.9-1.5m),True
width_bin,width_bin,data/processed/train/width_bin_train.csv,data/features/dinov3_vitb16_remaining_attributes_assets.csv,classification,dinov3_frozen_embeddings_hist_gradient_boosting,hist_gradient_boosting,GroupKFold,4,5,55798,wide (>1.5m),standard (0.9-1.5m),False
width_bin,width_bin,data/processed/train/width_bin_train.csv,data/features/dinov3_vitb16_remaining_attributes_assets.csv,classification,dinov3_frozen_embeddings_hist_gradient_boosting,hist_gradient_boosting,GroupKFold,4,5,56858,standard (0.9-1.5m),wide (>1.5m),False
width_bin,width_bin,data/processed/train/width_bin_train.csv,data/features/dinov3_vitb16_remaining_attributes_assets.csv,classification,dinov3_frozen_embeddings_hist_gradient_boosting,hist_gradient_boosting,GroupKFold,4,5,57834,wide (>1.5m),wide (>1.5m),True
width_bin,width_bin,data/processed/train/width_bin_train.csv,data/features/dinov3_vitb16_remaining_attributes_assets.csv,classification,dinov3_frozen_embeddings_hist_gradient_boosting,hist_gradient_boosting,GroupKFold,4,5,57835,standard (0.9-1.5m),wide (>1.5m),False
width_bin,width_bin,data/processed/train/width_bin_train.csv,data/features/dinov3_vitb16_remaining_attributes_assets.csv,classification,dinov3_frozen_embeddings_hist_gradient_boosting,hist_gradient_boosting,GroupKFold,4,5,58162,standard (0.9-1.5m),wide (>1.5m),False
width_bin,width_bin,data/processed/train/width_bin_train.csv,data/features/dinov3_vitb16_remaining_attributes_assets.csv,classification,dinov3_frozen_embeddings_hist_gradient_boosting,hist_gradient_boosting,GroupKFold,4,5,58168,standard (0.9-1.5m),standard (0.9-1.5m),True
width_bin,width_bin,data/processed/train/width_bin_train.csv,data/features/dinov3_vitb16_remaining_attributes_assets.csv,classification,dinov3_frozen_embeddings_hist_gradient_boosting,hist_gradient_boosting,GroupKFold,4,5,58955,standard (0.9-1.5m),standard (0.9-1.5m),True
width_bin,width_bin,data/processed/train/width_bin_train.csv,data/features/dinov3_vitb16_remaining_attributes_assets.csv,classification,dinov3_frozen_embeddings_hist_gradient_boosting,hist_gradient_boosting,GroupKFold,4,5,58958,standard (0.9-1.5m),standard (0.9-1.5m),True
width_bin,width_bin,data/processed/train/width_bin_train.csv,data/features/dinov3_vitb16_remaining_attributes_assets.csv,classification,dinov3_frozen_embeddings_hist_gradient_boosting,hist_gradient_boosting,GroupKFold,4,5,60528,standard (0.9-1.5m),standard (0.9-1.5m),True
width_bin,width_bin,data/processed/train/width_bin_train.csv,data/features/dinov3_vitb16_remaining_attributes_assets.csv,classification,dinov3_frozen_embeddings_hist_gradient_boosting,hist_gradient_boosting,GroupKFold,4,5,60689,standard (0.9-1.5m),standard (0.9-1.5m),True
width_bin,width_bin,data/processed/train/width_bin_train.csv,data/features/dinov3_vitb16_remaining_attributes_assets.csv,classification,dinov3_frozen_embeddings_hist_gradient_boosting,hist_gradient_boosting,GroupKFold,4,5,60956,standard (0.9-1.5m),standard (0.9-1.5m),True
width_bin,width_bin,data/processed/train/width_bin_train.csv,data/features/dinov3_vitb16_remaining_attributes_assets.csv,classification,dinov3_frozen_embeddings_hist_gradient_boosting,hist_gradient_boosting,GroupKFold,4,5,61416,wide (>1.5m),wide (>1.5m),True
width_bin,width_bin,data/processed/train/width_bin_train.csv,data/features/dinov3_vitb16_remaining_attributes_assets.csv,classification,dinov3_frozen_embeddings_hist_gradient_boosting,hist_gradient_boosting,GroupKFold,4,5,63597,standard (0.9-1.5m),standard (0.9-1.5m),True
width_bin,width_bin,data/processed/train/width_bin_train.csv,data/features/dinov3_vitb16_remaining_attributes_assets.csv,classification,dinov3_frozen_embeddings_hist_gradient_boosting,hist_gradient_boosting,GroupKFold,4,5,64131,wide (>1.5m),wide (>1.5m),True
width_bin,width_bin,data/processed/train/width_bin_train.csv,data/features/dinov3_vitb16_remaining_attributes_assets.csv,classification,dinov3_frozen_embeddings_hist_gradient_boosting,hist_gradient_boosting,GroupKFold,4,5,65154,narrow (<0.9m),wide (>1.5m),False
width_bin,width_bin,data/processed/train/width_bin_train.csv,data/features/dinov3_vitb16_remaining_attributes_assets.csv,classification,dinov3_frozen_embeddings_hist_gradient_boosting,hist_gradient_boosting,GroupKFold,4,5,65788,standard (0.9-1.5m),standard (0.9-1.5m),True
width_bin,width_bin,data/processed/train/width_bin_train.csv,data/features/dinov3_vitb16_remaining_attributes_assets.csv,classification,dinov3_frozen_embeddings_hist_gradient_boosting,hist_gradient_boosting,GroupKFold,4,5,65790,standard (0.9-1.5m),standard (0.9-1.5m),True
width_bin,width_bin,data/processed/train/width_bin_train.csv,data/features/dinov3_vitb16_remaining_attributes_assets.csv,classification,dinov3_frozen_embeddings_hist_gradient_boosting,hist_gradient_boosting,GroupKFold,4,5,66207,standard (0.9-1.5m),standard (0.9-1.5m),True
width_bin,width_bin,data/processed/train/width_bin_train.csv,data/features/dinov3_vitb16_remaining_attributes_assets.csv,classification,dinov3_frozen_embeddings_hist_gradient_boosting,hist_gradient_boosting,GroupKFold,4,5,66915,standard (0.9-1.5m),wide (>1.5m),False
width_bin,width_bin,data/processed/train/width_bin_train.csv,data/features/dinov3_vitb16_remaining_attributes_assets.csv,classification,dinov3_frozen_embeddings_hist_gradient_boosting,hist_gradient_boosting,GroupKFold,4,5,85143,wide (>1.5m),standard (0.9-1.5m),False
width_bin,width_bin,data/processed/train/width_bin_train.csv,data/features/dinov3_vitb16_remaining_attributes_assets.csv,classification,dinov3_frozen_embeddings_hist_gradient_boosting,hist_gradient_boosting,GroupKFold,4,5,87188,standard (0.9-1.5m),standard (0.9-1.5m),True
width_bin,width_bin,data/processed/train/width_bin_train.csv,data/features/dinov3_vitb16_remaining_attributes_assets.csv,classification,dinov3_frozen_embeddings_hist_gradient_boosting,hist_gradient_boosting,GroupKFold,4,5,87832,wide (>1.5m),wide (>1.5m),True
width_bin,width_bin,data/processed/train/width_bin_train.csv,data/features/dinov3_vitb16_remaining_attributes_assets.csv,classification,dinov3_frozen_embeddings_hist_gradient_boosting,hist_gradient_boosting,GroupKFold,4,5,88740,standard (0.9-1.5m),standard (0.9-1.5m),True
width_bin,width_bin,data/processed/train/width_bin_train.csv,data/features/dinov3_vitb16_remaining_attributes_assets.csv,classification,dinov3_frozen_embeddings_hist_gradient_boosting,hist_gradient_boosting,GroupKFold,4,5,88741,standard (0.9-1.5m),standard (0.9-1.5m),True
width_bin,width_bin,data/processed/train/width_bin_train.csv,data/features/dinov3_vitb16_remaining_attributes_assets.csv,classification,dinov3_frozen_embeddings_hist_gradient_boosting,hist_gradient_boosting,GroupKFold,4,5,90408,standard (0.9-1.5m),narrow (<0.9m),False
width_bin,width_bin,data/processed/train/width_bin_train.csv,data/features/dinov3_vitb16_remaining_attributes_assets.csv,classification,dinov3_frozen_embeddings_hist_gradient_boosting,hist_gradient_boosting,GroupKFold,4,5,90539,narrow (<0.9m),wide (>1.5m),False
width_bin,width_bin,data/processed/train/width_bin_train.csv,data/features/dinov3_vitb16_remaining_attributes_assets.csv,classification,dinov3_frozen_embeddings_hist_gradient_boosting,hist_gradient_boosting,GroupKFold,4,5,92794,wide (>1.5m),standard (0.9-1.5m),False
width_bin,width_bin,data/processed/train/width_bin_train.csv,data/features/dinov3_vitb16_remaining_attributes_assets.csv,classification,dinov3_frozen_embeddings_hist_gradient_boosting,hist_gradient_boosting,GroupKFold,4,5,92801,standard (0.9-1.5m),standard (0.9-1.5m),True
width_bin,width_bin,data/processed/train/width_bin_train.csv,data/features/dinov3_vitb16_remaining_attributes_assets.csv,classification,dinov3_frozen_embeddings_hist_gradient_boosting,hist_gradient_boosting,GroupKFold,4,5,93038,standard (0.9-1.5m),standard (0.9-1.5m),True
width_bin,width_bin,data/processed/train/width_bin_train.csv,data/features/dinov3_vitb16_remaining_attributes_assets.csv,classification,dinov3_frozen_embeddings_hist_gradient_boosting,hist_gradient_boosting,GroupKFold,4,5,94144,standard (0.9-1.5m),standard (0.9-1.5m),True
width_bin,width_bin,data/processed/train/width_bin_train.csv,data/features/dinov3_vitb16_remaining_attributes_assets.csv,classification,dinov3_frozen_embeddings_hist_gradient_boosting,hist_gradient_boosting,GroupKFold,4,5,94779,wide (>1.5m),standard (0.9-1.5m),False
width_bin,width_bin,data/processed/train/width_bin_train.csv,data/features/dinov3_vitb16_remaining_attributes_assets.csv,classification,dinov3_frozen_embeddings_hist_gradient_boosting,hist_gradient_boosting,GroupKFold,4,5,96292,wide (>1.5m),standard (0.9-1.5m),False
width_bin,width_bin,data/processed/train/width_bin_train.csv,data/features/dinov3_vitb16_remaining_attributes_assets.csv,classification,dinov3_frozen_embeddings_hist_gradient_boosting,hist_gradient_boosting,GroupKFold,4,5,96293,standard (0.9-1.5m),standard (0.9-1.5m),True
width_bin,width_bin,data/processed/train/width_bin_train.csv,data/features/dinov3_vitb16_remaining_attributes_assets.csv,classification,dinov3_frozen_embeddings_hist_gradient_boosting,hist_gradient_boosting,GroupKFold,4,5,97816,wide (>1.5m),wide (>1.5m),True
width_bin,width_bin,data/processed/train/width_bin_train.csv,data/features/dinov3_vitb16_remaining_attributes_assets.csv,classification,dinov3_frozen_embeddings_hist_gradient_boosting,hist_gradient_boosting,GroupKFold,4,5,97817,standard (0.9-1.5m),wide (>1.5m),False
width_bin,width_bin,data/processed/train/width_bin_train.csv,data/features/dinov3_vitb16_remaining_attributes_assets.csv,classification,dinov3_frozen_embeddings_hist_gradient_boosting,hist_gradient_boosting,GroupKFold,4,5,99459,standard (0.9-1.5m),standard (0.9-1.5m),True
width_bin,width_bin,data/processed/train/width_bin_train.csv,data/features/dinov3_vitb16_remaining_attributes_assets.csv,classification,dinov3_frozen_embeddings_hist_gradient_boosting,hist_gradient_boosting,GroupKFold,4,5,100111,standard (0.9-1.5m),wide (>1.5m),False
width_bin,width_bin,data/processed/train/width_bin_train.csv,data/features/dinov3_vitb16_remaining_attributes_assets.csv,classification,dinov3_frozen_embeddings_hist_gradient_boosting,hist_gradient_boosting,GroupKFold,4,5,100253,wide (>1.5m),wide (>1.5m),True
width_bin,width_bin,data/processed/train/width_bin_train.csv,data/features/dinov3_vitb16_remaining_attributes_assets.csv,classification,dinov3_frozen_embeddings_hist_gradient_boosting,hist_gradient_boosting,GroupKFold,4,5,100267,wide (>1.5m),wide (>1.5m),True
width_bin,width_bin,data/processed/train/width_bin_train.csv,data/features/dinov3_vitb16_remaining_attributes_assets.csv,classification,dinov3_frozen_embeddings_hist_gradient_boosting,hist_gradient_boosting,GroupKFold,4,5,100270,wide (>1.5m),wide (>1.5m),True
width_bin,width_bin,data/processed/train/width_bin_train.csv,data/features/dinov3_vitb16_remaining_attributes_assets.csv,classification,dinov3_frozen_embeddings_hist_gradient_boosting,hist_gradient_boosting,GroupKFold,4,5,100313,wide (>1.5m),standard (0.9-1.5m),False
width_bin,width_bin,data/processed/train/width_bin_train.csv,data/features/dinov3_vitb16_remaining_attributes_assets.csv,classification,dinov3_frozen_embeddings_hist_gradient_boosting,hist_gradient_boosting,GroupKFold,4,5,100446,wide (>1.5m),wide (>1.5m),True
width_bin,width_bin,data/processed/train/width_bin_train.csv,data/features/dinov3_vitb16_remaining_attributes_assets.csv,classification,dinov3_frozen_embeddings_hist_gradient_boosting,hist_gradient_boosting,GroupKFold,4,5,100450,wide (>1.5m),wide (>1.5m),True
width_bin,width_bin,data/processed/train/width_bin_train.csv,data/features/dinov3_vitb16_remaining_attributes_assets.csv,classification,dinov3_frozen_embeddings_hist_gradient_boosting,hist_gradient_boosting,GroupKFold,4,5,100475,wide (>1.5m),wide (>1.5m),True
width_bin,width_bin,data/processed/train/width_bin_train.csv,data/features/dinov3_vitb16_remaining_attributes_assets.csv,classification,dinov3_frozen_embeddings_hist_gradient_boosting,hist_gradient_boosting,GroupKFold,4,5,100758,wide (>1.5m),standard (0.9-1.5m),False
width_bin,width_bin,data/processed/train/width_bin_train.csv,data/features/dinov3_vitb16_remaining_attributes_assets.csv,classification,dinov3_frozen_embeddings_hist_gradient_boosting,hist_gradient_boosting,GroupKFold,4,5,101129,wide (>1.5m),wide (>1.5m),True
width_bin,width_bin,data/processed/train/width_bin_train.csv,data/features/dinov3_vitb16_remaining_attributes_assets.csv,classification,dinov3_frozen_embeddings_hist_gradient_boosting,hist_gradient_boosting,GroupKFold,4,5,101831,standard (0.9-1.5m),standard (0.9-1.5m),True
width_bin,width_bin,data/processed/train/width_bin_train.csv,data/features/dinov3_vitb16_remaining_attributes_assets.csv,classification,dinov3_frozen_embeddings_hist_gradient_boosting,hist_gradient_boosting,GroupKFold,4,5,101890,wide (>1.5m),wide (>1.5m),True
width_bin,width_bin,data/processed/train/width_bin_train.csv,data/features/dinov3_vitb16_remaining_attributes_assets.csv,classification,dinov3_frozen_embeddings_hist_gradient_boosting,hist_gradient_boosting,GroupKFold,4,5,101988,standard (0.9-1.5m),standard (0.9-1.5m),True
width_bin,width_bin,data/processed/train/width_bin_train.csv,data/features/dinov3_vitb16_remaining_attributes_assets.csv,classification,dinov3_frozen_embeddings_hist_gradient_boosting,hist_gradient_boosting,GroupKFold,4,5,103526,standard (0.9-1.5m),standard (0.9-1.5m),True
width_bin,width_bin,data/processed/train/width_bin_train.csv,data/features/dinov3_vitb16_remaining_attributes_assets.csv,classification,dinov3_frozen_embeddings_hist_gradient_boosting,hist_gradient_boosting,GroupKFold,4,5,106036,narrow (<0.9m),narrow (<0.9m),True
width_bin,width_bin,data/processed/train/width_bin_train.csv,data/features/dinov3_vitb16_remaining_attributes_assets.csv,classification,dinov3_frozen_embeddings_hist_gradient_boosting,hist_gradient_boosting,GroupKFold,4,5,106636,standard (0.9-1.5m),standard (0.9-1.5m),True
width_bin,width_bin,data/processed/train/width_bin_train.csv,data/features/dinov3_vitb16_remaining_attributes_assets.csv,classification,dinov3_frozen_embeddings_hist_gradient_boosting,hist_gradient_boosting,GroupKFold,4,5,106922,standard (0.9-1.5m),standard (0.9-1.5m),True
width_bin,width_bin,data/processed/train/width_bin_train.csv,data/features/dinov3_vitb16_remaining_attributes_assets.csv,classification,dinov3_frozen_embeddings_hist_gradient_boosting,hist_gradient_boosting,GroupKFold,4,5,106925,standard (0.9-1.5m),standard (0.9-1.5m),True
width_bin,width_bin,data/processed/train/width_bin_train.csv,data/features/dinov3_vitb16_remaining_attributes_assets.csv,classification,dinov3_frozen_embeddings_hist_gradient_boosting,hist_gradient_boosting,GroupKFold,4,5,107058,standard (0.9-1.5m),standard (0.9-1.5m),True
width_bin,width_bin,data/processed/train/width_bin_train.csv,data/features/dinov3_vitb16_remaining_attributes_assets.csv,classification,dinov3_frozen_embeddings_hist_gradient_boosting,hist_gradient_boosting,GroupKFold,4,5,107291,standard (0.9-1.5m),standard (0.9-1.5m),True
width_bin,width_bin,data/processed/train/width_bin_train.csv,data/features/dinov3_vitb16_remaining_attributes_assets.csv,classification,dinov3_frozen_embeddings_hist_gradient_boosting,hist_gradient_boosting,GroupKFold,4,5,107897,standard (0.9-1.5m),standard (0.9-1.5m),True
width_bin,width_bin,data/processed/train/width_bin_train.csv,data/features/dinov3_vitb16_remaining_attributes_assets.csv,classification,dinov3_frozen_embeddings_hist_gradient_boosting,hist_gradient_boosting,GroupKFold,4,5,107911,standard (0.9-1.5m),standard (0.9-1.5m),True
width_bin,width_bin,data/processed/train/width_bin_train.csv,data/features/dinov3_vitb16_remaining_attributes_assets.csv,classification,dinov3_frozen_embeddings_hist_gradient_boosting,hist_gradient_boosting,GroupKFold,4,5,107922,standard (0.9-1.5m),standard (0.9-1.5m),True
width_bin,width_bin,data/processed/train/width_bin_train.csv,data/features/dinov3_vitb16_remaining_attributes_assets.csv,classification,dinov3_frozen_embeddings_hist_gradient_boosting,hist_gradient_boosting,GroupKFold,4,5,107973,standard (0.9-1.5m),standard (0.9-1.5m),True
width_bin,width_bin,data/processed/train/width_bin_train.csv,data/features/dinov3_vitb16_remaining_attributes_assets.csv,classification,dinov3_frozen_embeddings_hist_gradient_boosting,hist_gradient_boosting,GroupKFold,4,5,108019,standard (0.9-1.5m),standard (0.9-1.5m),True
width_bin,width_bin,data/processed/train/width_bin_train.csv,data/features/dinov3_vitb16_remaining_attributes_assets.csv,classification,dinov3_frozen_embeddings_hist_gradient_boosting,hist_gradient_boosting,GroupKFold,4,5,108037,standard (0.9-1.5m),standard (0.9-1.5m),True
width_bin,width_bin,data/processed/train/width_bin_train.csv,data/features/dinov3_vitb16_remaining_attributes_assets.csv,classification,dinov3_frozen_embeddings_hist_gradient_boosting,hist_gradient_boosting,GroupKFold,4,5,108740,wide (>1.5m),standard (0.9-1.5m),False
width_bin,width_bin,data/processed/train/width_bin_train.csv,data/features/dinov3_vitb16_remaining_attributes_assets.csv,classification,dinov3_frozen_embeddings_hist_gradient_boosting,hist_gradient_boosting,GroupKFold,4,5,108781,standard (0.9-1.5m),standard (0.9-1.5m),True
width_bin,width_bin,data/processed/train/width_bin_train.csv,data/features/dinov3_vitb16_remaining_attributes_assets.csv,classification,dinov3_frozen_embeddings_hist_gradient_boosting,hist_gradient_boosting,GroupKFold,4,5,109169,standard (0.9-1.5m),standard (0.9-1.5m),True
width_bin,width_bin,data/processed/train/width_bin_train.csv,data/features/dinov3_vitb16_remaining_attributes_assets.csv,classification,dinov3_frozen_embeddings_hist_gradient_boosting,hist_gradient_boosting,GroupKFold,4,5,109170,standard (0.9-1.5m),standard (0.9-1.5m),True
width_bin,width_bin,data/processed/train/width_bin_train.csv,data/features/dinov3_vitb16_remaining_attributes_assets.csv,classification,dinov3_frozen_embeddings_hist_gradient_boosting,hist_gradient_boosting,GroupKFold,4,5,109536,wide (>1.5m),wide (>1.5m),True
width_bin,width_bin,data/processed/train/width_bin_train.csv,data/features/dinov3_vitb16_remaining_attributes_assets.csv,classification,dinov3_frozen_embeddings_hist_gradient_boosting,hist_gradient_boosting,GroupKFold,4,5,109727,wide (>1.5m),standard (0.9-1.5m),False
width_bin,width_bin,data/processed/train/width_bin_train.csv,data/features/dinov3_vitb16_remaining_attributes_assets.csv,classification,dinov3_frozen_embeddings_hist_gradient_boosting,hist_gradient_boosting,GroupKFold,4,5,110131,standard (0.9-1.5m),standard (0.9-1.5m),True
width_bin,width_bin,data/processed/train/width_bin_train.csv,data/features/dinov3_vitb16_remaining_attributes_assets.csv,classification,dinov3_frozen_embeddings_hist_gradient_boosting,hist_gradient_boosting,GroupKFold,4,5,110164,standard (0.9-1.5m),standard (0.9-1.5m),True
width_bin,width_bin,data/processed/train/width_bin_train.csv,data/features/dinov3_vitb16_remaining_attributes_assets.csv,classification,dinov3_frozen_embeddings_hist_gradient_boosting,hist_gradient_boosting,GroupKFold,4,5,110299,standard (0.9-1.5m),standard (0.9-1.5m),True
width_bin,width_bin,data/processed/train/width_bin_train.csv,data/features/dinov3_vitb16_remaining_attributes_assets.csv,classification,dinov3_frozen_embeddings_hist_gradient_boosting,hist_gradient_boosting,GroupKFold,4,5,110356,standard (0.9-1.5m),standard (0.9-1.5m),True
width_bin,width_bin,data/processed/train/width_bin_train.csv,data/features/dinov3_vitb16_remaining_attributes_assets.csv,classification,dinov3_frozen_embeddings_hist_gradient_boosting,hist_gradient_boosting,GroupKFold,4,5,111648,narrow (<0.9m),standard (0.9-1.5m),False
width_bin,width_bin,data/processed/train/width_bin_train.csv,data/features/dinov3_vitb16_remaining_attributes_assets.csv,classification,dinov3_frozen_embeddings_hist_gradient_boosting,hist_gradient_boosting,GroupKFold,4,5,112407,standard (0.9-1.5m),standard (0.9-1.5m),True
width_bin,width_bin,data/processed/train/width_bin_train.csv,data/features/dinov3_vitb16_remaining_attributes_assets.csv,classification,dinov3_frozen_embeddings_hist_gradient_boosting,hist_gradient_boosting,GroupKFold,4,5,112834,standard (0.9-1.5m),wide (>1.5m),False
width_bin,width_bin,data/processed/train/width_bin_train.csv,data/features/dinov3_vitb16_remaining_attributes_assets.csv,classification,dinov3_frozen_embeddings_hist_gradient_boosting,hist_gradient_boosting,GroupKFold,4,5,113244,wide (>1.5m),wide (>1.5m),True
width_bin,width_bin,data/processed/train/width_bin_train.csv,data/features/dinov3_vitb16_remaining_attributes_assets.csv,classification,dinov3_frozen_embeddings_hist_gradient_boosting,hist_gradient_boosting,GroupKFold,4,5,113803,wide (>1.5m),standard (0.9-1.5m),False
width_bin,width_bin,data/processed/train/width_bin_train.csv,data/features/dinov3_vitb16_remaining_attributes_assets.csv,classification,dinov3_frozen_embeddings_hist_gradient_boosting,hist_gradient_boosting,GroupKFold,4,5,113805,wide (>1.5m),standard (0.9-1.5m),False
width_bin,width_bin,data/processed/train/width_bin_train.csv,data/features/dinov3_vitb16_remaining_attributes_assets.csv,classification,dinov3_frozen_embeddings_hist_gradient_boosting,hist_gradient_boosting,GroupKFold,4,5,114014,standard (0.9-1.5m),standard (0.9-1.5m),True
width_bin,width_bin,data/processed/train/width_bin_train.csv,data/features/dinov3_vitb16_remaining_attributes_assets.csv,classification,dinov3_frozen_embeddings_hist_gradient_boosting,hist_gradient_boosting,GroupKFold,4,5,114815,narrow (<0.9m),standard (0.9-1.5m),False
width_bin,width_bin,data/processed/train/width_bin_train.csv,data/features/dinov3_vitb16_remaining_attributes_assets.csv,classification,dinov3_frozen_embeddings_hist_gradient_boosting,hist_gradient_boosting,GroupKFold,4,5,114940,wide (>1.5m),wide (>1.5m),True
width_bin,width_bin,data/processed/train/width_bin_train.csv,data/features/dinov3_vitb16_remaining_attributes_assets.csv,classification,dinov3_frozen_embeddings_hist_gradient_boosting,hist_gradient_boosting,GroupKFold,4,5,114959,wide (>1.5m),wide (>1.5m),True
width_bin,width_bin,data/processed/train/width_bin_train.csv,data/features/dinov3_vitb16_remaining_attributes_assets.csv,classification,dinov3_frozen_embeddings_hist_gradient_boosting,hist_gradient_boosting,GroupKFold,4,5,115261,narrow (<0.9m),wide (>1.5m),False
width_bin,width_bin,data/processed/train/width_bin_train.csv,data/features/dinov3_vitb16_remaining_attributes_assets.csv,classification,dinov3_frozen_embeddings_hist_gradient_boosting,hist_gradient_boosting,GroupKFold,4,5,115806,wide (>1.5m),standard (0.9-1.5m),False
width_bin,width_bin,data/processed/train/width_bin_train.csv,data/features/dinov3_vitb16_remaining_attributes_assets.csv,classification,dinov3_frozen_embeddings_hist_gradient_boosting,hist_gradient_boosting,GroupKFold,4,5,115809,wide (>1.5m),standard (0.9-1.5m),False
width_bin,width_bin,data/processed/train/width_bin_train.csv,data/features/dinov3_vitb16_remaining_attributes_assets.csv,classification,dinov3_frozen_embeddings_hist_gradient_boosting,hist_gradient_boosting,GroupKFold,4,5,116737,wide (>1.5m),wide (>1.5m),True
width_bin,width_bin,data/processed/train/width_bin_train.csv,data/features/dinov3_vitb16_remaining_attributes_assets.csv,classification,dinov3_frozen_embeddings_hist_gradient_boosting,hist_gradient_boosting,GroupKFold,4,5,116854,standard (0.9-1.5m),standard (0.9-1.5m),True
width_bin,width_bin,data/processed/train/width_bin_train.csv,data/features/dinov3_vitb16_remaining_attributes_assets.csv,classification,dinov3_frozen_embeddings_hist_gradient_boosting,hist_gradient_boosting,GroupKFold,4,5,117215,standard (0.9-1.5m),standard (0.9-1.5m),True
width_bin,width_bin,data/processed/train/width_bin_train.csv,data/features/dinov3_vitb16_remaining_attributes_assets.csv,classification,dinov3_frozen_embeddings_hist_gradient_boosting,hist_gradient_boosting,GroupKFold,4,5,117222,standard (0.9-1.5m),standard (0.9-1.5m),True
width_bin,width_bin,data/processed/train/width_bin_train.csv,data/features/dinov3_vitb16_remaining_attributes_assets.csv,classification,dinov3_frozen_embeddings_hist_gradient_boosting,hist_gradient_boosting,GroupKFold,4,5,118143,narrow (<0.9m),standard (0.9-1.5m),False
width_bin,width_bin,data/processed/train/width_bin_train.csv,data/features/dinov3_vitb16_remaining_attributes_assets.csv,classification,dinov3_frozen_embeddings_hist_gradient_boosting,hist_gradient_boosting,GroupKFold,4,5,118758,narrow (<0.9m),standard (0.9-1.5m),False
width_bin,width_bin,data/processed/train/width_bin_train.csv,data/features/dinov3_vitb16_remaining_attributes_assets.csv,classification,dinov3_frozen_embeddings_hist_gradient_boosting,hist_gradient_boosting,GroupKFold,4,5,119099,standard (0.9-1.5m),medium (3-7m),False
width_bin,width_bin,data/processed/train/width_bin_train.csv,data/features/dinov3_vitb16_remaining_attributes_assets.csv,classification,dinov3_frozen_embeddings_hist_gradient_boosting,hist_gradient_boosting,GroupKFold,4,5,119811,wide (>1.5m),standard (0.9-1.5m),False
width_bin,width_bin,data/processed/train/width_bin_train.csv,data/features/dinov3_vitb16_remaining_attributes_assets.csv,classification,dinov3_frozen_embeddings_hist_gradient_boosting,hist_gradient_boosting,GroupKFold,4,5,120686,narrow (<0.9m),standard (0.9-1.5m),False
width_bin,width_bin,data/processed/train/width_bin_train.csv,data/features/dinov3_vitb16_remaining_attributes_assets.csv,classification,dinov3_frozen_embeddings_hist_gradient_boosting,hist_gradient_boosting,GroupKFold,4,5,121649,wide (>1.5m),standard (0.9-1.5m),False
width_bin,width_bin,data/processed/train/width_bin_train.csv,data/features/dinov3_vitb16_remaining_attributes_assets.csv,classification,dinov3_frozen_embeddings_hist_gradient_boosting,hist_gradient_boosting,GroupKFold,4,5,121696,wide (>1.5m),standard (0.9-1.5m),False
width_bin,width_bin,data/processed/train/width_bin_train.csv,data/features/dinov3_vitb16_remaining_attributes_assets.csv,classification,dinov3_frozen_embeddings_hist_gradient_boosting,hist_gradient_boosting,GroupKFold,4,5,122180,standard (0.9-1.5m),standard (0.9-1.5m),True
width_bin,width_bin,data/processed/train/width_bin_train.csv,data/features/dinov3_vitb16_remaining_attributes_assets.csv,classification,dinov3_frozen_embeddings_hist_gradient_boosting,hist_gradient_boosting,GroupKFold,4,5,122439,narrow (<0.9m),standard (0.9-1.5m),False
width_bin,width_bin,data/processed/train/width_bin_train.csv,data/features/dinov3_vitb16_remaining_attributes_assets.csv,classification,dinov3_frozen_embeddings_hist_gradient_boosting,hist_gradient_boosting,GroupKFold,4,5,122980,standard (0.9-1.5m),standard (0.9-1.5m),True
width_bin,width_bin,data/processed/train/width_bin_train.csv,data/features/dinov3_vitb16_remaining_attributes_assets.csv,classification,dinov3_frozen_embeddings_hist_gradient_boosting,hist_gradient_boosting,GroupKFold,4,5,123309,wide (>1.5m),standard (0.9-1.5m),False
width_bin,width_bin,data/processed/train/width_bin_train.csv,data/features/dinov3_vitb16_remaining_attributes_assets.csv,classification,dinov3_frozen_embeddings_hist_gradient_boosting,hist_gradient_boosting,GroupKFold,4,5,126178,narrow (<0.9m),narrow (<0.9m),True
width_bin,width_bin,data/processed/train/width_bin_train.csv,data/features/dinov3_vitb16_remaining_attributes_assets.csv,classification,dinov3_frozen_embeddings_hist_gradient_boosting,hist_gradient_boosting,GroupKFold,4,5,126334,wide (>1.5m),standard (0.9-1.5m),False
width_bin,width_bin,data/processed/train/width_bin_train.csv,data/features/dinov3_vitb16_remaining_attributes_assets.csv,classification,dinov3_frozen_embeddings_hist_gradient_boosting,hist_gradient_boosting,GroupKFold,4,5,127203,standard (0.9-1.5m),standard (0.9-1.5m),True
width_bin,width_bin,data/processed/train/width_bin_train.csv,data/features/dinov3_vitb16_remaining_attributes_assets.csv,classification,dinov3_frozen_embeddings_hist_gradient_boosting,hist_gradient_boosting,GroupKFold,4,5,127525,wide (>1.5m),standard (0.9-1.5m),False
width_bin,width_bin,data/processed/train/width_bin_train.csv,data/features/dinov3_vitb16_remaining_attributes_assets.csv,classification,dinov3_frozen_embeddings_hist_gradient_boosting,hist_gradient_boosting,GroupKFold,4,5,129364,standard (0.9-1.5m),standard (0.9-1.5m),True
width_bin,width_bin,data/processed/train/width_bin_train.csv,data/features/dinov3_vitb16_remaining_attributes_assets.csv,classification,dinov3_frozen_embeddings_hist_gradient_boosting,hist_gradient_boosting,GroupKFold,4,5,129739,standard (0.9-1.5m),standard (0.9-1.5m),True
width_bin,width_bin,data/processed/train/width_bin_train.csv,data/features/dinov3_vitb16_remaining_attributes_assets.csv,classification,dinov3_frozen_embeddings_hist_gradient_boosting,hist_gradient_boosting,GroupKFold,4,5,51551,medium (3-7m),standard (0.9-1.5m),False
width_bin,width_bin,data/processed/train/width_bin_train.csv,data/features/dinov3_vitb16_remaining_attributes_assets.csv,classification,dinov3_frozen_embeddings_hist_gradient_boosting,hist_gradient_boosting,GroupKFold,4,5,54209,medium (3-7m),wide (>1.5m),False
width_bin,width_bin,data/processed/train/width_bin_train.csv,data/features/dinov3_vitb16_remaining_attributes_assets.csv,classification,dinov3_frozen_embeddings_hist_gradient_boosting,hist_gradient_boosting,GroupKFold,4,5,54338,narrow (<3m),standard (0.9-1.5m),False
width_bin,width_bin,data/processed/train/width_bin_train.csv,data/features/dinov3_vitb16_remaining_attributes_assets.csv,classification,dinov3_frozen_embeddings_hist_gradient_boosting,hist_gradient_boosting,GroupKFold,4,5,57298,wide (>7m),standard (0.9-1.5m),False
width_bin,width_bin,data/processed/train/width_bin_train.csv,data/features/dinov3_vitb16_remaining_attributes_assets.csv,classification,dinov3_frozen_embeddings_hist_gradient_boosting,hist_gradient_boosting,GroupKFold,4,5,61424,wide (>7m),standard (0.9-1.5m),False
width_bin,width_bin,data/processed/train/width_bin_train.csv,data/features/dinov3_vitb16_remaining_attributes_assets.csv,classification,dinov3_frozen_embeddings_hist_gradient_boosting,hist_gradient_boosting,GroupKFold,4,5,66955,wide (>7m),standard (0.9-1.5m),False
width_bin,width_bin,data/processed/train/width_bin_train.csv,data/features/dinov3_vitb16_remaining_attributes_assets.csv,classification,dinov3_frozen_embeddings_hist_gradient_boosting,hist_gradient_boosting,GroupKFold,4,5,74894,medium (3-7m),medium (3-7m),True
width_bin,width_bin,data/processed/train/width_bin_train.csv,data/features/dinov3_vitb16_remaining_attributes_assets.csv,classification,dinov3_frozen_embeddings_hist_gradient_boosting,hist_gradient_boosting,GroupKFold,4,5,81279,medium (3-7m),medium (3-7m),True
width_bin,width_bin,data/processed/train/width_bin_train.csv,data/features/dinov3_vitb16_remaining_attributes_assets.csv,classification,dinov3_frozen_embeddings_hist_gradient_boosting,hist_gradient_boosting,GroupKFold,4,5,100150,medium (3-7m),medium (3-7m),True
width_bin,width_bin,data/processed/train/width_bin_train.csv,data/features/dinov3_vitb16_remaining_attributes_assets.csv,classification,dinov3_frozen_embeddings_hist_gradient_boosting,hist_gradient_boosting,GroupKFold,4,5,117398,medium (3-7m),medium (3-7m),True
width_bin,width_bin,data/processed/train/width_bin_train.csv,data/features/dinov3_vitb16_remaining_attributes_assets.csv,classification,dinov3_frozen_embeddings_hist_gradient_boosting,hist_gradient_boosting,GroupKFold,4,5,123598,medium (3-7m),narrow (<3m),False
width_bin,width_bin,data/processed/train/width_bin_train.csv,data/features/dinov3_vitb16_remaining_attributes_assets.csv,classification,dinov3_frozen_embeddings_hist_gradient_boosting,hist_gradient_boosting,GroupKFold,5,5,48119,wide (>1.5m),standard (0.9-1.5m),False
width_bin,width_bin,data/processed/train/width_bin_train.csv,data/features/dinov3_vitb16_remaining_attributes_assets.csv,classification,dinov3_frozen_embeddings_hist_gradient_boosting,hist_gradient_boosting,GroupKFold,5,5,48120,wide (>1.5m),standard (0.9-1.5m),False
width_bin,width_bin,data/processed/train/width_bin_train.csv,data/features/dinov3_vitb16_remaining_attributes_assets.csv,classification,dinov3_frozen_embeddings_hist_gradient_boosting,hist_gradient_boosting,GroupKFold,5,5,55643,narrow (<0.9m),standard (0.9-1.5m),False
width_bin,width_bin,data/processed/train/width_bin_train.csv,data/features/dinov3_vitb16_remaining_attributes_assets.csv,classification,dinov3_frozen_embeddings_hist_gradient_boosting,hist_gradient_boosting,GroupKFold,5,5,58173,wide (>1.5m),standard (0.9-1.5m),False
width_bin,width_bin,data/processed/train/width_bin_train.csv,data/features/dinov3_vitb16_remaining_attributes_assets.csv,classification,dinov3_frozen_embeddings_hist_gradient_boosting,hist_gradient_boosting,GroupKFold,5,5,61114,narrow (<0.9m),standard (0.9-1.5m),False
width_bin,width_bin,data/processed/train/width_bin_train.csv,data/features/dinov3_vitb16_remaining_attributes_assets.csv,classification,dinov3_frozen_embeddings_hist_gradient_boosting,hist_gradient_boosting,GroupKFold,5,5,61735,standard (0.9-1.5m),standard (0.9-1.5m),True
width_bin,width_bin,data/processed/train/width_bin_train.csv,data/features/dinov3_vitb16_remaining_attributes_assets.csv,classification,dinov3_frozen_embeddings_hist_gradient_boosting,hist_gradient_boosting,GroupKFold,5,5,61742,standard (0.9-1.5m),standard (0.9-1.5m),True
width_bin,width_bin,data/processed/train/width_bin_train.csv,data/features/dinov3_vitb16_remaining_attributes_assets.csv,classification,dinov3_frozen_embeddings_hist_gradient_boosting,hist_gradient_boosting,GroupKFold,5,5,62067,standard (0.9-1.5m),standard (0.9-1.5m),True
width_bin,width_bin,data/processed/train/width_bin_train.csv,data/features/dinov3_vitb16_remaining_attributes_assets.csv,classification,dinov3_frozen_embeddings_hist_gradient_boosting,hist_gradient_boosting,GroupKFold,5,5,65422,standard (0.9-1.5m),standard (0.9-1.5m),True
width_bin,width_bin,data/processed/train/width_bin_train.csv,data/features/dinov3_vitb16_remaining_attributes_assets.csv,classification,dinov3_frozen_embeddings_hist_gradient_boosting,hist_gradient_boosting,GroupKFold,5,5,81887,wide (>1.5m),wide (>1.5m),True
width_bin,width_bin,data/processed/train/width_bin_train.csv,data/features/dinov3_vitb16_remaining_attributes_assets.csv,classification,dinov3_frozen_embeddings_hist_gradient_boosting,hist_gradient_boosting,GroupKFold,5,5,85171,wide (>1.5m),standard (0.9-1.5m),False
width_bin,width_bin,data/processed/train/width_bin_train.csv,data/features/dinov3_vitb16_remaining_attributes_assets.csv,classification,dinov3_frozen_embeddings_hist_gradient_boosting,hist_gradient_boosting,GroupKFold,5,5,85506,wide (>1.5m),standard (0.9-1.5m),False
width_bin,width_bin,data/processed/train/width_bin_train.csv,data/features/dinov3_vitb16_remaining_attributes_assets.csv,classification,dinov3_frozen_embeddings_hist_gradient_boosting,hist_gradient_boosting,GroupKFold,5,5,87583,narrow (<0.9m),narrow (<0.9m),True
width_bin,width_bin,data/processed/train/width_bin_train.csv,data/features/dinov3_vitb16_remaining_attributes_assets.csv,classification,dinov3_frozen_embeddings_hist_gradient_boosting,hist_gradient_boosting,GroupKFold,5,5,89598,standard (0.9-1.5m),standard (0.9-1.5m),True
width_bin,width_bin,data/processed/train/width_bin_train.csv,data/features/dinov3_vitb16_remaining_attributes_assets.csv,classification,dinov3_frozen_embeddings_hist_gradient_boosting,hist_gradient_boosting,GroupKFold,5,5,89601,standard (0.9-1.5m),standard (0.9-1.5m),True
width_bin,width_bin,data/processed/train/width_bin_train.csv,data/features/dinov3_vitb16_remaining_attributes_assets.csv,classification,dinov3_frozen_embeddings_hist_gradient_boosting,hist_gradient_boosting,GroupKFold,5,5,89709,standard (0.9-1.5m),standard (0.9-1.5m),True
width_bin,width_bin,data/processed/train/width_bin_train.csv,data/features/dinov3_vitb16_remaining_attributes_assets.csv,classification,dinov3_frozen_embeddings_hist_gradient_boosting,hist_gradient_boosting,GroupKFold,5,5,89710,standard (0.9-1.5m),standard (0.9-1.5m),True
width_bin,width_bin,data/processed/train/width_bin_train.csv,data/features/dinov3_vitb16_remaining_attributes_assets.csv,classification,dinov3_frozen_embeddings_hist_gradient_boosting,hist_gradient_boosting,GroupKFold,5,5,89721,standard (0.9-1.5m),narrow (<0.9m),False
width_bin,width_bin,data/processed/train/width_bin_train.csv,data/features/dinov3_vitb16_remaining_attributes_assets.csv,classification,dinov3_frozen_embeddings_hist_gradient_boosting,hist_gradient_boosting,GroupKFold,5,5,89734,standard (0.9-1.5m),narrow (<0.9m),False
width_bin,width_bin,data/processed/train/width_bin_train.csv,data/features/dinov3_vitb16_remaining_attributes_assets.csv,classification,dinov3_frozen_embeddings_hist_gradient_boosting,hist_gradient_boosting,GroupKFold,5,5,89762,standard (0.9-1.5m),standard (0.9-1.5m),True
width_bin,width_bin,data/processed/train/width_bin_train.csv,data/features/dinov3_vitb16_remaining_attributes_assets.csv,classification,dinov3_frozen_embeddings_hist_gradient_boosting,hist_gradient_boosting,GroupKFold,5,5,89765,standard (0.9-1.5m),standard (0.9-1.5m),True
width_bin,width_bin,data/processed/train/width_bin_train.csv,data/features/dinov3_vitb16_remaining_attributes_assets.csv,classification,dinov3_frozen_embeddings_hist_gradient_boosting,hist_gradient_boosting,GroupKFold,5,5,90321,standard (0.9-1.5m),standard (0.9-1.5m),True
width_bin,width_bin,data/processed/train/width_bin_train.csv,data/features/dinov3_vitb16_remaining_attributes_assets.csv,classification,dinov3_frozen_embeddings_hist_gradient_boosting,hist_gradient_boosting,GroupKFold,5,5,90334,standard (0.9-1.5m),standard (0.9-1.5m),True
width_bin,width_bin,data/processed/train/width_bin_train.csv,data/features/dinov3_vitb16_remaining_attributes_assets.csv,classification,dinov3_frozen_embeddings_hist_gradient_boosting,hist_gradient_boosting,GroupKFold,5,5,90360,standard (0.9-1.5m),standard (0.9-1.5m),True
width_bin,width_bin,data/processed/train/width_bin_train.csv,data/features/dinov3_vitb16_remaining_attributes_assets.csv,classification,dinov3_frozen_embeddings_hist_gradient_boosting,hist_gradient_boosting,GroupKFold,5,5,90365,standard (0.9-1.5m),standard (0.9-1.5m),True
width_bin,width_bin,data/processed/train/width_bin_train.csv,data/features/dinov3_vitb16_remaining_attributes_assets.csv,classification,dinov3_frozen_embeddings_hist_gradient_boosting,hist_gradient_boosting,GroupKFold,5,5,90376,standard (0.9-1.5m),standard (0.9-1.5m),True
width_bin,width_bin,data/processed/train/width_bin_train.csv,data/features/dinov3_vitb16_remaining_attributes_assets.csv,classification,dinov3_frozen_embeddings_hist_gradient_boosting,hist_gradient_boosting,GroupKFold,5,5,90380,standard (0.9-1.5m),standard (0.9-1.5m),True
width_bin,width_bin,data/processed/train/width_bin_train.csv,data/features/dinov3_vitb16_remaining_attributes_assets.csv,classification,dinov3_frozen_embeddings_hist_gradient_boosting,hist_gradient_boosting,GroupKFold,5,5,90386,standard (0.9-1.5m),standard (0.9-1.5m),True
width_bin,width_bin,data/processed/train/width_bin_train.csv,data/features/dinov3_vitb16_remaining_attributes_assets.csv,classification,dinov3_frozen_embeddings_hist_gradient_boosting,hist_gradient_boosting,GroupKFold,5,5,90390,standard (0.9-1.5m),standard (0.9-1.5m),True
width_bin,width_bin,data/processed/train/width_bin_train.csv,data/features/dinov3_vitb16_remaining_attributes_assets.csv,classification,dinov3_frozen_embeddings_hist_gradient_boosting,hist_gradient_boosting,GroupKFold,5,5,90393,narrow (<0.9m),standard (0.9-1.5m),False
width_bin,width_bin,data/processed/train/width_bin_train.csv,data/features/dinov3_vitb16_remaining_attributes_assets.csv,classification,dinov3_frozen_embeddings_hist_gradient_boosting,hist_gradient_boosting,GroupKFold,5,5,90396,standard (0.9-1.5m),standard (0.9-1.5m),True
width_bin,width_bin,data/processed/train/width_bin_train.csv,data/features/dinov3_vitb16_remaining_attributes_assets.csv,classification,dinov3_frozen_embeddings_hist_gradient_boosting,hist_gradient_boosting,GroupKFold,5,5,90400,standard (0.9-1.5m),standard (0.9-1.5m),True
width_bin,width_bin,data/processed/train/width_bin_train.csv,data/features/dinov3_vitb16_remaining_attributes_assets.csv,classification,dinov3_frozen_embeddings_hist_gradient_boosting,hist_gradient_boosting,GroupKFold,5,5,90501,standard (0.9-1.5m),standard (0.9-1.5m),True
width_bin,width_bin,data/processed/train/width_bin_train.csv,data/features/dinov3_vitb16_remaining_attributes_assets.csv,classification,dinov3_frozen_embeddings_hist_gradient_boosting,hist_gradient_boosting,GroupKFold,5,5,90510,standard (0.9-1.5m),standard (0.9-1.5m),True
width_bin,width_bin,data/processed/train/width_bin_train.csv,data/features/dinov3_vitb16_remaining_attributes_assets.csv,classification,dinov3_frozen_embeddings_hist_gradient_boosting,hist_gradient_boosting,GroupKFold,5,5,91715,standard (0.9-1.5m),standard (0.9-1.5m),True
width_bin,width_bin,data/processed/train/width_bin_train.csv,data/features/dinov3_vitb16_remaining_attributes_assets.csv,classification,dinov3_frozen_embeddings_hist_gradient_boosting,hist_gradient_boosting,GroupKFold,5,5,92023,narrow (<0.9m),standard (0.9-1.5m),False
width_bin,width_bin,data/processed/train/width_bin_train.csv,data/features/dinov3_vitb16_remaining_attributes_assets.csv,classification,dinov3_frozen_embeddings_hist_gradient_boosting,hist_gradient_boosting,GroupKFold,5,5,92025,narrow (<0.9m),standard (0.9-1.5m),False
width_bin,width_bin,data/processed/train/width_bin_train.csv,data/features/dinov3_vitb16_remaining_attributes_assets.csv,classification,dinov3_frozen_embeddings_hist_gradient_boosting,hist_gradient_boosting,GroupKFold,5,5,92026,narrow (<0.9m),standard (0.9-1.5m),False
width_bin,width_bin,data/processed/train/width_bin_train.csv,data/features/dinov3_vitb16_remaining_attributes_assets.csv,classification,dinov3_frozen_embeddings_hist_gradient_boosting,hist_gradient_boosting,GroupKFold,5,5,92044,narrow (<0.9m),standard (0.9-1.5m),False
width_bin,width_bin,data/processed/train/width_bin_train.csv,data/features/dinov3_vitb16_remaining_attributes_assets.csv,classification,dinov3_frozen_embeddings_hist_gradient_boosting,hist_gradient_boosting,GroupKFold,5,5,92073,standard (0.9-1.5m),narrow (<0.9m),False
width_bin,width_bin,data/processed/train/width_bin_train.csv,data/features/dinov3_vitb16_remaining_attributes_assets.csv,classification,dinov3_frozen_embeddings_hist_gradient_boosting,hist_gradient_boosting,GroupKFold,5,5,92089,standard (0.9-1.5m),standard (0.9-1.5m),True
width_bin,width_bin,data/processed/train/width_bin_train.csv,data/features/dinov3_vitb16_remaining_attributes_assets.csv,classification,dinov3_frozen_embeddings_hist_gradient_boosting,hist_gradient_boosting,GroupKFold,5,5,93025,wide (>1.5m),wide (>1.5m),True
width_bin,width_bin,data/processed/train/width_bin_train.csv,data/features/dinov3_vitb16_remaining_attributes_assets.csv,classification,dinov3_frozen_embeddings_hist_gradient_boosting,hist_gradient_boosting,GroupKFold,5,5,93027,wide (>1.5m),standard (0.9-1.5m),False
width_bin,width_bin,data/processed/train/width_bin_train.csv,data/features/dinov3_vitb16_remaining_attributes_assets.csv,classification,dinov3_frozen_embeddings_hist_gradient_boosting,hist_gradient_boosting,GroupKFold,5,5,93030,standard (0.9-1.5m),standard (0.9-1.5m),True
width_bin,width_bin,data/processed/train/width_bin_train.csv,data/features/dinov3_vitb16_remaining_attributes_assets.csv,classification,dinov3_frozen_embeddings_hist_gradient_boosting,hist_gradient_boosting,GroupKFold,5,5,94274,narrow (<0.9m),narrow (<0.9m),True
width_bin,width_bin,data/processed/train/width_bin_train.csv,data/features/dinov3_vitb16_remaining_attributes_assets.csv,classification,dinov3_frozen_embeddings_hist_gradient_boosting,hist_gradient_boosting,GroupKFold,5,5,94280,narrow (<0.9m),narrow (<0.9m),True
width_bin,width_bin,data/processed/train/width_bin_train.csv,data/features/dinov3_vitb16_remaining_attributes_assets.csv,classification,dinov3_frozen_embeddings_hist_gradient_boosting,hist_gradient_boosting,GroupKFold,5,5,94290,narrow (<0.9m),narrow (<0.9m),True
width_bin,width_bin,data/processed/train/width_bin_train.csv,data/features/dinov3_vitb16_remaining_attributes_assets.csv,classification,dinov3_frozen_embeddings_hist_gradient_boosting,hist_gradient_boosting,GroupKFold,5,5,94304,narrow (<0.9m),narrow (<0.9m),True
width_bin,width_bin,data/processed/train/width_bin_train.csv,data/features/dinov3_vitb16_remaining_attributes_assets.csv,classification,dinov3_frozen_embeddings_hist_gradient_boosting,hist_gradient_boosting,GroupKFold,5,5,94319,narrow (<0.9m),narrow (<0.9m),True
width_bin,width_bin,data/processed/train/width_bin_train.csv,data/features/dinov3_vitb16_remaining_attributes_assets.csv,classification,dinov3_frozen_embeddings_hist_gradient_boosting,hist_gradient_boosting,GroupKFold,5,5,94348,narrow (<0.9m),standard (0.9-1.5m),False
width_bin,width_bin,data/processed/train/width_bin_train.csv,data/features/dinov3_vitb16_remaining_attributes_assets.csv,classification,dinov3_frozen_embeddings_hist_gradient_boosting,hist_gradient_boosting,GroupKFold,5,5,94352,standard (0.9-1.5m),narrow (<0.9m),False
width_bin,width_bin,data/processed/train/width_bin_train.csv,data/features/dinov3_vitb16_remaining_attributes_assets.csv,classification,dinov3_frozen_embeddings_hist_gradient_boosting,hist_gradient_boosting,GroupKFold,5,5,94357,narrow (<0.9m),narrow (<0.9m),True
width_bin,width_bin,data/processed/train/width_bin_train.csv,data/features/dinov3_vitb16_remaining_attributes_assets.csv,classification,dinov3_frozen_embeddings_hist_gradient_boosting,hist_gradient_boosting,GroupKFold,5,5,94367,narrow (<0.9m),narrow (<0.9m),True
width_bin,width_bin,data/processed/train/width_bin_train.csv,data/features/dinov3_vitb16_remaining_attributes_assets.csv,classification,dinov3_frozen_embeddings_hist_gradient_boosting,hist_gradient_boosting,GroupKFold,5,5,94368,narrow (<0.9m),narrow (<0.9m),True
width_bin,width_bin,data/processed/train/width_bin_train.csv,data/features/dinov3_vitb16_remaining_attributes_assets.csv,classification,dinov3_frozen_embeddings_hist_gradient_boosting,hist_gradient_boosting,GroupKFold,5,5,94371,narrow (<0.9m),narrow (<0.9m),True
width_bin,width_bin,data/processed/train/width_bin_train.csv,data/features/dinov3_vitb16_remaining_attributes_assets.csv,classification,dinov3_frozen_embeddings_hist_gradient_boosting,hist_gradient_boosting,GroupKFold,5,5,94372,narrow (<0.9m),narrow (<0.9m),True
width_bin,width_bin,data/processed/train/width_bin_train.csv,data/features/dinov3_vitb16_remaining_attributes_assets.csv,classification,dinov3_frozen_embeddings_hist_gradient_boosting,hist_gradient_boosting,GroupKFold,5,5,94376,narrow (<0.9m),narrow (<0.9m),True
width_bin,width_bin,data/processed/train/width_bin_train.csv,data/features/dinov3_vitb16_remaining_attributes_assets.csv,classification,dinov3_frozen_embeddings_hist_gradient_boosting,hist_gradient_boosting,GroupKFold,5,5,94377,narrow (<0.9m),narrow (<0.9m),True
width_bin,width_bin,data/processed/train/width_bin_train.csv,data/features/dinov3_vitb16_remaining_attributes_assets.csv,classification,dinov3_frozen_embeddings_hist_gradient_boosting,hist_gradient_boosting,GroupKFold,5,5,94378,narrow (<0.9m),narrow (<0.9m),True
width_bin,width_bin,data/processed/train/width_bin_train.csv,data/features/dinov3_vitb16_remaining_attributes_assets.csv,classification,dinov3_frozen_embeddings_hist_gradient_boosting,hist_gradient_boosting,GroupKFold,5,5,94379,narrow (<0.9m),narrow (<0.9m),True
width_bin,width_bin,data/processed/train/width_bin_train.csv,data/features/dinov3_vitb16_remaining_attributes_assets.csv,classification,dinov3_frozen_embeddings_hist_gradient_boosting,hist_gradient_boosting,GroupKFold,5,5,94391,narrow (<0.9m),narrow (<0.9m),True
width_bin,width_bin,data/processed/train/width_bin_train.csv,data/features/dinov3_vitb16_remaining_attributes_assets.csv,classification,dinov3_frozen_embeddings_hist_gradient_boosting,hist_gradient_boosting,GroupKFold,5,5,94396,narrow (<0.9m),narrow (<0.9m),True
width_bin,width_bin,data/processed/train/width_bin_train.csv,data/features/dinov3_vitb16_remaining_attributes_assets.csv,classification,dinov3_frozen_embeddings_hist_gradient_boosting,hist_gradient_boosting,GroupKFold,5,5,94486,narrow (<0.9m),narrow (<0.9m),True
width_bin,width_bin,data/processed/train/width_bin_train.csv,data/features/dinov3_vitb16_remaining_attributes_assets.csv,classification,dinov3_frozen_embeddings_hist_gradient_boosting,hist_gradient_boosting,GroupKFold,5,5,94784,standard (0.9-1.5m),standard (0.9-1.5m),True
width_bin,width_bin,data/processed/train/width_bin_train.csv,data/features/dinov3_vitb16_remaining_attributes_assets.csv,classification,dinov3_frozen_embeddings_hist_gradient_boosting,hist_gradient_boosting,GroupKFold,5,5,95730,standard (0.9-1.5m),narrow (<0.9m),False
width_bin,width_bin,data/processed/train/width_bin_train.csv,data/features/dinov3_vitb16_remaining_attributes_assets.csv,classification,dinov3_frozen_embeddings_hist_gradient_boosting,hist_gradient_boosting,GroupKFold,5,5,99815,wide (>1.5m),standard (0.9-1.5m),False
width_bin,width_bin,data/processed/train/width_bin_train.csv,data/features/dinov3_vitb16_remaining_attributes_assets.csv,classification,dinov3_frozen_embeddings_hist_gradient_boosting,hist_gradient_boosting,GroupKFold,5,5,100555,standard (0.9-1.5m),standard (0.9-1.5m),True
width_bin,width_bin,data/processed/train/width_bin_train.csv,data/features/dinov3_vitb16_remaining_attributes_assets.csv,classification,dinov3_frozen_embeddings_hist_gradient_boosting,hist_gradient_boosting,GroupKFold,5,5,100999,wide (>1.5m),standard (0.9-1.5m),False
width_bin,width_bin,data/processed/train/width_bin_train.csv,data/features/dinov3_vitb16_remaining_attributes_assets.csv,classification,dinov3_frozen_embeddings_hist_gradient_boosting,hist_gradient_boosting,GroupKFold,5,5,102372,wide (>1.5m),standard (0.9-1.5m),False
width_bin,width_bin,data/processed/train/width_bin_train.csv,data/features/dinov3_vitb16_remaining_attributes_assets.csv,classification,dinov3_frozen_embeddings_hist_gradient_boosting,hist_gradient_boosting,GroupKFold,5,5,102415,wide (>1.5m),standard (0.9-1.5m),False
width_bin,width_bin,data/processed/train/width_bin_train.csv,data/features/dinov3_vitb16_remaining_attributes_assets.csv,classification,dinov3_frozen_embeddings_hist_gradient_boosting,hist_gradient_boosting,GroupKFold,5,5,102424,wide (>1.5m),standard (0.9-1.5m),False
width_bin,width_bin,data/processed/train/width_bin_train.csv,data/features/dinov3_vitb16_remaining_attributes_assets.csv,classification,dinov3_frozen_embeddings_hist_gradient_boosting,hist_gradient_boosting,GroupKFold,5,5,102443,standard (0.9-1.5m),standard (0.9-1.5m),True
width_bin,width_bin,data/processed/train/width_bin_train.csv,data/features/dinov3_vitb16_remaining_attributes_assets.csv,classification,dinov3_frozen_embeddings_hist_gradient_boosting,hist_gradient_boosting,GroupKFold,5,5,102472,standard (0.9-1.5m),narrow (<0.9m),False
width_bin,width_bin,data/processed/train/width_bin_train.csv,data/features/dinov3_vitb16_remaining_attributes_assets.csv,classification,dinov3_frozen_embeddings_hist_gradient_boosting,hist_gradient_boosting,GroupKFold,5,5,102560,standard (0.9-1.5m),standard (0.9-1.5m),True
width_bin,width_bin,data/processed/train/width_bin_train.csv,data/features/dinov3_vitb16_remaining_attributes_assets.csv,classification,dinov3_frozen_embeddings_hist_gradient_boosting,hist_gradient_boosting,GroupKFold,5,5,103742,standard (0.9-1.5m),standard (0.9-1.5m),True
width_bin,width_bin,data/processed/train/width_bin_train.csv,data/features/dinov3_vitb16_remaining_attributes_assets.csv,classification,dinov3_frozen_embeddings_hist_gradient_boosting,hist_gradient_boosting,GroupKFold,5,5,103743,standard (0.9-1.5m),standard (0.9-1.5m),True
width_bin,width_bin,data/processed/train/width_bin_train.csv,data/features/dinov3_vitb16_remaining_attributes_assets.csv,classification,dinov3_frozen_embeddings_hist_gradient_boosting,hist_gradient_boosting,GroupKFold,5,5,103750,standard (0.9-1.5m),standard (0.9-1.5m),True
width_bin,width_bin,data/processed/train/width_bin_train.csv,data/features/dinov3_vitb16_remaining_attributes_assets.csv,classification,dinov3_frozen_embeddings_hist_gradient_boosting,hist_gradient_boosting,GroupKFold,5,5,104070,standard (0.9-1.5m),standard (0.9-1.5m),True
width_bin,width_bin,data/processed/train/width_bin_train.csv,data/features/dinov3_vitb16_remaining_attributes_assets.csv,classification,dinov3_frozen_embeddings_hist_gradient_boosting,hist_gradient_boosting,GroupKFold,5,5,105250,narrow (<0.9m),standard (0.9-1.5m),False
width_bin,width_bin,data/processed/train/width_bin_train.csv,data/features/dinov3_vitb16_remaining_attributes_assets.csv,classification,dinov3_frozen_embeddings_hist_gradient_boosting,hist_gradient_boosting,GroupKFold,5,5,105274,standard (0.9-1.5m),standard (0.9-1.5m),True
width_bin,width_bin,data/processed/train/width_bin_train.csv,data/features/dinov3_vitb16_remaining_attributes_assets.csv,classification,dinov3_frozen_embeddings_hist_gradient_boosting,hist_gradient_boosting,GroupKFold,5,5,107054,standard (0.9-1.5m),standard (0.9-1.5m),True
width_bin,width_bin,data/processed/train/width_bin_train.csv,data/features/dinov3_vitb16_remaining_attributes_assets.csv,classification,dinov3_frozen_embeddings_hist_gradient_boosting,hist_gradient_boosting,GroupKFold,5,5,107319,wide (>1.5m),standard (0.9-1.5m),False
width_bin,width_bin,data/processed/train/width_bin_train.csv,data/features/dinov3_vitb16_remaining_attributes_assets.csv,classification,dinov3_frozen_embeddings_hist_gradient_boosting,hist_gradient_boosting,GroupKFold,5,5,107322,standard (0.9-1.5m),narrow (<0.9m),False
width_bin,width_bin,data/processed/train/width_bin_train.csv,data/features/dinov3_vitb16_remaining_attributes_assets.csv,classification,dinov3_frozen_embeddings_hist_gradient_boosting,hist_gradient_boosting,GroupKFold,5,5,107335,standard (0.9-1.5m),standard (0.9-1.5m),True
width_bin,width_bin,data/processed/train/width_bin_train.csv,data/features/dinov3_vitb16_remaining_attributes_assets.csv,classification,dinov3_frozen_embeddings_hist_gradient_boosting,hist_gradient_boosting,GroupKFold,5,5,107360,standard (0.9-1.5m),standard (0.9-1.5m),True
width_bin,width_bin,data/processed/train/width_bin_train.csv,data/features/dinov3_vitb16_remaining_attributes_assets.csv,classification,dinov3_frozen_embeddings_hist_gradient_boosting,hist_gradient_boosting,GroupKFold,5,5,107404,standard (0.9-1.5m),standard (0.9-1.5m),True
width_bin,width_bin,data/processed/train/width_bin_train.csv,data/features/dinov3_vitb16_remaining_attributes_assets.csv,classification,dinov3_frozen_embeddings_hist_gradient_boosting,hist_gradient_boosting,GroupKFold,5,5,107579,narrow (<0.9m),standard (0.9-1.5m),False
width_bin,width_bin,data/processed/train/width_bin_train.csv,data/features/dinov3_vitb16_remaining_attributes_assets.csv,classification,dinov3_frozen_embeddings_hist_gradient_boosting,hist_gradient_boosting,GroupKFold,5,5,107875,standard (0.9-1.5m),standard (0.9-1.5m),True
width_bin,width_bin,data/processed/train/width_bin_train.csv,data/features/dinov3_vitb16_remaining_attributes_assets.csv,classification,dinov3_frozen_embeddings_hist_gradient_boosting,hist_gradient_boosting,GroupKFold,5,5,107951,standard (0.9-1.5m),standard (0.9-1.5m),True
width_bin,width_bin,data/processed/train/width_bin_train.csv,data/features/dinov3_vitb16_remaining_attributes_assets.csv,classification,dinov3_frozen_embeddings_hist_gradient_boosting,hist_gradient_boosting,GroupKFold,5,5,107957,standard (0.9-1.5m),standard (0.9-1.5m),True
width_bin,width_bin,data/processed/train/width_bin_train.csv,data/features/dinov3_vitb16_remaining_attributes_assets.csv,classification,dinov3_frozen_embeddings_hist_gradient_boosting,hist_gradient_boosting,GroupKFold,5,5,108021,standard (0.9-1.5m),standard (0.9-1.5m),True
width_bin,width_bin,data/processed/train/width_bin_train.csv,data/features/dinov3_vitb16_remaining_attributes_assets.csv,classification,dinov3_frozen_embeddings_hist_gradient_boosting,hist_gradient_boosting,GroupKFold,5,5,108303,standard (0.9-1.5m),standard (0.9-1.5m),True
width_bin,width_bin,data/processed/train/width_bin_train.csv,data/features/dinov3_vitb16_remaining_attributes_assets.csv,classification,dinov3_frozen_embeddings_hist_gradient_boosting,hist_gradient_boosting,GroupKFold,5,5,108318,standard (0.9-1.5m),standard (0.9-1.5m),True
width_bin,width_bin,data/processed/train/width_bin_train.csv,data/features/dinov3_vitb16_remaining_attributes_assets.csv,classification,dinov3_frozen_embeddings_hist_gradient_boosting,hist_gradient_boosting,GroupKFold,5,5,108710,standard (0.9-1.5m),standard (0.9-1.5m),True
width_bin,width_bin,data/processed/train/width_bin_train.csv,data/features/dinov3_vitb16_remaining_attributes_assets.csv,classification,dinov3_frozen_embeddings_hist_gradient_boosting,hist_gradient_boosting,GroupKFold,5,5,108712,standard (0.9-1.5m),standard (0.9-1.5m),True
width_bin,width_bin,data/processed/train/width_bin_train.csv,data/features/dinov3_vitb16_remaining_attributes_assets.csv,classification,dinov3_frozen_embeddings_hist_gradient_boosting,hist_gradient_boosting,GroupKFold,5,5,108713,standard (0.9-1.5m),standard (0.9-1.5m),True
width_bin,width_bin,data/processed/train/width_bin_train.csv,data/features/dinov3_vitb16_remaining_attributes_assets.csv,classification,dinov3_frozen_embeddings_hist_gradient_boosting,hist_gradient_boosting,GroupKFold,5,5,108714,narrow (<0.9m),standard (0.9-1.5m),False
width_bin,width_bin,data/processed/train/width_bin_train.csv,data/features/dinov3_vitb16_remaining_attributes_assets.csv,classification,dinov3_frozen_embeddings_hist_gradient_boosting,hist_gradient_boosting,GroupKFold,5,5,108783,standard (0.9-1.5m),standard (0.9-1.5m),True
width_bin,width_bin,data/processed/train/width_bin_train.csv,data/features/dinov3_vitb16_remaining_attributes_assets.csv,classification,dinov3_frozen_embeddings_hist_gradient_boosting,hist_gradient_boosting,GroupKFold,5,5,108788,standard (0.9-1.5m),standard (0.9-1.5m),True
width_bin,width_bin,data/processed/train/width_bin_train.csv,data/features/dinov3_vitb16_remaining_attributes_assets.csv,classification,dinov3_frozen_embeddings_hist_gradient_boosting,hist_gradient_boosting,GroupKFold,5,5,109613,standard (0.9-1.5m),standard (0.9-1.5m),True
width_bin,width_bin,data/processed/train/width_bin_train.csv,data/features/dinov3_vitb16_remaining_attributes_assets.csv,classification,dinov3_frozen_embeddings_hist_gradient_boosting,hist_gradient_boosting,GroupKFold,5,5,109617,standard (0.9-1.5m),standard (0.9-1.5m),True
width_bin,width_bin,data/processed/train/width_bin_train.csv,data/features/dinov3_vitb16_remaining_attributes_assets.csv,classification,dinov3_frozen_embeddings_hist_gradient_boosting,hist_gradient_boosting,GroupKFold,5,5,109618,standard (0.9-1.5m),standard (0.9-1.5m),True
width_bin,width_bin,data/processed/train/width_bin_train.csv,data/features/dinov3_vitb16_remaining_attributes_assets.csv,classification,dinov3_frozen_embeddings_hist_gradient_boosting,hist_gradient_boosting,GroupKFold,5,5,109622,standard (0.9-1.5m),standard (0.9-1.5m),True
width_bin,width_bin,data/processed/train/width_bin_train.csv,data/features/dinov3_vitb16_remaining_attributes_assets.csv,classification,dinov3_frozen_embeddings_hist_gradient_boosting,hist_gradient_boosting,GroupKFold,5,5,109698,narrow (<0.9m),standard (0.9-1.5m),False
width_bin,width_bin,data/processed/train/width_bin_train.csv,data/features/dinov3_vitb16_remaining_attributes_assets.csv,classification,dinov3_frozen_embeddings_hist_gradient_boosting,hist_gradient_boosting,GroupKFold,5,5,109703,standard (0.9-1.5m),narrow (<0.9m),False
width_bin,width_bin,data/processed/train/width_bin_train.csv,data/features/dinov3_vitb16_remaining_attributes_assets.csv,classification,dinov3_frozen_embeddings_hist_gradient_boosting,hist_gradient_boosting,GroupKFold,5,5,109711,narrow (<0.9m),standard (0.9-1.5m),False
width_bin,width_bin,data/processed/train/width_bin_train.csv,data/features/dinov3_vitb16_remaining_attributes_assets.csv,classification,dinov3_frozen_embeddings_hist_gradient_boosting,hist_gradient_boosting,GroupKFold,5,5,110281,standard (0.9-1.5m),standard (0.9-1.5m),True
width_bin,width_bin,data/processed/train/width_bin_train.csv,data/features/dinov3_vitb16_remaining_attributes_assets.csv,classification,dinov3_frozen_embeddings_hist_gradient_boosting,hist_gradient_boosting,GroupKFold,5,5,110285,standard (0.9-1.5m),standard (0.9-1.5m),True
width_bin,width_bin,data/processed/train/width_bin_train.csv,data/features/dinov3_vitb16_remaining_attributes_assets.csv,classification,dinov3_frozen_embeddings_hist_gradient_boosting,hist_gradient_boosting,GroupKFold,5,5,110291,standard (0.9-1.5m),standard (0.9-1.5m),True
width_bin,width_bin,data/processed/train/width_bin_train.csv,data/features/dinov3_vitb16_remaining_attributes_assets.csv,classification,dinov3_frozen_embeddings_hist_gradient_boosting,hist_gradient_boosting,GroupKFold,5,5,110301,standard (0.9-1.5m),standard (0.9-1.5m),True
width_bin,width_bin,data/processed/train/width_bin_train.csv,data/features/dinov3_vitb16_remaining_attributes_assets.csv,classification,dinov3_frozen_embeddings_hist_gradient_boosting,hist_gradient_boosting,GroupKFold,5,5,110573,standard (0.9-1.5m),standard (0.9-1.5m),True
width_bin,width_bin,data/processed/train/width_bin_train.csv,data/features/dinov3_vitb16_remaining_attributes_assets.csv,classification,dinov3_frozen_embeddings_hist_gradient_boosting,hist_gradient_boosting,GroupKFold,5,5,110606,narrow (<0.9m),standard (0.9-1.5m),False
width_bin,width_bin,data/processed/train/width_bin_train.csv,data/features/dinov3_vitb16_remaining_attributes_assets.csv,classification,dinov3_frozen_embeddings_hist_gradient_boosting,hist_gradient_boosting,GroupKFold,5,5,110755,standard (0.9-1.5m),standard (0.9-1.5m),True
width_bin,width_bin,data/processed/train/width_bin_train.csv,data/features/dinov3_vitb16_remaining_attributes_assets.csv,classification,dinov3_frozen_embeddings_hist_gradient_boosting,hist_gradient_boosting,GroupKFold,5,5,110835,standard (0.9-1.5m),standard (0.9-1.5m),True
width_bin,width_bin,data/processed/train/width_bin_train.csv,data/features/dinov3_vitb16_remaining_attributes_assets.csv,classification,dinov3_frozen_embeddings_hist_gradient_boosting,hist_gradient_boosting,GroupKFold,5,5,110970,standard (0.9-1.5m),standard (0.9-1.5m),True
width_bin,width_bin,data/processed/train/width_bin_train.csv,data/features/dinov3_vitb16_remaining_attributes_assets.csv,classification,dinov3_frozen_embeddings_hist_gradient_boosting,hist_gradient_boosting,GroupKFold,5,5,111005,standard (0.9-1.5m),standard (0.9-1.5m),True
width_bin,width_bin,data/processed/train/width_bin_train.csv,data/features/dinov3_vitb16_remaining_attributes_assets.csv,classification,dinov3_frozen_embeddings_hist_gradient_boosting,hist_gradient_boosting,GroupKFold,5,5,111673,narrow (<0.9m),standard (0.9-1.5m),False
width_bin,width_bin,data/processed/train/width_bin_train.csv,data/features/dinov3_vitb16_remaining_attributes_assets.csv,classification,dinov3_frozen_embeddings_hist_gradient_boosting,hist_gradient_boosting,GroupKFold,5,5,111777,standard (0.9-1.5m),standard (0.9-1.5m),True
width_bin,width_bin,data/processed/train/width_bin_train.csv,data/features/dinov3_vitb16_remaining_attributes_assets.csv,classification,dinov3_frozen_embeddings_hist_gradient_boosting,hist_gradient_boosting,GroupKFold,5,5,111779,narrow (<0.9m),standard (0.9-1.5m),False
width_bin,width_bin,data/processed/train/width_bin_train.csv,data/features/dinov3_vitb16_remaining_attributes_assets.csv,classification,dinov3_frozen_embeddings_hist_gradient_boosting,hist_gradient_boosting,GroupKFold,5,5,111789,narrow (<0.9m),standard (0.9-1.5m),False
width_bin,width_bin,data/processed/train/width_bin_train.csv,data/features/dinov3_vitb16_remaining_attributes_assets.csv,classification,dinov3_frozen_embeddings_hist_gradient_boosting,hist_gradient_boosting,GroupKFold,5,5,111791,narrow (<0.9m),standard (0.9-1.5m),False
width_bin,width_bin,data/processed/train/width_bin_train.csv,data/features/dinov3_vitb16_remaining_attributes_assets.csv,classification,dinov3_frozen_embeddings_hist_gradient_boosting,hist_gradient_boosting,GroupKFold,5,5,111800,narrow (<0.9m),narrow (<0.9m),True
width_bin,width_bin,data/processed/train/width_bin_train.csv,data/features/dinov3_vitb16_remaining_attributes_assets.csv,classification,dinov3_frozen_embeddings_hist_gradient_boosting,hist_gradient_boosting,GroupKFold,5,5,111801,narrow (<0.9m),standard (0.9-1.5m),False
width_bin,width_bin,data/processed/train/width_bin_train.csv,data/features/dinov3_vitb16_remaining_attributes_assets.csv,classification,dinov3_frozen_embeddings_hist_gradient_boosting,hist_gradient_boosting,GroupKFold,5,5,111809,narrow (<0.9m),standard (0.9-1.5m),False
width_bin,width_bin,data/processed/train/width_bin_train.csv,data/features/dinov3_vitb16_remaining_attributes_assets.csv,classification,dinov3_frozen_embeddings_hist_gradient_boosting,hist_gradient_boosting,GroupKFold,5,5,111815,narrow (<0.9m),standard (0.9-1.5m),False
width_bin,width_bin,data/processed/train/width_bin_train.csv,data/features/dinov3_vitb16_remaining_attributes_assets.csv,classification,dinov3_frozen_embeddings_hist_gradient_boosting,hist_gradient_boosting,GroupKFold,5,5,111831,standard (0.9-1.5m),standard (0.9-1.5m),True
width_bin,width_bin,data/processed/train/width_bin_train.csv,data/features/dinov3_vitb16_remaining_attributes_assets.csv,classification,dinov3_frozen_embeddings_hist_gradient_boosting,hist_gradient_boosting,GroupKFold,5,5,112587,standard (0.9-1.5m),standard (0.9-1.5m),True
width_bin,width_bin,data/processed/train/width_bin_train.csv,data/features/dinov3_vitb16_remaining_attributes_assets.csv,classification,dinov3_frozen_embeddings_hist_gradient_boosting,hist_gradient_boosting,GroupKFold,5,5,114937,standard (0.9-1.5m),standard (0.9-1.5m),True
width_bin,width_bin,data/processed/train/width_bin_train.csv,data/features/dinov3_vitb16_remaining_attributes_assets.csv,classification,dinov3_frozen_embeddings_hist_gradient_boosting,hist_gradient_boosting,GroupKFold,5,5,114946,narrow (<0.9m),standard (0.9-1.5m),False
width_bin,width_bin,data/processed/train/width_bin_train.csv,data/features/dinov3_vitb16_remaining_attributes_assets.csv,classification,dinov3_frozen_embeddings_hist_gradient_boosting,hist_gradient_boosting,GroupKFold,5,5,114953,narrow (<0.9m),standard (0.9-1.5m),False
width_bin,width_bin,data/processed/train/width_bin_train.csv,data/features/dinov3_vitb16_remaining_attributes_assets.csv,classification,dinov3_frozen_embeddings_hist_gradient_boosting,hist_gradient_boosting,GroupKFold,5,5,114955,narrow (<0.9m),standard (0.9-1.5m),False
width_bin,width_bin,data/processed/train/width_bin_train.csv,data/features/dinov3_vitb16_remaining_attributes_assets.csv,classification,dinov3_frozen_embeddings_hist_gradient_boosting,hist_gradient_boosting,GroupKFold,5,5,114958,standard (0.9-1.5m),standard (0.9-1.5m),True
width_bin,width_bin,data/processed/train/width_bin_train.csv,data/features/dinov3_vitb16_remaining_attributes_assets.csv,classification,dinov3_frozen_embeddings_hist_gradient_boosting,hist_gradient_boosting,GroupKFold,5,5,114975,standard (0.9-1.5m),standard (0.9-1.5m),True
width_bin,width_bin,data/processed/train/width_bin_train.csv,data/features/dinov3_vitb16_remaining_attributes_assets.csv,classification,dinov3_frozen_embeddings_hist_gradient_boosting,hist_gradient_boosting,GroupKFold,5,5,116635,wide (>1.5m),standard (0.9-1.5m),False
width_bin,width_bin,data/processed/train/width_bin_train.csv,data/features/dinov3_vitb16_remaining_attributes_assets.csv,classification,dinov3_frozen_embeddings_hist_gradient_boosting,hist_gradient_boosting,GroupKFold,5,5,116739,narrow (<0.9m),standard (0.9-1.5m),False
width_bin,width_bin,data/processed/train/width_bin_train.csv,data/features/dinov3_vitb16_remaining_attributes_assets.csv,classification,dinov3_frozen_embeddings_hist_gradient_boosting,hist_gradient_boosting,GroupKFold,5,5,116765,wide (>1.5m),standard (0.9-1.5m),False
width_bin,width_bin,data/processed/train/width_bin_train.csv,data/features/dinov3_vitb16_remaining_attributes_assets.csv,classification,dinov3_frozen_embeddings_hist_gradient_boosting,hist_gradient_boosting,GroupKFold,5,5,116848,standard (0.9-1.5m),standard (0.9-1.5m),True
width_bin,width_bin,data/processed/train/width_bin_train.csv,data/features/dinov3_vitb16_remaining_attributes_assets.csv,classification,dinov3_frozen_embeddings_hist_gradient_boosting,hist_gradient_boosting,GroupKFold,5,5,117013,standard (0.9-1.5m),standard (0.9-1.5m),True
width_bin,width_bin,data/processed/train/width_bin_train.csv,data/features/dinov3_vitb16_remaining_attributes_assets.csv,classification,dinov3_frozen_embeddings_hist_gradient_boosting,hist_gradient_boosting,GroupKFold,5,5,117210,standard (0.9-1.5m),standard (0.9-1.5m),True
width_bin,width_bin,data/processed/train/width_bin_train.csv,data/features/dinov3_vitb16_remaining_attributes_assets.csv,classification,dinov3_frozen_embeddings_hist_gradient_boosting,hist_gradient_boosting,GroupKFold,5,5,117593,standard (0.9-1.5m),standard (0.9-1.5m),True
width_bin,width_bin,data/processed/train/width_bin_train.csv,data/features/dinov3_vitb16_remaining_attributes_assets.csv,classification,dinov3_frozen_embeddings_hist_gradient_boosting,hist_gradient_boosting,GroupKFold,5,5,117596,standard (0.9-1.5m),narrow (<0.9m),False
width_bin,width_bin,data/processed/train/width_bin_train.csv,data/features/dinov3_vitb16_remaining_attributes_assets.csv,classification,dinov3_frozen_embeddings_hist_gradient_boosting,hist_gradient_boosting,GroupKFold,5,5,117600,standard (0.9-1.5m),standard (0.9-1.5m),True
width_bin,width_bin,data/processed/train/width_bin_train.csv,data/features/dinov3_vitb16_remaining_attributes_assets.csv,classification,dinov3_frozen_embeddings_hist_gradient_boosting,hist_gradient_boosting,GroupKFold,5,5,118201,narrow (<0.9m),standard (0.9-1.5m),False
width_bin,width_bin,data/processed/train/width_bin_train.csv,data/features/dinov3_vitb16_remaining_attributes_assets.csv,classification,dinov3_frozen_embeddings_hist_gradient_boosting,hist_gradient_boosting,GroupKFold,5,5,118202,narrow (<0.9m),standard (0.9-1.5m),False
width_bin,width_bin,data/processed/train/width_bin_train.csv,data/features/dinov3_vitb16_remaining_attributes_assets.csv,classification,dinov3_frozen_embeddings_hist_gradient_boosting,hist_gradient_boosting,GroupKFold,5,5,120661,narrow (<0.9m),narrow (<0.9m),True
width_bin,width_bin,data/processed/train/width_bin_train.csv,data/features/dinov3_vitb16_remaining_attributes_assets.csv,classification,dinov3_frozen_embeddings_hist_gradient_boosting,hist_gradient_boosting,GroupKFold,5,5,120668,standard (0.9-1.5m),narrow (<0.9m),False
width_bin,width_bin,data/processed/train/width_bin_train.csv,data/features/dinov3_vitb16_remaining_attributes_assets.csv,classification,dinov3_frozen_embeddings_hist_gradient_boosting,hist_gradient_boosting,GroupKFold,5,5,120672,narrow (<0.9m),standard (0.9-1.5m),False
width_bin,width_bin,data/processed/train/width_bin_train.csv,data/features/dinov3_vitb16_remaining_attributes_assets.csv,classification,dinov3_frozen_embeddings_hist_gradient_boosting,hist_gradient_boosting,GroupKFold,5,5,120673,narrow (<0.9m),narrow (<0.9m),True
width_bin,width_bin,data/processed/train/width_bin_train.csv,data/features/dinov3_vitb16_remaining_attributes_assets.csv,classification,dinov3_frozen_embeddings_hist_gradient_boosting,hist_gradient_boosting,GroupKFold,5,5,120676,narrow (<0.9m),narrow (<0.9m),True
width_bin,width_bin,data/processed/train/width_bin_train.csv,data/features/dinov3_vitb16_remaining_attributes_assets.csv,classification,dinov3_frozen_embeddings_hist_gradient_boosting,hist_gradient_boosting,GroupKFold,5,5,120679,narrow (<0.9m),standard (0.9-1.5m),False
width_bin,width_bin,data/processed/train/width_bin_train.csv,data/features/dinov3_vitb16_remaining_attributes_assets.csv,classification,dinov3_frozen_embeddings_hist_gradient_boosting,hist_gradient_boosting,GroupKFold,5,5,92014,narrow (<0.9m),standard (0.9-1.5m),False
width_bin,width_bin,data/processed/train/width_bin_train.csv,data/features/dinov3_vitb16_remaining_attributes_assets.csv,classification,dinov3_frozen_embeddings_hist_gradient_boosting,hist_gradient_boosting,GroupKFold,5,5,120689,narrow (<0.9m),standard (0.9-1.5m),False
width_bin,width_bin,data/processed/train/width_bin_train.csv,data/features/dinov3_vitb16_remaining_attributes_assets.csv,classification,dinov3_frozen_embeddings_hist_gradient_boosting,hist_gradient_boosting,GroupKFold,5,5,120690,narrow (<0.9m),narrow (<0.9m),True
width_bin,width_bin,data/processed/train/width_bin_train.csv,data/features/dinov3_vitb16_remaining_attributes_assets.csv,classification,dinov3_frozen_embeddings_hist_gradient_boosting,hist_gradient_boosting,GroupKFold,5,5,120691,narrow (<0.9m),narrow (<0.9m),True
width_bin,width_bin,data/processed/train/width_bin_train.csv,data/features/dinov3_vitb16_remaining_attributes_assets.csv,classification,dinov3_frozen_embeddings_hist_gradient_boosting,hist_gradient_boosting,GroupKFold,5,5,120692,narrow (<0.9m),narrow (<0.9m),True
width_bin,width_bin,data/processed/train/width_bin_train.csv,data/features/dinov3_vitb16_remaining_attributes_assets.csv,classification,dinov3_frozen_embeddings_hist_gradient_boosting,hist_gradient_boosting,GroupKFold,5,5,120694,narrow (<0.9m),narrow (<0.9m),True
width_bin,width_bin,data/processed/train/width_bin_train.csv,data/features/dinov3_vitb16_remaining_attributes_assets.csv,classification,dinov3_frozen_embeddings_hist_gradient_boosting,hist_gradient_boosting,GroupKFold,5,5,120732,narrow (<0.9m),narrow (<0.9m),True
width_bin,width_bin,data/processed/train/width_bin_train.csv,data/features/dinov3_vitb16_remaining_attributes_assets.csv,classification,dinov3_frozen_embeddings_hist_gradient_boosting,hist_gradient_boosting,GroupKFold,5,5,121009,narrow (<0.9m),narrow (<0.9m),True
width_bin,width_bin,data/processed/train/width_bin_train.csv,data/features/dinov3_vitb16_remaining_attributes_assets.csv,classification,dinov3_frozen_embeddings_hist_gradient_boosting,hist_gradient_boosting,GroupKFold,5,5,121010,narrow (<0.9m),narrow (<0.9m),True
width_bin,width_bin,data/processed/train/width_bin_train.csv,data/features/dinov3_vitb16_remaining_attributes_assets.csv,classification,dinov3_frozen_embeddings_hist_gradient_boosting,hist_gradient_boosting,GroupKFold,5,5,121070,standard (0.9-1.5m),standard (0.9-1.5m),True
width_bin,width_bin,data/processed/train/width_bin_train.csv,data/features/dinov3_vitb16_remaining_attributes_assets.csv,classification,dinov3_frozen_embeddings_hist_gradient_boosting,hist_gradient_boosting,GroupKFold,5,5,121576,wide (>1.5m),standard (0.9-1.5m),False
width_bin,width_bin,data/processed/train/width_bin_train.csv,data/features/dinov3_vitb16_remaining_attributes_assets.csv,classification,dinov3_frozen_embeddings_hist_gradient_boosting,hist_gradient_boosting,GroupKFold,5,5,121581,wide (>1.5m),standard (0.9-1.5m),False
width_bin,width_bin,data/processed/train/width_bin_train.csv,data/features/dinov3_vitb16_remaining_attributes_assets.csv,classification,dinov3_frozen_embeddings_hist_gradient_boosting,hist_gradient_boosting,GroupKFold,5,5,121601,standard (0.9-1.5m),standard (0.9-1.5m),True
width_bin,width_bin,data/processed/train/width_bin_train.csv,data/features/dinov3_vitb16_remaining_attributes_assets.csv,classification,dinov3_frozen_embeddings_hist_gradient_boosting,hist_gradient_boosting,GroupKFold,5,5,121676,narrow (<0.9m),standard (0.9-1.5m),False
width_bin,width_bin,data/processed/train/width_bin_train.csv,data/features/dinov3_vitb16_remaining_attributes_assets.csv,classification,dinov3_frozen_embeddings_hist_gradient_boosting,hist_gradient_boosting,GroupKFold,5,5,121728,narrow (<0.9m),narrow (<0.9m),True
width_bin,width_bin,data/processed/train/width_bin_train.csv,data/features/dinov3_vitb16_remaining_attributes_assets.csv,classification,dinov3_frozen_embeddings_hist_gradient_boosting,hist_gradient_boosting,GroupKFold,5,5,121786,standard (0.9-1.5m),standard (0.9-1.5m),True
width_bin,width_bin,data/processed/train/width_bin_train.csv,data/features/dinov3_vitb16_remaining_attributes_assets.csv,classification,dinov3_frozen_embeddings_hist_gradient_boosting,hist_gradient_boosting,GroupKFold,5,5,121790,narrow (<0.9m),standard (0.9-1.5m),False
width_bin,width_bin,data/processed/train/width_bin_train.csv,data/features/dinov3_vitb16_remaining_attributes_assets.csv,classification,dinov3_frozen_embeddings_hist_gradient_boosting,hist_gradient_boosting,GroupKFold,5,5,122367,standard (0.9-1.5m),standard (0.9-1.5m),True
width_bin,width_bin,data/processed/train/width_bin_train.csv,data/features/dinov3_vitb16_remaining_attributes_assets.csv,classification,dinov3_frozen_embeddings_hist_gradient_boosting,hist_gradient_boosting,GroupKFold,5,5,122831,narrow (<0.9m),narrow (<0.9m),True
width_bin,width_bin,data/processed/train/width_bin_train.csv,data/features/dinov3_vitb16_remaining_attributes_assets.csv,classification,dinov3_frozen_embeddings_hist_gradient_boosting,hist_gradient_boosting,GroupKFold,5,5,122833,narrow (<0.9m),standard (0.9-1.5m),False
width_bin,width_bin,data/processed/train/width_bin_train.csv,data/features/dinov3_vitb16_remaining_attributes_assets.csv,classification,dinov3_frozen_embeddings_hist_gradient_boosting,hist_gradient_boosting,GroupKFold,5,5,122976,narrow (<0.9m),standard (0.9-1.5m),False
width_bin,width_bin,data/processed/train/width_bin_train.csv,data/features/dinov3_vitb16_remaining_attributes_assets.csv,classification,dinov3_frozen_embeddings_hist_gradient_boosting,hist_gradient_boosting,GroupKFold,5,5,123094,standard (0.9-1.5m),standard (0.9-1.5m),True
width_bin,width_bin,data/processed/train/width_bin_train.csv,data/features/dinov3_vitb16_remaining_attributes_assets.csv,classification,dinov3_frozen_embeddings_hist_gradient_boosting,hist_gradient_boosting,GroupKFold,5,5,123106,standard (0.9-1.5m),standard (0.9-1.5m),True
width_bin,width_bin,data/processed/train/width_bin_train.csv,data/features/dinov3_vitb16_remaining_attributes_assets.csv,classification,dinov3_frozen_embeddings_hist_gradient_boosting,hist_gradient_boosting,GroupKFold,5,5,123260,wide (>1.5m),standard (0.9-1.5m),False
width_bin,width_bin,data/processed/train/width_bin_train.csv,data/features/dinov3_vitb16_remaining_attributes_assets.csv,classification,dinov3_frozen_embeddings_hist_gradient_boosting,hist_gradient_boosting,GroupKFold,5,5,123470,wide (>1.5m),standard (0.9-1.5m),False
width_bin,width_bin,data/processed/train/width_bin_train.csv,data/features/dinov3_vitb16_remaining_attributes_assets.csv,classification,dinov3_frozen_embeddings_hist_gradient_boosting,hist_gradient_boosting,GroupKFold,5,5,123473,wide (>1.5m),wide (>1.5m),True
width_bin,width_bin,data/processed/train/width_bin_train.csv,data/features/dinov3_vitb16_remaining_attributes_assets.csv,classification,dinov3_frozen_embeddings_hist_gradient_boosting,hist_gradient_boosting,GroupKFold,5,5,123776,standard (0.9-1.5m),standard (0.9-1.5m),True
width_bin,width_bin,data/processed/train/width_bin_train.csv,data/features/dinov3_vitb16_remaining_attributes_assets.csv,classification,dinov3_frozen_embeddings_hist_gradient_boosting,hist_gradient_boosting,GroupKFold,5,5,124740,wide (>1.5m),wide (>1.5m),True
width_bin,width_bin,data/processed/train/width_bin_train.csv,data/features/dinov3_vitb16_remaining_attributes_assets.csv,classification,dinov3_frozen_embeddings_hist_gradient_boosting,hist_gradient_boosting,GroupKFold,5,5,126780,standard (0.9-1.5m),standard (0.9-1.5m),True
width_bin,width_bin,data/processed/train/width_bin_train.csv,data/features/dinov3_vitb16_remaining_attributes_assets.csv,classification,dinov3_frozen_embeddings_hist_gradient_boosting,hist_gradient_boosting,GroupKFold,5,5,126836,standard (0.9-1.5m),standard (0.9-1.5m),True
width_bin,width_bin,data/processed/train/width_bin_train.csv,data/features/dinov3_vitb16_remaining_attributes_assets.csv,classification,dinov3_frozen_embeddings_hist_gradient_boosting,hist_gradient_boosting,GroupKFold,5,5,126840,standard (0.9-1.5m),standard (0.9-1.5m),True
width_bin,width_bin,data/processed/train/width_bin_train.csv,data/features/dinov3_vitb16_remaining_attributes_assets.csv,classification,dinov3_frozen_embeddings_hist_gradient_boosting,hist_gradient_boosting,GroupKFold,5,5,127131,wide (>1.5m),standard (0.9-1.5m),False
width_bin,width_bin,data/processed/train/width_bin_train.csv,data/features/dinov3_vitb16_remaining_attributes_assets.csv,classification,dinov3_frozen_embeddings_hist_gradient_boosting,hist_gradient_boosting,GroupKFold,5,5,127149,standard (0.9-1.5m),standard (0.9-1.5m),True
width_bin,width_bin,data/processed/train/width_bin_train.csv,data/features/dinov3_vitb16_remaining_attributes_assets.csv,classification,dinov3_frozen_embeddings_hist_gradient_boosting,hist_gradient_boosting,GroupKFold,5,5,129400,wide (>1.5m),wide (>1.5m),True
width_bin,width_bin,data/processed/train/width_bin_train.csv,data/features/dinov3_vitb16_remaining_attributes_assets.csv,classification,dinov3_frozen_embeddings_hist_gradient_boosting,hist_gradient_boosting,GroupKFold,5,5,103626,standard (0.9-1.5m),standard (0.9-1.5m),True
width_bin,width_bin,data/processed/train/width_bin_train.csv,data/features/dinov3_vitb16_remaining_attributes_assets.csv,classification,dinov3_frozen_embeddings_hist_gradient_boosting,hist_gradient_boosting,GroupKFold,5,5,107064,standard (0.9-1.5m),standard (0.9-1.5m),True
width_bin,width_bin,data/processed/train/width_bin_train.csv,data/features/dinov3_vitb16_remaining_attributes_assets.csv,classification,dinov3_frozen_embeddings_hist_gradient_boosting,hist_gradient_boosting,GroupKFold,5,5,109181,standard (0.9-1.5m),standard (0.9-1.5m),True
width_bin,width_bin,data/processed/train/width_bin_train.csv,data/features/dinov3_vitb16_remaining_attributes_assets.csv,classification,dinov3_frozen_embeddings_hist_gradient_boosting,hist_gradient_boosting,GroupKFold,5,5,110256,standard (0.9-1.5m),standard (0.9-1.5m),True
width_bin,width_bin,data/processed/train/width_bin_train.csv,data/features/dinov3_vitb16_remaining_attributes_assets.csv,classification,dinov3_frozen_embeddings_hist_gradient_boosting,hist_gradient_boosting,GroupKFold,5,5,114056,standard (0.9-1.5m),narrow (<0.9m),False
width_bin,width_bin,data/processed/train/width_bin_train.csv,data/features/dinov3_vitb16_remaining_attributes_assets.csv,classification,dinov3_frozen_embeddings_hist_gradient_boosting,hist_gradient_boosting,GroupKFold,5,5,114189,standard (0.9-1.5m),standard (0.9-1.5m),True
width_bin,width_bin,data/processed/train/width_bin_train.csv,data/features/dinov3_vitb16_remaining_attributes_assets.csv,classification,dinov3_frozen_embeddings_hist_gradient_boosting,hist_gradient_boosting,GroupKFold,5,5,114207,standard (0.9-1.5m),standard (0.9-1.5m),True
width_bin,width_bin,data/processed/train/width_bin_train.csv,data/features/dinov3_vitb16_remaining_attributes_assets.csv,classification,dinov3_frozen_embeddings_hist_gradient_boosting,hist_gradient_boosting,GroupKFold,5,5,114262,standard (0.9-1.5m),standard (0.9-1.5m),True
width_bin,width_bin,data/processed/train/width_bin_train.csv,data/features/dinov3_vitb16_remaining_attributes_assets.csv,classification,dinov3_frozen_embeddings_hist_gradient_boosting,hist_gradient_boosting,GroupKFold,5,5,115446,standard (0.9-1.5m),standard (0.9-1.5m),True
width_bin,width_bin,data/processed/train/width_bin_train.csv,data/features/dinov3_vitb16_remaining_attributes_assets.csv,classification,dinov3_frozen_embeddings_hist_gradient_boosting,hist_gradient_boosting,GroupKFold,5,5,118804,narrow (<0.9m),standard (0.9-1.5m),False
width_bin,width_bin,data/processed/train/width_bin_train.csv,data/features/dinov3_vitb16_remaining_attributes_assets.csv,classification,dinov3_frozen_embeddings_hist_gradient_boosting,hist_gradient_boosting,GroupKFold,5,5,121505,wide (>1.5m),wide (>1.5m),True
width_bin,width_bin,data/processed/train/width_bin_train.csv,data/features/dinov3_vitb16_remaining_attributes_assets.csv,classification,dinov3_frozen_embeddings_hist_gradient_boosting,hist_gradient_boosting,GroupKFold,5,5,122443,standard (0.9-1.5m),standard (0.9-1.5m),True
width_bin,width_bin,data/processed/train/width_bin_train.csv,data/features/dinov3_vitb16_remaining_attributes_assets.csv,classification,dinov3_frozen_embeddings_hist_gradient_boosting,hist_gradient_boosting,GroupKFold,5,5,127074,standard (0.9-1.5m),standard (0.9-1.5m),True
width_bin,width_bin,data/processed/train/width_bin_train.csv,data/features/dinov3_vitb16_remaining_attributes_assets.csv,classification,dinov3_frozen_embeddings_hist_gradient_boosting,hist_gradient_boosting,GroupKFold,5,5,128879,wide (>1.5m),standard (0.9-1.5m),False
width_bin,width_bin,data/processed/train/width_bin_train.csv,data/features/dinov3_vitb16_remaining_attributes_assets.csv,classification,dinov3_frozen_embeddings_hist_gradient_boosting,hist_gradient_boosting,GroupKFold,5,5,46932,standard (0.9-1.5m),standard (0.9-1.5m),True
width_bin,width_bin,data/processed/train/width_bin_train.csv,data/features/dinov3_vitb16_remaining_attributes_assets.csv,classification,dinov3_frozen_embeddings_hist_gradient_boosting,hist_gradient_boosting,GroupKFold,5,5,47533,wide (>1.5m),standard (0.9-1.5m),False
width_bin,width_bin,data/processed/train/width_bin_train.csv,data/features/dinov3_vitb16_remaining_attributes_assets.csv,classification,dinov3_frozen_embeddings_hist_gradient_boosting,hist_gradient_boosting,GroupKFold,5,5,47633,wide (>1.5m),standard (0.9-1.5m),False
width_bin,width_bin,data/processed/train/width_bin_train.csv,data/features/dinov3_vitb16_remaining_attributes_assets.csv,classification,dinov3_frozen_embeddings_hist_gradient_boosting,hist_gradient_boosting,GroupKFold,5,5,48343,wide (>1.5m),standard (0.9-1.5m),False
width_bin,width_bin,data/processed/train/width_bin_train.csv,data/features/dinov3_vitb16_remaining_attributes_assets.csv,classification,dinov3_frozen_embeddings_hist_gradient_boosting,hist_gradient_boosting,GroupKFold,5,5,48693,standard (0.9-1.5m),standard (0.9-1.5m),True
width_bin,width_bin,data/processed/train/width_bin_train.csv,data/features/dinov3_vitb16_remaining_attributes_assets.csv,classification,dinov3_frozen_embeddings_hist_gradient_boosting,hist_gradient_boosting,GroupKFold,5,5,48696,standard (0.9-1.5m),standard (0.9-1.5m),True
width_bin,width_bin,data/processed/train/width_bin_train.csv,data/features/dinov3_vitb16_remaining_attributes_assets.csv,classification,dinov3_frozen_embeddings_hist_gradient_boosting,hist_gradient_boosting,GroupKFold,5,5,49058,narrow (<0.9m),narrow (<0.9m),True
width_bin,width_bin,data/processed/train/width_bin_train.csv,data/features/dinov3_vitb16_remaining_attributes_assets.csv,classification,dinov3_frozen_embeddings_hist_gradient_boosting,hist_gradient_boosting,GroupKFold,5,5,50231,standard (0.9-1.5m),standard (0.9-1.5m),True
width_bin,width_bin,data/processed/train/width_bin_train.csv,data/features/dinov3_vitb16_remaining_attributes_assets.csv,classification,dinov3_frozen_embeddings_hist_gradient_boosting,hist_gradient_boosting,GroupKFold,5,5,51233,standard (0.9-1.5m),wide (>1.5m),False
width_bin,width_bin,data/processed/train/width_bin_train.csv,data/features/dinov3_vitb16_remaining_attributes_assets.csv,classification,dinov3_frozen_embeddings_hist_gradient_boosting,hist_gradient_boosting,GroupKFold,5,5,52242,standard (0.9-1.5m),standard (0.9-1.5m),True
width_bin,width_bin,data/processed/train/width_bin_train.csv,data/features/dinov3_vitb16_remaining_attributes_assets.csv,classification,dinov3_frozen_embeddings_hist_gradient_boosting,hist_gradient_boosting,GroupKFold,5,5,52457,narrow (<0.9m),standard (0.9-1.5m),False
width_bin,width_bin,data/processed/train/width_bin_train.csv,data/features/dinov3_vitb16_remaining_attributes_assets.csv,classification,dinov3_frozen_embeddings_hist_gradient_boosting,hist_gradient_boosting,GroupKFold,5,5,53193,standard (0.9-1.5m),wide (>1.5m),False
width_bin,width_bin,data/processed/train/width_bin_train.csv,data/features/dinov3_vitb16_remaining_attributes_assets.csv,classification,dinov3_frozen_embeddings_hist_gradient_boosting,hist_gradient_boosting,GroupKFold,5,5,53200,standard (0.9-1.5m),standard (0.9-1.5m),True
width_bin,width_bin,data/processed/train/width_bin_train.csv,data/features/dinov3_vitb16_remaining_attributes_assets.csv,classification,dinov3_frozen_embeddings_hist_gradient_boosting,hist_gradient_boosting,GroupKFold,5,5,53985,wide (>1.5m),standard (0.9-1.5m),False
width_bin,width_bin,data/processed/train/width_bin_train.csv,data/features/dinov3_vitb16_remaining_attributes_assets.csv,classification,dinov3_frozen_embeddings_hist_gradient_boosting,hist_gradient_boosting,GroupKFold,5,5,54326,standard (0.9-1.5m),standard (0.9-1.5m),True
width_bin,width_bin,data/processed/train/width_bin_train.csv,data/features/dinov3_vitb16_remaining_attributes_assets.csv,classification,dinov3_frozen_embeddings_hist_gradient_boosting,hist_gradient_boosting,GroupKFold,5,5,55633,standard (0.9-1.5m),standard (0.9-1.5m),True
width_bin,width_bin,data/processed/train/width_bin_train.csv,data/features/dinov3_vitb16_remaining_attributes_assets.csv,classification,dinov3_frozen_embeddings_hist_gradient_boosting,hist_gradient_boosting,GroupKFold,5,5,56204,standard (0.9-1.5m),standard (0.9-1.5m),True
width_bin,width_bin,data/processed/train/width_bin_train.csv,data/features/dinov3_vitb16_remaining_attributes_assets.csv,classification,dinov3_frozen_embeddings_hist_gradient_boosting,hist_gradient_boosting,GroupKFold,5,5,56777,standard (0.9-1.5m),standard (0.9-1.5m),True
width_bin,width_bin,data/processed/train/width_bin_train.csv,data/features/dinov3_vitb16_remaining_attributes_assets.csv,classification,dinov3_frozen_embeddings_hist_gradient_boosting,hist_gradient_boosting,GroupKFold,5,5,57117,standard (0.9-1.5m),standard (0.9-1.5m),True
width_bin,width_bin,data/processed/train/width_bin_train.csv,data/features/dinov3_vitb16_remaining_attributes_assets.csv,classification,dinov3_frozen_embeddings_hist_gradient_boosting,hist_gradient_boosting,GroupKFold,5,5,57507,standard (0.9-1.5m),narrow (<0.9m),False
width_bin,width_bin,data/processed/train/width_bin_train.csv,data/features/dinov3_vitb16_remaining_attributes_assets.csv,classification,dinov3_frozen_embeddings_hist_gradient_boosting,hist_gradient_boosting,GroupKFold,5,5,57833,standard (0.9-1.5m),standard (0.9-1.5m),True
width_bin,width_bin,data/processed/train/width_bin_train.csv,data/features/dinov3_vitb16_remaining_attributes_assets.csv,classification,dinov3_frozen_embeddings_hist_gradient_boosting,hist_gradient_boosting,GroupKFold,5,5,58169,wide (>1.5m),standard (0.9-1.5m),False
width_bin,width_bin,data/processed/train/width_bin_train.csv,data/features/dinov3_vitb16_remaining_attributes_assets.csv,classification,dinov3_frozen_embeddings_hist_gradient_boosting,hist_gradient_boosting,GroupKFold,5,5,58677,standard (0.9-1.5m),standard (0.9-1.5m),True
width_bin,width_bin,data/processed/train/width_bin_train.csv,data/features/dinov3_vitb16_remaining_attributes_assets.csv,classification,dinov3_frozen_embeddings_hist_gradient_boosting,hist_gradient_boosting,GroupKFold,5,5,61413,wide (>1.5m),standard (0.9-1.5m),False
width_bin,width_bin,data/processed/train/width_bin_train.csv,data/features/dinov3_vitb16_remaining_attributes_assets.csv,classification,dinov3_frozen_embeddings_hist_gradient_boosting,hist_gradient_boosting,GroupKFold,5,5,61415,wide (>1.5m),wide (>1.5m),True
width_bin,width_bin,data/processed/train/width_bin_train.csv,data/features/dinov3_vitb16_remaining_attributes_assets.csv,classification,dinov3_frozen_embeddings_hist_gradient_boosting,hist_gradient_boosting,GroupKFold,5,5,62088,standard (0.9-1.5m),standard (0.9-1.5m),True
width_bin,width_bin,data/processed/train/width_bin_train.csv,data/features/dinov3_vitb16_remaining_attributes_assets.csv,classification,dinov3_frozen_embeddings_hist_gradient_boosting,hist_gradient_boosting,GroupKFold,5,5,62443,standard (0.9-1.5m),standard (0.9-1.5m),True
width_bin,width_bin,data/processed/train/width_bin_train.csv,data/features/dinov3_vitb16_remaining_attributes_assets.csv,classification,dinov3_frozen_embeddings_hist_gradient_boosting,hist_gradient_boosting,GroupKFold,5,5,62927,standard (0.9-1.5m),standard (0.9-1.5m),True
width_bin,width_bin,data/processed/train/width_bin_train.csv,data/features/dinov3_vitb16_remaining_attributes_assets.csv,classification,dinov3_frozen_embeddings_hist_gradient_boosting,hist_gradient_boosting,GroupKFold,5,5,63066,wide (>1.5m),standard (0.9-1.5m),False
width_bin,width_bin,data/processed/train/width_bin_train.csv,data/features/dinov3_vitb16_remaining_attributes_assets.csv,classification,dinov3_frozen_embeddings_hist_gradient_boosting,hist_gradient_boosting,GroupKFold,5,5,63540,standard (0.9-1.5m),standard (0.9-1.5m),True
width_bin,width_bin,data/processed/train/width_bin_train.csv,data/features/dinov3_vitb16_remaining_attributes_assets.csv,classification,dinov3_frozen_embeddings_hist_gradient_boosting,hist_gradient_boosting,GroupKFold,5,5,64099,standard (0.9-1.5m),standard (0.9-1.5m),True
width_bin,width_bin,data/processed/train/width_bin_train.csv,data/features/dinov3_vitb16_remaining_attributes_assets.csv,classification,dinov3_frozen_embeddings_hist_gradient_boosting,hist_gradient_boosting,GroupKFold,5,5,64109,wide (>1.5m),wide (>1.5m),True
width_bin,width_bin,data/processed/train/width_bin_train.csv,data/features/dinov3_vitb16_remaining_attributes_assets.csv,classification,dinov3_frozen_embeddings_hist_gradient_boosting,hist_gradient_boosting,GroupKFold,5,5,64118,standard (0.9-1.5m),standard (0.9-1.5m),True
width_bin,width_bin,data/processed/train/width_bin_train.csv,data/features/dinov3_vitb16_remaining_attributes_assets.csv,classification,dinov3_frozen_embeddings_hist_gradient_boosting,hist_gradient_boosting,GroupKFold,5,5,64123,standard (0.9-1.5m),standard (0.9-1.5m),True
width_bin,width_bin,data/processed/train/width_bin_train.csv,data/features/dinov3_vitb16_remaining_attributes_assets.csv,classification,dinov3_frozen_embeddings_hist_gradient_boosting,hist_gradient_boosting,GroupKFold,5,5,65497,standard (0.9-1.5m),standard (0.9-1.5m),True
width_bin,width_bin,data/processed/train/width_bin_train.csv,data/features/dinov3_vitb16_remaining_attributes_assets.csv,classification,dinov3_frozen_embeddings_hist_gradient_boosting,hist_gradient_boosting,GroupKFold,5,5,65608,standard (0.9-1.5m),standard (0.9-1.5m),True
width_bin,width_bin,data/processed/train/width_bin_train.csv,data/features/dinov3_vitb16_remaining_attributes_assets.csv,classification,dinov3_frozen_embeddings_hist_gradient_boosting,hist_gradient_boosting,GroupKFold,5,5,66174,standard (0.9-1.5m),wide (>1.5m),False
width_bin,width_bin,data/processed/train/width_bin_train.csv,data/features/dinov3_vitb16_remaining_attributes_assets.csv,classification,dinov3_frozen_embeddings_hist_gradient_boosting,hist_gradient_boosting,GroupKFold,5,5,83135,wide (>1.5m),standard (0.9-1.5m),False
width_bin,width_bin,data/processed/train/width_bin_train.csv,data/features/dinov3_vitb16_remaining_attributes_assets.csv,classification,dinov3_frozen_embeddings_hist_gradient_boosting,hist_gradient_boosting,GroupKFold,5,5,87483,wide (>1.5m),wide (>1.5m),True
width_bin,width_bin,data/processed/train/width_bin_train.csv,data/features/dinov3_vitb16_remaining_attributes_assets.csv,classification,dinov3_frozen_embeddings_hist_gradient_boosting,hist_gradient_boosting,GroupKFold,5,5,87549,standard (0.9-1.5m),narrow (<0.9m),False
width_bin,width_bin,data/processed/train/width_bin_train.csv,data/features/dinov3_vitb16_remaining_attributes_assets.csv,classification,dinov3_frozen_embeddings_hist_gradient_boosting,hist_gradient_boosting,GroupKFold,5,5,87769,wide (>1.5m),wide (>1.5m),True
width_bin,width_bin,data/processed/train/width_bin_train.csv,data/features/dinov3_vitb16_remaining_attributes_assets.csv,classification,dinov3_frozen_embeddings_hist_gradient_boosting,hist_gradient_boosting,GroupKFold,5,5,89589,standard (0.9-1.5m),standard (0.9-1.5m),True
width_bin,width_bin,data/processed/train/width_bin_train.csv,data/features/dinov3_vitb16_remaining_attributes_assets.csv,classification,dinov3_frozen_embeddings_hist_gradient_boosting,hist_gradient_boosting,GroupKFold,5,5,89590,standard (0.9-1.5m),standard (0.9-1.5m),True
width_bin,width_bin,data/processed/train/width_bin_train.csv,data/features/dinov3_vitb16_remaining_attributes_assets.csv,classification,dinov3_frozen_embeddings_hist_gradient_boosting,hist_gradient_boosting,GroupKFold,5,5,89597,standard (0.9-1.5m),standard (0.9-1.5m),True
width_bin,width_bin,data/processed/train/width_bin_train.csv,data/features/dinov3_vitb16_remaining_attributes_assets.csv,classification,dinov3_frozen_embeddings_hist_gradient_boosting,hist_gradient_boosting,GroupKFold,5,5,89761,wide (>1.5m),wide (>1.5m),True
width_bin,width_bin,data/processed/train/width_bin_train.csv,data/features/dinov3_vitb16_remaining_attributes_assets.csv,classification,dinov3_frozen_embeddings_hist_gradient_boosting,hist_gradient_boosting,GroupKFold,5,5,90412,standard (0.9-1.5m),wide (>1.5m),False
width_bin,width_bin,data/processed/train/width_bin_train.csv,data/features/dinov3_vitb16_remaining_attributes_assets.csv,classification,dinov3_frozen_embeddings_hist_gradient_boosting,hist_gradient_boosting,GroupKFold,5,5,92039,narrow (<0.9m),standard (0.9-1.5m),False
width_bin,width_bin,data/processed/train/width_bin_train.csv,data/features/dinov3_vitb16_remaining_attributes_assets.csv,classification,dinov3_frozen_embeddings_hist_gradient_boosting,hist_gradient_boosting,GroupKFold,5,5,92167,standard (0.9-1.5m),standard (0.9-1.5m),True
width_bin,width_bin,data/processed/train/width_bin_train.csv,data/features/dinov3_vitb16_remaining_attributes_assets.csv,classification,dinov3_frozen_embeddings_hist_gradient_boosting,hist_gradient_boosting,GroupKFold,5,5,93007,standard (0.9-1.5m),standard (0.9-1.5m),True
width_bin,width_bin,data/processed/train/width_bin_train.csv,data/features/dinov3_vitb16_remaining_attributes_assets.csv,classification,dinov3_frozen_embeddings_hist_gradient_boosting,hist_gradient_boosting,GroupKFold,5,5,94177,wide (>1.5m),narrow (<0.9m),False
width_bin,width_bin,data/processed/train/width_bin_train.csv,data/features/dinov3_vitb16_remaining_attributes_assets.csv,classification,dinov3_frozen_embeddings_hist_gradient_boosting,hist_gradient_boosting,GroupKFold,5,5,94777,wide (>1.5m),standard (0.9-1.5m),False
width_bin,width_bin,data/processed/train/width_bin_train.csv,data/features/dinov3_vitb16_remaining_attributes_assets.csv,classification,dinov3_frozen_embeddings_hist_gradient_boosting,hist_gradient_boosting,GroupKFold,5,5,98336,standard (0.9-1.5m),standard (0.9-1.5m),True
width_bin,width_bin,data/processed/train/width_bin_train.csv,data/features/dinov3_vitb16_remaining_attributes_assets.csv,classification,dinov3_frozen_embeddings_hist_gradient_boosting,hist_gradient_boosting,GroupKFold,5,5,98498,wide (>1.5m),wide (>1.5m),True
width_bin,width_bin,data/processed/train/width_bin_train.csv,data/features/dinov3_vitb16_remaining_attributes_assets.csv,classification,dinov3_frozen_embeddings_hist_gradient_boosting,hist_gradient_boosting,GroupKFold,5,5,99457,wide (>1.5m),standard (0.9-1.5m),False
width_bin,width_bin,data/processed/train/width_bin_train.csv,data/features/dinov3_vitb16_remaining_attributes_assets.csv,classification,dinov3_frozen_embeddings_hist_gradient_boosting,hist_gradient_boosting,GroupKFold,5,5,100181,wide (>1.5m),wide (>1.5m),True
width_bin,width_bin,data/processed/train/width_bin_train.csv,data/features/dinov3_vitb16_remaining_attributes_assets.csv,classification,dinov3_frozen_embeddings_hist_gradient_boosting,hist_gradient_boosting,GroupKFold,5,5,100263,wide (>1.5m),wide (>1.5m),True
width_bin,width_bin,data/processed/train/width_bin_train.csv,data/features/dinov3_vitb16_remaining_attributes_assets.csv,classification,dinov3_frozen_embeddings_hist_gradient_boosting,hist_gradient_boosting,GroupKFold,5,5,100272,wide (>1.5m),wide (>1.5m),True
width_bin,width_bin,data/processed/train/width_bin_train.csv,data/features/dinov3_vitb16_remaining_attributes_assets.csv,classification,dinov3_frozen_embeddings_hist_gradient_boosting,hist_gradient_boosting,GroupKFold,5,5,100482,standard (0.9-1.5m),standard (0.9-1.5m),True
width_bin,width_bin,data/processed/train/width_bin_train.csv,data/features/dinov3_vitb16_remaining_attributes_assets.csv,classification,dinov3_frozen_embeddings_hist_gradient_boosting,hist_gradient_boosting,GroupKFold,5,5,100747,standard (0.9-1.5m),standard (0.9-1.5m),True
width_bin,width_bin,data/processed/train/width_bin_train.csv,data/features/dinov3_vitb16_remaining_attributes_assets.csv,classification,dinov3_frozen_embeddings_hist_gradient_boosting,hist_gradient_boosting,GroupKFold,5,5,100757,wide (>1.5m),standard (0.9-1.5m),False
width_bin,width_bin,data/processed/train/width_bin_train.csv,data/features/dinov3_vitb16_remaining_attributes_assets.csv,classification,dinov3_frozen_embeddings_hist_gradient_boosting,hist_gradient_boosting,GroupKFold,5,5,106037,narrow (<0.9m),standard (0.9-1.5m),False
width_bin,width_bin,data/processed/train/width_bin_train.csv,data/features/dinov3_vitb16_remaining_attributes_assets.csv,classification,dinov3_frozen_embeddings_hist_gradient_boosting,hist_gradient_boosting,GroupKFold,5,5,106273,standard (0.9-1.5m),standard (0.9-1.5m),True
width_bin,width_bin,data/processed/train/width_bin_train.csv,data/features/dinov3_vitb16_remaining_attributes_assets.csv,classification,dinov3_frozen_embeddings_hist_gradient_boosting,hist_gradient_boosting,GroupKFold,5,5,107041,standard (0.9-1.5m),standard (0.9-1.5m),True
width_bin,width_bin,data/processed/train/width_bin_train.csv,data/features/dinov3_vitb16_remaining_attributes_assets.csv,classification,dinov3_frozen_embeddings_hist_gradient_boosting,hist_gradient_boosting,GroupKFold,5,5,107877,standard (0.9-1.5m),standard (0.9-1.5m),True
width_bin,width_bin,data/processed/train/width_bin_train.csv,data/features/dinov3_vitb16_remaining_attributes_assets.csv,classification,dinov3_frozen_embeddings_hist_gradient_boosting,hist_gradient_boosting,GroupKFold,5,5,107885,standard (0.9-1.5m),standard (0.9-1.5m),True
width_bin,width_bin,data/processed/train/width_bin_train.csv,data/features/dinov3_vitb16_remaining_attributes_assets.csv,classification,dinov3_frozen_embeddings_hist_gradient_boosting,hist_gradient_boosting,GroupKFold,5,5,107895,standard (0.9-1.5m),standard (0.9-1.5m),True
width_bin,width_bin,data/processed/train/width_bin_train.csv,data/features/dinov3_vitb16_remaining_attributes_assets.csv,classification,dinov3_frozen_embeddings_hist_gradient_boosting,hist_gradient_boosting,GroupKFold,5,5,107912,standard (0.9-1.5m),standard (0.9-1.5m),True
width_bin,width_bin,data/processed/train/width_bin_train.csv,data/features/dinov3_vitb16_remaining_attributes_assets.csv,classification,dinov3_frozen_embeddings_hist_gradient_boosting,hist_gradient_boosting,GroupKFold,5,5,108666,wide (>1.5m),wide (>1.5m),True
width_bin,width_bin,data/processed/train/width_bin_train.csv,data/features/dinov3_vitb16_remaining_attributes_assets.csv,classification,dinov3_frozen_embeddings_hist_gradient_boosting,hist_gradient_boosting,GroupKFold,5,5,108725,standard (0.9-1.5m),standard (0.9-1.5m),True
width_bin,width_bin,data/processed/train/width_bin_train.csv,data/features/dinov3_vitb16_remaining_attributes_assets.csv,classification,dinov3_frozen_embeddings_hist_gradient_boosting,hist_gradient_boosting,GroupKFold,5,5,108797,narrow (<0.9m),standard (0.9-1.5m),False
width_bin,width_bin,data/processed/train/width_bin_train.csv,data/features/dinov3_vitb16_remaining_attributes_assets.csv,classification,dinov3_frozen_embeddings_hist_gradient_boosting,hist_gradient_boosting,GroupKFold,5,5,109560,standard (0.9-1.5m),standard (0.9-1.5m),True
width_bin,width_bin,data/processed/train/width_bin_train.csv,data/features/dinov3_vitb16_remaining_attributes_assets.csv,classification,dinov3_frozen_embeddings_hist_gradient_boosting,hist_gradient_boosting,GroupKFold,5,5,110121,standard (0.9-1.5m),standard (0.9-1.5m),True
width_bin,width_bin,data/processed/train/width_bin_train.csv,data/features/dinov3_vitb16_remaining_attributes_assets.csv,classification,dinov3_frozen_embeddings_hist_gradient_boosting,hist_gradient_boosting,GroupKFold,5,5,110167,standard (0.9-1.5m),standard (0.9-1.5m),True
width_bin,width_bin,data/processed/train/width_bin_train.csv,data/features/dinov3_vitb16_remaining_attributes_assets.csv,classification,dinov3_frozen_embeddings_hist_gradient_boosting,hist_gradient_boosting,GroupKFold,5,5,110169,standard (0.9-1.5m),standard (0.9-1.5m),True
width_bin,width_bin,data/processed/train/width_bin_train.csv,data/features/dinov3_vitb16_remaining_attributes_assets.csv,classification,dinov3_frozen_embeddings_hist_gradient_boosting,hist_gradient_boosting,GroupKFold,5,5,111862,standard (0.9-1.5m),standard (0.9-1.5m),True
width_bin,width_bin,data/processed/train/width_bin_train.csv,data/features/dinov3_vitb16_remaining_attributes_assets.csv,classification,dinov3_frozen_embeddings_hist_gradient_boosting,hist_gradient_boosting,GroupKFold,5,5,111914,standard (0.9-1.5m),standard (0.9-1.5m),True
width_bin,width_bin,data/processed/train/width_bin_train.csv,data/features/dinov3_vitb16_remaining_attributes_assets.csv,classification,dinov3_frozen_embeddings_hist_gradient_boosting,hist_gradient_boosting,GroupKFold,5,5,112338,standard (0.9-1.5m),standard (0.9-1.5m),True
width_bin,width_bin,data/processed/train/width_bin_train.csv,data/features/dinov3_vitb16_remaining_attributes_assets.csv,classification,dinov3_frozen_embeddings_hist_gradient_boosting,hist_gradient_boosting,GroupKFold,5,5,112369,narrow (<0.9m),standard (0.9-1.5m),False
width_bin,width_bin,data/processed/train/width_bin_train.csv,data/features/dinov3_vitb16_remaining_attributes_assets.csv,classification,dinov3_frozen_embeddings_hist_gradient_boosting,hist_gradient_boosting,GroupKFold,5,5,113153,wide (>1.5m),standard (0.9-1.5m),False
width_bin,width_bin,data/processed/train/width_bin_train.csv,data/features/dinov3_vitb16_remaining_attributes_assets.csv,classification,dinov3_frozen_embeddings_hist_gradient_boosting,hist_gradient_boosting,GroupKFold,5,5,113163,standard (0.9-1.5m),standard (0.9-1.5m),True
width_bin,width_bin,data/processed/train/width_bin_train.csv,data/features/dinov3_vitb16_remaining_attributes_assets.csv,classification,dinov3_frozen_embeddings_hist_gradient_boosting,hist_gradient_boosting,GroupKFold,5,5,113164,standard (0.9-1.5m),standard (0.9-1.5m),True
width_bin,width_bin,data/processed/train/width_bin_train.csv,data/features/dinov3_vitb16_remaining_attributes_assets.csv,classification,dinov3_frozen_embeddings_hist_gradient_boosting,hist_gradient_boosting,GroupKFold,5,5,113168,standard (0.9-1.5m),standard (0.9-1.5m),True
width_bin,width_bin,data/processed/train/width_bin_train.csv,data/features/dinov3_vitb16_remaining_attributes_assets.csv,classification,dinov3_frozen_embeddings_hist_gradient_boosting,hist_gradient_boosting,GroupKFold,5,5,113804,wide (>1.5m),standard (0.9-1.5m),False
width_bin,width_bin,data/processed/train/width_bin_train.csv,data/features/dinov3_vitb16_remaining_attributes_assets.csv,classification,dinov3_frozen_embeddings_hist_gradient_boosting,hist_gradient_boosting,GroupKFold,5,5,114635,narrow (<0.9m),narrow (<0.9m),True
width_bin,width_bin,data/processed/train/width_bin_train.csv,data/features/dinov3_vitb16_remaining_attributes_assets.csv,classification,dinov3_frozen_embeddings_hist_gradient_boosting,hist_gradient_boosting,GroupKFold,5,5,114711,wide (>1.5m),standard (0.9-1.5m),False
width_bin,width_bin,data/processed/train/width_bin_train.csv,data/features/dinov3_vitb16_remaining_attributes_assets.csv,classification,dinov3_frozen_embeddings_hist_gradient_boosting,hist_gradient_boosting,GroupKFold,5,5,114997,standard (0.9-1.5m),wide (>1.5m),False
width_bin,width_bin,data/processed/train/width_bin_train.csv,data/features/dinov3_vitb16_remaining_attributes_assets.csv,classification,dinov3_frozen_embeddings_hist_gradient_boosting,hist_gradient_boosting,GroupKFold,5,5,115209,narrow (<0.9m),standard (0.9-1.5m),False
width_bin,width_bin,data/processed/train/width_bin_train.csv,data/features/dinov3_vitb16_remaining_attributes_assets.csv,classification,dinov3_frozen_embeddings_hist_gradient_boosting,hist_gradient_boosting,GroupKFold,5,5,115814,standard (0.9-1.5m),standard (0.9-1.5m),True
width_bin,width_bin,data/processed/train/width_bin_train.csv,data/features/dinov3_vitb16_remaining_attributes_assets.csv,classification,dinov3_frozen_embeddings_hist_gradient_boosting,hist_gradient_boosting,GroupKFold,5,5,117216,standard (0.9-1.5m),standard (0.9-1.5m),True
width_bin,width_bin,data/processed/train/width_bin_train.csv,data/features/dinov3_vitb16_remaining_attributes_assets.csv,classification,dinov3_frozen_embeddings_hist_gradient_boosting,hist_gradient_boosting,GroupKFold,5,5,117223,standard (0.9-1.5m),standard (0.9-1.5m),True
width_bin,width_bin,data/processed/train/width_bin_train.csv,data/features/dinov3_vitb16_remaining_attributes_assets.csv,classification,dinov3_frozen_embeddings_hist_gradient_boosting,hist_gradient_boosting,GroupKFold,5,5,117365,wide (>1.5m),standard (0.9-1.5m),False
width_bin,width_bin,data/processed/train/width_bin_train.csv,data/features/dinov3_vitb16_remaining_attributes_assets.csv,classification,dinov3_frozen_embeddings_hist_gradient_boosting,hist_gradient_boosting,GroupKFold,5,5,118246,narrow (<0.9m),standard (0.9-1.5m),False
width_bin,width_bin,data/processed/train/width_bin_train.csv,data/features/dinov3_vitb16_remaining_attributes_assets.csv,classification,dinov3_frozen_embeddings_hist_gradient_boosting,hist_gradient_boosting,GroupKFold,5,5,118757,narrow (<0.9m),standard (0.9-1.5m),False
width_bin,width_bin,data/processed/train/width_bin_train.csv,data/features/dinov3_vitb16_remaining_attributes_assets.csv,classification,dinov3_frozen_embeddings_hist_gradient_boosting,hist_gradient_boosting,GroupKFold,5,5,118759,standard (0.9-1.5m),standard (0.9-1.5m),True
width_bin,width_bin,data/processed/train/width_bin_train.csv,data/features/dinov3_vitb16_remaining_attributes_assets.csv,classification,dinov3_frozen_embeddings_hist_gradient_boosting,hist_gradient_boosting,GroupKFold,5,5,118797,narrow (<0.9m),standard (0.9-1.5m),False
width_bin,width_bin,data/processed/train/width_bin_train.csv,data/features/dinov3_vitb16_remaining_attributes_assets.csv,classification,dinov3_frozen_embeddings_hist_gradient_boosting,hist_gradient_boosting,GroupKFold,5,5,118923,wide (>1.5m),standard (0.9-1.5m),False
width_bin,width_bin,data/processed/train/width_bin_train.csv,data/features/dinov3_vitb16_remaining_attributes_assets.csv,classification,dinov3_frozen_embeddings_hist_gradient_boosting,hist_gradient_boosting,GroupKFold,5,5,119973,wide (>1.5m),wide (>1.5m),True
width_bin,width_bin,data/processed/train/width_bin_train.csv,data/features/dinov3_vitb16_remaining_attributes_assets.csv,classification,dinov3_frozen_embeddings_hist_gradient_boosting,hist_gradient_boosting,GroupKFold,5,5,120294,standard (0.9-1.5m),standard (0.9-1.5m),True
width_bin,width_bin,data/processed/train/width_bin_train.csv,data/features/dinov3_vitb16_remaining_attributes_assets.csv,classification,dinov3_frozen_embeddings_hist_gradient_boosting,hist_gradient_boosting,GroupKFold,5,5,121497,standard (0.9-1.5m),standard (0.9-1.5m),True
width_bin,width_bin,data/processed/train/width_bin_train.csv,data/features/dinov3_vitb16_remaining_attributes_assets.csv,classification,dinov3_frozen_embeddings_hist_gradient_boosting,hist_gradient_boosting,GroupKFold,5,5,121500,wide (>1.5m),wide (>1.5m),True
width_bin,width_bin,data/processed/train/width_bin_train.csv,data/features/dinov3_vitb16_remaining_attributes_assets.csv,classification,dinov3_frozen_embeddings_hist_gradient_boosting,hist_gradient_boosting,GroupKFold,5,5,121595,narrow (<0.9m),standard (0.9-1.5m),False
width_bin,width_bin,data/processed/train/width_bin_train.csv,data/features/dinov3_vitb16_remaining_attributes_assets.csv,classification,dinov3_frozen_embeddings_hist_gradient_boosting,hist_gradient_boosting,GroupKFold,5,5,121796,standard (0.9-1.5m),standard (0.9-1.5m),True
width_bin,width_bin,data/processed/train/width_bin_train.csv,data/features/dinov3_vitb16_remaining_attributes_assets.csv,classification,dinov3_frozen_embeddings_hist_gradient_boosting,hist_gradient_boosting,GroupKFold,5,5,122244,standard (0.9-1.5m),standard (0.9-1.5m),True
width_bin,width_bin,data/processed/train/width_bin_train.csv,data/features/dinov3_vitb16_remaining_attributes_assets.csv,classification,dinov3_frozen_embeddings_hist_gradient_boosting,hist_gradient_boosting,GroupKFold,5,5,122263,standard (0.9-1.5m),standard (0.9-1.5m),True
width_bin,width_bin,data/processed/train/width_bin_train.csv,data/features/dinov3_vitb16_remaining_attributes_assets.csv,classification,dinov3_frozen_embeddings_hist_gradient_boosting,hist_gradient_boosting,GroupKFold,5,5,122445,standard (0.9-1.5m),standard (0.9-1.5m),True
width_bin,width_bin,data/processed/train/width_bin_train.csv,data/features/dinov3_vitb16_remaining_attributes_assets.csv,classification,dinov3_frozen_embeddings_hist_gradient_boosting,hist_gradient_boosting,GroupKFold,5,5,122442,standard (0.9-1.5m),standard (0.9-1.5m),True
width_bin,width_bin,data/processed/train/width_bin_train.csv,data/features/dinov3_vitb16_remaining_attributes_assets.csv,classification,dinov3_frozen_embeddings_hist_gradient_boosting,hist_gradient_boosting,GroupKFold,5,5,122725,wide (>1.5m),standard (0.9-1.5m),False
width_bin,width_bin,data/processed/train/width_bin_train.csv,data/features/dinov3_vitb16_remaining_attributes_assets.csv,classification,dinov3_frozen_embeddings_hist_gradient_boosting,hist_gradient_boosting,GroupKFold,5,5,122999,standard (0.9-1.5m),standard (0.9-1.5m),True
width_bin,width_bin,data/processed/train/width_bin_train.csv,data/features/dinov3_vitb16_remaining_attributes_assets.csv,classification,dinov3_frozen_embeddings_hist_gradient_boosting,hist_gradient_boosting,GroupKFold,5,5,122830,narrow (<0.9m),standard (0.9-1.5m),False
width_bin,width_bin,data/processed/train/width_bin_train.csv,data/features/dinov3_vitb16_remaining_attributes_assets.csv,classification,dinov3_frozen_embeddings_hist_gradient_boosting,hist_gradient_boosting,GroupKFold,5,5,123352,wide (>1.5m),narrow (<0.9m),False
width_bin,width_bin,data/processed/train/width_bin_train.csv,data/features/dinov3_vitb16_remaining_attributes_assets.csv,classification,dinov3_frozen_embeddings_hist_gradient_boosting,hist_gradient_boosting,GroupKFold,5,5,123310,standard (0.9-1.5m),standard (0.9-1.5m),True
width_bin,width_bin,data/processed/train/width_bin_train.csv,data/features/dinov3_vitb16_remaining_attributes_assets.csv,classification,dinov3_frozen_embeddings_hist_gradient_boosting,hist_gradient_boosting,GroupKFold,5,5,123354,wide (>1.5m),standard (0.9-1.5m),False
width_bin,width_bin,data/processed/train/width_bin_train.csv,data/features/dinov3_vitb16_remaining_attributes_assets.csv,classification,dinov3_frozen_embeddings_hist_gradient_boosting,hist_gradient_boosting,GroupKFold,5,5,123585,standard (0.9-1.5m),wide (>1.5m),False
width_bin,width_bin,data/processed/train/width_bin_train.csv,data/features/dinov3_vitb16_remaining_attributes_assets.csv,classification,dinov3_frozen_embeddings_hist_gradient_boosting,hist_gradient_boosting,GroupKFold,5,5,126356,standard (0.9-1.5m),standard (0.9-1.5m),True
width_bin,width_bin,data/processed/train/width_bin_train.csv,data/features/dinov3_vitb16_remaining_attributes_assets.csv,classification,dinov3_frozen_embeddings_hist_gradient_boosting,hist_gradient_boosting,GroupKFold,5,5,126793,standard (0.9-1.5m),standard (0.9-1.5m),True
width_bin,width_bin,data/processed/train/width_bin_train.csv,data/features/dinov3_vitb16_remaining_attributes_assets.csv,classification,dinov3_frozen_embeddings_hist_gradient_boosting,hist_gradient_boosting,GroupKFold,5,5,127184,standard (0.9-1.5m),standard (0.9-1.5m),True
width_bin,width_bin,data/processed/train/width_bin_train.csv,data/features/dinov3_vitb16_remaining_attributes_assets.csv,classification,dinov3_frozen_embeddings_hist_gradient_boosting,hist_gradient_boosting,GroupKFold,5,5,127205,standard (0.9-1.5m),standard (0.9-1.5m),True
width_bin,width_bin,data/processed/train/width_bin_train.csv,data/features/dinov3_vitb16_remaining_attributes_assets.csv,classification,dinov3_frozen_embeddings_hist_gradient_boosting,hist_gradient_boosting,GroupKFold,5,5,128643,standard (0.9-1.5m),standard (0.9-1.5m),True
width_bin,width_bin,data/processed/train/width_bin_train.csv,data/features/dinov3_vitb16_remaining_attributes_assets.csv,classification,dinov3_frozen_embeddings_hist_gradient_boosting,hist_gradient_boosting,GroupKFold,5,5,46619,medium (3-7m),standard (0.9-1.5m),False
width_bin,width_bin,data/processed/train/width_bin_train.csv,data/features/dinov3_vitb16_remaining_attributes_assets.csv,classification,dinov3_frozen_embeddings_hist_gradient_boosting,hist_gradient_boosting,GroupKFold,5,5,55471,narrow (<3m),wide (>1.5m),False
width_bin,width_bin,data/processed/train/width_bin_train.csv,data/features/dinov3_vitb16_remaining_attributes_assets.csv,classification,dinov3_frozen_embeddings_hist_gradient_boosting,hist_gradient_boosting,GroupKFold,5,5,57509,wide (>7m),medium (3-7m),False
width_bin,width_bin,data/processed/train/width_bin_train.csv,data/features/dinov3_vitb16_remaining_attributes_assets.csv,classification,dinov3_frozen_embeddings_hist_gradient_boosting,hist_gradient_boosting,GroupKFold,5,5,64468,narrow (<3m),medium (3-7m),False
width_bin,width_bin,data/processed/train/width_bin_train.csv,data/features/dinov3_vitb16_remaining_attributes_assets.csv,classification,dinov3_frozen_embeddings_hist_gradient_boosting,hist_gradient_boosting,GroupKFold,5,5,66959,medium (3-7m),medium (3-7m),True
width_bin,width_bin,data/processed/train/width_bin_train.csv,data/features/dinov3_vitb16_remaining_attributes_assets.csv,classification,dinov3_frozen_embeddings_hist_gradient_boosting,hist_gradient_boosting,GroupKFold,5,5,68020,medium (3-7m),standard (0.9-1.5m),False
width_bin,width_bin,data/processed/train/width_bin_train.csv,data/features/dinov3_vitb16_remaining_attributes_assets.csv,classification,dinov3_frozen_embeddings_hist_gradient_boosting,hist_gradient_boosting,GroupKFold,5,5,74895,medium (3-7m),medium (3-7m),True
width_bin,width_bin,data/processed/train/width_bin_train.csv,data/features/dinov3_vitb16_remaining_attributes_assets.csv,classification,dinov3_frozen_embeddings_hist_gradient_boosting,hist_gradient_boosting,GroupKFold,5,5,80994,narrow (<3m),medium (3-7m),False
width_bin,width_bin,data/processed/train/width_bin_train.csv,data/features/dinov3_vitb16_remaining_attributes_assets.csv,classification,dinov3_frozen_embeddings_hist_gradient_boosting,hist_gradient_boosting,GroupKFold,5,5,82850,medium (3-7m),medium (3-7m),True
width_bin,width_bin,data/processed/train/width_bin_train.csv,data/features/dinov3_vitb16_remaining_attributes_assets.csv,classification,dinov3_frozen_embeddings_hist_gradient_boosting,hist_gradient_boosting,GroupKFold,5,5,111784,medium (3-7m),standard (0.9-1.5m),False
