attribute,asset_type,fold,asset_id,true_label,predicted_label,correct,confidence,target_column,classifier,strategy
length_bin,,1,48634,long (>100m),short (<20m),False,0.6117053428111456,length_bin,logistic_regression,siglip_frozen_embeddings_logistic_regression
length_bin,,1,51256,medium (20-100m),short (<20m),False,0.5350083291836227,length_bin,logistic_regression,siglip_frozen_embeddings_logistic_regression
length_bin,,1,51547,long (>100m),medium (20-100m),False,0.9046934162496612,length_bin,logistic_regression,siglip_frozen_embeddings_logistic_regression
length_bin,,1,51942,long (>100m),short (<20m),False,0.6767331348638128,length_bin,logistic_regression,siglip_frozen_embeddings_logistic_regression
length_bin,,1,52245,short (<20m),medium (6-20m),False,0.6256788970887015,length_bin,logistic_regression,siglip_frozen_embeddings_logistic_regression
length_bin,,1,55648,short (<20m),long (>100m),False,0.7438917446934252,length_bin,logistic_regression,siglip_frozen_embeddings_logistic_regression
length_bin,,1,56209,medium (20-100m),short (<6m),False,0.6159337311818847,length_bin,logistic_regression,siglip_frozen_embeddings_logistic_regression
length_bin,,1,56344,long (>100m),medium (6-20m),False,0.5783891086564009,length_bin,logistic_regression,siglip_frozen_embeddings_logistic_regression
length_bin,,1,64261,short (<20m),medium (20-100m),False,0.48878366515340504,length_bin,logistic_regression,siglip_frozen_embeddings_logistic_regression
length_bin,,1,64273,short (<20m),long (>100m),False,0.5591085830616259,length_bin,logistic_regression,siglip_frozen_embeddings_logistic_regression
length_bin,,1,65422,short (<20m),short (<20m),True,0.8233268398746819,length_bin,logistic_regression,siglip_frozen_embeddings_logistic_regression
length_bin,,1,66040,medium (20-100m),medium (6-20m),False,0.8361847720971614,length_bin,logistic_regression,siglip_frozen_embeddings_logistic_regression
length_bin,,1,83925,short (<20m),short (<20m),True,0.9955546199558447,length_bin,logistic_regression,siglip_frozen_embeddings_logistic_regression
length_bin,,1,83941,medium (20-100m),short (<20m),False,0.9540814693753108,length_bin,logistic_regression,siglip_frozen_embeddings_logistic_regression
length_bin,,1,83943,short (<20m),medium (20-100m),False,0.517568476298163,length_bin,logistic_regression,siglip_frozen_embeddings_logistic_regression
length_bin,,1,83944,short (<20m),medium (20-100m),False,0.9111525847776646,length_bin,logistic_regression,siglip_frozen_embeddings_logistic_regression
length_bin,,1,83950,medium (20-100m),short (<20m),False,0.8720789487010163,length_bin,logistic_regression,siglip_frozen_embeddings_logistic_regression
length_bin,,1,85078,medium (20-100m),short (<20m),False,0.5765284985623741,length_bin,logistic_regression,siglip_frozen_embeddings_logistic_regression
length_bin,,1,85474,short (<20m),short (<20m),True,0.8515930057528439,length_bin,logistic_regression,siglip_frozen_embeddings_logistic_regression
length_bin,,1,85498,short (<20m),medium (20-100m),False,0.7147599112494165,length_bin,logistic_regression,siglip_frozen_embeddings_logistic_regression
length_bin,,1,85508,medium (20-100m),short (<20m),False,0.7624149028049216,length_bin,logistic_regression,siglip_frozen_embeddings_logistic_regression
length_bin,,1,86014,short (<20m),medium (20-100m),False,0.9033527949204239,length_bin,logistic_regression,siglip_frozen_embeddings_logistic_regression
length_bin,,1,86052,short (<20m),medium (20-100m),False,0.8645488671130449,length_bin,logistic_regression,siglip_frozen_embeddings_logistic_regression
length_bin,,1,86066,short (<20m),short (<20m),True,0.5256286893535141,length_bin,logistic_regression,siglip_frozen_embeddings_logistic_regression
length_bin,,1,86068,short (<20m),short (<20m),True,0.9773219028878994,length_bin,logistic_regression,siglip_frozen_embeddings_logistic_regression
length_bin,,1,86083,short (<20m),short (<20m),True,0.6996590469377438,length_bin,logistic_regression,siglip_frozen_embeddings_logistic_regression
length_bin,,1,86087,short (<20m),short (<20m),True,0.9597695156098766,length_bin,logistic_regression,siglip_frozen_embeddings_logistic_regression
length_bin,,1,86104,short (<20m),short (<20m),True,0.9906976078816002,length_bin,logistic_regression,siglip_frozen_embeddings_logistic_regression
length_bin,,1,86103,short (<20m),medium (20-100m),False,0.762698381986421,length_bin,logistic_regression,siglip_frozen_embeddings_logistic_regression
length_bin,,1,86106,short (<20m),medium (20-100m),False,0.5468458182660209,length_bin,logistic_regression,siglip_frozen_embeddings_logistic_regression
length_bin,,1,86111,short (<20m),short (<20m),True,0.9942207330138132,length_bin,logistic_regression,siglip_frozen_embeddings_logistic_regression
length_bin,,1,86122,short (<20m),short (<20m),True,0.9264668673917752,length_bin,logistic_regression,siglip_frozen_embeddings_logistic_regression
length_bin,,1,86118,medium (20-100m),short (<20m),False,0.9428737236465851,length_bin,logistic_regression,siglip_frozen_embeddings_logistic_regression
length_bin,,1,86132,medium (20-100m),medium (20-100m),True,0.8978415064230812,length_bin,logistic_regression,siglip_frozen_embeddings_logistic_regression
length_bin,,1,86140,medium (20-100m),short (<20m),False,0.5267505986028341,length_bin,logistic_regression,siglip_frozen_embeddings_logistic_regression
length_bin,,1,86150,short (<20m),long (>100m),False,0.6110324078382774,length_bin,logistic_regression,siglip_frozen_embeddings_logistic_regression
length_bin,,1,86148,short (<20m),short (<20m),True,0.8262182379664325,length_bin,logistic_regression,siglip_frozen_embeddings_logistic_regression
length_bin,,1,86168,short (<20m),short (<20m),True,0.9922947473042772,length_bin,logistic_regression,siglip_frozen_embeddings_logistic_regression
length_bin,,1,86176,short (<20m),medium (20-100m),False,0.80696017701377,length_bin,logistic_regression,siglip_frozen_embeddings_logistic_regression
length_bin,,1,86177,short (<20m),short (<20m),True,0.6292349803465369,length_bin,logistic_regression,siglip_frozen_embeddings_logistic_regression
length_bin,,1,86178,short (<20m),short (<20m),True,0.8690949582553711,length_bin,logistic_regression,siglip_frozen_embeddings_logistic_regression
length_bin,,1,86180,short (<20m),long (>100m),False,0.9146566272075697,length_bin,logistic_regression,siglip_frozen_embeddings_logistic_regression
length_bin,,1,86191,long (>100m),medium (20-100m),False,0.5318963786300671,length_bin,logistic_regression,siglip_frozen_embeddings_logistic_regression
length_bin,,1,86198,short (<20m),short (<20m),True,0.9957415204530126,length_bin,logistic_regression,siglip_frozen_embeddings_logistic_regression
length_bin,,1,86204,medium (20-100m),medium (20-100m),True,0.5709914961446464,length_bin,logistic_regression,siglip_frozen_embeddings_logistic_regression
length_bin,,1,86199,medium (20-100m),medium (20-100m),True,0.6322924242220234,length_bin,logistic_regression,siglip_frozen_embeddings_logistic_regression
length_bin,,1,86207,short (<20m),medium (20-100m),False,0.9214738243933766,length_bin,logistic_regression,siglip_frozen_embeddings_logistic_regression
length_bin,,1,86216,short (<20m),short (<20m),True,0.9999327210220741,length_bin,logistic_regression,siglip_frozen_embeddings_logistic_regression
length_bin,,1,86220,short (<20m),medium (20-100m),False,0.5869636593037535,length_bin,logistic_regression,siglip_frozen_embeddings_logistic_regression
length_bin,,1,86219,medium (20-100m),medium (20-100m),True,0.8091296576299036,length_bin,logistic_regression,siglip_frozen_embeddings_logistic_regression
length_bin,,1,86232,medium (20-100m),short (<20m),False,0.8440322600936374,length_bin,logistic_regression,siglip_frozen_embeddings_logistic_regression
length_bin,,1,86257,short (<20m),medium (20-100m),False,0.6505371443226571,length_bin,logistic_regression,siglip_frozen_embeddings_logistic_regression
length_bin,,1,87508,short (<20m),short (<20m),True,0.9802018580087714,length_bin,logistic_regression,siglip_frozen_embeddings_logistic_regression
length_bin,,1,87561,short (<20m),short (<20m),True,0.9960933754690953,length_bin,logistic_regression,siglip_frozen_embeddings_logistic_regression
length_bin,,1,87579,short (<20m),short (<6m),False,0.6419932881386172,length_bin,logistic_regression,siglip_frozen_embeddings_logistic_regression
length_bin,,1,89448,short (<20m),short (<20m),True,0.9496646116754248,length_bin,logistic_regression,siglip_frozen_embeddings_logistic_regression
length_bin,,1,89577,short (<20m),short (<20m),True,0.9408064674308747,length_bin,logistic_regression,siglip_frozen_embeddings_logistic_regression
length_bin,,1,89595,short (<20m),short (<20m),True,0.9625187704692946,length_bin,logistic_regression,siglip_frozen_embeddings_logistic_regression
length_bin,,1,89598,short (<20m),short (<20m),True,0.97826172713741,length_bin,logistic_regression,siglip_frozen_embeddings_logistic_regression
length_bin,,1,89764,short (<20m),short (<6m),False,0.9145181916439168,length_bin,logistic_regression,siglip_frozen_embeddings_logistic_regression
length_bin,,1,90319,medium (20-100m),long (>20m),False,0.4060451123588986,length_bin,logistic_regression,siglip_frozen_embeddings_logistic_regression
length_bin,,1,90321,medium (20-100m),short (<20m),False,0.5727933558250258,length_bin,logistic_regression,siglip_frozen_embeddings_logistic_regression
length_bin,,1,90322,short (<20m),short (<20m),True,0.9489589427453171,length_bin,logistic_regression,siglip_frozen_embeddings_logistic_regression
length_bin,,1,90334,medium (20-100m),medium (20-100m),True,0.7951976856112156,length_bin,logistic_regression,siglip_frozen_embeddings_logistic_regression
length_bin,,1,90349,medium (20-100m),short (<20m),False,0.9072261387495194,length_bin,logistic_regression,siglip_frozen_embeddings_logistic_regression
length_bin,,1,90357,long (>100m),medium (20-100m),False,0.4948192625547483,length_bin,logistic_regression,siglip_frozen_embeddings_logistic_regression
length_bin,,1,90375,medium (20-100m),short (<20m),False,0.522237898639485,length_bin,logistic_regression,siglip_frozen_embeddings_logistic_regression
length_bin,,1,90376,medium (20-100m),medium (20-100m),True,0.9034170282283738,length_bin,logistic_regression,siglip_frozen_embeddings_logistic_regression
length_bin,,1,90377,short (<20m),short (<20m),True,0.8808644281264795,length_bin,logistic_regression,siglip_frozen_embeddings_logistic_regression
length_bin,,1,90378,long (>100m),short (<20m),False,0.8039079500601699,length_bin,logistic_regression,siglip_frozen_embeddings_logistic_regression
length_bin,,1,90379,short (<20m),short (<20m),True,0.9683827608758686,length_bin,logistic_regression,siglip_frozen_embeddings_logistic_regression
length_bin,,1,90386,medium (20-100m),short (<20m),False,0.48868958337906593,length_bin,logistic_regression,siglip_frozen_embeddings_logistic_regression
length_bin,,1,90388,medium (20-100m),medium (20-100m),True,0.5755097803037709,length_bin,logistic_regression,siglip_frozen_embeddings_logistic_regression
length_bin,,1,90392,medium (20-100m),medium (20-100m),True,0.9939391608047453,length_bin,logistic_regression,siglip_frozen_embeddings_logistic_regression
length_bin,,1,90397,medium (20-100m),short (<20m),False,0.9891970310472474,length_bin,logistic_regression,siglip_frozen_embeddings_logistic_regression
length_bin,,1,90398,short (<20m),medium (20-100m),False,0.8966749292538373,length_bin,logistic_regression,siglip_frozen_embeddings_logistic_regression
length_bin,,1,90494,medium (20-100m),medium (20-100m),True,0.4956545831076452,length_bin,logistic_regression,siglip_frozen_embeddings_logistic_regression
length_bin,,1,90502,medium (20-100m),medium (20-100m),True,0.9903466684671134,length_bin,logistic_regression,siglip_frozen_embeddings_logistic_regression
length_bin,,1,90957,medium (20-100m),medium (20-100m),True,0.9916532959223151,length_bin,logistic_regression,siglip_frozen_embeddings_logistic_regression
length_bin,,1,92008,medium (20-100m),medium (6-20m),False,0.8674282498488607,length_bin,logistic_regression,siglip_frozen_embeddings_logistic_regression
length_bin,,1,92021,short (<20m),long (>100m),False,0.8330800142724254,length_bin,logistic_regression,siglip_frozen_embeddings_logistic_regression
length_bin,,1,92023,medium (20-100m),long (>100m),False,0.7681217424105302,length_bin,logistic_regression,siglip_frozen_embeddings_logistic_regression
length_bin,,1,92024,medium (20-100m),short (<20m),False,0.6428793853100716,length_bin,logistic_regression,siglip_frozen_embeddings_logistic_regression
length_bin,,1,92028,medium (20-100m),short (<20m),False,0.992381374491717,length_bin,logistic_regression,siglip_frozen_embeddings_logistic_regression
length_bin,,1,92029,short (<20m),long (>100m),False,0.5838570456716257,length_bin,logistic_regression,siglip_frozen_embeddings_logistic_regression
length_bin,,1,92030,short (<20m),short (<20m),True,0.7158480726874256,length_bin,logistic_regression,siglip_frozen_embeddings_logistic_regression
length_bin,,1,92038,short (<20m),short (<20m),True,0.9965157849557225,length_bin,logistic_regression,siglip_frozen_embeddings_logistic_regression
length_bin,,1,92054,medium (20-100m),medium (20-100m),True,0.6469792683178364,length_bin,logistic_regression,siglip_frozen_embeddings_logistic_regression
length_bin,,1,92060,short (<20m),short (<20m),True,0.9096566427041443,length_bin,logistic_regression,siglip_frozen_embeddings_logistic_regression
length_bin,,1,92070,short (<20m),medium (20-100m),False,0.608972121611885,length_bin,logistic_regression,siglip_frozen_embeddings_logistic_regression
length_bin,,1,92071,medium (20-100m),long (>100m),False,0.538010279538031,length_bin,logistic_regression,siglip_frozen_embeddings_logistic_regression
length_bin,,1,92072,medium (20-100m),medium (20-100m),True,0.9790896363577521,length_bin,logistic_regression,siglip_frozen_embeddings_logistic_regression
length_bin,,1,92080,short (<20m),medium (20-100m),False,0.9110699838339927,length_bin,logistic_regression,siglip_frozen_embeddings_logistic_regression
length_bin,,1,94271,long (>100m),short (<20m),False,0.5584426933163751,length_bin,logistic_regression,siglip_frozen_embeddings_logistic_regression
length_bin,,1,94272,short (<20m),short (<20m),True,0.792415439287985,length_bin,logistic_regression,siglip_frozen_embeddings_logistic_regression
length_bin,,1,94290,medium (20-100m),medium (20-100m),True,0.7991423766412712,length_bin,logistic_regression,siglip_frozen_embeddings_logistic_regression
length_bin,,1,94303,short (<20m),medium (20-100m),False,0.8522448075551751,length_bin,logistic_regression,siglip_frozen_embeddings_logistic_regression
length_bin,,1,94317,long (>100m),short (<10m),False,0.6066222968009906,length_bin,logistic_regression,siglip_frozen_embeddings_logistic_regression
length_bin,,1,94319,long (>100m),long (>100m),True,0.9962507087502162,length_bin,logistic_regression,siglip_frozen_embeddings_logistic_regression
length_bin,,1,94322,short (<20m),short (<20m),True,0.9923298565813549,length_bin,logistic_regression,siglip_frozen_embeddings_logistic_regression
length_bin,,1,94350,short (<20m),medium (20-100m),False,0.744932936724677,length_bin,logistic_regression,siglip_frozen_embeddings_logistic_regression
length_bin,,1,94364,medium (20-100m),long (>100m),False,0.807531785550323,length_bin,logistic_regression,siglip_frozen_embeddings_logistic_regression
length_bin,,1,94367,short (<20m),short (<20m),True,0.9163863330620478,length_bin,logistic_regression,siglip_frozen_embeddings_logistic_regression
length_bin,,1,94371,short (<20m),medium (20-100m),False,0.8710174040180612,length_bin,logistic_regression,siglip_frozen_embeddings_logistic_regression
length_bin,,1,94376,medium (20-100m),short (<20m),False,0.8580448261889796,length_bin,logistic_regression,siglip_frozen_embeddings_logistic_regression
length_bin,,1,94377,short (<20m),short (<20m),True,0.7288948481447896,length_bin,logistic_regression,siglip_frozen_embeddings_logistic_regression
length_bin,,1,94382,medium (20-100m),medium (20-100m),True,0.8948865953932489,length_bin,logistic_regression,siglip_frozen_embeddings_logistic_regression
length_bin,,1,94392,short (<20m),short (<6m),False,0.6827540567631433,length_bin,logistic_regression,siglip_frozen_embeddings_logistic_regression
length_bin,,1,94394,short (<20m),medium (20-100m),False,0.925992570802113,length_bin,logistic_regression,siglip_frozen_embeddings_logistic_regression
length_bin,,1,94399,short (<20m),short (<20m),True,0.6498101252067877,length_bin,logistic_regression,siglip_frozen_embeddings_logistic_regression
length_bin,,1,94486,long (>100m),medium (20-100m),False,0.813830931767353,length_bin,logistic_regression,siglip_frozen_embeddings_logistic_regression
length_bin,,1,96809,long (>100m),long (>30m),False,0.4394679527762928,length_bin,logistic_regression,siglip_frozen_embeddings_logistic_regression
length_bin,,1,100260,short (<20m),short (<6m),False,0.9913832955015209,length_bin,logistic_regression,siglip_frozen_embeddings_logistic_regression
length_bin,,1,100345,medium (20-100m),medium (20-100m),True,0.9893208965895534,length_bin,logistic_regression,siglip_frozen_embeddings_logistic_regression
length_bin,,1,100999,short (<20m),short (<20m),True,0.6443258489166322,length_bin,logistic_regression,siglip_frozen_embeddings_logistic_regression
length_bin,,1,101005,short (<20m),medium (20-100m),False,0.6867367775273086,length_bin,logistic_regression,siglip_frozen_embeddings_logistic_regression
length_bin,,1,102412,short (<20m),short (<20m),True,0.48971169241775636,length_bin,logistic_regression,siglip_frozen_embeddings_logistic_regression
length_bin,,1,102444,short (<20m),medium (6-20m),False,0.948815045421641,length_bin,logistic_regression,siglip_frozen_embeddings_logistic_regression
length_bin,,1,102560,short (<20m),short (<20m),True,0.7784066047768945,length_bin,logistic_regression,siglip_frozen_embeddings_logistic_regression
length_bin,,1,103622,short (<20m),short (<6m),False,0.5395175421271373,length_bin,logistic_regression,siglip_frozen_embeddings_logistic_regression
length_bin,,1,103747,short (<20m),short (<20m),True,0.9965670983906373,length_bin,logistic_regression,siglip_frozen_embeddings_logistic_regression
length_bin,,1,105268,short (<20m),short (<20m),True,0.6920128608462022,length_bin,logistic_regression,siglip_frozen_embeddings_logistic_regression
length_bin,,1,107364,short (<20m),short (<20m),True,0.3970689834383955,length_bin,logistic_regression,siglip_frozen_embeddings_logistic_regression
length_bin,,1,107404,short (<20m),medium (20-100m),False,0.8366304146708677,length_bin,logistic_regression,siglip_frozen_embeddings_logistic_regression
length_bin,,1,107591,short (<20m),short (<6m),False,0.8770064812823191,length_bin,logistic_regression,siglip_frozen_embeddings_logistic_regression
length_bin,,1,107601,short (<20m),short (<6m),False,0.8748678566289358,length_bin,logistic_regression,siglip_frozen_embeddings_logistic_regression
length_bin,,1,107896,short (<20m),short (<20m),True,0.7858709932494888,length_bin,logistic_regression,siglip_frozen_embeddings_logistic_regression
length_bin,,1,107920,short (<20m),short (<20m),True,0.9939715632302354,length_bin,logistic_regression,siglip_frozen_embeddings_logistic_regression
length_bin,,1,108001,short (<20m),short (<6m),False,0.7981876656634675,length_bin,logistic_regression,siglip_frozen_embeddings_logistic_regression
length_bin,,1,108023,short (<20m),medium (5-20m),False,0.3437604685733919,length_bin,logistic_regression,siglip_frozen_embeddings_logistic_regression
length_bin,,1,108353,short (<20m),short (<20m),True,0.713710153465558,length_bin,logistic_regression,siglip_frozen_embeddings_logistic_regression
length_bin,,1,108355,short (<20m),long (>100m),False,0.8968787328744084,length_bin,logistic_regression,siglip_frozen_embeddings_logistic_regression
length_bin,,1,108656,short (<20m),short (<6m),False,0.965415648808227,length_bin,logistic_regression,siglip_frozen_embeddings_logistic_regression
length_bin,,1,108660,short (<20m),short (<20m),True,0.7130846317854254,length_bin,logistic_regression,siglip_frozen_embeddings_logistic_regression
length_bin,,1,108729,short (<20m),short (<20m),True,0.5886232583114536,length_bin,logistic_regression,siglip_frozen_embeddings_logistic_regression
length_bin,,1,108782,short (<20m),medium (20-100m),False,0.7193423146069393,length_bin,logistic_regression,siglip_frozen_embeddings_logistic_regression
length_bin,,1,108783,short (<20m),short (<20m),True,0.6750294421938786,length_bin,logistic_regression,siglip_frozen_embeddings_logistic_regression
length_bin,,1,108796,medium (20-100m),short (<6m),False,0.5048984656195326,length_bin,logistic_regression,siglip_frozen_embeddings_logistic_regression
length_bin,,1,108798,short (<20m),short (<20m),True,0.5072620204180827,length_bin,logistic_regression,siglip_frozen_embeddings_logistic_regression
length_bin,,1,109699,short (<20m),short (<20m),True,0.9983694869313583,length_bin,logistic_regression,siglip_frozen_embeddings_logistic_regression
length_bin,,1,109705,short (<20m),short (<20m),True,0.6385178336652665,length_bin,logistic_regression,siglip_frozen_embeddings_logistic_regression
length_bin,,1,109712,short (<20m),short (<20m),True,0.480227870047998,length_bin,logistic_regression,siglip_frozen_embeddings_logistic_regression
length_bin,,1,110283,short (<20m),medium (20-100m),False,0.9781481941169272,length_bin,logistic_regression,siglip_frozen_embeddings_logistic_regression
length_bin,,1,110285,medium (20-100m),long (>100m),False,0.9959586173372534,length_bin,logistic_regression,siglip_frozen_embeddings_logistic_regression
length_bin,,1,110300,short (<20m),medium (20-100m),False,0.6939857114829547,length_bin,logistic_regression,siglip_frozen_embeddings_logistic_regression
length_bin,,1,110570,short (<20m),long (>100m),False,0.49303023281660496,length_bin,logistic_regression,siglip_frozen_embeddings_logistic_regression
length_bin,,1,110580,short (<20m),short (<20m),True,0.9832961340736126,length_bin,logistic_regression,siglip_frozen_embeddings_logistic_regression
length_bin,,1,110699,long (>100m),short (<6m),False,0.9836347330859665,length_bin,logistic_regression,siglip_frozen_embeddings_logistic_regression
length_bin,,1,110731,long (>100m),short (<6m),False,0.9862494861044062,length_bin,logistic_regression,siglip_frozen_embeddings_logistic_regression
length_bin,,1,110974,short (<20m),short (<20m),True,0.9903690577950167,length_bin,logistic_regression,siglip_frozen_embeddings_logistic_regression
length_bin,,1,111003,short (<20m),medium (20-100m),False,0.9726215843939968,length_bin,logistic_regression,siglip_frozen_embeddings_logistic_regression
length_bin,,1,111693,short (<20m),short (<20m),True,0.6749112876382575,length_bin,logistic_regression,siglip_frozen_embeddings_logistic_regression
length_bin,,1,111717,short (<20m),short (<20m),True,0.8968002345269493,length_bin,logistic_regression,siglip_frozen_embeddings_logistic_regression
length_bin,,1,111729,short (<20m),short (<20m),True,0.6172778592483769,length_bin,logistic_regression,siglip_frozen_embeddings_logistic_regression
length_bin,,1,111777,medium (20-100m),short (<20m),False,0.635320275315831,length_bin,logistic_regression,siglip_frozen_embeddings_logistic_regression
length_bin,,1,111813,short (<20m),short (<20m),True,0.9758123733343184,length_bin,logistic_regression,siglip_frozen_embeddings_logistic_regression
length_bin,,1,112319,short (<20m),short (<20m),True,0.5260673927886121,length_bin,logistic_regression,siglip_frozen_embeddings_logistic_regression
length_bin,,1,112326,short (<20m),long (>100m),False,0.8264981126719058,length_bin,logistic_regression,siglip_frozen_embeddings_logistic_regression
length_bin,,1,112327,short (<20m),short (<20m),True,0.8391029925053812,length_bin,logistic_regression,siglip_frozen_embeddings_logistic_regression
length_bin,,1,112351,short (<20m),long (>100m),False,0.5720212884304897,length_bin,logistic_regression,siglip_frozen_embeddings_logistic_regression
length_bin,,1,112582,long (>100m),long (>100m),True,0.782698118299039,length_bin,logistic_regression,siglip_frozen_embeddings_logistic_regression
length_bin,,1,112584,long (>100m),medium (20-100m),False,0.533925025452941,length_bin,logistic_regression,siglip_frozen_embeddings_logistic_regression
length_bin,,1,113128,medium (20-100m),short (<20m),False,0.9498623768557715,length_bin,logistic_regression,siglip_frozen_embeddings_logistic_regression
length_bin,,1,114934,short (<20m),short (<20m),True,0.7024985021204205,length_bin,logistic_regression,siglip_frozen_embeddings_logistic_regression
length_bin,,1,117362,medium (20-100m),long (>100m),False,0.9200312782391242,length_bin,logistic_regression,siglip_frozen_embeddings_logistic_regression
length_bin,,1,118201,short (<20m),short (<20m),True,0.9400997397642988,length_bin,logistic_regression,siglip_frozen_embeddings_logistic_regression
length_bin,,1,120663,medium (20-100m),long (>100m),False,0.38007834337912605,length_bin,logistic_regression,siglip_frozen_embeddings_logistic_regression
length_bin,,1,120669,short (<20m),short (<20m),True,0.7190254449791428,length_bin,logistic_regression,siglip_frozen_embeddings_logistic_regression
length_bin,,1,120672,short (<20m),medium (6-20m),False,0.5197405020605668,length_bin,logistic_regression,siglip_frozen_embeddings_logistic_regression
length_bin,,1,120673,short (<20m),short (<20m),True,0.9841595091116295,length_bin,logistic_regression,siglip_frozen_embeddings_logistic_regression
length_bin,,1,120677,short (<20m),short (<6m),False,0.47597415087582734,length_bin,logistic_regression,siglip_frozen_embeddings_logistic_regression
length_bin,,1,120679,short (<20m),medium (20-100m),False,0.45410315474139284,length_bin,logistic_regression,siglip_frozen_embeddings_logistic_regression
length_bin,,1,120689,short (<20m),short (<20m),True,0.8007734671754918,length_bin,logistic_regression,siglip_frozen_embeddings_logistic_regression
length_bin,,1,120690,short (<20m),short (<20m),True,0.8532064256203128,length_bin,logistic_regression,siglip_frozen_embeddings_logistic_regression
length_bin,,1,121009,short (<20m),short (<20m),True,0.554063213720478,length_bin,logistic_regression,siglip_frozen_embeddings_logistic_regression
length_bin,,1,121015,medium (20-100m),medium (20-100m),True,0.6157940801615749,length_bin,logistic_regression,siglip_frozen_embeddings_logistic_regression
length_bin,,1,121737,short (<20m),short (<20m),True,0.999065283423598,length_bin,logistic_regression,siglip_frozen_embeddings_logistic_regression
length_bin,,1,121743,short (<20m),short (<20m),True,0.9999883724939489,length_bin,logistic_regression,siglip_frozen_embeddings_logistic_regression
length_bin,,1,121746,short (<20m),short (<20m),True,0.9905708418420327,length_bin,logistic_regression,siglip_frozen_embeddings_logistic_regression
length_bin,,1,121786,short (<20m),short (<6m),False,0.36870160071029207,length_bin,logistic_regression,siglip_frozen_embeddings_logistic_regression
length_bin,,1,123094,short (<20m),short (<20m),True,0.5931650904303774,length_bin,logistic_regression,siglip_frozen_embeddings_logistic_regression
length_bin,,1,123260,short (<20m),medium (20-100m),False,0.28352042289572543,length_bin,logistic_regression,siglip_frozen_embeddings_logistic_regression
length_bin,,1,123785,short (<20m),short (<20m),True,0.9853913030364109,length_bin,logistic_regression,siglip_frozen_embeddings_logistic_regression
length_bin,,1,126778,short (<20m),short (<20m),True,0.9809610312899767,length_bin,logistic_regression,siglip_frozen_embeddings_logistic_regression
length_bin,,1,126783,short (<20m),short (<20m),True,0.8652542653850226,length_bin,logistic_regression,siglip_frozen_embeddings_logistic_regression
length_bin,,1,126838,short (<20m),medium (20-100m),False,0.8615655247164616,length_bin,logistic_regression,siglip_frozen_embeddings_logistic_regression
length_bin,,1,126839,short (<20m),short (<20m),True,0.9048233536153317,length_bin,logistic_regression,siglip_frozen_embeddings_logistic_regression
length_bin,,1,126840,short (<20m),short (<10m),False,0.3812760551356264,length_bin,logistic_regression,siglip_frozen_embeddings_logistic_regression
length_bin,,1,127067,short (<20m),short (<6m),False,0.9981938227108818,length_bin,logistic_regression,siglip_frozen_embeddings_logistic_regression
length_bin,,1,127140,short (<20m),short (<20m),True,0.9890363975468269,length_bin,logistic_regression,siglip_frozen_embeddings_logistic_regression
length_bin,,1,127148,short (<20m),long (>30m),False,0.8454227471697909,length_bin,logistic_regression,siglip_frozen_embeddings_logistic_regression
length_bin,,1,127242,short (<20m),short (<20m),True,0.9745421063795546,length_bin,logistic_regression,siglip_frozen_embeddings_logistic_regression
length_bin,,1,127459,short (<20m),short (<20m),True,0.9240116664103367,length_bin,logistic_regression,siglip_frozen_embeddings_logistic_regression
length_bin,,1,89766,medium (10-30m),short (<20m),False,0.8263337530397248,length_bin,logistic_regression,siglip_frozen_embeddings_logistic_regression
length_bin,,1,109183,short (<10m),short (<10m),True,0.9982953196455951,length_bin,logistic_regression,siglip_frozen_embeddings_logistic_regression
length_bin,,1,109621,short (<10m),short (<20m),False,0.9120610238119075,length_bin,logistic_regression,siglip_frozen_embeddings_logistic_regression
length_bin,,1,117011,short (<10m),medium (6-20m),False,0.954927169124258,length_bin,logistic_regression,siglip_frozen_embeddings_logistic_regression
length_bin,,1,121505,long (>30m),medium (6-20m),False,0.9589661051403686,length_bin,logistic_regression,siglip_frozen_embeddings_logistic_regression
length_bin,,1,128879,short (<10m),medium (10-30m),False,0.9992279415573423,length_bin,logistic_regression,siglip_frozen_embeddings_logistic_regression
length_bin,,1,128880,medium (10-30m),medium (10-30m),True,0.7354869457585373,length_bin,logistic_regression,siglip_frozen_embeddings_logistic_regression
length_bin,,1,52621,long (>20m),long (>100m),False,0.9606535687477871,length_bin,logistic_regression,siglip_frozen_embeddings_logistic_regression
length_bin,,1,107929,short (<5m),short (<5m),True,0.9352309709591491,length_bin,logistic_regression,siglip_frozen_embeddings_logistic_regression
length_bin,,1,107931,medium (5-20m),short (<20m),False,0.8332566787693522,length_bin,logistic_regression,siglip_frozen_embeddings_logistic_regression
length_bin,,1,107985,short (<5m),medium (5-20m),False,0.9580416303120607,length_bin,logistic_regression,siglip_frozen_embeddings_logistic_regression
length_bin,,1,107994,medium (5-20m),short (<5m),False,0.8769442764847611,length_bin,logistic_regression,siglip_frozen_embeddings_logistic_regression
length_bin,,1,108241,short (<5m),short (<20m),False,0.6553688230063625,length_bin,logistic_regression,siglip_frozen_embeddings_logistic_regression
length_bin,,1,110087,medium (5-20m),medium (5-20m),True,0.89186590751213,length_bin,logistic_regression,siglip_frozen_embeddings_logistic_regression
length_bin,,1,48296,medium (6-20m),medium (6-20m),True,0.9999919442280817,length_bin,logistic_regression,siglip_frozen_embeddings_logistic_regression
length_bin,,1,49058,short (<6m),medium (20-100m),False,0.45685339059177027,length_bin,logistic_regression,siglip_frozen_embeddings_logistic_regression
length_bin,,1,49059,short (<6m),medium (20-100m),False,0.38415087819751914,length_bin,logistic_regression,siglip_frozen_embeddings_logistic_regression
length_bin,,1,49061,short (<6m),short (<6m),True,0.5955476169824112,length_bin,logistic_regression,siglip_frozen_embeddings_logistic_regression
length_bin,,1,50770,short (<6m),short (<20m),False,0.5597213420829794,length_bin,logistic_regression,siglip_frozen_embeddings_logistic_regression
length_bin,,1,50821,medium (6-20m),medium (6-20m),True,0.6683017730645416,length_bin,logistic_regression,siglip_frozen_embeddings_logistic_regression
length_bin,,1,51524,long (>20m),long (>20m),True,0.7684257597310455,length_bin,logistic_regression,siglip_frozen_embeddings_logistic_regression
length_bin,,1,51532,short (<6m),short (<6m),True,0.6170692475018094,length_bin,logistic_regression,siglip_frozen_embeddings_logistic_regression
length_bin,,1,51799,medium (6-20m),medium (6-20m),True,0.6370405985900884,length_bin,logistic_regression,siglip_frozen_embeddings_logistic_regression
length_bin,,1,52457,medium (6-20m),medium (6-20m),True,0.41524699276768817,length_bin,logistic_regression,siglip_frozen_embeddings_logistic_regression
length_bin,,1,52458,short (<6m),medium (6-20m),False,0.9955586312518112,length_bin,logistic_regression,siglip_frozen_embeddings_logistic_regression
length_bin,,1,53195,medium (6-20m),short (<6m),False,0.8165087843048945,length_bin,logistic_regression,siglip_frozen_embeddings_logistic_regression
length_bin,,1,53200,medium (6-20m),medium (6-20m),True,0.8192652938790668,length_bin,logistic_regression,siglip_frozen_embeddings_logistic_regression
length_bin,,1,56858,medium (6-20m),medium (6-20m),True,0.4474546360453145,length_bin,logistic_regression,siglip_frozen_embeddings_logistic_regression
length_bin,,1,57834,medium (6-20m),medium (6-20m),True,0.9898374315840386,length_bin,logistic_regression,siglip_frozen_embeddings_logistic_regression
length_bin,,1,58409,medium (6-20m),medium (6-20m),True,0.928337402630545,length_bin,logistic_regression,siglip_frozen_embeddings_logistic_regression
length_bin,,1,58410,medium (6-20m),medium (6-20m),True,0.9936224445619602,length_bin,logistic_regression,siglip_frozen_embeddings_logistic_regression
length_bin,,1,58881,long (>20m),medium (6-20m),False,0.9045189921588414,length_bin,logistic_regression,siglip_frozen_embeddings_logistic_regression
length_bin,,1,61004,long (>20m),medium (6-20m),False,0.9769318931694119,length_bin,logistic_regression,siglip_frozen_embeddings_logistic_regression
length_bin,,1,61415,medium (6-20m),medium (6-20m),True,0.8392282702060507,length_bin,logistic_regression,siglip_frozen_embeddings_logistic_regression
length_bin,,1,63067,medium (6-20m),medium (6-20m),True,0.9999298260215277,length_bin,logistic_regression,siglip_frozen_embeddings_logistic_regression
length_bin,,1,63068,medium (6-20m),long (>20m),False,0.7581021619003939,length_bin,logistic_regression,siglip_frozen_embeddings_logistic_regression
length_bin,,1,63597,long (>20m),long (>20m),True,0.9999680386156177,length_bin,logistic_regression,siglip_frozen_embeddings_logistic_regression
length_bin,,1,64102,medium (6-20m),medium (6-20m),True,0.9713938254667899,length_bin,logistic_regression,siglip_frozen_embeddings_logistic_regression
length_bin,,1,64116,medium (6-20m),medium (6-20m),True,0.9958667166920705,length_bin,logistic_regression,siglip_frozen_embeddings_logistic_regression
length_bin,,1,64128,medium (6-20m),long (>20m),False,0.8357984324451139,length_bin,logistic_regression,siglip_frozen_embeddings_logistic_regression
length_bin,,1,65790,long (>20m),medium (6-20m),False,0.9586336441253067,length_bin,logistic_regression,siglip_frozen_embeddings_logistic_regression
length_bin,,1,66917,medium (6-20m),medium (6-20m),True,0.9967916719416119,length_bin,logistic_regression,siglip_frozen_embeddings_logistic_regression
length_bin,,1,83134,long (>20m),short (<20m),False,0.8969323294310134,length_bin,logistic_regression,siglip_frozen_embeddings_logistic_regression
length_bin,,1,83141,short (<6m),short (<20m),False,0.965485650129863,length_bin,logistic_regression,siglip_frozen_embeddings_logistic_regression
length_bin,,1,86055,long (>20m),short (<20m),False,0.9396160191854436,length_bin,logistic_regression,siglip_frozen_embeddings_logistic_regression
length_bin,,1,87188,short (<6m),short (<6m),True,0.9651674426181925,length_bin,logistic_regression,siglip_frozen_embeddings_logistic_regression
length_bin,,1,87961,medium (6-20m),medium (6-20m),True,0.9000678424334432,length_bin,logistic_regression,siglip_frozen_embeddings_logistic_regression
length_bin,,1,88136,medium (6-20m),medium (20-100m),False,0.9549438594729537,length_bin,logistic_regression,siglip_frozen_embeddings_logistic_regression
length_bin,,1,89450,short (<6m),short (<20m),False,0.9140123155964445,length_bin,logistic_regression,siglip_frozen_embeddings_logistic_regression
length_bin,,1,89986,long (>20m),medium (6-20m),False,0.8615997164478562,length_bin,logistic_regression,siglip_frozen_embeddings_logistic_regression
length_bin,,1,91832,medium (6-20m),short (<6m),False,0.9943776172494402,length_bin,logistic_regression,siglip_frozen_embeddings_logistic_regression
length_bin,,1,92039,medium (6-20m),medium (6-20m),True,0.8121392136244923,length_bin,logistic_regression,siglip_frozen_embeddings_logistic_regression
length_bin,,1,92150,short (<6m),short (<20m),False,0.5163436495599286,length_bin,logistic_regression,siglip_frozen_embeddings_logistic_regression
length_bin,,1,92152,medium (6-20m),short (<6m),False,0.5408780954134291,length_bin,logistic_regression,siglip_frozen_embeddings_logistic_regression
length_bin,,1,92801,short (<6m),short (<6m),True,0.9794430868293598,length_bin,logistic_regression,siglip_frozen_embeddings_logistic_regression
length_bin,,1,98336,long (>20m),medium (6-20m),False,0.8165324093282851,length_bin,logistic_regression,siglip_frozen_embeddings_logistic_regression
length_bin,,1,99454,short (<6m),short (<20m),False,0.490003112920424,length_bin,logistic_regression,siglip_frozen_embeddings_logistic_regression
length_bin,,1,100140,medium (6-20m),medium (6-20m),True,0.9354121189560209,length_bin,logistic_regression,siglip_frozen_embeddings_logistic_regression
length_bin,,1,100148,short (<6m),short (<6m),True,0.9723350023784416,length_bin,logistic_regression,siglip_frozen_embeddings_logistic_regression
length_bin,,1,100251,short (<6m),medium (6-20m),False,0.5673761457500848,length_bin,logistic_regression,siglip_frozen_embeddings_logistic_regression
length_bin,,1,100252,medium (6-20m),medium (6-20m),True,0.34133828201578625,length_bin,logistic_regression,siglip_frozen_embeddings_logistic_regression
length_bin,,1,100262,medium (6-20m),medium (6-20m),True,0.8494450065667405,length_bin,logistic_regression,siglip_frozen_embeddings_logistic_regression
length_bin,,1,100446,short (<6m),short (<6m),True,0.9452889509534355,length_bin,logistic_regression,siglip_frozen_embeddings_logistic_regression
length_bin,,1,100450,short (<6m),medium (6-20m),False,0.6830289938233756,length_bin,logistic_regression,siglip_frozen_embeddings_logistic_regression
length_bin,,1,100482,medium (6-20m),medium (6-20m),True,0.6521975371806583,length_bin,logistic_regression,siglip_frozen_embeddings_logistic_regression
length_bin,,1,101131,medium (6-20m),medium (6-20m),True,0.989181095265884,length_bin,logistic_regression,siglip_frozen_embeddings_logistic_regression
length_bin,,1,104857,medium (6-20m),medium (6-20m),True,0.9445763734028588,length_bin,logistic_regression,siglip_frozen_embeddings_logistic_regression
length_bin,,1,105449,medium (6-20m),medium (6-20m),True,0.8623597295899312,length_bin,logistic_regression,siglip_frozen_embeddings_logistic_regression
length_bin,,1,106046,medium (6-20m),short (<6m),False,0.910989659811996,length_bin,logistic_regression,siglip_frozen_embeddings_logistic_regression
length_bin,,1,107041,medium (6-20m),long (>20m),False,0.6964873257252437,length_bin,logistic_regression,siglip_frozen_embeddings_logistic_regression
length_bin,,1,107914,short (<6m),short (<6m),True,0.49333510116625456,length_bin,logistic_regression,siglip_frozen_embeddings_logistic_regression
length_bin,,1,107955,medium (6-20m),medium (6-20m),True,0.9678068814152136,length_bin,logistic_regression,siglip_frozen_embeddings_logistic_regression
length_bin,,1,108040,medium (6-20m),short (<20m),False,0.8689150048195426,length_bin,logistic_regression,siglip_frozen_embeddings_logistic_regression
length_bin,,1,108725,short (<6m),medium (20-100m),False,0.7998899953640178,length_bin,logistic_regression,siglip_frozen_embeddings_logistic_regression
length_bin,,1,108740,medium (6-20m),short (<6m),False,0.8132478058146408,length_bin,logistic_regression,siglip_frozen_embeddings_logistic_regression
length_bin,,1,108781,medium (6-20m),short (<6m),False,0.929440878398857,length_bin,logistic_regression,siglip_frozen_embeddings_logistic_regression
length_bin,,1,109160,medium (6-20m),short (<20m),False,0.8753392936520961,length_bin,logistic_regression,siglip_frozen_embeddings_logistic_regression
length_bin,,1,109170,short (<6m),short (<20m),False,0.47745162715204253,length_bin,logistic_regression,siglip_frozen_embeddings_logistic_regression
length_bin,,1,109560,medium (6-20m),short (<6m),False,0.9970559733077775,length_bin,logistic_regression,siglip_frozen_embeddings_logistic_regression
length_bin,,1,110299,medium (6-20m),short (<20m),False,0.6660520081874166,length_bin,logistic_regression,siglip_frozen_embeddings_logistic_regression
length_bin,,1,110956,medium (6-20m),medium (6-20m),True,0.6424349689348274,length_bin,logistic_regression,siglip_frozen_embeddings_logistic_regression
length_bin,,1,111447,medium (6-20m),medium (6-20m),True,0.9916503434126476,length_bin,logistic_regression,siglip_frozen_embeddings_logistic_regression
length_bin,,1,112348,short (<6m),short (<20m),False,0.9463026139302432,length_bin,logistic_regression,siglip_frozen_embeddings_logistic_regression
length_bin,,1,112386,short (<6m),short (<20m),False,0.939441581209337,length_bin,logistic_regression,siglip_frozen_embeddings_logistic_regression
length_bin,,1,113217,short (<6m),medium (20-100m),False,0.51159456554053,length_bin,logistic_regression,siglip_frozen_embeddings_logistic_regression
length_bin,,1,113731,short (<6m),short (<6m),True,0.6634955213582194,length_bin,logistic_regression,siglip_frozen_embeddings_logistic_regression
length_bin,,1,113800,short (<6m),short (<20m),False,0.6529038621558,length_bin,logistic_regression,siglip_frozen_embeddings_logistic_regression
length_bin,,1,114090,medium (6-20m),medium (6-20m),True,0.9936761770049392,length_bin,logistic_regression,siglip_frozen_embeddings_logistic_regression
length_bin,,1,114574,medium (6-20m),long (>100m),False,0.6155706397379858,length_bin,logistic_regression,siglip_frozen_embeddings_logistic_regression
length_bin,,1,114701,short (<6m),short (<20m),False,0.3825412664268407,length_bin,logistic_regression,siglip_frozen_embeddings_logistic_regression
length_bin,,1,114932,medium (6-20m),short (<20m),False,0.9877989734086442,length_bin,logistic_regression,siglip_frozen_embeddings_logistic_regression
length_bin,,1,114943,medium (6-20m),short (<6m),False,0.27882308764013375,length_bin,logistic_regression,siglip_frozen_embeddings_logistic_regression
length_bin,,1,114997,medium (6-20m),medium (6-20m),True,0.7651906148694563,length_bin,logistic_regression,siglip_frozen_embeddings_logistic_regression
length_bin,,1,115247,medium (6-20m),medium (6-20m),True,0.7632348760939554,length_bin,logistic_regression,siglip_frozen_embeddings_logistic_regression
length_bin,,1,116619,long (>20m),medium (6-20m),False,0.9602318142949492,length_bin,logistic_regression,siglip_frozen_embeddings_logistic_regression
length_bin,,1,116851,short (<6m),long (>20m),False,0.7814395014610247,length_bin,logistic_regression,siglip_frozen_embeddings_logistic_regression
length_bin,,1,117191,medium (6-20m),long (>100m),False,0.6216413920300927,length_bin,logistic_regression,siglip_frozen_embeddings_logistic_regression
length_bin,,1,117196,medium (6-20m),medium (6-20m),True,0.9996719263350944,length_bin,logistic_regression,siglip_frozen_embeddings_logistic_regression
length_bin,,1,117297,medium (6-20m),medium (6-20m),True,0.9934525202485476,length_bin,logistic_regression,siglip_frozen_embeddings_logistic_regression
length_bin,,1,117304,long (>20m),medium (6-20m),False,0.9479905733633254,length_bin,logistic_regression,siglip_frozen_embeddings_logistic_regression
length_bin,,1,117365,medium (6-20m),short (<20m),False,0.9092957372153266,length_bin,logistic_regression,siglip_frozen_embeddings_logistic_regression
length_bin,,1,118143,short (<6m),short (<6m),True,0.9921401097056562,length_bin,logistic_regression,siglip_frozen_embeddings_logistic_regression
length_bin,,1,118752,medium (6-20m),short (<6m),False,0.8207697628254526,length_bin,logistic_regression,siglip_frozen_embeddings_logistic_regression
length_bin,,1,118759,short (<6m),short (<6m),True,0.5471083321273321,length_bin,logistic_regression,siglip_frozen_embeddings_logistic_regression
length_bin,,1,118797,short (<6m),short (<6m),True,0.584876105714094,length_bin,logistic_regression,siglip_frozen_embeddings_logistic_regression
length_bin,,1,119851,medium (6-20m),short (<6m),False,0.9634473225534902,length_bin,logistic_regression,siglip_frozen_embeddings_logistic_regression
length_bin,,1,120299,medium (6-20m),medium (6-20m),True,0.9396939197195076,length_bin,logistic_regression,siglip_frozen_embeddings_logistic_regression
length_bin,,1,121497,short (<6m),short (<10m),False,0.8383718608844799,length_bin,logistic_regression,siglip_frozen_embeddings_logistic_regression
length_bin,,1,121504,medium (6-20m),medium (6-20m),True,0.9993093503937552,length_bin,logistic_regression,siglip_frozen_embeddings_logistic_regression
length_bin,,1,121595,medium (6-20m),medium (6-20m),True,0.501954337540336,length_bin,logistic_regression,siglip_frozen_embeddings_logistic_regression
length_bin,,1,121696,medium (6-20m),long (>100m),False,0.7048302546742826,length_bin,logistic_regression,siglip_frozen_embeddings_logistic_regression
length_bin,,1,122263,medium (6-20m),short (<6m),False,0.995197631782769,length_bin,logistic_regression,siglip_frozen_embeddings_logistic_regression
length_bin,,1,122444,short (<6m),medium (6-20m),False,0.7929960654198341,length_bin,logistic_regression,siglip_frozen_embeddings_logistic_regression
length_bin,,1,122828,medium (6-20m),long (>20m),False,0.9161327755623107,length_bin,logistic_regression,siglip_frozen_embeddings_logistic_regression
length_bin,,1,122981,medium (6-20m),medium (6-20m),True,0.9922336271374497,length_bin,logistic_regression,siglip_frozen_embeddings_logistic_regression
length_bin,,1,123159,medium (6-20m),long (>20m),False,0.9867502387118594,length_bin,logistic_regression,siglip_frozen_embeddings_logistic_regression
length_bin,,1,123182,medium (6-20m),medium (20-100m),False,0.6846388592529808,length_bin,logistic_regression,siglip_frozen_embeddings_logistic_regression
length_bin,,1,123218,short (<6m),short (<20m),False,0.36964649038019165,length_bin,logistic_regression,siglip_frozen_embeddings_logistic_regression
length_bin,,1,123585,medium (6-20m),short (<20m),False,0.5233029595769751,length_bin,logistic_regression,siglip_frozen_embeddings_logistic_regression
length_bin,,1,124926,medium (6-20m),medium (6-20m),True,0.9982169217871095,length_bin,logistic_regression,siglip_frozen_embeddings_logistic_regression
length_bin,,1,126779,short (<6m),medium (6-20m),False,0.9999689390624349,length_bin,logistic_regression,siglip_frozen_embeddings_logistic_regression
length_bin,,1,126799,medium (6-20m),medium (6-20m),True,0.8000193657063371,length_bin,logistic_regression,siglip_frozen_embeddings_logistic_regression
length_bin,,1,126801,medium (6-20m),short (<6m),False,0.45937090645802425,length_bin,logistic_regression,siglip_frozen_embeddings_logistic_regression
length_bin,,1,126803,medium (6-20m),short (<6m),False,0.8716741523138258,length_bin,logistic_regression,siglip_frozen_embeddings_logistic_regression
length_bin,,1,127205,medium (6-20m),short (<20m),False,0.5032825047587975,length_bin,logistic_regression,siglip_frozen_embeddings_logistic_regression
length_bin,,1,56692,large (>20m),medium (6-20m),False,0.5089141642529781,length_bin,logistic_regression,siglip_frozen_embeddings_logistic_regression
length_bin,,1,87775,large (>20m),long (>20m),False,0.590619372297271,length_bin,logistic_regression,siglip_frozen_embeddings_logistic_regression
length_bin,,2,48119,short (<20m),short (<20m),True,0.9615211211494772,length_bin,logistic_regression,siglip_frozen_embeddings_logistic_regression
length_bin,,2,50513,short (<20m),short (<20m),True,0.9859260314073868,length_bin,logistic_regression,siglip_frozen_embeddings_logistic_regression
length_bin,,2,51255,medium (20-100m),medium (20-100m),True,0.9770015528858492,length_bin,logistic_regression,siglip_frozen_embeddings_logistic_regression
length_bin,,2,51538,medium (20-100m),short (<20m),False,0.9322881410165959,length_bin,logistic_regression,siglip_frozen_embeddings_logistic_regression
length_bin,,2,54329,medium (20-100m),short (<20m),False,0.9500919761563189,length_bin,logistic_regression,siglip_frozen_embeddings_logistic_regression
length_bin,,2,55643,long (>100m),short (<6m),False,0.9627017703687708,length_bin,logistic_regression,siglip_frozen_embeddings_logistic_regression
length_bin,,2,56877,medium (20-100m),short (<6m),False,0.8624084886824634,length_bin,logistic_regression,siglip_frozen_embeddings_logistic_regression
length_bin,,2,58824,long (>100m),medium (6-20m),False,0.8185039434805681,length_bin,logistic_regression,siglip_frozen_embeddings_logistic_regression
length_bin,,2,57747,long (>100m),short (<20m),False,0.9999818702655036,length_bin,logistic_regression,siglip_frozen_embeddings_logistic_regression
length_bin,,2,61114,medium (20-100m),short (<6m),False,0.5286761274324624,length_bin,logistic_regression,siglip_frozen_embeddings_logistic_regression
length_bin,,2,61735,short (<20m),short (<20m),True,0.9531743265933288,length_bin,logistic_regression,siglip_frozen_embeddings_logistic_regression
length_bin,,2,64207,medium (20-100m),short (<20m),False,0.47009381203439876,length_bin,logistic_regression,siglip_frozen_embeddings_logistic_regression
length_bin,,2,64235,short (<20m),medium (20-100m),False,0.7461314405939826,length_bin,logistic_regression,siglip_frozen_embeddings_logistic_regression
length_bin,,2,64887,long (>100m),short (<20m),False,0.9884387746825837,length_bin,logistic_regression,siglip_frozen_embeddings_logistic_regression
length_bin,,2,83146,short (<20m),medium (20-100m),False,0.5200443782783725,length_bin,logistic_regression,siglip_frozen_embeddings_logistic_regression
length_bin,,2,83934,short (<20m),medium (20-100m),False,0.9347385966028269,length_bin,logistic_regression,siglip_frozen_embeddings_logistic_regression
length_bin,,2,83939,short (<20m),medium (20-100m),False,0.833411705848672,length_bin,logistic_regression,siglip_frozen_embeddings_logistic_regression
length_bin,,2,83948,short (<20m),medium (20-100m),False,0.8460637165827354,length_bin,logistic_regression,siglip_frozen_embeddings_logistic_regression
length_bin,,2,85484,short (<20m),short (<20m),True,0.5679081963278136,length_bin,logistic_regression,siglip_frozen_embeddings_logistic_regression
length_bin,,2,85506,short (<20m),short (<6m),False,0.48991290480680044,length_bin,logistic_regression,siglip_frozen_embeddings_logistic_regression
length_bin,,2,86006,short (<20m),short (<20m),True,0.5610129650190764,length_bin,logistic_regression,siglip_frozen_embeddings_logistic_regression
length_bin,,2,86071,short (<20m),short (<20m),True,0.951568942206631,length_bin,logistic_regression,siglip_frozen_embeddings_logistic_regression
length_bin,,2,86078,short (<20m),medium (20-100m),False,0.8388630843214042,length_bin,logistic_regression,siglip_frozen_embeddings_logistic_regression
length_bin,,2,86082,short (<20m),short (<20m),True,0.6565086934752039,length_bin,logistic_regression,siglip_frozen_embeddings_logistic_regression
length_bin,,2,86084,short (<20m),short (<20m),True,0.9802157400959501,length_bin,logistic_regression,siglip_frozen_embeddings_logistic_regression
length_bin,,2,86089,short (<20m),short (<20m),True,0.9763668121837951,length_bin,logistic_regression,siglip_frozen_embeddings_logistic_regression
length_bin,,2,86092,short (<20m),short (<20m),True,0.9733744793549113,length_bin,logistic_regression,siglip_frozen_embeddings_logistic_regression
length_bin,,2,86093,medium (20-100m),medium (20-100m),True,0.560213634978555,length_bin,logistic_regression,siglip_frozen_embeddings_logistic_regression
length_bin,,2,86096,short (<20m),short (<20m),True,0.923994274000179,length_bin,logistic_regression,siglip_frozen_embeddings_logistic_regression
length_bin,,2,86101,short (<20m),short (<20m),True,0.6054878050830157,length_bin,logistic_regression,siglip_frozen_embeddings_logistic_regression
length_bin,,2,86121,short (<20m),short (<20m),True,0.6445234925528273,length_bin,logistic_regression,siglip_frozen_embeddings_logistic_regression
length_bin,,2,86125,short (<20m),short (<20m),True,0.921722463619175,length_bin,logistic_regression,siglip_frozen_embeddings_logistic_regression
length_bin,,2,86123,short (<20m),short (<20m),True,0.9214605620537809,length_bin,logistic_regression,siglip_frozen_embeddings_logistic_regression
length_bin,,2,86134,medium (20-100m),short (<20m),False,0.9525506519518431,length_bin,logistic_regression,siglip_frozen_embeddings_logistic_regression
length_bin,,2,86138,short (<20m),medium (20-100m),False,0.904738775310532,length_bin,logistic_regression,siglip_frozen_embeddings_logistic_regression
length_bin,,2,86139,short (<20m),medium (20-100m),False,0.7483310325670574,length_bin,logistic_regression,siglip_frozen_embeddings_logistic_regression
length_bin,,2,86142,medium (20-100m),short (<20m),False,0.749235363471529,length_bin,logistic_regression,siglip_frozen_embeddings_logistic_regression
length_bin,,2,86144,medium (20-100m),medium (20-100m),True,0.8895617309952804,length_bin,logistic_regression,siglip_frozen_embeddings_logistic_regression
length_bin,,2,86145,short (<20m),short (<20m),True,0.9751264030762082,length_bin,logistic_regression,siglip_frozen_embeddings_logistic_regression
length_bin,,2,86152,short (<20m),medium (20-100m),False,0.9987994759947206,length_bin,logistic_regression,siglip_frozen_embeddings_logistic_regression
length_bin,,2,86162,short (<20m),medium (20-100m),False,0.5764008569896546,length_bin,logistic_regression,siglip_frozen_embeddings_logistic_regression
length_bin,,2,86164,short (<20m),medium (20-100m),False,0.7029482261301709,length_bin,logistic_regression,siglip_frozen_embeddings_logistic_regression
length_bin,,2,86165,short (<20m),short (<20m),True,0.9836244495180245,length_bin,logistic_regression,siglip_frozen_embeddings_logistic_regression
length_bin,,2,86173,short (<20m),medium (20-100m),False,0.5202935171304963,length_bin,logistic_regression,siglip_frozen_embeddings_logistic_regression
length_bin,,2,86170,short (<20m),medium (20-100m),False,0.9927170159045193,length_bin,logistic_regression,siglip_frozen_embeddings_logistic_regression
length_bin,,2,86181,short (<20m),medium (20-100m),False,0.9962013802850117,length_bin,logistic_regression,siglip_frozen_embeddings_logistic_regression
length_bin,,2,86185,short (<20m),medium (20-100m),False,0.9961154476509784,length_bin,logistic_regression,siglip_frozen_embeddings_logistic_regression
length_bin,,2,86182,short (<20m),short (<20m),True,0.7051706684504456,length_bin,logistic_regression,siglip_frozen_embeddings_logistic_regression
length_bin,,2,86187,short (<20m),short (<20m),True,0.9971288390590091,length_bin,logistic_regression,siglip_frozen_embeddings_logistic_regression
length_bin,,2,86193,short (<20m),short (<20m),True,0.5018680814061316,length_bin,logistic_regression,siglip_frozen_embeddings_logistic_regression
length_bin,,2,86195,short (<20m),short (<20m),True,0.9452704755934721,length_bin,logistic_regression,siglip_frozen_embeddings_logistic_regression
length_bin,,2,86203,short (<20m),short (<20m),True,0.66469409140223,length_bin,logistic_regression,siglip_frozen_embeddings_logistic_regression
length_bin,,2,86210,long (>100m),medium (20-100m),False,0.583750461502006,length_bin,logistic_regression,siglip_frozen_embeddings_logistic_regression
length_bin,,2,86212,short (<20m),short (<20m),True,0.9836652318048418,length_bin,logistic_regression,siglip_frozen_embeddings_logistic_regression
length_bin,,2,86217,short (<20m),medium (20-100m),False,0.8643710022873926,length_bin,logistic_regression,siglip_frozen_embeddings_logistic_regression
length_bin,,2,86228,medium (20-100m),short (<20m),False,0.899541699027271,length_bin,logistic_regression,siglip_frozen_embeddings_logistic_regression
length_bin,,2,86243,medium (20-100m),medium (20-100m),True,0.7640234671909123,length_bin,logistic_regression,siglip_frozen_embeddings_logistic_regression
length_bin,,2,87499,medium (20-100m),medium (20-100m),True,0.8639930887443539,length_bin,logistic_regression,siglip_frozen_embeddings_logistic_regression
length_bin,,2,87516,medium (20-100m),short (<20m),False,0.802712788427555,length_bin,logistic_regression,siglip_frozen_embeddings_logistic_regression
length_bin,,2,87554,short (<20m),long (>100m),False,0.9268937096209547,length_bin,logistic_regression,siglip_frozen_embeddings_logistic_regression
length_bin,,2,87582,short (<20m),long (>100m),False,0.904700084672287,length_bin,logistic_regression,siglip_frozen_embeddings_logistic_regression
length_bin,,2,87845,medium (20-100m),short (<20m),False,0.9176380704688848,length_bin,logistic_regression,siglip_frozen_embeddings_logistic_regression
length_bin,,2,88089,short (<20m),long (>100m),False,0.6719067297151501,length_bin,logistic_regression,siglip_frozen_embeddings_logistic_regression
length_bin,,2,88096,short (<20m),medium (20-100m),False,0.808251577175133,length_bin,logistic_regression,siglip_frozen_embeddings_logistic_regression
length_bin,,2,88097,short (<20m),short (<20m),True,0.9885150721350642,length_bin,logistic_regression,siglip_frozen_embeddings_logistic_regression
length_bin,,2,88191,medium (20-100m),medium (20-100m),True,0.9780387624176061,length_bin,logistic_regression,siglip_frozen_embeddings_logistic_regression
length_bin,,2,88202,medium (20-100m),medium (20-100m),True,0.8710365079064561,length_bin,logistic_regression,siglip_frozen_embeddings_logistic_regression
length_bin,,2,88273,short (<20m),short (<6m),False,0.996302260390179,length_bin,logistic_regression,siglip_frozen_embeddings_logistic_regression
length_bin,,2,88278,medium (20-100m),medium (20-100m),True,0.9997761789980869,length_bin,logistic_regression,siglip_frozen_embeddings_logistic_regression
length_bin,,2,89594,short (<20m),short (<20m),True,0.6423066983423644,length_bin,logistic_regression,siglip_frozen_embeddings_logistic_regression
length_bin,,2,89708,medium (20-100m),short (<20m),False,0.6010676704756404,length_bin,logistic_regression,siglip_frozen_embeddings_logistic_regression
length_bin,,2,89713,short (<20m),long (>100m),False,0.7361978999962245,length_bin,logistic_regression,siglip_frozen_embeddings_logistic_regression
length_bin,,2,89762,short (<20m),short (<20m),True,0.6282826748061727,length_bin,logistic_regression,siglip_frozen_embeddings_logistic_regression
length_bin,,2,90328,short (<20m),short (<20m),True,0.9451915727498393,length_bin,logistic_regression,siglip_frozen_embeddings_logistic_regression
length_bin,,2,90333,short (<20m),medium (20-100m),False,0.9898627216697625,length_bin,logistic_regression,siglip_frozen_embeddings_logistic_regression
length_bin,,2,90335,short (<20m),medium (20-100m),False,0.9984231917849495,length_bin,logistic_regression,siglip_frozen_embeddings_logistic_regression
length_bin,,2,90338,short (<20m),medium (20-100m),False,0.749935969951599,length_bin,logistic_regression,siglip_frozen_embeddings_logistic_regression
length_bin,,2,90342,medium (20-100m),short (<20m),False,0.6918769191107029,length_bin,logistic_regression,siglip_frozen_embeddings_logistic_regression
length_bin,,2,90359,medium (20-100m),medium (20-100m),True,0.6531683046498471,length_bin,logistic_regression,siglip_frozen_embeddings_logistic_regression
length_bin,,2,90362,long (>100m),short (<20m),False,0.4812207780633098,length_bin,logistic_regression,siglip_frozen_embeddings_logistic_regression
length_bin,,2,90366,medium (20-100m),short (<20m),False,0.5468452975310504,length_bin,logistic_regression,siglip_frozen_embeddings_logistic_regression
length_bin,,2,90370,medium (20-100m),short (<20m),False,0.8336487294312174,length_bin,logistic_regression,siglip_frozen_embeddings_logistic_regression
length_bin,,2,90382,long (>100m),medium (20-100m),False,0.9989994178880471,length_bin,logistic_regression,siglip_frozen_embeddings_logistic_regression
length_bin,,2,90488,medium (20-100m),medium (20-100m),True,0.5510847910484568,length_bin,logistic_regression,siglip_frozen_embeddings_logistic_regression
length_bin,,2,90489,medium (20-100m),short (<20m),False,0.49815296916285534,length_bin,logistic_regression,siglip_frozen_embeddings_logistic_regression
length_bin,,2,90504,medium (20-100m),short (<20m),False,0.4705603310378029,length_bin,logistic_regression,siglip_frozen_embeddings_logistic_regression
length_bin,,2,91943,medium (20-100m),medium (20-100m),True,0.8116385255675076,length_bin,logistic_regression,siglip_frozen_embeddings_logistic_regression
length_bin,,2,92009,short (<20m),short (<20m),True,0.9464996989426727,length_bin,logistic_regression,siglip_frozen_embeddings_logistic_regression
length_bin,,2,92020,short (<20m),medium (20-100m),False,0.749809432992001,length_bin,logistic_regression,siglip_frozen_embeddings_logistic_regression
length_bin,,2,92031,short (<20m),short (<20m),True,0.9876709950802807,length_bin,logistic_regression,siglip_frozen_embeddings_logistic_regression
length_bin,,2,92041,medium (20-100m),medium (20-100m),True,0.978787646212527,length_bin,logistic_regression,siglip_frozen_embeddings_logistic_regression
length_bin,,2,92042,short (<20m),medium (20-100m),False,0.786103272574347,length_bin,logistic_regression,siglip_frozen_embeddings_logistic_regression
length_bin,,2,92044,short (<20m),medium (20-100m),False,0.9374186178865999,length_bin,logistic_regression,siglip_frozen_embeddings_logistic_regression
length_bin,,2,92045,short (<20m),short (<20m),True,0.9861968307621715,length_bin,logistic_regression,siglip_frozen_embeddings_logistic_regression
length_bin,,2,92064,short (<20m),short (<20m),True,0.8890490369848016,length_bin,logistic_regression,siglip_frozen_embeddings_logistic_regression
length_bin,,2,92079,short (<20m),long (>100m),False,0.7252510290055183,length_bin,logistic_regression,siglip_frozen_embeddings_logistic_regression
length_bin,,2,92081,medium (20-100m),medium (20-100m),True,0.9999687312806511,length_bin,logistic_regression,siglip_frozen_embeddings_logistic_regression
length_bin,,2,92082,short (<20m),short (<20m),True,0.542291695172111,length_bin,logistic_regression,siglip_frozen_embeddings_logistic_regression
length_bin,,2,92083,short (<20m),short (<20m),True,0.9972375358249657,length_bin,logistic_regression,siglip_frozen_embeddings_logistic_regression
length_bin,,2,93372,medium (20-100m),long (>30m),False,0.47192448473141424,length_bin,logistic_regression,siglip_frozen_embeddings_logistic_regression
length_bin,,2,94274,medium (20-100m),short (<20m),False,0.772448208966323,length_bin,logistic_regression,siglip_frozen_embeddings_logistic_regression
length_bin,,2,94278,medium (20-100m),short (<20m),False,0.7548135169645931,length_bin,logistic_regression,siglip_frozen_embeddings_logistic_regression
length_bin,,2,94285,medium (20-100m),medium (20-100m),True,0.9997505516031019,length_bin,logistic_regression,siglip_frozen_embeddings_logistic_regression
length_bin,,2,94294,short (<20m),long (>100m),False,0.7280128959671931,length_bin,logistic_regression,siglip_frozen_embeddings_logistic_regression
length_bin,,2,94299,short (<20m),short (<20m),True,0.5020103826443908,length_bin,logistic_regression,siglip_frozen_embeddings_logistic_regression
length_bin,,2,94305,short (<20m),medium (6-20m),False,0.9766933466444803,length_bin,logistic_regression,siglip_frozen_embeddings_logistic_regression
length_bin,,2,94320,short (<20m),short (<20m),True,0.43044761655647196,length_bin,logistic_regression,siglip_frozen_embeddings_logistic_regression
length_bin,,2,94351,short (<20m),long (>20m),False,0.8015133671302549,length_bin,logistic_regression,siglip_frozen_embeddings_logistic_regression
length_bin,,2,94353,short (<20m),short (<20m),True,0.9682536616061179,length_bin,logistic_regression,siglip_frozen_embeddings_logistic_regression
length_bin,,2,94362,short (<20m),short (<20m),True,0.9755830916377497,length_bin,logistic_regression,siglip_frozen_embeddings_logistic_regression
length_bin,,2,94368,medium (20-100m),medium (20-100m),True,0.9759231945376649,length_bin,logistic_regression,siglip_frozen_embeddings_logistic_regression
length_bin,,2,94372,medium (20-100m),short (<20m),False,0.9213442660515785,length_bin,logistic_regression,siglip_frozen_embeddings_logistic_regression
length_bin,,2,94375,short (<20m),short (<20m),True,0.9594759888278251,length_bin,logistic_regression,siglip_frozen_embeddings_logistic_regression
length_bin,,2,94380,long (>100m),medium (20-100m),False,0.9827364099941809,length_bin,logistic_regression,siglip_frozen_embeddings_logistic_regression
length_bin,,2,94389,short (<20m),short (<6m),False,0.4625107552342961,length_bin,logistic_regression,siglip_frozen_embeddings_logistic_regression
length_bin,,2,94390,medium (20-100m),short (<20m),False,0.930048991704097,length_bin,logistic_regression,siglip_frozen_embeddings_logistic_regression
length_bin,,2,94407,short (<20m),short (<20m),True,0.5493123110881684,length_bin,logistic_regression,siglip_frozen_embeddings_logistic_regression
length_bin,,2,94413,long (>100m),medium (20-100m),False,0.5946224638798449,length_bin,logistic_regression,siglip_frozen_embeddings_logistic_regression
length_bin,,2,94421,medium (20-100m),short (<20m),False,0.8258093234267262,length_bin,logistic_regression,siglip_frozen_embeddings_logistic_regression
length_bin,,2,94783,short (<20m),short (<20m),True,0.7316926829883788,length_bin,logistic_regression,siglip_frozen_embeddings_logistic_regression
length_bin,,2,100549,short (<20m),medium (6-20m),False,0.9724270108361436,length_bin,logistic_regression,siglip_frozen_embeddings_logistic_regression
length_bin,,2,100550,short (<20m),short (<20m),True,0.6193110122369265,length_bin,logistic_regression,siglip_frozen_embeddings_logistic_regression
length_bin,,2,100551,short (<20m),short (<10m),False,0.9915843971428752,length_bin,logistic_regression,siglip_frozen_embeddings_logistic_regression
length_bin,,2,102430,short (<20m),short (<10m),False,0.3691450280904776,length_bin,logistic_regression,siglip_frozen_embeddings_logistic_regression
length_bin,,2,103740,short (<20m),short (<20m),True,0.896488473374629,length_bin,logistic_regression,siglip_frozen_embeddings_logistic_regression
length_bin,,2,107048,short (<20m),short (<20m),True,0.7011664075199074,length_bin,logistic_regression,siglip_frozen_embeddings_logistic_regression
length_bin,,2,107051,short (<20m),short (<20m),True,0.7071405207688748,length_bin,logistic_regression,siglip_frozen_embeddings_logistic_regression
length_bin,,2,107066,short (<20m),short (<6m),False,0.3944417023626816,length_bin,logistic_regression,siglip_frozen_embeddings_logistic_regression
length_bin,,2,107082,short (<20m),short (<20m),True,0.825909210024487,length_bin,logistic_regression,siglip_frozen_embeddings_logistic_regression
length_bin,,2,107579,short (<20m),short (<20m),True,0.8150096430631775,length_bin,logistic_regression,siglip_frozen_embeddings_logistic_regression
length_bin,,2,107582,short (<20m),short (<20m),True,0.7769784968988191,length_bin,logistic_regression,siglip_frozen_embeddings_logistic_regression
length_bin,,2,107590,medium (20-100m),short (<20m),False,0.5522826628277853,length_bin,logistic_regression,siglip_frozen_embeddings_logistic_regression
length_bin,,2,107602,medium (20-100m),medium (20-100m),True,0.6050876685932436,length_bin,logistic_regression,siglip_frozen_embeddings_logistic_regression
length_bin,,2,107872,medium (20-100m),short (<5m),False,0.9670816840976761,length_bin,logistic_regression,siglip_frozen_embeddings_logistic_regression
length_bin,,2,108014,long (>100m),long (>100m),True,0.9358521955135728,length_bin,logistic_regression,siglip_frozen_embeddings_logistic_regression
length_bin,,2,108029,short (<20m),medium (20-100m),False,0.47527561098960364,length_bin,logistic_regression,siglip_frozen_embeddings_logistic_regression
length_bin,,2,108031,short (<20m),medium (6-20m),False,0.9538912231674781,length_bin,logistic_regression,siglip_frozen_embeddings_logistic_regression
length_bin,,2,108292,short (<20m),short (<20m),True,0.6819115531675674,length_bin,logistic_regression,siglip_frozen_embeddings_logistic_regression
length_bin,,2,108297,short (<20m),short (<6m),False,0.9996592870158321,length_bin,logistic_regression,siglip_frozen_embeddings_logistic_regression
length_bin,,2,108735,short (<20m),short (<20m),True,0.5521241455653543,length_bin,logistic_regression,siglip_frozen_embeddings_logistic_regression
length_bin,,2,108788,medium (20-100m),short (<20m),False,0.9101294438636524,length_bin,logistic_regression,siglip_frozen_embeddings_logistic_regression
length_bin,,2,108792,short (<20m),medium (20-100m),False,0.8463853641361615,length_bin,logistic_regression,siglip_frozen_embeddings_logistic_regression
length_bin,,2,109191,short (<20m),short (<6m),False,0.7435454070358202,length_bin,logistic_regression,siglip_frozen_embeddings_logistic_regression
length_bin,,2,109703,short (<20m),short (<20m),True,0.896549174947278,length_bin,logistic_regression,siglip_frozen_embeddings_logistic_regression
length_bin,,2,109717,long (>100m),medium (20-100m),False,0.496571957232584,length_bin,logistic_regression,siglip_frozen_embeddings_logistic_regression
length_bin,,2,110280,short (<20m),medium (20-100m),False,0.9358763461163478,length_bin,logistic_regression,siglip_frozen_embeddings_logistic_regression
length_bin,,2,110293,short (<20m),short (<20m),True,0.6239628185664732,length_bin,logistic_regression,siglip_frozen_embeddings_logistic_regression
length_bin,,2,110301,short (<20m),short (<20m),True,0.9967011959159863,length_bin,logistic_regression,siglip_frozen_embeddings_logistic_regression
length_bin,,2,110563,medium (20-100m),short (<20m),False,0.9892897272683554,length_bin,logistic_regression,siglip_frozen_embeddings_logistic_regression
length_bin,,2,110567,short (<20m),long (>20m),False,0.8053543939027836,length_bin,logistic_regression,siglip_frozen_embeddings_logistic_regression
length_bin,,2,110578,short (<20m),short (<20m),True,0.9999978892277266,length_bin,logistic_regression,siglip_frozen_embeddings_logistic_regression
length_bin,,2,110608,short (<20m),short (<20m),True,0.9960588350102115,length_bin,logistic_regression,siglip_frozen_embeddings_logistic_regression
length_bin,,2,110963,short (<20m),short (<20m),True,0.9868429930792059,length_bin,logistic_regression,siglip_frozen_embeddings_logistic_regression
length_bin,,2,110976,short (<20m),short (<6m),False,0.4959177361354981,length_bin,logistic_regression,siglip_frozen_embeddings_logistic_regression
length_bin,,2,111671,short (<20m),short (<20m),True,0.9672682107870011,length_bin,logistic_regression,siglip_frozen_embeddings_logistic_regression
length_bin,,2,111677,short (<20m),short (<20m),True,0.978925967024171,length_bin,logistic_regression,siglip_frozen_embeddings_logistic_regression
length_bin,,2,111686,short (<20m),long (>100m),False,0.9888700966576742,length_bin,logistic_regression,siglip_frozen_embeddings_logistic_regression
length_bin,,2,111765,short (<20m),medium (20-100m),False,0.8509830079757632,length_bin,logistic_regression,siglip_frozen_embeddings_logistic_regression
length_bin,,2,111774,short (<20m),short (<20m),True,0.717203833582377,length_bin,logistic_regression,siglip_frozen_embeddings_logistic_regression
length_bin,,2,111779,short (<20m),medium (20-100m),False,0.9230953134971671,length_bin,logistic_regression,siglip_frozen_embeddings_logistic_regression
length_bin,,2,111783,short (<20m),short (<6m),False,0.7748128944305432,length_bin,logistic_regression,siglip_frozen_embeddings_logistic_regression
length_bin,,2,111789,medium (20-100m),medium (20-100m),True,0.99288282650457,length_bin,logistic_regression,siglip_frozen_embeddings_logistic_regression
length_bin,,2,111791,short (<20m),medium (20-100m),False,0.9791987332475871,length_bin,logistic_regression,siglip_frozen_embeddings_logistic_regression
length_bin,,2,111795,short (<20m),medium (6-20m),False,0.9997319297996099,length_bin,logistic_regression,siglip_frozen_embeddings_logistic_regression
length_bin,,2,111801,medium (20-100m),long (>20m),False,0.5714190194646784,length_bin,logistic_regression,siglip_frozen_embeddings_logistic_regression
length_bin,,2,111807,short (<20m),medium (6-20m),False,0.9697345127612728,length_bin,logistic_regression,siglip_frozen_embeddings_logistic_regression
length_bin,,2,111817,short (<20m),short (<6m),False,0.8894241494987101,length_bin,logistic_regression,siglip_frozen_embeddings_logistic_regression
length_bin,,2,111825,short (<20m),long (>20m),False,0.9913605474786831,length_bin,logistic_regression,siglip_frozen_embeddings_logistic_regression
length_bin,,2,112037,short (<20m),short (<20m),True,0.5633642996227007,length_bin,logistic_regression,siglip_frozen_embeddings_logistic_regression
length_bin,,2,112576,short (<20m),short (<20m),True,0.9871947243425264,length_bin,logistic_regression,siglip_frozen_embeddings_logistic_regression
length_bin,,2,112588,medium (20-100m),short (<20m),False,0.8433226701255109,length_bin,logistic_regression,siglip_frozen_embeddings_logistic_regression
length_bin,,2,112965,short (<20m),short (<20m),True,0.8239287612130947,length_bin,logistic_regression,siglip_frozen_embeddings_logistic_regression
length_bin,,2,113130,short (<20m),long (>100m),False,0.5860302647152594,length_bin,logistic_regression,siglip_frozen_embeddings_logistic_regression
length_bin,,2,114724,short (<20m),short (<20m),True,0.765782439905178,length_bin,logistic_regression,siglip_frozen_embeddings_logistic_regression
length_bin,,2,117013,short (<20m),short (<6m),False,0.5281189680649636,length_bin,logistic_regression,siglip_frozen_embeddings_logistic_regression
length_bin,,2,118202,medium (20-100m),medium (20-100m),True,0.9545951781430372,length_bin,logistic_regression,siglip_frozen_embeddings_logistic_regression
length_bin,,2,118203,medium (20-100m),medium (20-100m),True,0.9979774502985269,length_bin,logistic_regression,siglip_frozen_embeddings_logistic_regression
length_bin,,2,120661,short (<20m),short (<20m),True,0.9944173167855689,length_bin,logistic_regression,siglip_frozen_embeddings_logistic_regression
length_bin,,2,120662,short (<20m),short (<20m),True,0.8210796531566924,length_bin,logistic_regression,siglip_frozen_embeddings_logistic_regression
length_bin,,2,120668,short (<20m),short (<20m),True,0.8652200568024296,length_bin,logistic_regression,siglip_frozen_embeddings_logistic_regression
length_bin,,2,120670,short (<20m),short (<20m),True,0.9557398416476155,length_bin,logistic_regression,siglip_frozen_embeddings_logistic_regression
length_bin,,2,92013,short (<20m),short (<20m),True,0.8813736596802555,length_bin,logistic_regression,siglip_frozen_embeddings_logistic_regression
length_bin,,2,120681,short (<20m),short (<20m),True,0.5889595361100547,length_bin,logistic_regression,siglip_frozen_embeddings_logistic_regression
length_bin,,2,120692,short (<20m),short (<20m),True,0.5167261279384958,length_bin,logistic_regression,siglip_frozen_embeddings_logistic_regression
length_bin,,2,120920,medium (20-100m),medium (20-100m),True,0.9511206188254201,length_bin,logistic_regression,siglip_frozen_embeddings_logistic_regression
length_bin,,2,121005,long (>100m),medium (20-100m),False,0.9485845483105477,length_bin,logistic_regression,siglip_frozen_embeddings_logistic_regression
length_bin,,2,121575,short (<20m),short (<6m),False,0.3604939225026574,length_bin,logistic_regression,siglip_frozen_embeddings_logistic_regression
length_bin,,2,121576,short (<20m),short (<20m),True,0.46487750781461873,length_bin,logistic_regression,siglip_frozen_embeddings_logistic_regression
length_bin,,2,121581,medium (20-100m),short (<20m),False,0.6490865820839044,length_bin,logistic_regression,siglip_frozen_embeddings_logistic_regression
length_bin,,2,121597,short (<20m),short (<20m),True,0.999045229163565,length_bin,logistic_regression,siglip_frozen_embeddings_logistic_regression
length_bin,,2,121598,short (<20m),medium (20-100m),False,0.5789745093235067,length_bin,logistic_regression,siglip_frozen_embeddings_logistic_regression
length_bin,,2,121612,short (<20m),short (<20m),True,0.6189919554411834,length_bin,logistic_regression,siglip_frozen_embeddings_logistic_regression
length_bin,,2,121672,short (<20m),short (<6m),False,0.9999841638850282,length_bin,logistic_regression,siglip_frozen_embeddings_logistic_regression
length_bin,,2,121731,short (<20m),short (<20m),True,0.8346887025147616,length_bin,logistic_regression,siglip_frozen_embeddings_logistic_regression
length_bin,,2,121736,short (<20m),short (<20m),True,0.9941624842554355,length_bin,logistic_regression,siglip_frozen_embeddings_logistic_regression
length_bin,,2,121741,short (<20m),short (<20m),True,0.9910844709678379,length_bin,logistic_regression,siglip_frozen_embeddings_logistic_regression
length_bin,,2,121785,short (<20m),medium (6-20m),False,0.5518539944558133,length_bin,logistic_regression,siglip_frozen_embeddings_logistic_regression
length_bin,,2,121790,short (<20m),short (<20m),True,0.6748364914184036,length_bin,logistic_regression,siglip_frozen_embeddings_logistic_regression
length_bin,,2,122404,short (<20m),medium (20-100m),False,0.9635679936221181,length_bin,logistic_regression,siglip_frozen_embeddings_logistic_regression
length_bin,,2,122833,short (<20m),short (<20m),True,0.9999469543886421,length_bin,logistic_regression,siglip_frozen_embeddings_logistic_regression
length_bin,,2,122976,short (<20m),short (<6m),False,0.9882578517571781,length_bin,logistic_regression,siglip_frozen_embeddings_logistic_regression
length_bin,,2,123154,short (<20m),long (>100m),False,0.30864452370945833,length_bin,logistic_regression,siglip_frozen_embeddings_logistic_regression
length_bin,,2,123258,short (<20m),long (>100m),False,0.855593484761673,length_bin,logistic_regression,siglip_frozen_embeddings_logistic_regression
length_bin,,2,123776,short (<20m),short (<20m),True,0.9992553229696288,length_bin,logistic_regression,siglip_frozen_embeddings_logistic_regression
length_bin,,2,124886,short (<20m),medium (20-100m),False,0.5181240761579248,length_bin,logistic_regression,siglip_frozen_embeddings_logistic_regression
length_bin,,2,125629,medium (20-100m),medium (20-100m),True,0.8731361633853985,length_bin,logistic_regression,siglip_frozen_embeddings_logistic_regression
length_bin,,2,126129,short (<20m),short (<10m),False,0.926264121929604,length_bin,logistic_regression,siglip_frozen_embeddings_logistic_regression
length_bin,,2,126697,short (<20m),short (<6m),False,0.5255612106130166,length_bin,logistic_regression,siglip_frozen_embeddings_logistic_regression
length_bin,,2,126800,short (<20m),short (<10m),False,0.42207972847286485,length_bin,logistic_regression,siglip_frozen_embeddings_logistic_regression
length_bin,,2,126834,short (<20m),medium (20-100m),False,0.5836258066135434,length_bin,logistic_regression,siglip_frozen_embeddings_logistic_regression
length_bin,,2,126836,short (<20m),medium (20-100m),False,0.8986485459925133,length_bin,logistic_regression,siglip_frozen_embeddings_logistic_regression
length_bin,,2,127131,short (<20m),short (<20m),True,0.888168702460567,length_bin,logistic_regression,siglip_frozen_embeddings_logistic_regression
length_bin,,2,127454,short (<20m),short (<20m),True,0.8985018407589932,length_bin,logistic_regression,siglip_frozen_embeddings_logistic_regression
length_bin,,2,128638,short (<20m),long (>20m),False,0.8373836284672647,length_bin,logistic_regression,siglip_frozen_embeddings_logistic_regression
length_bin,,2,128640,short (<20m),medium (20-100m),False,0.9474077431791833,length_bin,logistic_regression,siglip_frozen_embeddings_logistic_regression
length_bin,,2,128641,short (<20m),short (<20m),True,0.98769371409048,length_bin,logistic_regression,siglip_frozen_embeddings_logistic_regression
length_bin,,2,128953,short (<20m),short (<20m),True,0.9395032036183106,length_bin,logistic_regression,siglip_frozen_embeddings_logistic_regression
length_bin,,2,129401,medium (20-100m),medium (20-100m),True,0.5258817986618453,length_bin,logistic_regression,siglip_frozen_embeddings_logistic_regression
length_bin,,2,101550,short (<10m),medium (20-100m),False,0.5510707547054231,length_bin,logistic_regression,siglip_frozen_embeddings_logistic_regression
length_bin,,2,107077,short (<10m),short (<6m),False,0.4255795248364307,length_bin,logistic_regression,siglip_frozen_embeddings_logistic_regression
length_bin,,2,109181,medium (10-30m),short (<10m),False,0.7008206970986472,length_bin,logistic_regression,siglip_frozen_embeddings_logistic_regression
length_bin,,2,128878,medium (10-30m),medium (10-30m),True,0.5632234094338122,length_bin,logistic_regression,siglip_frozen_embeddings_logistic_regression
length_bin,,2,94307,medium (5-20m),medium (6-20m),False,0.9994682107858801,length_bin,logistic_regression,siglip_frozen_embeddings_logistic_regression
length_bin,,2,107928,short (<5m),short (<5m),True,0.7087698934489872,length_bin,logistic_regression,siglip_frozen_embeddings_logistic_regression
length_bin,,2,107945,short (<5m),short (<20m),False,0.8158046642953358,length_bin,logistic_regression,siglip_frozen_embeddings_logistic_regression
length_bin,,2,107972,short (<5m),short (<20m),False,0.8913645124799341,length_bin,logistic_regression,siglip_frozen_embeddings_logistic_regression
length_bin,,2,107981,short (<5m),short (<5m),True,0.8043482295240474,length_bin,logistic_regression,siglip_frozen_embeddings_logistic_regression
length_bin,,2,47637,medium (6-20m),medium (6-20m),True,0.7074572009342208,length_bin,logistic_regression,siglip_frozen_embeddings_logistic_regression
length_bin,,2,48342,short (<6m),medium (20-100m),False,0.9536283329933678,length_bin,logistic_regression,siglip_frozen_embeddings_logistic_regression
length_bin,,2,49060,long (>20m),medium (6-20m),False,0.7728636524840229,length_bin,logistic_regression,siglip_frozen_embeddings_logistic_regression
length_bin,,2,51528,short (<6m),long (>100m),False,0.6288092129934756,length_bin,logistic_regression,siglip_frozen_embeddings_logistic_regression
length_bin,,2,53798,medium (6-20m),medium (6-20m),True,0.9987436421119876,length_bin,logistic_regression,siglip_frozen_embeddings_logistic_regression
length_bin,,2,53983,medium (6-20m),medium (6-20m),True,0.9336523770889628,length_bin,logistic_regression,siglip_frozen_embeddings_logistic_regression
length_bin,,2,54324,long (>20m),long (>20m),True,0.996291352409413,length_bin,logistic_regression,siglip_frozen_embeddings_logistic_regression
length_bin,,2,58954,medium (6-20m),short (<6m),False,0.4427453352524082,length_bin,logistic_regression,siglip_frozen_embeddings_logistic_regression
length_bin,,2,58956,medium (6-20m),medium (20-100m),False,0.688547906565311,length_bin,logistic_regression,siglip_frozen_embeddings_logistic_regression
length_bin,,2,61414,long (>20m),short (<6m),False,0.7752953968884956,length_bin,logistic_regression,siglip_frozen_embeddings_logistic_regression
length_bin,,2,62089,short (<6m),medium (5-20m),False,0.3435506464875156,length_bin,logistic_regression,siglip_frozen_embeddings_logistic_regression
length_bin,,2,62289,short (<6m),short (<20m),False,0.999985810528265,length_bin,logistic_regression,siglip_frozen_embeddings_logistic_regression
length_bin,,2,62443,long (>20m),medium (6-20m),False,0.9998167074636206,length_bin,logistic_regression,siglip_frozen_embeddings_logistic_regression
length_bin,,2,63069,medium (6-20m),medium (6-20m),True,0.9983498932895467,length_bin,logistic_regression,siglip_frozen_embeddings_logistic_regression
length_bin,,2,63539,medium (6-20m),short (<6m),False,0.7527659475157108,length_bin,logistic_regression,siglip_frozen_embeddings_logistic_regression
length_bin,,2,64109,short (<6m),medium (6-20m),False,0.9973833335717674,length_bin,logistic_regression,siglip_frozen_embeddings_logistic_regression
length_bin,,2,64123,medium (6-20m),medium (6-20m),True,0.9922980736825345,length_bin,logistic_regression,siglip_frozen_embeddings_logistic_regression
length_bin,,2,64138,short (<6m),medium (6-20m),False,0.9634308273873894,length_bin,logistic_regression,siglip_frozen_embeddings_logistic_regression
length_bin,,2,65609,medium (6-20m),medium (6-20m),True,0.9880977378846777,length_bin,logistic_regression,siglip_frozen_embeddings_logistic_regression
length_bin,,2,65788,medium (6-20m),medium (6-20m),True,0.852719393284523,length_bin,logistic_regression,siglip_frozen_embeddings_logistic_regression
length_bin,,2,79958,medium (6-20m),short (<6m),False,0.7718717685361692,length_bin,logistic_regression,siglip_frozen_embeddings_logistic_regression
length_bin,,2,80451,short (<6m),short (<6m),True,0.8625297485946762,length_bin,logistic_regression,siglip_frozen_embeddings_logistic_regression
length_bin,,2,81808,medium (6-20m),medium (6-20m),True,0.35726675957797127,length_bin,logistic_regression,siglip_frozen_embeddings_logistic_regression
length_bin,,2,82270,medium (6-20m),medium (6-20m),True,0.999759772210343,length_bin,logistic_regression,siglip_frozen_embeddings_logistic_regression
length_bin,,2,86599,medium (6-20m),medium (6-20m),True,0.9999456454316169,length_bin,logistic_regression,siglip_frozen_embeddings_logistic_regression
length_bin,,2,89442,short (<6m),short (<6m),True,0.9905450709386344,length_bin,logistic_regression,siglip_frozen_embeddings_logistic_regression
length_bin,,2,89589,short (<6m),medium (20-100m),False,0.626933600543693,length_bin,logistic_regression,siglip_frozen_embeddings_logistic_regression
length_bin,,2,89763,short (<6m),short (<6m),True,0.747224962197294,length_bin,logistic_regression,siglip_frozen_embeddings_logistic_regression
length_bin,,2,90412,medium (6-20m),long (>20m),False,0.9542587004385984,length_bin,logistic_regression,siglip_frozen_embeddings_logistic_regression
length_bin,,2,90424,short (<6m),medium (6-20m),False,0.6087031416095267,length_bin,logistic_regression,siglip_frozen_embeddings_logistic_regression
length_bin,,2,91253,medium (6-20m),medium (20-100m),False,0.9976281873849135,length_bin,logistic_regression,siglip_frozen_embeddings_logistic_regression
length_bin,,2,92147,short (<6m),short (<6m),True,0.9947621590057351,length_bin,logistic_regression,siglip_frozen_embeddings_logistic_regression
length_bin,,2,92167,long (>20m),long (>20m),True,0.9993532890834403,length_bin,logistic_regression,siglip_frozen_embeddings_logistic_regression
length_bin,,2,92854,short (<6m),medium (6-20m),False,0.835993881428252,length_bin,logistic_regression,siglip_frozen_embeddings_logistic_regression
length_bin,,2,92871,medium (6-20m),short (<6m),False,0.997890955790204,length_bin,logistic_regression,siglip_frozen_embeddings_logistic_regression
length_bin,,2,95938,long (>20m),long (>20m),True,0.5467226321951729,length_bin,logistic_regression,siglip_frozen_embeddings_logistic_regression
length_bin,,2,96292,short (<6m),short (<20m),False,0.9939021806135897,length_bin,logistic_regression,siglip_frozen_embeddings_logistic_regression
length_bin,,2,96293,short (<6m),medium (6-20m),False,0.39044936016595766,length_bin,logistic_regression,siglip_frozen_embeddings_logistic_regression
length_bin,,2,98498,medium (6-20m),short (<6m),False,0.32784192525073463,length_bin,logistic_regression,siglip_frozen_embeddings_logistic_regression
length_bin,,2,99614,medium (6-20m),medium (6-20m),True,0.5250130782090728,length_bin,logistic_regression,siglip_frozen_embeddings_logistic_regression
length_bin,,2,99884,short (<6m),short (<6m),True,0.9989754032508116,length_bin,logistic_regression,siglip_frozen_embeddings_logistic_regression
length_bin,,2,100177,medium (6-20m),short (<6m),False,0.5827987789145453,length_bin,logistic_regression,siglip_frozen_embeddings_logistic_regression
length_bin,,2,100270,short (<6m),medium (6-20m),False,0.9688525259024072,length_bin,logistic_regression,siglip_frozen_embeddings_logistic_regression
length_bin,,2,100272,short (<6m),medium (6-20m),False,0.5940156208800057,length_bin,logistic_regression,siglip_frozen_embeddings_logistic_regression
length_bin,,2,100747,medium (6-20m),medium (6-20m),True,0.957792965989082,length_bin,logistic_regression,siglip_frozen_embeddings_logistic_regression
length_bin,,2,100752,medium (6-20m),medium (6-20m),True,0.5271234468185294,length_bin,logistic_regression,siglip_frozen_embeddings_logistic_regression
length_bin,,2,101132,medium (6-20m),medium (6-20m),True,0.9944486267266102,length_bin,logistic_regression,siglip_frozen_embeddings_logistic_regression
length_bin,,2,103256,medium (6-20m),long (>20m),False,0.9705389597225654,length_bin,logistic_regression,siglip_frozen_embeddings_logistic_regression
length_bin,,2,105288,short (<6m),medium (6-20m),False,0.652361947261934,length_bin,logistic_regression,siglip_frozen_embeddings_logistic_regression
length_bin,,2,107387,medium (6-20m),medium (6-20m),True,0.999500587425687,length_bin,logistic_regression,siglip_frozen_embeddings_logistic_regression
length_bin,,2,107895,medium (6-20m),medium (6-20m),True,0.9955275366119445,length_bin,logistic_regression,siglip_frozen_embeddings_logistic_regression
length_bin,,2,107908,short (<6m),short (<20m),False,0.9936447212873236,length_bin,logistic_regression,siglip_frozen_embeddings_logistic_regression
length_bin,,2,107923,medium (6-20m),short (<20m),False,0.9467034562644342,length_bin,logistic_regression,siglip_frozen_embeddings_logistic_regression
length_bin,,2,107952,short (<6m),short (<20m),False,0.632390609133557,length_bin,logistic_regression,siglip_frozen_embeddings_logistic_regression
length_bin,,2,108330,medium (6-20m),short (<6m),False,0.7598274812748996,length_bin,logistic_regression,siglip_frozen_embeddings_logistic_regression
length_bin,,2,108799,medium (6-20m),short (<6m),False,0.9819097712820554,length_bin,logistic_regression,siglip_frozen_embeddings_logistic_regression
length_bin,,2,109138,medium (6-20m),medium (6-20m),True,0.9954049031691669,length_bin,logistic_regression,siglip_frozen_embeddings_logistic_regression
length_bin,,2,109166,medium (6-20m),medium (20-100m),False,0.9289066998414861,length_bin,logistic_regression,siglip_frozen_embeddings_logistic_regression
length_bin,,2,109334,short (<6m),medium (6-20m),False,0.5168556133024663,length_bin,logistic_regression,siglip_frozen_embeddings_logistic_regression
length_bin,,2,110171,short (<6m),short (<6m),True,0.7255234168839404,length_bin,logistic_regression,siglip_frozen_embeddings_logistic_regression
length_bin,,2,110996,short (<6m),short (<20m),False,0.5362046543096262,length_bin,logistic_regression,siglip_frozen_embeddings_logistic_regression
length_bin,,2,112369,short (<6m),short (<20m),False,0.8313573061308488,length_bin,logistic_regression,siglip_frozen_embeddings_logistic_regression
length_bin,,2,112406,medium (6-20m),medium (20-100m),False,0.9989437406716887,length_bin,logistic_regression,siglip_frozen_embeddings_logistic_regression
length_bin,,2,112868,short (<6m),short (<20m),False,0.8537914002094609,length_bin,logistic_regression,siglip_frozen_embeddings_logistic_regression
length_bin,,2,113126,short (<6m),short (<6m),True,0.9553018243059772,length_bin,logistic_regression,siglip_frozen_embeddings_logistic_regression
length_bin,,2,113164,medium (6-20m),long (>100m),False,0.3183458187479343,length_bin,logistic_regression,siglip_frozen_embeddings_logistic_regression
length_bin,,2,113184,short (<6m),short (<6m),True,0.9759444817545303,length_bin,logistic_regression,siglip_frozen_embeddings_logistic_regression
length_bin,,2,113804,medium (6-20m),short (<6m),False,0.5436810589038878,length_bin,logistic_regression,siglip_frozen_embeddings_logistic_regression
length_bin,,2,113805,medium (6-20m),medium (6-20m),True,0.6038488653527677,length_bin,logistic_regression,siglip_frozen_embeddings_logistic_regression
length_bin,,2,114081,medium (6-20m),medium (6-20m),True,0.6228487928399102,length_bin,logistic_regression,siglip_frozen_embeddings_logistic_regression
length_bin,,2,114635,long (>20m),medium (6-20m),False,0.9989785138828665,length_bin,logistic_regression,siglip_frozen_embeddings_logistic_regression
length_bin,,2,114702,short (<6m),medium (6-20m),False,0.5565190014821948,length_bin,logistic_regression,siglip_frozen_embeddings_logistic_regression
length_bin,,2,114940,short (<6m),medium (6-20m),False,0.5291099645490507,length_bin,logistic_regression,siglip_frozen_embeddings_logistic_regression
length_bin,,2,114951,short (<6m),short (<6m),True,0.5911215404709966,length_bin,logistic_regression,siglip_frozen_embeddings_logistic_regression
length_bin,,2,116051,medium (6-20m),short (<6m),False,0.9875913090149381,length_bin,logistic_regression,siglip_frozen_embeddings_logistic_regression
length_bin,,2,116847,medium (6-20m),medium (6-20m),True,0.8876042263052623,length_bin,logistic_regression,siglip_frozen_embeddings_logistic_regression
length_bin,,2,117192,medium (6-20m),medium (6-20m),True,0.9962829301527993,length_bin,logistic_regression,siglip_frozen_embeddings_logistic_regression
length_bin,,2,117197,short (<6m),medium (6-20m),False,0.999714841083466,length_bin,logistic_regression,siglip_frozen_embeddings_logistic_regression
length_bin,,2,117204,short (<6m),short (<6m),True,0.9294338938116823,length_bin,logistic_regression,siglip_frozen_embeddings_logistic_regression
length_bin,,2,117222,short (<6m),short (<6m),True,0.879981575735423,length_bin,logistic_regression,siglip_frozen_embeddings_logistic_regression
length_bin,,2,117364,medium (6-20m),medium (20-100m),False,0.4036697944523695,length_bin,logistic_regression,siglip_frozen_embeddings_logistic_regression
length_bin,,2,118246,medium (6-20m),medium (6-20m),True,0.9053196478492654,length_bin,logistic_regression,siglip_frozen_embeddings_logistic_regression
length_bin,,2,118254,long (>20m),long (>100m),False,0.985305329738051,length_bin,logistic_regression,siglip_frozen_embeddings_logistic_regression
length_bin,,2,118758,short (<6m),short (<6m),True,0.5678572670786753,length_bin,logistic_regression,siglip_frozen_embeddings_logistic_regression
length_bin,,2,120706,medium (6-20m),medium (6-20m),True,0.8591655830033489,length_bin,logistic_regression,siglip_frozen_embeddings_logistic_regression
length_bin,,2,122441,short (<6m),medium (6-20m),False,0.9987825842878525,length_bin,logistic_regression,siglip_frozen_embeddings_logistic_regression
length_bin,,2,122830,short (<6m),short (<6m),True,0.9967689991071731,length_bin,logistic_regression,siglip_frozen_embeddings_logistic_regression
length_bin,,2,123139,short (<6m),short (<6m),True,0.6860870477287889,length_bin,logistic_regression,siglip_frozen_embeddings_logistic_regression
length_bin,,2,123310,long (>20m),short (<6m),False,0.9145096074267952,length_bin,logistic_regression,siglip_frozen_embeddings_logistic_regression
length_bin,,2,126804,short (<6m),short (<6m),True,0.6901659686158039,length_bin,logistic_regression,siglip_frozen_embeddings_logistic_regression
length_bin,,2,126916,short (<6m),medium (20-100m),False,0.5782593222664859,length_bin,logistic_regression,siglip_frozen_embeddings_logistic_regression
length_bin,,2,127455,long (>20m),short (<20m),False,0.5954767080717701,length_bin,logistic_regression,siglip_frozen_embeddings_logistic_regression
length_bin,,2,127388,medium (6-20m),short (<6m),False,0.9981618418693675,length_bin,logistic_regression,siglip_frozen_embeddings_logistic_regression
length_bin,,3,46615,long (>100m),long (>20m),False,0.9281566116007532,length_bin,logistic_regression,siglip_frozen_embeddings_logistic_regression
length_bin,,3,48637,short (<20m),short (<20m),True,0.8643024404986699,length_bin,logistic_regression,siglip_frozen_embeddings_logistic_regression
length_bin,,3,48933,long (>100m),medium (20-100m),False,0.5367169362454404,length_bin,logistic_regression,siglip_frozen_embeddings_logistic_regression
length_bin,,3,48936,medium (20-100m),short (<20m),False,0.6867847965475894,length_bin,logistic_regression,siglip_frozen_embeddings_logistic_regression
length_bin,,3,51254,long (>100m),medium (6-20m),False,0.9150189821166215,length_bin,logistic_regression,siglip_frozen_embeddings_logistic_regression
length_bin,,3,51603,long (>100m),medium (20-100m),False,0.3492793607085612,length_bin,logistic_regression,siglip_frozen_embeddings_logistic_regression
length_bin,,3,52244,long (>100m),medium (20-100m),False,0.9147517927814133,length_bin,logistic_regression,siglip_frozen_embeddings_logistic_regression
length_bin,,3,52469,short (<20m),medium (20-100m),False,0.9136561258758994,length_bin,logistic_regression,siglip_frozen_embeddings_logistic_regression
length_bin,,3,53103,medium (20-100m),long (>100m),False,0.9906942628743451,length_bin,logistic_regression,siglip_frozen_embeddings_logistic_regression
length_bin,,3,53556,medium (20-100m),short (<6m),False,0.9818105560286343,length_bin,logistic_regression,siglip_frozen_embeddings_logistic_regression
length_bin,,3,55466,long (>100m),long (>100m),True,0.9984924484783075,length_bin,logistic_regression,siglip_frozen_embeddings_logistic_regression
length_bin,,3,55645,medium (20-100m),medium (6-20m),False,0.8720632518587609,length_bin,logistic_regression,siglip_frozen_embeddings_logistic_regression
length_bin,,3,56345,long (>100m),long (>100m),True,0.9851685028145366,length_bin,logistic_regression,siglip_frozen_embeddings_logistic_regression
length_bin,,3,61005,long (>100m),large (>20m),False,0.33795480292838703,length_bin,logistic_regression,siglip_frozen_embeddings_logistic_regression
length_bin,,3,61732,short (<20m),short (<20m),True,0.5005821016000566,length_bin,logistic_regression,siglip_frozen_embeddings_logistic_regression
length_bin,,3,64237,short (<20m),short (<20m),True,0.9860488085089353,length_bin,logistic_regression,siglip_frozen_embeddings_logistic_regression
length_bin,,3,64236,short (<20m),long (>100m),False,0.900631747324756,length_bin,logistic_regression,siglip_frozen_embeddings_logistic_regression
length_bin,,3,65428,medium (20-100m),medium (20-100m),True,0.9914214221508607,length_bin,logistic_regression,siglip_frozen_embeddings_logistic_regression
length_bin,,3,81875,long (>100m),short (<20m),False,0.39710047521037356,length_bin,logistic_regression,siglip_frozen_embeddings_logistic_regression
length_bin,,3,81889,long (>100m),medium (20-100m),False,0.49513997672054777,length_bin,logistic_regression,siglip_frozen_embeddings_logistic_regression
length_bin,,3,83898,short (<20m),short (<20m),True,0.7759814661054952,length_bin,logistic_regression,siglip_frozen_embeddings_logistic_regression
length_bin,,3,83458,short (<20m),short (<20m),True,0.7531657024971004,length_bin,logistic_regression,siglip_frozen_embeddings_logistic_regression
length_bin,,3,83938,short (<20m),short (<20m),True,0.9792714908515737,length_bin,logistic_regression,siglip_frozen_embeddings_logistic_regression
length_bin,,3,83942,short (<20m),short (<20m),True,0.5763046762273243,length_bin,logistic_regression,siglip_frozen_embeddings_logistic_regression
length_bin,,3,83947,medium (20-100m),short (<20m),False,0.9855383931096753,length_bin,logistic_regression,siglip_frozen_embeddings_logistic_regression
length_bin,,3,85171,short (<20m),short (<20m),True,0.749697888877529,length_bin,logistic_regression,siglip_frozen_embeddings_logistic_regression
length_bin,,3,85091,short (<20m),medium (20-100m),False,0.9187321182501424,length_bin,logistic_regression,siglip_frozen_embeddings_logistic_regression
length_bin,,3,85485,short (<20m),short (<20m),True,0.8256942530282873,length_bin,logistic_regression,siglip_frozen_embeddings_logistic_regression
length_bin,,3,85490,short (<20m),short (<20m),True,0.9846649077141522,length_bin,logistic_regression,siglip_frozen_embeddings_logistic_regression
length_bin,,3,86030,short (<20m),short (<20m),True,0.6398403272779448,length_bin,logistic_regression,siglip_frozen_embeddings_logistic_regression
length_bin,,3,86065,short (<20m),short (<20m),True,0.9550807050636324,length_bin,logistic_regression,siglip_frozen_embeddings_logistic_regression
length_bin,,3,86063,short (<20m),short (<20m),True,0.9482055901511462,length_bin,logistic_regression,siglip_frozen_embeddings_logistic_regression
length_bin,,3,86076,short (<20m),medium (20-100m),False,0.7241426302659395,length_bin,logistic_regression,siglip_frozen_embeddings_logistic_regression
length_bin,,3,86075,short (<20m),short (<20m),True,0.8286386471626856,length_bin,logistic_regression,siglip_frozen_embeddings_logistic_regression
length_bin,,3,86105,short (<20m),short (<20m),True,0.9996604119253043,length_bin,logistic_regression,siglip_frozen_embeddings_logistic_regression
length_bin,,3,86110,short (<20m),short (<20m),True,0.6589811839933639,length_bin,logistic_regression,siglip_frozen_embeddings_logistic_regression
length_bin,,3,86117,short (<20m),short (<20m),True,0.9280609012263014,length_bin,logistic_regression,siglip_frozen_embeddings_logistic_regression
length_bin,,3,86119,short (<20m),medium (20-100m),False,0.6853438397519368,length_bin,logistic_regression,siglip_frozen_embeddings_logistic_regression
length_bin,,3,86124,short (<20m),short (<20m),True,0.8925547703685636,length_bin,logistic_regression,siglip_frozen_embeddings_logistic_regression
length_bin,,3,86127,short (<20m),short (<20m),True,0.998763584311448,length_bin,logistic_regression,siglip_frozen_embeddings_logistic_regression
length_bin,,3,86135,medium (20-100m),medium (20-100m),True,0.8967087055979799,length_bin,logistic_regression,siglip_frozen_embeddings_logistic_regression
length_bin,,3,86137,short (<20m),long (>100m),False,0.6945269230733901,length_bin,logistic_regression,siglip_frozen_embeddings_logistic_regression
length_bin,,3,86141,short (<20m),long (>100m),False,0.39262003477341767,length_bin,logistic_regression,siglip_frozen_embeddings_logistic_regression
length_bin,,3,86154,short (<20m),short (<20m),True,0.620427399663386,length_bin,logistic_regression,siglip_frozen_embeddings_logistic_regression
length_bin,,3,86157,short (<20m),short (<20m),True,0.9075604129547855,length_bin,logistic_regression,siglip_frozen_embeddings_logistic_regression
length_bin,,3,86175,medium (20-100m),short (<20m),False,0.9974180600088455,length_bin,logistic_regression,siglip_frozen_embeddings_logistic_regression
length_bin,,3,86186,medium (20-100m),short (<20m),False,0.7639147705980683,length_bin,logistic_regression,siglip_frozen_embeddings_logistic_regression
length_bin,,3,86192,short (<20m),short (<20m),True,0.9602601522239742,length_bin,logistic_regression,siglip_frozen_embeddings_logistic_regression
length_bin,,3,86194,medium (20-100m),short (<20m),False,0.7320868149661914,length_bin,logistic_regression,siglip_frozen_embeddings_logistic_regression
length_bin,,3,86206,medium (20-100m),short (<20m),False,0.8854413958635102,length_bin,logistic_regression,siglip_frozen_embeddings_logistic_regression
length_bin,,3,86211,medium (20-100m),short (<20m),False,0.9755347029758451,length_bin,logistic_regression,siglip_frozen_embeddings_logistic_regression
length_bin,,3,86226,short (<20m),medium (20-100m),False,0.8227461366181087,length_bin,logistic_regression,siglip_frozen_embeddings_logistic_regression
length_bin,,3,86227,medium (20-100m),short (<20m),False,0.96516377533986,length_bin,logistic_regression,siglip_frozen_embeddings_logistic_regression
length_bin,,3,86231,short (<20m),short (<20m),True,0.9817297746908098,length_bin,logistic_regression,siglip_frozen_embeddings_logistic_regression
length_bin,,3,86256,medium (20-100m),medium (20-100m),True,0.980605157032826,length_bin,logistic_regression,siglip_frozen_embeddings_logistic_regression
length_bin,,3,87575,short (<20m),short (<6m),False,0.5228989033022147,length_bin,logistic_regression,siglip_frozen_embeddings_logistic_regression
length_bin,,3,87583,short (<20m),long (>100m),False,0.9294997495897588,length_bin,logistic_regression,siglip_frozen_embeddings_logistic_regression
length_bin,,3,88194,medium (20-100m),short (<20m),False,0.8961165758767178,length_bin,logistic_regression,siglip_frozen_embeddings_logistic_regression
length_bin,,3,89446,short (<20m),short (<20m),True,0.5347003612210998,length_bin,logistic_regression,siglip_frozen_embeddings_logistic_regression
length_bin,,3,89588,short (<20m),short (<20m),True,0.9838007516478201,length_bin,logistic_regression,siglip_frozen_embeddings_logistic_regression
length_bin,,3,89593,short (<20m),long (>100m),False,0.5597559218841712,length_bin,logistic_regression,siglip_frozen_embeddings_logistic_regression
length_bin,,3,89600,short (<20m),short (<20m),True,0.9982890164442452,length_bin,logistic_regression,siglip_frozen_embeddings_logistic_regression
length_bin,,3,89705,short (<20m),short (<20m),True,0.6993806242772582,length_bin,logistic_regression,siglip_frozen_embeddings_logistic_regression
length_bin,,3,89765,short (<20m),short (<20m),True,0.9054983253730648,length_bin,logistic_regression,siglip_frozen_embeddings_logistic_regression
length_bin,,3,90343,short (<20m),medium (20-100m),False,0.9639234774818809,length_bin,logistic_regression,siglip_frozen_embeddings_logistic_regression
length_bin,,3,90345,short (<20m),medium (20-100m),False,0.7647547324175332,length_bin,logistic_regression,siglip_frozen_embeddings_logistic_regression
length_bin,,3,90348,short (<20m),medium (20-100m),False,0.8253295776526085,length_bin,logistic_regression,siglip_frozen_embeddings_logistic_regression
length_bin,,3,90367,short (<20m),short (<20m),True,0.8892699544741386,length_bin,logistic_regression,siglip_frozen_embeddings_logistic_regression
length_bin,,3,90371,medium (20-100m),medium (20-100m),True,0.7421384007000361,length_bin,logistic_regression,siglip_frozen_embeddings_logistic_regression
length_bin,,3,90384,medium (20-100m),short (<20m),False,0.8304872393241516,length_bin,logistic_regression,siglip_frozen_embeddings_logistic_regression
length_bin,,3,90390,short (<20m),short (<20m),True,0.6764902727077113,length_bin,logistic_regression,siglip_frozen_embeddings_logistic_regression
length_bin,,3,90393,medium (20-100m),medium (20-100m),True,0.8019082732679207,length_bin,logistic_regression,siglip_frozen_embeddings_logistic_regression
length_bin,,3,90395,medium (20-100m),medium (20-100m),True,0.9519889532388913,length_bin,logistic_regression,siglip_frozen_embeddings_logistic_regression
length_bin,,3,90396,long (>100m),short (<6m),False,0.9934997256383976,length_bin,logistic_regression,siglip_frozen_embeddings_logistic_regression
length_bin,,3,90399,medium (20-100m),short (<6m),False,0.8804368360278471,length_bin,logistic_regression,siglip_frozen_embeddings_logistic_regression
length_bin,,3,90493,medium (20-100m),medium (20-100m),True,0.8730990604415365,length_bin,logistic_regression,siglip_frozen_embeddings_logistic_regression
length_bin,,3,90498,medium (20-100m),medium (20-100m),True,0.7240880046199779,length_bin,logistic_regression,siglip_frozen_embeddings_logistic_regression
length_bin,,3,90500,medium (20-100m),medium (20-100m),True,0.7280345770620047,length_bin,logistic_regression,siglip_frozen_embeddings_logistic_regression
length_bin,,3,91946,medium (20-100m),short (<20m),False,0.38070773778216843,length_bin,logistic_regression,siglip_frozen_embeddings_logistic_regression
length_bin,,3,92004,long (>100m),short (<20m),False,0.9013982979804699,length_bin,logistic_regression,siglip_frozen_embeddings_logistic_regression
length_bin,,3,92016,medium (20-100m),medium (20-100m),True,0.7380418638026638,length_bin,logistic_regression,siglip_frozen_embeddings_logistic_regression
length_bin,,3,92018,medium (20-100m),long (>100m),False,0.606713080424725,length_bin,logistic_regression,siglip_frozen_embeddings_logistic_regression
length_bin,,3,92035,short (<20m),short (<10m),False,0.6014629840605268,length_bin,logistic_regression,siglip_frozen_embeddings_logistic_regression
length_bin,,3,92036,short (<20m),medium (20-100m),False,0.8590327591074736,length_bin,logistic_regression,siglip_frozen_embeddings_logistic_regression
length_bin,,3,92046,medium (20-100m),short (<20m),False,0.868599269634068,length_bin,logistic_regression,siglip_frozen_embeddings_logistic_regression
length_bin,,3,92051,medium (20-100m),short (<20m),False,0.8889129683869266,length_bin,logistic_regression,siglip_frozen_embeddings_logistic_regression
length_bin,,3,92058,medium (20-100m),short (<20m),False,0.8039676331132332,length_bin,logistic_regression,siglip_frozen_embeddings_logistic_regression
length_bin,,3,92087,short (<20m),short (<20m),True,0.9945749919455599,length_bin,logistic_regression,siglip_frozen_embeddings_logistic_regression
length_bin,,3,92089,short (<20m),short (<20m),True,0.8518112679502244,length_bin,logistic_regression,siglip_frozen_embeddings_logistic_regression
length_bin,,3,94171,short (<20m),medium (5-20m),False,0.36666968931952876,length_bin,logistic_regression,siglip_frozen_embeddings_logistic_regression
length_bin,,3,94286,medium (20-100m),long (>100m),False,0.94257454962414,length_bin,logistic_regression,siglip_frozen_embeddings_logistic_regression
length_bin,,3,94291,short (<20m),short (<20m),True,0.6117230896962241,length_bin,logistic_regression,siglip_frozen_embeddings_logistic_regression
length_bin,,3,94292,long (>100m),medium (20-100m),False,0.9923609759221873,length_bin,logistic_regression,siglip_frozen_embeddings_logistic_regression
length_bin,,3,94306,short (<20m),medium (6-20m),False,0.5096584644467524,length_bin,logistic_regression,siglip_frozen_embeddings_logistic_regression
length_bin,,3,94312,medium (20-100m),long (>20m),False,0.7693186130246322,length_bin,logistic_regression,siglip_frozen_embeddings_logistic_regression
length_bin,,3,94316,long (>100m),short (<20m),False,0.9266198257908905,length_bin,logistic_regression,siglip_frozen_embeddings_logistic_regression
length_bin,,3,94345,short (<20m),medium (20-100m),False,0.4728409779533603,length_bin,logistic_regression,siglip_frozen_embeddings_logistic_regression
length_bin,,3,94349,long (>100m),medium (20-100m),False,0.9998462741241078,length_bin,logistic_regression,siglip_frozen_embeddings_logistic_regression
length_bin,,3,94356,long (>100m),long (>20m),False,0.31814582324942386,length_bin,logistic_regression,siglip_frozen_embeddings_logistic_regression
length_bin,,3,94373,medium (20-100m),short (<20m),False,0.5857398811385921,length_bin,logistic_regression,siglip_frozen_embeddings_logistic_regression
length_bin,,3,94385,short (<20m),medium (20-100m),False,0.5541200096005364,length_bin,logistic_regression,siglip_frozen_embeddings_logistic_regression
length_bin,,3,94387,short (<20m),medium (20-100m),False,0.6412483325213213,length_bin,logistic_regression,siglip_frozen_embeddings_logistic_regression
length_bin,,3,94393,medium (20-100m),medium (20-100m),True,0.8473631848965608,length_bin,logistic_regression,siglip_frozen_embeddings_logistic_regression
length_bin,,3,94408,medium (20-100m),short (<20m),False,0.9940908698852536,length_bin,logistic_regression,siglip_frozen_embeddings_logistic_regression
length_bin,,3,94410,short (<20m),short (<20m),True,0.9671366499256567,length_bin,logistic_regression,siglip_frozen_embeddings_logistic_regression
length_bin,,3,94414,short (<20m),short (<20m),True,0.47324929973192187,length_bin,logistic_regression,siglip_frozen_embeddings_logistic_regression
length_bin,,3,94416,medium (20-100m),long (>100m),False,0.730942642752001,length_bin,logistic_regression,siglip_frozen_embeddings_logistic_regression
length_bin,,3,94423,short (<20m),short (<10m),False,0.6913893222191876,length_bin,logistic_regression,siglip_frozen_embeddings_logistic_regression
length_bin,,3,94424,medium (20-100m),short (<20m),False,0.8281406182354991,length_bin,logistic_regression,siglip_frozen_embeddings_logistic_regression
length_bin,,3,94487,short (<20m),short (<20m),True,0.9996551953963867,length_bin,logistic_regression,siglip_frozen_embeddings_logistic_regression
length_bin,,3,100346,short (<20m),short (<6m),False,0.5159698982053036,length_bin,logistic_regression,siglip_frozen_embeddings_logistic_regression
length_bin,,3,100555,long (>100m),short (<20m),False,0.9808339396918323,length_bin,logistic_regression,siglip_frozen_embeddings_logistic_regression
length_bin,,3,102362,medium (20-100m),long (>100m),False,0.4971516103435416,length_bin,logistic_regression,siglip_frozen_embeddings_logistic_regression
length_bin,,3,102424,short (<20m),short (<20m),True,0.9438372317830093,length_bin,logistic_regression,siglip_frozen_embeddings_logistic_regression
length_bin,,3,102536,medium (20-100m),long (>100m),False,0.9738474720845748,length_bin,logistic_regression,siglip_frozen_embeddings_logistic_regression
length_bin,,3,103624,short (<20m),medium (6-20m),False,0.95975771721386,length_bin,logistic_regression,siglip_frozen_embeddings_logistic_regression
length_bin,,3,103708,short (<20m),short (<6m),False,0.6667563422603933,length_bin,logistic_regression,siglip_frozen_embeddings_logistic_regression
length_bin,,3,105280,medium (20-100m),short (<20m),False,0.9332663225724243,length_bin,logistic_regression,siglip_frozen_embeddings_logistic_regression
length_bin,,3,106401,short (<20m),medium (20-100m),False,0.6047520363139041,length_bin,logistic_regression,siglip_frozen_embeddings_logistic_regression
length_bin,,3,106937,short (<20m),short (<20m),True,0.964816588074638,length_bin,logistic_regression,siglip_frozen_embeddings_logistic_regression
length_bin,,3,107060,short (<20m),short (<20m),True,0.9957417948327836,length_bin,logistic_regression,siglip_frozen_embeddings_logistic_regression
length_bin,,3,107589,short (<20m),short (<20m),True,0.9542535402053703,length_bin,logistic_regression,siglip_frozen_embeddings_logistic_regression
length_bin,,3,107867,medium (20-100m),medium (20-100m),True,0.9970648122198477,length_bin,logistic_regression,siglip_frozen_embeddings_logistic_regression
length_bin,,3,107874,medium (20-100m),medium (20-100m),True,0.737833212736442,length_bin,logistic_regression,siglip_frozen_embeddings_logistic_regression
length_bin,,3,107883,medium (20-100m),short (<6m),False,0.5335952926439356,length_bin,logistic_regression,siglip_frozen_embeddings_logistic_regression
length_bin,,3,107888,medium (20-100m),short (<20m),False,0.9919040303549367,length_bin,logistic_regression,siglip_frozen_embeddings_logistic_regression
length_bin,,3,107891,medium (20-100m),short (<20m),False,0.6021948034936775,length_bin,logistic_regression,siglip_frozen_embeddings_logistic_regression
length_bin,,3,107906,long (>100m),short (<6m),False,0.5194593218973602,length_bin,logistic_regression,siglip_frozen_embeddings_logistic_regression
length_bin,,3,107991,short (<20m),short (<20m),True,0.8947565389960546,length_bin,logistic_regression,siglip_frozen_embeddings_logistic_regression
length_bin,,3,108021,short (<20m),short (<6m),False,0.9908655331481836,length_bin,logistic_regression,siglip_frozen_embeddings_logistic_regression
length_bin,,3,108296,short (<20m),short (<6m),False,0.9752256905352416,length_bin,logistic_regression,siglip_frozen_embeddings_logistic_regression
length_bin,,3,108299,short (<20m),short (<20m),True,0.6689665019777715,length_bin,logistic_regression,siglip_frozen_embeddings_logistic_regression
length_bin,,3,108303,medium (20-100m),short (<6m),False,0.8892724737842425,length_bin,logistic_regression,siglip_frozen_embeddings_logistic_regression
length_bin,,3,108327,short (<20m),medium (6-20m),False,0.5153418175746943,length_bin,logistic_regression,siglip_frozen_embeddings_logistic_regression
length_bin,,3,108341,short (<20m),short (<20m),True,0.9300866697016307,length_bin,logistic_regression,siglip_frozen_embeddings_logistic_regression
length_bin,,3,108349,short (<20m),short (<6m),False,0.5278363627732888,length_bin,logistic_regression,siglip_frozen_embeddings_logistic_regression
length_bin,,3,108395,medium (20-100m),short (<20m),False,0.9406383367913536,length_bin,logistic_regression,siglip_frozen_embeddings_logistic_regression
length_bin,,3,108398,medium (20-100m),short (<6m),False,0.9021733667886926,length_bin,logistic_regression,siglip_frozen_embeddings_logistic_regression
length_bin,,3,108712,short (<20m),short (<20m),True,0.5610890557686272,length_bin,logistic_regression,siglip_frozen_embeddings_logistic_regression
length_bin,,3,108733,short (<20m),medium (20-100m),False,0.8041630503374535,length_bin,logistic_regression,siglip_frozen_embeddings_logistic_regression
length_bin,,3,108779,medium (20-100m),short (<20m),False,0.43412050514144274,length_bin,logistic_regression,siglip_frozen_embeddings_logistic_regression
length_bin,,3,108780,long (>100m),short (<20m),False,0.9982704443174132,length_bin,logistic_regression,siglip_frozen_embeddings_logistic_regression
length_bin,,3,108787,medium (20-100m),medium (20-100m),True,0.9774151894297406,length_bin,logistic_regression,siglip_frozen_embeddings_logistic_regression
length_bin,,3,108795,medium (20-100m),medium (20-100m),True,0.6182472026726994,length_bin,logistic_regression,siglip_frozen_embeddings_logistic_regression
length_bin,,3,109419,short (<20m),short (<6m),False,0.9402425880973264,length_bin,logistic_regression,siglip_frozen_embeddings_logistic_regression
length_bin,,3,109713,short (<20m),short (<20m),True,0.997957722367623,length_bin,logistic_regression,siglip_frozen_embeddings_logistic_regression
length_bin,,3,109824,short (<20m),short (<6m),False,0.9164522261110574,length_bin,logistic_regression,siglip_frozen_embeddings_logistic_regression
length_bin,,3,110602,short (<20m),short (<20m),True,0.9988218565106589,length_bin,logistic_regression,siglip_frozen_embeddings_logistic_regression
length_bin,,3,110955,long (>100m),medium (20-100m),False,0.325936682682211,length_bin,logistic_regression,siglip_frozen_embeddings_logistic_regression
length_bin,,3,110962,short (<20m),short (<20m),True,0.8344329498551998,length_bin,logistic_regression,siglip_frozen_embeddings_logistic_regression
length_bin,,3,110966,short (<20m),short (<20m),True,0.6778423428374852,length_bin,logistic_regression,siglip_frozen_embeddings_logistic_regression
length_bin,,3,110970,short (<20m),medium (20-100m),False,0.6808645424640093,length_bin,logistic_regression,siglip_frozen_embeddings_logistic_regression
length_bin,,3,110975,short (<20m),short (<20m),True,0.7274309075622138,length_bin,logistic_regression,siglip_frozen_embeddings_logistic_regression
length_bin,,3,111673,short (<20m),short (<20m),True,0.7131100793817721,length_bin,logistic_regression,siglip_frozen_embeddings_logistic_regression
length_bin,,3,111683,short (<20m),medium (20-100m),False,0.34908664115432114,length_bin,logistic_regression,siglip_frozen_embeddings_logistic_regression
length_bin,,3,111802,medium (20-100m),short (<20m),False,0.81415456713357,length_bin,logistic_regression,siglip_frozen_embeddings_logistic_regression
length_bin,,3,111805,short (<20m),short (<6m),False,0.9968167228988659,length_bin,logistic_regression,siglip_frozen_embeddings_logistic_regression
length_bin,,3,111815,short (<20m),short (<20m),True,0.9687976472170731,length_bin,logistic_regression,siglip_frozen_embeddings_logistic_regression
length_bin,,3,112579,short (<20m),long (>100m),False,0.593214132365264,length_bin,logistic_regression,siglip_frozen_embeddings_logistic_regression
length_bin,,3,113156,medium (20-100m),short (<20m),False,0.7769127783967799,length_bin,logistic_regression,siglip_frozen_embeddings_logistic_regression
length_bin,,3,113167,medium (20-100m),short (<20m),False,0.8784308777013609,length_bin,logistic_regression,siglip_frozen_embeddings_logistic_regression
length_bin,,3,117015,short (<20m),medium (6-20m),False,0.5156473304632893,length_bin,logistic_regression,siglip_frozen_embeddings_logistic_regression
length_bin,,3,120665,short (<20m),short (<6m),False,0.995546805569562,length_bin,logistic_regression,siglip_frozen_embeddings_logistic_regression
length_bin,,3,120666,short (<20m),medium (20-100m),False,0.8301072783080962,length_bin,logistic_regression,siglip_frozen_embeddings_logistic_regression
length_bin,,3,120687,short (<20m),medium (6-20m),False,0.6599146832581666,length_bin,logistic_regression,siglip_frozen_embeddings_logistic_regression
length_bin,,3,120908,short (<20m),short (<6m),False,0.8550431519053305,length_bin,logistic_regression,siglip_frozen_embeddings_logistic_regression
length_bin,,3,121010,medium (20-100m),short (<20m),False,0.9255056335957307,length_bin,logistic_regression,siglip_frozen_embeddings_logistic_regression
length_bin,,3,121247,short (<20m),medium (20-100m),False,0.549502024963014,length_bin,logistic_regression,siglip_frozen_embeddings_logistic_regression
length_bin,,3,121572,short (<20m),short (<6m),False,0.9090992312690533,length_bin,logistic_regression,siglip_frozen_embeddings_logistic_regression
length_bin,,3,121596,short (<20m),short (<6m),False,0.9931872955697617,length_bin,logistic_regression,siglip_frozen_embeddings_logistic_regression
length_bin,,3,121728,short (<20m),short (<20m),True,0.9992954667138592,length_bin,logistic_regression,siglip_frozen_embeddings_logistic_regression
length_bin,,3,121744,short (<20m),short (<20m),True,0.999843866268589,length_bin,logistic_regression,siglip_frozen_embeddings_logistic_regression
length_bin,,3,121791,short (<20m),short (<6m),False,0.5909157311594405,length_bin,logistic_regression,siglip_frozen_embeddings_logistic_regression
length_bin,,3,121792,short (<20m),short (<20m),True,0.9729986490986828,length_bin,logistic_regression,siglip_frozen_embeddings_logistic_regression
length_bin,,3,122317,short (<20m),short (<5m),False,0.9814404283105793,length_bin,logistic_regression,siglip_frozen_embeddings_logistic_regression
length_bin,,3,123099,short (<20m),long (>100m),False,0.8681772314779873,length_bin,logistic_regression,siglip_frozen_embeddings_logistic_regression
length_bin,,3,123101,short (<20m),short (<20m),True,0.9476464492777553,length_bin,logistic_regression,siglip_frozen_embeddings_logistic_regression
length_bin,,3,123106,short (<20m),short (<20m),True,0.9349991647746113,length_bin,logistic_regression,siglip_frozen_embeddings_logistic_regression
length_bin,,3,123142,medium (20-100m),short (<20m),False,0.8631878566833395,length_bin,logistic_regression,siglip_frozen_embeddings_logistic_regression
length_bin,,3,123256,short (<20m),short (<10m),False,0.5724898510443066,length_bin,logistic_regression,siglip_frozen_embeddings_logistic_regression
length_bin,,3,123259,short (<20m),short (<20m),True,0.9911566547160514,length_bin,logistic_regression,siglip_frozen_embeddings_logistic_regression
length_bin,,3,126808,medium (20-100m),medium (20-100m),True,0.4341674610023909,length_bin,logistic_regression,siglip_frozen_embeddings_logistic_regression
length_bin,,3,126835,short (<20m),short (<20m),True,0.8116199995472866,length_bin,logistic_regression,siglip_frozen_embeddings_logistic_regression
length_bin,,3,126837,short (<20m),medium (6-20m),False,0.975518626860172,length_bin,logistic_regression,siglip_frozen_embeddings_logistic_regression
length_bin,,3,127135,short (<20m),medium (20-100m),False,0.7987975769931672,length_bin,logistic_regression,siglip_frozen_embeddings_logistic_regression
length_bin,,3,127141,short (<20m),short (<20m),True,0.9088115535617336,length_bin,logistic_regression,siglip_frozen_embeddings_logistic_regression
length_bin,,3,127142,short (<20m),long (>100m),False,0.47976883372001344,length_bin,logistic_regression,siglip_frozen_embeddings_logistic_regression
length_bin,,3,127653,short (<20m),short (<20m),True,0.7776236687037895,length_bin,logistic_regression,siglip_frozen_embeddings_logistic_regression
length_bin,,3,128639,short (<20m),short (<20m),True,0.9913909301268613,length_bin,logistic_regression,siglip_frozen_embeddings_logistic_regression
length_bin,,3,128951,medium (20-100m),short (<20m),False,0.4360825342581577,length_bin,logistic_regression,siglip_frozen_embeddings_logistic_regression
length_bin,,3,100342,medium (10-30m),medium (6-20m),False,0.5088118385682212,length_bin,logistic_regression,siglip_frozen_embeddings_logistic_regression
length_bin,,3,103725,short (<10m),short (<20m),False,0.7852671674070821,length_bin,logistic_regression,siglip_frozen_embeddings_logistic_regression
length_bin,,3,106916,short (<10m),medium (20-100m),False,0.7198682838070941,length_bin,logistic_regression,siglip_frozen_embeddings_logistic_regression
length_bin,,3,114207,short (<10m),short (<20m),False,0.7862212212400805,length_bin,logistic_regression,siglip_frozen_embeddings_logistic_regression
length_bin,,3,121006,short (<10m),medium (6-20m),False,0.8939851201477756,length_bin,logistic_regression,siglip_frozen_embeddings_logistic_regression
length_bin,,3,122440,short (<10m),short (<6m),False,0.997503539608373,length_bin,logistic_regression,siglip_frozen_embeddings_logistic_regression
length_bin,,3,128876,short (<10m),medium (6-20m),False,0.7555799654093955,length_bin,logistic_regression,siglip_frozen_embeddings_logistic_regression
length_bin,,3,120682,short (<20m),short (<20m),True,0.9694700257596779,length_bin,logistic_regression,siglip_frozen_embeddings_logistic_regression
length_bin,,3,107932,medium (5-20m),short (<5m),False,0.9671268869603394,length_bin,logistic_regression,siglip_frozen_embeddings_logistic_regression
length_bin,,3,107937,short (<5m),medium (5-20m),False,0.5312126333703738,length_bin,logistic_regression,siglip_frozen_embeddings_logistic_regression
length_bin,,3,107953,short (<5m),short (<5m),True,0.6987693254058358,length_bin,logistic_regression,siglip_frozen_embeddings_logistic_regression
length_bin,,3,46340,medium (6-20m),medium (6-20m),True,0.633379763143066,length_bin,logistic_regression,siglip_frozen_embeddings_logistic_regression
length_bin,,3,46922,medium (6-20m),medium (6-20m),True,0.7793410768666499,length_bin,logistic_regression,siglip_frozen_embeddings_logistic_regression
length_bin,,3,46926,medium (6-20m),medium (6-20m),True,0.9968676399804031,length_bin,logistic_regression,siglip_frozen_embeddings_logistic_regression
length_bin,,3,46929,short (<6m),short (<6m),True,0.9838954366582984,length_bin,logistic_regression,siglip_frozen_embeddings_logistic_regression
length_bin,,3,47299,short (<6m),medium (6-20m),False,0.8720695393824318,length_bin,logistic_regression,siglip_frozen_embeddings_logistic_regression
length_bin,,3,49062,short (<6m),short (<6m),True,0.9735840195585646,length_bin,logistic_regression,siglip_frozen_embeddings_logistic_regression
length_bin,,3,49664,long (>20m),long (>20m),True,0.9748544722258038,length_bin,logistic_regression,siglip_frozen_embeddings_logistic_regression
length_bin,,3,50654,short (<6m),long (>100m),False,0.7688813908832246,length_bin,logistic_regression,siglip_frozen_embeddings_logistic_regression
length_bin,,3,50822,medium (6-20m),medium (6-20m),True,0.8162356130070558,length_bin,logistic_regression,siglip_frozen_embeddings_logistic_regression
length_bin,,3,51525,long (>20m),long (>20m),True,0.9957079647801736,length_bin,logistic_regression,siglip_frozen_embeddings_logistic_regression
length_bin,,3,51531,medium (6-20m),medium (6-20m),True,0.962877699107772,length_bin,logistic_regression,siglip_frozen_embeddings_logistic_regression
length_bin,,3,51798,long (>20m),medium (6-20m),False,0.9133304596101183,length_bin,logistic_regression,siglip_frozen_embeddings_logistic_regression
length_bin,,3,52551,long (>20m),medium (6-20m),False,0.7260400510590507,length_bin,logistic_regression,siglip_frozen_embeddings_logistic_regression
length_bin,,3,53198,medium (6-20m),short (<6m),False,0.8388963012200135,length_bin,logistic_regression,siglip_frozen_embeddings_logistic_regression
length_bin,,3,53851,medium (6-20m),long (>20m),False,0.9681195495403727,length_bin,logistic_regression,siglip_frozen_embeddings_logistic_regression
length_bin,,3,53986,medium (6-20m),medium (6-20m),True,0.8328984014203119,length_bin,logistic_regression,siglip_frozen_embeddings_logistic_regression
length_bin,,3,54184,short (<6m),short (<6m),True,0.7581111341270802,length_bin,logistic_regression,siglip_frozen_embeddings_logistic_regression
length_bin,,3,55637,medium (6-20m),medium (6-20m),True,0.9119208546632523,length_bin,logistic_regression,siglip_frozen_embeddings_logistic_regression
length_bin,,3,56469,medium (6-20m),short (<6m),False,0.6944903685524384,length_bin,logistic_regression,siglip_frozen_embeddings_logistic_regression
length_bin,,3,56470,long (>20m),medium (6-20m),False,0.994720159530165,length_bin,logistic_regression,siglip_frozen_embeddings_logistic_regression
length_bin,,3,56533,medium (6-20m),medium (6-20m),True,0.9846475267161056,length_bin,logistic_regression,siglip_frozen_embeddings_logistic_regression
length_bin,,3,56876,long (>20m),long (>20m),True,0.6406991113969993,length_bin,logistic_regression,siglip_frozen_embeddings_logistic_regression
length_bin,,3,57858,long (>20m),medium (6-20m),False,0.9970957791543132,length_bin,logistic_regression,siglip_frozen_embeddings_logistic_regression
length_bin,,3,58160,long (>20m),long (>20m),True,0.6211701353820771,length_bin,logistic_regression,siglip_frozen_embeddings_logistic_regression
length_bin,,3,58162,medium (6-20m),medium (6-20m),True,0.5304240125066847,length_bin,logistic_regression,siglip_frozen_embeddings_logistic_regression
length_bin,,3,58413,short (<6m),medium (6-20m),False,0.9944033585929102,length_bin,logistic_regression,siglip_frozen_embeddings_logistic_regression
length_bin,,3,60633,medium (6-20m),medium (20-100m),False,0.4456680826184844,length_bin,logistic_regression,siglip_frozen_embeddings_logistic_regression
length_bin,,3,61111,short (<6m),medium (6-20m),False,0.9870263983317565,length_bin,logistic_regression,siglip_frozen_embeddings_logistic_regression
length_bin,,3,61413,medium (6-20m),medium (6-20m),True,0.7691977568087218,length_bin,logistic_regression,siglip_frozen_embeddings_logistic_regression
length_bin,,3,61731,medium (6-20m),medium (6-20m),True,0.9259245973221898,length_bin,logistic_regression,siglip_frozen_embeddings_logistic_regression
length_bin,,3,63075,medium (6-20m),short (<6m),False,0.9028371469003317,length_bin,logistic_regression,siglip_frozen_embeddings_logistic_regression
length_bin,,3,64137,short (<6m),short (<6m),True,0.6740004916878392,length_bin,logistic_regression,siglip_frozen_embeddings_logistic_regression
length_bin,,3,65608,medium (6-20m),medium (6-20m),True,0.9941847067689742,length_bin,logistic_regression,siglip_frozen_embeddings_logistic_regression
length_bin,,3,66920,medium (6-20m),medium (6-20m),True,0.9995806740862488,length_bin,logistic_regression,siglip_frozen_embeddings_logistic_regression
length_bin,,3,82385,medium (6-20m),medium (6-20m),True,0.4549343888095585,length_bin,logistic_regression,siglip_frozen_embeddings_logistic_regression
length_bin,,3,83150,medium (6-20m),long (>20m),False,0.6787375885174254,length_bin,logistic_regression,siglip_frozen_embeddings_logistic_regression
length_bin,,3,83154,short (<6m),medium (6-20m),False,0.9932394137631958,length_bin,logistic_regression,siglip_frozen_embeddings_logistic_regression
length_bin,,3,85364,short (<6m),short (<6m),True,0.8867887216049114,length_bin,logistic_regression,siglip_frozen_embeddings_logistic_regression
length_bin,,3,86597,medium (6-20m),medium (6-20m),True,0.8622054001637109,length_bin,logistic_regression,siglip_frozen_embeddings_logistic_regression
length_bin,,3,88220,medium (6-20m),medium (6-20m),True,0.9634845830489854,length_bin,logistic_regression,siglip_frozen_embeddings_logistic_regression
length_bin,,3,88733,medium (6-20m),long (>20m),False,0.3990143582877037,length_bin,logistic_regression,siglip_frozen_embeddings_logistic_regression
length_bin,,3,89438,short (<6m),short (<6m),True,0.9916877191731598,length_bin,logistic_regression,siglip_frozen_embeddings_logistic_regression
length_bin,,3,89440,short (<6m),short (<6m),True,0.9993001682297689,length_bin,logistic_regression,siglip_frozen_embeddings_logistic_regression
length_bin,,3,89447,short (<6m),short (<6m),True,0.9967208935228768,length_bin,logistic_regression,siglip_frozen_embeddings_logistic_regression
length_bin,,3,90408,medium (6-20m),medium (6-20m),True,0.9998615047376362,length_bin,logistic_regression,siglip_frozen_embeddings_logistic_regression
length_bin,,3,92164,short (<6m),medium (20-100m),False,0.5667719655644435,length_bin,logistic_regression,siglip_frozen_embeddings_logistic_regression
length_bin,,3,92872,medium (6-20m),medium (6-20m),True,0.9810987787303781,length_bin,logistic_regression,siglip_frozen_embeddings_logistic_regression
length_bin,,3,96291,short (<6m),short (<20m),False,0.3142311157550371,length_bin,logistic_regression,siglip_frozen_embeddings_logistic_regression
length_bin,,3,99611,medium (6-20m),medium (6-20m),True,0.8732058703841915,length_bin,logistic_regression,siglip_frozen_embeddings_logistic_regression
length_bin,,3,99612,medium (6-20m),medium (6-20m),True,0.9949028953751975,length_bin,logistic_regression,siglip_frozen_embeddings_logistic_regression
length_bin,,3,99814,medium (6-20m),short (<6m),False,0.7297793153355453,length_bin,logistic_regression,siglip_frozen_embeddings_logistic_regression
length_bin,,3,100111,medium (6-20m),long (>20m),False,0.9154513837055395,length_bin,logistic_regression,siglip_frozen_embeddings_logistic_regression
length_bin,,3,100751,short (<6m),short (<6m),True,0.5430391955766025,length_bin,logistic_regression,siglip_frozen_embeddings_logistic_regression
length_bin,,3,101868,medium (6-20m),medium (6-20m),True,0.9983802046878795,length_bin,logistic_regression,siglip_frozen_embeddings_logistic_regression
length_bin,,3,102436,medium (6-20m),medium (6-20m),True,0.6462080565075636,length_bin,logistic_regression,siglip_frozen_embeddings_logistic_regression
length_bin,,3,102816,short (<6m),short (<20m),False,0.42095545195416456,length_bin,logistic_regression,siglip_frozen_embeddings_logistic_regression
length_bin,,3,103253,medium (6-20m),medium (6-20m),True,0.9978030625494968,length_bin,logistic_regression,siglip_frozen_embeddings_logistic_regression
length_bin,,3,103526,short (<6m),short (<6m),True,0.9722337369862585,length_bin,logistic_regression,siglip_frozen_embeddings_logistic_regression
length_bin,,3,104732,medium (6-20m),short (<6m),False,0.8696137510051598,length_bin,logistic_regression,siglip_frozen_embeddings_logistic_regression
length_bin,,3,106027,short (<6m),medium (6-20m),False,0.7557210979049788,length_bin,logistic_regression,siglip_frozen_embeddings_logistic_regression
length_bin,,3,106028,short (<6m),long (>20m),False,0.6827124045061249,length_bin,logistic_regression,siglip_frozen_embeddings_logistic_regression
length_bin,,3,106030,long (>20m),medium (6-20m),False,0.7290982317199237,length_bin,logistic_regression,siglip_frozen_embeddings_logistic_regression
length_bin,,3,106045,medium (6-20m),long (>100m),False,0.7129698058619045,length_bin,logistic_regression,siglip_frozen_embeddings_logistic_regression
length_bin,,3,106637,short (<6m),short (<6m),True,0.7348438869001557,length_bin,logistic_regression,siglip_frozen_embeddings_logistic_regression
length_bin,,3,107058,medium (6-20m),long (>20m),False,0.482100713169744,length_bin,logistic_regression,siglip_frozen_embeddings_logistic_regression
length_bin,,3,107074,short (<6m),medium (6-20m),False,0.501598946392386,length_bin,logistic_regression,siglip_frozen_embeddings_logistic_regression
length_bin,,3,107885,medium (6-20m),medium (6-20m),True,0.9923453322213569,length_bin,logistic_regression,siglip_frozen_embeddings_logistic_regression
length_bin,,3,107907,medium (6-20m),medium (6-20m),True,0.7716312586317016,length_bin,logistic_regression,siglip_frozen_embeddings_logistic_regression
length_bin,,3,107922,medium (6-20m),medium (20-100m),False,0.5355858878716797,length_bin,logistic_regression,siglip_frozen_embeddings_logistic_regression
length_bin,,3,107998,medium (6-20m),short (<6m),False,0.31523600806298835,length_bin,logistic_regression,siglip_frozen_embeddings_logistic_regression
length_bin,,3,108107,short (<6m),medium (6-20m),False,0.706334706050414,length_bin,logistic_regression,siglip_frozen_embeddings_logistic_regression
length_bin,,3,108378,short (<6m),medium (6-20m),False,0.42278937258631066,length_bin,logistic_regression,siglip_frozen_embeddings_logistic_regression
length_bin,,3,108380,medium (6-20m),medium (6-20m),True,0.849317030051883,length_bin,logistic_regression,siglip_frozen_embeddings_logistic_regression
length_bin,,3,108663,short (<6m),medium (20-100m),False,0.637177015277002,length_bin,logistic_regression,siglip_frozen_embeddings_logistic_regression
length_bin,,3,109149,medium (6-20m),short (<6m),False,0.8930590869841449,length_bin,logistic_regression,siglip_frozen_embeddings_logistic_regression
length_bin,,3,109619,medium (6-20m),long (>20m),False,0.3898058276430027,length_bin,logistic_regression,siglip_frozen_embeddings_logistic_regression
length_bin,,3,109727,short (<6m),medium (5-20m),False,0.9928551187222179,length_bin,logistic_regression,siglip_frozen_embeddings_logistic_regression
length_bin,,3,109821,medium (6-20m),long (>20m),False,0.7211861895328507,length_bin,logistic_regression,siglip_frozen_embeddings_logistic_regression
length_bin,,3,110164,short (<6m),medium (6-20m),False,0.9086045000420825,length_bin,logistic_regression,siglip_frozen_embeddings_logistic_regression
length_bin,,3,110932,medium (6-20m),medium (6-20m),True,0.9824583891176653,length_bin,logistic_regression,siglip_frozen_embeddings_logistic_regression
length_bin,,3,110944,medium (6-20m),medium (20-100m),False,0.42156666624005046,length_bin,logistic_regression,siglip_frozen_embeddings_logistic_regression
length_bin,,3,111452,medium (6-20m),medium (6-20m),True,0.9917132631878207,length_bin,logistic_regression,siglip_frozen_embeddings_logistic_regression
length_bin,,3,111862,short (<6m),short (<6m),True,0.49561016582233913,length_bin,logistic_regression,siglip_frozen_embeddings_logistic_regression
length_bin,,3,111914,medium (6-20m),long (>20m),False,0.7723910390722413,length_bin,logistic_regression,siglip_frozen_embeddings_logistic_regression
length_bin,,3,112422,short (<6m),short (<20m),False,0.7825925965250089,length_bin,logistic_regression,siglip_frozen_embeddings_logistic_regression
length_bin,,3,113163,medium (6-20m),short (<6m),False,0.523851817286267,length_bin,logistic_regression,siglip_frozen_embeddings_logistic_regression
length_bin,,3,113168,short (<6m),long (>100m),False,0.9708413618783717,length_bin,logistic_regression,siglip_frozen_embeddings_logistic_regression
length_bin,,3,114287,short (<6m),medium (20-100m),False,0.7821300260064582,length_bin,logistic_regression,siglip_frozen_embeddings_logistic_regression
length_bin,,3,114646,medium (6-20m),short (<6m),False,0.9099597620604268,length_bin,logistic_regression,siglip_frozen_embeddings_logistic_regression
length_bin,,3,114923,medium (6-20m),short (<6m),False,0.509906901847645,length_bin,logistic_regression,siglip_frozen_embeddings_logistic_regression
length_bin,,3,114947,medium (6-20m),short (<6m),False,0.7137611722561346,length_bin,logistic_regression,siglip_frozen_embeddings_logistic_regression
length_bin,,3,114962,medium (6-20m),short (<6m),False,0.9440591820821115,length_bin,logistic_regression,siglip_frozen_embeddings_logistic_regression
length_bin,,3,114963,medium (6-20m),short (<20m),False,0.5927993441019985,length_bin,logistic_regression,siglip_frozen_embeddings_logistic_regression
length_bin,,3,116737,medium (6-20m),medium (6-20m),True,0.9903201374898007,length_bin,logistic_regression,siglip_frozen_embeddings_logistic_regression
length_bin,,3,116852,short (<6m),medium (6-20m),False,0.3701559349683297,length_bin,logistic_regression,siglip_frozen_embeddings_logistic_regression
length_bin,,3,116853,medium (6-20m),short (<6m),False,0.9496606862603677,length_bin,logistic_regression,siglip_frozen_embeddings_logistic_regression
length_bin,,3,117207,short (<6m),medium (6-20m),False,0.7291099053103847,length_bin,logistic_regression,siglip_frozen_embeddings_logistic_regression
length_bin,,3,117216,medium (6-20m),medium (6-20m),True,0.9919544114899644,length_bin,logistic_regression,siglip_frozen_embeddings_logistic_regression
length_bin,,3,117363,short (<6m),long (>20m),False,0.5527557390025716,length_bin,logistic_regression,siglip_frozen_embeddings_logistic_regression
length_bin,,3,118757,short (<6m),medium (6-20m),False,0.9999928515981709,length_bin,logistic_regression,siglip_frozen_embeddings_logistic_regression
length_bin,,3,119844,short (<6m),medium (20-100m),False,0.999873284170845,length_bin,logistic_regression,siglip_frozen_embeddings_logistic_regression
length_bin,,3,121500,medium (6-20m),medium (6-20m),True,0.9876079395262509,length_bin,logistic_regression,siglip_frozen_embeddings_logistic_regression
length_bin,,3,121755,short (<6m),short (<20m),False,0.42277618065182127,length_bin,logistic_regression,siglip_frozen_embeddings_logistic_regression
length_bin,,3,121796,short (<6m),short (<6m),True,0.9926076613708816,length_bin,logistic_regression,siglip_frozen_embeddings_logistic_regression
length_bin,,3,122184,short (<6m),medium (20-100m),False,0.6120173073824787,length_bin,logistic_regression,siglip_frozen_embeddings_logistic_regression
length_bin,,3,122244,short (<6m),medium (6-20m),False,0.9926950723436376,length_bin,logistic_regression,siglip_frozen_embeddings_logistic_regression
length_bin,,3,122439,medium (6-20m),medium (6-20m),True,0.9590035743017459,length_bin,logistic_regression,siglip_frozen_embeddings_logistic_regression
length_bin,,3,122445,short (<6m),medium (6-20m),False,0.9489233571228312,length_bin,logistic_regression,siglip_frozen_embeddings_logistic_regression
length_bin,,3,122999,medium (6-20m),medium (6-20m),True,0.9677282680453566,length_bin,logistic_regression,siglip_frozen_embeddings_logistic_regression
length_bin,,3,123219,medium (6-20m),long (>100m),False,0.4635826011174534,length_bin,logistic_regression,siglip_frozen_embeddings_logistic_regression
length_bin,,3,126809,medium (6-20m),medium (6-20m),True,0.7945116627862547,length_bin,logistic_regression,siglip_frozen_embeddings_logistic_regression
length_bin,,3,128033,medium (6-20m),short (<6m),False,0.9619001921262497,length_bin,logistic_regression,siglip_frozen_embeddings_logistic_regression
length_bin,,3,128041,long (>20m),short (<6m),False,0.3160649442920687,length_bin,logistic_regression,siglip_frozen_embeddings_logistic_regression
length_bin,,3,128273,medium (6-20m),medium (6-20m),True,0.9772797333395844,length_bin,logistic_regression,siglip_frozen_embeddings_logistic_regression
length_bin,,3,129304,short (<6m),short (<6m),True,0.8493195544992979,length_bin,logistic_regression,siglip_frozen_embeddings_logistic_regression
length_bin,,3,129305,short (<6m),short (<6m),True,0.8892480748339244,length_bin,logistic_regression,siglip_frozen_embeddings_logistic_regression
length_bin,,3,129364,short (<6m),short (<20m),False,0.7427707864645993,length_bin,logistic_regression,siglip_frozen_embeddings_logistic_regression
length_bin,,3,52250,medium (10-20m),short (<10m),False,0.5964579480049622,length_bin,logistic_regression,siglip_frozen_embeddings_logistic_regression
length_bin,,3,97887,small (<10m),large (>20m),False,0.8799751209669541,length_bin,logistic_regression,siglip_frozen_embeddings_logistic_regression
length_bin,,4,46933,long (>100m),long (>100m),True,0.6701019582136588,length_bin,logistic_regression,siglip_frozen_embeddings_logistic_regression
length_bin,,4,47664,long (>100m),short (<20m),False,0.39537687381706466,length_bin,logistic_regression,siglip_frozen_embeddings_logistic_regression
length_bin,,4,48514,short (<20m),long (>100m),False,0.6582631857501816,length_bin,logistic_regression,siglip_frozen_embeddings_logistic_regression
length_bin,,4,51440,short (<20m),short (<20m),True,0.9316326330650426,length_bin,logistic_regression,siglip_frozen_embeddings_logistic_regression
length_bin,,4,53554,short (<20m),medium (20-100m),False,0.9738162920985303,length_bin,logistic_regression,siglip_frozen_embeddings_logistic_regression
length_bin,,4,56778,long (>100m),short (<10m),False,0.806973373102267,length_bin,logistic_regression,siglip_frozen_embeddings_logistic_regression
length_bin,,4,58826,long (>100m),short (<20m),False,0.9586074279972517,length_bin,logistic_regression,siglip_frozen_embeddings_logistic_regression
length_bin,,4,61736,short (<20m),medium (20-100m),False,0.7984002313392842,length_bin,logistic_regression,siglip_frozen_embeddings_logistic_regression
length_bin,,4,61737,short (<20m),short (<20m),True,0.9595291726700835,length_bin,logistic_regression,siglip_frozen_embeddings_logistic_regression
length_bin,,4,62067,medium (20-100m),long (>100m),False,0.4414981138846894,length_bin,logistic_regression,siglip_frozen_embeddings_logistic_regression
length_bin,,4,62447,medium (20-100m),medium (20-100m),True,0.6564162748387563,length_bin,logistic_regression,siglip_frozen_embeddings_logistic_regression
length_bin,,4,62364,short (<20m),short (<20m),True,0.9830658453163607,length_bin,logistic_regression,siglip_frozen_embeddings_logistic_regression
length_bin,,4,64220,short (<20m),short (<20m),True,0.6387036332713244,length_bin,logistic_regression,siglip_frozen_embeddings_logistic_regression
length_bin,,4,64889,medium (20-100m),short (<20m),False,0.9455335375825848,length_bin,logistic_regression,siglip_frozen_embeddings_logistic_regression
length_bin,,4,81887,long (>100m),medium (20-100m),False,0.523545773501501,length_bin,logistic_regression,siglip_frozen_embeddings_logistic_regression
length_bin,,4,83926,short (<20m),medium (20-100m),False,0.9272107279866973,length_bin,logistic_regression,siglip_frozen_embeddings_logistic_regression
length_bin,,4,83936,short (<20m),long (>100m),False,0.5478720772548069,length_bin,logistic_regression,siglip_frozen_embeddings_logistic_regression
length_bin,,4,83952,short (<20m),short (<6m),False,0.958050331152066,length_bin,logistic_regression,siglip_frozen_embeddings_logistic_regression
length_bin,,4,85491,short (<20m),short (<20m),True,0.6532016907849925,length_bin,logistic_regression,siglip_frozen_embeddings_logistic_regression
length_bin,,4,85495,short (<20m),short (<20m),True,0.9311714918936435,length_bin,logistic_regression,siglip_frozen_embeddings_logistic_regression
length_bin,,4,85545,short (<20m),short (<20m),True,0.8873376943183777,length_bin,logistic_regression,siglip_frozen_embeddings_logistic_regression
length_bin,,4,85558,short (<20m),short (<20m),True,0.9878686094075378,length_bin,logistic_regression,siglip_frozen_embeddings_logistic_regression
length_bin,,4,86034,short (<20m),short (<20m),True,0.8056917602121081,length_bin,logistic_regression,siglip_frozen_embeddings_logistic_regression
length_bin,,4,86072,short (<20m),short (<20m),True,0.9920721014277571,length_bin,logistic_regression,siglip_frozen_embeddings_logistic_regression
length_bin,,4,86080,short (<20m),short (<20m),True,0.8570473992922428,length_bin,logistic_regression,siglip_frozen_embeddings_logistic_regression
length_bin,,4,86108,short (<20m),short (<20m),True,0.9539038585281536,length_bin,logistic_regression,siglip_frozen_embeddings_logistic_regression
length_bin,,4,86114,short (<20m),short (<20m),True,0.9043537611629578,length_bin,logistic_regression,siglip_frozen_embeddings_logistic_regression
length_bin,,4,86126,short (<20m),medium (20-100m),False,0.6330622872239801,length_bin,logistic_regression,siglip_frozen_embeddings_logistic_regression
length_bin,,4,86136,short (<20m),short (<20m),True,0.8711738499319192,length_bin,logistic_regression,siglip_frozen_embeddings_logistic_regression
length_bin,,4,86146,short (<20m),medium (20-100m),False,0.9884772945329054,length_bin,logistic_regression,siglip_frozen_embeddings_logistic_regression
length_bin,,4,86155,medium (20-100m),medium (20-100m),True,0.8463684894913327,length_bin,logistic_regression,siglip_frozen_embeddings_logistic_regression
length_bin,,4,86161,short (<20m),short (<20m),True,0.6876450424414482,length_bin,logistic_regression,siglip_frozen_embeddings_logistic_regression
length_bin,,4,86163,short (<20m),short (<20m),True,0.950320004916676,length_bin,logistic_regression,siglip_frozen_embeddings_logistic_regression
length_bin,,4,86172,medium (20-100m),short (<20m),False,0.5679143702724518,length_bin,logistic_regression,siglip_frozen_embeddings_logistic_regression
length_bin,,4,86184,short (<20m),medium (20-100m),False,0.7677736628936529,length_bin,logistic_regression,siglip_frozen_embeddings_logistic_regression
length_bin,,4,86183,short (<20m),medium (20-100m),False,0.951418687819154,length_bin,logistic_regression,siglip_frozen_embeddings_logistic_regression
length_bin,,4,86201,medium (20-100m),medium (20-100m),True,0.9827501729823211,length_bin,logistic_regression,siglip_frozen_embeddings_logistic_regression
length_bin,,4,86202,short (<20m),short (<20m),True,0.5297381143025839,length_bin,logistic_regression,siglip_frozen_embeddings_logistic_regression
length_bin,,4,86205,short (<20m),short (<20m),True,0.5433379497841432,length_bin,logistic_regression,siglip_frozen_embeddings_logistic_regression
length_bin,,4,86224,medium (20-100m),short (<20m),False,0.7085176046537228,length_bin,logistic_regression,siglip_frozen_embeddings_logistic_regression
length_bin,,4,86236,short (<20m),medium (20-100m),False,0.911934525596291,length_bin,logistic_regression,siglip_frozen_embeddings_logistic_regression
length_bin,,4,86235,short (<20m),short (<20m),True,0.9415007636140573,length_bin,logistic_regression,siglip_frozen_embeddings_logistic_regression
length_bin,,4,86247,short (<20m),short (<20m),True,0.9063505478452281,length_bin,logistic_regression,siglip_frozen_embeddings_logistic_regression
length_bin,,4,87505,medium (20-100m),long (>100m),False,0.6764906220229128,length_bin,logistic_regression,siglip_frozen_embeddings_logistic_regression
length_bin,,4,87530,short (<20m),short (<20m),True,0.924394254726088,length_bin,logistic_regression,siglip_frozen_embeddings_logistic_regression
length_bin,,4,89579,short (<20m),medium (20-100m),False,0.836015897231321,length_bin,logistic_regression,siglip_frozen_embeddings_logistic_regression
length_bin,,4,89582,short (<20m),long (>100m),False,0.7284005265839443,length_bin,logistic_regression,siglip_frozen_embeddings_logistic_regression
length_bin,,4,89712,medium (20-100m),short (<6m),False,0.9206110693861539,length_bin,logistic_regression,siglip_frozen_embeddings_logistic_regression
length_bin,,4,89715,short (<20m),medium (20-100m),False,0.9787511295665335,length_bin,logistic_regression,siglip_frozen_embeddings_logistic_regression
length_bin,,4,89734,medium (20-100m),medium (20-100m),True,0.943806369534903,length_bin,logistic_regression,siglip_frozen_embeddings_logistic_regression
length_bin,,4,90325,medium (20-100m),long (>100m),False,0.45564668813134007,length_bin,logistic_regression,siglip_frozen_embeddings_logistic_regression
length_bin,,4,90327,medium (20-100m),medium (20-100m),True,0.9683210667598047,length_bin,logistic_regression,siglip_frozen_embeddings_logistic_regression
length_bin,,4,90329,short (<20m),short (<6m),False,0.4416052625758684,length_bin,logistic_regression,siglip_frozen_embeddings_logistic_regression
length_bin,,4,90337,medium (20-100m),medium (20-100m),True,0.9969406324260246,length_bin,logistic_regression,siglip_frozen_embeddings_logistic_regression
length_bin,,4,90339,long (>100m),medium (20-100m),False,0.949426535443319,length_bin,logistic_regression,siglip_frozen_embeddings_logistic_regression
length_bin,,4,90340,medium (20-100m),medium (20-100m),True,0.8131054487650197,length_bin,logistic_regression,siglip_frozen_embeddings_logistic_regression
length_bin,,4,90346,medium (20-100m),medium (20-100m),True,0.9118576976823313,length_bin,logistic_regression,siglip_frozen_embeddings_logistic_regression
length_bin,,4,90351,medium (20-100m),medium (20-100m),True,0.9699329043911378,length_bin,logistic_regression,siglip_frozen_embeddings_logistic_regression
length_bin,,4,90355,short (<20m),medium (20-100m),False,0.9978429036234706,length_bin,logistic_regression,siglip_frozen_embeddings_logistic_regression
length_bin,,4,90356,short (<20m),medium (20-100m),False,0.5513087562333128,length_bin,logistic_regression,siglip_frozen_embeddings_logistic_regression
length_bin,,4,90364,medium (20-100m),medium (6-20m),False,0.5581650149609065,length_bin,logistic_regression,siglip_frozen_embeddings_logistic_regression
length_bin,,4,90369,medium (20-100m),short (<6m),False,0.608959828952908,length_bin,logistic_regression,siglip_frozen_embeddings_logistic_regression
length_bin,,4,90374,short (<20m),medium (20-100m),False,0.6436688433217063,length_bin,logistic_regression,siglip_frozen_embeddings_logistic_regression
length_bin,,4,90380,short (<20m),short (<20m),True,0.7174555721186751,length_bin,logistic_regression,siglip_frozen_embeddings_logistic_regression
length_bin,,4,90400,medium (20-100m),medium (20-100m),True,0.822475211373469,length_bin,logistic_regression,siglip_frozen_embeddings_logistic_regression
length_bin,,4,90496,short (<20m),short (<20m),True,0.6757975633760835,length_bin,logistic_regression,siglip_frozen_embeddings_logistic_regression
length_bin,,4,90501,medium (20-100m),medium (20-100m),True,0.6990124642174697,length_bin,logistic_regression,siglip_frozen_embeddings_logistic_regression
length_bin,,4,91715,short (<20m),short (<6m),False,0.8723175734477989,length_bin,logistic_regression,siglip_frozen_embeddings_logistic_regression
length_bin,,4,91716,short (<20m),medium (6-20m),False,0.8540924009195742,length_bin,logistic_regression,siglip_frozen_embeddings_logistic_regression
length_bin,,4,92006,short (<20m),short (<20m),True,0.7314600705336151,length_bin,logistic_regression,siglip_frozen_embeddings_logistic_regression
length_bin,,4,92017,short (<20m),short (<20m),True,0.6611964177017097,length_bin,logistic_regression,siglip_frozen_embeddings_logistic_regression
length_bin,,4,92027,medium (20-100m),medium (20-100m),True,0.9870800854324794,length_bin,logistic_regression,siglip_frozen_embeddings_logistic_regression
length_bin,,4,92037,medium (20-100m),medium (20-100m),True,0.4459431361866991,length_bin,logistic_regression,siglip_frozen_embeddings_logistic_regression
length_bin,,4,92048,medium (20-100m),short (<20m),False,0.5414359885903715,length_bin,logistic_regression,siglip_frozen_embeddings_logistic_regression
length_bin,,4,92053,medium (20-100m),medium (6-20m),False,0.8452283684369262,length_bin,logistic_regression,siglip_frozen_embeddings_logistic_regression
length_bin,,4,92075,short (<20m),short (<20m),True,0.7101492524571485,length_bin,logistic_regression,siglip_frozen_embeddings_logistic_regression
length_bin,,4,92091,medium (20-100m),long (>100m),False,0.9853590655465315,length_bin,logistic_regression,siglip_frozen_embeddings_logistic_regression
length_bin,,4,94275,medium (20-100m),long (>100m),False,0.5675607414520784,length_bin,logistic_regression,siglip_frozen_embeddings_logistic_regression
length_bin,,4,94277,long (>100m),short (<6m),False,0.3451539797550652,length_bin,logistic_regression,siglip_frozen_embeddings_logistic_regression
length_bin,,4,94279,short (<20m),long (>100m),False,0.674830945102266,length_bin,logistic_regression,siglip_frozen_embeddings_logistic_regression
length_bin,,4,94280,medium (20-100m),medium (20-100m),True,0.5133846789446043,length_bin,logistic_regression,siglip_frozen_embeddings_logistic_regression
length_bin,,4,94281,short (<20m),long (>100m),False,0.45286695138079985,length_bin,logistic_regression,siglip_frozen_embeddings_logistic_regression
length_bin,,4,94282,medium (20-100m),long (>100m),False,0.9634227813359726,length_bin,logistic_regression,siglip_frozen_embeddings_logistic_regression
length_bin,,4,94288,short (<20m),short (<20m),True,0.5907613092916881,length_bin,logistic_regression,siglip_frozen_embeddings_logistic_regression
length_bin,,4,94293,short (<20m),short (<20m),True,0.7819018296525122,length_bin,logistic_regression,siglip_frozen_embeddings_logistic_regression
length_bin,,4,94304,medium (20-100m),medium (20-100m),True,0.6253078358141934,length_bin,logistic_regression,siglip_frozen_embeddings_logistic_regression
length_bin,,4,94335,short (<20m),short (<20m),True,0.9414605424643835,length_bin,logistic_regression,siglip_frozen_embeddings_logistic_regression
length_bin,,4,94336,medium (20-100m),medium (20-100m),True,0.7152042201738233,length_bin,logistic_regression,siglip_frozen_embeddings_logistic_regression
length_bin,,4,94346,medium (20-100m),short (<20m),False,0.5114641829412672,length_bin,logistic_regression,siglip_frozen_embeddings_logistic_regression
length_bin,,4,94348,medium (20-100m),medium (20-100m),True,0.9244887481935954,length_bin,logistic_regression,siglip_frozen_embeddings_logistic_regression
length_bin,,4,94357,long (>100m),medium (20-100m),False,0.5016484420895744,length_bin,logistic_regression,siglip_frozen_embeddings_logistic_regression
length_bin,,4,94358,short (<20m),medium (20-100m),False,0.9166517020021275,length_bin,logistic_regression,siglip_frozen_embeddings_logistic_regression
length_bin,,4,94366,medium (20-100m),medium (20-100m),True,0.7043688973519641,length_bin,logistic_regression,siglip_frozen_embeddings_logistic_regression
length_bin,,4,94378,medium (20-100m),long (>100m),False,0.646659327433272,length_bin,logistic_regression,siglip_frozen_embeddings_logistic_regression
length_bin,,4,94386,medium (20-100m),short (<20m),False,0.9607563641780886,length_bin,logistic_regression,siglip_frozen_embeddings_logistic_regression
length_bin,,4,94396,medium (20-100m),long (>100m),False,0.9877817707566691,length_bin,logistic_regression,siglip_frozen_embeddings_logistic_regression
length_bin,,4,94405,short (<20m),short (<20m),True,0.9701369458376281,length_bin,logistic_regression,siglip_frozen_embeddings_logistic_regression
length_bin,,4,94409,short (<20m),short (<20m),True,0.6412740400267852,length_bin,logistic_regression,siglip_frozen_embeddings_logistic_regression
length_bin,,4,94411,short (<20m),long (>100m),False,0.6969592663268166,length_bin,logistic_regression,siglip_frozen_embeddings_logistic_regression
length_bin,,4,94412,long (>100m),short (<20m),False,0.7145590745987828,length_bin,logistic_regression,siglip_frozen_embeddings_logistic_regression
length_bin,,4,94415,short (<20m),medium (20-100m),False,0.985165554835971,length_bin,logistic_regression,siglip_frozen_embeddings_logistic_regression
length_bin,,4,94420,short (<20m),short (<6m),False,0.971923875492892,length_bin,logistic_regression,siglip_frozen_embeddings_logistic_regression
length_bin,,4,94780,short (<20m),medium (20-100m),False,0.9988649860254646,length_bin,logistic_regression,siglip_frozen_embeddings_logistic_regression
length_bin,,4,95730,medium (20-100m),short (<20m),False,0.9784482866349079,length_bin,logistic_regression,siglip_frozen_embeddings_logistic_regression
length_bin,,4,96358,short (<20m),short (<6m),False,0.9437106268000423,length_bin,logistic_regression,siglip_frozen_embeddings_logistic_regression
length_bin,,4,102364,short (<20m),short (<20m),True,0.6974170740599275,length_bin,logistic_regression,siglip_frozen_embeddings_logistic_regression
length_bin,,4,102372,long (>100m),medium (6-20m),False,0.4858113942518472,length_bin,logistic_regression,siglip_frozen_embeddings_logistic_regression
length_bin,,4,102415,short (<20m),short (<6m),False,0.91817972344852,length_bin,logistic_regression,siglip_frozen_embeddings_logistic_regression
length_bin,,4,102428,short (<20m),long (>100m),False,0.6047629084567773,length_bin,logistic_regression,siglip_frozen_embeddings_logistic_regression
length_bin,,4,102441,short (<20m),short (<20m),True,0.9840018191851586,length_bin,logistic_regression,siglip_frozen_embeddings_logistic_regression
length_bin,,4,103700,short (<20m),short (<20m),True,0.9998192960319215,length_bin,logistic_regression,siglip_frozen_embeddings_logistic_regression
length_bin,,4,103710,short (<20m),short (<20m),True,0.42276304748579274,length_bin,logistic_regression,siglip_frozen_embeddings_logistic_regression
length_bin,,4,103726,short (<20m),short (<20m),True,0.9994457812027171,length_bin,logistic_regression,siglip_frozen_embeddings_logistic_regression
length_bin,,4,107053,medium (20-100m),short (<20m),False,0.8369605922735843,length_bin,logistic_regression,siglip_frozen_embeddings_logistic_regression
length_bin,,4,107062,short (<20m),short (<20m),True,0.6797898606658409,length_bin,logistic_regression,siglip_frozen_embeddings_logistic_regression
length_bin,,4,107063,medium (20-100m),short (<10m),False,0.654392537087034,length_bin,logistic_regression,siglip_frozen_embeddings_logistic_regression
length_bin,,4,107140,short (<20m),medium (20-100m),False,0.544632639067194,length_bin,logistic_regression,siglip_frozen_embeddings_logistic_regression
length_bin,,4,107596,short (<20m),short (<20m),True,0.9347509942919802,length_bin,logistic_regression,siglip_frozen_embeddings_logistic_regression
length_bin,,4,107597,short (<20m),medium (6-20m),False,0.5519876735297798,length_bin,logistic_regression,siglip_frozen_embeddings_logistic_regression
length_bin,,4,107880,short (<20m),short (<20m),True,0.7200036458804108,length_bin,logistic_regression,siglip_frozen_embeddings_logistic_regression
length_bin,,4,107909,short (<20m),short (<20m),True,0.5958956856062932,length_bin,logistic_regression,siglip_frozen_embeddings_logistic_regression
length_bin,,4,107959,short (<20m),short (<20m),True,0.5426735628145218,length_bin,logistic_regression,siglip_frozen_embeddings_logistic_regression
length_bin,,4,107980,medium (20-100m),medium (6-20m),False,0.6280535416808786,length_bin,logistic_regression,siglip_frozen_embeddings_logistic_regression
length_bin,,4,108000,long (>100m),short (<20m),False,0.9213740734097023,length_bin,logistic_regression,siglip_frozen_embeddings_logistic_regression
length_bin,,4,108002,medium (20-100m),medium (20-100m),True,0.8831420988310078,length_bin,logistic_regression,siglip_frozen_embeddings_logistic_regression
length_bin,,4,108008,medium (20-100m),medium (20-100m),True,0.5690381937638755,length_bin,logistic_regression,siglip_frozen_embeddings_logistic_regression
length_bin,,4,108009,short (<20m),medium (20-100m),False,0.44223710322097975,length_bin,logistic_regression,siglip_frozen_embeddings_logistic_regression
length_bin,,4,108034,short (<20m),medium (6-20m),False,0.9969098081624447,length_bin,logistic_regression,siglip_frozen_embeddings_logistic_regression
length_bin,,4,108041,short (<20m),medium (6-20m),False,0.34207855557561356,length_bin,logistic_regression,siglip_frozen_embeddings_logistic_regression
length_bin,,4,108318,short (<20m),short (<20m),True,0.9372582101625346,length_bin,logistic_regression,siglip_frozen_embeddings_logistic_regression
length_bin,,4,108326,medium (20-100m),medium (20-100m),True,0.9245292887541803,length_bin,logistic_regression,siglip_frozen_embeddings_logistic_regression
length_bin,,4,108339,medium (20-100m),medium (20-100m),True,0.8945389154096697,length_bin,logistic_regression,siglip_frozen_embeddings_logistic_regression
length_bin,,4,108358,medium (20-100m),medium (6-20m),False,0.9233135543069539,length_bin,logistic_regression,siglip_frozen_embeddings_logistic_regression
length_bin,,4,108365,short (<20m),short (<20m),True,0.5757635584936844,length_bin,logistic_regression,siglip_frozen_embeddings_logistic_regression
length_bin,,4,108373,medium (20-100m),medium (20-100m),True,0.7546540031440689,length_bin,logistic_regression,siglip_frozen_embeddings_logistic_regression
length_bin,,4,108654,short (<20m),short (<20m),True,0.9996921661734796,length_bin,logistic_regression,siglip_frozen_embeddings_logistic_regression
length_bin,,4,108661,short (<20m),short (<20m),True,0.4989157610326012,length_bin,logistic_regression,siglip_frozen_embeddings_logistic_regression
length_bin,,4,108705,short (<20m),short (<20m),True,0.8600084703850008,length_bin,logistic_regression,siglip_frozen_embeddings_logistic_regression
length_bin,,4,108716,short (<20m),short (<20m),True,0.7897803359971878,length_bin,logistic_regression,siglip_frozen_embeddings_logistic_regression
length_bin,,4,108727,short (<20m),short (<20m),True,0.46390907720295715,length_bin,logistic_regression,siglip_frozen_embeddings_logistic_regression
length_bin,,4,108791,short (<20m),long (>100m),False,0.7451802818880333,length_bin,logistic_regression,siglip_frozen_embeddings_logistic_regression
length_bin,,4,109329,long (>100m),short (<20m),False,0.6103853994291096,length_bin,logistic_regression,siglip_frozen_embeddings_logistic_regression
length_bin,,4,109556,short (<20m),medium (6-20m),False,0.695879016366669,length_bin,logistic_regression,siglip_frozen_embeddings_logistic_regression
length_bin,,4,109595,short (<20m),short (<20m),True,0.6831082162847587,length_bin,logistic_regression,siglip_frozen_embeddings_logistic_regression
length_bin,,4,109609,short (<20m),short (<20m),True,0.8872156883105998,length_bin,logistic_regression,siglip_frozen_embeddings_logistic_regression
length_bin,,4,109617,medium (20-100m),long (>20m),False,0.8827275021560461,length_bin,logistic_regression,siglip_frozen_embeddings_logistic_regression
length_bin,,4,109700,short (<20m),short (<20m),True,0.6763634832359676,length_bin,logistic_regression,siglip_frozen_embeddings_logistic_regression
length_bin,,4,109707,short (<20m),short (<20m),True,0.5989970765289645,length_bin,logistic_regression,siglip_frozen_embeddings_logistic_regression
length_bin,,4,109822,short (<20m),long (>20m),False,0.495961398988611,length_bin,logistic_regression,siglip_frozen_embeddings_logistic_regression
length_bin,,4,110467,short (<20m),short (<20m),True,0.767071547531017,length_bin,logistic_regression,siglip_frozen_embeddings_logistic_regression
length_bin,,4,110571,short (<20m),short (<20m),True,0.7890378642729391,length_bin,logistic_regression,siglip_frozen_embeddings_logistic_regression
length_bin,,4,110572,long (>100m),short (<20m),False,0.9982592291656904,length_bin,logistic_regression,siglip_frozen_embeddings_logistic_regression
length_bin,,4,110573,short (<20m),medium (20-100m),False,0.9867472143356741,length_bin,logistic_regression,siglip_frozen_embeddings_logistic_regression
length_bin,,4,110577,short (<20m),short (<20m),True,0.9927283540552483,length_bin,logistic_regression,siglip_frozen_embeddings_logistic_regression
length_bin,,4,110579,short (<20m),short (<20m),True,0.47071042217643616,length_bin,logistic_regression,siglip_frozen_embeddings_logistic_regression
length_bin,,4,110712,short (<20m),short (<20m),True,0.8708381539704169,length_bin,logistic_regression,siglip_frozen_embeddings_logistic_regression
length_bin,,4,110965,short (<20m),short (<20m),True,0.9260632803458657,length_bin,logistic_regression,siglip_frozen_embeddings_logistic_regression
length_bin,,4,110969,medium (20-100m),short (<6m),False,0.7453666762400826,length_bin,logistic_regression,siglip_frozen_embeddings_logistic_regression
length_bin,,4,110992,short (<20m),short (<20m),True,0.6349198935729828,length_bin,logistic_regression,siglip_frozen_embeddings_logistic_regression
length_bin,,4,111642,short (<20m),medium (20-100m),False,0.9077814824658096,length_bin,logistic_regression,siglip_frozen_embeddings_logistic_regression
length_bin,,4,111691,medium (20-100m),short (<20m),False,0.9794014411652364,length_bin,logistic_regression,siglip_frozen_embeddings_logistic_regression
length_bin,,4,111733,medium (20-100m),short (<20m),False,0.921869965143052,length_bin,logistic_regression,siglip_frozen_embeddings_logistic_regression
length_bin,,4,111786,short (<20m),medium (20-100m),False,0.8081546451092039,length_bin,logistic_regression,siglip_frozen_embeddings_logistic_regression
length_bin,,4,111800,medium (20-100m),long (>20m),False,0.9179413892381117,length_bin,logistic_regression,siglip_frozen_embeddings_logistic_regression
length_bin,,4,111803,medium (20-100m),short (<20m),False,0.6544980785150133,length_bin,logistic_regression,siglip_frozen_embeddings_logistic_regression
length_bin,,4,111804,medium (20-100m),medium (20-100m),True,0.9984895529082192,length_bin,logistic_regression,siglip_frozen_embeddings_logistic_regression
length_bin,,4,111810,short (<20m),short (<20m),True,0.9998334542865329,length_bin,logistic_regression,siglip_frozen_embeddings_logistic_regression
length_bin,,4,111824,short (<20m),medium (6-20m),False,0.9184418123889775,length_bin,logistic_regression,siglip_frozen_embeddings_logistic_regression
length_bin,,4,112401,short (<20m),short (<6m),False,0.42200470844357674,length_bin,logistic_regression,siglip_frozen_embeddings_logistic_regression
length_bin,,4,112570,short (<20m),short (<20m),True,0.9848768063673471,length_bin,logistic_regression,siglip_frozen_embeddings_logistic_regression
length_bin,,4,112580,short (<20m),short (<6m),False,0.5165672749478656,length_bin,logistic_regression,siglip_frozen_embeddings_logistic_regression
length_bin,,4,114560,short (<20m),long (>20m),False,0.47459696140683666,length_bin,logistic_regression,siglip_frozen_embeddings_logistic_regression
length_bin,,4,120660,short (<20m),short (<20m),True,0.5847555024561015,length_bin,logistic_regression,siglip_frozen_embeddings_logistic_regression
length_bin,,4,120667,short (<20m),short (<20m),True,0.9320947797648825,length_bin,logistic_regression,siglip_frozen_embeddings_logistic_regression
length_bin,,4,120675,short (<20m),short (<20m),True,0.9550881202852577,length_bin,logistic_regression,siglip_frozen_embeddings_logistic_regression
length_bin,,4,120680,short (<20m),short (<20m),True,0.9598545867725355,length_bin,logistic_regression,siglip_frozen_embeddings_logistic_regression
length_bin,,4,121003,medium (20-100m),medium (20-100m),True,0.9220564454017528,length_bin,logistic_regression,siglip_frozen_embeddings_logistic_regression
length_bin,,4,121011,medium (20-100m),short (<20m),False,0.59133385039206,length_bin,logistic_regression,siglip_frozen_embeddings_logistic_regression
length_bin,,4,121480,short (<20m),short (<10m),False,0.7617550033540289,length_bin,logistic_regression,siglip_frozen_embeddings_logistic_regression
length_bin,,4,121573,short (<20m),short (<6m),False,0.9492071296078972,length_bin,logistic_regression,siglip_frozen_embeddings_logistic_regression
length_bin,,4,121584,short (<20m),short (<10m),False,0.856825146866096,length_bin,logistic_regression,siglip_frozen_embeddings_logistic_regression
length_bin,,4,121673,short (<20m),short (<20m),True,0.5283088712784875,length_bin,logistic_regression,siglip_frozen_embeddings_logistic_regression
length_bin,,4,121676,short (<20m),short (<20m),True,0.8335657314327258,length_bin,logistic_regression,siglip_frozen_embeddings_logistic_regression
length_bin,,4,121734,short (<20m),short (<20m),True,0.9953575628542175,length_bin,logistic_regression,siglip_frozen_embeddings_logistic_regression
length_bin,,4,121739,short (<20m),short (<20m),True,0.9906794142547884,length_bin,logistic_regression,siglip_frozen_embeddings_logistic_regression
length_bin,,4,121742,short (<20m),short (<20m),True,0.9998167055629383,length_bin,logistic_regression,siglip_frozen_embeddings_logistic_regression
length_bin,,4,121745,short (<20m),short (<20m),True,0.9993263641347021,length_bin,logistic_regression,siglip_frozen_embeddings_logistic_regression
length_bin,,4,121747,short (<20m),short (<20m),True,0.9830243458193161,length_bin,logistic_regression,siglip_frozen_embeddings_logistic_regression
length_bin,,4,121749,short (<20m),short (<20m),True,0.895256389574043,length_bin,logistic_regression,siglip_frozen_embeddings_logistic_regression
length_bin,,4,121777,short (<20m),short (<20m),True,0.9199292486845819,length_bin,logistic_regression,siglip_frozen_embeddings_logistic_regression
length_bin,,4,122368,short (<20m),medium (20-100m),False,0.9935872566899657,length_bin,logistic_regression,siglip_frozen_embeddings_logistic_regression
length_bin,,4,123261,short (<20m),short (<6m),False,0.7547875082585284,length_bin,logistic_regression,siglip_frozen_embeddings_logistic_regression
length_bin,,4,123786,short (<20m),short (<20m),True,0.9978325077228503,length_bin,logistic_regression,siglip_frozen_embeddings_logistic_regression
length_bin,,4,124739,medium (20-100m),medium (20-100m),True,0.5262609360609086,length_bin,logistic_regression,siglip_frozen_embeddings_logistic_regression
length_bin,,4,126789,short (<20m),short (<20m),True,0.6837993952953374,length_bin,logistic_regression,siglip_frozen_embeddings_logistic_regression
length_bin,,4,127231,short (<20m),short (<6m),False,0.8740416786755871,length_bin,logistic_regression,siglip_frozen_embeddings_logistic_regression
length_bin,,4,127458,long (>100m),long (>100m),True,0.4226743860722467,length_bin,logistic_regression,siglip_frozen_embeddings_logistic_regression
length_bin,,4,127650,short (<20m),medium (20-100m),False,0.9912219787459285,length_bin,logistic_regression,siglip_frozen_embeddings_logistic_regression
length_bin,,4,127945,medium (20-100m),medium (20-100m),True,0.9594438713050175,length_bin,logistic_regression,siglip_frozen_embeddings_logistic_regression
length_bin,,4,128637,short (<20m),medium (5-20m),False,0.7157879526877754,length_bin,logistic_regression,siglip_frozen_embeddings_logistic_regression
length_bin,,4,128875,short (<20m),short (<20m),True,0.8370994039635276,length_bin,logistic_regression,siglip_frozen_embeddings_logistic_regression
length_bin,,4,128981,short (<20m),short (<6m),False,0.9748613974159728,length_bin,logistic_regression,siglip_frozen_embeddings_logistic_regression
length_bin,,4,129400,medium (20-100m),medium (6-20m),False,0.8167473373009406,length_bin,logistic_regression,siglip_frozen_embeddings_logistic_regression
length_bin,,4,129402,medium (20-100m),long (>20m),False,0.5583902224113666,length_bin,logistic_regression,siglip_frozen_embeddings_logistic_regression
length_bin,,4,92846,long (>30m),short (<20m),False,0.5854378743759008,length_bin,logistic_regression,siglip_frozen_embeddings_logistic_regression
length_bin,,4,96855,long (>30m),long (>100m),False,0.9919475001562542,length_bin,logistic_regression,siglip_frozen_embeddings_logistic_regression
length_bin,,4,109182,short (<10m),short (<20m),False,0.7657181853600288,length_bin,logistic_regression,siglip_frozen_embeddings_logistic_regression
length_bin,,4,121501,medium (10-30m),medium (6-20m),False,0.31085458952477224,length_bin,logistic_regression,siglip_frozen_embeddings_logistic_regression
length_bin,,4,122443,short (<10m),short (<6m),False,0.782123619050511,length_bin,logistic_regression,siglip_frozen_embeddings_logistic_regression
length_bin,,4,49500,long (>20m),long (>20m),True,0.4117245014612392,length_bin,logistic_regression,siglip_frozen_embeddings_logistic_regression
length_bin,,4,51695,medium (5-20m),long (>100m),False,0.7009896852345464,length_bin,logistic_regression,siglip_frozen_embeddings_logistic_regression
length_bin,,4,120684,short (<20m),short (<20m),True,0.523975413387616,length_bin,logistic_regression,siglip_frozen_embeddings_logistic_regression
length_bin,,4,94311,medium (5-20m),short (<20m),False,0.7365044844222298,length_bin,logistic_regression,siglip_frozen_embeddings_logistic_regression
length_bin,,4,107941,short (<5m),medium (5-20m),False,0.5786777718539908,length_bin,logistic_regression,siglip_frozen_embeddings_logistic_regression
length_bin,,4,107947,short (<5m),short (<5m),True,0.9192450260010088,length_bin,logistic_regression,siglip_frozen_embeddings_logistic_regression
length_bin,,4,108027,medium (5-20m),short (<5m),False,0.8582336131305415,length_bin,logistic_regression,siglip_frozen_embeddings_logistic_regression
length_bin,,4,108764,medium (5-20m),short (<20m),False,0.481795794248731,length_bin,logistic_regression,siglip_frozen_embeddings_logistic_regression
length_bin,,4,46925,medium (6-20m),short (<6m),False,0.9155190396564787,length_bin,logistic_regression,siglip_frozen_embeddings_logistic_regression
length_bin,,4,48340,short (<6m),short (<6m),True,0.9616607755286843,length_bin,logistic_regression,siglip_frozen_embeddings_logistic_regression
length_bin,,4,48341,short (<6m),short (<6m),True,0.963476346405911,length_bin,logistic_regression,siglip_frozen_embeddings_logistic_regression
length_bin,,4,48343,medium (6-20m),medium (6-20m),True,0.815894103162872,length_bin,logistic_regression,siglip_frozen_embeddings_logistic_regression
length_bin,,4,49057,medium (6-20m),medium (6-20m),True,0.6963434122255945,length_bin,logistic_regression,siglip_frozen_embeddings_logistic_regression
length_bin,,4,49243,short (<6m),long (>100m),False,0.7008873568186599,length_bin,logistic_regression,siglip_frozen_embeddings_logistic_regression
length_bin,,4,49244,medium (6-20m),medium (6-20m),True,0.9822230010889305,length_bin,logistic_regression,siglip_frozen_embeddings_logistic_regression
length_bin,,4,51533,medium (6-20m),short (<6m),False,0.8291105820029337,length_bin,logistic_regression,siglip_frozen_embeddings_logistic_regression
length_bin,,4,53193,medium (6-20m),medium (6-20m),True,0.9647739129896147,length_bin,logistic_regression,siglip_frozen_embeddings_logistic_regression
length_bin,,4,55115,long (>20m),medium (6-20m),False,0.873300817469957,length_bin,logistic_regression,siglip_frozen_embeddings_logistic_regression
length_bin,,4,55633,medium (6-20m),medium (6-20m),True,0.9996953630474984,length_bin,logistic_regression,siglip_frozen_embeddings_logistic_regression
length_bin,,4,57833,medium (6-20m),medium (6-20m),True,0.9909183690036809,length_bin,logistic_regression,siglip_frozen_embeddings_logistic_regression
length_bin,,4,57835,medium (6-20m),long (>20m),False,0.8970639096643066,length_bin,logistic_regression,siglip_frozen_embeddings_logistic_regression
length_bin,,4,58161,medium (6-20m),medium (6-20m),True,0.9886602082064614,length_bin,logistic_regression,siglip_frozen_embeddings_logistic_regression
length_bin,,4,60689,medium (6-20m),medium (6-20m),True,0.5663428957024679,length_bin,logistic_regression,siglip_frozen_embeddings_logistic_regression
length_bin,,4,61416,long (>20m),medium (6-20m),False,0.919135937156382,length_bin,logistic_regression,siglip_frozen_embeddings_logistic_regression
length_bin,,4,62088,short (<6m),medium (6-20m),False,0.977189427375691,length_bin,logistic_regression,siglip_frozen_embeddings_logistic_regression
length_bin,,4,63633,short (<6m),medium (6-20m),False,0.810619358109486,length_bin,logistic_regression,siglip_frozen_embeddings_logistic_regression
length_bin,,4,64110,short (<6m),short (<6m),True,0.964214447585386,length_bin,logistic_regression,siglip_frozen_embeddings_logistic_regression
length_bin,,4,64129,medium (6-20m),medium (6-20m),True,0.7931557840375323,length_bin,logistic_regression,siglip_frozen_embeddings_logistic_regression
length_bin,,4,65154,medium (6-20m),long (>20m),False,0.9628104065652465,length_bin,logistic_regression,siglip_frozen_embeddings_logistic_regression
length_bin,,4,83133,medium (6-20m),short (<6m),False,0.8026094797449418,length_bin,logistic_regression,siglip_frozen_embeddings_logistic_regression
length_bin,,4,83515,medium (6-20m),short (<20m),False,0.9171278033125637,length_bin,logistic_regression,siglip_frozen_embeddings_logistic_regression
length_bin,,4,83900,long (>20m),long (>20m),True,0.9985496576158785,length_bin,logistic_regression,siglip_frozen_embeddings_logistic_regression
length_bin,,4,86518,medium (6-20m),medium (6-20m),True,0.9763919194352456,length_bin,logistic_regression,siglip_frozen_embeddings_logistic_regression
length_bin,,4,86525,medium (6-20m),medium (6-20m),True,0.7959796369292708,length_bin,logistic_regression,siglip_frozen_embeddings_logistic_regression
length_bin,,4,87483,medium (6-20m),medium (6-20m),True,0.5935847953563888,length_bin,logistic_regression,siglip_frozen_embeddings_logistic_regression
length_bin,,4,55464,long (>20m),medium (6-20m),False,0.9950235372610556,length_bin,logistic_regression,siglip_frozen_embeddings_logistic_regression
length_bin,,4,88133,short (<6m),medium (6-20m),False,0.5311014390883406,length_bin,logistic_regression,siglip_frozen_embeddings_logistic_regression
length_bin,,4,88280,short (<6m),long (>20m),False,0.8585955929515672,length_bin,logistic_regression,siglip_frozen_embeddings_logistic_regression
length_bin,,4,88734,medium (6-20m),medium (6-20m),True,0.9871463059789396,length_bin,logistic_regression,siglip_frozen_embeddings_logistic_regression
length_bin,,4,89437,medium (6-20m),medium (6-20m),True,0.7479927957872188,length_bin,logistic_regression,siglip_frozen_embeddings_logistic_regression
length_bin,,4,89761,short (<6m),short (<6m),True,0.6728122579194316,length_bin,logistic_regression,siglip_frozen_embeddings_logistic_regression
length_bin,,4,90361,short (<6m),medium (20-100m),False,0.5932460622071544,length_bin,logistic_regression,siglip_frozen_embeddings_logistic_regression
length_bin,,4,90391,medium (6-20m),medium (6-20m),True,0.8902821859327656,length_bin,logistic_regression,siglip_frozen_embeddings_logistic_regression
length_bin,,4,92794,short (<6m),short (<20m),False,0.9630077135137184,length_bin,logistic_regression,siglip_frozen_embeddings_logistic_regression
length_bin,,4,97817,medium (6-20m),medium (6-20m),True,0.6904806377367129,length_bin,logistic_regression,siglip_frozen_embeddings_logistic_regression
length_bin,,4,99459,short (<6m),short (<6m),True,0.9625665333352755,length_bin,logistic_regression,siglip_frozen_embeddings_logistic_regression
length_bin,,4,99615,medium (6-20m),medium (6-20m),True,0.9667620741377528,length_bin,logistic_regression,siglip_frozen_embeddings_logistic_regression
length_bin,,4,100181,short (<6m),short (<6m),True,0.6571053835412956,length_bin,logistic_regression,siglip_frozen_embeddings_logistic_regression
length_bin,,4,100184,short (<6m),medium (6-20m),False,0.5995045313347889,length_bin,logistic_regression,siglip_frozen_embeddings_logistic_regression
length_bin,,4,100263,medium (6-20m),medium (6-20m),True,0.9866760484659789,length_bin,logistic_regression,siglip_frozen_embeddings_logistic_regression
length_bin,,4,100267,short (<6m),long (>20m),False,0.8335257070609458,length_bin,logistic_regression,siglip_frozen_embeddings_logistic_regression
length_bin,,4,100348,short (<6m),medium (6-20m),False,0.998484398353977,length_bin,logistic_regression,siglip_frozen_embeddings_logistic_regression
length_bin,,4,100753,short (<6m),short (<20m),False,0.9905084444408414,length_bin,logistic_regression,siglip_frozen_embeddings_logistic_regression
length_bin,,4,101826,long (>20m),medium (6-20m),False,0.9711438492926219,length_bin,logistic_regression,siglip_frozen_embeddings_logistic_regression
length_bin,,4,101831,short (<6m),short (<6m),True,0.8631274318544532,length_bin,logistic_regression,siglip_frozen_embeddings_logistic_regression
length_bin,,4,101890,medium (6-20m),medium (6-20m),True,0.9967590561847824,length_bin,logistic_regression,siglip_frozen_embeddings_logistic_regression
length_bin,,4,103721,short (<6m),medium (6-20m),False,0.3641705286037746,length_bin,logistic_regression,siglip_frozen_embeddings_logistic_regression
length_bin,,4,105457,short (<6m),medium (6-20m),False,0.691546162493807,length_bin,logistic_regression,siglip_frozen_embeddings_logistic_regression
length_bin,,4,106042,short (<6m),short (<6m),True,0.9230477009868006,length_bin,logistic_regression,siglip_frozen_embeddings_logistic_regression
length_bin,,4,106050,long (>20m),medium (20-100m),False,0.9333533417502857,length_bin,logistic_regression,siglip_frozen_embeddings_logistic_regression
length_bin,,4,106264,short (<6m),short (<6m),True,0.5406964061005424,length_bin,logistic_regression,siglip_frozen_embeddings_logistic_regression
length_bin,,4,106922,short (<6m),short (<20m),False,0.9771106443223001,length_bin,logistic_regression,siglip_frozen_embeddings_logistic_regression
length_bin,,4,106925,short (<6m),short (<6m),True,0.9727134852802206,length_bin,logistic_regression,siglip_frozen_embeddings_logistic_regression
length_bin,,4,107877,medium (6-20m),medium (6-20m),True,0.9073840252486982,length_bin,logistic_regression,siglip_frozen_embeddings_logistic_regression
length_bin,,4,107898,short (<6m),short (<20m),False,0.928175794786846,length_bin,logistic_regression,siglip_frozen_embeddings_logistic_regression
length_bin,,4,107911,short (<6m),short (<6m),True,0.77105960270295,length_bin,logistic_regression,siglip_frozen_embeddings_logistic_regression
length_bin,,4,107912,long (>20m),medium (20-100m),False,0.7704242510391311,length_bin,logistic_regression,siglip_frozen_embeddings_logistic_regression
length_bin,,4,107961,short (<6m),short (<20m),False,0.9789301855978623,length_bin,logistic_regression,siglip_frozen_embeddings_logistic_regression
length_bin,,4,108730,short (<6m),medium (20-100m),False,0.39368737181023167,length_bin,logistic_regression,siglip_frozen_embeddings_logistic_regression
length_bin,,4,108785,short (<6m),short (<20m),False,0.9219073093456716,length_bin,logistic_regression,siglip_frozen_embeddings_logistic_regression
length_bin,,4,108797,medium (6-20m),medium (20-100m),False,0.9863235742265879,length_bin,logistic_regression,siglip_frozen_embeddings_logistic_regression
length_bin,,4,109169,short (<6m),short (<20m),False,0.9817308163075124,length_bin,logistic_regression,siglip_frozen_embeddings_logistic_regression
length_bin,,4,109536,medium (6-20m),medium (20-100m),False,0.47996686979524833,length_bin,logistic_regression,siglip_frozen_embeddings_logistic_regression
length_bin,,4,109538,medium (6-20m),short (<20m),False,0.990979699073748,length_bin,logistic_regression,siglip_frozen_embeddings_logistic_regression
length_bin,,4,110139,short (<6m),short (<6m),True,0.6975839880628686,length_bin,logistic_regression,siglip_frozen_embeddings_logistic_regression
length_bin,,4,110167,medium (6-20m),short (<6m),False,0.954448572615671,length_bin,logistic_regression,siglip_frozen_embeddings_logistic_regression
length_bin,,4,110170,medium (6-20m),short (<6m),False,0.956225788140818,length_bin,logistic_regression,siglip_frozen_embeddings_logistic_regression
length_bin,,4,111002,short (<6m),medium (20-100m),False,0.581158153540734,length_bin,logistic_regression,siglip_frozen_embeddings_logistic_regression
length_bin,,4,111648,short (<6m),short (<20m),False,0.6303339620986446,length_bin,logistic_regression,siglip_frozen_embeddings_logistic_regression
length_bin,,4,111745,short (<6m),medium (6-20m),False,0.9936795728373511,length_bin,logistic_regression,siglip_frozen_embeddings_logistic_regression
length_bin,,4,111782,medium (6-20m),medium (6-20m),True,0.9907362826340862,length_bin,logistic_regression,siglip_frozen_embeddings_logistic_regression
length_bin,,4,112340,medium (6-20m),medium (20-100m),False,0.9124528859719169,length_bin,logistic_regression,siglip_frozen_embeddings_logistic_regression
length_bin,,4,113125,medium (6-20m),long (>20m),False,0.5494448185512748,length_bin,logistic_regression,siglip_frozen_embeddings_logistic_regression
length_bin,,4,113159,short (<6m),short (<20m),False,0.8888933451160477,length_bin,logistic_regression,siglip_frozen_embeddings_logistic_regression
length_bin,,4,113733,short (<6m),long (>100m),False,0.6705634341516519,length_bin,logistic_regression,siglip_frozen_embeddings_logistic_regression
length_bin,,4,113803,short (<6m),short (<10m),False,0.9440304199548387,length_bin,logistic_regression,siglip_frozen_embeddings_logistic_regression
length_bin,,4,113958,medium (6-20m),short (<6m),False,0.49362598789051365,length_bin,logistic_regression,siglip_frozen_embeddings_logistic_regression
length_bin,,4,114996,medium (6-20m),medium (6-20m),True,0.9976700804544503,length_bin,logistic_regression,siglip_frozen_embeddings_logistic_regression
length_bin,,4,115261,medium (6-20m),long (>20m),False,0.5021732027742195,length_bin,logistic_regression,siglip_frozen_embeddings_logistic_regression
length_bin,,4,117211,medium (6-20m),short (<6m),False,0.5477792261183088,length_bin,logistic_regression,siglip_frozen_embeddings_logistic_regression
length_bin,,4,117220,medium (6-20m),medium (6-20m),True,0.9927527596839247,length_bin,logistic_regression,siglip_frozen_embeddings_logistic_regression
length_bin,,4,117223,medium (6-20m),medium (6-20m),True,0.9707022265698024,length_bin,logistic_regression,siglip_frozen_embeddings_logistic_regression
length_bin,,4,117720,short (<6m),short (<6m),True,0.7100258920651334,length_bin,logistic_regression,siglip_frozen_embeddings_logistic_regression
length_bin,,4,119099,medium (6-20m),medium (6-20m),True,0.988877086621277,length_bin,logistic_regression,siglip_frozen_embeddings_logistic_regression
length_bin,,4,119774,short (<6m),long (>20m),False,0.6647998433175095,length_bin,logistic_regression,siglip_frozen_embeddings_logistic_regression
length_bin,,4,119977,medium (6-20m),medium (6-20m),True,0.8714322272716154,length_bin,logistic_regression,siglip_frozen_embeddings_logistic_regression
length_bin,,4,120999,medium (6-20m),long (>20m),False,0.7864394939856938,length_bin,logistic_regression,siglip_frozen_embeddings_logistic_regression
length_bin,,4,122034,medium (6-20m),short (<6m),False,0.7063836846923688,length_bin,logistic_regression,siglip_frozen_embeddings_logistic_regression
length_bin,,4,122178,short (<6m),short (<6m),True,0.929722032864751,length_bin,logistic_regression,siglip_frozen_embeddings_logistic_regression
length_bin,,4,122183,short (<6m),medium (20-100m),False,0.9734406381847716,length_bin,logistic_regression,siglip_frozen_embeddings_logistic_regression
length_bin,,4,123164,medium (6-20m),short (<6m),False,0.8606325048611061,length_bin,logistic_regression,siglip_frozen_embeddings_logistic_regression
length_bin,,4,123354,medium (6-20m),long (>20m),False,0.8059978101878637,length_bin,logistic_regression,siglip_frozen_embeddings_logistic_regression
length_bin,,4,123357,medium (6-20m),long (>20m),False,0.4922469673571752,length_bin,logistic_regression,siglip_frozen_embeddings_logistic_regression
length_bin,,4,126721,long (>20m),medium (6-20m),False,0.9865171615165286,length_bin,logistic_regression,siglip_frozen_embeddings_logistic_regression
length_bin,,4,126737,medium (6-20m),medium (6-20m),True,0.9044043516937328,length_bin,logistic_regression,siglip_frozen_embeddings_logistic_regression
length_bin,,4,126774,medium (6-20m),short (<6m),False,0.9394006378086033,length_bin,logistic_regression,siglip_frozen_embeddings_logistic_regression
length_bin,,4,126793,medium (6-20m),short (<6m),False,0.5901686289455872,length_bin,logistic_regression,siglip_frozen_embeddings_logistic_regression
length_bin,,4,126915,short (<6m),medium (6-20m),False,0.9954747537114731,length_bin,logistic_regression,siglip_frozen_embeddings_logistic_regression
length_bin,,4,127147,medium (6-20m),medium (6-20m),True,0.7779527383859869,length_bin,logistic_regression,siglip_frozen_embeddings_logistic_regression
length_bin,,4,127221,medium (6-20m),medium (6-20m),True,0.8595461760575254,length_bin,logistic_regression,siglip_frozen_embeddings_logistic_regression
length_bin,,4,50824,large (>20m),long (>20m),False,0.9992559326327788,length_bin,logistic_regression,siglip_frozen_embeddings_logistic_regression
length_bin,,5,46935,short (<20m),long (>20m),False,0.6105921254352689,length_bin,logistic_regression,siglip_frozen_embeddings_logistic_regression
length_bin,,5,48120,short (<20m),short (<20m),True,0.9999373366368348,length_bin,logistic_regression,siglip_frozen_embeddings_logistic_regression
length_bin,,5,48121,short (<20m),short (<6m),False,0.48239925671753875,length_bin,logistic_regression,siglip_frozen_embeddings_logistic_regression
length_bin,,5,48934,medium (20-100m),short (<20m),False,0.7895216738731686,length_bin,logistic_regression,siglip_frozen_embeddings_logistic_regression
length_bin,,5,49689,long (>100m),short (<20m),False,0.958711367781002,length_bin,logistic_regression,siglip_frozen_embeddings_logistic_regression
length_bin,,5,55646,medium (20-100m),medium (6-20m),False,0.9959466192813903,length_bin,logistic_regression,siglip_frozen_embeddings_logistic_regression
length_bin,,5,58173,long (>100m),medium (6-20m),False,0.39703568844451487,length_bin,logistic_regression,siglip_frozen_embeddings_logistic_regression
length_bin,,5,58171,short (<20m),short (<20m),True,0.46662302352507384,length_bin,logistic_regression,siglip_frozen_embeddings_logistic_regression
length_bin,,5,61742,short (<20m),short (<20m),True,0.992141998706977,length_bin,logistic_regression,siglip_frozen_embeddings_logistic_regression
length_bin,,5,61734,short (<20m),short (<6m),False,0.8347023395492724,length_bin,logistic_regression,siglip_frozen_embeddings_logistic_regression
length_bin,,5,61958,long (>100m),short (<20m),False,0.8442011754704313,length_bin,logistic_regression,siglip_frozen_embeddings_logistic_regression
length_bin,,5,62448,medium (20-100m),short (<20m),False,0.6177952794687173,length_bin,logistic_regression,siglip_frozen_embeddings_logistic_regression
length_bin,,5,63220,long (>100m),short (<20m),False,0.6101328639556782,length_bin,logistic_regression,siglip_frozen_embeddings_logistic_regression
length_bin,,5,64274,short (<20m),long (>100m),False,0.5606504263783415,length_bin,logistic_regression,siglip_frozen_embeddings_logistic_regression
length_bin,,5,64888,short (<20m),short (<20m),True,0.7428206632951906,length_bin,logistic_regression,siglip_frozen_embeddings_logistic_regression
length_bin,,5,66539,long (>100m),short (<20m),False,0.7255569813647539,length_bin,logistic_regression,siglip_frozen_embeddings_logistic_regression
length_bin,,5,66933,long (>100m),short (<6m),False,0.6638052325602788,length_bin,logistic_regression,siglip_frozen_embeddings_logistic_regression
length_bin,,5,83916,short (<20m),short (<20m),True,0.9917277701119575,length_bin,logistic_regression,siglip_frozen_embeddings_logistic_regression
length_bin,,5,83914,short (<20m),long (>100m),False,0.998856487310407,length_bin,logistic_regression,siglip_frozen_embeddings_logistic_regression
length_bin,,5,83945,short (<20m),short (<20m),True,0.8371201785056224,length_bin,logistic_regression,siglip_frozen_embeddings_logistic_regression
length_bin,,5,83953,short (<20m),short (<20m),True,0.9262447605638753,length_bin,logistic_regression,siglip_frozen_embeddings_logistic_regression
length_bin,,5,85477,short (<20m),short (<20m),True,0.7577061937002448,length_bin,logistic_regression,siglip_frozen_embeddings_logistic_regression
length_bin,,5,85479,short (<20m),medium (20-100m),False,0.7059004974987009,length_bin,logistic_regression,siglip_frozen_embeddings_logistic_regression
length_bin,,5,85525,short (<20m),medium (20-100m),False,0.5242181412641737,length_bin,logistic_regression,siglip_frozen_embeddings_logistic_regression
length_bin,,5,86039,medium (20-100m),medium (20-100m),True,0.6404193601118087,length_bin,logistic_regression,siglip_frozen_embeddings_logistic_regression
length_bin,,5,86069,short (<20m),short (<20m),True,0.865359919265194,length_bin,logistic_regression,siglip_frozen_embeddings_logistic_regression
length_bin,,5,86074,short (<20m),medium (20-100m),False,0.9245332321197358,length_bin,logistic_regression,siglip_frozen_embeddings_logistic_regression
length_bin,,5,86079,short (<20m),short (<20m),True,0.8708964735440997,length_bin,logistic_regression,siglip_frozen_embeddings_logistic_regression
length_bin,,5,86085,short (<20m),medium (20-100m),False,0.5288903984391361,length_bin,logistic_regression,siglip_frozen_embeddings_logistic_regression
length_bin,,5,86095,short (<20m),short (<20m),True,0.7632207735125663,length_bin,logistic_regression,siglip_frozen_embeddings_logistic_regression
length_bin,,5,86097,medium (20-100m),short (<20m),False,0.7645978704721406,length_bin,logistic_regression,siglip_frozen_embeddings_logistic_regression
length_bin,,5,86130,short (<20m),short (<20m),True,0.9938110302543721,length_bin,logistic_regression,siglip_frozen_embeddings_logistic_regression
length_bin,,5,86133,short (<20m),short (<20m),True,0.8088760971150958,length_bin,logistic_regression,siglip_frozen_embeddings_logistic_regression
length_bin,,5,86147,short (<20m),medium (20-100m),False,0.711134217976979,length_bin,logistic_regression,siglip_frozen_embeddings_logistic_regression
length_bin,,5,86160,medium (20-100m),short (<20m),False,0.9439114863688297,length_bin,logistic_regression,siglip_frozen_embeddings_logistic_regression
length_bin,,5,86166,short (<20m),short (<20m),True,0.9788132331685928,length_bin,logistic_regression,siglip_frozen_embeddings_logistic_regression
length_bin,,5,86169,short (<20m),medium (20-100m),False,0.7960324896209185,length_bin,logistic_regression,siglip_frozen_embeddings_logistic_regression
length_bin,,5,86215,short (<20m),short (<20m),True,0.9626513023793896,length_bin,logistic_regression,siglip_frozen_embeddings_logistic_regression
length_bin,,5,86213,medium (20-100m),short (<20m),False,0.9908059800612051,length_bin,logistic_regression,siglip_frozen_embeddings_logistic_regression
length_bin,,5,86222,short (<20m),short (<20m),True,0.7216875126745363,length_bin,logistic_regression,siglip_frozen_embeddings_logistic_regression
length_bin,,5,86223,medium (20-100m),short (<20m),False,0.5685816028049602,length_bin,logistic_regression,siglip_frozen_embeddings_logistic_regression
length_bin,,5,86225,medium (20-100m),short (<20m),False,0.9962196733301416,length_bin,logistic_regression,siglip_frozen_embeddings_logistic_regression
length_bin,,5,86229,medium (20-100m),short (<20m),False,0.9992074880566089,length_bin,logistic_regression,siglip_frozen_embeddings_logistic_regression
length_bin,,5,86230,medium (20-100m),short (<20m),False,0.646379817553998,length_bin,logistic_regression,siglip_frozen_embeddings_logistic_regression
length_bin,,5,86237,short (<20m),short (<20m),True,0.4203871893225264,length_bin,logistic_regression,siglip_frozen_embeddings_logistic_regression
length_bin,,5,86248,short (<20m),short (<20m),True,0.9816225878044261,length_bin,logistic_regression,siglip_frozen_embeddings_logistic_regression
length_bin,,5,86250,short (<20m),short (<20m),True,0.7970910631348509,length_bin,logistic_regression,siglip_frozen_embeddings_logistic_regression
length_bin,,5,86253,short (<20m),short (<20m),True,0.5829548243767467,length_bin,logistic_regression,siglip_frozen_embeddings_logistic_regression
length_bin,,5,86249,medium (20-100m),short (<20m),False,0.7901089815910953,length_bin,logistic_regression,siglip_frozen_embeddings_logistic_regression
length_bin,,5,86260,long (>100m),short (<20m),False,0.7315765566754011,length_bin,logistic_regression,siglip_frozen_embeddings_logistic_regression
length_bin,,5,87537,medium (20-100m),long (>100m),False,0.6001623634656451,length_bin,logistic_regression,siglip_frozen_embeddings_logistic_regression
length_bin,,5,88281,short (<20m),short (<6m),False,0.9916974189185105,length_bin,logistic_regression,siglip_frozen_embeddings_logistic_regression
length_bin,,5,89591,short (<20m),long (>100m),False,0.8004677021658217,length_bin,logistic_regression,siglip_frozen_embeddings_logistic_regression
length_bin,,5,89601,short (<20m),medium (20-100m),False,0.44108654319087737,length_bin,logistic_regression,siglip_frozen_embeddings_logistic_regression
length_bin,,5,89710,medium (20-100m),medium (20-100m),True,0.949441481116853,length_bin,logistic_regression,siglip_frozen_embeddings_logistic_regression
length_bin,,5,89714,short (<20m),medium (20-100m),False,0.9998015441656536,length_bin,logistic_regression,siglip_frozen_embeddings_logistic_regression
length_bin,,5,89724,medium (20-100m),medium (20-100m),True,0.8147957727942572,length_bin,logistic_regression,siglip_frozen_embeddings_logistic_regression
length_bin,,5,90320,short (<20m),short (<20m),True,0.9969211221612193,length_bin,logistic_regression,siglip_frozen_embeddings_logistic_regression
length_bin,,5,90326,short (<20m),long (>100m),False,0.8576274377688348,length_bin,logistic_regression,siglip_frozen_embeddings_logistic_regression
length_bin,,5,90330,medium (20-100m),long (>100m),False,0.6841248580058632,length_bin,logistic_regression,siglip_frozen_embeddings_logistic_regression
length_bin,,5,90344,medium (20-100m),medium (20-100m),True,0.5050632272921804,length_bin,logistic_regression,siglip_frozen_embeddings_logistic_regression
length_bin,,5,90352,medium (20-100m),medium (20-100m),True,0.4420483959031807,length_bin,logistic_regression,siglip_frozen_embeddings_logistic_regression
length_bin,,5,90353,medium (20-100m),short (<20m),False,0.99181139876637,length_bin,logistic_regression,siglip_frozen_embeddings_logistic_regression
length_bin,,5,90354,long (>100m),medium (20-100m),False,0.9870587783336663,length_bin,logistic_regression,siglip_frozen_embeddings_logistic_regression
length_bin,,5,90368,short (<20m),short (<6m),False,0.9614833164426362,length_bin,logistic_regression,siglip_frozen_embeddings_logistic_regression
length_bin,,5,90372,medium (20-100m),medium (20-100m),True,0.9632785828226302,length_bin,logistic_regression,siglip_frozen_embeddings_logistic_regression
length_bin,,5,90394,medium (20-100m),short (<20m),False,0.801920355058225,length_bin,logistic_regression,siglip_frozen_embeddings_logistic_regression
length_bin,,5,90497,medium (20-100m),short (<20m),False,0.9901250800711772,length_bin,logistic_regression,siglip_frozen_embeddings_logistic_regression
length_bin,,5,90506,medium (20-100m),medium (20-100m),True,0.7178791644267871,length_bin,logistic_regression,siglip_frozen_embeddings_logistic_regression
length_bin,,5,90508,short (<20m),medium (20-100m),False,0.8471662911994087,length_bin,logistic_regression,siglip_frozen_embeddings_logistic_regression
length_bin,,5,90510,medium (20-100m),long (>100m),False,0.3592336462974484,length_bin,logistic_regression,siglip_frozen_embeddings_logistic_regression
length_bin,,5,92026,short (<20m),medium (20-100m),False,0.8247537222831614,length_bin,logistic_regression,siglip_frozen_embeddings_logistic_regression
length_bin,,5,92043,short (<20m),short (<20m),True,0.9989229558420456,length_bin,logistic_regression,siglip_frozen_embeddings_logistic_regression
length_bin,,5,92056,short (<20m),medium (20-100m),False,0.9526724254325845,length_bin,logistic_regression,siglip_frozen_embeddings_logistic_regression
length_bin,,5,92066,short (<20m),short (<20m),True,0.8171559495601188,length_bin,logistic_regression,siglip_frozen_embeddings_logistic_regression
length_bin,,5,92088,medium (20-100m),medium (20-100m),True,0.6607888971806496,length_bin,logistic_regression,siglip_frozen_embeddings_logistic_regression
length_bin,,5,92708,short (<20m),short (<20m),True,0.9817595036818285,length_bin,logistic_regression,siglip_frozen_embeddings_logistic_regression
length_bin,,5,93039,short (<20m),long (>30m),False,0.3242673419425419,length_bin,logistic_regression,siglip_frozen_embeddings_logistic_regression
length_bin,,5,94265,short (<20m),medium (20-100m),False,0.9220605111703968,length_bin,logistic_regression,siglip_frozen_embeddings_logistic_regression
length_bin,,5,94266,medium (20-100m),short (<20m),False,0.7773542879857555,length_bin,logistic_regression,siglip_frozen_embeddings_logistic_regression
length_bin,,5,94270,short (<20m),short (<20m),True,0.5722700098415977,length_bin,logistic_regression,siglip_frozen_embeddings_logistic_regression
length_bin,,5,94283,short (<20m),long (>100m),False,0.4623345600473148,length_bin,logistic_regression,siglip_frozen_embeddings_logistic_regression
length_bin,,5,94289,medium (20-100m),long (>100m),False,0.6641570766639374,length_bin,logistic_regression,siglip_frozen_embeddings_logistic_regression
length_bin,,5,94321,medium (20-100m),long (>100m),False,0.981157434507759,length_bin,logistic_regression,siglip_frozen_embeddings_logistic_regression
length_bin,,5,94327,short (<20m),medium (20-100m),False,0.7994565585203074,length_bin,logistic_regression,siglip_frozen_embeddings_logistic_regression
length_bin,,5,94337,short (<20m),short (<20m),True,0.5383127868533665,length_bin,logistic_regression,siglip_frozen_embeddings_logistic_regression
length_bin,,5,94344,short (<20m),short (<20m),True,0.9335556128368098,length_bin,logistic_regression,siglip_frozen_embeddings_logistic_regression
length_bin,,5,94359,short (<20m),long (>100m),False,0.7262648667150929,length_bin,logistic_regression,siglip_frozen_embeddings_logistic_regression
length_bin,,5,94361,short (<20m),medium (20-100m),False,0.8495700853473501,length_bin,logistic_regression,siglip_frozen_embeddings_logistic_regression
length_bin,,5,94365,medium (20-100m),short (<20m),False,0.8068899206769846,length_bin,logistic_regression,siglip_frozen_embeddings_logistic_regression
length_bin,,5,94374,short (<20m),short (<20m),True,0.7337733778108222,length_bin,logistic_regression,siglip_frozen_embeddings_logistic_regression
length_bin,,5,94388,short (<20m),short (<20m),True,0.7780621705906178,length_bin,logistic_regression,siglip_frozen_embeddings_logistic_regression
length_bin,,5,94395,short (<20m),short (<20m),True,0.5833405158932358,length_bin,logistic_regression,siglip_frozen_embeddings_logistic_regression
length_bin,,5,94406,short (<20m),short (<20m),True,0.7862881609457738,length_bin,logistic_regression,siglip_frozen_embeddings_logistic_regression
length_bin,,5,94422,short (<20m),long (>100m),False,0.7032340179766453,length_bin,logistic_regression,siglip_frozen_embeddings_logistic_regression
length_bin,,5,94781,short (<20m),short (<20m),True,0.5803781400828808,length_bin,logistic_regression,siglip_frozen_embeddings_logistic_regression
length_bin,,5,102431,short (<20m),short (<20m),True,0.9610487886097275,length_bin,logistic_regression,siglip_frozen_embeddings_logistic_regression
length_bin,,5,102545,short (<20m),short (<20m),True,0.8464278302482542,length_bin,logistic_regression,siglip_frozen_embeddings_logistic_regression
length_bin,,5,103737,medium (20-100m),short (<20m),False,0.8502280087023951,length_bin,logistic_regression,siglip_frozen_embeddings_logistic_regression
length_bin,,5,103742,long (>100m),short (<6m),False,0.49280661799688485,length_bin,logistic_regression,siglip_frozen_embeddings_logistic_regression
length_bin,,5,105250,short (<20m),short (<20m),True,0.7818819447927684,length_bin,logistic_regression,siglip_frozen_embeddings_logistic_regression
length_bin,,5,107065,short (<20m),short (<6m),False,0.8699191752320588,length_bin,logistic_regression,siglip_frozen_embeddings_logistic_regression
length_bin,,5,107598,medium (20-100m),short (<20m),False,0.9282693027982357,length_bin,logistic_regression,siglip_frozen_embeddings_logistic_regression
length_bin,,5,107900,medium (20-100m),medium (20-100m),True,0.5528505864850582,length_bin,logistic_regression,siglip_frozen_embeddings_logistic_regression
length_bin,,5,107901,short (<20m),medium (20-100m),False,0.9877814299041278,length_bin,logistic_regression,siglip_frozen_embeddings_logistic_regression
length_bin,,5,107957,short (<20m),short (<20m),True,0.6017308873009211,length_bin,logistic_regression,siglip_frozen_embeddings_logistic_regression
length_bin,,5,107966,short (<20m),short (<5m),False,0.9504839994012938,length_bin,logistic_regression,siglip_frozen_embeddings_logistic_regression
length_bin,,5,107978,medium (20-100m),medium (20-100m),True,0.5660223442028295,length_bin,logistic_regression,siglip_frozen_embeddings_logistic_regression
length_bin,,5,108011,short (<20m),short (<20m),True,0.8255246202841665,length_bin,logistic_regression,siglip_frozen_embeddings_logistic_regression
length_bin,,5,108022,short (<20m),medium (20-100m),False,0.6399668898810987,length_bin,logistic_regression,siglip_frozen_embeddings_logistic_regression
length_bin,,5,108333,short (<20m),short (<20m),True,0.9950815257460124,length_bin,logistic_regression,siglip_frozen_embeddings_logistic_regression
length_bin,,5,108706,long (>100m),short (<20m),False,0.9770375097624099,length_bin,logistic_regression,siglip_frozen_embeddings_logistic_regression
length_bin,,5,108708,short (<20m),long (>20m),False,0.9135800022623297,length_bin,logistic_regression,siglip_frozen_embeddings_logistic_regression
length_bin,,5,108713,medium (20-100m),short (<20m),False,0.9675763962691701,length_bin,logistic_regression,siglip_frozen_embeddings_logistic_regression
length_bin,,5,108714,short (<20m),short (<20m),True,0.5577602983735812,length_bin,logistic_regression,siglip_frozen_embeddings_logistic_regression
length_bin,,5,108715,long (>100m),short (<20m),False,0.8482248174452195,length_bin,logistic_regression,siglip_frozen_embeddings_logistic_regression
length_bin,,5,108728,short (<20m),short (<20m),True,0.5559665468163297,length_bin,logistic_regression,siglip_frozen_embeddings_logistic_regression
length_bin,,5,108784,medium (20-100m),medium (20-100m),True,0.9810270642293547,length_bin,logistic_regression,siglip_frozen_embeddings_logistic_regression
length_bin,,5,108793,medium (20-100m),medium (20-100m),True,0.7354912628049578,length_bin,logistic_regression,siglip_frozen_embeddings_logistic_regression
length_bin,,5,108794,short (<20m),medium (20-100m),False,0.9054740395989894,length_bin,logistic_regression,siglip_frozen_embeddings_logistic_regression
length_bin,,5,109137,medium (20-100m),medium (20-100m),True,0.9725591920574242,length_bin,logistic_regression,siglip_frozen_embeddings_logistic_regression
length_bin,,5,109555,short (<20m),short (<20m),True,0.6267111393897119,length_bin,logistic_regression,siglip_frozen_embeddings_logistic_regression
length_bin,,5,109613,short (<20m),medium (20-100m),False,0.8441653092117649,length_bin,logistic_regression,siglip_frozen_embeddings_logistic_regression
length_bin,,5,109701,short (<20m),medium (20-100m),False,0.9964108349971212,length_bin,logistic_regression,siglip_frozen_embeddings_logistic_regression
length_bin,,5,109711,short (<20m),short (<20m),True,0.9893804283322548,length_bin,logistic_regression,siglip_frozen_embeddings_logistic_regression
length_bin,,5,110291,short (<20m),medium (20-100m),False,0.500348305181679,length_bin,logistic_regression,siglip_frozen_embeddings_logistic_regression
length_bin,,5,110606,short (<20m),medium (20-100m),False,0.9980242045970854,length_bin,logistic_regression,siglip_frozen_embeddings_logistic_regression
length_bin,,5,110607,short (<20m),short (<20m),True,0.9737894246005938,length_bin,logistic_regression,siglip_frozen_embeddings_logistic_regression
length_bin,,5,110711,short (<20m),short (<20m),True,0.9536998386383935,length_bin,logistic_regression,siglip_frozen_embeddings_logistic_regression
length_bin,,5,110873,short (<20m),medium (6-20m),False,0.8958015329746282,length_bin,logistic_regression,siglip_frozen_embeddings_logistic_regression
length_bin,,5,110960,short (<20m),short (<20m),True,0.9998894004783712,length_bin,logistic_regression,siglip_frozen_embeddings_logistic_regression
length_bin,,5,110961,short (<20m),short (<20m),True,0.977303328074075,length_bin,logistic_regression,siglip_frozen_embeddings_logistic_regression
length_bin,,5,110972,short (<20m),short (<20m),True,0.9940947267548316,length_bin,logistic_regression,siglip_frozen_embeddings_logistic_regression
length_bin,,5,110977,short (<20m),short (<20m),True,0.9982535301001205,length_bin,logistic_regression,siglip_frozen_embeddings_logistic_regression
length_bin,,5,111005,short (<20m),short (<20m),True,0.2847478708999931,length_bin,logistic_regression,siglip_frozen_embeddings_logistic_regression
length_bin,,5,111644,short (<20m),long (>100m),False,0.9825031556144066,length_bin,logistic_regression,siglip_frozen_embeddings_logistic_regression
length_bin,,5,111675,short (<20m),short (<20m),True,0.9989500362734257,length_bin,logistic_regression,siglip_frozen_embeddings_logistic_regression
length_bin,,5,111741,short (<20m),short (<20m),True,0.945815728351585,length_bin,logistic_regression,siglip_frozen_embeddings_logistic_regression
length_bin,,5,111788,short (<20m),short (<20m),True,0.993412601385859,length_bin,logistic_regression,siglip_frozen_embeddings_logistic_regression
length_bin,,5,111792,medium (20-100m),medium (20-100m),True,0.9534179440525472,length_bin,logistic_regression,siglip_frozen_embeddings_logistic_regression
length_bin,,5,111794,short (<20m),long (>100m),False,0.6240268140875154,length_bin,logistic_regression,siglip_frozen_embeddings_logistic_regression
length_bin,,5,111797,short (<20m),medium (20-100m),False,0.9885941274892012,length_bin,logistic_regression,siglip_frozen_embeddings_logistic_regression
length_bin,,5,111809,short (<20m),short (<6m),False,0.4550548525273275,length_bin,logistic_regression,siglip_frozen_embeddings_logistic_regression
length_bin,,5,112571,short (<20m),short (<20m),True,0.5288351811686929,length_bin,logistic_regression,siglip_frozen_embeddings_logistic_regression
length_bin,,5,112587,long (>100m),short (<20m),False,0.9166140626853634,length_bin,logistic_regression,siglip_frozen_embeddings_logistic_regression
length_bin,,5,113171,short (<20m),medium (20-100m),False,0.9847046946872481,length_bin,logistic_regression,siglip_frozen_embeddings_logistic_regression
length_bin,,5,117012,short (<20m),short (<10m),False,0.8807284547430715,length_bin,logistic_regression,siglip_frozen_embeddings_logistic_regression
length_bin,,5,117017,short (<20m),medium (20-100m),False,0.9339556375035019,length_bin,logistic_regression,siglip_frozen_embeddings_logistic_regression
length_bin,,5,118770,medium (20-100m),medium (20-100m),True,0.9964799039854612,length_bin,logistic_regression,siglip_frozen_embeddings_logistic_regression
length_bin,,5,120296,short (<20m),short (<20m),True,0.7750956597140221,length_bin,logistic_regression,siglip_frozen_embeddings_logistic_regression
length_bin,,5,120298,short (<20m),medium (20-100m),False,0.9850209399011793,length_bin,logistic_regression,siglip_frozen_embeddings_logistic_regression
length_bin,,5,120671,short (<20m),medium (20-100m),False,0.8746583554667061,length_bin,logistic_regression,siglip_frozen_embeddings_logistic_regression
length_bin,,5,120674,short (<20m),short (<20m),True,0.9769690109193312,length_bin,logistic_regression,siglip_frozen_embeddings_logistic_regression
length_bin,,5,120676,short (<20m),short (<20m),True,0.8679051198175053,length_bin,logistic_regression,siglip_frozen_embeddings_logistic_regression
length_bin,,5,92011,short (<20m),long (>100m),False,0.606101718687263,length_bin,logistic_regression,siglip_frozen_embeddings_logistic_regression
length_bin,,5,120688,short (<20m),short (<20m),True,0.5886987115412692,length_bin,logistic_regression,siglip_frozen_embeddings_logistic_regression
length_bin,,5,120694,short (<20m),short (<6m),False,0.6001634621622078,length_bin,logistic_regression,siglip_frozen_embeddings_logistic_regression
length_bin,,5,120732,short (<20m),medium (20-100m),False,0.7012904971064078,length_bin,logistic_regression,siglip_frozen_embeddings_logistic_regression
length_bin,,5,120909,short (<20m),short (<20m),True,0.9967291182117153,length_bin,logistic_regression,siglip_frozen_embeddings_logistic_regression
length_bin,,5,121007,medium (20-100m),short (<20m),False,0.6719725602147611,length_bin,logistic_regression,siglip_frozen_embeddings_logistic_regression
length_bin,,5,121070,short (<20m),short (<20m),True,0.5509909767667983,length_bin,logistic_regression,siglip_frozen_embeddings_logistic_regression
length_bin,,5,121570,short (<20m),short (<20m),True,0.9985662111013791,length_bin,logistic_regression,siglip_frozen_embeddings_logistic_regression
length_bin,,5,121571,short (<20m),short (<20m),True,0.9948227680880349,length_bin,logistic_regression,siglip_frozen_embeddings_logistic_regression
length_bin,,5,121577,short (<20m),short (<20m),True,0.9991569908104915,length_bin,logistic_regression,siglip_frozen_embeddings_logistic_regression
length_bin,,5,121578,short (<20m),short (<20m),True,0.5935456335922604,length_bin,logistic_regression,siglip_frozen_embeddings_logistic_regression
length_bin,,5,121585,short (<20m),short (<20m),True,0.9998334967263792,length_bin,logistic_regression,siglip_frozen_embeddings_logistic_regression
length_bin,,5,121587,short (<20m),short (<10m),False,0.43127372120012797,length_bin,logistic_regression,siglip_frozen_embeddings_logistic_regression
length_bin,,5,121601,short (<20m),short (<20m),True,0.8391081813937815,length_bin,logistic_regression,siglip_frozen_embeddings_logistic_regression
length_bin,,5,121670,short (<20m),long (>100m),False,0.3828679053374129,length_bin,logistic_regression,siglip_frozen_embeddings_logistic_regression
length_bin,,5,121675,short (<20m),short (<20m),True,0.9979267550352846,length_bin,logistic_regression,siglip_frozen_embeddings_logistic_regression
length_bin,,5,121730,short (<20m),short (<20m),True,0.6048046335510768,length_bin,logistic_regression,siglip_frozen_embeddings_logistic_regression
length_bin,,5,121732,short (<20m),short (<20m),True,0.7044513691907655,length_bin,logistic_regression,siglip_frozen_embeddings_logistic_regression
length_bin,,5,121748,short (<20m),short (<20m),True,0.9911192763046559,length_bin,logistic_regression,siglip_frozen_embeddings_logistic_regression
length_bin,,5,121776,short (<20m),short (<20m),True,0.6984345875191781,length_bin,logistic_regression,siglip_frozen_embeddings_logistic_regression
length_bin,,5,121788,short (<20m),short (<20m),True,0.8717659891631006,length_bin,logistic_regression,siglip_frozen_embeddings_logistic_regression
length_bin,,5,122367,short (<20m),short (<20m),True,0.9988195134840117,length_bin,logistic_regression,siglip_frozen_embeddings_logistic_regression
length_bin,,5,122406,short (<20m),short (<20m),True,0.9710643648238477,length_bin,logistic_regression,siglip_frozen_embeddings_logistic_regression
length_bin,,5,122434,short (<20m),short (<6m),False,0.9540494514520267,length_bin,logistic_regression,siglip_frozen_embeddings_logistic_regression
length_bin,,5,122752,short (<20m),short (<20m),True,0.6158291790296465,length_bin,logistic_regression,siglip_frozen_embeddings_logistic_regression
length_bin,,5,122831,short (<20m),medium (10-30m),False,0.9125679136973672,length_bin,logistic_regression,siglip_frozen_embeddings_logistic_regression
length_bin,,5,122856,short (<20m),short (<6m),False,0.5318291072000568,length_bin,logistic_regression,siglip_frozen_embeddings_logistic_regression
length_bin,,5,123096,short (<20m),short (<20m),True,0.9942769616879853,length_bin,logistic_regression,siglip_frozen_embeddings_logistic_regression
length_bin,,5,123103,short (<20m),short (<20m),True,0.9999271037088916,length_bin,logistic_regression,siglip_frozen_embeddings_logistic_regression
length_bin,,5,123104,short (<20m),long (>100m),False,0.970931898920563,length_bin,logistic_regression,siglip_frozen_embeddings_logistic_regression
length_bin,,5,123143,medium (20-100m),medium (20-100m),True,0.9969347052435791,length_bin,logistic_regression,siglip_frozen_embeddings_logistic_regression
length_bin,,5,123471,short (<20m),medium (6-20m),False,0.8034758090268855,length_bin,logistic_regression,siglip_frozen_embeddings_logistic_regression
length_bin,,5,123472,short (<20m),short (<20m),True,0.8329084267777934,length_bin,logistic_regression,siglip_frozen_embeddings_logistic_regression
length_bin,,5,123778,short (<20m),short (<20m),True,0.9940019464271602,length_bin,logistic_regression,siglip_frozen_embeddings_logistic_regression
length_bin,,5,124741,short (<20m),short (<20m),True,0.9750293779087307,length_bin,logistic_regression,siglip_frozen_embeddings_logistic_regression
length_bin,,5,124885,short (<20m),medium (6-20m),False,0.9474076229431638,length_bin,logistic_regression,siglip_frozen_embeddings_logistic_regression
length_bin,,5,126159,short (<20m),short (<20m),True,0.7193917493129874,length_bin,logistic_regression,siglip_frozen_embeddings_logistic_regression
length_bin,,5,126780,short (<20m),short (<20m),True,0.5899572792428578,length_bin,logistic_regression,siglip_frozen_embeddings_logistic_regression
length_bin,,5,126833,short (<20m),medium (20-100m),False,0.9215238780992437,length_bin,logistic_regression,siglip_frozen_embeddings_logistic_regression
length_bin,,5,127149,short (<20m),medium (20-100m),False,0.43311212081379086,length_bin,logistic_regression,siglip_frozen_embeddings_logistic_regression
length_bin,,5,127229,short (<20m),short (<6m),False,0.6057247788506569,length_bin,logistic_regression,siglip_frozen_embeddings_logistic_regression
length_bin,,5,127756,short (<20m),short (<20m),True,0.9944875737348245,length_bin,logistic_regression,siglip_frozen_embeddings_logistic_regression
length_bin,,5,129399,long (>100m),long (>20m),False,0.5321429891885723,length_bin,logistic_regression,siglip_frozen_embeddings_logistic_regression
length_bin,,5,90486,long (>30m),long (>100m),False,0.6403937834867703,length_bin,logistic_regression,siglip_frozen_embeddings_logistic_regression
length_bin,,5,100338,medium (10-30m),medium (10-30m),True,0.5085919411280027,length_bin,logistic_regression,siglip_frozen_embeddings_logistic_regression
length_bin,,5,100344,medium (10-30m),short (<6m),False,0.47037424594746285,length_bin,logistic_regression,siglip_frozen_embeddings_logistic_regression
length_bin,,5,107055,short (<10m),medium (20-100m),False,0.8356984000268394,length_bin,logistic_regression,siglip_frozen_embeddings_logistic_regression
length_bin,,5,107064,short (<10m),short (<20m),False,0.9960116994463692,length_bin,logistic_regression,siglip_frozen_embeddings_logistic_regression
length_bin,,5,109180,short (<10m),short (<6m),False,0.8013419236363014,length_bin,logistic_regression,siglip_frozen_embeddings_logistic_regression
length_bin,,5,109185,short (<10m),medium (20-100m),False,0.9078792556114885,length_bin,logistic_regression,siglip_frozen_embeddings_logistic_regression
length_bin,,5,114245,short (<10m),short (<20m),False,0.9995026658380625,length_bin,logistic_regression,siglip_frozen_embeddings_logistic_regression
length_bin,,5,126795,short (<10m),short (<20m),False,0.8636564255649564,length_bin,logistic_regression,siglip_frozen_embeddings_logistic_regression
length_bin,,5,127153,long (>30m),medium (20-100m),False,0.43777877535965387,length_bin,logistic_regression,siglip_frozen_embeddings_logistic_regression
length_bin,,5,128874,short (<10m),short (<6m),False,0.7239472530064144,length_bin,logistic_regression,siglip_frozen_embeddings_logistic_regression
length_bin,,5,46496,long (>20m),short (<20m),False,0.5831007338249657,length_bin,logistic_regression,siglip_frozen_embeddings_logistic_regression
length_bin,,5,61846,medium (5-20m),short (<20m),False,0.9868283204639422,length_bin,logistic_regression,siglip_frozen_embeddings_logistic_regression
length_bin,,5,66540,medium (5-20m),short (<5m),False,0.4729238686624927,length_bin,logistic_regression,siglip_frozen_embeddings_logistic_regression
length_bin,,5,120683,short (<20m),short (<5m),False,0.7385710979814716,length_bin,logistic_regression,siglip_frozen_embeddings_logistic_regression
length_bin,,5,107964,short (<5m),short (<5m),True,0.783901661608251,length_bin,logistic_regression,siglip_frozen_embeddings_logistic_regression
length_bin,,5,107976,medium (5-20m),short (<5m),False,0.9812810662255644,length_bin,logistic_regression,siglip_frozen_embeddings_logistic_regression
length_bin,,5,48344,short (<6m),medium (6-20m),False,0.7931962681611429,length_bin,logistic_regression,siglip_frozen_embeddings_logistic_regression
length_bin,,5,48345,short (<6m),short (<6m),True,0.7912706814213439,length_bin,logistic_regression,siglip_frozen_embeddings_logistic_regression
length_bin,,5,49063,medium (6-20m),medium (6-20m),True,0.9697592770099885,length_bin,logistic_regression,siglip_frozen_embeddings_logistic_regression
length_bin,,5,49497,medium (6-20m),medium (6-20m),True,0.9712746804758833,length_bin,logistic_regression,siglip_frozen_embeddings_logistic_regression
length_bin,,5,51526,medium (6-20m),medium (6-20m),True,0.987592156931536,length_bin,logistic_regression,siglip_frozen_embeddings_logistic_regression
length_bin,,5,51858,medium (6-20m),medium (6-20m),True,0.6032833387243539,length_bin,logistic_regression,siglip_frozen_embeddings_logistic_regression
length_bin,,5,54327,medium (6-20m),long (>20m),False,0.6036910191255127,length_bin,logistic_regression,siglip_frozen_embeddings_logistic_regression
length_bin,,5,55465,medium (6-20m),medium (6-20m),True,0.6561032091330987,length_bin,logistic_regression,siglip_frozen_embeddings_logistic_regression
length_bin,,5,55640,medium (6-20m),medium (6-20m),True,0.9989950803469012,length_bin,logistic_regression,siglip_frozen_embeddings_logistic_regression
length_bin,,5,56468,medium (6-20m),long (>20m),False,0.8156118119246225,length_bin,logistic_regression,siglip_frozen_embeddings_logistic_regression
length_bin,,5,57118,medium (6-20m),medium (6-20m),True,0.9982591526400137,length_bin,logistic_regression,siglip_frozen_embeddings_logistic_regression
length_bin,,5,58955,medium (6-20m),short (<20m),False,0.7618330884745438,length_bin,logistic_regression,siglip_frozen_embeddings_logistic_regression
length_bin,,5,61003,medium (6-20m),medium (6-20m),True,0.8932431511902329,length_bin,logistic_regression,siglip_frozen_embeddings_logistic_regression
length_bin,,5,61499,medium (6-20m),short (<6m),False,0.4587784842687715,length_bin,logistic_regression,siglip_frozen_embeddings_logistic_regression
length_bin,,5,63066,long (>20m),medium (6-20m),False,0.9737223914694728,length_bin,logistic_regression,siglip_frozen_embeddings_logistic_regression
length_bin,,5,64643,medium (6-20m),medium (6-20m),True,0.9775707104037995,length_bin,logistic_regression,siglip_frozen_embeddings_logistic_regression
length_bin,,5,65789,long (>20m),long (>20m),True,0.9999788867898457,length_bin,logistic_regression,siglip_frozen_embeddings_logistic_regression
length_bin,,5,66207,long (>20m),medium (20-100m),False,0.5967101039410773,length_bin,logistic_regression,siglip_frozen_embeddings_logistic_regression
length_bin,,5,67205,long (>20m),long (>20m),True,0.6610600072818427,length_bin,logistic_regression,siglip_frozen_embeddings_logistic_regression
length_bin,,5,67206,medium (6-20m),medium (6-20m),True,0.20656714413865476,length_bin,logistic_regression,siglip_frozen_embeddings_logistic_regression
length_bin,,5,83116,medium (6-20m),short (<6m),False,0.6562101332781515,length_bin,logistic_regression,siglip_frozen_embeddings_logistic_regression
length_bin,,5,83140,short (<6m),long (>100m),False,0.7467780910822783,length_bin,logistic_regression,siglip_frozen_embeddings_logistic_regression
length_bin,,5,83513,medium (6-20m),short (<6m),False,0.9427846055158235,length_bin,logistic_regression,siglip_frozen_embeddings_logistic_regression
length_bin,,5,88254,medium (6-20m),short (<20m),False,0.9940468710696754,length_bin,logistic_regression,siglip_frozen_embeddings_logistic_regression
length_bin,,5,89452,short (<6m),short (<6m),True,0.9992954877994742,length_bin,logistic_regression,siglip_frozen_embeddings_logistic_regression
length_bin,,5,89580,short (<6m),short (<6m),True,0.4144973106938272,length_bin,logistic_regression,siglip_frozen_embeddings_logistic_regression
length_bin,,5,89596,short (<6m),short (<20m),False,0.8808050551156855,length_bin,logistic_regression,siglip_frozen_embeddings_logistic_regression
length_bin,,5,90539,short (<6m),medium (6-20m),False,0.8756171238136938,length_bin,logistic_regression,siglip_frozen_embeddings_logistic_regression
length_bin,,5,92033,medium (6-20m),long (>20m),False,0.8678972055796065,length_bin,logistic_regression,siglip_frozen_embeddings_logistic_regression
length_bin,,5,92149,short (<6m),short (<20m),False,0.4716306240353235,length_bin,logistic_regression,siglip_frozen_embeddings_logistic_regression
length_bin,,5,93036,short (<6m),short (<20m),False,0.9522585885053775,length_bin,logistic_regression,siglip_frozen_embeddings_logistic_regression
length_bin,,5,93038,short (<6m),medium (6-20m),False,0.5614237752974262,length_bin,logistic_regression,siglip_frozen_embeddings_logistic_regression
length_bin,,5,93043,short (<6m),short (<6m),True,0.6133357401032256,length_bin,logistic_regression,siglip_frozen_embeddings_logistic_regression
length_bin,,5,94177,short (<6m),short (<10m),False,0.9699146372176777,length_bin,logistic_regression,siglip_frozen_embeddings_logistic_regression
length_bin,,5,94777,short (<6m),short (<6m),True,0.8206426158474001,length_bin,logistic_regression,siglip_frozen_embeddings_logistic_regression
length_bin,,5,94778,short (<6m),medium (6-20m),False,0.6174836656363435,length_bin,logistic_regression,siglip_frozen_embeddings_logistic_regression
length_bin,,5,94779,short (<6m),medium (6-20m),False,0.9963565645470013,length_bin,logistic_regression,siglip_frozen_embeddings_logistic_regression
length_bin,,5,97906,short (<6m),short (<6m),True,0.6633320319703336,length_bin,logistic_regression,siglip_frozen_embeddings_logistic_regression
length_bin,,5,98531,medium (6-20m),short (<20m),False,0.6460657973777921,length_bin,logistic_regression,siglip_frozen_embeddings_logistic_regression
length_bin,,5,99460,short (<6m),long (>100m),False,0.8316517506241738,length_bin,logistic_regression,siglip_frozen_embeddings_logistic_regression
length_bin,,5,99844,short (<6m),medium (6-20m),False,0.9474007517671191,length_bin,logistic_regression,siglip_frozen_embeddings_logistic_regression
length_bin,,5,99882,short (<6m),short (<20m),False,0.6438000787040355,length_bin,logistic_regression,siglip_frozen_embeddings_logistic_regression
length_bin,,5,100138,short (<6m),short (<6m),True,0.9540262977018876,length_bin,logistic_regression,siglip_frozen_embeddings_logistic_regression
length_bin,,5,100269,medium (6-20m),short (<6m),False,0.7207353882514497,length_bin,logistic_regression,siglip_frozen_embeddings_logistic_regression
length_bin,,5,100313,medium (6-20m),medium (6-20m),True,0.969109407355229,length_bin,logistic_regression,siglip_frozen_embeddings_logistic_regression
length_bin,,5,100347,short (<6m),medium (6-20m),False,0.9760923804847247,length_bin,logistic_regression,siglip_frozen_embeddings_logistic_regression
length_bin,,5,100475,medium (6-20m),long (>20m),False,0.816848067763172,length_bin,logistic_regression,siglip_frozen_embeddings_logistic_regression
length_bin,,5,100479,short (<6m),medium (6-20m),False,0.9358500932015928,length_bin,logistic_regression,siglip_frozen_embeddings_logistic_regression
length_bin,,5,100791,short (<6m),short (<20m),False,0.5192064430078898,length_bin,logistic_regression,siglip_frozen_embeddings_logistic_regression
length_bin,,5,101599,short (<6m),short (<20m),False,0.6519101067909415,length_bin,logistic_regression,siglip_frozen_embeddings_logistic_regression
length_bin,,5,102422,medium (6-20m),medium (6-20m),True,0.742701173298994,length_bin,logistic_regression,siglip_frozen_embeddings_logistic_regression
length_bin,,5,105287,short (<6m),short (<6m),True,0.9127081788818273,length_bin,logistic_regression,siglip_frozen_embeddings_logistic_regression
length_bin,,5,106035,short (<6m),short (<6m),True,0.9379819060395156,length_bin,logistic_regression,siglip_frozen_embeddings_logistic_regression
length_bin,,5,106037,short (<6m),short (<20m),False,0.9061662015318769,length_bin,logistic_regression,siglip_frozen_embeddings_logistic_regression
length_bin,,5,106266,long (>20m),medium (6-20m),False,0.7661110596293811,length_bin,logistic_regression,siglip_frozen_embeddings_logistic_regression
length_bin,,5,106273,short (<6m),medium (6-20m),False,0.6759800232796173,length_bin,logistic_regression,siglip_frozen_embeddings_logistic_regression
length_bin,,5,106636,short (<6m),short (<6m),True,0.9506840087525436,length_bin,logistic_regression,siglip_frozen_embeddings_logistic_regression
length_bin,,5,106920,short (<6m),short (<6m),True,0.8452778093091221,length_bin,logistic_regression,siglip_frozen_embeddings_logistic_regression
length_bin,,5,107963,short (<6m),short (<20m),False,0.5525882255157485,length_bin,logistic_regression,siglip_frozen_embeddings_logistic_regression
length_bin,,5,107969,long (>20m),long (>20m),True,0.9964611689563618,length_bin,logistic_regression,siglip_frozen_embeddings_logistic_regression
length_bin,,5,108037,long (>20m),long (>20m),True,0.999999505573371,length_bin,logistic_regression,siglip_frozen_embeddings_logistic_regression
length_bin,,5,108662,short (<6m),short (<20m),False,0.6482012322430295,length_bin,logistic_regression,siglip_frozen_embeddings_logistic_regression
length_bin,,5,108665,short (<6m),short (<6m),True,0.7701973537732925,length_bin,logistic_regression,siglip_frozen_embeddings_logistic_regression
length_bin,,5,108731,short (<6m),short (<6m),True,0.41674611446284926,length_bin,logistic_regression,siglip_frozen_embeddings_logistic_regression
length_bin,,5,109167,medium (6-20m),short (<20m),False,0.8956103926087333,length_bin,logistic_regression,siglip_frozen_embeddings_logistic_regression
length_bin,,5,109172,short (<6m),short (<6m),True,0.9583527061276295,length_bin,logistic_regression,siglip_frozen_embeddings_logistic_regression
length_bin,,5,110131,short (<6m),short (<20m),False,0.9901097086961781,length_bin,logistic_regression,siglip_frozen_embeddings_logistic_regression
length_bin,,5,110356,short (<6m),short (<6m),True,0.9793297726456619,length_bin,logistic_regression,siglip_frozen_embeddings_logistic_regression
length_bin,,5,110868,medium (6-20m),medium (6-20m),True,0.5852494458367576,length_bin,logistic_regression,siglip_frozen_embeddings_logistic_regression
length_bin,,5,111426,medium (6-20m),medium (6-20m),True,0.7943629615979624,length_bin,logistic_regression,siglip_frozen_embeddings_logistic_regression
length_bin,,5,111439,medium (6-20m),medium (6-20m),True,0.6926567558846862,length_bin,logistic_regression,siglip_frozen_embeddings_logistic_regression
length_bin,,5,112338,short (<6m),medium (6-20m),False,0.7826716045313867,length_bin,logistic_regression,siglip_frozen_embeddings_logistic_regression
length_bin,,5,112407,short (<6m),short (<6m),True,0.4610048054645197,length_bin,logistic_regression,siglip_frozen_embeddings_logistic_regression
length_bin,,5,113244,medium (6-20m),short (<6m),False,0.6039539530353998,length_bin,logistic_regression,siglip_frozen_embeddings_logistic_regression
length_bin,,5,113952,medium (6-20m),long (>20m),False,0.5834296803213749,length_bin,logistic_regression,siglip_frozen_embeddings_logistic_regression
length_bin,,5,114014,medium (6-20m),medium (6-20m),True,0.5545211418862396,length_bin,logistic_regression,siglip_frozen_embeddings_logistic_regression
length_bin,,5,114290,medium (6-20m),long (>20m),False,0.97891830440997,length_bin,logistic_regression,siglip_frozen_embeddings_logistic_regression
length_bin,,5,114291,short (<6m),medium (20-100m),False,0.4399448074809242,length_bin,logistic_regression,siglip_frozen_embeddings_logistic_regression
length_bin,,5,114711,medium (6-20m),long (>100m),False,0.9734821397129204,length_bin,logistic_regression,siglip_frozen_embeddings_logistic_regression
length_bin,,5,114768,medium (6-20m),short (<6m),False,0.9712605198312667,length_bin,logistic_regression,siglip_frozen_embeddings_logistic_regression
length_bin,,5,114815,medium (6-20m),medium (6-20m),True,0.9198478138822235,length_bin,logistic_regression,siglip_frozen_embeddings_logistic_regression
length_bin,,5,114959,short (<6m),medium (6-20m),False,0.524848899732344,length_bin,logistic_regression,siglip_frozen_embeddings_logistic_regression
length_bin,,5,115268,long (>20m),medium (6-20m),False,0.6813937803833501,length_bin,logistic_regression,siglip_frozen_embeddings_logistic_regression
length_bin,,5,117195,medium (6-20m),medium (6-20m),True,0.9971448150229416,length_bin,logistic_regression,siglip_frozen_embeddings_logistic_regression
length_bin,,5,117200,short (<6m),short (<6m),True,0.39833874761757354,length_bin,logistic_regression,siglip_frozen_embeddings_logistic_regression
length_bin,,5,117221,short (<6m),short (<6m),True,0.9877181226078774,length_bin,logistic_regression,siglip_frozen_embeddings_logistic_regression
length_bin,,5,118248,short (<6m),short (<20m),False,0.9335531097178055,length_bin,logistic_regression,siglip_frozen_embeddings_logistic_regression
length_bin,,5,118923,medium (6-20m),long (>20m),False,0.6864232256265158,length_bin,logistic_regression,siglip_frozen_embeddings_logistic_regression
length_bin,,5,119811,short (<6m),short (<6m),True,0.5143936807678477,length_bin,logistic_regression,siglip_frozen_embeddings_logistic_regression
length_bin,,5,121689,short (<6m),long (>100m),False,0.9630377899925825,length_bin,logistic_regression,siglip_frozen_embeddings_logistic_regression
length_bin,,5,122180,short (<6m),short (<6m),True,0.9414831768458488,length_bin,logistic_regression,siglip_frozen_embeddings_logistic_regression
length_bin,,5,122223,medium (6-20m),short (<6m),False,0.9996286785377415,length_bin,logistic_regression,siglip_frozen_embeddings_logistic_regression
length_bin,,5,122442,short (<6m),short (<6m),True,0.9889813652580697,length_bin,logistic_regression,siglip_frozen_embeddings_logistic_regression
length_bin,,5,122825,short (<6m),long (>100m),False,0.8742825749564294,length_bin,logistic_regression,siglip_frozen_embeddings_logistic_regression
length_bin,,5,123161,medium (6-20m),medium (6-20m),True,0.5834043001094955,length_bin,logistic_regression,siglip_frozen_embeddings_logistic_regression
length_bin,,5,123352,medium (6-20m),long (>100m),False,0.6696830611806212,length_bin,logistic_regression,siglip_frozen_embeddings_logistic_regression
length_bin,,5,123364,medium (6-20m),medium (6-20m),True,0.9839883882343295,length_bin,logistic_regression,siglip_frozen_embeddings_logistic_regression
length_bin,,5,126564,medium (6-20m),medium (6-20m),True,0.9931593470543828,length_bin,logistic_regression,siglip_frozen_embeddings_logistic_regression
length_bin,,5,126709,short (<6m),short (<6m),True,0.5899550999879978,length_bin,logistic_regression,siglip_frozen_embeddings_logistic_regression
length_bin,,5,126740,short (<6m),short (<20m),False,0.948096547157303,length_bin,logistic_regression,siglip_frozen_embeddings_logistic_regression
length_bin,,5,126806,medium (6-20m),medium (6-20m),True,0.7216199954387862,length_bin,logistic_regression,siglip_frozen_embeddings_logistic_regression
length_bin,,5,127136,medium (6-20m),medium (6-20m),True,0.9924817639783422,length_bin,logistic_regression,siglip_frozen_embeddings_logistic_regression
length_bin,,5,127145,medium (6-20m),medium (6-20m),True,0.9683902501238546,length_bin,logistic_regression,siglip_frozen_embeddings_logistic_regression
length_bin,,5,127523,medium (6-20m),short (<20m),False,0.9375455391885076,length_bin,logistic_regression,siglip_frozen_embeddings_logistic_regression
length_bin,,5,127525,long (>20m),medium (20-100m),False,0.9990852916633303,length_bin,logistic_regression,siglip_frozen_embeddings_logistic_regression
