attribute,asset_type,fold,asset_id,true_label,predicted_label,correct,confidence,target_column,classifier,strategy
width_bin,,1,48514,wide (>1.5m),standard (0.9-1.5m),False,0.9175239750495825,width_bin,logistic_regression,siglip_frozen_embeddings_logistic_regression
width_bin,,1,53554,standard (0.9-1.5m),narrow (<0.9m),False,0.9527913752791191,width_bin,logistic_regression,siglip_frozen_embeddings_logistic_regression
width_bin,,1,61736,standard (0.9-1.5m),narrow (<0.9m),False,0.7065485615954123,width_bin,logistic_regression,siglip_frozen_embeddings_logistic_regression
width_bin,,1,61737,standard (0.9-1.5m),standard (0.9-1.5m),True,0.9966305042089125,width_bin,logistic_regression,siglip_frozen_embeddings_logistic_regression
width_bin,,1,64220,wide (>1.5m),narrow (<0.9m),False,0.7198734423971471,width_bin,logistic_regression,siglip_frozen_embeddings_logistic_regression
width_bin,,1,64272,standard (0.9-1.5m),wide (>1.5m),False,0.850334008424493,width_bin,logistic_regression,siglip_frozen_embeddings_logistic_regression
width_bin,,1,64887,standard (0.9-1.5m),narrow (<0.9m),False,0.9690100634267372,width_bin,logistic_regression,siglip_frozen_embeddings_logistic_regression
width_bin,,1,81889,wide (>1.5m),standard (0.9-1.5m),False,0.9708264059397721,width_bin,logistic_regression,siglip_frozen_embeddings_logistic_regression
width_bin,,1,83146,wide (>1.5m),wide (>1.5m),True,0.6936184160529708,width_bin,logistic_regression,siglip_frozen_embeddings_logistic_regression
width_bin,,1,83895,narrow (<0.9m),wide (>1.5m),False,0.826901496000556,width_bin,logistic_regression,siglip_frozen_embeddings_logistic_regression
width_bin,,1,83914,standard (0.9-1.5m),wide (>1.5m),False,0.5955953894213174,width_bin,logistic_regression,siglip_frozen_embeddings_logistic_regression
width_bin,,1,84819,standard (0.9-1.5m),standard (0.9-1.5m),True,0.6671293312348964,width_bin,logistic_regression,siglip_frozen_embeddings_logistic_regression
width_bin,,1,87499,narrow (<0.9m),standard (0.9-1.5m),False,0.9331284306216592,width_bin,logistic_regression,siglip_frozen_embeddings_logistic_regression
width_bin,,1,87505,narrow (<0.9m),standard (0.9-1.5m),False,0.7690401766881462,width_bin,logistic_regression,siglip_frozen_embeddings_logistic_regression
width_bin,,1,87561,narrow (<0.9m),standard (0.9-1.5m),False,0.9445317003282266,width_bin,logistic_regression,siglip_frozen_embeddings_logistic_regression
width_bin,,1,87582,narrow (<0.9m),standard (0.9-1.5m),False,0.5001062363901326,width_bin,logistic_regression,siglip_frozen_embeddings_logistic_regression
width_bin,,1,88278,standard (0.9-1.5m),wide (>1.5m),False,0.8477434827716295,width_bin,logistic_regression,siglip_frozen_embeddings_logistic_regression
width_bin,,1,88281,narrow (<0.9m),standard (0.9-1.5m),False,0.7698741480078257,width_bin,logistic_regression,siglip_frozen_embeddings_logistic_regression
width_bin,,1,88674,narrow (<0.9m),standard (0.9-1.5m),False,0.8364981988920649,width_bin,logistic_regression,siglip_frozen_embeddings_logistic_regression
width_bin,,1,89577,standard (0.9-1.5m),standard (0.9-1.5m),True,0.9834014630958622,width_bin,logistic_regression,siglip_frozen_embeddings_logistic_regression
width_bin,,1,89593,standard (0.9-1.5m),standard (0.9-1.5m),True,0.9841642198263478,width_bin,logistic_regression,siglip_frozen_embeddings_logistic_regression
width_bin,,1,89595,wide (>1.5m),standard (0.9-1.5m),False,0.8667138715254111,width_bin,logistic_regression,siglip_frozen_embeddings_logistic_regression
width_bin,,1,89713,standard (0.9-1.5m),standard (0.9-1.5m),True,0.9576156118124122,width_bin,logistic_regression,siglip_frozen_embeddings_logistic_regression
width_bin,,1,90320,narrow (<0.9m),standard (0.9-1.5m),False,0.99676393908126,width_bin,logistic_regression,siglip_frozen_embeddings_logistic_regression
width_bin,,1,90323,standard (0.9-1.5m),standard (0.9-1.5m),True,0.6246046070135571,width_bin,logistic_regression,siglip_frozen_embeddings_logistic_regression
width_bin,,1,90326,standard (0.9-1.5m),standard (0.9-1.5m),True,0.9999986950193799,width_bin,logistic_regression,siglip_frozen_embeddings_logistic_regression
width_bin,,1,90328,standard (0.9-1.5m),standard (0.9-1.5m),True,0.9942246873805064,width_bin,logistic_regression,siglip_frozen_embeddings_logistic_regression
width_bin,,1,90329,narrow (<0.9m),standard (0.9-1.5m),False,0.5137238781737044,width_bin,logistic_regression,siglip_frozen_embeddings_logistic_regression
width_bin,,1,90330,standard (0.9-1.5m),standard (0.9-1.5m),True,0.49897066356919134,width_bin,logistic_regression,siglip_frozen_embeddings_logistic_regression
width_bin,,1,90332,standard (0.9-1.5m),standard (0.9-1.5m),True,0.9942892670057062,width_bin,logistic_regression,siglip_frozen_embeddings_logistic_regression
width_bin,,1,90337,standard (0.9-1.5m),standard (0.9-1.5m),True,0.6249273392075131,width_bin,logistic_regression,siglip_frozen_embeddings_logistic_regression
width_bin,,1,90340,standard (0.9-1.5m),standard (0.9-1.5m),True,0.9968035244014675,width_bin,logistic_regression,siglip_frozen_embeddings_logistic_regression
width_bin,,1,90344,standard (0.9-1.5m),standard (0.9-1.5m),True,0.9702230688464712,width_bin,logistic_regression,siglip_frozen_embeddings_logistic_regression
width_bin,,1,90345,standard (0.9-1.5m),standard (0.9-1.5m),True,0.996163738859853,width_bin,logistic_regression,siglip_frozen_embeddings_logistic_regression
width_bin,,1,90346,standard (0.9-1.5m),standard (0.9-1.5m),True,0.8003245043660266,width_bin,logistic_regression,siglip_frozen_embeddings_logistic_regression
width_bin,,1,90349,standard (0.9-1.5m),wide (>1.5m),False,0.5649754916163661,width_bin,logistic_regression,siglip_frozen_embeddings_logistic_regression
width_bin,,1,90353,standard (0.9-1.5m),standard (0.9-1.5m),True,0.9236059294410758,width_bin,logistic_regression,siglip_frozen_embeddings_logistic_regression
width_bin,,1,90355,standard (0.9-1.5m),standard (0.9-1.5m),True,0.7895434063754712,width_bin,logistic_regression,siglip_frozen_embeddings_logistic_regression
width_bin,,1,90374,standard (0.9-1.5m),standard (0.9-1.5m),True,0.8936060722701925,width_bin,logistic_regression,siglip_frozen_embeddings_logistic_regression
width_bin,,1,90389,standard (0.9-1.5m),standard (0.9-1.5m),True,0.7963974702763175,width_bin,logistic_regression,siglip_frozen_embeddings_logistic_regression
width_bin,,1,90399,standard (0.9-1.5m),standard (0.9-1.5m),True,0.8446884203449649,width_bin,logistic_regression,siglip_frozen_embeddings_logistic_regression
width_bin,,1,90493,standard (0.9-1.5m),narrow (<0.9m),False,0.6312681121582578,width_bin,logistic_regression,siglip_frozen_embeddings_logistic_regression
width_bin,,1,90494,standard (0.9-1.5m),wide (>1.5m),False,0.9799096987573153,width_bin,logistic_regression,siglip_frozen_embeddings_logistic_regression
width_bin,,1,90497,standard (0.9-1.5m),standard (0.9-1.5m),True,0.9992778460982966,width_bin,logistic_regression,siglip_frozen_embeddings_logistic_regression
width_bin,,1,90498,standard (0.9-1.5m),narrow (<0.9m),False,0.6587212968462208,width_bin,logistic_regression,siglip_frozen_embeddings_logistic_regression
width_bin,,1,90500,standard (0.9-1.5m),wide (>1.5m),False,0.9945713225965441,width_bin,logistic_regression,siglip_frozen_embeddings_logistic_regression
width_bin,,1,92004,narrow (<0.9m),standard (0.9-1.5m),False,0.7831344121498977,width_bin,logistic_regression,siglip_frozen_embeddings_logistic_regression
width_bin,,1,92021,narrow (<0.9m),narrow (<0.9m),True,0.9875616532807113,width_bin,logistic_regression,siglip_frozen_embeddings_logistic_regression
width_bin,,1,92029,narrow (<0.9m),standard (0.9-1.5m),False,0.9975824480739364,width_bin,logistic_regression,siglip_frozen_embeddings_logistic_regression
width_bin,,1,92030,narrow (<0.9m),narrow (<0.9m),True,0.9053484001507177,width_bin,logistic_regression,siglip_frozen_embeddings_logistic_regression
width_bin,,1,92046,narrow (<0.9m),narrow (<0.9m),True,0.9999168111377504,width_bin,logistic_regression,siglip_frozen_embeddings_logistic_regression
width_bin,,1,92048,narrow (<0.9m),narrow (<0.9m),True,0.6688446974857997,width_bin,logistic_regression,siglip_frozen_embeddings_logistic_regression
width_bin,,1,92054,narrow (<0.9m),narrow (<0.9m),True,0.8776221429134852,width_bin,logistic_regression,siglip_frozen_embeddings_logistic_regression
width_bin,,1,92064,standard (0.9-1.5m),narrow (<0.9m),False,0.9700963741430965,width_bin,logistic_regression,siglip_frozen_embeddings_logistic_regression
width_bin,,1,92079,standard (0.9-1.5m),narrow (<0.9m),False,0.6082527482037111,width_bin,logistic_regression,siglip_frozen_embeddings_logistic_regression
width_bin,,1,92081,standard (0.9-1.5m),standard (0.9-1.5m),True,0.9152344709179112,width_bin,logistic_regression,siglip_frozen_embeddings_logistic_regression
width_bin,,1,92091,standard (0.9-1.5m),standard (0.9-1.5m),True,0.6597884338578796,width_bin,logistic_regression,siglip_frozen_embeddings_logistic_regression
width_bin,,1,94171,standard (0.9-1.5m),standard (0.9-1.5m),True,0.8271049944665572,width_bin,logistic_regression,siglip_frozen_embeddings_logistic_regression
width_bin,,1,94270,narrow (<0.9m),standard (0.9-1.5m),False,0.5449988647867807,width_bin,logistic_regression,siglip_frozen_embeddings_logistic_regression
width_bin,,1,94271,narrow (<0.9m),narrow (<0.9m),True,0.9996111505704908,width_bin,logistic_regression,siglip_frozen_embeddings_logistic_regression
width_bin,,1,94277,narrow (<0.9m),narrow (<0.9m),True,0.9997445890340652,width_bin,logistic_regression,siglip_frozen_embeddings_logistic_regression
width_bin,,1,94284,narrow (<0.9m),narrow (<0.9m),True,0.985852042032957,width_bin,logistic_regression,siglip_frozen_embeddings_logistic_regression
width_bin,,1,94291,narrow (<0.9m),narrow (<0.9m),True,0.9999995888424315,width_bin,logistic_regression,siglip_frozen_embeddings_logistic_regression
width_bin,,1,94292,narrow (<0.9m),narrow (<0.9m),True,0.9999824132675987,width_bin,logistic_regression,siglip_frozen_embeddings_logistic_regression
width_bin,,1,94303,narrow (<0.9m),narrow (<0.9m),True,0.9795788605940711,width_bin,logistic_regression,siglip_frozen_embeddings_logistic_regression
width_bin,,1,94310,narrow (<0.9m),narrow (<0.9m),True,0.9999882364729757,width_bin,logistic_regression,siglip_frozen_embeddings_logistic_regression
width_bin,,1,94316,narrow (<0.9m),narrow (<0.9m),True,0.9870245122102497,width_bin,logistic_regression,siglip_frozen_embeddings_logistic_regression
width_bin,,1,94320,narrow (<0.9m),narrow (<0.9m),True,0.8554123332931711,width_bin,logistic_regression,siglip_frozen_embeddings_logistic_regression
width_bin,,1,94335,narrow (<0.9m),standard (0.9-1.5m),False,0.8167800878683383,width_bin,logistic_regression,siglip_frozen_embeddings_logistic_regression
width_bin,,1,94337,narrow (<0.9m),narrow (<0.9m),True,0.9998749255266836,width_bin,logistic_regression,siglip_frozen_embeddings_logistic_regression
width_bin,,1,94346,narrow (<0.9m),narrow (<0.9m),True,0.9420244600557783,width_bin,logistic_regression,siglip_frozen_embeddings_logistic_regression
width_bin,,1,94351,narrow (<0.9m),narrow (<0.9m),True,0.9284680457663562,width_bin,logistic_regression,siglip_frozen_embeddings_logistic_regression
width_bin,,1,94354,narrow (<0.9m),narrow (<0.9m),True,0.818854369304091,width_bin,logistic_regression,siglip_frozen_embeddings_logistic_regression
width_bin,,1,94362,narrow (<0.9m),narrow (<0.9m),True,0.9986657872775281,width_bin,logistic_regression,siglip_frozen_embeddings_logistic_regression
width_bin,,1,94373,narrow (<0.9m),narrow (<0.9m),True,0.8802217826688569,width_bin,logistic_regression,siglip_frozen_embeddings_logistic_regression
width_bin,,1,94381,narrow (<0.9m),narrow (<0.9m),True,0.9972869775156571,width_bin,logistic_regression,siglip_frozen_embeddings_logistic_regression
width_bin,,1,94392,narrow (<0.9m),narrow (<0.9m),True,0.9938212498944657,width_bin,logistic_regression,siglip_frozen_embeddings_logistic_regression
width_bin,,1,94399,narrow (<0.9m),narrow (<0.9m),True,0.999186839288601,width_bin,logistic_regression,siglip_frozen_embeddings_logistic_regression
width_bin,,1,94409,narrow (<0.9m),narrow (<0.9m),True,0.9737687528554952,width_bin,logistic_regression,siglip_frozen_embeddings_logistic_regression
width_bin,,1,94410,narrow (<0.9m),narrow (<0.9m),True,0.865232723633725,width_bin,logistic_regression,siglip_frozen_embeddings_logistic_regression
width_bin,,1,94424,narrow (<0.9m),wide (>1.5m),False,0.9995482463869781,width_bin,logistic_regression,siglip_frozen_embeddings_logistic_regression
width_bin,,1,96358,standard (0.9-1.5m),wide (>1.5m),False,0.9999999628947343,width_bin,logistic_regression,siglip_frozen_embeddings_logistic_regression
width_bin,,1,100549,standard (0.9-1.5m),standard (0.9-1.5m),True,0.9592386666332915,width_bin,logistic_regression,siglip_frozen_embeddings_logistic_regression
width_bin,,1,100550,standard (0.9-1.5m),standard (0.9-1.5m),True,0.9927351009667685,width_bin,logistic_regression,siglip_frozen_embeddings_logistic_regression
width_bin,,1,101005,standard (0.9-1.5m),standard (0.9-1.5m),True,0.8494428272797817,width_bin,logistic_regression,siglip_frozen_embeddings_logistic_regression
width_bin,,1,102441,standard (0.9-1.5m),standard (0.9-1.5m),True,0.999988256859448,width_bin,logistic_regression,siglip_frozen_embeddings_logistic_regression
width_bin,,1,105246,standard (0.9-1.5m),standard (0.9-1.5m),True,0.9775837033379416,width_bin,logistic_regression,siglip_frozen_embeddings_logistic_regression
width_bin,,1,107053,standard (0.9-1.5m),standard (0.9-1.5m),True,0.4012153120619382,width_bin,logistic_regression,siglip_frozen_embeddings_logistic_regression
width_bin,,1,107065,standard (0.9-1.5m),standard (0.9-1.5m),True,0.9998821860027384,width_bin,logistic_regression,siglip_frozen_embeddings_logistic_regression
width_bin,,1,107320,standard (0.9-1.5m),standard (0.9-1.5m),True,0.9393880471181729,width_bin,logistic_regression,siglip_frozen_embeddings_logistic_regression
width_bin,,1,107345,standard (0.9-1.5m),standard (0.9-1.5m),True,0.9998103372003285,width_bin,logistic_regression,siglip_frozen_embeddings_logistic_regression
width_bin,,1,107361,standard (0.9-1.5m),standard (0.9-1.5m),True,0.9364593715622868,width_bin,logistic_regression,siglip_frozen_embeddings_logistic_regression
width_bin,,1,107365,standard (0.9-1.5m),wide (>1.5m),False,0.5274820990720627,width_bin,logistic_regression,siglip_frozen_embeddings_logistic_regression
width_bin,,1,107883,standard (0.9-1.5m),standard (0.9-1.5m),True,0.9990919107262948,width_bin,logistic_regression,siglip_frozen_embeddings_logistic_regression
width_bin,,1,107909,standard (0.9-1.5m),standard (0.9-1.5m),True,0.8823499046978891,width_bin,logistic_regression,siglip_frozen_embeddings_logistic_regression
width_bin,,1,107919,standard (0.9-1.5m),narrow (<0.9m),False,0.6012490051064856,width_bin,logistic_regression,siglip_frozen_embeddings_logistic_regression
width_bin,,1,107978,standard (0.9-1.5m),standard (0.9-1.5m),True,0.8907386937377119,width_bin,logistic_regression,siglip_frozen_embeddings_logistic_regression
width_bin,,1,107991,standard (0.9-1.5m),standard (0.9-1.5m),True,0.9892951614429718,width_bin,logistic_regression,siglip_frozen_embeddings_logistic_regression
width_bin,,1,108011,standard (0.9-1.5m),narrow (<0.9m),False,0.5905335535776581,width_bin,logistic_regression,siglip_frozen_embeddings_logistic_regression
width_bin,,1,108023,standard (0.9-1.5m),standard (0.9-1.5m),True,0.9920621036326045,width_bin,logistic_regression,siglip_frozen_embeddings_logistic_regression
width_bin,,1,108327,standard (0.9-1.5m),narrow (<0.9m),False,0.9584098850582881,width_bin,logistic_regression,siglip_frozen_embeddings_logistic_regression
width_bin,,1,108355,standard (0.9-1.5m),narrow (<0.9m),False,0.9798235179848466,width_bin,logistic_regression,siglip_frozen_embeddings_logistic_regression
width_bin,,1,108655,wide (>1.5m),wide (>1.5m),True,0.9052656804588916,width_bin,logistic_regression,siglip_frozen_embeddings_logistic_regression
width_bin,,1,108660,wide (>1.5m),standard (0.9-1.5m),False,0.6744605566959975,width_bin,logistic_regression,siglip_frozen_embeddings_logistic_regression
width_bin,,1,108729,narrow (<0.9m),narrow (<0.9m),True,0.5357035525265549,width_bin,logistic_regression,siglip_frozen_embeddings_logistic_regression
width_bin,,1,109163,standard (0.9-1.5m),standard (0.9-1.5m),True,0.9992647322128309,width_bin,logistic_regression,siglip_frozen_embeddings_logistic_regression
width_bin,,1,109419,wide (>1.5m),standard (0.9-1.5m),False,0.981723206165194,width_bin,logistic_regression,siglip_frozen_embeddings_logistic_regression
width_bin,,1,109699,narrow (<0.9m),standard (0.9-1.5m),False,0.9994795322010744,width_bin,logistic_regression,siglip_frozen_embeddings_logistic_regression
width_bin,,1,109700,narrow (<0.9m),narrow (<0.9m),True,0.4494037627274684,width_bin,logistic_regression,siglip_frozen_embeddings_logistic_regression
width_bin,,1,109713,narrow (<0.9m),standard (0.9-1.5m),False,0.9022724041443181,width_bin,logistic_regression,siglip_frozen_embeddings_logistic_regression
width_bin,,1,109822,standard (0.9-1.5m),standard (0.9-1.5m),True,0.9227418960115339,width_bin,logistic_regression,siglip_frozen_embeddings_logistic_regression
width_bin,,1,110241,standard (0.9-1.5m),standard (0.9-1.5m),True,0.7995825706471322,width_bin,logistic_regression,siglip_frozen_embeddings_logistic_regression
width_bin,,1,110280,standard (0.9-1.5m),standard (0.9-1.5m),True,0.9528849097717235,width_bin,logistic_regression,siglip_frozen_embeddings_logistic_regression
width_bin,,1,110282,standard (0.9-1.5m),standard (0.9-1.5m),True,0.90914389344608,width_bin,logistic_regression,siglip_frozen_embeddings_logistic_regression
width_bin,,1,110293,wide (>1.5m),standard (0.9-1.5m),False,0.9763582326031528,width_bin,logistic_regression,siglip_frozen_embeddings_logistic_regression
width_bin,,1,110567,narrow (<0.9m),standard (0.9-1.5m),False,0.9956357505811861,width_bin,logistic_regression,siglip_frozen_embeddings_logistic_regression
width_bin,,1,110570,standard (0.9-1.5m),standard (0.9-1.5m),True,0.8272920642851842,width_bin,logistic_regression,siglip_frozen_embeddings_logistic_regression
width_bin,,1,110712,standard (0.9-1.5m),standard (0.9-1.5m),True,0.9983504631469147,width_bin,logistic_regression,siglip_frozen_embeddings_logistic_regression
width_bin,,1,110822,standard (0.9-1.5m),standard (0.9-1.5m),True,0.542979067119685,width_bin,logistic_regression,siglip_frozen_embeddings_logistic_regression
width_bin,,1,110837,standard (0.9-1.5m),narrow (<0.9m),False,0.9769613647064234,width_bin,logistic_regression,siglip_frozen_embeddings_logistic_regression
width_bin,,1,110955,standard (0.9-1.5m),narrow (<0.9m),False,0.5521296260163348,width_bin,logistic_regression,siglip_frozen_embeddings_logistic_regression
width_bin,,1,110960,standard (0.9-1.5m),standard (0.9-1.5m),True,0.9064911123291003,width_bin,logistic_regression,siglip_frozen_embeddings_logistic_regression
width_bin,,1,110966,standard (0.9-1.5m),narrow (<0.9m),False,0.5116555335706265,width_bin,logistic_regression,siglip_frozen_embeddings_logistic_regression
width_bin,,1,110977,standard (0.9-1.5m),narrow (<0.9m),False,0.8844853305836081,width_bin,logistic_regression,siglip_frozen_embeddings_logistic_regression
width_bin,,1,111666,narrow (<0.9m),standard (0.9-1.5m),False,0.9318781987553421,width_bin,logistic_regression,siglip_frozen_embeddings_logistic_regression
width_bin,,1,111671,narrow (<0.9m),standard (0.9-1.5m),False,0.7242811037263994,width_bin,logistic_regression,siglip_frozen_embeddings_logistic_regression
width_bin,,1,111788,narrow (<0.9m),standard (0.9-1.5m),False,0.8364379654967746,width_bin,logistic_regression,siglip_frozen_embeddings_logistic_regression
width_bin,,1,111797,narrow (<0.9m),standard (0.9-1.5m),False,0.6527205548794106,width_bin,logistic_regression,siglip_frozen_embeddings_logistic_regression
width_bin,,1,111805,standard (0.9-1.5m),standard (0.9-1.5m),True,0.9907630240157077,width_bin,logistic_regression,siglip_frozen_embeddings_logistic_regression
width_bin,,1,111813,narrow (<0.9m),standard (0.9-1.5m),False,0.9965510682691935,width_bin,logistic_regression,siglip_frozen_embeddings_logistic_regression
width_bin,,1,111821,narrow (<0.9m),wide (>1.5m),False,0.6667295729905671,width_bin,logistic_regression,siglip_frozen_embeddings_logistic_regression
width_bin,,1,112326,standard (0.9-1.5m),standard (0.9-1.5m),True,0.7208686342469224,width_bin,logistic_regression,siglip_frozen_embeddings_logistic_regression
width_bin,,1,112330,standard (0.9-1.5m),standard (0.9-1.5m),True,0.7546605804149625,width_bin,logistic_regression,siglip_frozen_embeddings_logistic_regression
width_bin,,1,112576,narrow (<0.9m),narrow (<0.9m),True,0.8767321416064581,width_bin,logistic_regression,siglip_frozen_embeddings_logistic_regression
width_bin,,1,112612,standard (0.9-1.5m),standard (0.9-1.5m),True,0.909595222732303,width_bin,logistic_regression,siglip_frozen_embeddings_logistic_regression
width_bin,,1,113173,standard (0.9-1.5m),standard (0.9-1.5m),True,0.5910570352674764,width_bin,logistic_regression,siglip_frozen_embeddings_logistic_regression
width_bin,,1,114289,standard (0.9-1.5m),standard (0.9-1.5m),True,0.9948609247324776,width_bin,logistic_regression,siglip_frozen_embeddings_logistic_regression
width_bin,,1,114560,wide (>1.5m),standard (0.9-1.5m),False,0.9123613560885541,width_bin,logistic_regression,siglip_frozen_embeddings_logistic_regression
width_bin,,1,114949,narrow (<0.9m),narrow (<0.9m),True,0.958975332970247,width_bin,logistic_regression,siglip_frozen_embeddings_logistic_regression
width_bin,,1,114973,wide (>1.5m),standard (0.9-1.5m),False,0.9843290349758269,width_bin,logistic_regression,siglip_frozen_embeddings_logistic_regression
width_bin,,1,115444,standard (0.9-1.5m),narrow (<0.9m),False,0.8296138055708068,width_bin,logistic_regression,siglip_frozen_embeddings_logistic_regression
width_bin,,1,115449,standard (0.9-1.5m),standard (0.9-1.5m),True,0.9968505279262841,width_bin,logistic_regression,siglip_frozen_embeddings_logistic_regression
width_bin,,1,116634,wide (>1.5m),standard (0.9-1.5m),False,0.9235015978386527,width_bin,logistic_regression,siglip_frozen_embeddings_logistic_regression
width_bin,,1,117012,standard (0.9-1.5m),wide (>1.5m),False,0.8413810537670715,width_bin,logistic_regression,siglip_frozen_embeddings_logistic_regression
width_bin,,1,117015,narrow (<0.9m),wide (>1.5m),False,0.9971864754844085,width_bin,logistic_regression,siglip_frozen_embeddings_logistic_regression
width_bin,,1,117201,standard (0.9-1.5m),narrow (<0.9m),False,0.7465913981951153,width_bin,logistic_regression,siglip_frozen_embeddings_logistic_regression
width_bin,,1,117535,standard (0.9-1.5m),standard (0.9-1.5m),True,0.9068657312500984,width_bin,logistic_regression,siglip_frozen_embeddings_logistic_regression
width_bin,,1,117578,narrow (<0.9m),narrow (<0.9m),True,0.9651532572031684,width_bin,logistic_regression,siglip_frozen_embeddings_logistic_regression
width_bin,,1,117589,narrow (<0.9m),narrow (<0.9m),True,0.994533622716017,width_bin,logistic_regression,siglip_frozen_embeddings_logistic_regression
width_bin,,1,117595,standard (0.9-1.5m),standard (0.9-1.5m),True,0.7073630934645971,width_bin,logistic_regression,siglip_frozen_embeddings_logistic_regression
width_bin,,1,117608,standard (0.9-1.5m),standard (0.9-1.5m),True,0.70430270829908,width_bin,logistic_regression,siglip_frozen_embeddings_logistic_regression
width_bin,,1,118516,standard (0.9-1.5m),standard (0.9-1.5m),True,0.9579754747017276,width_bin,logistic_regression,siglip_frozen_embeddings_logistic_regression
width_bin,,1,118770,standard (0.9-1.5m),standard (0.9-1.5m),True,0.7251089825643394,width_bin,logistic_regression,siglip_frozen_embeddings_logistic_regression
width_bin,,1,120298,standard (0.9-1.5m),wide (>1.5m),False,0.896486047081206,width_bin,logistic_regression,siglip_frozen_embeddings_logistic_regression
width_bin,,1,120659,narrow (<0.9m),narrow (<0.9m),True,0.9998977047945586,width_bin,logistic_regression,siglip_frozen_embeddings_logistic_regression
width_bin,,1,120662,narrow (<0.9m),narrow (<0.9m),True,0.9150393296080229,width_bin,logistic_regression,siglip_frozen_embeddings_logistic_regression
width_bin,,1,120663,narrow (<0.9m),narrow (<0.9m),True,0.9022503902182641,width_bin,logistic_regression,siglip_frozen_embeddings_logistic_regression
width_bin,,1,120664,narrow (<0.9m),narrow (<0.9m),True,0.8330783338020264,width_bin,logistic_regression,siglip_frozen_embeddings_logistic_regression
width_bin,,1,120680,narrow (<0.9m),narrow (<0.9m),True,0.9977302293578934,width_bin,logistic_regression,siglip_frozen_embeddings_logistic_regression
width_bin,,1,120681,narrow (<0.9m),narrow (<0.9m),True,0.42976232468607106,width_bin,logistic_regression,siglip_frozen_embeddings_logistic_regression
width_bin,,1,120695,narrow (<0.9m),narrow (<0.9m),True,0.9997026138795768,width_bin,logistic_regression,siglip_frozen_embeddings_logistic_regression
width_bin,,1,120920,narrow (<0.9m),standard (0.9-1.5m),False,0.7073893311451585,width_bin,logistic_regression,siglip_frozen_embeddings_logistic_regression
width_bin,,1,121577,wide (>1.5m),standard (0.9-1.5m),False,0.7789858367052094,width_bin,logistic_regression,siglip_frozen_embeddings_logistic_regression
width_bin,,1,121587,standard (0.9-1.5m),standard (0.9-1.5m),True,0.953260374814742,width_bin,logistic_regression,siglip_frozen_embeddings_logistic_regression
width_bin,,1,121599,standard (0.9-1.5m),standard (0.9-1.5m),True,0.8888953677884296,width_bin,logistic_regression,siglip_frozen_embeddings_logistic_regression
width_bin,,1,121612,wide (>1.5m),wide (>1.5m),True,0.8202692841715736,width_bin,logistic_regression,siglip_frozen_embeddings_logistic_regression
width_bin,,1,121670,standard (0.9-1.5m),narrow (<0.9m),False,0.8221721689495219,width_bin,logistic_regression,siglip_frozen_embeddings_logistic_regression
width_bin,,1,121739,narrow (<0.9m),narrow (<0.9m),True,0.9269485664796316,width_bin,logistic_regression,siglip_frozen_embeddings_logistic_regression
width_bin,,1,121788,narrow (<0.9m),narrow (<0.9m),True,0.9947802222969221,width_bin,logistic_regression,siglip_frozen_embeddings_logistic_regression
width_bin,,1,122368,standard (0.9-1.5m),standard (0.9-1.5m),True,0.915270423472417,width_bin,logistic_regression,siglip_frozen_embeddings_logistic_regression
width_bin,,1,122918,wide (>1.5m),standard (0.9-1.5m),False,0.9876295031458889,width_bin,logistic_regression,siglip_frozen_embeddings_logistic_regression
width_bin,,1,123101,standard (0.9-1.5m),standard (0.9-1.5m),True,0.9147523028633299,width_bin,logistic_regression,siglip_frozen_embeddings_logistic_regression
width_bin,,1,123785,standard (0.9-1.5m),standard (0.9-1.5m),True,0.9931160699249038,width_bin,logistic_regression,siglip_frozen_embeddings_logistic_regression
width_bin,,1,124885,wide (>1.5m),wide (>1.5m),True,0.9992069032751978,width_bin,logistic_regression,siglip_frozen_embeddings_logistic_regression
width_bin,,1,126778,standard (0.9-1.5m),standard (0.9-1.5m),True,0.9937399948584447,width_bin,logistic_regression,siglip_frozen_embeddings_logistic_regression
width_bin,,1,126833,standard (0.9-1.5m),standard (0.9-1.5m),True,0.9934558113894337,width_bin,logistic_regression,siglip_frozen_embeddings_logistic_regression
width_bin,,1,126838,standard (0.9-1.5m),standard (0.9-1.5m),True,0.851247222623431,width_bin,logistic_regression,siglip_frozen_embeddings_logistic_regression
width_bin,,1,126839,standard (0.9-1.5m),wide (>1.5m),False,0.8746085448233799,width_bin,logistic_regression,siglip_frozen_embeddings_logistic_regression
width_bin,,1,127155,standard (0.9-1.5m),standard (0.9-1.5m),True,0.9792669559249886,width_bin,logistic_regression,siglip_frozen_embeddings_logistic_regression
width_bin,,1,127650,wide (>1.5m),wide (>1.5m),True,0.9861012428795356,width_bin,logistic_regression,siglip_frozen_embeddings_logistic_regression
width_bin,,1,129378,wide (>1.5m),standard (0.9-1.5m),False,0.9916725633551179,width_bin,logistic_regression,siglip_frozen_embeddings_logistic_regression
width_bin,,1,92846,standard (0.9-1.5m),standard (0.9-1.5m),True,0.9697744463951692,width_bin,logistic_regression,siglip_frozen_embeddings_logistic_regression
width_bin,,1,107055,standard (0.9-1.5m),narrow (<0.9m),False,0.994934541200317,width_bin,logistic_regression,siglip_frozen_embeddings_logistic_regression
width_bin,,1,107070,standard (0.9-1.5m),standard (0.9-1.5m),True,0.7906347986881918,width_bin,logistic_regression,siglip_frozen_embeddings_logistic_regression
width_bin,,1,107077,standard (0.9-1.5m),narrow (<0.9m),False,0.6951855448474544,width_bin,logistic_regression,siglip_frozen_embeddings_logistic_regression
width_bin,,1,109187,standard (0.9-1.5m),standard (0.9-1.5m),True,0.999958418391573,width_bin,logistic_regression,siglip_frozen_embeddings_logistic_regression
width_bin,,1,109189,standard (0.9-1.5m),standard (0.9-1.5m),True,0.7638955964204541,width_bin,logistic_regression,siglip_frozen_embeddings_logistic_regression
width_bin,,1,110276,standard (0.9-1.5m),wide (>1.5m),False,0.5164334525847413,width_bin,logistic_regression,siglip_frozen_embeddings_logistic_regression
width_bin,,1,112068,standard (0.9-1.5m),wide (>1.5m),False,0.9572839829976904,width_bin,logistic_regression,siglip_frozen_embeddings_logistic_regression
width_bin,,1,114054,standard (0.9-1.5m),standard (0.9-1.5m),True,0.9357295152637819,width_bin,logistic_regression,siglip_frozen_embeddings_logistic_regression
width_bin,,1,114272,standard (0.9-1.5m),wide (>1.5m),False,0.6735125249709736,width_bin,logistic_regression,siglip_frozen_embeddings_logistic_regression
width_bin,,1,117011,narrow (<0.9m),wide (>1.5m),False,0.7059239592204877,width_bin,logistic_regression,siglip_frozen_embeddings_logistic_regression
width_bin,,1,118807,narrow (<0.9m),wide (>1.5m),False,0.6559930609557555,width_bin,logistic_regression,siglip_frozen_embeddings_logistic_regression
width_bin,,1,128876,standard (0.9-1.5m),standard (0.9-1.5m),True,0.9603535200588553,width_bin,logistic_regression,siglip_frozen_embeddings_logistic_regression
width_bin,,1,128880,standard (0.9-1.5m),wide (>1.5m),False,0.9957043738566609,width_bin,logistic_regression,siglip_frozen_embeddings_logistic_regression
width_bin,,1,51536,standard (>=0.8m),standard (0.9-1.5m),False,0.9800340297828981,width_bin,logistic_regression,siglip_frozen_embeddings_logistic_regression
width_bin,,1,47636,standard (0.9-1.5m),wide (>1.5m),False,0.9834296081531009,width_bin,logistic_regression,siglip_frozen_embeddings_logistic_regression
width_bin,,1,48488,standard (0.9-1.5m),standard (0.9-1.5m),True,0.6933953652454462,width_bin,logistic_regression,siglip_frozen_embeddings_logistic_regression
width_bin,,1,48627,standard (0.9-1.5m),wide (>1.5m),False,0.990756133414395,width_bin,logistic_regression,siglip_frozen_embeddings_logistic_regression
width_bin,,1,49061,narrow (<0.9m),narrow (<0.9m),True,0.8382543255099395,width_bin,logistic_regression,siglip_frozen_embeddings_logistic_regression
width_bin,,1,49062,wide (>1.5m),wide (>1.5m),True,0.9992251717325522,width_bin,logistic_regression,siglip_frozen_embeddings_logistic_regression
width_bin,,1,49679,standard (0.9-1.5m),standard (0.9-1.5m),True,0.9391874161577616,width_bin,logistic_regression,siglip_frozen_embeddings_logistic_regression
width_bin,,1,49681,standard (0.9-1.5m),standard (0.9-1.5m),True,0.8553787860014979,width_bin,logistic_regression,siglip_frozen_embeddings_logistic_regression
width_bin,,1,50654,standard (0.9-1.5m),standard (0.9-1.5m),True,0.8012042897030481,width_bin,logistic_regression,siglip_frozen_embeddings_logistic_regression
width_bin,,1,50822,wide (>1.5m),standard (0.9-1.5m),False,0.9992331168995191,width_bin,logistic_regression,siglip_frozen_embeddings_logistic_regression
width_bin,,1,51234,standard (0.9-1.5m),standard (0.9-1.5m),True,0.7990356983817974,width_bin,logistic_regression,siglip_frozen_embeddings_logistic_regression
width_bin,,1,51218,standard (0.9-1.5m),standard (0.9-1.5m),True,0.9999987771110264,width_bin,logistic_regression,siglip_frozen_embeddings_logistic_regression
width_bin,,1,51248,standard (0.9-1.5m),standard (0.9-1.5m),True,0.7934831936716096,width_bin,logistic_regression,siglip_frozen_embeddings_logistic_regression
width_bin,,1,51525,wide (>1.5m),wide (>1.5m),True,0.35847810159985005,width_bin,logistic_regression,siglip_frozen_embeddings_logistic_regression
width_bin,,1,51526,wide (>1.5m),wide (>1.5m),True,0.9888119378120082,width_bin,logistic_regression,siglip_frozen_embeddings_logistic_regression
width_bin,,1,51531,wide (>1.5m),standard (0.9-1.5m),False,0.7992698466906822,width_bin,logistic_regression,siglip_frozen_embeddings_logistic_regression
width_bin,,1,53798,wide (>1.5m),wide (>1.5m),True,0.7895951074180196,width_bin,logistic_regression,siglip_frozen_embeddings_logistic_regression
width_bin,,1,53983,wide (>1.5m),wide (>1.5m),True,0.994569483540083,width_bin,logistic_regression,siglip_frozen_embeddings_logistic_regression
width_bin,,1,54321,standard (0.9-1.5m),standard (0.9-1.5m),True,0.9738229085262173,width_bin,logistic_regression,siglip_frozen_embeddings_logistic_regression
width_bin,,1,54206,standard (0.9-1.5m),wide (>1.5m),False,0.8150956308895183,width_bin,logistic_regression,siglip_frozen_embeddings_logistic_regression
width_bin,,1,55635,wide (>1.5m),wide (>1.5m),True,0.9852974030082289,width_bin,logistic_regression,siglip_frozen_embeddings_logistic_regression
width_bin,,1,55636,standard (0.9-1.5m),standard (0.9-1.5m),True,0.6508032244381544,width_bin,logistic_regression,siglip_frozen_embeddings_logistic_regression
width_bin,,1,55641,standard (0.9-1.5m),standard (0.9-1.5m),True,0.9999465098998126,width_bin,logistic_regression,siglip_frozen_embeddings_logistic_regression
width_bin,,1,56205,standard (0.9-1.5m),wide (>1.5m),False,0.6135421320117064,width_bin,logistic_regression,siglip_frozen_embeddings_logistic_regression
width_bin,,1,56533,standard (0.9-1.5m),standard (0.9-1.5m),True,0.6181215521903233,width_bin,logistic_regression,siglip_frozen_embeddings_logistic_regression
width_bin,,1,57292,standard (0.9-1.5m),narrow (<0.9m),False,0.7627680105498135,width_bin,logistic_regression,siglip_frozen_embeddings_logistic_regression
width_bin,,1,58409,wide (>1.5m),wide (>1.5m),True,0.6495066400060594,width_bin,logistic_regression,siglip_frozen_embeddings_logistic_regression
width_bin,,1,58954,standard (0.9-1.5m),standard (0.9-1.5m),True,0.9059978351662973,width_bin,logistic_regression,siglip_frozen_embeddings_logistic_regression
width_bin,,1,58956,standard (0.9-1.5m),standard (0.9-1.5m),True,0.975217467549271,width_bin,logistic_regression,siglip_frozen_embeddings_logistic_regression
width_bin,,1,59060,wide (>1.5m),wide (>1.5m),True,0.7003996046183957,width_bin,logistic_regression,siglip_frozen_embeddings_logistic_regression
width_bin,,1,60126,standard (0.9-1.5m),narrow (<0.9m),False,0.9366367190969915,width_bin,logistic_regression,siglip_frozen_embeddings_logistic_regression
width_bin,,1,61110,standard (0.9-1.5m),standard (0.9-1.5m),True,0.9922220816908233,width_bin,logistic_regression,siglip_frozen_embeddings_logistic_regression
width_bin,,1,61113,standard (0.9-1.5m),standard (0.9-1.5m),True,0.543710395501574,width_bin,logistic_regression,siglip_frozen_embeddings_logistic_regression
width_bin,,1,61499,standard (0.9-1.5m),standard (0.9-1.5m),True,0.8459763791996628,width_bin,logistic_regression,siglip_frozen_embeddings_logistic_regression
width_bin,,1,62290,narrow (<0.9m),narrow (<0.9m),True,0.9947567713296104,width_bin,logistic_regression,siglip_frozen_embeddings_logistic_regression
width_bin,,1,63297,standard (0.9-1.5m),standard (0.9-1.5m),True,0.9920202425464915,width_bin,logistic_regression,siglip_frozen_embeddings_logistic_regression
width_bin,,1,64100,standard (0.9-1.5m),standard (0.9-1.5m),True,0.9999504292589282,width_bin,logistic_regression,siglip_frozen_embeddings_logistic_regression
width_bin,,1,64111,standard (0.9-1.5m),standard (0.9-1.5m),True,0.9999998548524631,width_bin,logistic_regression,siglip_frozen_embeddings_logistic_regression
width_bin,,1,64126,standard (0.9-1.5m),standard (0.9-1.5m),True,0.6018111441828854,width_bin,logistic_regression,siglip_frozen_embeddings_logistic_regression
width_bin,,1,64142,standard (0.9-1.5m),standard (0.9-1.5m),True,0.5864170056828667,width_bin,logistic_regression,siglip_frozen_embeddings_logistic_regression
width_bin,,1,65423,standard (0.9-1.5m),wide (>1.5m),False,0.6655805043565924,width_bin,logistic_regression,siglip_frozen_embeddings_logistic_regression
width_bin,,1,65427,standard (0.9-1.5m),wide (>1.5m),False,0.7679015507376196,width_bin,logistic_regression,siglip_frozen_embeddings_logistic_regression
width_bin,,1,66169,standard (0.9-1.5m),narrow (<0.9m),False,0.9897854299974073,width_bin,logistic_regression,siglip_frozen_embeddings_logistic_regression
width_bin,,1,66173,standard (0.9-1.5m),standard (0.9-1.5m),True,0.4001068335081961,width_bin,logistic_regression,siglip_frozen_embeddings_logistic_regression
width_bin,,1,66920,standard (0.9-1.5m),standard (0.9-1.5m),True,0.7077175262404402,width_bin,logistic_regression,siglip_frozen_embeddings_logistic_regression
width_bin,,1,67205,wide (>1.5m),standard (0.9-1.5m),False,0.9872682453005206,width_bin,logistic_regression,siglip_frozen_embeddings_logistic_regression
width_bin,,1,67465,wide (>1.5m),wide (>1.5m),True,0.9938995461285435,width_bin,logistic_regression,siglip_frozen_embeddings_logistic_regression
width_bin,,1,83141,standard (0.9-1.5m),standard (0.9-1.5m),True,0.8436662502835185,width_bin,logistic_regression,siglip_frozen_embeddings_logistic_regression
width_bin,,1,85364,standard (0.9-1.5m),standard (0.9-1.5m),True,0.8014938962487675,width_bin,logistic_regression,siglip_frozen_embeddings_logistic_regression
width_bin,,1,86521,wide (>1.5m),standard (0.9-1.5m),False,0.7329040929228912,width_bin,logistic_regression,siglip_frozen_embeddings_logistic_regression
width_bin,,1,87745,wide (>1.5m),wide (>1.5m),True,0.9866148042457615,width_bin,logistic_regression,siglip_frozen_embeddings_logistic_regression
width_bin,,1,88733,wide (>1.5m),wide (>1.5m),True,0.988166308041686,width_bin,logistic_regression,siglip_frozen_embeddings_logistic_regression
width_bin,,1,89443,standard (0.9-1.5m),standard (0.9-1.5m),True,0.8429694580497253,width_bin,logistic_regression,siglip_frozen_embeddings_logistic_regression
width_bin,,1,89450,standard (0.9-1.5m),standard (0.9-1.5m),True,0.989882508135516,width_bin,logistic_regression,siglip_frozen_embeddings_logistic_regression
width_bin,,1,89596,standard (0.9-1.5m),standard (0.9-1.5m),True,0.992075554481012,width_bin,logistic_regression,siglip_frozen_embeddings_logistic_regression
width_bin,,1,89727,standard (0.9-1.5m),wide (>1.5m),False,0.8023668175244273,width_bin,logistic_regression,siglip_frozen_embeddings_logistic_regression
width_bin,,1,90361,standard (0.9-1.5m),standard (0.9-1.5m),True,0.9187986225905296,width_bin,logistic_regression,siglip_frozen_embeddings_logistic_regression
width_bin,,1,91832,wide (>1.5m),narrow (<0.9m),False,0.633051366573697,width_bin,logistic_regression,siglip_frozen_embeddings_logistic_regression
width_bin,,1,92149,narrow (<0.9m),narrow (<0.9m),True,0.9870495050880281,width_bin,logistic_regression,siglip_frozen_embeddings_logistic_regression
width_bin,,1,92152,narrow (<0.9m),standard (0.9-1.5m),False,0.8426653573002244,width_bin,logistic_regression,siglip_frozen_embeddings_logistic_regression
width_bin,,1,92164,narrow (<0.9m),standard (0.9-1.5m),False,0.6112008078616897,width_bin,logistic_regression,siglip_frozen_embeddings_logistic_regression
width_bin,,1,92854,wide (>1.5m),wide (>1.5m),True,0.5698390624348796,width_bin,logistic_regression,siglip_frozen_embeddings_logistic_regression
width_bin,,1,93036,standard (0.9-1.5m),narrow (<0.9m),False,0.8665350734897276,width_bin,logistic_regression,siglip_frozen_embeddings_logistic_regression
width_bin,,1,93041,wide (>1.5m),wide (>1.5m),True,0.9080584588538183,width_bin,logistic_regression,siglip_frozen_embeddings_logistic_regression
width_bin,,1,99611,standard (0.9-1.5m),standard (0.9-1.5m),True,0.6602292237537568,width_bin,logistic_regression,siglip_frozen_embeddings_logistic_regression
width_bin,,1,99612,wide (>1.5m),standard (0.9-1.5m),False,0.5022863905447563,width_bin,logistic_regression,siglip_frozen_embeddings_logistic_regression
width_bin,,1,99614,standard (0.9-1.5m),standard (0.9-1.5m),True,0.5808030885272752,width_bin,logistic_regression,siglip_frozen_embeddings_logistic_regression
width_bin,,1,99880,narrow (<0.9m),standard (0.9-1.5m),False,0.5002670739775213,width_bin,logistic_regression,siglip_frozen_embeddings_logistic_regression
width_bin,,1,100140,wide (>1.5m),wide (>1.5m),True,0.9935378285637434,width_bin,logistic_regression,siglip_frozen_embeddings_logistic_regression
width_bin,,1,100184,wide (>1.5m),wide (>1.5m),True,0.9943664513864968,width_bin,logistic_regression,siglip_frozen_embeddings_logistic_regression
width_bin,,1,100274,wide (>1.5m),wide (>1.5m),True,0.9710388760227132,width_bin,logistic_regression,siglip_frozen_embeddings_logistic_regression
width_bin,,1,100479,wide (>1.5m),wide (>1.5m),True,0.9658315906114099,width_bin,logistic_regression,siglip_frozen_embeddings_logistic_regression
width_bin,,1,101132,wide (>1.5m),wide (>1.5m),True,0.9823109764393562,width_bin,logistic_regression,siglip_frozen_embeddings_logistic_regression
width_bin,,1,101134,standard (0.9-1.5m),wide (>1.5m),False,0.9555699192140028,width_bin,logistic_regression,siglip_frozen_embeddings_logistic_regression
width_bin,,1,101779,standard (0.9-1.5m),standard (0.9-1.5m),True,0.9432130046151993,width_bin,logistic_regression,siglip_frozen_embeddings_logistic_regression
width_bin,,1,102373,wide (>1.5m),wide (>1.5m),True,0.9263333020103519,width_bin,logistic_regression,siglip_frozen_embeddings_logistic_regression
width_bin,,1,102844,standard (0.9-1.5m),wide (>1.5m),False,0.6748008659399105,width_bin,logistic_regression,siglip_frozen_embeddings_logistic_regression
width_bin,,1,103253,standard (0.9-1.5m),standard (0.9-1.5m),True,0.7908081406316657,width_bin,logistic_regression,siglip_frozen_embeddings_logistic_regression
width_bin,,1,105288,standard (0.9-1.5m),standard (0.9-1.5m),True,0.9995321456795397,width_bin,logistic_regression,siglip_frozen_embeddings_logistic_regression
width_bin,,1,106042,narrow (<0.9m),standard (0.9-1.5m),False,0.5227842372295808,width_bin,logistic_regression,siglip_frozen_embeddings_logistic_regression
width_bin,,1,106050,narrow (<0.9m),standard (0.9-1.5m),False,0.5782990054110325,width_bin,logistic_regression,siglip_frozen_embeddings_logistic_regression
width_bin,,1,107069,standard (0.9-1.5m),standard (0.9-1.5m),True,0.5604451706111453,width_bin,logistic_regression,siglip_frozen_embeddings_logistic_regression
width_bin,,1,107890,standard (0.9-1.5m),standard (0.9-1.5m),True,0.9999561977658437,width_bin,logistic_regression,siglip_frozen_embeddings_logistic_regression
width_bin,,1,107907,standard (0.9-1.5m),standard (0.9-1.5m),True,0.9997587101162376,width_bin,logistic_regression,siglip_frozen_embeddings_logistic_regression
width_bin,,1,107914,standard (0.9-1.5m),standard (0.9-1.5m),True,0.9999921341566994,width_bin,logistic_regression,siglip_frozen_embeddings_logistic_regression
width_bin,,1,107969,standard (0.9-1.5m),wide (>1.5m),False,0.7710866276787209,width_bin,logistic_regression,siglip_frozen_embeddings_logistic_regression
width_bin,,1,107998,standard (0.9-1.5m),narrow (<0.9m),False,0.5883895952329544,width_bin,logistic_regression,siglip_frozen_embeddings_logistic_regression
width_bin,,1,108107,wide (>1.5m),standard (0.9-1.5m),False,0.8421533216293681,width_bin,logistic_regression,siglip_frozen_embeddings_logistic_regression
width_bin,,1,108731,standard (0.9-1.5m),standard (0.9-1.5m),True,0.9996887393995071,width_bin,logistic_regression,siglip_frozen_embeddings_logistic_regression
width_bin,,1,109138,standard (0.9-1.5m),standard (0.9-1.5m),True,0.9656545774268751,width_bin,logistic_regression,siglip_frozen_embeddings_logistic_regression
width_bin,,1,109407,narrow (<0.9m),standard (0.9-1.5m),False,0.643189599593717,width_bin,logistic_regression,siglip_frozen_embeddings_logistic_regression
width_bin,,1,109534,wide (>1.5m),standard (0.9-1.5m),False,0.9168230218376915,width_bin,logistic_regression,siglip_frozen_embeddings_logistic_regression
width_bin,,1,110171,standard (0.9-1.5m),standard (0.9-1.5m),True,0.5645748167081647,width_bin,logistic_regression,siglip_frozen_embeddings_logistic_regression
width_bin,,1,111002,standard (0.9-1.5m),wide (>1.5m),False,0.6863495687188346,width_bin,logistic_regression,siglip_frozen_embeddings_logistic_regression
width_bin,,1,112406,standard (0.9-1.5m),standard (0.9-1.5m),True,0.6302102621128395,width_bin,logistic_regression,siglip_frozen_embeddings_logistic_regression
width_bin,,1,113125,wide (>1.5m),standard (0.9-1.5m),False,0.9948406705191414,width_bin,logistic_regression,siglip_frozen_embeddings_logistic_regression
width_bin,,1,113952,wide (>1.5m),standard (0.9-1.5m),False,0.9997873117151331,width_bin,logistic_regression,siglip_frozen_embeddings_logistic_regression
width_bin,,1,114290,standard (0.9-1.5m),standard (0.9-1.5m),True,0.9315033799047286,width_bin,logistic_regression,siglip_frozen_embeddings_logistic_regression
width_bin,,1,114646,standard (0.9-1.5m),wide (>1.5m),False,0.7422562928450012,width_bin,logistic_regression,siglip_frozen_embeddings_logistic_regression
width_bin,,1,114702,wide (>1.5m),wide (>1.5m),True,0.747716144048669,width_bin,logistic_regression,siglip_frozen_embeddings_logistic_regression
width_bin,,1,114932,wide (>1.5m),wide (>1.5m),True,0.7106365320438472,width_bin,logistic_regression,siglip_frozen_embeddings_logistic_regression
width_bin,,1,114963,wide (>1.5m),wide (>1.5m),True,0.950991298808695,width_bin,logistic_regression,siglip_frozen_embeddings_logistic_regression
width_bin,,1,115870,standard (0.9-1.5m),standard (0.9-1.5m),True,0.7215370071153422,width_bin,logistic_regression,siglip_frozen_embeddings_logistic_regression
width_bin,,1,117195,standard (0.9-1.5m),standard (0.9-1.5m),True,0.9986812872043606,width_bin,logistic_regression,siglip_frozen_embeddings_logistic_regression
width_bin,,1,117196,standard (0.9-1.5m),standard (0.9-1.5m),True,0.9999944295169073,width_bin,logistic_regression,siglip_frozen_embeddings_logistic_regression
width_bin,,1,117211,standard (0.9-1.5m),medium (3-7m),False,0.49443239919063686,width_bin,logistic_regression,siglip_frozen_embeddings_logistic_regression
width_bin,,1,117339,standard (0.9-1.5m),wide (>1.5m),False,0.5235566074662793,width_bin,logistic_regression,siglip_frozen_embeddings_logistic_regression
width_bin,,1,117364,wide (>1.5m),standard (0.9-1.5m),False,0.5724285153085833,width_bin,logistic_regression,siglip_frozen_embeddings_logistic_regression
width_bin,,1,119844,standard (0.9-1.5m),standard (0.9-1.5m),True,0.9998019660174056,width_bin,logistic_regression,siglip_frozen_embeddings_logistic_regression
width_bin,,1,119851,standard (0.9-1.5m),standard (0.9-1.5m),True,0.968429884944891,width_bin,logistic_regression,siglip_frozen_embeddings_logistic_regression
width_bin,,1,120299,standard (0.9-1.5m),narrow (<0.9m),False,0.6538889085753541,width_bin,logistic_regression,siglip_frozen_embeddings_logistic_regression
width_bin,,1,120999,standard (0.9-1.5m),narrow (<0.9m),False,0.43886054997600504,width_bin,logistic_regression,siglip_frozen_embeddings_logistic_regression
width_bin,,1,122034,standard (0.9-1.5m),standard (0.9-1.5m),True,0.766592889701875,width_bin,logistic_regression,siglip_frozen_embeddings_logistic_regression
width_bin,,1,122444,standard (0.9-1.5m),standard (0.9-1.5m),True,0.9479400644241889,width_bin,logistic_regression,siglip_frozen_embeddings_logistic_regression
width_bin,,1,123159,wide (>1.5m),wide (>1.5m),True,0.9999999808414396,width_bin,logistic_regression,siglip_frozen_embeddings_logistic_regression
width_bin,,1,123655,wide (>1.5m),standard (0.9-1.5m),False,0.9312575302602795,width_bin,logistic_regression,siglip_frozen_embeddings_logistic_regression
width_bin,,1,126683,standard (0.9-1.5m),standard (0.9-1.5m),True,0.9809230923071859,width_bin,logistic_regression,siglip_frozen_embeddings_logistic_regression
width_bin,,1,126709,narrow (<0.9m),narrow (<0.9m),True,0.995406076482394,width_bin,logistic_regression,siglip_frozen_embeddings_logistic_regression
width_bin,,1,126806,standard (0.9-1.5m),standard (0.9-1.5m),True,0.9997343875930649,width_bin,logistic_regression,siglip_frozen_embeddings_logistic_regression
width_bin,,1,129305,standard (0.9-1.5m),wide (>1.5m),False,0.5206108865669138,width_bin,logistic_regression,siglip_frozen_embeddings_logistic_regression
width_bin,,1,48297,medium (3-7m),wide (>7m),False,0.5936835334140704,width_bin,logistic_regression,siglip_frozen_embeddings_logistic_regression
width_bin,,1,51549,medium (3-7m),narrow (<3m),False,0.804152125539359,width_bin,logistic_regression,siglip_frozen_embeddings_logistic_regression
width_bin,,1,54507,medium (3-7m),wide (>7m),False,0.8315427768982208,width_bin,logistic_regression,siglip_frozen_embeddings_logistic_regression
width_bin,,1,58183,wide (>7m),medium (3-7m),False,0.9709210605251483,width_bin,logistic_regression,siglip_frozen_embeddings_logistic_regression
width_bin,,1,68018,narrow (<3m),standard (0.9-1.5m),False,0.8699818483578762,width_bin,logistic_regression,siglip_frozen_embeddings_logistic_regression
width_bin,,1,68019,narrow (<3m),medium (3-7m),False,0.8402224346782182,width_bin,logistic_regression,siglip_frozen_embeddings_logistic_regression
width_bin,,1,83431,narrow (<3m),medium (3-7m),False,0.9266355747313304,width_bin,logistic_regression,siglip_frozen_embeddings_logistic_regression
width_bin,,1,90699,medium (3-7m),wide (>1.5m),False,0.9999598914950945,width_bin,logistic_regression,siglip_frozen_embeddings_logistic_regression
width_bin,,1,105832,narrow (<3m),medium (3-7m),False,0.5020017856432908,width_bin,logistic_regression,siglip_frozen_embeddings_logistic_regression
width_bin,,1,110166,narrow (<3m),wide (>7m),False,0.4801983093889901,width_bin,logistic_regression,siglip_frozen_embeddings_logistic_regression
width_bin,,1,126292,medium (3-7m),wide (>7m),False,0.740223183987772,width_bin,logistic_regression,siglip_frozen_embeddings_logistic_regression
width_bin,,2,52128,standard (0.9-1.5m),narrow (<0.9m),False,0.896993375367477,width_bin,logistic_regression,siglip_frozen_embeddings_logistic_regression
width_bin,,2,52244,standard (0.9-1.5m),narrow (<0.9m),False,0.8383606178176307,width_bin,logistic_regression,siglip_frozen_embeddings_logistic_regression
width_bin,,2,55645,narrow (<0.9m),standard (0.9-1.5m),False,0.7129435782025482,width_bin,logistic_regression,siglip_frozen_embeddings_logistic_regression
width_bin,,2,59061,wide (>1.5m),wide (>1.5m),True,0.8152961158074187,width_bin,logistic_regression,siglip_frozen_embeddings_logistic_regression
width_bin,,2,61734,standard (0.9-1.5m),standard (0.9-1.5m),True,0.8239424726334157,width_bin,logistic_regression,siglip_frozen_embeddings_logistic_regression
width_bin,,2,61732,standard (0.9-1.5m),narrow (<0.9m),False,0.9863298739563896,width_bin,logistic_regression,siglip_frozen_embeddings_logistic_regression
width_bin,,2,81875,wide (>1.5m),wide (>1.5m),True,0.830978942248737,width_bin,logistic_regression,siglip_frozen_embeddings_logistic_regression
width_bin,,2,83926,standard (0.9-1.5m),wide (>1.5m),False,0.6666345619046153,width_bin,logistic_regression,siglip_frozen_embeddings_logistic_regression
width_bin,,2,85091,wide (>1.5m),wide (>1.5m),True,0.4592238205279371,width_bin,logistic_regression,siglip_frozen_embeddings_logistic_regression
width_bin,,2,87516,narrow (<0.9m),narrow (<0.9m),True,0.9988704824126668,width_bin,logistic_regression,siglip_frozen_embeddings_logistic_regression
width_bin,,2,87579,narrow (<0.9m),narrow (<0.9m),True,0.9955619562172433,width_bin,logistic_regression,siglip_frozen_embeddings_logistic_regression
width_bin,,2,89446,standard (0.9-1.5m),standard (0.9-1.5m),True,0.4894469076362749,width_bin,logistic_regression,siglip_frozen_embeddings_logistic_regression
width_bin,,2,89451,standard (0.9-1.5m),standard (0.9-1.5m),True,0.9386908718259459,width_bin,logistic_regression,siglip_frozen_embeddings_logistic_regression
width_bin,,2,89575,standard (0.9-1.5m),wide (>1.5m),False,0.9336430916271703,width_bin,logistic_regression,siglip_frozen_embeddings_logistic_regression
width_bin,,2,89581,standard (0.9-1.5m),standard (0.9-1.5m),True,0.9135455388581762,width_bin,logistic_regression,siglip_frozen_embeddings_logistic_regression
width_bin,,2,89582,standard (0.9-1.5m),wide (>1.5m),False,0.992208941674431,width_bin,logistic_regression,siglip_frozen_embeddings_logistic_regression
width_bin,,2,89588,standard (0.9-1.5m),standard (0.9-1.5m),True,0.8086126623991227,width_bin,logistic_regression,siglip_frozen_embeddings_logistic_regression
width_bin,,2,89591,standard (0.9-1.5m),wide (>1.5m),False,0.7930575126160754,width_bin,logistic_regression,siglip_frozen_embeddings_logistic_regression
width_bin,,2,89708,standard (0.9-1.5m),narrow (<0.9m),False,0.9309592331056946,width_bin,logistic_regression,siglip_frozen_embeddings_logistic_regression
width_bin,,2,90325,standard (0.9-1.5m),standard (0.9-1.5m),True,0.9963672069301798,width_bin,logistic_regression,siglip_frozen_embeddings_logistic_regression
width_bin,,2,90335,narrow (<0.9m),narrow (<0.9m),True,0.8568329074373119,width_bin,logistic_regression,siglip_frozen_embeddings_logistic_regression
width_bin,,2,90342,standard (0.9-1.5m),standard (0.9-1.5m),True,0.9985362155326081,width_bin,logistic_regression,siglip_frozen_embeddings_logistic_regression
width_bin,,2,90347,standard (0.9-1.5m),narrow (<0.9m),False,0.9566234459618965,width_bin,logistic_regression,siglip_frozen_embeddings_logistic_regression
width_bin,,2,90351,standard (0.9-1.5m),standard (0.9-1.5m),True,0.9010649395186466,width_bin,logistic_regression,siglip_frozen_embeddings_logistic_regression
width_bin,,2,90357,standard (0.9-1.5m),standard (0.9-1.5m),True,0.996242627835576,width_bin,logistic_regression,siglip_frozen_embeddings_logistic_regression
width_bin,,2,90363,standard (0.9-1.5m),standard (0.9-1.5m),True,0.9192261995315076,width_bin,logistic_regression,siglip_frozen_embeddings_logistic_regression
width_bin,,2,90371,standard (0.9-1.5m),standard (0.9-1.5m),True,0.9439981274867463,width_bin,logistic_regression,siglip_frozen_embeddings_logistic_regression
width_bin,,2,90375,standard (0.9-1.5m),standard (0.9-1.5m),True,0.9975581027936974,width_bin,logistic_regression,siglip_frozen_embeddings_logistic_regression
width_bin,,2,90377,standard (0.9-1.5m),standard (0.9-1.5m),True,0.9991443624835401,width_bin,logistic_regression,siglip_frozen_embeddings_logistic_regression
width_bin,,2,90388,standard (0.9-1.5m),standard (0.9-1.5m),True,0.9973054907264486,width_bin,logistic_regression,siglip_frozen_embeddings_logistic_regression
width_bin,,2,90395,standard (0.9-1.5m),standard (0.9-1.5m),True,0.9991056814558825,width_bin,logistic_regression,siglip_frozen_embeddings_logistic_regression
width_bin,,2,90489,standard (0.9-1.5m),standard (0.9-1.5m),True,0.9409639254562099,width_bin,logistic_regression,siglip_frozen_embeddings_logistic_regression
width_bin,,2,90502,standard (0.9-1.5m),standard (0.9-1.5m),True,0.9959985214258562,width_bin,logistic_regression,siglip_frozen_embeddings_logistic_regression
width_bin,,2,90504,standard (0.9-1.5m),standard (0.9-1.5m),True,0.9870513762487758,width_bin,logistic_regression,siglip_frozen_embeddings_logistic_regression
width_bin,,2,91716,standard (0.9-1.5m),standard (0.9-1.5m),True,0.9921366756527155,width_bin,logistic_regression,siglip_frozen_embeddings_logistic_regression
width_bin,,2,92008,standard (0.9-1.5m),narrow (<0.9m),False,0.7456860560345523,width_bin,logistic_regression,siglip_frozen_embeddings_logistic_regression
width_bin,,2,92012,narrow (<0.9m),standard (0.9-1.5m),False,0.8341036473615894,width_bin,logistic_regression,siglip_frozen_embeddings_logistic_regression
width_bin,,2,92036,narrow (<0.9m),narrow (<0.9m),True,0.9985010771579229,width_bin,logistic_regression,siglip_frozen_embeddings_logistic_regression
width_bin,,2,92042,narrow (<0.9m),narrow (<0.9m),True,0.5253400992677479,width_bin,logistic_regression,siglip_frozen_embeddings_logistic_regression
width_bin,,2,92051,narrow (<0.9m),narrow (<0.9m),True,0.9957569515212153,width_bin,logistic_regression,siglip_frozen_embeddings_logistic_regression
width_bin,,2,92053,narrow (<0.9m),narrow (<0.9m),True,0.9991309435516637,width_bin,logistic_regression,siglip_frozen_embeddings_logistic_regression
width_bin,,2,92057,narrow (<0.9m),narrow (<0.9m),True,0.40377571496779463,width_bin,logistic_regression,siglip_frozen_embeddings_logistic_regression
width_bin,,2,92060,narrow (<0.9m),narrow (<0.9m),True,0.9997056171382241,width_bin,logistic_regression,siglip_frozen_embeddings_logistic_regression
width_bin,,2,92071,standard (0.9-1.5m),standard (0.9-1.5m),True,0.9694836276049026,width_bin,logistic_regression,siglip_frozen_embeddings_logistic_regression
width_bin,,2,92087,standard (0.9-1.5m),narrow (<0.9m),False,0.9450600195167785,width_bin,logistic_regression,siglip_frozen_embeddings_logistic_regression
width_bin,,2,93032,standard (0.9-1.5m),standard (0.9-1.5m),True,0.9996675244407313,width_bin,logistic_regression,siglip_frozen_embeddings_logistic_regression
width_bin,,2,93042,standard (0.9-1.5m),standard (0.9-1.5m),True,0.8267396049923996,width_bin,logistic_regression,siglip_frozen_embeddings_logistic_regression
width_bin,,2,94265,narrow (<0.9m),narrow (<0.9m),True,0.9999987695210111,width_bin,logistic_regression,siglip_frozen_embeddings_logistic_regression
width_bin,,2,94272,narrow (<0.9m),narrow (<0.9m),True,0.9064107146855477,width_bin,logistic_regression,siglip_frozen_embeddings_logistic_regression
width_bin,,2,94273,narrow (<0.9m),narrow (<0.9m),True,0.9975171211222568,width_bin,logistic_regression,siglip_frozen_embeddings_logistic_regression
width_bin,,2,94276,narrow (<0.9m),narrow (<0.9m),True,0.9986061752550812,width_bin,logistic_regression,siglip_frozen_embeddings_logistic_regression
width_bin,,2,94278,narrow (<0.9m),narrow (<0.9m),True,0.9999952294764429,width_bin,logistic_regression,siglip_frozen_embeddings_logistic_regression
width_bin,,2,94279,narrow (<0.9m),narrow (<0.9m),True,0.8483392032077064,width_bin,logistic_regression,siglip_frozen_embeddings_logistic_regression
width_bin,,2,94286,narrow (<0.9m),narrow (<0.9m),True,0.9999999782909679,width_bin,logistic_regression,siglip_frozen_embeddings_logistic_regression
width_bin,,2,94287,narrow (<0.9m),narrow (<0.9m),True,0.9985611744904536,width_bin,logistic_regression,siglip_frozen_embeddings_logistic_regression
width_bin,,2,94288,narrow (<0.9m),narrow (<0.9m),True,0.9999552996341345,width_bin,logistic_regression,siglip_frozen_embeddings_logistic_regression
width_bin,,2,94321,narrow (<0.9m),narrow (<0.9m),True,0.9814194479930187,width_bin,logistic_regression,siglip_frozen_embeddings_logistic_regression
width_bin,,2,94322,narrow (<0.9m),narrow (<0.9m),True,0.9999999131388309,width_bin,logistic_regression,siglip_frozen_embeddings_logistic_regression
width_bin,,2,94327,narrow (<0.9m),narrow (<0.9m),True,0.9999208038382968,width_bin,logistic_regression,siglip_frozen_embeddings_logistic_regression
width_bin,,2,94336,narrow (<0.9m),narrow (<0.9m),True,0.9997509880877224,width_bin,logistic_regression,siglip_frozen_embeddings_logistic_regression
width_bin,,2,94353,narrow (<0.9m),narrow (<0.9m),True,0.9993038643852895,width_bin,logistic_regression,siglip_frozen_embeddings_logistic_regression
width_bin,,2,94356,narrow (<0.9m),narrow (<0.9m),True,0.7779015594677148,width_bin,logistic_regression,siglip_frozen_embeddings_logistic_regression
width_bin,,2,94359,narrow (<0.9m),narrow (<0.9m),True,0.9921073802364225,width_bin,logistic_regression,siglip_frozen_embeddings_logistic_regression
width_bin,,2,94365,narrow (<0.9m),narrow (<0.9m),True,0.9438385015997574,width_bin,logistic_regression,siglip_frozen_embeddings_logistic_regression
width_bin,,2,94382,narrow (<0.9m),narrow (<0.9m),True,0.9576939469593535,width_bin,logistic_regression,siglip_frozen_embeddings_logistic_regression
width_bin,,2,94386,narrow (<0.9m),narrow (<0.9m),True,0.9917196070564273,width_bin,logistic_regression,siglip_frozen_embeddings_logistic_regression
width_bin,,2,94408,narrow (<0.9m),narrow (<0.9m),True,0.7807339251754901,width_bin,logistic_regression,siglip_frozen_embeddings_logistic_regression
width_bin,,2,94412,narrow (<0.9m),narrow (<0.9m),True,0.6895494788230672,width_bin,logistic_regression,siglip_frozen_embeddings_logistic_regression
width_bin,,2,94414,narrow (<0.9m),standard (0.9-1.5m),False,0.9331639625200188,width_bin,logistic_regression,siglip_frozen_embeddings_logistic_regression
width_bin,,2,94421,narrow (<0.9m),narrow (<0.9m),True,0.9994693680954498,width_bin,logistic_regression,siglip_frozen_embeddings_logistic_regression
width_bin,,2,94422,narrow (<0.9m),narrow (<0.9m),True,0.9999999974064138,width_bin,logistic_regression,siglip_frozen_embeddings_logistic_regression
width_bin,,2,94423,narrow (<0.9m),standard (0.9-1.5m),False,0.5750553195414242,width_bin,logistic_regression,siglip_frozen_embeddings_logistic_regression
width_bin,,2,94487,narrow (<0.9m),narrow (<0.9m),True,0.9999910393717932,width_bin,logistic_regression,siglip_frozen_embeddings_logistic_regression
width_bin,,2,96809,narrow (<0.9m),standard (0.9-1.5m),False,0.6810469378396338,width_bin,logistic_regression,siglip_frozen_embeddings_logistic_regression
width_bin,,2,97286,standard (0.9-1.5m),standard (0.9-1.5m),True,0.9514471368600501,width_bin,logistic_regression,siglip_frozen_embeddings_logistic_regression
width_bin,,2,99892,standard (0.9-1.5m),narrow (<0.9m),False,0.9999920215968731,width_bin,logistic_regression,siglip_frozen_embeddings_logistic_regression
width_bin,,2,100548,standard (0.9-1.5m),standard (0.9-1.5m),True,0.5140366942401015,width_bin,logistic_regression,siglip_frozen_embeddings_logistic_regression
width_bin,,2,102412,standard (0.9-1.5m),standard (0.9-1.5m),True,0.7798707129954965,width_bin,logistic_regression,siglip_frozen_embeddings_logistic_regression
width_bin,,2,102538,standard (0.9-1.5m),standard (0.9-1.5m),True,0.7914862727240612,width_bin,logistic_regression,siglip_frozen_embeddings_logistic_regression
width_bin,,2,103752,standard (0.9-1.5m),standard (0.9-1.5m),True,0.9741471856487259,width_bin,logistic_regression,siglip_frozen_embeddings_logistic_regression
width_bin,,2,107048,standard (0.9-1.5m),standard (0.9-1.5m),True,0.9992481418370849,width_bin,logistic_regression,siglip_frozen_embeddings_logistic_regression
width_bin,,2,107060,standard (0.9-1.5m),standard (0.9-1.5m),True,0.38331976938901713,width_bin,logistic_regression,siglip_frozen_embeddings_logistic_regression
width_bin,,2,107066,standard (0.9-1.5m),standard (0.9-1.5m),True,0.8221662007254688,width_bin,logistic_regression,siglip_frozen_embeddings_logistic_regression
width_bin,,2,107076,standard (0.9-1.5m),standard (0.9-1.5m),True,0.8382607379558454,width_bin,logistic_regression,siglip_frozen_embeddings_logistic_regression
width_bin,,2,107327,standard (0.9-1.5m),standard (0.9-1.5m),True,0.9849123916513347,width_bin,logistic_regression,siglip_frozen_embeddings_logistic_regression
width_bin,,2,107332,standard (0.9-1.5m),wide (>1.5m),False,0.4060987752988607,width_bin,logistic_regression,siglip_frozen_embeddings_logistic_regression
width_bin,,2,107363,standard (0.9-1.5m),narrow (<0.9m),False,0.594467408067943,width_bin,logistic_regression,siglip_frozen_embeddings_logistic_regression
width_bin,,2,107587,narrow (<0.9m),narrow (<0.9m),True,0.9714874675397812,width_bin,logistic_regression,siglip_frozen_embeddings_logistic_regression
width_bin,,2,107590,standard (0.9-1.5m),standard (0.9-1.5m),True,0.6449276670019911,width_bin,logistic_regression,siglip_frozen_embeddings_logistic_regression
width_bin,,2,107959,standard (0.9-1.5m),standard (0.9-1.5m),True,0.8785391274829191,width_bin,logistic_regression,siglip_frozen_embeddings_logistic_regression
width_bin,,2,108000,standard (0.9-1.5m),narrow (<0.9m),False,0.8014514987994067,width_bin,logistic_regression,siglip_frozen_embeddings_logistic_regression
width_bin,,2,108002,standard (0.9-1.5m),standard (0.9-1.5m),True,0.9969519026786418,width_bin,logistic_regression,siglip_frozen_embeddings_logistic_regression
width_bin,,2,108022,standard (0.9-1.5m),narrow (<0.9m),False,0.7681937294009702,width_bin,logistic_regression,siglip_frozen_embeddings_logistic_regression
width_bin,,2,108031,standard (0.9-1.5m),standard (0.9-1.5m),True,0.9980046460274751,width_bin,logistic_regression,siglip_frozen_embeddings_logistic_regression
width_bin,,2,108033,standard (0.9-1.5m),narrow (<0.9m),False,0.5099109208463136,width_bin,logistic_regression,siglip_frozen_embeddings_logistic_regression
width_bin,,2,108296,standard (0.9-1.5m),standard (0.9-1.5m),True,0.5515066675952565,width_bin,logistic_regression,siglip_frozen_embeddings_logistic_regression
width_bin,,2,108326,standard (0.9-1.5m),standard (0.9-1.5m),True,0.615499060773793,width_bin,logistic_regression,siglip_frozen_embeddings_logistic_regression
width_bin,,2,108358,standard (0.9-1.5m),narrow (<0.9m),False,0.9003232379687114,width_bin,logistic_regression,siglip_frozen_embeddings_logistic_regression
width_bin,,2,108365,standard (0.9-1.5m),standard (0.9-1.5m),True,0.9743684695800513,width_bin,logistic_regression,siglip_frozen_embeddings_logistic_regression
width_bin,,2,108381,standard (0.9-1.5m),standard (0.9-1.5m),True,0.5134975621401262,width_bin,logistic_regression,siglip_frozen_embeddings_logistic_regression
width_bin,,2,108398,standard (0.9-1.5m),wide (>1.5m),False,0.6136000090516638,width_bin,logistic_regression,siglip_frozen_embeddings_logistic_regression
width_bin,,2,108661,standard (0.9-1.5m),standard (0.9-1.5m),True,0.999722234791903,width_bin,logistic_regression,siglip_frozen_embeddings_logistic_regression
width_bin,,2,108735,standard (0.9-1.5m),narrow (<0.9m),False,0.6793768578970898,width_bin,logistic_regression,siglip_frozen_embeddings_logistic_regression
width_bin,,2,108779,narrow (<0.9m),standard (0.9-1.5m),False,0.9997928058185522,width_bin,logistic_regression,siglip_frozen_embeddings_logistic_regression
width_bin,,2,108790,standard (0.9-1.5m),narrow (<0.9m),False,0.772264715326983,width_bin,logistic_regression,siglip_frozen_embeddings_logistic_regression
width_bin,,2,108793,standard (0.9-1.5m),standard (0.9-1.5m),True,0.9996861274381016,width_bin,logistic_regression,siglip_frozen_embeddings_logistic_regression
width_bin,,2,109137,standard (0.9-1.5m),standard (0.9-1.5m),True,0.9668418450623568,width_bin,logistic_regression,siglip_frozen_embeddings_logistic_regression
width_bin,,2,109609,standard (0.9-1.5m),wide (>1.5m),False,0.7867293549205167,width_bin,logistic_regression,siglip_frozen_embeddings_logistic_regression
width_bin,,2,109712,standard (0.9-1.5m),standard (0.9-1.5m),True,0.887077751822973,width_bin,logistic_regression,siglip_frozen_embeddings_logistic_regression
width_bin,,2,109824,standard (0.9-1.5m),standard (0.9-1.5m),True,0.9314705436717403,width_bin,logistic_regression,siglip_frozen_embeddings_logistic_regression
width_bin,,2,110238,standard (0.9-1.5m),wide (>1.5m),False,0.5745461692283429,width_bin,logistic_regression,siglip_frozen_embeddings_logistic_regression
width_bin,,2,110580,standard (0.9-1.5m),standard (0.9-1.5m),True,0.9305911956323896,width_bin,logistic_regression,siglip_frozen_embeddings_logistic_regression
width_bin,,2,110583,standard (0.9-1.5m),standard (0.9-1.5m),True,0.5990453479616294,width_bin,logistic_regression,siglip_frozen_embeddings_logistic_regression
width_bin,,2,110602,narrow (<0.9m),standard (0.9-1.5m),False,0.6824295966741821,width_bin,logistic_regression,siglip_frozen_embeddings_logistic_regression
width_bin,,2,110873,standard (0.9-1.5m),standard (0.9-1.5m),True,0.8865454752228712,width_bin,logistic_regression,siglip_frozen_embeddings_logistic_regression
width_bin,,2,110969,standard (0.9-1.5m),narrow (<0.9m),False,0.7919281518210098,width_bin,logistic_regression,siglip_frozen_embeddings_logistic_regression
width_bin,,2,110992,narrow (<0.9m),narrow (<0.9m),True,0.586794972781045,width_bin,logistic_regression,siglip_frozen_embeddings_logistic_regression
width_bin,,2,111675,narrow (<0.9m),standard (0.9-1.5m),False,0.989704825517393,width_bin,logistic_regression,siglip_frozen_embeddings_logistic_regression
width_bin,,2,111683,narrow (<0.9m),wide (>1.5m),False,0.8523452747743756,width_bin,logistic_regression,siglip_frozen_embeddings_logistic_regression
width_bin,,2,111774,standard (0.9-1.5m),standard (0.9-1.5m),True,0.8673242484152879,width_bin,logistic_regression,siglip_frozen_embeddings_logistic_regression
width_bin,,2,111783,standard (0.9-1.5m),standard (0.9-1.5m),True,0.9398646260433561,width_bin,logistic_regression,siglip_frozen_embeddings_logistic_regression
width_bin,,2,111810,narrow (<0.9m),narrow (<0.9m),True,0.9519979607872497,width_bin,logistic_regression,siglip_frozen_embeddings_logistic_regression
width_bin,,2,111811,narrow (<0.9m),standard (0.9-1.5m),False,0.9357575694567882,width_bin,logistic_regression,siglip_frozen_embeddings_logistic_regression
width_bin,,2,112401,standard (0.9-1.5m),wide (>1.5m),False,0.49392230044999624,width_bin,logistic_regression,siglip_frozen_embeddings_logistic_regression
width_bin,,2,112965,narrow (<0.9m),narrow (<0.9m),True,0.9563444885229669,width_bin,logistic_regression,siglip_frozen_embeddings_logistic_regression
width_bin,,2,113128,standard (0.9-1.5m),wide (>1.5m),False,0.7769394464263818,width_bin,logistic_regression,siglip_frozen_embeddings_logistic_regression
width_bin,,2,113156,standard (0.9-1.5m),standard (0.9-1.5m),True,0.9979747976093023,width_bin,logistic_regression,siglip_frozen_embeddings_logistic_regression
width_bin,,2,113188,standard (0.9-1.5m),standard (0.9-1.5m),True,0.99934085846699,width_bin,logistic_regression,siglip_frozen_embeddings_logistic_regression
width_bin,,2,114050,standard (0.9-1.5m),narrow (<0.9m),False,0.8905192021192816,width_bin,logistic_regression,siglip_frozen_embeddings_logistic_regression
width_bin,,2,114051,standard (0.9-1.5m),narrow (<0.9m),False,0.949261408613465,width_bin,logistic_regression,siglip_frozen_embeddings_logistic_regression
width_bin,,2,114055,standard (0.9-1.5m),wide (>1.5m),False,0.9970480828396423,width_bin,logistic_regression,siglip_frozen_embeddings_logistic_regression
width_bin,,2,114562,wide (>1.5m),standard (0.9-1.5m),False,0.9996379932834313,width_bin,logistic_regression,siglip_frozen_embeddings_logistic_regression
width_bin,,2,115441,standard (0.9-1.5m),wide (>1.5m),False,0.525273539068075,width_bin,logistic_regression,siglip_frozen_embeddings_logistic_regression
width_bin,,2,115442,standard (0.9-1.5m),standard (0.9-1.5m),True,0.8148439081206181,width_bin,logistic_regression,siglip_frozen_embeddings_logistic_regression
width_bin,,2,116204,standard (0.9-1.5m),wide (>1.5m),False,0.9895251698776943,width_bin,logistic_regression,siglip_frozen_embeddings_logistic_regression
width_bin,,2,116744,wide (>1.5m),standard (0.9-1.5m),False,0.5477682848854974,width_bin,logistic_regression,siglip_frozen_embeddings_logistic_regression
width_bin,,2,117030,standard (0.9-1.5m),wide (>1.5m),False,0.9999855799385975,width_bin,logistic_regression,siglip_frozen_embeddings_logistic_regression
width_bin,,2,117199,standard (0.9-1.5m),standard (0.9-1.5m),True,0.7677794794440518,width_bin,logistic_regression,siglip_frozen_embeddings_logistic_regression
width_bin,,2,117203,standard (0.9-1.5m),standard (0.9-1.5m),True,0.9999045758755101,width_bin,logistic_regression,siglip_frozen_embeddings_logistic_regression
width_bin,,2,117208,standard (0.9-1.5m),wide (>1.5m),False,0.7853400535533827,width_bin,logistic_regression,siglip_frozen_embeddings_logistic_regression
width_bin,,2,117574,narrow (<0.9m),narrow (<0.9m),True,0.9854943006824111,width_bin,logistic_regression,siglip_frozen_embeddings_logistic_regression
width_bin,,2,117579,narrow (<0.9m),standard (0.9-1.5m),False,0.720214162506911,width_bin,logistic_regression,siglip_frozen_embeddings_logistic_regression
width_bin,,2,117580,narrow (<0.9m),narrow (<0.9m),True,0.9236495419225991,width_bin,logistic_regression,siglip_frozen_embeddings_logistic_regression
width_bin,,2,117601,standard (0.9-1.5m),standard (0.9-1.5m),True,0.9382322774981302,width_bin,logistic_regression,siglip_frozen_embeddings_logistic_regression
width_bin,,2,120547,standard (0.9-1.5m),standard (0.9-1.5m),True,0.9227884377137512,width_bin,logistic_regression,siglip_frozen_embeddings_logistic_regression
width_bin,,2,120685,narrow (<0.9m),narrow (<0.9m),True,0.9789002559413359,width_bin,logistic_regression,siglip_frozen_embeddings_logistic_regression
width_bin,,2,120693,narrow (<0.9m),narrow (<0.9m),True,0.9998590532794959,width_bin,logistic_regression,siglip_frozen_embeddings_logistic_regression
width_bin,,2,121005,narrow (<0.9m),wide (>1.5m),False,0.4985548170291455,width_bin,logistic_regression,siglip_frozen_embeddings_logistic_regression
width_bin,,2,121015,narrow (<0.9m),narrow (<0.9m),True,0.9994970214744023,width_bin,logistic_regression,siglip_frozen_embeddings_logistic_regression
width_bin,,2,121480,standard (0.9-1.5m),standard (0.9-1.5m),True,0.9987922831192864,width_bin,logistic_regression,siglip_frozen_embeddings_logistic_regression
width_bin,,2,121572,wide (>1.5m),standard (0.9-1.5m),False,0.9982901151944105,width_bin,logistic_regression,siglip_frozen_embeddings_logistic_regression
width_bin,,2,121575,wide (>1.5m),standard (0.9-1.5m),False,0.9874188477140037,width_bin,logistic_regression,siglip_frozen_embeddings_logistic_regression
width_bin,,2,121598,standard (0.9-1.5m),standard (0.9-1.5m),True,0.7924844600689824,width_bin,logistic_regression,siglip_frozen_embeddings_logistic_regression
width_bin,,2,121734,narrow (<0.9m),standard (0.9-1.5m),False,0.6509218386032977,width_bin,logistic_regression,siglip_frozen_embeddings_logistic_regression
width_bin,,2,121737,narrow (<0.9m),standard (0.9-1.5m),False,0.969526089171574,width_bin,logistic_regression,siglip_frozen_embeddings_logistic_regression
width_bin,,2,121789,narrow (<0.9m),narrow (<0.9m),True,0.9965107736892452,width_bin,logistic_regression,siglip_frozen_embeddings_logistic_regression
width_bin,,2,122404,standard (0.9-1.5m),standard (0.9-1.5m),True,0.9025188436562064,width_bin,logistic_regression,siglip_frozen_embeddings_logistic_regression
width_bin,,2,123096,standard (0.9-1.5m),standard (0.9-1.5m),True,0.6332204877062845,width_bin,logistic_regression,siglip_frozen_embeddings_logistic_regression
width_bin,,2,123103,standard (0.9-1.5m),standard (0.9-1.5m),True,0.9999122061649882,width_bin,logistic_regression,siglip_frozen_embeddings_logistic_regression
width_bin,,2,123104,standard (0.9-1.5m),standard (0.9-1.5m),True,0.999828056209637,width_bin,logistic_regression,siglip_frozen_embeddings_logistic_regression
width_bin,,2,123105,standard (0.9-1.5m),standard (0.9-1.5m),True,0.9978819529052683,width_bin,logistic_regression,siglip_frozen_embeddings_logistic_regression
width_bin,,2,123256,standard (0.9-1.5m),standard (0.9-1.5m),True,0.8917561825073204,width_bin,logistic_regression,siglip_frozen_embeddings_logistic_regression
width_bin,,2,123259,wide (>1.5m),standard (0.9-1.5m),False,0.5523846171530944,width_bin,logistic_regression,siglip_frozen_embeddings_logistic_regression
width_bin,,2,123471,wide (>1.5m),standard (0.9-1.5m),False,0.6704176826174125,width_bin,logistic_regression,siglip_frozen_embeddings_logistic_regression
width_bin,,2,123472,wide (>1.5m),wide (>1.5m),True,0.998828737213195,width_bin,logistic_regression,siglip_frozen_embeddings_logistic_regression
width_bin,,2,123778,standard (0.9-1.5m),standard (0.9-1.5m),True,0.9711406428453327,width_bin,logistic_regression,siglip_frozen_embeddings_logistic_regression
width_bin,,2,123786,standard (0.9-1.5m),standard (0.9-1.5m),True,0.9999997255561921,width_bin,logistic_regression,siglip_frozen_embeddings_logistic_regression
width_bin,,2,124739,wide (>1.5m),wide (>1.5m),True,0.969350936543502,width_bin,logistic_regression,siglip_frozen_embeddings_logistic_regression
width_bin,,2,124741,wide (>1.5m),wide (>1.5m),True,0.8959789951914928,width_bin,logistic_regression,siglip_frozen_embeddings_logistic_regression
width_bin,,2,126335,standard (0.9-1.5m),standard (0.9-1.5m),True,0.888184483269879,width_bin,logistic_regression,siglip_frozen_embeddings_logistic_regression
width_bin,,2,126783,standard (0.9-1.5m),standard (0.9-1.5m),True,0.9986348611471255,width_bin,logistic_regression,siglip_frozen_embeddings_logistic_regression
width_bin,,2,126805,standard (0.9-1.5m),narrow (<0.9m),False,0.9982827581270711,width_bin,logistic_regression,siglip_frozen_embeddings_logistic_regression
width_bin,,2,126834,standard (0.9-1.5m),narrow (<0.9m),False,0.6167710499151586,width_bin,logistic_regression,siglip_frozen_embeddings_logistic_regression
width_bin,,2,127156,standard (0.9-1.5m),wide (>1.5m),False,0.8437083986996388,width_bin,logistic_regression,siglip_frozen_embeddings_logistic_regression
width_bin,,2,127756,standard (0.9-1.5m),standard (0.9-1.5m),True,0.9985601597749676,width_bin,logistic_regression,siglip_frozen_embeddings_logistic_regression
width_bin,,2,127945,standard (0.9-1.5m),narrow (<0.9m),False,0.8376306579834149,width_bin,logistic_regression,siglip_frozen_embeddings_logistic_regression
width_bin,,2,129399,wide (>1.5m),wide (>1.5m),True,0.9948554817828785,width_bin,logistic_regression,siglip_frozen_embeddings_logistic_regression
width_bin,,2,81881,wide (>1.5m),standard (0.9-1.5m),False,0.9908348758924701,width_bin,logistic_regression,siglip_frozen_embeddings_logistic_regression
width_bin,,2,102975,standard (0.9-1.5m),standard (0.9-1.5m),True,0.9942713067262338,width_bin,logistic_regression,siglip_frozen_embeddings_logistic_regression
width_bin,,2,103725,standard (0.9-1.5m),narrow (<0.9m),False,0.9983936723121921,width_bin,logistic_regression,siglip_frozen_embeddings_logistic_regression
width_bin,,2,104871,wide (>1.5m),wide (>1.5m),True,0.968943573354332,width_bin,logistic_regression,siglip_frozen_embeddings_logistic_regression
width_bin,,2,109188,standard (0.9-1.5m),standard (0.9-1.5m),True,0.9967686686355383,width_bin,logistic_regression,siglip_frozen_embeddings_logistic_regression
width_bin,,2,114049,standard (0.9-1.5m),wide (>1.5m),False,0.5130799934684047,width_bin,logistic_regression,siglip_frozen_embeddings_logistic_regression
width_bin,,2,114198,standard (0.9-1.5m),standard (0.9-1.5m),True,0.6465541058452198,width_bin,logistic_regression,siglip_frozen_embeddings_logistic_regression
width_bin,,2,114211,standard (0.9-1.5m),narrow (<0.9m),False,0.9723611793941799,width_bin,logistic_regression,siglip_frozen_embeddings_logistic_regression
width_bin,,2,114247,standard (0.9-1.5m),standard (0.9-1.5m),True,0.7925751932785157,width_bin,logistic_regression,siglip_frozen_embeddings_logistic_regression
width_bin,,2,114255,standard (0.9-1.5m),narrow (<0.9m),False,0.6793856478285734,width_bin,logistic_regression,siglip_frozen_embeddings_logistic_regression
width_bin,,2,114280,standard (0.9-1.5m),narrow (<0.9m),False,0.9999259621727483,width_bin,logistic_regression,siglip_frozen_embeddings_logistic_regression
width_bin,,2,114283,standard (0.9-1.5m),wide (>1.5m),False,0.8205058279855468,width_bin,logistic_regression,siglip_frozen_embeddings_logistic_regression
width_bin,,2,115440,standard (0.9-1.5m),wide (>1.5m),False,0.6732770777031516,width_bin,logistic_regression,siglip_frozen_embeddings_logistic_regression
width_bin,,2,117576,narrow (<0.9m),narrow (<0.9m),True,0.9990992217174488,width_bin,logistic_regression,siglip_frozen_embeddings_logistic_regression
width_bin,,2,117577,standard (0.9-1.5m),narrow (<0.9m),False,0.9408744081474825,width_bin,logistic_regression,siglip_frozen_embeddings_logistic_regression
width_bin,,2,121006,narrow (<0.9m),wide (>1.5m),False,0.7160552818689523,width_bin,logistic_regression,siglip_frozen_embeddings_logistic_regression
width_bin,,2,121501,wide (>1.5m),standard (0.9-1.5m),False,0.5805080054391911,width_bin,logistic_regression,siglip_frozen_embeddings_logistic_regression
width_bin,,2,126795,standard (0.9-1.5m),standard (0.9-1.5m),True,0.9295022186865571,width_bin,logistic_regression,siglip_frozen_embeddings_logistic_regression
width_bin,,2,127071,standard (0.9-1.5m),standard (0.9-1.5m),True,0.9850863803454377,width_bin,logistic_regression,siglip_frozen_embeddings_logistic_regression
width_bin,,2,127153,standard (0.9-1.5m),standard (0.9-1.5m),True,0.9996586690986823,width_bin,logistic_regression,siglip_frozen_embeddings_logistic_regression
width_bin,,2,128878,standard (0.9-1.5m),standard (0.9-1.5m),True,0.7016023836879821,width_bin,logistic_regression,siglip_frozen_embeddings_logistic_regression
width_bin,,2,116610,standard (>=0.8m),wide (>1.5m),False,0.9207732083552246,width_bin,logistic_regression,siglip_frozen_embeddings_logistic_regression
width_bin,,2,117016,narrow (<0.8m),standard (0.9-1.5m),False,0.9968706811721867,width_bin,logistic_regression,siglip_frozen_embeddings_logistic_regression
width_bin,,2,47182,standard (0.9-1.5m),wide (>1.5m),False,0.9491924588516077,width_bin,logistic_regression,siglip_frozen_embeddings_logistic_regression
width_bin,,2,48112,wide (>1.5m),standard (0.9-1.5m),False,0.9993367615521749,width_bin,logistic_regression,siglip_frozen_embeddings_logistic_regression
width_bin,,2,48625,standard (0.9-1.5m),narrow (<3m),False,0.6650008236442917,width_bin,logistic_regression,siglip_frozen_embeddings_logistic_regression
width_bin,,2,49059,standard (0.9-1.5m),standard (0.9-1.5m),True,0.7456173105168619,width_bin,logistic_regression,siglip_frozen_embeddings_logistic_regression
width_bin,,2,49664,wide (>1.5m),wide (>1.5m),True,0.9997925785606295,width_bin,logistic_regression,siglip_frozen_embeddings_logistic_regression
width_bin,,2,50235,standard (0.9-1.5m),wide (>7m),False,0.9698266601951934,width_bin,logistic_regression,siglip_frozen_embeddings_logistic_regression
width_bin,,2,50770,standard (0.9-1.5m),wide (>1.5m),False,0.6261277495496663,width_bin,logistic_regression,siglip_frozen_embeddings_logistic_regression
width_bin,,2,51798,wide (>1.5m),wide (>1.5m),True,0.8192482948550089,width_bin,logistic_regression,siglip_frozen_embeddings_logistic_regression
width_bin,,2,51800,standard (0.9-1.5m),wide (>1.5m),False,0.8798197383684606,width_bin,logistic_regression,siglip_frozen_embeddings_logistic_regression
width_bin,,2,53195,wide (>1.5m),narrow (<0.9m),False,0.9885761529379283,width_bin,logistic_regression,siglip_frozen_embeddings_logistic_regression
width_bin,,2,54325,standard (0.9-1.5m),standard (0.9-1.5m),True,0.9970970873765905,width_bin,logistic_regression,siglip_frozen_embeddings_logistic_regression
width_bin,,2,54327,wide (>1.5m),medium (3-7m),False,0.7069893928942363,width_bin,logistic_regression,siglip_frozen_embeddings_logistic_regression
width_bin,,2,55638,standard (0.9-1.5m),narrow (<0.9m),False,0.6520282542658726,width_bin,logistic_regression,siglip_frozen_embeddings_logistic_regression
width_bin,,2,55642,wide (>1.5m),standard (0.9-1.5m),False,0.9423902433416201,width_bin,logistic_regression,siglip_frozen_embeddings_logistic_regression
width_bin,,2,56470,wide (>1.5m),wide (>1.5m),True,0.9996444119386453,width_bin,logistic_regression,siglip_frozen_embeddings_logistic_regression
width_bin,,2,57118,standard (0.9-1.5m),wide (>1.5m),False,0.9878334620508483,width_bin,logistic_regression,siglip_frozen_embeddings_logistic_regression
width_bin,,2,57858,standard (0.9-1.5m),standard (0.9-1.5m),True,0.9948877853879312,width_bin,logistic_regression,siglip_frozen_embeddings_logistic_regression
width_bin,,2,58160,wide (>1.5m),standard (0.9-1.5m),False,0.7101628320924737,width_bin,logistic_regression,siglip_frozen_embeddings_logistic_regression
width_bin,,2,58164,standard (0.9-1.5m),standard (0.9-1.5m),True,0.8047806175830732,width_bin,logistic_regression,siglip_frozen_embeddings_logistic_regression
width_bin,,2,58410,wide (>1.5m),wide (>1.5m),True,0.9742280812808665,width_bin,logistic_regression,siglip_frozen_embeddings_logistic_regression
width_bin,,2,60955,standard (0.9-1.5m),wide (>1.5m),False,0.8778958075150366,width_bin,logistic_regression,siglip_frozen_embeddings_logistic_regression
width_bin,,2,61003,wide (>1.5m),standard (0.9-1.5m),False,0.991537463636162,width_bin,logistic_regression,siglip_frozen_embeddings_logistic_regression
width_bin,,2,61414,wide (>1.5m),wide (>1.5m),True,0.8542290345851565,width_bin,logistic_regression,siglip_frozen_embeddings_logistic_regression
width_bin,,2,63068,wide (>1.5m),standard (0.9-1.5m),False,0.6803200689016777,width_bin,logistic_regression,siglip_frozen_embeddings_logistic_regression
width_bin,,2,63217,standard (0.9-1.5m),wide (>1.5m),False,0.9928738424922255,width_bin,logistic_regression,siglip_frozen_embeddings_logistic_regression
width_bin,,2,63218,standard (0.9-1.5m),standard (0.9-1.5m),True,0.5221778154265019,width_bin,logistic_regression,siglip_frozen_embeddings_logistic_regression
width_bin,,2,63389,standard (0.9-1.5m),standard (0.9-1.5m),True,0.9665575816702111,width_bin,logistic_regression,siglip_frozen_embeddings_logistic_regression
width_bin,,2,64098,standard (0.9-1.5m),standard (0.9-1.5m),True,0.9999999650911559,width_bin,logistic_regression,siglip_frozen_embeddings_logistic_regression
width_bin,,2,64102,standard (0.9-1.5m),standard (0.9-1.5m),True,0.999777195484211,width_bin,logistic_regression,siglip_frozen_embeddings_logistic_regression
width_bin,,2,64129,standard (0.9-1.5m),wide (>1.5m),False,0.978480229294171,width_bin,logistic_regression,siglip_frozen_embeddings_logistic_regression
width_bin,,2,64138,standard (0.9-1.5m),standard (0.9-1.5m),True,0.6233267585233265,width_bin,logistic_regression,siglip_frozen_embeddings_logistic_regression
width_bin,,2,64694,standard (0.9-1.5m),standard (0.9-1.5m),True,0.999877580474126,width_bin,logistic_regression,siglip_frozen_embeddings_logistic_regression
width_bin,,2,65609,standard (0.9-1.5m),wide (>1.5m),False,0.5276097687099763,width_bin,logistic_regression,siglip_frozen_embeddings_logistic_regression
width_bin,,2,66917,narrow (<0.9m),wide (>1.5m),False,0.7427915680758466,width_bin,logistic_regression,siglip_frozen_embeddings_logistic_regression
width_bin,,2,80596,standard (0.9-1.5m),standard (0.9-1.5m),True,0.9991650115325592,width_bin,logistic_regression,siglip_frozen_embeddings_logistic_regression
width_bin,,2,81808,wide (>1.5m),wide (>1.5m),True,0.9245058330243988,width_bin,logistic_regression,siglip_frozen_embeddings_logistic_regression
width_bin,,2,82270,standard (0.9-1.5m),standard (0.9-1.5m),True,0.9904424001056737,width_bin,logistic_regression,siglip_frozen_embeddings_logistic_regression
width_bin,,2,82304,standard (0.9-1.5m),standard (0.9-1.5m),True,0.5229805017989027,width_bin,logistic_regression,siglip_frozen_embeddings_logistic_regression
width_bin,,2,82385,standard (0.9-1.5m),wide (>1.5m),False,0.9999897808517961,width_bin,logistic_regression,siglip_frozen_embeddings_logistic_regression
width_bin,,2,83133,standard (0.9-1.5m),wide (>1.5m),False,0.4543233128087418,width_bin,logistic_regression,siglip_frozen_embeddings_logistic_regression
width_bin,,2,83140,standard (0.9-1.5m),standard (0.9-1.5m),True,0.9795015478128473,width_bin,logistic_regression,siglip_frozen_embeddings_logistic_regression
width_bin,,2,86369,standard (0.9-1.5m),wide (>1.5m),False,0.9926461172623864,width_bin,logistic_regression,siglip_frozen_embeddings_logistic_regression
width_bin,,2,86518,wide (>1.5m),standard (0.9-1.5m),False,0.8921049221845188,width_bin,logistic_regression,siglip_frozen_embeddings_logistic_regression
width_bin,,2,86597,wide (>1.5m),wide (>1.5m),True,0.9997730541872624,width_bin,logistic_regression,siglip_frozen_embeddings_logistic_regression
width_bin,,2,88220,wide (>1.5m),standard (0.9-1.5m),False,0.9958555980032653,width_bin,logistic_regression,siglip_frozen_embeddings_logistic_regression
width_bin,,2,88734,wide (>1.5m),wide (>1.5m),True,0.9998053426391738,width_bin,logistic_regression,siglip_frozen_embeddings_logistic_regression
width_bin,,2,88736,standard (0.9-1.5m),medium (3-7m),False,0.5572907840164714,width_bin,logistic_regression,siglip_frozen_embeddings_logistic_regression
width_bin,,2,89437,standard (0.9-1.5m),standard (0.9-1.5m),True,0.7185952224436124,width_bin,logistic_regression,siglip_frozen_embeddings_logistic_regression
width_bin,,2,89442,standard (0.9-1.5m),standard (0.9-1.5m),True,0.7906514044149978,width_bin,logistic_regression,siglip_frozen_embeddings_logistic_regression
width_bin,,2,89449,standard (0.9-1.5m),wide (>1.5m),False,0.9962234922121852,width_bin,logistic_regression,siglip_frozen_embeddings_logistic_regression
width_bin,,2,90385,narrow (<0.9m),standard (0.9-1.5m),False,0.9990972250073276,width_bin,logistic_regression,siglip_frozen_embeddings_logistic_regression
width_bin,,2,90391,standard (0.9-1.5m),standard (0.9-1.5m),True,0.5078861655856888,width_bin,logistic_regression,siglip_frozen_embeddings_logistic_regression
width_bin,,2,92033,narrow (<0.9m),narrow (<0.9m),True,0.7804889970464914,width_bin,logistic_regression,siglip_frozen_embeddings_logistic_regression
width_bin,,2,94170,narrow (<0.9m),wide (>1.5m),False,0.998001352920709,width_bin,logistic_regression,siglip_frozen_embeddings_logistic_regression
width_bin,,2,98531,standard (0.9-1.5m),standard (0.9-1.5m),True,0.890104073625244,width_bin,logistic_regression,siglip_frozen_embeddings_logistic_regression
width_bin,,2,99454,standard (0.9-1.5m),wide (>1.5m),False,0.881059827488823,width_bin,logistic_regression,siglip_frozen_embeddings_logistic_regression
width_bin,,2,99460,standard (0.9-1.5m),wide (>1.5m),False,0.5279758379201326,width_bin,logistic_regression,siglip_frozen_embeddings_logistic_regression
width_bin,,2,99844,standard (0.9-1.5m),standard (0.9-1.5m),True,0.9711445650721348,width_bin,logistic_regression,siglip_frozen_embeddings_logistic_regression
width_bin,,2,100251,wide (>1.5m),wide (>1.5m),True,0.9986204139503086,width_bin,logistic_regression,siglip_frozen_embeddings_logistic_regression
width_bin,,2,100269,wide (>1.5m),wide (>1.5m),True,0.9189004426904263,width_bin,logistic_regression,siglip_frozen_embeddings_logistic_regression
width_bin,,2,101826,standard (0.9-1.5m),standard (0.9-1.5m),True,0.998574841641661,width_bin,logistic_regression,siglip_frozen_embeddings_logistic_regression
width_bin,,2,101868,standard (0.9-1.5m),wide (>1.5m),False,0.9952430092404323,width_bin,logistic_regression,siglip_frozen_embeddings_logistic_regression
width_bin,,2,102436,wide (>1.5m),wide (>1.5m),True,0.9463477325281416,width_bin,logistic_regression,siglip_frozen_embeddings_logistic_regression
width_bin,,2,102816,standard (0.9-1.5m),narrow (<0.9m),False,0.6004429618111238,width_bin,logistic_regression,siglip_frozen_embeddings_logistic_regression
width_bin,,2,105449,standard (0.9-1.5m),narrow (<0.9m),False,0.740669836984006,width_bin,logistic_regression,siglip_frozen_embeddings_logistic_regression
width_bin,,2,105457,standard (0.9-1.5m),wide (>1.5m),False,0.5987560597800762,width_bin,logistic_regression,siglip_frozen_embeddings_logistic_regression
width_bin,,2,106030,narrow (<0.9m),standard (0.9-1.5m),False,0.41845539556581135,width_bin,logistic_regression,siglip_frozen_embeddings_logistic_regression
width_bin,,2,106045,narrow (<0.9m),standard (0.9-1.5m),False,0.9531788429847333,width_bin,logistic_regression,siglip_frozen_embeddings_logistic_regression
width_bin,,2,106054,narrow (<0.9m),narrow (<0.9m),True,0.7629665677685669,width_bin,logistic_regression,siglip_frozen_embeddings_logistic_regression
width_bin,,2,106264,standard (0.9-1.5m),wide (>1.5m),False,0.9843870022120322,width_bin,logistic_regression,siglip_frozen_embeddings_logistic_regression
width_bin,,2,108330,standard (0.9-1.5m),standard (0.9-1.5m),True,0.9609762943757845,width_bin,logistic_regression,siglip_frozen_embeddings_logistic_regression
width_bin,,2,108662,standard (0.9-1.5m),standard (0.9-1.5m),True,0.9136818536538973,width_bin,logistic_regression,siglip_frozen_embeddings_logistic_regression
width_bin,,2,108799,narrow (<0.9m),narrow (<0.9m),True,0.9998050631755856,width_bin,logistic_regression,siglip_frozen_embeddings_logistic_regression
width_bin,,2,109151,standard (0.9-1.5m),standard (0.9-1.5m),True,0.9660873124993458,width_bin,logistic_regression,siglip_frozen_embeddings_logistic_regression
width_bin,,2,109538,wide (>1.5m),wide (>1.5m),True,0.9692690453974128,width_bin,logistic_regression,siglip_frozen_embeddings_logistic_regression
width_bin,,2,109619,standard (0.9-1.5m),standard (0.9-1.5m),True,0.9933801454169772,width_bin,logistic_regression,siglip_frozen_embeddings_logistic_regression
width_bin,,2,110137,standard (0.9-1.5m),narrow (<0.9m),False,0.9777943080302186,width_bin,logistic_regression,siglip_frozen_embeddings_logistic_regression
width_bin,,2,110139,narrow (<0.9m),standard (0.9-1.5m),False,0.9998061131620443,width_bin,logistic_regression,siglip_frozen_embeddings_logistic_regression
width_bin,,2,110170,standard (0.9-1.5m),wide (>1.5m),False,0.5614340950754002,width_bin,logistic_regression,siglip_frozen_embeddings_logistic_regression
width_bin,,2,111782,wide (>1.5m),wide (>1.5m),True,0.9940369390491839,width_bin,logistic_regression,siglip_frozen_embeddings_logistic_regression
width_bin,,2,112340,standard (0.9-1.5m),wide (>1.5m),False,0.6299555949138231,width_bin,logistic_regression,siglip_frozen_embeddings_logistic_regression
width_bin,,2,112348,standard (0.9-1.5m),standard (0.9-1.5m),True,0.9632827006821635,width_bin,logistic_regression,siglip_frozen_embeddings_logistic_regression
width_bin,,2,112411,standard (0.9-1.5m),standard (0.9-1.5m),True,0.9202022646027197,width_bin,logistic_regression,siglip_frozen_embeddings_logistic_regression
width_bin,,2,113159,standard (0.9-1.5m),standard (0.9-1.5m),True,0.9483520143030125,width_bin,logistic_regression,siglip_frozen_embeddings_logistic_regression
width_bin,,2,113954,wide (>1.5m),standard (0.9-1.5m),False,0.8624592212159314,width_bin,logistic_regression,siglip_frozen_embeddings_logistic_regression
width_bin,,2,113958,wide (>1.5m),wide (>1.5m),True,0.6181373987125086,width_bin,logistic_regression,siglip_frozen_embeddings_logistic_regression
width_bin,,2,114047,standard (0.9-1.5m),wide (>1.5m),False,0.5714910342435483,width_bin,logistic_regression,siglip_frozen_embeddings_logistic_regression
width_bin,,2,114287,standard (0.9-1.5m),wide (>1.5m),False,0.9998454398442405,width_bin,logistic_regression,siglip_frozen_embeddings_logistic_regression
width_bin,,2,114574,wide (>1.5m),wide (>1.5m),True,0.84443468220567,width_bin,logistic_regression,siglip_frozen_embeddings_logistic_regression
width_bin,,2,114923,wide (>1.5m),narrow (<0.9m),False,0.999339646805627,width_bin,logistic_regression,siglip_frozen_embeddings_logistic_regression
width_bin,,2,114960,wide (>1.5m),standard (0.9-1.5m),False,0.9029466679645209,width_bin,logistic_regression,siglip_frozen_embeddings_logistic_regression
width_bin,,2,114962,wide (>1.5m),wide (>1.5m),True,0.7939598721021643,width_bin,logistic_regression,siglip_frozen_embeddings_logistic_regression
width_bin,,2,114996,standard (0.9-1.5m),standard (0.9-1.5m),True,0.9999863772097096,width_bin,logistic_regression,siglip_frozen_embeddings_logistic_regression
width_bin,,2,115247,wide (>1.5m),standard (0.9-1.5m),False,0.991884303086282,width_bin,logistic_regression,siglip_frozen_embeddings_logistic_regression
width_bin,,2,115268,wide (>1.5m),wide (>1.5m),True,0.4967283680281515,width_bin,logistic_regression,siglip_frozen_embeddings_logistic_regression
width_bin,,2,115803,standard (0.9-1.5m),wide (>1.5m),False,0.9730104525319109,width_bin,logistic_regression,siglip_frozen_embeddings_logistic_regression
width_bin,,2,115807,wide (>1.5m),wide (>1.5m),True,0.6008600505953268,width_bin,logistic_regression,siglip_frozen_embeddings_logistic_regression
width_bin,,2,116051,standard (0.9-1.5m),narrow (<0.9m),False,0.5618660004053543,width_bin,logistic_regression,siglip_frozen_embeddings_logistic_regression
width_bin,,2,116690,standard (0.9-1.5m),wide (>1.5m),False,0.6837337996516533,width_bin,logistic_regression,siglip_frozen_embeddings_logistic_regression
width_bin,,2,116847,standard (0.9-1.5m),wide (>1.5m),False,0.9903641486837523,width_bin,logistic_regression,siglip_frozen_embeddings_logistic_regression
width_bin,,2,116852,standard (0.9-1.5m),standard (0.9-1.5m),True,0.492746371666003,width_bin,logistic_regression,siglip_frozen_embeddings_logistic_regression
width_bin,,2,116880,narrow (<0.9m),narrow (<0.9m),True,0.9997336319421734,width_bin,logistic_regression,siglip_frozen_embeddings_logistic_regression
width_bin,,2,117214,standard (0.9-1.5m),standard (0.9-1.5m),True,0.8675963122260901,width_bin,logistic_regression,siglip_frozen_embeddings_logistic_regression
width_bin,,2,117221,standard (0.9-1.5m),standard (0.9-1.5m),True,0.9755949445852014,width_bin,logistic_regression,siglip_frozen_embeddings_logistic_regression
width_bin,,2,117304,wide (>1.5m),wide (>1.5m),True,0.6421640809838448,width_bin,logistic_regression,siglip_frozen_embeddings_logistic_regression
width_bin,,2,117720,wide (>1.5m),wide (>1.5m),True,0.9073208272697987,width_bin,logistic_regression,siglip_frozen_embeddings_logistic_regression
width_bin,,2,119948,wide (>1.5m),wide (>1.5m),True,0.8992995037784421,width_bin,logistic_regression,siglip_frozen_embeddings_logistic_regression
width_bin,,2,121504,standard (0.9-1.5m),standard (0.9-1.5m),True,0.8392615755481123,width_bin,logistic_regression,siglip_frozen_embeddings_logistic_regression
width_bin,,2,122183,standard (0.9-1.5m),standard (0.9-1.5m),True,0.7454415149612522,width_bin,logistic_regression,siglip_frozen_embeddings_logistic_regression
width_bin,,2,122828,narrow (<0.9m),wide (>1.5m),False,0.6141208308998322,width_bin,logistic_regression,siglip_frozen_embeddings_logistic_regression
width_bin,,2,123000,wide (>1.5m),wide (>1.5m),True,0.8215496992332559,width_bin,logistic_regression,siglip_frozen_embeddings_logistic_regression
width_bin,,2,126721,wide (>1.5m),wide (>1.5m),True,0.6843944733746185,width_bin,logistic_regression,siglip_frozen_embeddings_logistic_regression
width_bin,,2,126740,standard (0.9-1.5m),standard (0.9-1.5m),True,0.9388266659811696,width_bin,logistic_regression,siglip_frozen_embeddings_logistic_regression
width_bin,,2,126779,standard (0.9-1.5m),standard (0.9-1.5m),True,0.9998936581037604,width_bin,logistic_regression,siglip_frozen_embeddings_logistic_regression
width_bin,,2,126799,standard (0.9-1.5m),standard (0.9-1.5m),True,0.9560445980918053,width_bin,logistic_regression,siglip_frozen_embeddings_logistic_regression
width_bin,,2,126809,standard (0.9-1.5m),standard (0.9-1.5m),True,0.998300461015616,width_bin,logistic_regression,siglip_frozen_embeddings_logistic_regression
width_bin,,2,127147,standard (0.9-1.5m),standard (0.9-1.5m),True,0.6669031957151496,width_bin,logistic_regression,siglip_frozen_embeddings_logistic_regression
width_bin,,2,127145,standard (0.9-1.5m),wide (>1.5m),False,0.570013939550677,width_bin,logistic_regression,siglip_frozen_embeddings_logistic_regression
width_bin,,2,128273,standard (0.9-1.5m),standard (0.9-1.5m),True,0.9961092683309374,width_bin,logistic_regression,siglip_frozen_embeddings_logistic_regression
width_bin,,2,56692,narrow (<3m),medium (3-7m),False,0.8763421871551046,width_bin,logistic_regression,siglip_frozen_embeddings_logistic_regression
width_bin,,2,60883,medium (3-7m),medium (3-7m),True,0.9647152943769255,width_bin,logistic_regression,siglip_frozen_embeddings_logistic_regression
width_bin,,2,68021,medium (3-7m),narrow (<3m),False,0.7545018639784281,width_bin,logistic_regression,siglip_frozen_embeddings_logistic_regression
width_bin,,2,85037,narrow (<3m),wide (>1.5m),False,0.5343795469094816,width_bin,logistic_regression,siglip_frozen_embeddings_logistic_regression
width_bin,,2,86580,narrow (<3m),standard (0.9-1.5m),False,0.6385021160145515,width_bin,logistic_regression,siglip_frozen_embeddings_logistic_regression
width_bin,,2,87775,wide (>7m),wide (>1.5m),False,0.433724868855818,width_bin,logistic_regression,siglip_frozen_embeddings_logistic_regression
width_bin,,2,123582,medium (3-7m),medium (3-7m),True,0.7463030235618886,width_bin,logistic_regression,siglip_frozen_embeddings_logistic_regression
width_bin,,3,46935,wide (>1.5m),wide (>1.5m),True,0.7772772199526988,width_bin,logistic_regression,siglip_frozen_embeddings_logistic_regression
width_bin,,3,51942,standard (0.9-1.5m),standard (0.9-1.5m),True,0.995639064417537,width_bin,logistic_regression,siglip_frozen_embeddings_logistic_regression
width_bin,,3,53993,standard (0.9-1.5m),wide (>1.5m),False,0.8223782693049511,width_bin,logistic_regression,siglip_frozen_embeddings_logistic_regression
width_bin,,3,55466,wide (>1.5m),narrow (<3m),False,0.8552463870291115,width_bin,logistic_regression,siglip_frozen_embeddings_logistic_regression
width_bin,,3,61005,standard (0.9-1.5m),standard (0.9-1.5m),True,0.8397836566807063,width_bin,logistic_regression,siglip_frozen_embeddings_logistic_regression
width_bin,,3,64207,standard (0.9-1.5m),standard (0.9-1.5m),True,0.9762926120119929,width_bin,logistic_regression,siglip_frozen_embeddings_logistic_regression
width_bin,,3,83916,standard (0.9-1.5m),wide (>1.5m),False,0.9473141030162079,width_bin,logistic_regression,siglip_frozen_embeddings_logistic_regression
width_bin,,3,85078,wide (>1.5m),standard (0.9-1.5m),False,0.9984514289698937,width_bin,logistic_regression,siglip_frozen_embeddings_logistic_regression
width_bin,,3,85508,narrow (<0.9m),narrow (<0.9m),True,0.7428076461158282,width_bin,logistic_regression,siglip_frozen_embeddings_logistic_regression
width_bin,,3,85525,standard (0.9-1.5m),standard (0.9-1.5m),True,0.9993893222978438,width_bin,logistic_regression,siglip_frozen_embeddings_logistic_regression
width_bin,,3,85558,wide (>1.5m),standard (0.9-1.5m),False,0.9228274847876706,width_bin,logistic_regression,siglip_frozen_embeddings_logistic_regression
width_bin,,3,87530,narrow (<0.9m),narrow (<0.9m),True,0.6484509170750851,width_bin,logistic_regression,siglip_frozen_embeddings_logistic_regression
width_bin,,3,87537,narrow (<0.9m),standard (0.9-1.5m),False,0.9636922746580169,width_bin,logistic_regression,siglip_frozen_embeddings_logistic_regression
width_bin,,3,88273,wide (>1.5m),standard (0.9-1.5m),False,0.525859790542389,width_bin,logistic_regression,siglip_frozen_embeddings_logistic_regression
width_bin,,3,89584,standard (0.9-1.5m),standard (0.9-1.5m),True,0.6598335755793074,width_bin,logistic_regression,siglip_frozen_embeddings_logistic_regression
width_bin,,3,89712,standard (0.9-1.5m),narrow (<0.9m),False,0.8568199166541867,width_bin,logistic_regression,siglip_frozen_embeddings_logistic_regression
width_bin,,3,90319,standard (0.9-1.5m),standard (0.9-1.5m),True,0.9998071754446515,width_bin,logistic_regression,siglip_frozen_embeddings_logistic_regression
width_bin,,3,90324,standard (0.9-1.5m),standard (0.9-1.5m),True,0.8231440327004556,width_bin,logistic_regression,siglip_frozen_embeddings_logistic_regression
width_bin,,3,90338,standard (0.9-1.5m),standard (0.9-1.5m),True,0.9696205388916046,width_bin,logistic_regression,siglip_frozen_embeddings_logistic_regression
width_bin,,3,90343,standard (0.9-1.5m),standard (0.9-1.5m),True,0.9881140760733335,width_bin,logistic_regression,siglip_frozen_embeddings_logistic_regression
width_bin,,3,90356,standard (0.9-1.5m),standard (0.9-1.5m),True,0.9969912866609946,width_bin,logistic_regression,siglip_frozen_embeddings_logistic_regression
width_bin,,3,90359,standard (0.9-1.5m),standard (0.9-1.5m),True,0.9987290001516049,width_bin,logistic_regression,siglip_frozen_embeddings_logistic_regression
width_bin,,3,90364,standard (0.9-1.5m),standard (0.9-1.5m),True,0.9928687868494906,width_bin,logistic_regression,siglip_frozen_embeddings_logistic_regression
width_bin,,3,90366,standard (0.9-1.5m),standard (0.9-1.5m),True,0.9813825555964559,width_bin,logistic_regression,siglip_frozen_embeddings_logistic_regression
width_bin,,3,90369,standard (0.9-1.5m),standard (0.9-1.5m),True,0.999635439149619,width_bin,logistic_regression,siglip_frozen_embeddings_logistic_regression
width_bin,,3,90370,standard (0.9-1.5m),standard (0.9-1.5m),True,0.996964881835524,width_bin,logistic_regression,siglip_frozen_embeddings_logistic_regression
width_bin,,3,90372,standard (0.9-1.5m),standard (0.9-1.5m),True,0.9328605803410598,width_bin,logistic_regression,siglip_frozen_embeddings_logistic_regression
width_bin,,3,90373,standard (0.9-1.5m),standard (0.9-1.5m),True,0.995376227068329,width_bin,logistic_regression,siglip_frozen_embeddings_logistic_regression
width_bin,,3,90383,standard (0.9-1.5m),narrow (<0.9m),False,0.9284975337720135,width_bin,logistic_regression,siglip_frozen_embeddings_logistic_regression
width_bin,,3,90392,standard (0.9-1.5m),standard (0.9-1.5m),True,0.990686375709432,width_bin,logistic_regression,siglip_frozen_embeddings_logistic_regression
width_bin,,3,90394,standard (0.9-1.5m),standard (0.9-1.5m),True,0.9646220744284362,width_bin,logistic_regression,siglip_frozen_embeddings_logistic_regression
width_bin,,3,90496,standard (0.9-1.5m),standard (0.9-1.5m),True,0.8374187269866121,width_bin,logistic_regression,siglip_frozen_embeddings_logistic_regression
width_bin,,3,92016,standard (0.9-1.5m),standard (0.9-1.5m),True,0.9868829970186551,width_bin,logistic_regression,siglip_frozen_embeddings_logistic_regression
width_bin,,3,92018,narrow (<0.9m),narrow (<0.9m),True,0.9894568570473931,width_bin,logistic_regression,siglip_frozen_embeddings_logistic_regression
width_bin,,3,92022,narrow (<0.9m),narrow (<0.9m),True,0.8827586348948928,width_bin,logistic_regression,siglip_frozen_embeddings_logistic_regression
width_bin,,3,92038,narrow (<0.9m),standard (0.9-1.5m),False,0.5346546609487922,width_bin,logistic_regression,siglip_frozen_embeddings_logistic_regression
width_bin,,3,92043,narrow (<0.9m),standard (0.9-1.5m),False,0.5275456557973972,width_bin,logistic_regression,siglip_frozen_embeddings_logistic_regression
width_bin,,3,92045,narrow (<0.9m),narrow (<0.9m),True,0.9999943592842613,width_bin,logistic_regression,siglip_frozen_embeddings_logistic_regression
width_bin,,3,92056,narrow (<0.9m),narrow (<0.9m),True,0.900637352552951,width_bin,logistic_regression,siglip_frozen_embeddings_logistic_regression
width_bin,,3,92058,narrow (<0.9m),narrow (<0.9m),True,0.9938125070706164,width_bin,logistic_regression,siglip_frozen_embeddings_logistic_regression
width_bin,,3,92069,standard (0.9-1.5m),narrow (<0.9m),False,0.8604622508744448,width_bin,logistic_regression,siglip_frozen_embeddings_logistic_regression
width_bin,,3,92074,standard (0.9-1.5m),standard (0.9-1.5m),True,0.9921146886375387,width_bin,logistic_regression,siglip_frozen_embeddings_logistic_regression
width_bin,,3,92075,standard (0.9-1.5m),standard (0.9-1.5m),True,0.5353736757436295,width_bin,logistic_regression,siglip_frozen_embeddings_logistic_regression
width_bin,,3,92082,standard (0.9-1.5m),narrow (<0.9m),False,0.999998821757937,width_bin,logistic_regression,siglip_frozen_embeddings_logistic_regression
width_bin,,3,92086,standard (0.9-1.5m),narrow (<0.9m),False,0.8846084444002216,width_bin,logistic_regression,siglip_frozen_embeddings_logistic_regression
width_bin,,3,92088,standard (0.9-1.5m),narrow (<0.9m),False,0.9410147087330328,width_bin,logistic_regression,siglip_frozen_embeddings_logistic_regression
width_bin,,3,93372,wide (>1.5m),wide (>1.5m),True,0.9931076027199457,width_bin,logistic_regression,siglip_frozen_embeddings_logistic_regression
width_bin,,3,94266,narrow (<0.9m),narrow (<0.9m),True,0.9991921384931427,width_bin,logistic_regression,siglip_frozen_embeddings_logistic_regression
width_bin,,3,94269,narrow (<0.9m),narrow (<0.9m),True,0.7050791646954846,width_bin,logistic_regression,siglip_frozen_embeddings_logistic_regression
width_bin,,3,94282,narrow (<0.9m),standard (0.9-1.5m),False,0.9045567901757726,width_bin,logistic_regression,siglip_frozen_embeddings_logistic_regression
width_bin,,3,94293,narrow (<0.9m),narrow (<0.9m),True,0.967141070458861,width_bin,logistic_regression,siglip_frozen_embeddings_logistic_regression
width_bin,,3,94299,narrow (<0.9m),narrow (<0.9m),True,0.9960509150312726,width_bin,logistic_regression,siglip_frozen_embeddings_logistic_regression
width_bin,,3,94306,narrow (<0.9m),narrow (<0.9m),True,0.9895529924318167,width_bin,logistic_regression,siglip_frozen_embeddings_logistic_regression
width_bin,,3,94347,narrow (<0.9m),narrow (<0.9m),True,0.9768741207961298,width_bin,logistic_regression,siglip_frozen_embeddings_logistic_regression
width_bin,,3,94349,narrow (<0.9m),narrow (<0.9m),True,0.6120320106522937,width_bin,logistic_regression,siglip_frozen_embeddings_logistic_regression
width_bin,,3,94355,narrow (<0.9m),narrow (<0.9m),True,0.9997448803949355,width_bin,logistic_regression,siglip_frozen_embeddings_logistic_regression
width_bin,,3,94366,narrow (<0.9m),narrow (<0.9m),True,0.9999336481762636,width_bin,logistic_regression,siglip_frozen_embeddings_logistic_regression
width_bin,,3,94375,narrow (<0.9m),narrow (<0.9m),True,0.9920762978733735,width_bin,logistic_regression,siglip_frozen_embeddings_logistic_regression
width_bin,,3,94380,narrow (<0.9m),narrow (<0.9m),True,0.9999989944449046,width_bin,logistic_regression,siglip_frozen_embeddings_logistic_regression
width_bin,,3,94394,narrow (<0.9m),narrow (<0.9m),True,0.9997420373014881,width_bin,logistic_regression,siglip_frozen_embeddings_logistic_regression
width_bin,,3,94405,narrow (<0.9m),narrow (<0.9m),True,0.98270119092328,width_bin,logistic_regression,siglip_frozen_embeddings_logistic_regression
width_bin,,3,94406,narrow (<0.9m),narrow (<0.9m),True,0.9998626284475955,width_bin,logistic_regression,siglip_frozen_embeddings_logistic_regression
width_bin,,3,94413,narrow (<0.9m),standard (0.9-1.5m),False,0.9685336044395054,width_bin,logistic_regression,siglip_frozen_embeddings_logistic_regression
width_bin,,3,94420,narrow (<0.9m),narrow (<0.9m),True,0.999976076409263,width_bin,logistic_regression,siglip_frozen_embeddings_logistic_regression
width_bin,,3,96332,standard (0.9-1.5m),wide (>1.5m),False,0.6432613597170384,width_bin,logistic_regression,siglip_frozen_embeddings_logistic_regression
width_bin,,3,97287,standard (0.9-1.5m),wide (>1.5m),False,0.9977979209528108,width_bin,logistic_regression,siglip_frozen_embeddings_logistic_regression
width_bin,,3,100551,standard (0.9-1.5m),wide (>1.5m),False,0.9447701444937752,width_bin,logistic_regression,siglip_frozen_embeddings_logistic_regression
width_bin,,3,102356,standard (0.9-1.5m),narrow (<0.9m),False,0.5725113485821444,width_bin,logistic_regression,siglip_frozen_embeddings_logistic_regression
width_bin,,3,102430,standard (0.9-1.5m),narrow (<0.9m),False,0.7778186209657163,width_bin,logistic_regression,siglip_frozen_embeddings_logistic_regression
width_bin,,3,102431,wide (>1.5m),wide (>1.5m),True,0.7676714182110346,width_bin,logistic_regression,siglip_frozen_embeddings_logistic_regression
width_bin,,3,102545,standard (0.9-1.5m),standard (0.9-1.5m),True,0.6835425568449455,width_bin,logistic_regression,siglip_frozen_embeddings_logistic_regression
width_bin,,3,102978,standard (0.9-1.5m),standard (0.9-1.5m),True,0.9727048474204188,width_bin,logistic_regression,siglip_frozen_embeddings_logistic_regression
width_bin,,3,103726,standard (0.9-1.5m),standard (0.9-1.5m),True,0.9848755610059965,width_bin,logistic_regression,siglip_frozen_embeddings_logistic_regression
width_bin,,3,103747,standard (0.9-1.5m),narrow (<0.9m),False,0.9708210545647256,width_bin,logistic_regression,siglip_frozen_embeddings_logistic_regression
width_bin,,3,103924,standard (0.9-1.5m),standard (0.9-1.5m),True,0.9757729859941521,width_bin,logistic_regression,siglip_frozen_embeddings_logistic_regression
width_bin,,3,105280,standard (0.9-1.5m),standard (0.9-1.5m),True,0.5177988078938709,width_bin,logistic_regression,siglip_frozen_embeddings_logistic_regression
width_bin,,3,106937,standard (0.9-1.5m),standard (0.9-1.5m),True,0.9982192526384003,width_bin,logistic_regression,siglip_frozen_embeddings_logistic_regression
width_bin,,3,107062,standard (0.9-1.5m),standard (0.9-1.5m),True,0.8932572788572849,width_bin,logistic_regression,siglip_frozen_embeddings_logistic_regression
width_bin,,3,107140,wide (>1.5m),narrow (<0.9m),False,0.9029563686547899,width_bin,logistic_regression,siglip_frozen_embeddings_logistic_regression
width_bin,,3,107330,standard (0.9-1.5m),standard (0.9-1.5m),True,0.9999509204116894,width_bin,logistic_regression,siglip_frozen_embeddings_logistic_regression
width_bin,,3,107346,standard (0.9-1.5m),standard (0.9-1.5m),True,0.8438425122151534,width_bin,logistic_regression,siglip_frozen_embeddings_logistic_regression
width_bin,,3,107384,wide (>1.5m),wide (>1.5m),True,0.9286982251103096,width_bin,logistic_regression,siglip_frozen_embeddings_logistic_regression
width_bin,,3,107906,standard (0.9-1.5m),standard (0.9-1.5m),True,0.9121380858216027,width_bin,logistic_regression,siglip_frozen_embeddings_logistic_regression
width_bin,,3,107966,standard (0.9-1.5m),standard (0.9-1.5m),True,0.997410066886068,width_bin,logistic_regression,siglip_frozen_embeddings_logistic_regression
width_bin,,3,108009,standard (0.9-1.5m),standard (0.9-1.5m),True,0.9949593173187867,width_bin,logistic_regression,siglip_frozen_embeddings_logistic_regression
width_bin,,3,108029,standard (0.9-1.5m),standard (0.9-1.5m),True,0.5142798133461377,width_bin,logistic_regression,siglip_frozen_embeddings_logistic_regression
width_bin,,3,108297,standard (0.9-1.5m),standard (0.9-1.5m),True,0.9570973609152111,width_bin,logistic_regression,siglip_frozen_embeddings_logistic_regression
width_bin,,3,108345,standard (0.9-1.5m),standard (0.9-1.5m),True,0.9679544145012242,width_bin,logistic_regression,siglip_frozen_embeddings_logistic_regression
width_bin,,3,108397,standard (0.9-1.5m),narrow (<0.9m),False,0.8428952380088549,width_bin,logistic_regression,siglip_frozen_embeddings_logistic_regression
width_bin,,3,108728,narrow (<0.9m),standard (0.9-1.5m),False,0.5274219406581856,width_bin,logistic_regression,siglip_frozen_embeddings_logistic_regression
width_bin,,3,108787,standard (0.9-1.5m),standard (0.9-1.5m),True,0.9869624206907421,width_bin,logistic_regression,siglip_frozen_embeddings_logistic_regression
width_bin,,3,108795,standard (0.9-1.5m),standard (0.9-1.5m),True,0.9692919607879095,width_bin,logistic_regression,siglip_frozen_embeddings_logistic_regression
width_bin,,3,108798,standard (0.9-1.5m),standard (0.9-1.5m),True,0.9998215586115515,width_bin,logistic_regression,siglip_frozen_embeddings_logistic_regression
width_bin,,3,109174,standard (0.9-1.5m),standard (0.9-1.5m),True,0.6185708905298247,width_bin,logistic_regression,siglip_frozen_embeddings_logistic_regression
width_bin,,3,109705,narrow (<0.9m),narrow (<0.9m),True,0.9853881928252081,width_bin,logistic_regression,siglip_frozen_embeddings_logistic_regression
width_bin,,3,109707,standard (0.9-1.5m),narrow (<0.9m),False,0.994839624663097,width_bin,logistic_regression,siglip_frozen_embeddings_logistic_regression
width_bin,,3,109717,narrow (<0.9m),standard (0.9-1.5m),False,0.9797097750117958,width_bin,logistic_regression,siglip_frozen_embeddings_logistic_regression
width_bin,,3,109815,standard (0.9-1.5m),wide (>1.5m),False,0.9554815672046448,width_bin,logistic_regression,siglip_frozen_embeddings_logistic_regression
width_bin,,3,110267,standard (0.9-1.5m),standard (0.9-1.5m),True,0.7487924763845546,width_bin,logistic_regression,siglip_frozen_embeddings_logistic_regression
width_bin,,3,110283,standard (0.9-1.5m),standard (0.9-1.5m),True,0.9839497142869873,width_bin,logistic_regression,siglip_frozen_embeddings_logistic_regression
width_bin,,3,110300,standard (0.9-1.5m),narrow (<0.9m),False,0.9180420917155538,width_bin,logistic_regression,siglip_frozen_embeddings_logistic_regression
width_bin,,3,110711,standard (0.9-1.5m),standard (0.9-1.5m),True,0.9998546278577672,width_bin,logistic_regression,siglip_frozen_embeddings_logistic_regression
width_bin,,3,110720,standard (0.9-1.5m),standard (0.9-1.5m),True,0.9569534680733338,width_bin,logistic_regression,siglip_frozen_embeddings_logistic_regression
width_bin,,3,110821,standard (0.9-1.5m),standard (0.9-1.5m),True,0.983849780590991,width_bin,logistic_regression,siglip_frozen_embeddings_logistic_regression
width_bin,,3,110826,standard (0.9-1.5m),standard (0.9-1.5m),True,0.9283605913479279,width_bin,logistic_regression,siglip_frozen_embeddings_logistic_regression
width_bin,,3,110974,standard (0.9-1.5m),narrow (<0.9m),False,0.9497692508890496,width_bin,logistic_regression,siglip_frozen_embeddings_logistic_regression
width_bin,,3,111432,standard (0.9-1.5m),standard (0.9-1.5m),True,0.9977798632413145,width_bin,logistic_regression,siglip_frozen_embeddings_logistic_regression
width_bin,,3,111686,narrow (<0.9m),standard (0.9-1.5m),False,0.6713282706607294,width_bin,logistic_regression,siglip_frozen_embeddings_logistic_regression
width_bin,,3,111691,narrow (<0.9m),narrow (<0.9m),True,0.8205619517053905,width_bin,logistic_regression,siglip_frozen_embeddings_logistic_regression
width_bin,,3,111717,standard (0.9-1.5m),wide (>1.5m),False,0.5983451857940423,width_bin,logistic_regression,siglip_frozen_embeddings_logistic_regression
width_bin,,3,111733,standard (0.9-1.5m),standard (0.9-1.5m),True,0.8406589658894476,width_bin,logistic_regression,siglip_frozen_embeddings_logistic_regression
width_bin,,3,111795,standard (0.9-1.5m),standard (0.9-1.5m),True,0.935271976911052,width_bin,logistic_regression,siglip_frozen_embeddings_logistic_regression
width_bin,,3,111796,narrow (<0.9m),standard (0.9-1.5m),False,0.9311644453279347,width_bin,logistic_regression,siglip_frozen_embeddings_logistic_regression
width_bin,,3,111808,narrow (<0.9m),standard (0.9-1.5m),False,0.9995757468271405,width_bin,logistic_regression,siglip_frozen_embeddings_logistic_regression
width_bin,,3,111825,standard (0.9-1.5m),wide (>1.5m),False,0.9961546480665879,width_bin,logistic_regression,siglip_frozen_embeddings_logistic_regression
width_bin,,3,112582,standard (0.9-1.5m),wide (>1.5m),False,0.9233348529997873,width_bin,logistic_regression,siglip_frozen_embeddings_logistic_regression
width_bin,,3,113130,standard (0.9-1.5m),wide (>1.5m),False,0.9448095244369326,width_bin,logistic_regression,siglip_frozen_embeddings_logistic_regression
width_bin,,3,113171,standard (0.9-1.5m),standard (0.9-1.5m),True,0.7286790700603596,width_bin,logistic_regression,siglip_frozen_embeddings_logistic_regression
width_bin,,3,114284,standard (0.9-1.5m),narrow (<0.9m),False,0.9979764187967871,width_bin,logistic_regression,siglip_frozen_embeddings_logistic_regression
width_bin,,3,114568,standard (0.9-1.5m),wide (>1.5m),False,0.92118482485374,width_bin,logistic_regression,siglip_frozen_embeddings_logistic_regression
width_bin,,3,114579,wide (>1.5m),standard (0.9-1.5m),False,0.8246556353791431,width_bin,logistic_regression,siglip_frozen_embeddings_logistic_regression
width_bin,,3,114632,standard (0.9-1.5m),narrow (<0.9m),False,0.9999996921696332,width_bin,logistic_regression,siglip_frozen_embeddings_logistic_regression
width_bin,,3,114916,standard (0.9-1.5m),standard (0.9-1.5m),True,0.9847378062785012,width_bin,logistic_regression,siglip_frozen_embeddings_logistic_regression
width_bin,,3,114934,standard (0.9-1.5m),standard (0.9-1.5m),True,0.9475262569624805,width_bin,logistic_regression,siglip_frozen_embeddings_logistic_regression
width_bin,,3,114954,narrow (<0.9m),standard (0.9-1.5m),False,0.906940519318823,width_bin,logistic_regression,siglip_frozen_embeddings_logistic_regression
width_bin,,3,116621,wide (>1.5m),wide (>1.5m),True,0.9859271638279318,width_bin,logistic_regression,siglip_frozen_embeddings_logistic_regression
width_bin,,3,116627,narrow (<0.9m),standard (0.9-1.5m),False,0.5447468270780613,width_bin,logistic_regression,siglip_frozen_embeddings_logistic_regression
width_bin,,3,116746,wide (>1.5m),wide (>1.5m),True,0.9999998667286931,width_bin,logistic_regression,siglip_frozen_embeddings_logistic_regression
width_bin,,3,117141,standard (0.9-1.5m),wide (>1.5m),False,0.5213087895669931,width_bin,logistic_regression,siglip_frozen_embeddings_logistic_regression
width_bin,,3,117156,standard (0.9-1.5m),standard (0.9-1.5m),True,0.9995138804251369,width_bin,logistic_regression,siglip_frozen_embeddings_logistic_regression
width_bin,,3,117212,standard (0.9-1.5m),narrow (<0.9m),False,0.9718702352379872,width_bin,logistic_regression,siglip_frozen_embeddings_logistic_regression
width_bin,,3,117213,standard (0.9-1.5m),wide (>1.5m),False,0.49838327374602837,width_bin,logistic_regression,siglip_frozen_embeddings_logistic_regression
width_bin,,3,117362,wide (>1.5m),wide (>1.5m),True,0.9302367848061638,width_bin,logistic_regression,siglip_frozen_embeddings_logistic_regression
width_bin,,3,117586,narrow (<0.9m),narrow (<0.9m),True,0.9345533463545993,width_bin,logistic_regression,siglip_frozen_embeddings_logistic_regression
width_bin,,3,117594,standard (0.9-1.5m),narrow (<0.9m),False,0.6979027122186864,width_bin,logistic_regression,siglip_frozen_embeddings_logistic_regression
width_bin,,3,120677,narrow (<0.9m),narrow (<0.9m),True,0.560049884143661,width_bin,logistic_regression,siglip_frozen_embeddings_logistic_regression
width_bin,,3,120736,narrow (<0.9m),narrow (<0.9m),True,0.767575144315061,width_bin,logistic_regression,siglip_frozen_embeddings_logistic_regression
width_bin,,3,120909,narrow (<0.9m),narrow (<0.9m),True,0.7528354268900309,width_bin,logistic_regression,siglip_frozen_embeddings_logistic_regression
width_bin,,3,121002,narrow (<0.9m),narrow (<0.9m),True,0.9996947804733324,width_bin,logistic_regression,siglip_frozen_embeddings_logistic_regression
width_bin,,3,121481,standard (0.9-1.5m),standard (0.9-1.5m),True,0.888303695589725,width_bin,logistic_regression,siglip_frozen_embeddings_logistic_regression
width_bin,,3,121573,wide (>1.5m),wide (>1.5m),True,0.9641093883115095,width_bin,logistic_regression,siglip_frozen_embeddings_logistic_regression
width_bin,,3,121594,standard (0.9-1.5m),narrow (<0.9m),False,0.8717439907718463,width_bin,logistic_regression,siglip_frozen_embeddings_logistic_regression
width_bin,,3,121675,standard (0.9-1.5m),standard (0.9-1.5m),True,0.6675084543551385,width_bin,logistic_regression,siglip_frozen_embeddings_logistic_regression
width_bin,,3,121732,narrow (<0.9m),narrow (<0.9m),True,0.999999360305025,width_bin,logistic_regression,siglip_frozen_embeddings_logistic_regression
width_bin,,3,121776,narrow (<0.9m),narrow (<0.9m),True,0.9907711449142836,width_bin,logistic_regression,siglip_frozen_embeddings_logistic_regression
width_bin,,3,121777,narrow (<0.9m),standard (0.9-1.5m),False,0.9915347414580419,width_bin,logistic_regression,siglip_frozen_embeddings_logistic_regression
width_bin,,3,121791,narrow (<0.9m),standard (0.9-1.5m),False,0.9382584247565231,width_bin,logistic_regression,siglip_frozen_embeddings_logistic_regression
width_bin,,3,122317,wide (>1.5m),standard (0.9-1.5m),False,0.8391502167033948,width_bin,logistic_regression,siglip_frozen_embeddings_logistic_regression
width_bin,,3,122434,standard (0.9-1.5m),standard (0.9-1.5m),True,0.9393243531650528,width_bin,logistic_regression,siglip_frozen_embeddings_logistic_regression
width_bin,,3,123099,standard (0.9-1.5m),standard (0.9-1.5m),True,0.8158686654229175,width_bin,logistic_regression,siglip_frozen_embeddings_logistic_regression
width_bin,,3,123142,standard (0.9-1.5m),standard (>=0.8m),False,0.8222225954875239,width_bin,logistic_regression,siglip_frozen_embeddings_logistic_regression
width_bin,,3,123143,standard (0.9-1.5m),wide (>1.5m),False,0.8134446941006945,width_bin,logistic_regression,siglip_frozen_embeddings_logistic_regression
width_bin,,3,124886,wide (>1.5m),standard (0.9-1.5m),False,0.5576769738616988,width_bin,logistic_regression,siglip_frozen_embeddings_logistic_regression
width_bin,,3,126789,standard (0.9-1.5m),narrow (<0.9m),False,0.954244748048429,width_bin,logistic_regression,siglip_frozen_embeddings_logistic_regression
width_bin,,3,126807,standard (0.9-1.5m),standard (0.9-1.5m),True,0.8292552569325967,width_bin,logistic_regression,siglip_frozen_embeddings_logistic_regression
width_bin,,3,126835,standard (0.9-1.5m),standard (0.9-1.5m),True,0.9992273369850446,width_bin,logistic_regression,siglip_frozen_embeddings_logistic_regression
width_bin,,3,127141,standard (0.9-1.5m),standard (0.9-1.5m),True,0.9348231894279356,width_bin,logistic_regression,siglip_frozen_embeddings_logistic_regression
width_bin,,3,127151,standard (0.9-1.5m),standard (0.9-1.5m),True,0.9777636751521328,width_bin,logistic_regression,siglip_frozen_embeddings_logistic_regression
width_bin,,3,127231,standard (0.9-1.5m),standard (0.9-1.5m),True,0.800852969185804,width_bin,logistic_regression,siglip_frozen_embeddings_logistic_regression
width_bin,,3,127242,standard (0.9-1.5m),narrow (<0.9m),False,0.8867930700678063,width_bin,logistic_regression,siglip_frozen_embeddings_logistic_regression
width_bin,,3,100344,wide (>1.5m),wide (>1.5m),True,0.9755231591666453,width_bin,logistic_regression,siglip_frozen_embeddings_logistic_regression
width_bin,,3,108414,standard (0.9-1.5m),narrow (<0.9m),False,0.6953059941737727,width_bin,logistic_regression,siglip_frozen_embeddings_logistic_regression
width_bin,,3,109179,standard (0.9-1.5m),standard (0.9-1.5m),True,0.9862096870901986,width_bin,logistic_regression,siglip_frozen_embeddings_logistic_regression
width_bin,,3,109183,standard (0.9-1.5m),wide (>1.5m),False,0.5945387318181237,width_bin,logistic_regression,siglip_frozen_embeddings_logistic_regression
width_bin,,3,110257,standard (0.9-1.5m),standard (0.9-1.5m),True,0.9723107549089965,width_bin,logistic_regression,siglip_frozen_embeddings_logistic_regression
width_bin,,3,114060,standard (0.9-1.5m),narrow (<0.9m),False,0.5605797742837519,width_bin,logistic_regression,siglip_frozen_embeddings_logistic_regression
width_bin,,3,114185,standard (0.9-1.5m),standard (0.9-1.5m),True,0.9990092033652164,width_bin,logistic_regression,siglip_frozen_embeddings_logistic_regression
width_bin,,3,114197,standard (0.9-1.5m),wide (>1.5m),False,0.9737566591696529,width_bin,logistic_regression,siglip_frozen_embeddings_logistic_regression
width_bin,,3,114261,standard (0.9-1.5m),standard (0.9-1.5m),True,0.84775850708524,width_bin,logistic_regression,siglip_frozen_embeddings_logistic_regression
width_bin,,3,122440,standard (0.9-1.5m),wide (>1.5m),False,0.9950574269758502,width_bin,logistic_regression,siglip_frozen_embeddings_logistic_regression
width_bin,,3,46340,standard (0.9-1.5m),standard (0.9-1.5m),True,0.99767405176483,width_bin,logistic_regression,siglip_frozen_embeddings_logistic_regression
width_bin,,3,46922,wide (>1.5m),wide (>1.5m),True,0.9135346857305817,width_bin,logistic_regression,siglip_frozen_embeddings_logistic_regression
width_bin,,3,46924,standard (0.9-1.5m),wide (>1.5m),False,0.7829713455568726,width_bin,logistic_regression,siglip_frozen_embeddings_logistic_regression
width_bin,,3,46926,standard (0.9-1.5m),wide (>1.5m),False,0.6444075806723784,width_bin,logistic_regression,siglip_frozen_embeddings_logistic_regression
width_bin,,3,46929,standard (0.9-1.5m),narrow (<0.9m),False,0.999984275673769,width_bin,logistic_regression,siglip_frozen_embeddings_logistic_regression
width_bin,,3,47532,wide (>1.5m),wide (>1.5m),True,0.9946576253984865,width_bin,logistic_regression,siglip_frozen_embeddings_logistic_regression
width_bin,,3,48340,standard (0.9-1.5m),standard (0.9-1.5m),True,0.6573051934700145,width_bin,logistic_regression,siglip_frozen_embeddings_logistic_regression
width_bin,,3,48341,standard (0.9-1.5m),standard (0.9-1.5m),True,0.8785939474244102,width_bin,logistic_regression,siglip_frozen_embeddings_logistic_regression
width_bin,,3,48344,wide (>1.5m),wide (>1.5m),True,0.8071017596995902,width_bin,logistic_regression,siglip_frozen_embeddings_logistic_regression
width_bin,,3,48628,standard (0.9-1.5m),standard (0.9-1.5m),True,0.9999929608472861,width_bin,logistic_regression,siglip_frozen_embeddings_logistic_regression
width_bin,,3,49057,narrow (<0.9m),standard (0.9-1.5m),False,0.5171710968177614,width_bin,logistic_regression,siglip_frozen_embeddings_logistic_regression
width_bin,,3,49060,standard (0.9-1.5m),standard (0.9-1.5m),True,0.9217063533669727,width_bin,logistic_regression,siglip_frozen_embeddings_logistic_regression
width_bin,,3,49063,narrow (<0.9m),standard (0.9-1.5m),False,0.9528544481668217,width_bin,logistic_regression,siglip_frozen_embeddings_logistic_regression
width_bin,,3,49497,standard (0.9-1.5m),standard (0.9-1.5m),True,0.9995397780468859,width_bin,logistic_regression,siglip_frozen_embeddings_logistic_regression
width_bin,,3,49682,standard (0.9-1.5m),standard (0.9-1.5m),True,0.6498752522753558,width_bin,logistic_regression,siglip_frozen_embeddings_logistic_regression
width_bin,,3,50625,standard (0.9-1.5m),standard (0.9-1.5m),True,0.9740478051031454,width_bin,logistic_regression,siglip_frozen_embeddings_logistic_regression
width_bin,,3,51216,standard (0.9-1.5m),standard (0.9-1.5m),True,0.49813919668145307,width_bin,logistic_regression,siglip_frozen_embeddings_logistic_regression
width_bin,,3,51244,standard (0.9-1.5m),wide (>1.5m),False,0.6652574501446632,width_bin,logistic_regression,siglip_frozen_embeddings_logistic_regression
width_bin,,3,51524,standard (0.9-1.5m),standard (0.9-1.5m),True,0.9982230591077356,width_bin,logistic_regression,siglip_frozen_embeddings_logistic_regression
width_bin,,3,51528,standard (0.9-1.5m),standard (0.9-1.5m),True,0.9357183155092207,width_bin,logistic_regression,siglip_frozen_embeddings_logistic_regression
width_bin,,3,51532,standard (0.9-1.5m),standard (0.9-1.5m),True,0.9413222401233029,width_bin,logistic_regression,siglip_frozen_embeddings_logistic_regression
width_bin,,3,51599,standard (0.9-1.5m),standard (0.9-1.5m),True,0.6071415322592577,width_bin,logistic_regression,siglip_frozen_embeddings_logistic_regression
width_bin,,3,51799,standard (0.9-1.5m),narrow (<3m),False,0.6406028784641072,width_bin,logistic_regression,siglip_frozen_embeddings_logistic_regression
width_bin,,3,52458,standard (0.9-1.5m),standard (0.9-1.5m),True,0.9888217139061802,width_bin,logistic_regression,siglip_frozen_embeddings_logistic_regression
width_bin,,3,52668,standard (0.9-1.5m),standard (0.9-1.5m),True,0.8395813328495235,width_bin,logistic_regression,siglip_frozen_embeddings_logistic_regression
width_bin,,3,53198,wide (>1.5m),wide (>1.5m),True,0.5598050784172707,width_bin,logistic_regression,siglip_frozen_embeddings_logistic_regression
width_bin,,3,53984,wide (>1.5m),wide (>1.5m),True,0.9965569968477441,width_bin,logistic_regression,siglip_frozen_embeddings_logistic_regression
width_bin,,3,53986,wide (>1.5m),wide (>1.5m),True,0.9999850257061345,width_bin,logistic_regression,siglip_frozen_embeddings_logistic_regression
width_bin,,3,54184,standard (0.9-1.5m),standard (0.9-1.5m),True,0.6519220480475723,width_bin,logistic_regression,siglip_frozen_embeddings_logistic_regression
width_bin,,3,54324,standard (0.9-1.5m),standard (0.9-1.5m),True,0.9329200175761891,width_bin,logistic_regression,siglip_frozen_embeddings_logistic_regression
width_bin,,3,55272,standard (0.9-1.5m),wide (>1.5m),False,0.7047248117612641,width_bin,logistic_regression,siglip_frozen_embeddings_logistic_regression
width_bin,,3,55637,narrow (<0.9m),narrow (<0.9m),True,0.631303454185777,width_bin,logistic_regression,siglip_frozen_embeddings_logistic_regression
width_bin,,3,56206,standard (0.9-1.5m),wide (>1.5m),False,0.6438732273982104,width_bin,logistic_regression,siglip_frozen_embeddings_logistic_regression
width_bin,,3,56467,wide (>1.5m),wide (>1.5m),True,0.7624384506183853,width_bin,logistic_regression,siglip_frozen_embeddings_logistic_regression
width_bin,,3,56468,wide (>1.5m),wide (>1.5m),True,0.9801265815661386,width_bin,logistic_regression,siglip_frozen_embeddings_logistic_regression
width_bin,,3,56469,wide (>1.5m),standard (0.9-1.5m),False,0.9642490796688434,width_bin,logistic_regression,siglip_frozen_embeddings_logistic_regression
width_bin,,3,56876,wide (>1.5m),standard (0.9-1.5m),False,0.7626002720353435,width_bin,logistic_regression,siglip_frozen_embeddings_logistic_regression
width_bin,,3,58413,wide (>1.5m),wide (>1.5m),True,0.9703549450316489,width_bin,logistic_regression,siglip_frozen_embeddings_logistic_regression
width_bin,,3,58957,standard (0.9-1.5m),standard (0.9-1.5m),True,0.9667657808983577,width_bin,logistic_regression,siglip_frozen_embeddings_logistic_regression
width_bin,,3,61004,wide (>1.5m),standard (0.9-1.5m),False,0.923992368988949,width_bin,logistic_regression,siglip_frozen_embeddings_logistic_regression
width_bin,,3,61610,standard (0.9-1.5m),standard (0.9-1.5m),True,0.8384133009750836,width_bin,logistic_regression,siglip_frozen_embeddings_logistic_regression
width_bin,,3,61731,standard (0.9-1.5m),standard (0.9-1.5m),True,0.9303830841270484,width_bin,logistic_regression,siglip_frozen_embeddings_logistic_regression
width_bin,,3,62442,standard (0.9-1.5m),wide (>1.5m),False,0.9999802575354467,width_bin,logistic_regression,siglip_frozen_embeddings_logistic_regression
width_bin,,3,63219,standard (0.9-1.5m),standard (0.9-1.5m),True,0.6221483774634695,width_bin,logistic_regression,siglip_frozen_embeddings_logistic_regression
width_bin,,3,63298,standard (0.9-1.5m),standard (0.9-1.5m),True,0.9995945627133572,width_bin,logistic_regression,siglip_frozen_embeddings_logistic_regression
width_bin,,3,63539,standard (0.9-1.5m),narrow (<0.9m),False,0.8350806998061268,width_bin,logistic_regression,siglip_frozen_embeddings_logistic_regression
width_bin,,3,64104,standard (0.9-1.5m),standard (0.9-1.5m),True,0.9999996684396117,width_bin,logistic_regression,siglip_frozen_embeddings_logistic_regression
width_bin,,3,64105,standard (0.9-1.5m),standard (0.9-1.5m),True,0.9999649080618891,width_bin,logistic_regression,siglip_frozen_embeddings_logistic_regression
width_bin,,3,64108,standard (0.9-1.5m),standard (0.9-1.5m),True,0.9999999788512979,width_bin,logistic_regression,siglip_frozen_embeddings_logistic_regression
width_bin,,3,64114,standard (0.9-1.5m),standard (0.9-1.5m),True,0.9999992640754145,width_bin,logistic_regression,siglip_frozen_embeddings_logistic_regression
width_bin,,3,64116,standard (0.9-1.5m),standard (0.9-1.5m),True,0.9999575231325932,width_bin,logistic_regression,siglip_frozen_embeddings_logistic_regression
width_bin,,3,64128,standard (0.9-1.5m),standard (0.9-1.5m),True,0.9992090181914058,width_bin,logistic_regression,siglip_frozen_embeddings_logistic_regression
width_bin,,3,64137,standard (0.9-1.5m),standard (0.9-1.5m),True,0.995156546754482,width_bin,logistic_regression,siglip_frozen_embeddings_logistic_regression
width_bin,,3,64643,narrow (<0.9m),standard (0.9-1.5m),False,0.9927610996831973,width_bin,logistic_regression,siglip_frozen_embeddings_logistic_regression
width_bin,,3,65424,standard (0.9-1.5m),narrow (<0.9m),False,0.9938255334220524,width_bin,logistic_regression,siglip_frozen_embeddings_logistic_regression
width_bin,,3,65425,standard (0.9-1.5m),standard (0.9-1.5m),True,0.8238729742665278,width_bin,logistic_regression,siglip_frozen_embeddings_logistic_regression
width_bin,,3,65426,standard (0.9-1.5m),standard (0.9-1.5m),True,0.4708916418198677,width_bin,logistic_regression,siglip_frozen_embeddings_logistic_regression
width_bin,,3,65789,narrow (<0.9m),narrow (<0.9m),True,0.9427676923802265,width_bin,logistic_regression,siglip_frozen_embeddings_logistic_regression
width_bin,,3,66171,standard (0.9-1.5m),standard (0.9-1.5m),True,0.9658516688791933,width_bin,logistic_regression,siglip_frozen_embeddings_logistic_regression
width_bin,,3,66922,wide (>1.5m),wide (>1.5m),True,0.9995006525080042,width_bin,logistic_regression,siglip_frozen_embeddings_logistic_regression
width_bin,,3,80451,standard (0.9-1.5m),standard (0.9-1.5m),True,0.9826737542798052,width_bin,logistic_regression,siglip_frozen_embeddings_logistic_regression
width_bin,,3,83150,narrow (<0.9m),wide (>1.5m),False,0.991806964149148,width_bin,logistic_regression,siglip_frozen_embeddings_logistic_regression
width_bin,,3,83513,wide (>1.5m),wide (>1.5m),True,0.6510079715517333,width_bin,logistic_regression,siglip_frozen_embeddings_logistic_regression
width_bin,,3,83900,standard (0.9-1.5m),wide (>1.5m),False,0.5248514408524939,width_bin,logistic_regression,siglip_frozen_embeddings_logistic_regression
width_bin,,3,86525,standard (0.9-1.5m),wide (>1.5m),False,0.8054731755480223,width_bin,logistic_regression,siglip_frozen_embeddings_logistic_regression
width_bin,,3,86599,standard (0.9-1.5m),wide (>1.5m),False,0.8096935453501632,width_bin,logistic_regression,siglip_frozen_embeddings_logistic_regression
width_bin,,3,55464,wide (>1.5m),wide (>1.5m),True,0.9565398006492006,width_bin,logistic_regression,siglip_frozen_embeddings_logistic_regression
width_bin,,3,89440,standard (0.9-1.5m),standard (0.9-1.5m),True,0.8404421230416899,width_bin,logistic_regression,siglip_frozen_embeddings_logistic_regression
width_bin,,3,89445,standard (0.9-1.5m),standard (0.9-1.5m),True,0.998418611954185,width_bin,logistic_regression,siglip_frozen_embeddings_logistic_regression
width_bin,,3,89447,narrow (<0.9m),standard (0.9-1.5m),False,0.9272027589392696,width_bin,logistic_regression,siglip_frozen_embeddings_logistic_regression
width_bin,,3,89452,standard (0.9-1.5m),standard (0.9-1.5m),True,0.9989314815948543,width_bin,logistic_regression,siglip_frozen_embeddings_logistic_regression
width_bin,,3,89580,standard (0.9-1.5m),standard (0.9-1.5m),True,0.983912741158938,width_bin,logistic_regression,siglip_frozen_embeddings_logistic_regression
width_bin,,3,89609,wide (>1.5m),wide (>1.5m),True,0.9204489064578123,width_bin,logistic_regression,siglip_frozen_embeddings_logistic_regression
width_bin,,3,92150,wide (>1.5m),narrow (<0.9m),False,0.8808133825860884,width_bin,logistic_regression,siglip_frozen_embeddings_logistic_regression
width_bin,,3,92800,standard (0.9-1.5m),wide (>1.5m),False,0.9811197426210108,width_bin,logistic_regression,siglip_frozen_embeddings_logistic_regression
width_bin,,3,93043,standard (0.9-1.5m),standard (0.9-1.5m),True,0.9238801307492761,width_bin,logistic_regression,siglip_frozen_embeddings_logistic_regression
width_bin,,3,96291,standard (0.9-1.5m),narrow (<0.9m),False,0.895306504466954,width_bin,logistic_regression,siglip_frozen_embeddings_logistic_regression
width_bin,,3,99615,wide (>1.5m),wide (>1.5m),True,0.9805877096946776,width_bin,logistic_regression,siglip_frozen_embeddings_logistic_regression
width_bin,,3,100138,standard (0.9-1.5m),standard (0.9-1.5m),True,0.9273611536751064,width_bin,logistic_regression,siglip_frozen_embeddings_logistic_regression
width_bin,,3,100148,standard (0.9-1.5m),wide (>1.5m),False,0.8990639997541876,width_bin,logistic_regression,siglip_frozen_embeddings_logistic_regression
width_bin,,3,100177,wide (>1.5m),narrow (<0.9m),False,0.8354266385266021,width_bin,logistic_regression,siglip_frozen_embeddings_logistic_regression
width_bin,,3,100252,wide (>1.5m),wide (>1.5m),True,0.9232174295165544,width_bin,logistic_regression,siglip_frozen_embeddings_logistic_regression
width_bin,,3,100262,wide (>1.5m),standard (0.9-1.5m),False,0.9547983336385846,width_bin,logistic_regression,siglip_frozen_embeddings_logistic_regression
width_bin,,3,100347,narrow (<0.9m),narrow (<0.9m),True,0.8988849447490738,width_bin,logistic_regression,siglip_frozen_embeddings_logistic_regression
width_bin,,3,100348,narrow (<0.9m),narrow (<0.9m),True,0.9832601811685564,width_bin,logistic_regression,siglip_frozen_embeddings_logistic_regression
width_bin,,3,102422,wide (>1.5m),wide (>1.5m),True,0.5805056140786816,width_bin,logistic_regression,siglip_frozen_embeddings_logistic_regression
width_bin,,3,102808,standard (0.9-1.5m),wide (>1.5m),False,0.9993398298501612,width_bin,logistic_regression,siglip_frozen_embeddings_logistic_regression
width_bin,,3,103256,standard (0.9-1.5m),standard (0.9-1.5m),True,0.606977692326351,width_bin,logistic_regression,siglip_frozen_embeddings_logistic_regression
width_bin,,3,106027,narrow (<0.9m),narrow (<0.9m),True,0.7897158821695711,width_bin,logistic_regression,siglip_frozen_embeddings_logistic_regression
width_bin,,3,106028,narrow (<0.9m),standard (0.9-1.5m),False,0.5939420724254227,width_bin,logistic_regression,siglip_frozen_embeddings_logistic_regression
width_bin,,3,106637,standard (0.9-1.5m),narrow (<0.9m),False,0.7500816702642867,width_bin,logistic_regression,siglip_frozen_embeddings_logistic_regression
width_bin,,3,106920,standard (0.9-1.5m),standard (0.9-1.5m),True,0.9552135409352465,width_bin,logistic_regression,siglip_frozen_embeddings_logistic_regression
width_bin,,3,107068,standard (0.9-1.5m),narrow (<0.9m),False,0.9940758520187253,width_bin,logistic_regression,siglip_frozen_embeddings_logistic_regression
width_bin,,3,107295,standard (0.9-1.5m),standard (0.9-1.5m),True,0.9936806441900695,width_bin,logistic_regression,siglip_frozen_embeddings_logistic_regression
width_bin,,3,107908,narrow (<0.9m),narrow (<0.9m),True,0.9680571322891182,width_bin,logistic_regression,siglip_frozen_embeddings_logistic_regression
width_bin,,3,107961,standard (0.9-1.5m),standard (0.9-1.5m),True,0.8731249748393131,width_bin,logistic_regression,siglip_frozen_embeddings_logistic_regression
width_bin,,3,108040,standard (0.9-1.5m),standard (0.9-1.5m),True,0.5955323581725159,width_bin,logistic_regression,siglip_frozen_embeddings_logistic_regression
width_bin,,3,108380,standard (0.9-1.5m),standard (0.9-1.5m),True,0.9981640174706805,width_bin,logistic_regression,siglip_frozen_embeddings_logistic_regression
width_bin,,3,108730,narrow (<0.9m),wide (>1.5m),False,0.9944741397284406,width_bin,logistic_regression,siglip_frozen_embeddings_logistic_regression
width_bin,,3,108785,standard (0.9-1.5m),narrow (<0.9m),False,0.6256822841841656,width_bin,logistic_regression,siglip_frozen_embeddings_logistic_regression
width_bin,,3,109148,narrow (<0.9m),standard (0.9-1.5m),False,0.9876130399757707,width_bin,logistic_regression,siglip_frozen_embeddings_logistic_regression
width_bin,,3,109149,standard (0.9-1.5m),standard (0.9-1.5m),True,0.9963408643936935,width_bin,logistic_regression,siglip_frozen_embeddings_logistic_regression
width_bin,,3,109160,standard (0.9-1.5m),standard (0.9-1.5m),True,0.5883011995291946,width_bin,logistic_regression,siglip_frozen_embeddings_logistic_regression
width_bin,,3,109535,wide (>1.5m),standard (0.9-1.5m),False,0.5224469625202017,width_bin,logistic_regression,siglip_frozen_embeddings_logistic_regression
width_bin,,3,109537,wide (>1.5m),narrow (<0.9m),False,0.9998640687051602,width_bin,logistic_regression,siglip_frozen_embeddings_logistic_regression
width_bin,,3,109821,standard (0.9-1.5m),standard (0.9-1.5m),True,0.5582028128130544,width_bin,logistic_regression,siglip_frozen_embeddings_logistic_regression
width_bin,,3,110120,standard (0.9-1.5m),wide (>1.5m),False,0.7943874975244113,width_bin,logistic_regression,siglip_frozen_embeddings_logistic_regression
width_bin,,3,110932,standard (0.9-1.5m),standard (0.9-1.5m),True,0.9995466727444013,width_bin,logistic_regression,siglip_frozen_embeddings_logistic_regression
width_bin,,3,110996,standard (0.9-1.5m),wide (>1.5m),False,0.898904646644942,width_bin,logistic_regression,siglip_frozen_embeddings_logistic_regression
width_bin,,3,111745,standard (0.9-1.5m),standard (0.9-1.5m),True,0.8908545172305082,width_bin,logistic_regression,siglip_frozen_embeddings_logistic_regression
width_bin,,3,112386,standard (0.9-1.5m),standard (0.9-1.5m),True,0.8493523879078017,width_bin,logistic_regression,siglip_frozen_embeddings_logistic_regression
width_bin,,3,112422,standard (0.9-1.5m),standard (0.9-1.5m),True,0.8201212732161257,width_bin,logistic_regression,siglip_frozen_embeddings_logistic_regression
width_bin,,3,112868,standard (0.9-1.5m),standard (0.9-1.5m),True,0.9997466859306684,width_bin,logistic_regression,siglip_frozen_embeddings_logistic_regression
width_bin,,3,113126,standard (0.9-1.5m),standard (0.9-1.5m),True,0.553249833983799,width_bin,logistic_regression,siglip_frozen_embeddings_logistic_regression
width_bin,,3,113217,wide (>1.5m),standard (0.9-1.5m),False,0.9309480234943015,width_bin,logistic_regression,siglip_frozen_embeddings_logistic_regression
width_bin,,3,113800,narrow (<0.9m),standard (0.9-1.5m),False,0.572192236637053,width_bin,logistic_regression,siglip_frozen_embeddings_logistic_regression
width_bin,,3,114085,standard (0.9-1.5m),standard (0.9-1.5m),True,0.8703288588946498,width_bin,logistic_regression,siglip_frozen_embeddings_logistic_regression
width_bin,,3,114947,wide (>1.5m),wide (>1.5m),True,0.721338114580366,width_bin,logistic_regression,siglip_frozen_embeddings_logistic_regression
width_bin,,3,114951,standard (0.9-1.5m),standard (0.9-1.5m),True,0.9865896490269971,width_bin,logistic_regression,siglip_frozen_embeddings_logistic_regression
width_bin,,3,114971,wide (>1.5m),standard (0.9-1.5m),False,0.5341040367530882,width_bin,logistic_regression,siglip_frozen_embeddings_logistic_regression
width_bin,,3,117192,standard (0.9-1.5m),standard (0.9-1.5m),True,0.9955131824499569,width_bin,logistic_regression,siglip_frozen_embeddings_logistic_regression
width_bin,,3,117197,standard (0.9-1.5m),standard (0.9-1.5m),True,0.6885469313755694,width_bin,logistic_regression,siglip_frozen_embeddings_logistic_regression
width_bin,,3,117200,standard (0.9-1.5m),standard (0.9-1.5m),True,0.9691606941125624,width_bin,logistic_regression,siglip_frozen_embeddings_logistic_regression
width_bin,,3,117220,standard (0.9-1.5m),standard (0.9-1.5m),True,0.7835098151641923,width_bin,logistic_regression,siglip_frozen_embeddings_logistic_regression
width_bin,,3,118248,standard (0.9-1.5m),wide (>1.5m),False,0.9878275052469131,width_bin,logistic_regression,siglip_frozen_embeddings_logistic_regression
width_bin,,3,118750,wide (>1.5m),standard (0.9-1.5m),False,0.7360070574360631,width_bin,logistic_regression,siglip_frozen_embeddings_logistic_regression
width_bin,,3,118878,wide (>1.5m),narrow (<0.9m),False,0.891198848826693,width_bin,logistic_regression,siglip_frozen_embeddings_logistic_regression
width_bin,,3,119863,wide (>1.5m),wide (>1.5m),True,0.9855518800717005,width_bin,logistic_regression,siglip_frozen_embeddings_logistic_regression
width_bin,,3,119977,standard (0.9-1.5m),wide (>1.5m),False,0.9546389219034921,width_bin,logistic_regression,siglip_frozen_embeddings_logistic_regression
width_bin,,3,120706,wide (>1.5m),wide (>1.5m),True,0.999922939261587,width_bin,logistic_regression,siglip_frozen_embeddings_logistic_regression
width_bin,,3,121618,standard (0.9-1.5m),standard (0.9-1.5m),True,0.9819618576783753,width_bin,logistic_regression,siglip_frozen_embeddings_logistic_regression
width_bin,,3,121755,narrow (<0.9m),standard (0.9-1.5m),False,0.9496701538055837,width_bin,logistic_regression,siglip_frozen_embeddings_logistic_regression
width_bin,,3,122441,standard (0.9-1.5m),standard (0.9-1.5m),True,0.995982127214021,width_bin,logistic_regression,siglip_frozen_embeddings_logistic_regression
width_bin,,3,122981,standard (0.9-1.5m),standard (0.9-1.5m),True,0.7744557971501366,width_bin,logistic_regression,siglip_frozen_embeddings_logistic_regression
width_bin,,3,123161,wide (>1.5m),wide (>1.5m),True,0.9986867815669329,width_bin,logistic_regression,siglip_frozen_embeddings_logistic_regression
width_bin,,3,123164,wide (>1.5m),wide (>1.5m),True,0.9997195580725697,width_bin,logistic_regression,siglip_frozen_embeddings_logistic_regression
width_bin,,3,123167,wide (>1.5m),wide (>1.5m),True,0.9983928336016885,width_bin,logistic_regression,siglip_frozen_embeddings_logistic_regression
width_bin,,3,123219,wide (>1.5m),standard (0.9-1.5m),False,0.936767028763428,width_bin,logistic_regression,siglip_frozen_embeddings_logistic_regression
width_bin,,3,126340,wide (>1.5m),medium (3-7m),False,0.6764066564358505,width_bin,logistic_regression,siglip_frozen_embeddings_logistic_regression
width_bin,,3,126737,narrow (<0.9m),narrow (<0.9m),True,0.9439685794787938,width_bin,logistic_regression,siglip_frozen_embeddings_logistic_regression
width_bin,,3,126798,standard (0.9-1.5m),standard (0.9-1.5m),True,0.851875379175898,width_bin,logistic_regression,siglip_frozen_embeddings_logistic_regression
width_bin,,3,127136,wide (>1.5m),wide (>1.5m),True,0.6069647370995178,width_bin,logistic_regression,siglip_frozen_embeddings_logistic_regression
width_bin,,3,127204,standard (0.9-1.5m),standard (0.9-1.5m),True,0.9167890388038401,width_bin,logistic_regression,siglip_frozen_embeddings_logistic_regression
width_bin,,3,127523,wide (>1.5m),wide (>1.5m),True,0.5372940666216995,width_bin,logistic_regression,siglip_frozen_embeddings_logistic_regression
width_bin,,3,50824,narrow (<3m),standard (0.9-1.5m),False,0.8200386900473291,width_bin,logistic_regression,siglip_frozen_embeddings_logistic_regression
width_bin,,3,51530,medium (3-7m),wide (>1.5m),False,0.4364273898647778,width_bin,logistic_regression,siglip_frozen_embeddings_logistic_regression
width_bin,,3,51548,medium (3-7m),medium (3-7m),True,0.9596984718502608,width_bin,logistic_regression,siglip_frozen_embeddings_logistic_regression
width_bin,,3,51864,medium (3-7m),medium (3-7m),True,0.6963216965210057,width_bin,logistic_regression,siglip_frozen_embeddings_logistic_regression
width_bin,,3,55656,narrow (<3m),medium (3-7m),False,0.9855018928003311,width_bin,logistic_regression,siglip_frozen_embeddings_logistic_regression
width_bin,,3,58829,medium (3-7m),medium (3-7m),True,0.6587876466657393,width_bin,logistic_regression,siglip_frozen_embeddings_logistic_regression
width_bin,,3,66056,medium (3-7m),medium (3-7m),True,0.5904540361276036,width_bin,logistic_regression,siglip_frozen_embeddings_logistic_regression
width_bin,,3,68016,medium (3-7m),narrow (<3m),False,0.9841370460731221,width_bin,logistic_regression,siglip_frozen_embeddings_logistic_regression
width_bin,,3,68017,medium (3-7m),narrow (<3m),False,0.9948328749025046,width_bin,logistic_regression,siglip_frozen_embeddings_logistic_regression
width_bin,,3,74944,medium (3-7m),medium (3-7m),True,0.9706709006012327,width_bin,logistic_regression,siglip_frozen_embeddings_logistic_regression
width_bin,,3,85146,medium (3-7m),standard (0.9-1.5m),False,0.5255624294494788,width_bin,logistic_regression,siglip_frozen_embeddings_logistic_regression
width_bin,,3,112357,medium (3-7m),standard (0.9-1.5m),False,0.47169608848693434,width_bin,logistic_regression,siglip_frozen_embeddings_logistic_regression
width_bin,,4,48117,standard (0.9-1.5m),standard (0.9-1.5m),True,0.5548938019863505,width_bin,logistic_regression,siglip_frozen_embeddings_logistic_regression
width_bin,,4,52245,wide (>1.5m),standard (0.9-1.5m),False,0.8652054222722871,width_bin,logistic_regression,siglip_frozen_embeddings_logistic_regression
width_bin,,4,83898,narrow (<0.9m),narrow (<0.9m),True,0.820056466363431,width_bin,logistic_regression,siglip_frozen_embeddings_logistic_regression
width_bin,,4,83458,wide (>1.5m),standard (0.9-1.5m),False,0.5274869782280515,width_bin,logistic_regression,siglip_frozen_embeddings_logistic_regression
width_bin,,4,85545,wide (>1.5m),wide (>1.5m),True,0.7417966848162685,width_bin,logistic_regression,siglip_frozen_embeddings_logistic_regression
width_bin,,4,87534,narrow (<0.9m),narrow (<0.9m),True,0.9658189891762732,width_bin,logistic_regression,siglip_frozen_embeddings_logistic_regression
width_bin,,4,87575,standard (0.9-1.5m),standard (0.9-1.5m),True,0.992166700385662,width_bin,logistic_regression,siglip_frozen_embeddings_logistic_regression
width_bin,,4,87554,narrow (<0.9m),standard (0.9-1.5m),False,0.9795188296715238,width_bin,logistic_regression,siglip_frozen_embeddings_logistic_regression
width_bin,,4,89574,standard (0.9-1.5m),narrow (<0.9m),False,0.9721762456712272,width_bin,logistic_regression,siglip_frozen_embeddings_logistic_regression
width_bin,,4,89579,standard (0.9-1.5m),narrow (<0.9m),False,0.9621502677241555,width_bin,logistic_regression,siglip_frozen_embeddings_logistic_regression
width_bin,,4,89600,standard (0.9-1.5m),standard (0.9-1.5m),True,0.8419469223867678,width_bin,logistic_regression,siglip_frozen_embeddings_logistic_regression
width_bin,,4,89705,standard (0.9-1.5m),standard (0.9-1.5m),True,0.7286091147711486,width_bin,logistic_regression,siglip_frozen_embeddings_logistic_regression
width_bin,,4,89714,standard (0.9-1.5m),standard (0.9-1.5m),True,0.9970727912519899,width_bin,logistic_regression,siglip_frozen_embeddings_logistic_regression
width_bin,,4,89715,standard (0.9-1.5m),standard (0.9-1.5m),True,0.9994222285469537,width_bin,logistic_regression,siglip_frozen_embeddings_logistic_regression
width_bin,,4,89728,standard (0.9-1.5m),standard (0.9-1.5m),True,0.9990879875250518,width_bin,logistic_regression,siglip_frozen_embeddings_logistic_regression
width_bin,,4,90322,narrow (<0.9m),narrow (<0.9m),True,0.9171355174756242,width_bin,logistic_regression,siglip_frozen_embeddings_logistic_regression
width_bin,,4,90327,standard (0.9-1.5m),standard (0.9-1.5m),True,0.9997808478294975,width_bin,logistic_regression,siglip_frozen_embeddings_logistic_regression
width_bin,,4,90333,standard (0.9-1.5m),standard (0.9-1.5m),True,0.9918710592962972,width_bin,logistic_regression,siglip_frozen_embeddings_logistic_regression
width_bin,,4,90352,standard (0.9-1.5m),standard (0.9-1.5m),True,0.9264444240558735,width_bin,logistic_regression,siglip_frozen_embeddings_logistic_regression
width_bin,,4,90367,standard (0.9-1.5m),narrow (<0.9m),False,0.7338062521450803,width_bin,logistic_regression,siglip_frozen_embeddings_logistic_regression
width_bin,,4,90368,standard (0.9-1.5m),narrow (<0.9m),False,0.914480477965068,width_bin,logistic_regression,siglip_frozen_embeddings_logistic_regression
width_bin,,4,90379,standard (0.9-1.5m),narrow (<0.9m),False,0.8424625041603093,width_bin,logistic_regression,siglip_frozen_embeddings_logistic_regression
width_bin,,4,90382,standard (0.9-1.5m),standard (0.9-1.5m),True,0.9803019806504013,width_bin,logistic_regression,siglip_frozen_embeddings_logistic_regression
width_bin,,4,90387,standard (0.9-1.5m),standard (0.9-1.5m),True,0.9977643376097526,width_bin,logistic_regression,siglip_frozen_embeddings_logistic_regression
width_bin,,4,90398,standard (0.9-1.5m),standard (0.9-1.5m),True,0.7249681962468643,width_bin,logistic_regression,siglip_frozen_embeddings_logistic_regression
width_bin,,4,90488,standard (0.9-1.5m),standard (0.9-1.5m),True,0.8123795515781367,width_bin,logistic_regression,siglip_frozen_embeddings_logistic_regression
width_bin,,4,90506,standard (0.9-1.5m),standard (0.9-1.5m),True,0.9472096381433582,width_bin,logistic_regression,siglip_frozen_embeddings_logistic_regression
width_bin,,4,91578,standard (0.9-1.5m),standard (0.9-1.5m),True,0.888754598011314,width_bin,logistic_regression,siglip_frozen_embeddings_logistic_regression
width_bin,,4,92006,narrow (<0.9m),narrow (<0.9m),True,0.8440731124215737,width_bin,logistic_regression,siglip_frozen_embeddings_logistic_regression
width_bin,,4,92009,narrow (<0.9m),narrow (<0.9m),True,0.6066992316264609,width_bin,logistic_regression,siglip_frozen_embeddings_logistic_regression
width_bin,,4,92017,narrow (<0.9m),standard (0.9-1.5m),False,0.9824376176283931,width_bin,logistic_regression,siglip_frozen_embeddings_logistic_regression
width_bin,,4,92027,narrow (<0.9m),narrow (<0.9m),True,0.9993443596519024,width_bin,logistic_regression,siglip_frozen_embeddings_logistic_regression
width_bin,,4,92028,narrow (<0.9m),narrow (<0.9m),True,0.7448320857795936,width_bin,logistic_regression,siglip_frozen_embeddings_logistic_regression
width_bin,,4,92031,narrow (<0.9m),narrow (<0.9m),True,0.9942933541416168,width_bin,logistic_regression,siglip_frozen_embeddings_logistic_regression
width_bin,,4,92035,narrow (<0.9m),standard (0.9-1.5m),False,0.5321941323541923,width_bin,logistic_regression,siglip_frozen_embeddings_logistic_regression
width_bin,,4,92041,narrow (<0.9m),standard (0.9-1.5m),False,0.8977228027962042,width_bin,logistic_regression,siglip_frozen_embeddings_logistic_regression
width_bin,,4,92070,standard (0.9-1.5m),standard (0.9-1.5m),True,0.8383738573787672,width_bin,logistic_regression,siglip_frozen_embeddings_logistic_regression
width_bin,,4,92072,standard (0.9-1.5m),standard (0.9-1.5m),True,0.8701784070241784,width_bin,logistic_regression,siglip_frozen_embeddings_logistic_regression
width_bin,,4,92083,standard (0.9-1.5m),narrow (<0.9m),False,0.9998135852833188,width_bin,logistic_regression,siglip_frozen_embeddings_logistic_regression
width_bin,,4,93039,standard (0.9-1.5m),wide (>1.5m),False,0.9208753747244729,width_bin,logistic_regression,siglip_frozen_embeddings_logistic_regression
width_bin,,4,94267,narrow (<0.9m),narrow (<0.9m),True,0.9984249661883366,width_bin,logistic_regression,siglip_frozen_embeddings_logistic_regression
width_bin,,4,94275,narrow (<0.9m),narrow (<0.9m),True,0.9999337186577477,width_bin,logistic_regression,siglip_frozen_embeddings_logistic_regression
width_bin,,4,94281,narrow (<0.9m),narrow (<0.9m),True,0.9891917392368735,width_bin,logistic_regression,siglip_frozen_embeddings_logistic_regression
width_bin,,4,94283,narrow (<0.9m),narrow (<0.9m),True,0.9932367896129316,width_bin,logistic_regression,siglip_frozen_embeddings_logistic_regression
width_bin,,4,94294,narrow (<0.9m),narrow (<0.9m),True,0.7457394396422372,width_bin,logistic_regression,siglip_frozen_embeddings_logistic_regression
width_bin,,4,94300,narrow (<0.9m),standard (0.9-1.5m),False,0.9582639283865689,width_bin,logistic_regression,siglip_frozen_embeddings_logistic_regression
width_bin,,4,94326,narrow (<0.9m),narrow (<0.9m),True,0.999790741170081,width_bin,logistic_regression,siglip_frozen_embeddings_logistic_regression
width_bin,,4,94350,narrow (<0.9m),narrow (<0.9m),True,0.8968158893575796,width_bin,logistic_regression,siglip_frozen_embeddings_logistic_regression
width_bin,,4,94358,narrow (<0.9m),narrow (<0.9m),True,0.9999448950403268,width_bin,logistic_regression,siglip_frozen_embeddings_logistic_regression
width_bin,,4,94361,narrow (<0.9m),narrow (<0.9m),True,0.9959415417134182,width_bin,logistic_regression,siglip_frozen_embeddings_logistic_regression
width_bin,,4,94383,narrow (<0.9m),narrow (<0.9m),True,0.9995355863762085,width_bin,logistic_regression,siglip_frozen_embeddings_logistic_regression
width_bin,,4,94385,narrow (<0.9m),narrow (<0.9m),True,0.9997985064688553,width_bin,logistic_regression,siglip_frozen_embeddings_logistic_regression
width_bin,,4,94387,narrow (<0.9m),narrow (<0.9m),True,0.9992643722999615,width_bin,logistic_regression,siglip_frozen_embeddings_logistic_regression
width_bin,,4,94388,narrow (<0.9m),standard (0.9-1.5m),False,0.9726999446201142,width_bin,logistic_regression,siglip_frozen_embeddings_logistic_regression
width_bin,,4,94389,narrow (<0.9m),narrow (<0.9m),True,0.9476874167785806,width_bin,logistic_regression,siglip_frozen_embeddings_logistic_regression
width_bin,,4,94390,narrow (<0.9m),standard (0.9-1.5m),False,0.9632293892133118,width_bin,logistic_regression,siglip_frozen_embeddings_logistic_regression
width_bin,,4,94395,narrow (<0.9m),narrow (<0.9m),True,0.9919884934798681,width_bin,logistic_regression,siglip_frozen_embeddings_logistic_regression
width_bin,,4,94407,narrow (<0.9m),narrow (<0.9m),True,0.9999091660917269,width_bin,logistic_regression,siglip_frozen_embeddings_logistic_regression
width_bin,,4,94411,narrow (<0.9m),narrow (<0.9m),True,0.9223685064672306,width_bin,logistic_regression,siglip_frozen_embeddings_logistic_regression
width_bin,,4,94416,narrow (<0.9m),standard (0.9-1.5m),False,0.8797457620711276,width_bin,logistic_regression,siglip_frozen_embeddings_logistic_regression
width_bin,,4,94780,wide (>1.5m),standard (0.9-1.5m),False,0.6831826723166902,width_bin,logistic_regression,siglip_frozen_embeddings_logistic_regression
width_bin,,4,100345,narrow (<0.9m),narrow (<0.9m),True,0.7112461565252021,width_bin,logistic_regression,siglip_frozen_embeddings_logistic_regression
width_bin,,4,100346,narrow (<0.9m),narrow (<0.9m),True,0.5740500003435839,width_bin,logistic_regression,siglip_frozen_embeddings_logistic_regression
width_bin,,4,102423,wide (>1.5m),standard (0.9-1.5m),False,0.7468768291104674,width_bin,logistic_regression,siglip_frozen_embeddings_logistic_regression
width_bin,,4,102440,standard (0.9-1.5m),standard (0.9-1.5m),True,0.8256105200273156,width_bin,logistic_regression,siglip_frozen_embeddings_logistic_regression
width_bin,,4,102973,standard (0.9-1.5m),standard (0.9-1.5m),True,0.9985174219792802,width_bin,logistic_regression,siglip_frozen_embeddings_logistic_regression
width_bin,,4,102974,standard (0.9-1.5m),wide (>1.5m),False,0.4022055106956999,width_bin,logistic_regression,siglip_frozen_embeddings_logistic_regression
width_bin,,4,103622,standard (0.9-1.5m),narrow (<0.9m),False,0.9270442621451953,width_bin,logistic_regression,siglip_frozen_embeddings_logistic_regression
width_bin,,4,104081,standard (0.9-1.5m),standard (0.9-1.5m),True,0.9999654544391744,width_bin,logistic_regression,siglip_frozen_embeddings_logistic_regression
width_bin,,4,106401,narrow (<0.9m),narrow (<0.9m),True,0.9991444214069993,width_bin,logistic_regression,siglip_frozen_embeddings_logistic_regression
width_bin,,4,107051,standard (0.9-1.5m),standard (0.9-1.5m),True,0.8716715974812096,width_bin,logistic_regression,siglip_frozen_embeddings_logistic_regression
width_bin,,4,107082,wide (>1.5m),wide (>1.5m),True,0.5304347829603244,width_bin,logistic_regression,siglip_frozen_embeddings_logistic_regression
width_bin,,4,107284,wide (>1.5m),wide (>1.5m),True,0.9730994702981219,width_bin,logistic_regression,siglip_frozen_embeddings_logistic_regression
width_bin,,4,107317,standard (0.9-1.5m),standard (0.9-1.5m),True,0.5313094318030527,width_bin,logistic_regression,siglip_frozen_embeddings_logistic_regression
width_bin,,4,107364,standard (0.9-1.5m),narrow (<0.9m),False,0.6951214772445442,width_bin,logistic_regression,siglip_frozen_embeddings_logistic_regression
width_bin,,4,107370,standard (0.9-1.5m),standard (0.9-1.5m),True,0.5157663821163918,width_bin,logistic_regression,siglip_frozen_embeddings_logistic_regression
width_bin,,4,107582,standard (0.9-1.5m),standard (0.9-1.5m),True,0.8937979074807977,width_bin,logistic_regression,siglip_frozen_embeddings_logistic_regression
width_bin,,4,107867,standard (0.9-1.5m),standard (0.9-1.5m),True,0.9971902499314953,width_bin,logistic_regression,siglip_frozen_embeddings_logistic_regression
width_bin,,4,107872,standard (0.9-1.5m),standard (0.9-1.5m),True,0.9976397108146934,width_bin,logistic_regression,siglip_frozen_embeddings_logistic_regression
width_bin,,4,107891,standard (0.9-1.5m),standard (0.9-1.5m),True,0.9119863730522393,width_bin,logistic_regression,siglip_frozen_embeddings_logistic_regression
width_bin,,4,107901,standard (0.9-1.5m),standard (0.9-1.5m),True,0.9227145189369047,width_bin,logistic_regression,siglip_frozen_embeddings_logistic_regression
width_bin,,4,107920,standard (0.9-1.5m),standard (0.9-1.5m),True,0.7906709710016139,width_bin,logistic_regression,siglip_frozen_embeddings_logistic_regression
width_bin,,4,108008,standard (0.9-1.5m),standard (0.9-1.5m),True,0.9296216283795613,width_bin,logistic_regression,siglip_frozen_embeddings_logistic_regression
width_bin,,4,108014,standard (0.9-1.5m),standard (0.9-1.5m),True,0.9911375546122712,width_bin,logistic_regression,siglip_frozen_embeddings_logistic_regression
width_bin,,4,108034,standard (0.9-1.5m),narrow (<0.9m),False,0.5201206096493397,width_bin,logistic_regression,siglip_frozen_embeddings_logistic_regression
width_bin,,4,108041,standard (0.9-1.5m),standard (0.9-1.5m),True,0.9799945834467338,width_bin,logistic_regression,siglip_frozen_embeddings_logistic_regression
width_bin,,4,108292,standard (0.9-1.5m),narrow (<0.9m),False,0.9612552174167327,width_bin,logistic_regression,siglip_frozen_embeddings_logistic_regression
width_bin,,4,108299,standard (0.9-1.5m),narrow (<0.9m),False,0.7572752236904484,width_bin,logistic_regression,siglip_frozen_embeddings_logistic_regression
width_bin,,4,108333,standard (0.9-1.5m),standard (0.9-1.5m),True,0.8348468084820934,width_bin,logistic_regression,siglip_frozen_embeddings_logistic_regression
width_bin,,4,108339,standard (0.9-1.5m),narrow (<0.9m),False,0.9999862378705789,width_bin,logistic_regression,siglip_frozen_embeddings_logistic_regression
width_bin,,4,108341,standard (0.9-1.5m),standard (0.9-1.5m),True,0.9908112640528371,width_bin,logistic_regression,siglip_frozen_embeddings_logistic_regression
width_bin,,4,108654,standard (0.9-1.5m),standard (0.9-1.5m),True,0.9108324544054938,width_bin,logistic_regression,siglip_frozen_embeddings_logistic_regression
width_bin,,4,108656,narrow (<0.9m),standard (0.9-1.5m),False,0.825371859766234,width_bin,logistic_regression,siglip_frozen_embeddings_logistic_regression
width_bin,,4,108667,wide (>1.5m),standard (0.9-1.5m),False,0.9283707333709283,width_bin,logistic_regression,siglip_frozen_embeddings_logistic_regression
width_bin,,4,108708,standard (0.9-1.5m),standard (0.9-1.5m),True,0.9834055921095988,width_bin,logistic_regression,siglip_frozen_embeddings_logistic_regression
width_bin,,4,108715,narrow (<0.9m),standard (0.9-1.5m),False,0.926924532156522,width_bin,logistic_regression,siglip_frozen_embeddings_logistic_regression
width_bin,,4,108716,standard (0.9-1.5m),wide (>1.5m),False,0.7113897767715534,width_bin,logistic_regression,siglip_frozen_embeddings_logistic_regression
width_bin,,4,108727,standard (0.9-1.5m),standard (0.9-1.5m),True,0.7989065241153042,width_bin,logistic_regression,siglip_frozen_embeddings_logistic_regression
width_bin,,4,108780,standard (0.9-1.5m),wide (>1.5m),False,0.9992836366922092,width_bin,logistic_regression,siglip_frozen_embeddings_logistic_regression
width_bin,,4,108782,standard (0.9-1.5m),standard (0.9-1.5m),True,0.9774497517697677,width_bin,logistic_regression,siglip_frozen_embeddings_logistic_regression
width_bin,,4,108792,standard (0.9-1.5m),standard (0.9-1.5m),True,0.989330766471806,width_bin,logistic_regression,siglip_frozen_embeddings_logistic_regression
width_bin,,4,108796,standard (0.9-1.5m),standard (0.9-1.5m),True,0.908480610711276,width_bin,logistic_regression,siglip_frozen_embeddings_logistic_regression
width_bin,,4,109190,standard (0.9-1.5m),standard (0.9-1.5m),True,0.9848596446351393,width_bin,logistic_regression,siglip_frozen_embeddings_logistic_regression
width_bin,,4,109329,standard (0.9-1.5m),wide (>1.5m),False,0.8285047533689878,width_bin,logistic_regression,siglip_frozen_embeddings_logistic_regression
width_bin,,4,109330,standard (0.9-1.5m),standard (0.9-1.5m),True,0.7948065919774348,width_bin,logistic_regression,siglip_frozen_embeddings_logistic_regression
width_bin,,4,109555,standard (0.9-1.5m),standard (0.9-1.5m),True,0.9860959777174005,width_bin,logistic_regression,siglip_frozen_embeddings_logistic_regression
width_bin,,4,109614,standard (0.9-1.5m),standard (0.9-1.5m),True,0.517503240570092,width_bin,logistic_regression,siglip_frozen_embeddings_logistic_regression
width_bin,,4,109702,narrow (<0.9m),narrow (<0.9m),True,0.6551305920160028,width_bin,logistic_regression,siglip_frozen_embeddings_logistic_regression
width_bin,,4,110228,standard (0.9-1.5m),wide (>1.5m),False,0.5852410547069188,width_bin,logistic_regression,siglip_frozen_embeddings_logistic_regression
width_bin,,4,110467,standard (0.9-1.5m),standard (0.9-1.5m),True,0.9961893196519795,width_bin,logistic_regression,siglip_frozen_embeddings_logistic_regression
width_bin,,4,110571,standard (0.9-1.5m),narrow (<0.9m),False,0.9780020262499798,width_bin,logistic_regression,siglip_frozen_embeddings_logistic_regression
width_bin,,4,110572,standard (0.9-1.5m),standard (0.9-1.5m),True,0.8360937697680814,width_bin,logistic_regression,siglip_frozen_embeddings_logistic_regression
width_bin,,4,110577,standard (0.9-1.5m),standard (0.9-1.5m),True,0.9952417052128874,width_bin,logistic_regression,siglip_frozen_embeddings_logistic_regression
width_bin,,4,110608,narrow (<0.9m),narrow (<0.9m),True,0.6414374044465199,width_bin,logistic_regression,siglip_frozen_embeddings_logistic_regression
width_bin,,4,110731,wide (>1.5m),wide (>1.5m),True,0.9981787427562826,width_bin,logistic_regression,siglip_frozen_embeddings_logistic_regression
width_bin,,4,110961,standard (0.9-1.5m),narrow (<0.9m),False,0.6897257775804482,width_bin,logistic_regression,siglip_frozen_embeddings_logistic_regression
width_bin,,4,110972,standard (0.9-1.5m),narrow (<0.9m),False,0.7959678931811391,width_bin,logistic_regression,siglip_frozen_embeddings_logistic_regression
width_bin,,4,110975,standard (0.9-1.5m),standard (0.9-1.5m),True,0.9843933043242389,width_bin,logistic_regression,siglip_frozen_embeddings_logistic_regression
width_bin,,4,110976,standard (0.9-1.5m),narrow (<0.9m),False,0.4477590252372222,width_bin,logistic_regression,siglip_frozen_embeddings_logistic_regression
width_bin,,4,111729,standard (0.9-1.5m),narrow (<0.9m),False,0.7060645533459431,width_bin,logistic_regression,siglip_frozen_embeddings_logistic_regression
width_bin,,4,111741,standard (0.9-1.5m),narrow (<0.9m),False,0.9788409644828092,width_bin,logistic_regression,siglip_frozen_embeddings_logistic_regression
width_bin,,4,111765,standard (0.9-1.5m),standard (0.9-1.5m),True,0.9626872810229434,width_bin,logistic_regression,siglip_frozen_embeddings_logistic_regression
width_bin,,4,111767,standard (0.9-1.5m),narrow (<0.9m),False,0.9913257262291464,width_bin,logistic_regression,siglip_frozen_embeddings_logistic_regression
width_bin,,4,111786,narrow (<0.9m),narrow (<0.9m),True,0.8524088434751532,width_bin,logistic_regression,siglip_frozen_embeddings_logistic_regression
width_bin,,4,111794,narrow (<0.9m),standard (0.9-1.5m),False,0.9813396740982735,width_bin,logistic_regression,siglip_frozen_embeddings_logistic_regression
width_bin,,4,111802,narrow (<0.9m),narrow (<0.9m),True,0.43849179857456977,width_bin,logistic_regression,siglip_frozen_embeddings_logistic_regression
width_bin,,4,111803,standard (0.9-1.5m),narrow (<0.9m),False,0.9297955376561879,width_bin,logistic_regression,siglip_frozen_embeddings_logistic_regression
width_bin,,4,111804,narrow (<0.9m),standard (0.9-1.5m),False,0.9207666200271418,width_bin,logistic_regression,siglip_frozen_embeddings_logistic_regression
width_bin,,4,111807,standard (0.9-1.5m),standard (0.9-1.5m),True,0.7951429447926488,width_bin,logistic_regression,siglip_frozen_embeddings_logistic_regression
width_bin,,4,111817,narrow (<0.9m),narrow (<0.9m),True,0.9999878980394706,width_bin,logistic_regression,siglip_frozen_embeddings_logistic_regression
width_bin,,4,111824,narrow (<0.9m),narrow (<0.9m),True,0.9946245602368089,width_bin,logistic_regression,siglip_frozen_embeddings_logistic_regression
width_bin,,4,113167,standard (0.9-1.5m),standard (0.9-1.5m),True,0.8196908965438192,width_bin,logistic_regression,siglip_frozen_embeddings_logistic_regression
width_bin,,4,114039,wide (>1.5m),standard (0.9-1.5m),False,0.9784566289041967,width_bin,logistic_regression,siglip_frozen_embeddings_logistic_regression
width_bin,,4,114724,wide (>1.5m),narrow (<0.9m),False,0.6521155052494512,width_bin,logistic_regression,siglip_frozen_embeddings_logistic_regression
width_bin,,4,115447,standard (0.9-1.5m),standard (0.9-1.5m),True,0.8692760068631709,width_bin,logistic_regression,siglip_frozen_embeddings_logistic_regression
width_bin,,4,116203,standard (0.9-1.5m),standard (0.9-1.5m),True,0.9268441105237789,width_bin,logistic_regression,siglip_frozen_embeddings_logistic_regression
width_bin,,4,116769,wide (>1.5m),wide (>1.5m),True,0.9559051129476087,width_bin,logistic_regression,siglip_frozen_embeddings_logistic_regression
width_bin,,4,117218,wide (>1.5m),standard (0.9-1.5m),False,0.8245977096036436,width_bin,logistic_regression,siglip_frozen_embeddings_logistic_regression
width_bin,,4,117537,standard (0.9-1.5m),narrow (<0.9m),False,0.9487157431744873,width_bin,logistic_regression,siglip_frozen_embeddings_logistic_regression
width_bin,,4,117598,standard (0.9-1.5m),standard (0.9-1.5m),True,0.8701061903268847,width_bin,logistic_regression,siglip_frozen_embeddings_logistic_regression
width_bin,,4,118086,standard (0.9-1.5m),wide (>1.5m),False,0.838814389346595,width_bin,logistic_regression,siglip_frozen_embeddings_logistic_regression
width_bin,,4,118203,narrow (<0.9m),standard (0.9-1.5m),False,0.9991402534382056,width_bin,logistic_regression,siglip_frozen_embeddings_logistic_regression
width_bin,,4,120296,standard (0.9-1.5m),standard (0.9-1.5m),True,0.944436042989539,width_bin,logistic_regression,siglip_frozen_embeddings_logistic_regression
width_bin,,4,120669,narrow (<0.9m),narrow (<0.9m),True,0.9968714362522192,width_bin,logistic_regression,siglip_frozen_embeddings_logistic_regression
width_bin,,4,120674,narrow (<0.9m),narrow (<0.9m),True,0.8802240340492422,width_bin,logistic_regression,siglip_frozen_embeddings_logistic_regression
width_bin,,4,120675,narrow (<0.9m),narrow (<0.9m),True,0.5239791871871105,width_bin,logistic_regression,siglip_frozen_embeddings_logistic_regression
width_bin,,4,92011,narrow (<0.9m),standard (0.9-1.5m),False,0.9917789913771414,width_bin,logistic_regression,siglip_frozen_embeddings_logistic_regression
width_bin,,4,92013,narrow (<0.9m),narrow (<0.9m),True,0.9882252806220916,width_bin,logistic_regression,siglip_frozen_embeddings_logistic_regression
width_bin,,4,120908,standard (0.9-1.5m),wide (>1.5m),False,0.9298222491874081,width_bin,logistic_regression,siglip_frozen_embeddings_logistic_regression
width_bin,,4,121003,narrow (<0.9m),narrow (<0.9m),True,0.998030058486617,width_bin,logistic_regression,siglip_frozen_embeddings_logistic_regression
width_bin,,4,121007,narrow (<0.9m),narrow (<0.9m),True,0.9697214523713418,width_bin,logistic_regression,siglip_frozen_embeddings_logistic_regression
width_bin,,4,121596,standard (0.9-1.5m),standard (0.9-1.5m),True,0.7736804695735883,width_bin,logistic_regression,siglip_frozen_embeddings_logistic_regression
width_bin,,4,121597,narrow (<0.9m),standard (0.9-1.5m),False,0.9998446618509514,width_bin,logistic_regression,siglip_frozen_embeddings_logistic_regression
width_bin,,4,121611,wide (>1.5m),standard (0.9-1.5m),False,0.9988812833981686,width_bin,logistic_regression,siglip_frozen_embeddings_logistic_regression
width_bin,,4,121673,wide (>1.5m),standard (0.9-1.5m),False,0.9085717249751671,width_bin,logistic_regression,siglip_frozen_embeddings_logistic_regression
width_bin,,4,121731,narrow (<0.9m),narrow (<0.9m),True,0.9941946328143513,width_bin,logistic_regression,siglip_frozen_embeddings_logistic_regression
width_bin,,4,121779,narrow (<0.9m),narrow (<0.9m),True,0.5508157597986864,width_bin,logistic_regression,siglip_frozen_embeddings_logistic_regression
width_bin,,4,121785,narrow (<0.9m),standard (0.9-1.5m),False,0.7716561982189286,width_bin,logistic_regression,siglip_frozen_embeddings_logistic_regression
width_bin,,4,121792,narrow (<0.9m),standard (0.9-1.5m),False,0.9259863669256119,width_bin,logistic_regression,siglip_frozen_embeddings_logistic_regression
width_bin,,4,122856,wide (>1.5m),standard (0.9-1.5m),False,0.5027043540610834,width_bin,logistic_regression,siglip_frozen_embeddings_logistic_regression
width_bin,,4,123258,wide (>1.5m),standard (0.9-1.5m),False,0.994966182501226,width_bin,logistic_regression,siglip_frozen_embeddings_logistic_regression
width_bin,,4,126159,wide (>1.5m),wide (>1.5m),True,0.7128779184221733,width_bin,logistic_regression,siglip_frozen_embeddings_logistic_regression
width_bin,,4,126697,standard (0.9-1.5m),wide (>1.5m),False,0.548765264523194,width_bin,logistic_regression,siglip_frozen_embeddings_logistic_regression
width_bin,,4,126704,standard (0.9-1.5m),standard (0.9-1.5m),True,0.8607740015128559,width_bin,logistic_regression,siglip_frozen_embeddings_logistic_regression
width_bin,,4,126800,wide (>1.5m),standard (0.9-1.5m),False,0.9995763464881003,width_bin,logistic_regression,siglip_frozen_embeddings_logistic_regression
width_bin,,4,126808,standard (0.9-1.5m),standard (0.9-1.5m),True,0.9988527667652026,width_bin,logistic_regression,siglip_frozen_embeddings_logistic_regression
width_bin,,4,126837,standard (0.9-1.5m),wide (>1.5m),False,0.5200113802823868,width_bin,logistic_regression,siglip_frozen_embeddings_logistic_regression
width_bin,,4,127067,standard (0.9-1.5m),wide (>1.5m),False,0.9991356762594908,width_bin,logistic_regression,siglip_frozen_embeddings_logistic_regression
width_bin,,4,127140,standard (0.9-1.5m),standard (0.9-1.5m),True,0.5657293445524533,width_bin,logistic_regression,siglip_frozen_embeddings_logistic_regression
width_bin,,4,127142,standard (0.9-1.5m),standard (0.9-1.5m),True,0.9999346436045231,width_bin,logistic_regression,siglip_frozen_embeddings_logistic_regression
width_bin,,4,127154,standard (0.9-1.5m),standard (0.9-1.5m),True,0.9098636903083196,width_bin,logistic_regression,siglip_frozen_embeddings_logistic_regression
width_bin,,4,127229,standard (0.9-1.5m),standard (0.9-1.5m),True,0.6586848766122758,width_bin,logistic_regression,siglip_frozen_embeddings_logistic_regression
width_bin,,4,128875,narrow (<0.9m),standard (0.9-1.5m),False,0.8388637888782986,width_bin,logistic_regression,siglip_frozen_embeddings_logistic_regression
width_bin,,4,128951,standard (0.9-1.5m),standard (0.9-1.5m),True,0.7328850023413311,width_bin,logistic_regression,siglip_frozen_embeddings_logistic_regression
width_bin,,4,129401,wide (>1.5m),wide (>1.5m),True,0.9914653609887657,width_bin,logistic_regression,siglip_frozen_embeddings_logistic_regression
width_bin,,4,129402,wide (>1.5m),wide (>1.5m),True,0.999881286711712,width_bin,logistic_regression,siglip_frozen_embeddings_logistic_regression
width_bin,,4,90486,standard (0.9-1.5m),standard (0.9-1.5m),True,0.7268495766959864,width_bin,logistic_regression,siglip_frozen_embeddings_logistic_regression
width_bin,,4,100342,standard (0.9-1.5m),standard (0.9-1.5m),True,0.9444583819154553,width_bin,logistic_regression,siglip_frozen_embeddings_logistic_regression
width_bin,,4,106916,wide (>1.5m),standard (0.9-1.5m),False,0.9990056826559254,width_bin,logistic_regression,siglip_frozen_embeddings_logistic_regression
width_bin,,4,107014,wide (>1.5m),wide (>1.5m),True,0.6893913966102758,width_bin,logistic_regression,siglip_frozen_embeddings_logistic_regression
width_bin,,4,109182,standard (0.9-1.5m),standard (0.9-1.5m),True,0.9982371850685443,width_bin,logistic_regression,siglip_frozen_embeddings_logistic_regression
width_bin,,4,109621,standard (0.9-1.5m),standard (0.9-1.5m),True,0.5535326367342521,width_bin,logistic_regression,siglip_frozen_embeddings_logistic_regression
width_bin,,4,114057,standard (0.9-1.5m),wide (>1.5m),False,0.8729409088791743,width_bin,logistic_regression,siglip_frozen_embeddings_logistic_regression
width_bin,,4,114182,standard (0.9-1.5m),standard (0.9-1.5m),True,0.9999546550239093,width_bin,logistic_regression,siglip_frozen_embeddings_logistic_regression
width_bin,,4,114183,standard (0.9-1.5m),standard (0.9-1.5m),True,0.9999530227060237,width_bin,logistic_regression,siglip_frozen_embeddings_logistic_regression
width_bin,,4,114184,standard (0.9-1.5m),standard (0.9-1.5m),True,0.9981649567170554,width_bin,logistic_regression,siglip_frozen_embeddings_logistic_regression
width_bin,,4,114245,standard (0.9-1.5m),standard (0.9-1.5m),True,0.624878507340548,width_bin,logistic_regression,siglip_frozen_embeddings_logistic_regression
width_bin,,4,129397,wide (>1.5m),wide (>1.5m),True,0.9994315397359586,width_bin,logistic_regression,siglip_frozen_embeddings_logistic_regression
width_bin,,4,120684,narrow (<0.9m),wide (>1.5m),False,0.6057257471590637,width_bin,logistic_regression,siglip_frozen_embeddings_logistic_regression
width_bin,,4,46925,standard (0.9-1.5m),standard (0.9-1.5m),True,0.994833507148668,width_bin,logistic_regression,siglip_frozen_embeddings_logistic_regression
width_bin,,4,46931,standard (0.9-1.5m),narrow (<0.9m),False,0.9971988257382217,width_bin,logistic_regression,siglip_frozen_embeddings_logistic_regression
width_bin,,4,47389,standard (0.9-1.5m),standard (0.9-1.5m),True,0.9182124157908069,width_bin,logistic_regression,siglip_frozen_embeddings_logistic_regression
width_bin,,4,47637,standard (0.9-1.5m),standard (0.9-1.5m),True,0.8990784545366416,width_bin,logistic_regression,siglip_frozen_embeddings_logistic_regression
width_bin,,4,48111,wide (>1.5m),wide (>1.5m),True,0.8708688978777714,width_bin,logistic_regression,siglip_frozen_embeddings_logistic_regression
width_bin,,4,48296,standard (0.9-1.5m),medium (3-7m),False,0.5597603902814335,width_bin,logistic_regression,siglip_frozen_embeddings_logistic_regression
width_bin,,4,48345,standard (0.9-1.5m),wide (>1.5m),False,0.9537088457702648,width_bin,logistic_regression,siglip_frozen_embeddings_logistic_regression
width_bin,,4,48694,standard (0.9-1.5m),standard (0.9-1.5m),True,0.9917554637272389,width_bin,logistic_regression,siglip_frozen_embeddings_logistic_regression
width_bin,,4,48695,standard (0.9-1.5m),narrow (<3m),False,0.3770214392112801,width_bin,logistic_regression,siglip_frozen_embeddings_logistic_regression
width_bin,,4,48697,standard (0.9-1.5m),standard (0.9-1.5m),True,0.9985445684366862,width_bin,logistic_regression,siglip_frozen_embeddings_logistic_regression
width_bin,,4,49430,standard (0.9-1.5m),standard (0.9-1.5m),True,0.9812992239479864,width_bin,logistic_regression,siglip_frozen_embeddings_logistic_regression
width_bin,,4,49680,standard (0.9-1.5m),wide (>1.5m),False,0.999348539471252,width_bin,logistic_regression,siglip_frozen_embeddings_logistic_regression
width_bin,,4,50749,standard (0.9-1.5m),wide (>1.5m),False,0.8871476738170816,width_bin,logistic_regression,siglip_frozen_embeddings_logistic_regression
width_bin,,4,51214,standard (0.9-1.5m),standard (0.9-1.5m),True,0.999941010108626,width_bin,logistic_regression,siglip_frozen_embeddings_logistic_regression
width_bin,,4,51533,standard (0.9-1.5m),standard (0.9-1.5m),True,0.8443103824883672,width_bin,logistic_regression,siglip_frozen_embeddings_logistic_regression
width_bin,,4,52551,standard (0.9-1.5m),narrow (<0.9m),False,0.5283242773868021,width_bin,logistic_regression,siglip_frozen_embeddings_logistic_regression
width_bin,,4,52456,standard (0.9-1.5m),standard (0.9-1.5m),True,0.998872626947698,width_bin,logistic_regression,siglip_frozen_embeddings_logistic_regression
width_bin,,4,55115,wide (>1.5m),standard (0.9-1.5m),False,0.9349293695787715,width_bin,logistic_regression,siglip_frozen_embeddings_logistic_regression
width_bin,,4,55465,standard (0.9-1.5m),standard (0.9-1.5m),True,0.9506249284168536,width_bin,logistic_regression,siglip_frozen_embeddings_logistic_regression
width_bin,,4,55640,standard (0.9-1.5m),standard (0.9-1.5m),True,0.9999770294304026,width_bin,logistic_regression,siglip_frozen_embeddings_logistic_regression
width_bin,,4,55798,wide (>1.5m),wide (>1.5m),True,0.8592137731262527,width_bin,logistic_regression,siglip_frozen_embeddings_logistic_regression
width_bin,,4,56858,standard (0.9-1.5m),standard (0.9-1.5m),True,0.6726186763570016,width_bin,logistic_regression,siglip_frozen_embeddings_logistic_regression
width_bin,,4,57834,wide (>1.5m),wide (>1.5m),True,0.9955393406476757,width_bin,logistic_regression,siglip_frozen_embeddings_logistic_regression
width_bin,,4,57835,standard (0.9-1.5m),standard (0.9-1.5m),True,0.9714488680101837,width_bin,logistic_regression,siglip_frozen_embeddings_logistic_regression
width_bin,,4,58162,standard (0.9-1.5m),wide (>1.5m),False,0.9999897724989394,width_bin,logistic_regression,siglip_frozen_embeddings_logistic_regression
width_bin,,4,58168,standard (0.9-1.5m),narrow (<0.9m),False,0.8835566567695925,width_bin,logistic_regression,siglip_frozen_embeddings_logistic_regression
width_bin,,4,58955,standard (0.9-1.5m),standard (0.9-1.5m),True,0.9241705993311226,width_bin,logistic_regression,siglip_frozen_embeddings_logistic_regression
width_bin,,4,58958,standard (0.9-1.5m),standard (0.9-1.5m),True,0.9994659094497443,width_bin,logistic_regression,siglip_frozen_embeddings_logistic_regression
width_bin,,4,60528,standard (0.9-1.5m),standard (0.9-1.5m),True,0.9374163885255181,width_bin,logistic_regression,siglip_frozen_embeddings_logistic_regression
width_bin,,4,60689,standard (0.9-1.5m),standard (0.9-1.5m),True,0.9992856802377997,width_bin,logistic_regression,siglip_frozen_embeddings_logistic_regression
width_bin,,4,60956,standard (0.9-1.5m),standard (0.9-1.5m),True,0.6089761978299387,width_bin,logistic_regression,siglip_frozen_embeddings_logistic_regression
width_bin,,4,61416,wide (>1.5m),wide (>1.5m),True,0.9975059792381711,width_bin,logistic_regression,siglip_frozen_embeddings_logistic_regression
width_bin,,4,63597,standard (0.9-1.5m),narrow (<0.9m),False,0.9998159141283205,width_bin,logistic_regression,siglip_frozen_embeddings_logistic_regression
width_bin,,4,64131,wide (>1.5m),standard (0.9-1.5m),False,0.9496641920820376,width_bin,logistic_regression,siglip_frozen_embeddings_logistic_regression
width_bin,,4,65154,narrow (<0.9m),standard (0.9-1.5m),False,0.7475532127926294,width_bin,logistic_regression,siglip_frozen_embeddings_logistic_regression
width_bin,,4,65788,standard (0.9-1.5m),wide (>1.5m),False,0.8210610641357765,width_bin,logistic_regression,siglip_frozen_embeddings_logistic_regression
width_bin,,4,65790,standard (0.9-1.5m),wide (>1.5m),False,0.993478222489632,width_bin,logistic_regression,siglip_frozen_embeddings_logistic_regression
width_bin,,4,66207,standard (0.9-1.5m),standard (0.9-1.5m),True,0.7961839027966158,width_bin,logistic_regression,siglip_frozen_embeddings_logistic_regression
width_bin,,4,66915,standard (0.9-1.5m),narrow (<3m),False,0.9074055215266839,width_bin,logistic_regression,siglip_frozen_embeddings_logistic_regression
width_bin,,4,85143,wide (>1.5m),standard (0.9-1.5m),False,0.7288868776550091,width_bin,logistic_regression,siglip_frozen_embeddings_logistic_regression
width_bin,,4,87188,standard (0.9-1.5m),wide (>1.5m),False,0.9997923303109559,width_bin,logistic_regression,siglip_frozen_embeddings_logistic_regression
width_bin,,4,87832,wide (>1.5m),standard (0.9-1.5m),False,0.5161703973740928,width_bin,logistic_regression,siglip_frozen_embeddings_logistic_regression
width_bin,,4,88740,standard (0.9-1.5m),standard (0.9-1.5m),True,0.9667428845010987,width_bin,logistic_regression,siglip_frozen_embeddings_logistic_regression
width_bin,,4,88741,standard (0.9-1.5m),narrow (<0.9m),False,0.9674207513439222,width_bin,logistic_regression,siglip_frozen_embeddings_logistic_regression
width_bin,,4,90408,standard (0.9-1.5m),standard (0.9-1.5m),True,0.835429261876836,width_bin,logistic_regression,siglip_frozen_embeddings_logistic_regression
width_bin,,4,90539,narrow (<0.9m),standard (0.9-1.5m),False,0.99680785698068,width_bin,logistic_regression,siglip_frozen_embeddings_logistic_regression
width_bin,,4,92794,wide (>1.5m),narrow (<0.9m),False,0.9811058432812648,width_bin,logistic_regression,siglip_frozen_embeddings_logistic_regression
width_bin,,4,92801,standard (0.9-1.5m),standard (0.9-1.5m),True,0.9538527809659858,width_bin,logistic_regression,siglip_frozen_embeddings_logistic_regression
width_bin,,4,93038,standard (0.9-1.5m),wide (>1.5m),False,0.4881814835760305,width_bin,logistic_regression,siglip_frozen_embeddings_logistic_regression
width_bin,,4,94144,standard (0.9-1.5m),standard (0.9-1.5m),True,0.9694468922647715,width_bin,logistic_regression,siglip_frozen_embeddings_logistic_regression
width_bin,,4,94779,wide (>1.5m),standard (0.9-1.5m),False,0.9912934396899258,width_bin,logistic_regression,siglip_frozen_embeddings_logistic_regression
width_bin,,4,96292,wide (>1.5m),standard (0.9-1.5m),False,0.8793234008261464,width_bin,logistic_regression,siglip_frozen_embeddings_logistic_regression
width_bin,,4,96293,standard (0.9-1.5m),narrow (<0.9m),False,0.935615386096629,width_bin,logistic_regression,siglip_frozen_embeddings_logistic_regression
width_bin,,4,97816,wide (>1.5m),wide (>1.5m),True,0.9425072192157483,width_bin,logistic_regression,siglip_frozen_embeddings_logistic_regression
width_bin,,4,97817,standard (0.9-1.5m),wide (>1.5m),False,0.9842512482567258,width_bin,logistic_regression,siglip_frozen_embeddings_logistic_regression
width_bin,,4,99459,standard (0.9-1.5m),wide (>1.5m),False,0.8051518288610897,width_bin,logistic_regression,siglip_frozen_embeddings_logistic_regression
width_bin,,4,100111,standard (0.9-1.5m),standard (0.9-1.5m),True,0.9730358754444297,width_bin,logistic_regression,siglip_frozen_embeddings_logistic_regression
width_bin,,4,100253,wide (>1.5m),wide (>1.5m),True,0.9865973555216782,width_bin,logistic_regression,siglip_frozen_embeddings_logistic_regression
width_bin,,4,100267,wide (>1.5m),wide (>1.5m),True,0.9922125145414108,width_bin,logistic_regression,siglip_frozen_embeddings_logistic_regression
width_bin,,4,100270,wide (>1.5m),wide (>1.5m),True,0.7756111498801085,width_bin,logistic_regression,siglip_frozen_embeddings_logistic_regression
width_bin,,4,100313,wide (>1.5m),standard (0.9-1.5m),False,0.998868289872657,width_bin,logistic_regression,siglip_frozen_embeddings_logistic_regression
width_bin,,4,100446,wide (>1.5m),wide (>1.5m),True,0.9970947062775274,width_bin,logistic_regression,siglip_frozen_embeddings_logistic_regression
width_bin,,4,100450,wide (>1.5m),standard (0.9-1.5m),False,0.9211727492589373,width_bin,logistic_regression,siglip_frozen_embeddings_logistic_regression
width_bin,,4,100475,wide (>1.5m),wide (>1.5m),True,0.92774509937318,width_bin,logistic_regression,siglip_frozen_embeddings_logistic_regression
width_bin,,4,100758,wide (>1.5m),standard (0.9-1.5m),False,0.9311896386414997,width_bin,logistic_regression,siglip_frozen_embeddings_logistic_regression
width_bin,,4,101129,wide (>1.5m),wide (>1.5m),True,0.6323201931744955,width_bin,logistic_regression,siglip_frozen_embeddings_logistic_regression
width_bin,,4,101831,standard (0.9-1.5m),wide (>1.5m),False,0.8967867696428657,width_bin,logistic_regression,siglip_frozen_embeddings_logistic_regression
width_bin,,4,101890,wide (>1.5m),wide (>1.5m),True,0.9748371216687757,width_bin,logistic_regression,siglip_frozen_embeddings_logistic_regression
width_bin,,4,101988,standard (0.9-1.5m),standard (0.9-1.5m),True,0.7356635557406918,width_bin,logistic_regression,siglip_frozen_embeddings_logistic_regression
width_bin,,4,103526,standard (0.9-1.5m),standard (0.9-1.5m),True,0.9782272909139273,width_bin,logistic_regression,siglip_frozen_embeddings_logistic_regression
width_bin,,4,106036,narrow (<0.9m),narrow (<0.9m),True,0.8250745367970146,width_bin,logistic_regression,siglip_frozen_embeddings_logistic_regression
width_bin,,4,106636,standard (0.9-1.5m),standard (0.9-1.5m),True,0.7923359341379803,width_bin,logistic_regression,siglip_frozen_embeddings_logistic_regression
width_bin,,4,106922,standard (0.9-1.5m),standard (0.9-1.5m),True,0.8396118118272478,width_bin,logistic_regression,siglip_frozen_embeddings_logistic_regression
width_bin,,4,106925,standard (0.9-1.5m),standard (0.9-1.5m),True,0.9959168313400476,width_bin,logistic_regression,siglip_frozen_embeddings_logistic_regression
width_bin,,4,107058,standard (0.9-1.5m),standard (0.9-1.5m),True,0.9524722365758975,width_bin,logistic_regression,siglip_frozen_embeddings_logistic_regression
width_bin,,4,107291,standard (0.9-1.5m),standard (0.9-1.5m),True,0.9048847812092742,width_bin,logistic_regression,siglip_frozen_embeddings_logistic_regression
width_bin,,4,107897,standard (0.9-1.5m),wide (>1.5m),False,0.9441561403396009,width_bin,logistic_regression,siglip_frozen_embeddings_logistic_regression
width_bin,,4,107911,standard (0.9-1.5m),standard (0.9-1.5m),True,0.8851558280386188,width_bin,logistic_regression,siglip_frozen_embeddings_logistic_regression
width_bin,,4,107922,standard (0.9-1.5m),standard (0.9-1.5m),True,0.9176201261498269,width_bin,logistic_regression,siglip_frozen_embeddings_logistic_regression
width_bin,,4,107973,standard (0.9-1.5m),standard (0.9-1.5m),True,0.6073128754210402,width_bin,logistic_regression,siglip_frozen_embeddings_logistic_regression
width_bin,,4,108019,standard (0.9-1.5m),standard (0.9-1.5m),True,0.936552192031631,width_bin,logistic_regression,siglip_frozen_embeddings_logistic_regression
width_bin,,4,108037,standard (0.9-1.5m),standard (0.9-1.5m),True,0.7286293208146878,width_bin,logistic_regression,siglip_frozen_embeddings_logistic_regression
width_bin,,4,108740,wide (>1.5m),standard (0.9-1.5m),False,0.8990053421813874,width_bin,logistic_regression,siglip_frozen_embeddings_logistic_regression
width_bin,,4,108781,standard (0.9-1.5m),standard (0.9-1.5m),True,0.6801400276934588,width_bin,logistic_regression,siglip_frozen_embeddings_logistic_regression
width_bin,,4,109169,standard (0.9-1.5m),standard (0.9-1.5m),True,0.9814461721149638,width_bin,logistic_regression,siglip_frozen_embeddings_logistic_regression
width_bin,,4,109170,standard (0.9-1.5m),standard (0.9-1.5m),True,0.7742388432751659,width_bin,logistic_regression,siglip_frozen_embeddings_logistic_regression
width_bin,,4,109536,wide (>1.5m),standard (0.9-1.5m),False,0.9859840754007115,width_bin,logistic_regression,siglip_frozen_embeddings_logistic_regression
width_bin,,4,109727,wide (>1.5m),standard (0.9-1.5m),False,0.9518557698305534,width_bin,logistic_regression,siglip_frozen_embeddings_logistic_regression
width_bin,,4,110131,standard (0.9-1.5m),standard (0.9-1.5m),True,0.9259893832730309,width_bin,logistic_regression,siglip_frozen_embeddings_logistic_regression
width_bin,,4,110164,standard (0.9-1.5m),standard (0.9-1.5m),True,0.9992620872680062,width_bin,logistic_regression,siglip_frozen_embeddings_logistic_regression
width_bin,,4,110299,standard (0.9-1.5m),standard (0.9-1.5m),True,0.5718686858995191,width_bin,logistic_regression,siglip_frozen_embeddings_logistic_regression
width_bin,,4,110356,standard (0.9-1.5m),wide (>1.5m),False,0.9964836482924553,width_bin,logistic_regression,siglip_frozen_embeddings_logistic_regression
width_bin,,4,111648,narrow (<0.9m),wide (>1.5m),False,0.5419106963892221,width_bin,logistic_regression,siglip_frozen_embeddings_logistic_regression
width_bin,,4,112407,standard (0.9-1.5m),standard (0.9-1.5m),True,0.5432301424130441,width_bin,logistic_regression,siglip_frozen_embeddings_logistic_regression
width_bin,,4,112834,standard (0.9-1.5m),standard (0.9-1.5m),True,0.9597287235564386,width_bin,logistic_regression,siglip_frozen_embeddings_logistic_regression
width_bin,,4,113244,wide (>1.5m),wide (>1.5m),True,0.821733901748481,width_bin,logistic_regression,siglip_frozen_embeddings_logistic_regression
width_bin,,4,113803,wide (>1.5m),wide (>1.5m),True,0.5978780170549516,width_bin,logistic_regression,siglip_frozen_embeddings_logistic_regression
width_bin,,4,113805,wide (>1.5m),standard (0.9-1.5m),False,0.8659220428250863,width_bin,logistic_regression,siglip_frozen_embeddings_logistic_regression
width_bin,,4,114014,standard (0.9-1.5m),standard (0.9-1.5m),True,0.9892046192292485,width_bin,logistic_regression,siglip_frozen_embeddings_logistic_regression
width_bin,,4,114815,narrow (<0.9m),narrow (<0.9m),True,0.8368892767504179,width_bin,logistic_regression,siglip_frozen_embeddings_logistic_regression
width_bin,,4,114940,wide (>1.5m),wide (>1.5m),True,0.8595648083897668,width_bin,logistic_regression,siglip_frozen_embeddings_logistic_regression
width_bin,,4,114959,wide (>1.5m),narrow (<0.9m),False,0.9110284710916551,width_bin,logistic_regression,siglip_frozen_embeddings_logistic_regression
width_bin,,4,115261,narrow (<0.9m),wide (>1.5m),False,0.9017785176909727,width_bin,logistic_regression,siglip_frozen_embeddings_logistic_regression
width_bin,,4,115806,wide (>1.5m),standard (0.9-1.5m),False,0.9266307983422553,width_bin,logistic_regression,siglip_frozen_embeddings_logistic_regression
width_bin,,4,115809,wide (>1.5m),standard (0.9-1.5m),False,0.6152662587522845,width_bin,logistic_regression,siglip_frozen_embeddings_logistic_regression
width_bin,,4,116737,wide (>1.5m),standard (0.9-1.5m),False,0.607273762540797,width_bin,logistic_regression,siglip_frozen_embeddings_logistic_regression
width_bin,,4,116854,standard (0.9-1.5m),standard (0.9-1.5m),True,0.9904487891478161,width_bin,logistic_regression,siglip_frozen_embeddings_logistic_regression
width_bin,,4,117215,standard (0.9-1.5m),standard (0.9-1.5m),True,0.9922955734578581,width_bin,logistic_regression,siglip_frozen_embeddings_logistic_regression
width_bin,,4,117222,standard (0.9-1.5m),standard (0.9-1.5m),True,0.9437998487995477,width_bin,logistic_regression,siglip_frozen_embeddings_logistic_regression
width_bin,,4,118143,narrow (<0.9m),wide (>1.5m),False,0.9840634787915592,width_bin,logistic_regression,siglip_frozen_embeddings_logistic_regression
width_bin,,4,118758,narrow (<0.9m),standard (0.9-1.5m),False,0.83639318146006,width_bin,logistic_regression,siglip_frozen_embeddings_logistic_regression
width_bin,,4,119099,standard (0.9-1.5m),wide (>1.5m),False,0.9843067376319643,width_bin,logistic_regression,siglip_frozen_embeddings_logistic_regression
width_bin,,4,119811,wide (>1.5m),wide (>1.5m),True,0.5359146454486202,width_bin,logistic_regression,siglip_frozen_embeddings_logistic_regression
width_bin,,4,120686,narrow (<0.9m),wide (>1.5m),False,0.8702238754387075,width_bin,logistic_regression,siglip_frozen_embeddings_logistic_regression
width_bin,,4,121649,wide (>1.5m),standard (0.9-1.5m),False,0.8682874107184075,width_bin,logistic_regression,siglip_frozen_embeddings_logistic_regression
width_bin,,4,121696,wide (>1.5m),wide (>1.5m),True,0.9999026567983459,width_bin,logistic_regression,siglip_frozen_embeddings_logistic_regression
width_bin,,4,122180,standard (0.9-1.5m),standard (0.9-1.5m),True,0.5023640315132926,width_bin,logistic_regression,siglip_frozen_embeddings_logistic_regression
width_bin,,4,122439,narrow (<0.9m),wide (>1.5m),False,0.723730944826782,width_bin,logistic_regression,siglip_frozen_embeddings_logistic_regression
width_bin,,4,122980,standard (0.9-1.5m),wide (>1.5m),False,0.8140859979425465,width_bin,logistic_regression,siglip_frozen_embeddings_logistic_regression
width_bin,,4,123309,wide (>1.5m),standard (0.9-1.5m),False,0.9275682438407519,width_bin,logistic_regression,siglip_frozen_embeddings_logistic_regression
width_bin,,4,126178,narrow (<0.9m),narrow (<0.9m),True,0.8234966072524681,width_bin,logistic_regression,siglip_frozen_embeddings_logistic_regression
width_bin,,4,126334,wide (>1.5m),wide (>1.5m),True,0.9986511333893319,width_bin,logistic_regression,siglip_frozen_embeddings_logistic_regression
width_bin,,4,127203,standard (0.9-1.5m),wide (>1.5m),False,0.785600477655276,width_bin,logistic_regression,siglip_frozen_embeddings_logistic_regression
width_bin,,4,127525,wide (>1.5m),standard (0.9-1.5m),False,0.7355944612974825,width_bin,logistic_regression,siglip_frozen_embeddings_logistic_regression
width_bin,,4,129364,standard (0.9-1.5m),narrow (<0.9m),False,0.9995020108813936,width_bin,logistic_regression,siglip_frozen_embeddings_logistic_regression
width_bin,,4,129739,standard (0.9-1.5m),wide (>1.5m),False,0.9762819424797796,width_bin,logistic_regression,siglip_frozen_embeddings_logistic_regression
width_bin,,4,51551,medium (3-7m),wide (>1.5m),False,0.3459872843983833,width_bin,logistic_regression,siglip_frozen_embeddings_logistic_regression
width_bin,,4,54209,medium (3-7m),medium (3-7m),True,0.9515337704043016,width_bin,logistic_regression,siglip_frozen_embeddings_logistic_regression
width_bin,,4,54338,narrow (<3m),standard (0.9-1.5m),False,0.9696288290230012,width_bin,logistic_regression,siglip_frozen_embeddings_logistic_regression
width_bin,,4,57298,wide (>7m),standard (0.9-1.5m),False,0.9910473204116848,width_bin,logistic_regression,siglip_frozen_embeddings_logistic_regression
width_bin,,4,61424,wide (>7m),medium (3-7m),False,0.9986937774835475,width_bin,logistic_regression,siglip_frozen_embeddings_logistic_regression
width_bin,,4,66955,wide (>7m),narrow (<3m),False,0.7268263922772765,width_bin,logistic_regression,siglip_frozen_embeddings_logistic_regression
width_bin,,4,74894,medium (3-7m),medium (3-7m),True,0.9794055253029343,width_bin,logistic_regression,siglip_frozen_embeddings_logistic_regression
width_bin,,4,81279,medium (3-7m),medium (3-7m),True,0.9626738354036377,width_bin,logistic_regression,siglip_frozen_embeddings_logistic_regression
width_bin,,4,100150,medium (3-7m),wide (>1.5m),False,0.7084245931492008,width_bin,logistic_regression,siglip_frozen_embeddings_logistic_regression
width_bin,,4,117398,medium (3-7m),medium (3-7m),True,0.9974237190014944,width_bin,logistic_regression,siglip_frozen_embeddings_logistic_regression
width_bin,,4,123598,medium (3-7m),narrow (<3m),False,0.6195241696396159,width_bin,logistic_regression,siglip_frozen_embeddings_logistic_regression
width_bin,,5,48119,wide (>1.5m),standard (0.9-1.5m),False,0.9250789838436562,width_bin,logistic_regression,siglip_frozen_embeddings_logistic_regression
width_bin,,5,48120,wide (>1.5m),wide (>1.5m),True,0.9973800811702642,width_bin,logistic_regression,siglip_frozen_embeddings_logistic_regression
width_bin,,5,55643,narrow (<0.9m),standard (0.9-1.5m),False,0.5709639047173378,width_bin,logistic_regression,siglip_frozen_embeddings_logistic_regression
width_bin,,5,58173,wide (>1.5m),standard (0.9-1.5m),False,0.8295257523700693,width_bin,logistic_regression,siglip_frozen_embeddings_logistic_regression
width_bin,,5,61114,narrow (<0.9m),wide (>1.5m),False,0.7378633800314027,width_bin,logistic_regression,siglip_frozen_embeddings_logistic_regression
width_bin,,5,61735,standard (0.9-1.5m),standard (0.9-1.5m),True,0.8191413806391913,width_bin,logistic_regression,siglip_frozen_embeddings_logistic_regression
width_bin,,5,61742,standard (0.9-1.5m),wide (>1.5m),False,0.5083431841343753,width_bin,logistic_regression,siglip_frozen_embeddings_logistic_regression
width_bin,,5,62067,standard (0.9-1.5m),wide (>1.5m),False,0.9916096972153918,width_bin,logistic_regression,siglip_frozen_embeddings_logistic_regression
width_bin,,5,65422,standard (0.9-1.5m),narrow (<0.9m),False,0.7674373490820279,width_bin,logistic_regression,siglip_frozen_embeddings_logistic_regression
width_bin,,5,81887,wide (>1.5m),standard (0.9-1.5m),False,0.802003538555737,width_bin,logistic_regression,siglip_frozen_embeddings_logistic_regression
width_bin,,5,85171,wide (>1.5m),narrow (<0.9m),False,0.992312142958768,width_bin,logistic_regression,siglip_frozen_embeddings_logistic_regression
width_bin,,5,85506,wide (>1.5m),wide (>1.5m),True,0.9999999972088334,width_bin,logistic_regression,siglip_frozen_embeddings_logistic_regression
width_bin,,5,87583,narrow (<0.9m),standard (0.9-1.5m),False,0.7964669364034593,width_bin,logistic_regression,siglip_frozen_embeddings_logistic_regression
width_bin,,5,89598,standard (0.9-1.5m),standard (0.9-1.5m),True,0.9356841238660926,width_bin,logistic_regression,siglip_frozen_embeddings_logistic_regression
width_bin,,5,89601,standard (0.9-1.5m),wide (>1.5m),False,0.533333238793046,width_bin,logistic_regression,siglip_frozen_embeddings_logistic_regression
width_bin,,5,89709,standard (0.9-1.5m),standard (0.9-1.5m),True,0.6710061974855533,width_bin,logistic_regression,siglip_frozen_embeddings_logistic_regression
width_bin,,5,89710,standard (0.9-1.5m),standard (0.9-1.5m),True,0.553551807324152,width_bin,logistic_regression,siglip_frozen_embeddings_logistic_regression
width_bin,,5,89721,standard (0.9-1.5m),standard (0.9-1.5m),True,0.9998819239261527,width_bin,logistic_regression,siglip_frozen_embeddings_logistic_regression
width_bin,,5,89734,standard (0.9-1.5m),standard (0.9-1.5m),True,0.9945323475750856,width_bin,logistic_regression,siglip_frozen_embeddings_logistic_regression
width_bin,,5,89762,standard (0.9-1.5m),standard (0.9-1.5m),True,0.9989160130012719,width_bin,logistic_regression,siglip_frozen_embeddings_logistic_regression
width_bin,,5,89765,standard (0.9-1.5m),standard (0.9-1.5m),True,0.9986174434289145,width_bin,logistic_regression,siglip_frozen_embeddings_logistic_regression
width_bin,,5,90321,standard (0.9-1.5m),standard (0.9-1.5m),True,0.9114218338541297,width_bin,logistic_regression,siglip_frozen_embeddings_logistic_regression
width_bin,,5,90334,standard (0.9-1.5m),narrow (<0.9m),False,0.5112418429048134,width_bin,logistic_regression,siglip_frozen_embeddings_logistic_regression
width_bin,,5,90360,standard (0.9-1.5m),standard (0.9-1.5m),True,0.9345346626287505,width_bin,logistic_regression,siglip_frozen_embeddings_logistic_regression
width_bin,,5,90365,standard (0.9-1.5m),standard (0.9-1.5m),True,0.7519294569662288,width_bin,logistic_regression,siglip_frozen_embeddings_logistic_regression
width_bin,,5,90376,standard (0.9-1.5m),standard (0.9-1.5m),True,0.7319095463756544,width_bin,logistic_regression,siglip_frozen_embeddings_logistic_regression
width_bin,,5,90380,standard (0.9-1.5m),wide (>1.5m),False,0.9378070496401206,width_bin,logistic_regression,siglip_frozen_embeddings_logistic_regression
width_bin,,5,90386,standard (0.9-1.5m),standard (0.9-1.5m),True,0.891887549630845,width_bin,logistic_regression,siglip_frozen_embeddings_logistic_regression
width_bin,,5,90390,standard (0.9-1.5m),standard (0.9-1.5m),True,0.8655990940712474,width_bin,logistic_regression,siglip_frozen_embeddings_logistic_regression
width_bin,,5,90393,narrow (<0.9m),narrow (<0.9m),True,0.8419425188790784,width_bin,logistic_regression,siglip_frozen_embeddings_logistic_regression
width_bin,,5,90396,standard (0.9-1.5m),wide (>1.5m),False,0.8656553217176485,width_bin,logistic_regression,siglip_frozen_embeddings_logistic_regression
width_bin,,5,90400,standard (0.9-1.5m),standard (0.9-1.5m),True,0.8063558160337142,width_bin,logistic_regression,siglip_frozen_embeddings_logistic_regression
width_bin,,5,90501,standard (0.9-1.5m),standard (0.9-1.5m),True,0.5959900635474129,width_bin,logistic_regression,siglip_frozen_embeddings_logistic_regression
width_bin,,5,90510,standard (0.9-1.5m),standard (0.9-1.5m),True,0.9907342075840357,width_bin,logistic_regression,siglip_frozen_embeddings_logistic_regression
width_bin,,5,91715,standard (0.9-1.5m),wide (>1.5m),False,0.5244705830444452,width_bin,logistic_regression,siglip_frozen_embeddings_logistic_regression
width_bin,,5,92023,narrow (<0.9m),standard (0.9-1.5m),False,0.9776514886068856,width_bin,logistic_regression,siglip_frozen_embeddings_logistic_regression
width_bin,,5,92025,narrow (<0.9m),standard (0.9-1.5m),False,0.9821091488196059,width_bin,logistic_regression,siglip_frozen_embeddings_logistic_regression
width_bin,,5,92026,narrow (<0.9m),narrow (<0.9m),True,0.906132722045811,width_bin,logistic_regression,siglip_frozen_embeddings_logistic_regression
width_bin,,5,92044,narrow (<0.9m),narrow (<0.9m),True,0.6565833555497597,width_bin,logistic_regression,siglip_frozen_embeddings_logistic_regression
width_bin,,5,92073,standard (0.9-1.5m),standard (0.9-1.5m),True,0.9848169567570526,width_bin,logistic_regression,siglip_frozen_embeddings_logistic_regression
width_bin,,5,92089,standard (0.9-1.5m),standard (0.9-1.5m),True,0.9696344064601664,width_bin,logistic_regression,siglip_frozen_embeddings_logistic_regression
width_bin,,5,93025,wide (>1.5m),wide (>1.5m),True,0.9986007735515201,width_bin,logistic_regression,siglip_frozen_embeddings_logistic_regression
width_bin,,5,93027,wide (>1.5m),wide (>1.5m),True,0.9997826264777363,width_bin,logistic_regression,siglip_frozen_embeddings_logistic_regression
width_bin,,5,93030,standard (0.9-1.5m),wide (>1.5m),False,0.9623088049260999,width_bin,logistic_regression,siglip_frozen_embeddings_logistic_regression
width_bin,,5,94274,narrow (<0.9m),narrow (<0.9m),True,0.9980051983012453,width_bin,logistic_regression,siglip_frozen_embeddings_logistic_regression
width_bin,,5,94280,narrow (<0.9m),narrow (<0.9m),True,0.8572573731218782,width_bin,logistic_regression,siglip_frozen_embeddings_logistic_regression
width_bin,,5,94290,narrow (<0.9m),narrow (<0.9m),True,0.9999246303377644,width_bin,logistic_regression,siglip_frozen_embeddings_logistic_regression
width_bin,,5,94304,narrow (<0.9m),narrow (<0.9m),True,0.9994241147004431,width_bin,logistic_regression,siglip_frozen_embeddings_logistic_regression
width_bin,,5,94319,narrow (<0.9m),narrow (<0.9m),True,0.9137018913926381,width_bin,logistic_regression,siglip_frozen_embeddings_logistic_regression
width_bin,,5,94348,narrow (<0.9m),narrow (<0.9m),True,0.8915623567090214,width_bin,logistic_regression,siglip_frozen_embeddings_logistic_regression
width_bin,,5,94352,standard (0.9-1.5m),narrow (<0.9m),False,0.6232108539702037,width_bin,logistic_regression,siglip_frozen_embeddings_logistic_regression
width_bin,,5,94357,narrow (<0.9m),narrow (<0.9m),True,0.9999969853922397,width_bin,logistic_regression,siglip_frozen_embeddings_logistic_regression
width_bin,,5,94367,narrow (<0.9m),narrow (<0.9m),True,0.9572829464074358,width_bin,logistic_regression,siglip_frozen_embeddings_logistic_regression
width_bin,,5,94368,narrow (<0.9m),narrow (<0.9m),True,0.9979881558284001,width_bin,logistic_regression,siglip_frozen_embeddings_logistic_regression
width_bin,,5,94371,narrow (<0.9m),narrow (<0.9m),True,0.6718947996051748,width_bin,logistic_regression,siglip_frozen_embeddings_logistic_regression
width_bin,,5,94372,narrow (<0.9m),narrow (<0.9m),True,0.9984813457420721,width_bin,logistic_regression,siglip_frozen_embeddings_logistic_regression
width_bin,,5,94376,narrow (<0.9m),narrow (<0.9m),True,0.8384859735039205,width_bin,logistic_regression,siglip_frozen_embeddings_logistic_regression
width_bin,,5,94377,narrow (<0.9m),narrow (<0.9m),True,0.9954940003196022,width_bin,logistic_regression,siglip_frozen_embeddings_logistic_regression
width_bin,,5,94378,narrow (<0.9m),narrow (<0.9m),True,0.9396531189849704,width_bin,logistic_regression,siglip_frozen_embeddings_logistic_regression
width_bin,,5,94379,narrow (<0.9m),narrow (<0.9m),True,0.9956913574100034,width_bin,logistic_regression,siglip_frozen_embeddings_logistic_regression
width_bin,,5,94391,narrow (<0.9m),narrow (<0.9m),True,0.9993305540947288,width_bin,logistic_regression,siglip_frozen_embeddings_logistic_regression
width_bin,,5,94396,narrow (<0.9m),wide (>1.5m),False,0.6358590541704106,width_bin,logistic_regression,siglip_frozen_embeddings_logistic_regression
width_bin,,5,94486,narrow (<0.9m),narrow (<0.9m),True,0.9823881088541006,width_bin,logistic_regression,siglip_frozen_embeddings_logistic_regression
width_bin,,5,94784,standard (0.9-1.5m),standard (0.9-1.5m),True,0.6495951869049587,width_bin,logistic_regression,siglip_frozen_embeddings_logistic_regression
width_bin,,5,95730,standard (0.9-1.5m),standard (0.9-1.5m),True,0.8995913446264293,width_bin,logistic_regression,siglip_frozen_embeddings_logistic_regression
width_bin,,5,99815,wide (>1.5m),standard (0.9-1.5m),False,0.999495049922594,width_bin,logistic_regression,siglip_frozen_embeddings_logistic_regression
width_bin,,5,100555,standard (0.9-1.5m),standard (0.9-1.5m),True,0.43049351782230943,width_bin,logistic_regression,siglip_frozen_embeddings_logistic_regression
width_bin,,5,100999,wide (>1.5m),standard (0.9-1.5m),False,0.9088111655262815,width_bin,logistic_regression,siglip_frozen_embeddings_logistic_regression
width_bin,,5,102372,wide (>1.5m),standard (0.9-1.5m),False,0.9971120243020279,width_bin,logistic_regression,siglip_frozen_embeddings_logistic_regression
width_bin,,5,102415,wide (>1.5m),standard (0.9-1.5m),False,0.8874673344870088,width_bin,logistic_regression,siglip_frozen_embeddings_logistic_regression
width_bin,,5,102424,wide (>1.5m),standard (0.9-1.5m),False,0.5752499134466156,width_bin,logistic_regression,siglip_frozen_embeddings_logistic_regression
width_bin,,5,102443,standard (0.9-1.5m),standard (0.9-1.5m),True,0.9977343514022095,width_bin,logistic_regression,siglip_frozen_embeddings_logistic_regression
width_bin,,5,102472,standard (0.9-1.5m),standard (0.9-1.5m),True,0.9951863921454365,width_bin,logistic_regression,siglip_frozen_embeddings_logistic_regression
width_bin,,5,102560,standard (0.9-1.5m),standard (0.9-1.5m),True,0.9995289223689576,width_bin,logistic_regression,siglip_frozen_embeddings_logistic_regression
width_bin,,5,103742,standard (0.9-1.5m),narrow (<0.9m),False,0.5265083104241759,width_bin,logistic_regression,siglip_frozen_embeddings_logistic_regression
width_bin,,5,103743,standard (0.9-1.5m),standard (0.9-1.5m),True,0.9875093674728308,width_bin,logistic_regression,siglip_frozen_embeddings_logistic_regression
width_bin,,5,103750,standard (0.9-1.5m),standard (0.9-1.5m),True,0.9953869423857123,width_bin,logistic_regression,siglip_frozen_embeddings_logistic_regression
width_bin,,5,104070,standard (0.9-1.5m),standard (0.9-1.5m),True,0.9999925885675088,width_bin,logistic_regression,siglip_frozen_embeddings_logistic_regression
width_bin,,5,105250,narrow (<0.9m),narrow (<0.9m),True,0.9102877059629333,width_bin,logistic_regression,siglip_frozen_embeddings_logistic_regression
width_bin,,5,105274,standard (0.9-1.5m),standard (0.9-1.5m),True,0.9689298377178374,width_bin,logistic_regression,siglip_frozen_embeddings_logistic_regression
width_bin,,5,107054,standard (0.9-1.5m),narrow (<0.9m),False,0.574540923675718,width_bin,logistic_regression,siglip_frozen_embeddings_logistic_regression
width_bin,,5,107319,wide (>1.5m),standard (0.9-1.5m),False,0.9979649215090022,width_bin,logistic_regression,siglip_frozen_embeddings_logistic_regression
width_bin,,5,107322,standard (0.9-1.5m),standard (0.9-1.5m),True,0.7264278626213194,width_bin,logistic_regression,siglip_frozen_embeddings_logistic_regression
width_bin,,5,107335,standard (0.9-1.5m),standard (0.9-1.5m),True,0.9961285404764468,width_bin,logistic_regression,siglip_frozen_embeddings_logistic_regression
width_bin,,5,107360,standard (0.9-1.5m),standard (0.9-1.5m),True,0.9997705382342452,width_bin,logistic_regression,siglip_frozen_embeddings_logistic_regression
width_bin,,5,107404,standard (0.9-1.5m),standard (0.9-1.5m),True,0.9898113063299376,width_bin,logistic_regression,siglip_frozen_embeddings_logistic_regression
width_bin,,5,107579,narrow (<0.9m),narrow (<0.9m),True,0.9570167328644136,width_bin,logistic_regression,siglip_frozen_embeddings_logistic_regression
width_bin,,5,107875,standard (0.9-1.5m),standard (0.9-1.5m),True,0.8311152688461606,width_bin,logistic_regression,siglip_frozen_embeddings_logistic_regression
width_bin,,5,107951,standard (0.9-1.5m),standard (0.9-1.5m),True,0.9999987200098047,width_bin,logistic_regression,siglip_frozen_embeddings_logistic_regression
width_bin,,5,107957,standard (0.9-1.5m),standard (0.9-1.5m),True,0.9174437222849556,width_bin,logistic_regression,siglip_frozen_embeddings_logistic_regression
width_bin,,5,108021,standard (0.9-1.5m),narrow (<0.9m),False,0.9986160812578647,width_bin,logistic_regression,siglip_frozen_embeddings_logistic_regression
width_bin,,5,108303,standard (0.9-1.5m),standard (0.9-1.5m),True,0.9912596885542706,width_bin,logistic_regression,siglip_frozen_embeddings_logistic_regression
width_bin,,5,108318,standard (0.9-1.5m),narrow (<0.9m),False,0.754864280805169,width_bin,logistic_regression,siglip_frozen_embeddings_logistic_regression
width_bin,,5,108710,standard (0.9-1.5m),standard (0.9-1.5m),True,0.8894135723881345,width_bin,logistic_regression,siglip_frozen_embeddings_logistic_regression
width_bin,,5,108712,standard (0.9-1.5m),standard (0.9-1.5m),True,0.9843583476141579,width_bin,logistic_regression,siglip_frozen_embeddings_logistic_regression
width_bin,,5,108713,standard (0.9-1.5m),standard (0.9-1.5m),True,0.9666988721604793,width_bin,logistic_regression,siglip_frozen_embeddings_logistic_regression
width_bin,,5,108714,narrow (<0.9m),standard (0.9-1.5m),False,0.9975114992301368,width_bin,logistic_regression,siglip_frozen_embeddings_logistic_regression
width_bin,,5,108783,standard (0.9-1.5m),standard (0.9-1.5m),True,0.7094472546861614,width_bin,logistic_regression,siglip_frozen_embeddings_logistic_regression
width_bin,,5,108788,standard (0.9-1.5m),standard (0.9-1.5m),True,0.9857717896422422,width_bin,logistic_regression,siglip_frozen_embeddings_logistic_regression
width_bin,,5,109613,standard (0.9-1.5m),standard (0.9-1.5m),True,0.5336212843626841,width_bin,logistic_regression,siglip_frozen_embeddings_logistic_regression
width_bin,,5,109617,standard (0.9-1.5m),standard (0.9-1.5m),True,0.9989439974008828,width_bin,logistic_regression,siglip_frozen_embeddings_logistic_regression
width_bin,,5,109618,standard (0.9-1.5m),standard (0.9-1.5m),True,0.5866333033815753,width_bin,logistic_regression,siglip_frozen_embeddings_logistic_regression
width_bin,,5,109622,standard (0.9-1.5m),standard (0.9-1.5m),True,0.6259723595286251,width_bin,logistic_regression,siglip_frozen_embeddings_logistic_regression
width_bin,,5,109698,narrow (<0.9m),narrow (<0.9m),True,0.94516957261515,width_bin,logistic_regression,siglip_frozen_embeddings_logistic_regression
width_bin,,5,109703,standard (0.9-1.5m),standard (0.9-1.5m),True,0.8687689683988049,width_bin,logistic_regression,siglip_frozen_embeddings_logistic_regression
width_bin,,5,109711,narrow (<0.9m),standard (0.9-1.5m),False,0.7170923356888375,width_bin,logistic_regression,siglip_frozen_embeddings_logistic_regression
width_bin,,5,110281,standard (0.9-1.5m),standard (0.9-1.5m),True,0.9999275904218003,width_bin,logistic_regression,siglip_frozen_embeddings_logistic_regression
width_bin,,5,110285,standard (0.9-1.5m),standard (0.9-1.5m),True,0.999998226954032,width_bin,logistic_regression,siglip_frozen_embeddings_logistic_regression
width_bin,,5,110291,standard (0.9-1.5m),wide (>1.5m),False,0.8606272099229261,width_bin,logistic_regression,siglip_frozen_embeddings_logistic_regression
width_bin,,5,110301,standard (0.9-1.5m),standard (0.9-1.5m),True,0.999451561785315,width_bin,logistic_regression,siglip_frozen_embeddings_logistic_regression
width_bin,,5,110573,standard (0.9-1.5m),standard (0.9-1.5m),True,0.9979012579820273,width_bin,logistic_regression,siglip_frozen_embeddings_logistic_regression
width_bin,,5,110606,narrow (<0.9m),wide (>1.5m),False,0.9996203351843777,width_bin,logistic_regression,siglip_frozen_embeddings_logistic_regression
width_bin,,5,110755,standard (0.9-1.5m),standard (0.9-1.5m),True,0.9582611483063151,width_bin,logistic_regression,siglip_frozen_embeddings_logistic_regression
width_bin,,5,110835,standard (0.9-1.5m),narrow (<0.9m),False,0.5398342068267913,width_bin,logistic_regression,siglip_frozen_embeddings_logistic_regression
width_bin,,5,110970,standard (0.9-1.5m),wide (>1.5m),False,0.5501763158912816,width_bin,logistic_regression,siglip_frozen_embeddings_logistic_regression
width_bin,,5,111005,standard (0.9-1.5m),wide (>1.5m),False,0.9434628280004035,width_bin,logistic_regression,siglip_frozen_embeddings_logistic_regression
width_bin,,5,111673,narrow (<0.9m),standard (0.9-1.5m),False,0.7590821822468686,width_bin,logistic_regression,siglip_frozen_embeddings_logistic_regression
width_bin,,5,111777,standard (0.9-1.5m),narrow (<0.9m),False,0.8600930447069465,width_bin,logistic_regression,siglip_frozen_embeddings_logistic_regression
width_bin,,5,111779,narrow (<0.9m),standard (0.9-1.5m),False,0.9992609821928321,width_bin,logistic_regression,siglip_frozen_embeddings_logistic_regression
width_bin,,5,111789,narrow (<0.9m),wide (>1.5m),False,0.8989028591311548,width_bin,logistic_regression,siglip_frozen_embeddings_logistic_regression
width_bin,,5,111791,narrow (<0.9m),wide (>1.5m),False,0.6084346241293105,width_bin,logistic_regression,siglip_frozen_embeddings_logistic_regression
width_bin,,5,111800,narrow (<0.9m),standard (0.9-1.5m),False,0.5986311193950654,width_bin,logistic_regression,siglip_frozen_embeddings_logistic_regression
width_bin,,5,111801,narrow (<0.9m),wide (>1.5m),False,0.9301700377997082,width_bin,logistic_regression,siglip_frozen_embeddings_logistic_regression
width_bin,,5,111809,narrow (<0.9m),wide (>1.5m),False,0.9483486499183992,width_bin,logistic_regression,siglip_frozen_embeddings_logistic_regression
width_bin,,5,111815,narrow (<0.9m),standard (0.9-1.5m),False,0.8454430288878587,width_bin,logistic_regression,siglip_frozen_embeddings_logistic_regression
width_bin,,5,111831,standard (0.9-1.5m),standard (0.9-1.5m),True,0.9323642959207911,width_bin,logistic_regression,siglip_frozen_embeddings_logistic_regression
width_bin,,5,112587,standard (0.9-1.5m),standard (0.9-1.5m),True,0.9999778650698793,width_bin,logistic_regression,siglip_frozen_embeddings_logistic_regression
width_bin,,5,114937,standard (0.9-1.5m),standard (0.9-1.5m),True,0.995533265997079,width_bin,logistic_regression,siglip_frozen_embeddings_logistic_regression
width_bin,,5,114946,narrow (<0.9m),standard (0.9-1.5m),False,0.7858588374646467,width_bin,logistic_regression,siglip_frozen_embeddings_logistic_regression
width_bin,,5,114953,narrow (<0.9m),standard (0.9-1.5m),False,0.895387645754115,width_bin,logistic_regression,siglip_frozen_embeddings_logistic_regression
width_bin,,5,114955,narrow (<0.9m),standard (0.9-1.5m),False,0.9933092525534081,width_bin,logistic_regression,siglip_frozen_embeddings_logistic_regression
width_bin,,5,114958,standard (0.9-1.5m),standard (0.9-1.5m),True,0.9981173622624127,width_bin,logistic_regression,siglip_frozen_embeddings_logistic_regression
width_bin,,5,114975,standard (0.9-1.5m),narrow (<0.9m),False,0.9967832409388577,width_bin,logistic_regression,siglip_frozen_embeddings_logistic_regression
width_bin,,5,116635,wide (>1.5m),wide (>1.5m),True,0.9660293767850752,width_bin,logistic_regression,siglip_frozen_embeddings_logistic_regression
width_bin,,5,116739,narrow (<0.9m),standard (0.9-1.5m),False,0.9977149525929746,width_bin,logistic_regression,siglip_frozen_embeddings_logistic_regression
width_bin,,5,116765,wide (>1.5m),wide (>1.5m),True,0.9999951429787569,width_bin,logistic_regression,siglip_frozen_embeddings_logistic_regression
width_bin,,5,116848,standard (0.9-1.5m),standard (0.9-1.5m),True,0.9761760171721814,width_bin,logistic_regression,siglip_frozen_embeddings_logistic_regression
width_bin,,5,117013,standard (0.9-1.5m),standard (0.9-1.5m),True,0.7322206014464712,width_bin,logistic_regression,siglip_frozen_embeddings_logistic_regression
width_bin,,5,117210,standard (0.9-1.5m),wide (>1.5m),False,0.7281002416846608,width_bin,logistic_regression,siglip_frozen_embeddings_logistic_regression
width_bin,,5,117593,standard (0.9-1.5m),standard (0.9-1.5m),True,0.6304555356225048,width_bin,logistic_regression,siglip_frozen_embeddings_logistic_regression
width_bin,,5,117596,standard (0.9-1.5m),narrow (<0.9m),False,0.9931028938551432,width_bin,logistic_regression,siglip_frozen_embeddings_logistic_regression
width_bin,,5,117600,standard (0.9-1.5m),standard (0.9-1.5m),True,0.9222287339614418,width_bin,logistic_regression,siglip_frozen_embeddings_logistic_regression
width_bin,,5,118201,narrow (<0.9m),wide (>1.5m),False,0.930332159442524,width_bin,logistic_regression,siglip_frozen_embeddings_logistic_regression
width_bin,,5,118202,narrow (<0.9m),standard (0.9-1.5m),False,0.9237608197676883,width_bin,logistic_regression,siglip_frozen_embeddings_logistic_regression
width_bin,,5,120661,narrow (<0.9m),narrow (<0.9m),True,0.9907484199861115,width_bin,logistic_regression,siglip_frozen_embeddings_logistic_regression
width_bin,,5,120668,standard (0.9-1.5m),narrow (<0.9m),False,0.9798125819570613,width_bin,logistic_regression,siglip_frozen_embeddings_logistic_regression
width_bin,,5,120672,narrow (<0.9m),narrow (<0.9m),True,0.8515096211228105,width_bin,logistic_regression,siglip_frozen_embeddings_logistic_regression
width_bin,,5,120673,narrow (<0.9m),narrow (<0.9m),True,0.9637061858831278,width_bin,logistic_regression,siglip_frozen_embeddings_logistic_regression
width_bin,,5,120676,narrow (<0.9m),narrow (<0.9m),True,0.7686603657080258,width_bin,logistic_regression,siglip_frozen_embeddings_logistic_regression
width_bin,,5,120679,narrow (<0.9m),standard (0.9-1.5m),False,0.9708322696147687,width_bin,logistic_regression,siglip_frozen_embeddings_logistic_regression
width_bin,,5,92014,narrow (<0.9m),standard (0.9-1.5m),False,0.8737091770179705,width_bin,logistic_regression,siglip_frozen_embeddings_logistic_regression
width_bin,,5,120689,narrow (<0.9m),narrow (<0.9m),True,0.9997968436373504,width_bin,logistic_regression,siglip_frozen_embeddings_logistic_regression
width_bin,,5,120690,narrow (<0.9m),narrow (<0.9m),True,0.8486004513363772,width_bin,logistic_regression,siglip_frozen_embeddings_logistic_regression
width_bin,,5,120691,narrow (<0.9m),narrow (<0.9m),True,0.9522013137016165,width_bin,logistic_regression,siglip_frozen_embeddings_logistic_regression
width_bin,,5,120692,narrow (<0.9m),narrow (<0.9m),True,0.999849049029519,width_bin,logistic_regression,siglip_frozen_embeddings_logistic_regression
width_bin,,5,120694,narrow (<0.9m),narrow (<0.9m),True,0.988388485987181,width_bin,logistic_regression,siglip_frozen_embeddings_logistic_regression
width_bin,,5,120732,narrow (<0.9m),narrow (<0.9m),True,0.9862786189362256,width_bin,logistic_regression,siglip_frozen_embeddings_logistic_regression
width_bin,,5,121009,narrow (<0.9m),narrow (<0.9m),True,0.9985790813499672,width_bin,logistic_regression,siglip_frozen_embeddings_logistic_regression
width_bin,,5,121010,narrow (<0.9m),narrow (<0.9m),True,0.9954983697750797,width_bin,logistic_regression,siglip_frozen_embeddings_logistic_regression
width_bin,,5,121070,standard (0.9-1.5m),wide (>1.5m),False,0.9913356675510155,width_bin,logistic_regression,siglip_frozen_embeddings_logistic_regression
width_bin,,5,121576,wide (>1.5m),wide (>1.5m),True,0.6500617846329761,width_bin,logistic_regression,siglip_frozen_embeddings_logistic_regression
width_bin,,5,121581,wide (>1.5m),standard (0.9-1.5m),False,0.537006295070611,width_bin,logistic_regression,siglip_frozen_embeddings_logistic_regression
width_bin,,5,121601,standard (0.9-1.5m),standard (0.9-1.5m),True,0.9916288125063173,width_bin,logistic_regression,siglip_frozen_embeddings_logistic_regression
width_bin,,5,121676,narrow (<0.9m),narrow (<0.9m),True,0.9862299197370346,width_bin,logistic_regression,siglip_frozen_embeddings_logistic_regression
width_bin,,5,121728,narrow (<0.9m),narrow (<0.9m),True,0.9999067770546285,width_bin,logistic_regression,siglip_frozen_embeddings_logistic_regression
width_bin,,5,121786,standard (0.9-1.5m),narrow (<0.9m),False,0.99996512208269,width_bin,logistic_regression,siglip_frozen_embeddings_logistic_regression
width_bin,,5,121790,narrow (<0.9m),narrow (<0.9m),True,0.5703078281134988,width_bin,logistic_regression,siglip_frozen_embeddings_logistic_regression
width_bin,,5,122367,standard (0.9-1.5m),narrow (<0.9m),False,0.779973086358556,width_bin,logistic_regression,siglip_frozen_embeddings_logistic_regression
width_bin,,5,122831,narrow (<0.9m),narrow (<0.9m),True,0.9777170378130173,width_bin,logistic_regression,siglip_frozen_embeddings_logistic_regression
width_bin,,5,122833,narrow (<0.9m),narrow (<0.9m),True,0.9999788781327918,width_bin,logistic_regression,siglip_frozen_embeddings_logistic_regression
width_bin,,5,122976,narrow (<0.9m),narrow (<0.9m),True,0.48218589687610297,width_bin,logistic_regression,siglip_frozen_embeddings_logistic_regression
width_bin,,5,123094,standard (0.9-1.5m),standard (0.9-1.5m),True,0.999603513521428,width_bin,logistic_regression,siglip_frozen_embeddings_logistic_regression
width_bin,,5,123106,standard (0.9-1.5m),standard (0.9-1.5m),True,0.9999736862414788,width_bin,logistic_regression,siglip_frozen_embeddings_logistic_regression
width_bin,,5,123260,wide (>1.5m),standard (0.9-1.5m),False,0.9955066227474958,width_bin,logistic_regression,siglip_frozen_embeddings_logistic_regression
width_bin,,5,123470,wide (>1.5m),standard (0.9-1.5m),False,0.9957411810795597,width_bin,logistic_regression,siglip_frozen_embeddings_logistic_regression
width_bin,,5,123473,wide (>1.5m),wide (>1.5m),True,0.9410891974310899,width_bin,logistic_regression,siglip_frozen_embeddings_logistic_regression
width_bin,,5,123776,standard (0.9-1.5m),standard (0.9-1.5m),True,0.999990986024977,width_bin,logistic_regression,siglip_frozen_embeddings_logistic_regression
width_bin,,5,124740,wide (>1.5m),wide (>1.5m),True,0.8254634240376959,width_bin,logistic_regression,siglip_frozen_embeddings_logistic_regression
width_bin,,5,126780,standard (0.9-1.5m),standard (0.9-1.5m),True,0.9693219328689454,width_bin,logistic_regression,siglip_frozen_embeddings_logistic_regression
width_bin,,5,126836,standard (0.9-1.5m),standard (0.9-1.5m),True,0.9914503948550174,width_bin,logistic_regression,siglip_frozen_embeddings_logistic_regression
width_bin,,5,126840,standard (0.9-1.5m),standard (0.9-1.5m),True,0.5964460288235439,width_bin,logistic_regression,siglip_frozen_embeddings_logistic_regression
width_bin,,5,127131,wide (>1.5m),wide (>1.5m),True,0.9874650155147072,width_bin,logistic_regression,siglip_frozen_embeddings_logistic_regression
width_bin,,5,127149,standard (0.9-1.5m),standard (0.9-1.5m),True,0.9834384580000692,width_bin,logistic_regression,siglip_frozen_embeddings_logistic_regression
width_bin,,5,129400,wide (>1.5m),wide (>1.5m),True,0.994904084302705,width_bin,logistic_regression,siglip_frozen_embeddings_logistic_regression
width_bin,,5,103626,standard (0.9-1.5m),standard (0.9-1.5m),True,0.5532163185719066,width_bin,logistic_regression,siglip_frozen_embeddings_logistic_regression
width_bin,,5,107064,standard (0.9-1.5m),standard (0.9-1.5m),True,0.4398050354694106,width_bin,logistic_regression,siglip_frozen_embeddings_logistic_regression
width_bin,,5,109181,standard (0.9-1.5m),standard (0.9-1.5m),True,0.801760096630338,width_bin,logistic_regression,siglip_frozen_embeddings_logistic_regression
width_bin,,5,110256,standard (0.9-1.5m),narrow (<0.9m),False,0.8799035839368146,width_bin,logistic_regression,siglip_frozen_embeddings_logistic_regression
width_bin,,5,114056,standard (0.9-1.5m),narrow (<0.9m),False,0.9516252250602073,width_bin,logistic_regression,siglip_frozen_embeddings_logistic_regression
width_bin,,5,114189,standard (0.9-1.5m),wide (>1.5m),False,0.3654599220504622,width_bin,logistic_regression,siglip_frozen_embeddings_logistic_regression
width_bin,,5,114207,standard (0.9-1.5m),standard (0.9-1.5m),True,0.9934617808450991,width_bin,logistic_regression,siglip_frozen_embeddings_logistic_regression
width_bin,,5,114262,standard (0.9-1.5m),wide (>1.5m),False,0.8208256981445251,width_bin,logistic_regression,siglip_frozen_embeddings_logistic_regression
width_bin,,5,115446,standard (0.9-1.5m),standard (0.9-1.5m),True,0.9947803071023228,width_bin,logistic_regression,siglip_frozen_embeddings_logistic_regression
width_bin,,5,118804,narrow (<0.9m),narrow (<0.9m),True,0.7886449762377752,width_bin,logistic_regression,siglip_frozen_embeddings_logistic_regression
width_bin,,5,121505,wide (>1.5m),wide (>1.5m),True,0.9382529152970092,width_bin,logistic_regression,siglip_frozen_embeddings_logistic_regression
width_bin,,5,122443,standard (0.9-1.5m),standard (0.9-1.5m),True,0.9804375421395739,width_bin,logistic_regression,siglip_frozen_embeddings_logistic_regression
width_bin,,5,127074,standard (0.9-1.5m),narrow (<0.9m),False,0.9069647800322842,width_bin,logistic_regression,siglip_frozen_embeddings_logistic_regression
width_bin,,5,128879,wide (>1.5m),wide (>1.5m),True,0.8636711102261163,width_bin,logistic_regression,siglip_frozen_embeddings_logistic_regression
width_bin,,5,46932,standard (0.9-1.5m),wide (>1.5m),False,0.9168252066009732,width_bin,logistic_regression,siglip_frozen_embeddings_logistic_regression
width_bin,,5,47533,wide (>1.5m),standard (0.9-1.5m),False,0.9975590662359324,width_bin,logistic_regression,siglip_frozen_embeddings_logistic_regression
width_bin,,5,47633,wide (>1.5m),wide (>1.5m),True,0.6107297801200573,width_bin,logistic_regression,siglip_frozen_embeddings_logistic_regression
width_bin,,5,48343,wide (>1.5m),standard (0.9-1.5m),False,0.9973068505699739,width_bin,logistic_regression,siglip_frozen_embeddings_logistic_regression
width_bin,,5,48693,standard (0.9-1.5m),standard (0.9-1.5m),True,0.9992547660259331,width_bin,logistic_regression,siglip_frozen_embeddings_logistic_regression
width_bin,,5,48696,standard (0.9-1.5m),standard (0.9-1.5m),True,0.978784824821121,width_bin,logistic_regression,siglip_frozen_embeddings_logistic_regression
width_bin,,5,49058,narrow (<0.9m),narrow (<0.9m),True,0.5987647101046046,width_bin,logistic_regression,siglip_frozen_embeddings_logistic_regression
width_bin,,5,50231,standard (0.9-1.5m),wide (>1.5m),False,0.9928959264388773,width_bin,logistic_regression,siglip_frozen_embeddings_logistic_regression
width_bin,,5,51233,standard (0.9-1.5m),standard (0.9-1.5m),True,0.9908837302211022,width_bin,logistic_regression,siglip_frozen_embeddings_logistic_regression
width_bin,,5,52242,standard (0.9-1.5m),standard (0.9-1.5m),True,0.6975182538301082,width_bin,logistic_regression,siglip_frozen_embeddings_logistic_regression
width_bin,,5,52457,narrow (<0.9m),standard (0.9-1.5m),False,0.9243208574975325,width_bin,logistic_regression,siglip_frozen_embeddings_logistic_regression
width_bin,,5,53193,standard (0.9-1.5m),wide (>1.5m),False,0.9531126046653929,width_bin,logistic_regression,siglip_frozen_embeddings_logistic_regression
width_bin,,5,53200,standard (0.9-1.5m),wide (>1.5m),False,0.6918070039775516,width_bin,logistic_regression,siglip_frozen_embeddings_logistic_regression
width_bin,,5,53985,wide (>1.5m),wide (>1.5m),True,0.8493626609470275,width_bin,logistic_regression,siglip_frozen_embeddings_logistic_regression
width_bin,,5,54326,standard (0.9-1.5m),standard (0.9-1.5m),True,0.98958252555214,width_bin,logistic_regression,siglip_frozen_embeddings_logistic_regression
width_bin,,5,55633,standard (0.9-1.5m),narrow (<0.9m),False,0.9397694133535914,width_bin,logistic_regression,siglip_frozen_embeddings_logistic_regression
width_bin,,5,56204,standard (0.9-1.5m),wide (>1.5m),False,0.5544475683420421,width_bin,logistic_regression,siglip_frozen_embeddings_logistic_regression
width_bin,,5,56777,standard (0.9-1.5m),standard (0.9-1.5m),True,0.99775625722614,width_bin,logistic_regression,siglip_frozen_embeddings_logistic_regression
width_bin,,5,57117,standard (0.9-1.5m),standard (0.9-1.5m),True,0.9435965894201671,width_bin,logistic_regression,siglip_frozen_embeddings_logistic_regression
width_bin,,5,57507,standard (0.9-1.5m),standard (0.9-1.5m),True,0.9504422021443107,width_bin,logistic_regression,siglip_frozen_embeddings_logistic_regression
width_bin,,5,57833,standard (0.9-1.5m),standard (0.9-1.5m),True,0.9500081254350301,width_bin,logistic_regression,siglip_frozen_embeddings_logistic_regression
width_bin,,5,58169,wide (>1.5m),standard (0.9-1.5m),False,0.7732218771388536,width_bin,logistic_regression,siglip_frozen_embeddings_logistic_regression
width_bin,,5,58677,standard (0.9-1.5m),standard (0.9-1.5m),True,0.9100237666529563,width_bin,logistic_regression,siglip_frozen_embeddings_logistic_regression
width_bin,,5,61413,wide (>1.5m),wide (>1.5m),True,0.9941543588966455,width_bin,logistic_regression,siglip_frozen_embeddings_logistic_regression
width_bin,,5,61415,wide (>1.5m),standard (0.9-1.5m),False,0.7516630899467184,width_bin,logistic_regression,siglip_frozen_embeddings_logistic_regression
width_bin,,5,62088,standard (0.9-1.5m),standard (0.9-1.5m),True,0.9978393426637738,width_bin,logistic_regression,siglip_frozen_embeddings_logistic_regression
width_bin,,5,62443,standard (0.9-1.5m),wide (>1.5m),False,0.9999940867582077,width_bin,logistic_regression,siglip_frozen_embeddings_logistic_regression
width_bin,,5,62927,standard (0.9-1.5m),standard (0.9-1.5m),True,0.9639200000555199,width_bin,logistic_regression,siglip_frozen_embeddings_logistic_regression
width_bin,,5,63066,wide (>1.5m),wide (>1.5m),True,0.5684109785466149,width_bin,logistic_regression,siglip_frozen_embeddings_logistic_regression
width_bin,,5,63540,standard (0.9-1.5m),narrow (<0.9m),False,0.923614780152279,width_bin,logistic_regression,siglip_frozen_embeddings_logistic_regression
width_bin,,5,64099,standard (0.9-1.5m),standard (0.9-1.5m),True,0.9992806565058058,width_bin,logistic_regression,siglip_frozen_embeddings_logistic_regression
width_bin,,5,64109,wide (>1.5m),wide (>1.5m),True,0.9999164227968126,width_bin,logistic_regression,siglip_frozen_embeddings_logistic_regression
width_bin,,5,64118,standard (0.9-1.5m),standard (0.9-1.5m),True,0.9999998495583711,width_bin,logistic_regression,siglip_frozen_embeddings_logistic_regression
width_bin,,5,64123,standard (0.9-1.5m),standard (0.9-1.5m),True,0.9999975370940141,width_bin,logistic_regression,siglip_frozen_embeddings_logistic_regression
width_bin,,5,65497,standard (0.9-1.5m),standard (0.9-1.5m),True,0.9990372592038749,width_bin,logistic_regression,siglip_frozen_embeddings_logistic_regression
width_bin,,5,65608,standard (0.9-1.5m),standard (0.9-1.5m),True,0.565512254286526,width_bin,logistic_regression,siglip_frozen_embeddings_logistic_regression
width_bin,,5,66174,standard (0.9-1.5m),wide (>1.5m),False,0.9998389606436179,width_bin,logistic_regression,siglip_frozen_embeddings_logistic_regression
width_bin,,5,83135,wide (>1.5m),standard (0.9-1.5m),False,0.91884144758996,width_bin,logistic_regression,siglip_frozen_embeddings_logistic_regression
width_bin,,5,87483,wide (>1.5m),wide (>1.5m),True,0.8986894316251469,width_bin,logistic_regression,siglip_frozen_embeddings_logistic_regression
width_bin,,5,87549,standard (0.9-1.5m),narrow (<0.9m),False,0.5086465191450141,width_bin,logistic_regression,siglip_frozen_embeddings_logistic_regression
width_bin,,5,87769,wide (>1.5m),wide (>1.5m),True,0.9980539350269823,width_bin,logistic_regression,siglip_frozen_embeddings_logistic_regression
width_bin,,5,89589,standard (0.9-1.5m),standard (0.9-1.5m),True,0.9993896116898404,width_bin,logistic_regression,siglip_frozen_embeddings_logistic_regression
width_bin,,5,89590,standard (0.9-1.5m),standard (0.9-1.5m),True,0.48091139565135715,width_bin,logistic_regression,siglip_frozen_embeddings_logistic_regression
width_bin,,5,89597,standard (0.9-1.5m),narrow (<0.9m),False,0.8055850666455999,width_bin,logistic_regression,siglip_frozen_embeddings_logistic_regression
width_bin,,5,89761,wide (>1.5m),standard (0.9-1.5m),False,0.9530351885217773,width_bin,logistic_regression,siglip_frozen_embeddings_logistic_regression
width_bin,,5,90412,standard (0.9-1.5m),wide (>1.5m),False,0.8302124515009348,width_bin,logistic_regression,siglip_frozen_embeddings_logistic_regression
width_bin,,5,92039,narrow (<0.9m),narrow (<0.9m),True,0.6634007536184785,width_bin,logistic_regression,siglip_frozen_embeddings_logistic_regression
width_bin,,5,92167,standard (0.9-1.5m),wide (>1.5m),False,0.9682415385297514,width_bin,logistic_regression,siglip_frozen_embeddings_logistic_regression
width_bin,,5,93007,standard (0.9-1.5m),wide (>1.5m),False,0.6647939649317636,width_bin,logistic_regression,siglip_frozen_embeddings_logistic_regression
width_bin,,5,94177,wide (>1.5m),narrow (<0.9m),False,0.9916706418120232,width_bin,logistic_regression,siglip_frozen_embeddings_logistic_regression
width_bin,,5,94777,wide (>1.5m),standard (0.9-1.5m),False,0.6610337715454642,width_bin,logistic_regression,siglip_frozen_embeddings_logistic_regression
width_bin,,5,98336,standard (0.9-1.5m),standard (0.9-1.5m),True,0.8805376578100694,width_bin,logistic_regression,siglip_frozen_embeddings_logistic_regression
width_bin,,5,98498,wide (>1.5m),wide (>1.5m),True,0.9422099341305609,width_bin,logistic_regression,siglip_frozen_embeddings_logistic_regression
width_bin,,5,99457,wide (>1.5m),standard (0.9-1.5m),False,0.9690978388604536,width_bin,logistic_regression,siglip_frozen_embeddings_logistic_regression
width_bin,,5,100181,wide (>1.5m),wide (>1.5m),True,0.9999446465693428,width_bin,logistic_regression,siglip_frozen_embeddings_logistic_regression
width_bin,,5,100263,wide (>1.5m),wide (>1.5m),True,0.9453311040411171,width_bin,logistic_regression,siglip_frozen_embeddings_logistic_regression
width_bin,,5,100272,wide (>1.5m),wide (>1.5m),True,0.9998730811202154,width_bin,logistic_regression,siglip_frozen_embeddings_logistic_regression
width_bin,,5,100482,standard (0.9-1.5m),standard (0.9-1.5m),True,0.7847250460561005,width_bin,logistic_regression,siglip_frozen_embeddings_logistic_regression
width_bin,,5,100747,standard (0.9-1.5m),wide (>1.5m),False,0.9452829238496804,width_bin,logistic_regression,siglip_frozen_embeddings_logistic_regression
width_bin,,5,100757,wide (>1.5m),wide (>1.5m),True,0.8982494999483944,width_bin,logistic_regression,siglip_frozen_embeddings_logistic_regression
width_bin,,5,106037,narrow (<0.9m),narrow (<0.9m),True,0.9853667582891469,width_bin,logistic_regression,siglip_frozen_embeddings_logistic_regression
width_bin,,5,106273,standard (0.9-1.5m),standard (0.9-1.5m),True,0.9299673353951498,width_bin,logistic_regression,siglip_frozen_embeddings_logistic_regression
width_bin,,5,107041,standard (0.9-1.5m),wide (>1.5m),False,0.994228095828024,width_bin,logistic_regression,siglip_frozen_embeddings_logistic_regression
width_bin,,5,107877,standard (0.9-1.5m),wide (>1.5m),False,0.6215012650270348,width_bin,logistic_regression,siglip_frozen_embeddings_logistic_regression
width_bin,,5,107885,standard (0.9-1.5m),standard (0.9-1.5m),True,0.6570725020486655,width_bin,logistic_regression,siglip_frozen_embeddings_logistic_regression
width_bin,,5,107895,standard (0.9-1.5m),standard (0.9-1.5m),True,0.9289866710923675,width_bin,logistic_regression,siglip_frozen_embeddings_logistic_regression
width_bin,,5,107912,standard (0.9-1.5m),standard (0.9-1.5m),True,0.9961854476476737,width_bin,logistic_regression,siglip_frozen_embeddings_logistic_regression
width_bin,,5,108666,wide (>1.5m),wide (>1.5m),True,0.9702409827373228,width_bin,logistic_regression,siglip_frozen_embeddings_logistic_regression
width_bin,,5,108725,standard (0.9-1.5m),wide (>1.5m),False,0.9994647029070822,width_bin,logistic_regression,siglip_frozen_embeddings_logistic_regression
width_bin,,5,108797,narrow (<0.9m),narrow (<0.9m),True,0.9999974265949141,width_bin,logistic_regression,siglip_frozen_embeddings_logistic_regression
width_bin,,5,109560,standard (0.9-1.5m),standard (0.9-1.5m),True,0.9240783260357719,width_bin,logistic_regression,siglip_frozen_embeddings_logistic_regression
width_bin,,5,110121,standard (0.9-1.5m),standard (0.9-1.5m),True,0.999993975075585,width_bin,logistic_regression,siglip_frozen_embeddings_logistic_regression
width_bin,,5,110167,standard (0.9-1.5m),standard (0.9-1.5m),True,0.9642961794819835,width_bin,logistic_regression,siglip_frozen_embeddings_logistic_regression
width_bin,,5,110169,standard (0.9-1.5m),wide (>1.5m),False,0.7563230963110406,width_bin,logistic_regression,siglip_frozen_embeddings_logistic_regression
width_bin,,5,111862,standard (0.9-1.5m),narrow (<0.9m),False,0.8893157129261441,width_bin,logistic_regression,siglip_frozen_embeddings_logistic_regression
width_bin,,5,111914,standard (0.9-1.5m),wide (>1.5m),False,0.9735755524079096,width_bin,logistic_regression,siglip_frozen_embeddings_logistic_regression
width_bin,,5,112338,standard (0.9-1.5m),standard (0.9-1.5m),True,0.9877718626139184,width_bin,logistic_regression,siglip_frozen_embeddings_logistic_regression
width_bin,,5,112369,narrow (<0.9m),standard (0.9-1.5m),False,0.9939947719017147,width_bin,logistic_regression,siglip_frozen_embeddings_logistic_regression
width_bin,,5,113153,wide (>1.5m),standard (0.9-1.5m),False,0.94955947446842,width_bin,logistic_regression,siglip_frozen_embeddings_logistic_regression
width_bin,,5,113163,standard (0.9-1.5m),standard (0.9-1.5m),True,0.9997827462400394,width_bin,logistic_regression,siglip_frozen_embeddings_logistic_regression
width_bin,,5,113164,standard (0.9-1.5m),medium (3-7m),False,0.7923527726168014,width_bin,logistic_regression,siglip_frozen_embeddings_logistic_regression
width_bin,,5,113168,standard (0.9-1.5m),standard (0.9-1.5m),True,0.7224117389483078,width_bin,logistic_regression,siglip_frozen_embeddings_logistic_regression
width_bin,,5,113804,wide (>1.5m),standard (0.9-1.5m),False,0.9898870744206819,width_bin,logistic_regression,siglip_frozen_embeddings_logistic_regression
width_bin,,5,114635,narrow (<0.9m),standard (0.9-1.5m),False,0.8151691454593314,width_bin,logistic_regression,siglip_frozen_embeddings_logistic_regression
width_bin,,5,114711,wide (>1.5m),standard (0.9-1.5m),False,0.9866754559134223,width_bin,logistic_regression,siglip_frozen_embeddings_logistic_regression
width_bin,,5,114997,standard (0.9-1.5m),standard (0.9-1.5m),True,0.9733827550544342,width_bin,logistic_regression,siglip_frozen_embeddings_logistic_regression
width_bin,,5,115209,narrow (<0.9m),narrow (<0.9m),True,0.43470641168156027,width_bin,logistic_regression,siglip_frozen_embeddings_logistic_regression
width_bin,,5,115814,standard (0.9-1.5m),standard (0.9-1.5m),True,0.5031182712993804,width_bin,logistic_regression,siglip_frozen_embeddings_logistic_regression
width_bin,,5,117216,standard (0.9-1.5m),narrow (<0.9m),False,0.6813467323631124,width_bin,logistic_regression,siglip_frozen_embeddings_logistic_regression
width_bin,,5,117223,standard (0.9-1.5m),standard (0.9-1.5m),True,0.9843156718178349,width_bin,logistic_regression,siglip_frozen_embeddings_logistic_regression
width_bin,,5,117365,wide (>1.5m),standard (0.9-1.5m),False,0.9364104983074338,width_bin,logistic_regression,siglip_frozen_embeddings_logistic_regression
width_bin,,5,118246,narrow (<0.9m),wide (>1.5m),False,0.8959757446245791,width_bin,logistic_regression,siglip_frozen_embeddings_logistic_regression
width_bin,,5,118757,narrow (<0.9m),wide (>1.5m),False,0.5146085102607706,width_bin,logistic_regression,siglip_frozen_embeddings_logistic_regression
width_bin,,5,118759,standard (0.9-1.5m),narrow (<0.9m),False,0.6676630971862955,width_bin,logistic_regression,siglip_frozen_embeddings_logistic_regression
width_bin,,5,118797,narrow (<0.9m),wide (>1.5m),False,0.7725037018440892,width_bin,logistic_regression,siglip_frozen_embeddings_logistic_regression
width_bin,,5,118923,wide (>1.5m),narrow (<0.9m),False,0.914006680485909,width_bin,logistic_regression,siglip_frozen_embeddings_logistic_regression
width_bin,,5,119973,wide (>1.5m),wide (>1.5m),True,0.9936365236073629,width_bin,logistic_regression,siglip_frozen_embeddings_logistic_regression
width_bin,,5,120294,standard (0.9-1.5m),standard (0.9-1.5m),True,0.8914215754475693,width_bin,logistic_regression,siglip_frozen_embeddings_logistic_regression
width_bin,,5,121497,standard (0.9-1.5m),standard (0.9-1.5m),True,0.999888370626293,width_bin,logistic_regression,siglip_frozen_embeddings_logistic_regression
width_bin,,5,121500,wide (>1.5m),standard (0.9-1.5m),False,0.538321017885095,width_bin,logistic_regression,siglip_frozen_embeddings_logistic_regression
width_bin,,5,121595,narrow (<0.9m),wide (>1.5m),False,0.6828357686796492,width_bin,logistic_regression,siglip_frozen_embeddings_logistic_regression
width_bin,,5,121796,standard (0.9-1.5m),standard (0.9-1.5m),True,0.9186342757418022,width_bin,logistic_regression,siglip_frozen_embeddings_logistic_regression
width_bin,,5,122244,standard (0.9-1.5m),standard (0.9-1.5m),True,0.8946573030787103,width_bin,logistic_regression,siglip_frozen_embeddings_logistic_regression
width_bin,,5,122263,standard (0.9-1.5m),standard (0.9-1.5m),True,0.6196133518233731,width_bin,logistic_regression,siglip_frozen_embeddings_logistic_regression
width_bin,,5,122445,standard (0.9-1.5m),standard (0.9-1.5m),True,0.9977527644440725,width_bin,logistic_regression,siglip_frozen_embeddings_logistic_regression
width_bin,,5,122442,standard (0.9-1.5m),standard (0.9-1.5m),True,0.9295264650379192,width_bin,logistic_regression,siglip_frozen_embeddings_logistic_regression
width_bin,,5,122725,wide (>1.5m),narrow (<0.9m),False,0.9875913235672876,width_bin,logistic_regression,siglip_frozen_embeddings_logistic_regression
width_bin,,5,122999,standard (0.9-1.5m),narrow (<0.9m),False,0.873703062681917,width_bin,logistic_regression,siglip_frozen_embeddings_logistic_regression
width_bin,,5,122830,narrow (<0.9m),wide (>1.5m),False,0.4796655031653044,width_bin,logistic_regression,siglip_frozen_embeddings_logistic_regression
width_bin,,5,123352,wide (>1.5m),wide (>1.5m),True,0.6628434993397107,width_bin,logistic_regression,siglip_frozen_embeddings_logistic_regression
width_bin,,5,123310,standard (0.9-1.5m),standard (0.9-1.5m),True,0.977073867374675,width_bin,logistic_regression,siglip_frozen_embeddings_logistic_regression
width_bin,,5,123354,wide (>1.5m),standard (0.9-1.5m),False,0.9376483489617009,width_bin,logistic_regression,siglip_frozen_embeddings_logistic_regression
width_bin,,5,123585,standard (0.9-1.5m),wide (>1.5m),False,0.9670569311729339,width_bin,logistic_regression,siglip_frozen_embeddings_logistic_regression
width_bin,,5,126356,standard (0.9-1.5m),standard (0.9-1.5m),True,0.7330274805766726,width_bin,logistic_regression,siglip_frozen_embeddings_logistic_regression
width_bin,,5,126793,standard (0.9-1.5m),standard (0.9-1.5m),True,0.9997717108348521,width_bin,logistic_regression,siglip_frozen_embeddings_logistic_regression
width_bin,,5,127184,standard (0.9-1.5m),wide (>1.5m),False,0.9771335357301445,width_bin,logistic_regression,siglip_frozen_embeddings_logistic_regression
width_bin,,5,127205,standard (0.9-1.5m),narrow (<0.9m),False,0.9680449778552633,width_bin,logistic_regression,siglip_frozen_embeddings_logistic_regression
width_bin,,5,128643,standard (0.9-1.5m),standard (0.9-1.5m),True,0.9426510677654963,width_bin,logistic_regression,siglip_frozen_embeddings_logistic_regression
width_bin,,5,46619,medium (3-7m),medium (3-7m),True,0.9294180125950455,width_bin,logistic_regression,siglip_frozen_embeddings_logistic_regression
width_bin,,5,55471,narrow (<3m),medium (3-7m),False,0.5889964397392143,width_bin,logistic_regression,siglip_frozen_embeddings_logistic_regression
width_bin,,5,57509,wide (>7m),medium (3-7m),False,0.9991814505076293,width_bin,logistic_regression,siglip_frozen_embeddings_logistic_regression
width_bin,,5,64468,narrow (<3m),narrow (<0.9m),False,0.9723955896954404,width_bin,logistic_regression,siglip_frozen_embeddings_logistic_regression
width_bin,,5,66959,medium (3-7m),wide (>1.5m),False,0.9478916890615995,width_bin,logistic_regression,siglip_frozen_embeddings_logistic_regression
width_bin,,5,68020,medium (3-7m),medium (3-7m),True,0.6324441247667716,width_bin,logistic_regression,siglip_frozen_embeddings_logistic_regression
width_bin,,5,74895,medium (3-7m),medium (3-7m),True,0.9998039319259966,width_bin,logistic_regression,siglip_frozen_embeddings_logistic_regression
width_bin,,5,80994,narrow (<3m),medium (3-7m),False,0.999825657583355,width_bin,logistic_regression,siglip_frozen_embeddings_logistic_regression
width_bin,,5,82850,medium (3-7m),medium (3-7m),True,0.9299045295461142,width_bin,logistic_regression,siglip_frozen_embeddings_logistic_regression
width_bin,,5,111784,medium (3-7m),narrow (<3m),False,0.9008922876099517,width_bin,logistic_regression,siglip_frozen_embeddings_logistic_regression
