attribute,asset_type,fold,asset_id,true_label,predicted_label,correct,confidence,target_column,classifier,strategy
length_bin,,1,48634,long (>100m),medium (20-100m),False,0.8670302771666492,length_bin,logistic_regression,openclip_frozen_embeddings_logistic_regression
length_bin,,1,51256,medium (20-100m),short (<20m),False,0.6272628672545268,length_bin,logistic_regression,openclip_frozen_embeddings_logistic_regression
length_bin,,1,51547,long (>100m),short (<20m),False,0.8542075657726939,length_bin,logistic_regression,openclip_frozen_embeddings_logistic_regression
length_bin,,1,51942,long (>100m),short (<20m),False,0.6252920176160026,length_bin,logistic_regression,openclip_frozen_embeddings_logistic_regression
length_bin,,1,52245,short (<20m),medium (20-100m),False,0.6779848247936993,length_bin,logistic_regression,openclip_frozen_embeddings_logistic_regression
length_bin,,1,55648,short (<20m),medium (6-20m),False,0.947356896006211,length_bin,logistic_regression,openclip_frozen_embeddings_logistic_regression
length_bin,,1,56209,medium (20-100m),short (<6m),False,0.8509020312596169,length_bin,logistic_regression,openclip_frozen_embeddings_logistic_regression
length_bin,,1,56344,long (>100m),short (<20m),False,0.5606926651897977,length_bin,logistic_regression,openclip_frozen_embeddings_logistic_regression
length_bin,,1,64261,short (<20m),medium (20-100m),False,0.5148655999530602,length_bin,logistic_regression,openclip_frozen_embeddings_logistic_regression
length_bin,,1,64273,short (<20m),short (<20m),True,0.4465153996958597,length_bin,logistic_regression,openclip_frozen_embeddings_logistic_regression
length_bin,,1,65422,short (<20m),short (<20m),True,0.4907894761629513,length_bin,logistic_regression,openclip_frozen_embeddings_logistic_regression
length_bin,,1,66040,medium (20-100m),long (>100m),False,0.993019574987891,length_bin,logistic_regression,openclip_frozen_embeddings_logistic_regression
length_bin,,1,83925,short (<20m),short (<6m),False,0.8507739114761547,length_bin,logistic_regression,openclip_frozen_embeddings_logistic_regression
length_bin,,1,83941,medium (20-100m),medium (20-100m),True,0.9503853185200728,length_bin,logistic_regression,openclip_frozen_embeddings_logistic_regression
length_bin,,1,83943,short (<20m),medium (20-100m),False,0.6258745688813905,length_bin,logistic_regression,openclip_frozen_embeddings_logistic_regression
length_bin,,1,83944,short (<20m),medium (20-100m),False,0.8771429777816521,length_bin,logistic_regression,openclip_frozen_embeddings_logistic_regression
length_bin,,1,83950,medium (20-100m),short (<20m),False,0.9569379223683069,length_bin,logistic_regression,openclip_frozen_embeddings_logistic_regression
length_bin,,1,85078,medium (20-100m),short (<20m),False,0.9952363929386648,length_bin,logistic_regression,openclip_frozen_embeddings_logistic_regression
length_bin,,1,85474,short (<20m),short (<20m),True,0.9563484724637346,length_bin,logistic_regression,openclip_frozen_embeddings_logistic_regression
length_bin,,1,85498,short (<20m),short (<20m),True,0.9859542719793384,length_bin,logistic_regression,openclip_frozen_embeddings_logistic_regression
length_bin,,1,85508,medium (20-100m),medium (20-100m),True,0.6902905781598693,length_bin,logistic_regression,openclip_frozen_embeddings_logistic_regression
length_bin,,1,86014,short (<20m),short (<20m),True,0.508439148605235,length_bin,logistic_regression,openclip_frozen_embeddings_logistic_regression
length_bin,,1,86052,short (<20m),short (<20m),True,0.9949660625542757,length_bin,logistic_regression,openclip_frozen_embeddings_logistic_regression
length_bin,,1,86066,short (<20m),short (<20m),True,0.8625190651598119,length_bin,logistic_regression,openclip_frozen_embeddings_logistic_regression
length_bin,,1,86068,short (<20m),short (<20m),True,0.75055148144944,length_bin,logistic_regression,openclip_frozen_embeddings_logistic_regression
length_bin,,1,86083,short (<20m),medium (20-100m),False,0.8362220658133872,length_bin,logistic_regression,openclip_frozen_embeddings_logistic_regression
length_bin,,1,86087,short (<20m),short (<20m),True,0.8329669711217983,length_bin,logistic_regression,openclip_frozen_embeddings_logistic_regression
length_bin,,1,86104,short (<20m),short (<20m),True,0.936894754499309,length_bin,logistic_regression,openclip_frozen_embeddings_logistic_regression
length_bin,,1,86103,short (<20m),medium (20-100m),False,0.8023355540297707,length_bin,logistic_regression,openclip_frozen_embeddings_logistic_regression
length_bin,,1,86106,short (<20m),short (<20m),True,0.9975571198502162,length_bin,logistic_regression,openclip_frozen_embeddings_logistic_regression
length_bin,,1,86111,short (<20m),medium (20-100m),False,0.9477487374800438,length_bin,logistic_regression,openclip_frozen_embeddings_logistic_regression
length_bin,,1,86122,short (<20m),short (<20m),True,0.6219866790511928,length_bin,logistic_regression,openclip_frozen_embeddings_logistic_regression
length_bin,,1,86118,medium (20-100m),medium (20-100m),True,0.48488401416952565,length_bin,logistic_regression,openclip_frozen_embeddings_logistic_regression
length_bin,,1,86132,medium (20-100m),short (<20m),False,0.7119131209039783,length_bin,logistic_regression,openclip_frozen_embeddings_logistic_regression
length_bin,,1,86140,medium (20-100m),short (<20m),False,0.7427581153407583,length_bin,logistic_regression,openclip_frozen_embeddings_logistic_regression
length_bin,,1,86150,short (<20m),medium (20-100m),False,0.9168554920469585,length_bin,logistic_regression,openclip_frozen_embeddings_logistic_regression
length_bin,,1,86148,short (<20m),medium (20-100m),False,0.9771272293305882,length_bin,logistic_regression,openclip_frozen_embeddings_logistic_regression
length_bin,,1,86168,short (<20m),short (<20m),True,0.9960982888099809,length_bin,logistic_regression,openclip_frozen_embeddings_logistic_regression
length_bin,,1,86176,short (<20m),medium (20-100m),False,0.9935794781933468,length_bin,logistic_regression,openclip_frozen_embeddings_logistic_regression
length_bin,,1,86177,short (<20m),short (<20m),True,0.9969155452558027,length_bin,logistic_regression,openclip_frozen_embeddings_logistic_regression
length_bin,,1,86178,short (<20m),medium (20-100m),False,0.6405832219242216,length_bin,logistic_regression,openclip_frozen_embeddings_logistic_regression
length_bin,,1,86180,short (<20m),short (<20m),True,0.995566149613308,length_bin,logistic_regression,openclip_frozen_embeddings_logistic_regression
length_bin,,1,86191,long (>100m),medium (20-100m),False,0.8172703750484278,length_bin,logistic_regression,openclip_frozen_embeddings_logistic_regression
length_bin,,1,86198,short (<20m),short (<20m),True,0.7436619791544249,length_bin,logistic_regression,openclip_frozen_embeddings_logistic_regression
length_bin,,1,86204,medium (20-100m),short (<20m),False,0.9976219016650967,length_bin,logistic_regression,openclip_frozen_embeddings_logistic_regression
length_bin,,1,86199,medium (20-100m),medium (20-100m),True,0.9884881290868649,length_bin,logistic_regression,openclip_frozen_embeddings_logistic_regression
length_bin,,1,86207,short (<20m),medium (6-20m),False,0.6463523339817026,length_bin,logistic_regression,openclip_frozen_embeddings_logistic_regression
length_bin,,1,86216,short (<20m),medium (20-100m),False,0.5861602201820019,length_bin,logistic_regression,openclip_frozen_embeddings_logistic_regression
length_bin,,1,86220,short (<20m),medium (20-100m),False,0.993196542888362,length_bin,logistic_regression,openclip_frozen_embeddings_logistic_regression
length_bin,,1,86219,medium (20-100m),medium (20-100m),True,0.562229398279606,length_bin,logistic_regression,openclip_frozen_embeddings_logistic_regression
length_bin,,1,86232,medium (20-100m),long (>100m),False,0.985705660804371,length_bin,logistic_regression,openclip_frozen_embeddings_logistic_regression
length_bin,,1,86257,short (<20m),short (<20m),True,0.9983506045637498,length_bin,logistic_regression,openclip_frozen_embeddings_logistic_regression
length_bin,,1,87508,short (<20m),medium (6-20m),False,0.8273038516713609,length_bin,logistic_regression,openclip_frozen_embeddings_logistic_regression
length_bin,,1,87561,short (<20m),short (<20m),True,0.8166980732154889,length_bin,logistic_regression,openclip_frozen_embeddings_logistic_regression
length_bin,,1,87579,short (<20m),long (>100m),False,0.5068762370564526,length_bin,logistic_regression,openclip_frozen_embeddings_logistic_regression
length_bin,,1,89448,short (<20m),short (<20m),True,0.7738086252974014,length_bin,logistic_regression,openclip_frozen_embeddings_logistic_regression
length_bin,,1,89577,short (<20m),short (<20m),True,0.7746012938471131,length_bin,logistic_regression,openclip_frozen_embeddings_logistic_regression
length_bin,,1,89595,short (<20m),short (<20m),True,0.9797576563550527,length_bin,logistic_regression,openclip_frozen_embeddings_logistic_regression
length_bin,,1,89598,short (<20m),short (<20m),True,0.9191554567120134,length_bin,logistic_regression,openclip_frozen_embeddings_logistic_regression
length_bin,,1,89764,short (<20m),short (<20m),True,0.7837412473571269,length_bin,logistic_regression,openclip_frozen_embeddings_logistic_regression
length_bin,,1,90319,medium (20-100m),medium (20-100m),True,0.816800659078115,length_bin,logistic_regression,openclip_frozen_embeddings_logistic_regression
length_bin,,1,90321,medium (20-100m),medium (20-100m),True,0.97131240380256,length_bin,logistic_regression,openclip_frozen_embeddings_logistic_regression
length_bin,,1,90322,short (<20m),short (<20m),True,0.8925484022527699,length_bin,logistic_regression,openclip_frozen_embeddings_logistic_regression
length_bin,,1,90334,medium (20-100m),medium (20-100m),True,0.5530549923541828,length_bin,logistic_regression,openclip_frozen_embeddings_logistic_regression
length_bin,,1,90349,medium (20-100m),medium (20-100m),True,0.7196107696465793,length_bin,logistic_regression,openclip_frozen_embeddings_logistic_regression
length_bin,,1,90357,long (>100m),short (<20m),False,0.9443993861440696,length_bin,logistic_regression,openclip_frozen_embeddings_logistic_regression
length_bin,,1,90375,medium (20-100m),long (>100m),False,0.7318351913311141,length_bin,logistic_regression,openclip_frozen_embeddings_logistic_regression
length_bin,,1,90376,medium (20-100m),medium (20-100m),True,0.9510776588690888,length_bin,logistic_regression,openclip_frozen_embeddings_logistic_regression
length_bin,,1,90377,short (<20m),short (<6m),False,0.5318692571248987,length_bin,logistic_regression,openclip_frozen_embeddings_logistic_regression
length_bin,,1,90378,long (>100m),short (<20m),False,0.8985755006565879,length_bin,logistic_regression,openclip_frozen_embeddings_logistic_regression
length_bin,,1,90379,short (<20m),short (<20m),True,0.9818487112457039,length_bin,logistic_regression,openclip_frozen_embeddings_logistic_regression
length_bin,,1,90386,medium (20-100m),medium (20-100m),True,0.8623897663000756,length_bin,logistic_regression,openclip_frozen_embeddings_logistic_regression
length_bin,,1,90388,medium (20-100m),short (<20m),False,0.5807148432093739,length_bin,logistic_regression,openclip_frozen_embeddings_logistic_regression
length_bin,,1,90392,medium (20-100m),medium (20-100m),True,0.5020216356441708,length_bin,logistic_regression,openclip_frozen_embeddings_logistic_regression
length_bin,,1,90397,medium (20-100m),short (<20m),False,0.9481171369063438,length_bin,logistic_regression,openclip_frozen_embeddings_logistic_regression
length_bin,,1,90398,short (<20m),medium (20-100m),False,0.9776925396544394,length_bin,logistic_regression,openclip_frozen_embeddings_logistic_regression
length_bin,,1,90494,medium (20-100m),medium (20-100m),True,0.8756465702982422,length_bin,logistic_regression,openclip_frozen_embeddings_logistic_regression
length_bin,,1,90502,medium (20-100m),medium (20-100m),True,0.9139763410670971,length_bin,logistic_regression,openclip_frozen_embeddings_logistic_regression
length_bin,,1,90957,medium (20-100m),medium (20-100m),True,0.7139806962812425,length_bin,logistic_regression,openclip_frozen_embeddings_logistic_regression
length_bin,,1,92008,medium (20-100m),short (<20m),False,0.8671286563813121,length_bin,logistic_regression,openclip_frozen_embeddings_logistic_regression
length_bin,,1,92021,short (<20m),short (<20m),True,0.9733924418264321,length_bin,logistic_regression,openclip_frozen_embeddings_logistic_regression
length_bin,,1,92023,medium (20-100m),medium (20-100m),True,0.8478822268783994,length_bin,logistic_regression,openclip_frozen_embeddings_logistic_regression
length_bin,,1,92024,medium (20-100m),medium (20-100m),True,0.9084731873884345,length_bin,logistic_regression,openclip_frozen_embeddings_logistic_regression
length_bin,,1,92028,medium (20-100m),short (<20m),False,0.5444008623721749,length_bin,logistic_regression,openclip_frozen_embeddings_logistic_regression
length_bin,,1,92029,short (<20m),short (<20m),True,0.48168388139423307,length_bin,logistic_regression,openclip_frozen_embeddings_logistic_regression
length_bin,,1,92030,short (<20m),medium (20-100m),False,0.9514713923056185,length_bin,logistic_regression,openclip_frozen_embeddings_logistic_regression
length_bin,,1,92038,short (<20m),short (<20m),True,0.9963033758818012,length_bin,logistic_regression,openclip_frozen_embeddings_logistic_regression
length_bin,,1,92054,medium (20-100m),medium (20-100m),True,0.5289955555201223,length_bin,logistic_regression,openclip_frozen_embeddings_logistic_regression
length_bin,,1,92060,short (<20m),short (<20m),True,0.7832557946088997,length_bin,logistic_regression,openclip_frozen_embeddings_logistic_regression
length_bin,,1,92070,short (<20m),medium (6-20m),False,0.7054008405785287,length_bin,logistic_regression,openclip_frozen_embeddings_logistic_regression
length_bin,,1,92071,medium (20-100m),long (>100m),False,0.4427265957561388,length_bin,logistic_regression,openclip_frozen_embeddings_logistic_regression
length_bin,,1,92072,medium (20-100m),medium (20-100m),True,0.8670356828774297,length_bin,logistic_regression,openclip_frozen_embeddings_logistic_regression
length_bin,,1,92080,short (<20m),short (<20m),True,0.9798099757869055,length_bin,logistic_regression,openclip_frozen_embeddings_logistic_regression
length_bin,,1,94271,long (>100m),medium (20-100m),False,0.992729705945048,length_bin,logistic_regression,openclip_frozen_embeddings_logistic_regression
length_bin,,1,94272,short (<20m),medium (20-100m),False,0.9953837730603545,length_bin,logistic_regression,openclip_frozen_embeddings_logistic_regression
length_bin,,1,94290,medium (20-100m),medium (20-100m),True,0.779920373956524,length_bin,logistic_regression,openclip_frozen_embeddings_logistic_regression
length_bin,,1,94303,short (<20m),medium (20-100m),False,0.9099948769630776,length_bin,logistic_regression,openclip_frozen_embeddings_logistic_regression
length_bin,,1,94317,long (>100m),short (<20m),False,0.6025304330358863,length_bin,logistic_regression,openclip_frozen_embeddings_logistic_regression
length_bin,,1,94319,long (>100m),long (>100m),True,0.6843825027459346,length_bin,logistic_regression,openclip_frozen_embeddings_logistic_regression
length_bin,,1,94322,short (<20m),medium (20-100m),False,0.7862792725153004,length_bin,logistic_regression,openclip_frozen_embeddings_logistic_regression
length_bin,,1,94350,short (<20m),medium (20-100m),False,0.6411237193293213,length_bin,logistic_regression,openclip_frozen_embeddings_logistic_regression
length_bin,,1,94364,medium (20-100m),medium (20-100m),True,0.7379349913780382,length_bin,logistic_regression,openclip_frozen_embeddings_logistic_regression
length_bin,,1,94367,short (<20m),short (<20m),True,0.9436371189631472,length_bin,logistic_regression,openclip_frozen_embeddings_logistic_regression
length_bin,,1,94371,short (<20m),medium (20-100m),False,0.6191737872586144,length_bin,logistic_regression,openclip_frozen_embeddings_logistic_regression
length_bin,,1,94376,medium (20-100m),short (<20m),False,0.968082352826427,length_bin,logistic_regression,openclip_frozen_embeddings_logistic_regression
length_bin,,1,94377,short (<20m),long (>100m),False,0.4304867081447252,length_bin,logistic_regression,openclip_frozen_embeddings_logistic_regression
length_bin,,1,94382,medium (20-100m),long (>100m),False,0.6518384457756771,length_bin,logistic_regression,openclip_frozen_embeddings_logistic_regression
length_bin,,1,94392,short (<20m),short (<20m),True,0.7705518687648122,length_bin,logistic_regression,openclip_frozen_embeddings_logistic_regression
length_bin,,1,94394,short (<20m),short (<20m),True,0.7044921812065502,length_bin,logistic_regression,openclip_frozen_embeddings_logistic_regression
length_bin,,1,94399,short (<20m),medium (20-100m),False,0.9000389497617515,length_bin,logistic_regression,openclip_frozen_embeddings_logistic_regression
length_bin,,1,94486,long (>100m),medium (20-100m),False,0.87481629828829,length_bin,logistic_regression,openclip_frozen_embeddings_logistic_regression
length_bin,,1,96809,long (>100m),short (<20m),False,0.5162609158294892,length_bin,logistic_regression,openclip_frozen_embeddings_logistic_regression
length_bin,,1,100260,short (<20m),short (<6m),False,0.980650766765726,length_bin,logistic_regression,openclip_frozen_embeddings_logistic_regression
length_bin,,1,100345,medium (20-100m),medium (20-100m),True,0.7669082531301565,length_bin,logistic_regression,openclip_frozen_embeddings_logistic_regression
length_bin,,1,100999,short (<20m),medium (6-20m),False,0.9287778694996248,length_bin,logistic_regression,openclip_frozen_embeddings_logistic_regression
length_bin,,1,101005,short (<20m),medium (20-100m),False,0.8249341206423336,length_bin,logistic_regression,openclip_frozen_embeddings_logistic_regression
length_bin,,1,102412,short (<20m),short (<20m),True,0.8521740470615056,length_bin,logistic_regression,openclip_frozen_embeddings_logistic_regression
length_bin,,1,102444,short (<20m),short (<20m),True,0.6819406304846622,length_bin,logistic_regression,openclip_frozen_embeddings_logistic_regression
length_bin,,1,102560,short (<20m),short (<6m),False,0.9238368378707682,length_bin,logistic_regression,openclip_frozen_embeddings_logistic_regression
length_bin,,1,103622,short (<20m),short (<20m),True,0.8572506214597181,length_bin,logistic_regression,openclip_frozen_embeddings_logistic_regression
length_bin,,1,103747,short (<20m),short (<20m),True,0.9637823992665973,length_bin,logistic_regression,openclip_frozen_embeddings_logistic_regression
length_bin,,1,105268,short (<20m),short (<20m),True,0.7332986278895464,length_bin,logistic_regression,openclip_frozen_embeddings_logistic_regression
length_bin,,1,107364,short (<20m),medium (6-20m),False,0.9644125892562035,length_bin,logistic_regression,openclip_frozen_embeddings_logistic_regression
length_bin,,1,107404,short (<20m),short (<20m),True,0.6832913469469465,length_bin,logistic_regression,openclip_frozen_embeddings_logistic_regression
length_bin,,1,107591,short (<20m),short (<6m),False,0.880921716044064,length_bin,logistic_regression,openclip_frozen_embeddings_logistic_regression
length_bin,,1,107601,short (<20m),short (<20m),True,0.8521409430908405,length_bin,logistic_regression,openclip_frozen_embeddings_logistic_regression
length_bin,,1,107896,short (<20m),medium (20-100m),False,0.9672309364118121,length_bin,logistic_regression,openclip_frozen_embeddings_logistic_regression
length_bin,,1,107920,short (<20m),short (<20m),True,0.5724605989400469,length_bin,logistic_regression,openclip_frozen_embeddings_logistic_regression
length_bin,,1,108001,short (<20m),short (<10m),False,0.6350776801396844,length_bin,logistic_regression,openclip_frozen_embeddings_logistic_regression
length_bin,,1,108023,short (<20m),short (<20m),True,0.5044285448045267,length_bin,logistic_regression,openclip_frozen_embeddings_logistic_regression
length_bin,,1,108353,short (<20m),short (<20m),True,0.7853714330746928,length_bin,logistic_regression,openclip_frozen_embeddings_logistic_regression
length_bin,,1,108355,short (<20m),short (<20m),True,0.7744647254618681,length_bin,logistic_regression,openclip_frozen_embeddings_logistic_regression
length_bin,,1,108656,short (<20m),short (<6m),False,0.8411923161656706,length_bin,logistic_regression,openclip_frozen_embeddings_logistic_regression
length_bin,,1,108660,short (<20m),short (<20m),True,0.4373950159727858,length_bin,logistic_regression,openclip_frozen_embeddings_logistic_regression
length_bin,,1,108729,short (<20m),short (<20m),True,0.7963476252552216,length_bin,logistic_regression,openclip_frozen_embeddings_logistic_regression
length_bin,,1,108782,short (<20m),medium (20-100m),False,0.9984728667736289,length_bin,logistic_regression,openclip_frozen_embeddings_logistic_regression
length_bin,,1,108783,short (<20m),long (>100m),False,0.4118611958822128,length_bin,logistic_regression,openclip_frozen_embeddings_logistic_regression
length_bin,,1,108796,medium (20-100m),short (<20m),False,0.9401075049596179,length_bin,logistic_regression,openclip_frozen_embeddings_logistic_regression
length_bin,,1,108798,short (<20m),short (<20m),True,0.9799519154671736,length_bin,logistic_regression,openclip_frozen_embeddings_logistic_regression
length_bin,,1,109699,short (<20m),short (<20m),True,0.8376448834915101,length_bin,logistic_regression,openclip_frozen_embeddings_logistic_regression
length_bin,,1,109705,short (<20m),short (<20m),True,0.7607738210486551,length_bin,logistic_regression,openclip_frozen_embeddings_logistic_regression
length_bin,,1,109712,short (<20m),medium (20-100m),False,0.5947843818297351,length_bin,logistic_regression,openclip_frozen_embeddings_logistic_regression
length_bin,,1,110283,short (<20m),short (<20m),True,0.9589722441541338,length_bin,logistic_regression,openclip_frozen_embeddings_logistic_regression
length_bin,,1,110285,medium (20-100m),short (<20m),False,0.9961799236319303,length_bin,logistic_regression,openclip_frozen_embeddings_logistic_regression
length_bin,,1,110300,short (<20m),short (<20m),True,0.526944644594683,length_bin,logistic_regression,openclip_frozen_embeddings_logistic_regression
length_bin,,1,110570,short (<20m),short (<20m),True,0.9903238949630293,length_bin,logistic_regression,openclip_frozen_embeddings_logistic_regression
length_bin,,1,110580,short (<20m),medium (20-100m),False,0.4393794389039835,length_bin,logistic_regression,openclip_frozen_embeddings_logistic_regression
length_bin,,1,110699,long (>100m),medium (6-20m),False,0.9398712336941887,length_bin,logistic_regression,openclip_frozen_embeddings_logistic_regression
length_bin,,1,110731,long (>100m),medium (6-20m),False,0.9417407718206018,length_bin,logistic_regression,openclip_frozen_embeddings_logistic_regression
length_bin,,1,110974,short (<20m),short (<20m),True,0.9950932967342737,length_bin,logistic_regression,openclip_frozen_embeddings_logistic_regression
length_bin,,1,111003,short (<20m),medium (20-100m),False,0.9739662192037645,length_bin,logistic_regression,openclip_frozen_embeddings_logistic_regression
length_bin,,1,111693,short (<20m),short (<20m),True,0.9922273413216441,length_bin,logistic_regression,openclip_frozen_embeddings_logistic_regression
length_bin,,1,111717,short (<20m),short (<20m),True,0.855935293984588,length_bin,logistic_regression,openclip_frozen_embeddings_logistic_regression
length_bin,,1,111729,short (<20m),medium (20-100m),False,0.6988677441441818,length_bin,logistic_regression,openclip_frozen_embeddings_logistic_regression
length_bin,,1,111777,medium (20-100m),medium (20-100m),True,0.6625014453233637,length_bin,logistic_regression,openclip_frozen_embeddings_logistic_regression
length_bin,,1,111813,short (<20m),short (<6m),False,0.7153022447203742,length_bin,logistic_regression,openclip_frozen_embeddings_logistic_regression
length_bin,,1,112319,short (<20m),medium (6-20m),False,0.9548471552681672,length_bin,logistic_regression,openclip_frozen_embeddings_logistic_regression
length_bin,,1,112326,short (<20m),short (<20m),True,0.9811082754662737,length_bin,logistic_regression,openclip_frozen_embeddings_logistic_regression
length_bin,,1,112327,short (<20m),short (<20m),True,0.9487871841468087,length_bin,logistic_regression,openclip_frozen_embeddings_logistic_regression
length_bin,,1,112351,short (<20m),short (<20m),True,0.9512552060226973,length_bin,logistic_regression,openclip_frozen_embeddings_logistic_regression
length_bin,,1,112582,long (>100m),short (<10m),False,0.5197684307230727,length_bin,logistic_regression,openclip_frozen_embeddings_logistic_regression
length_bin,,1,112584,long (>100m),medium (20-100m),False,0.6306982671687387,length_bin,logistic_regression,openclip_frozen_embeddings_logistic_regression
length_bin,,1,113128,medium (20-100m),short (<20m),False,0.9067696516950036,length_bin,logistic_regression,openclip_frozen_embeddings_logistic_regression
length_bin,,1,114934,short (<20m),medium (6-20m),False,0.86947614230969,length_bin,logistic_regression,openclip_frozen_embeddings_logistic_regression
length_bin,,1,117362,medium (20-100m),medium (6-20m),False,0.6180887942441742,length_bin,logistic_regression,openclip_frozen_embeddings_logistic_regression
length_bin,,1,118201,short (<20m),short (<6m),False,0.6657321539578819,length_bin,logistic_regression,openclip_frozen_embeddings_logistic_regression
length_bin,,1,120663,medium (20-100m),medium (6-20m),False,0.8835112317657872,length_bin,logistic_regression,openclip_frozen_embeddings_logistic_regression
length_bin,,1,120669,short (<20m),long (>100m),False,0.6104222174640305,length_bin,logistic_regression,openclip_frozen_embeddings_logistic_regression
length_bin,,1,120672,short (<20m),short (<6m),False,0.653841129134258,length_bin,logistic_regression,openclip_frozen_embeddings_logistic_regression
length_bin,,1,120673,short (<20m),short (<20m),True,0.9803532557385796,length_bin,logistic_regression,openclip_frozen_embeddings_logistic_regression
length_bin,,1,120677,short (<20m),short (<20m),True,0.8799576856907182,length_bin,logistic_regression,openclip_frozen_embeddings_logistic_regression
length_bin,,1,120679,short (<20m),short (<10m),False,0.9545071248388753,length_bin,logistic_regression,openclip_frozen_embeddings_logistic_regression
length_bin,,1,120689,short (<20m),short (<6m),False,0.8801778601775846,length_bin,logistic_regression,openclip_frozen_embeddings_logistic_regression
length_bin,,1,120690,short (<20m),short (<20m),True,0.9547296068650634,length_bin,logistic_regression,openclip_frozen_embeddings_logistic_regression
length_bin,,1,121009,short (<20m),medium (20-100m),False,0.7062444932052584,length_bin,logistic_regression,openclip_frozen_embeddings_logistic_regression
length_bin,,1,121015,medium (20-100m),short (<20m),False,0.3976753758522837,length_bin,logistic_regression,openclip_frozen_embeddings_logistic_regression
length_bin,,1,121737,short (<20m),short (<20m),True,0.9999663804555724,length_bin,logistic_regression,openclip_frozen_embeddings_logistic_regression
length_bin,,1,121743,short (<20m),short (<20m),True,0.9992394750726229,length_bin,logistic_regression,openclip_frozen_embeddings_logistic_regression
length_bin,,1,121746,short (<20m),short (<6m),False,0.6208876504238292,length_bin,logistic_regression,openclip_frozen_embeddings_logistic_regression
length_bin,,1,121786,short (<20m),short (<20m),True,0.8158485180416019,length_bin,logistic_regression,openclip_frozen_embeddings_logistic_regression
length_bin,,1,123094,short (<20m),short (<6m),False,0.9840925989648889,length_bin,logistic_regression,openclip_frozen_embeddings_logistic_regression
length_bin,,1,123260,short (<20m),medium (20-100m),False,0.8349004746530446,length_bin,logistic_regression,openclip_frozen_embeddings_logistic_regression
length_bin,,1,123785,short (<20m),medium (6-20m),False,0.8893559522343896,length_bin,logistic_regression,openclip_frozen_embeddings_logistic_regression
length_bin,,1,126778,short (<20m),short (<20m),True,0.9754921487959215,length_bin,logistic_regression,openclip_frozen_embeddings_logistic_regression
length_bin,,1,126783,short (<20m),short (<20m),True,0.991906774912924,length_bin,logistic_regression,openclip_frozen_embeddings_logistic_regression
length_bin,,1,126838,short (<20m),short (<20m),True,0.5712396967553683,length_bin,logistic_regression,openclip_frozen_embeddings_logistic_regression
length_bin,,1,126839,short (<20m),short (<20m),True,0.6799396679465096,length_bin,logistic_regression,openclip_frozen_embeddings_logistic_regression
length_bin,,1,126840,short (<20m),short (<20m),True,0.9962175011418107,length_bin,logistic_regression,openclip_frozen_embeddings_logistic_regression
length_bin,,1,127067,short (<20m),short (<6m),False,0.9245796964180424,length_bin,logistic_regression,openclip_frozen_embeddings_logistic_regression
length_bin,,1,127140,short (<20m),short (<20m),True,0.8904074049161691,length_bin,logistic_regression,openclip_frozen_embeddings_logistic_regression
length_bin,,1,127148,short (<20m),short (<20m),True,0.6595664510692698,length_bin,logistic_regression,openclip_frozen_embeddings_logistic_regression
length_bin,,1,127242,short (<20m),short (<20m),True,0.6671474069888768,length_bin,logistic_regression,openclip_frozen_embeddings_logistic_regression
length_bin,,1,127459,short (<20m),short (<20m),True,0.7780260917459448,length_bin,logistic_regression,openclip_frozen_embeddings_logistic_regression
length_bin,,1,89766,medium (10-30m),short (<20m),False,0.4852277191256438,length_bin,logistic_regression,openclip_frozen_embeddings_logistic_regression
length_bin,,1,109183,short (<10m),medium (20-100m),False,0.46348360944080574,length_bin,logistic_regression,openclip_frozen_embeddings_logistic_regression
length_bin,,1,109621,short (<10m),short (<20m),False,0.606862337833575,length_bin,logistic_regression,openclip_frozen_embeddings_logistic_regression
length_bin,,1,117011,short (<10m),medium (6-20m),False,0.9531337237979052,length_bin,logistic_regression,openclip_frozen_embeddings_logistic_regression
length_bin,,1,121505,long (>30m),medium (6-20m),False,0.9950437270144683,length_bin,logistic_regression,openclip_frozen_embeddings_logistic_regression
length_bin,,1,128879,short (<10m),medium (10-30m),False,0.6562141501908054,length_bin,logistic_regression,openclip_frozen_embeddings_logistic_regression
length_bin,,1,128880,medium (10-30m),short (<6m),False,0.6344475692651569,length_bin,logistic_regression,openclip_frozen_embeddings_logistic_regression
length_bin,,1,52621,long (>20m),medium (6-20m),False,0.5358486431148078,length_bin,logistic_regression,openclip_frozen_embeddings_logistic_regression
length_bin,,1,107929,short (<5m),medium (20-100m),False,0.5050161700187431,length_bin,logistic_regression,openclip_frozen_embeddings_logistic_regression
length_bin,,1,107931,medium (5-20m),medium (5-20m),True,0.6873013938810945,length_bin,logistic_regression,openclip_frozen_embeddings_logistic_regression
length_bin,,1,107985,short (<5m),medium (5-20m),False,0.9776540963074318,length_bin,logistic_regression,openclip_frozen_embeddings_logistic_regression
length_bin,,1,107994,medium (5-20m),short (<5m),False,0.7201508112094941,length_bin,logistic_regression,openclip_frozen_embeddings_logistic_regression
length_bin,,1,108241,short (<5m),short (<10m),False,0.7420410653412209,length_bin,logistic_regression,openclip_frozen_embeddings_logistic_regression
length_bin,,1,110087,medium (5-20m),long (>20m),False,0.5198234825131876,length_bin,logistic_regression,openclip_frozen_embeddings_logistic_regression
length_bin,,1,48296,medium (6-20m),short (<6m),False,0.9970260152342294,length_bin,logistic_regression,openclip_frozen_embeddings_logistic_regression
length_bin,,1,49058,short (<6m),short (<20m),False,0.6152109839344274,length_bin,logistic_regression,openclip_frozen_embeddings_logistic_regression
length_bin,,1,49059,short (<6m),short (<20m),False,0.5363586280631938,length_bin,logistic_regression,openclip_frozen_embeddings_logistic_regression
length_bin,,1,49061,short (<6m),short (<6m),True,0.9248527838420791,length_bin,logistic_regression,openclip_frozen_embeddings_logistic_regression
length_bin,,1,50770,short (<6m),short (<6m),True,0.786976698192994,length_bin,logistic_regression,openclip_frozen_embeddings_logistic_regression
length_bin,,1,50821,medium (6-20m),medium (6-20m),True,0.3862388852472509,length_bin,logistic_regression,openclip_frozen_embeddings_logistic_regression
length_bin,,1,51524,long (>20m),short (<20m),False,0.9538481200388154,length_bin,logistic_regression,openclip_frozen_embeddings_logistic_regression
length_bin,,1,51532,short (<6m),short (<20m),False,0.6632465495608565,length_bin,logistic_regression,openclip_frozen_embeddings_logistic_regression
length_bin,,1,51799,medium (6-20m),medium (6-20m),True,0.9032653393903933,length_bin,logistic_regression,openclip_frozen_embeddings_logistic_regression
length_bin,,1,52457,medium (6-20m),short (<6m),False,0.5169491825395991,length_bin,logistic_regression,openclip_frozen_embeddings_logistic_regression
length_bin,,1,52458,short (<6m),medium (6-20m),False,0.9942158960130456,length_bin,logistic_regression,openclip_frozen_embeddings_logistic_regression
length_bin,,1,53195,medium (6-20m),medium (6-20m),True,0.6910813534327361,length_bin,logistic_regression,openclip_frozen_embeddings_logistic_regression
length_bin,,1,53200,medium (6-20m),medium (6-20m),True,0.9875618803870224,length_bin,logistic_regression,openclip_frozen_embeddings_logistic_regression
length_bin,,1,56858,medium (6-20m),medium (6-20m),True,0.9942537678314163,length_bin,logistic_regression,openclip_frozen_embeddings_logistic_regression
length_bin,,1,57834,medium (6-20m),short (<6m),False,0.9248686934700576,length_bin,logistic_regression,openclip_frozen_embeddings_logistic_regression
length_bin,,1,58409,medium (6-20m),medium (6-20m),True,0.513402215592328,length_bin,logistic_regression,openclip_frozen_embeddings_logistic_regression
length_bin,,1,58410,medium (6-20m),short (<6m),False,0.9060051021787118,length_bin,logistic_regression,openclip_frozen_embeddings_logistic_regression
length_bin,,1,58881,long (>20m),medium (6-20m),False,0.990860447373679,length_bin,logistic_regression,openclip_frozen_embeddings_logistic_regression
length_bin,,1,61004,long (>20m),medium (6-20m),False,0.8846366708231534,length_bin,logistic_regression,openclip_frozen_embeddings_logistic_regression
length_bin,,1,61415,medium (6-20m),medium (6-20m),True,0.9938359939369451,length_bin,logistic_regression,openclip_frozen_embeddings_logistic_regression
length_bin,,1,63067,medium (6-20m),short (<6m),False,0.9772995172731118,length_bin,logistic_regression,openclip_frozen_embeddings_logistic_regression
length_bin,,1,63068,medium (6-20m),long (>20m),False,0.9828539250402384,length_bin,logistic_regression,openclip_frozen_embeddings_logistic_regression
length_bin,,1,63597,long (>20m),long (>20m),True,0.9939691237428885,length_bin,logistic_regression,openclip_frozen_embeddings_logistic_regression
length_bin,,1,64102,medium (6-20m),medium (6-20m),True,0.9999086948680991,length_bin,logistic_regression,openclip_frozen_embeddings_logistic_regression
length_bin,,1,64116,medium (6-20m),short (<20m),False,0.983362968702947,length_bin,logistic_regression,openclip_frozen_embeddings_logistic_regression
length_bin,,1,64128,medium (6-20m),short (<20m),False,0.5988030614133849,length_bin,logistic_regression,openclip_frozen_embeddings_logistic_regression
length_bin,,1,65790,long (>20m),medium (6-20m),False,0.8469165813855056,length_bin,logistic_regression,openclip_frozen_embeddings_logistic_regression
length_bin,,1,66917,medium (6-20m),medium (6-20m),True,0.4690039660894674,length_bin,logistic_regression,openclip_frozen_embeddings_logistic_regression
length_bin,,1,83134,long (>20m),medium (20-100m),False,0.7359643230521502,length_bin,logistic_regression,openclip_frozen_embeddings_logistic_regression
length_bin,,1,83141,short (<6m),short (<6m),True,0.8304453534089968,length_bin,logistic_regression,openclip_frozen_embeddings_logistic_regression
length_bin,,1,86055,long (>20m),medium (20-100m),False,0.8715494792397146,length_bin,logistic_regression,openclip_frozen_embeddings_logistic_regression
length_bin,,1,87188,short (<6m),short (<6m),True,0.5515086924772328,length_bin,logistic_regression,openclip_frozen_embeddings_logistic_regression
length_bin,,1,87961,medium (6-20m),long (>20m),False,0.802375158993469,length_bin,logistic_regression,openclip_frozen_embeddings_logistic_regression
length_bin,,1,88136,medium (6-20m),medium (6-20m),True,0.9219089381439363,length_bin,logistic_regression,openclip_frozen_embeddings_logistic_regression
length_bin,,1,89450,short (<6m),short (<6m),True,0.8662989178638518,length_bin,logistic_regression,openclip_frozen_embeddings_logistic_regression
length_bin,,1,89986,long (>20m),long (>20m),True,0.9933969171041205,length_bin,logistic_regression,openclip_frozen_embeddings_logistic_regression
length_bin,,1,91832,medium (6-20m),medium (6-20m),True,0.9513665298537725,length_bin,logistic_regression,openclip_frozen_embeddings_logistic_regression
length_bin,,1,92039,medium (6-20m),long (>20m),False,0.7502816736805773,length_bin,logistic_regression,openclip_frozen_embeddings_logistic_regression
length_bin,,1,92150,short (<6m),short (<6m),True,0.9784039084720023,length_bin,logistic_regression,openclip_frozen_embeddings_logistic_regression
length_bin,,1,92152,medium (6-20m),short (<6m),False,0.6342861399627343,length_bin,logistic_regression,openclip_frozen_embeddings_logistic_regression
length_bin,,1,92801,short (<6m),short (<6m),True,0.7398142901928556,length_bin,logistic_regression,openclip_frozen_embeddings_logistic_regression
length_bin,,1,98336,long (>20m),medium (6-20m),False,0.5898978092633218,length_bin,logistic_regression,openclip_frozen_embeddings_logistic_regression
length_bin,,1,99454,short (<6m),medium (6-20m),False,0.609910461898763,length_bin,logistic_regression,openclip_frozen_embeddings_logistic_regression
length_bin,,1,100140,medium (6-20m),medium (6-20m),True,0.5596174555525103,length_bin,logistic_regression,openclip_frozen_embeddings_logistic_regression
length_bin,,1,100148,short (<6m),short (<20m),False,0.43754654108489593,length_bin,logistic_regression,openclip_frozen_embeddings_logistic_regression
length_bin,,1,100251,short (<6m),short (<6m),True,0.7191355142186457,length_bin,logistic_regression,openclip_frozen_embeddings_logistic_regression
length_bin,,1,100252,medium (6-20m),medium (6-20m),True,0.4440180592921342,length_bin,logistic_regression,openclip_frozen_embeddings_logistic_regression
length_bin,,1,100262,medium (6-20m),medium (6-20m),True,0.8237639065065873,length_bin,logistic_regression,openclip_frozen_embeddings_logistic_regression
length_bin,,1,100446,short (<6m),medium (6-20m),False,0.5785361654001494,length_bin,logistic_regression,openclip_frozen_embeddings_logistic_regression
length_bin,,1,100450,short (<6m),medium (6-20m),False,0.6390183459691925,length_bin,logistic_regression,openclip_frozen_embeddings_logistic_regression
length_bin,,1,100482,medium (6-20m),medium (6-20m),True,0.9961916725457465,length_bin,logistic_regression,openclip_frozen_embeddings_logistic_regression
length_bin,,1,101131,medium (6-20m),medium (6-20m),True,0.8688112167710985,length_bin,logistic_regression,openclip_frozen_embeddings_logistic_regression
length_bin,,1,104857,medium (6-20m),medium (6-20m),True,0.9824892837068566,length_bin,logistic_regression,openclip_frozen_embeddings_logistic_regression
length_bin,,1,105449,medium (6-20m),short (<6m),False,0.9873347368024893,length_bin,logistic_regression,openclip_frozen_embeddings_logistic_regression
length_bin,,1,106046,medium (6-20m),short (<6m),False,0.6238345725527396,length_bin,logistic_regression,openclip_frozen_embeddings_logistic_regression
length_bin,,1,107041,medium (6-20m),medium (6-20m),True,0.8540402530433244,length_bin,logistic_regression,openclip_frozen_embeddings_logistic_regression
length_bin,,1,107914,short (<6m),short (<6m),True,0.9212610289589119,length_bin,logistic_regression,openclip_frozen_embeddings_logistic_regression
length_bin,,1,107955,medium (6-20m),medium (6-20m),True,0.9511557877793033,length_bin,logistic_regression,openclip_frozen_embeddings_logistic_regression
length_bin,,1,108040,medium (6-20m),short (<20m),False,0.8043119469732103,length_bin,logistic_regression,openclip_frozen_embeddings_logistic_regression
length_bin,,1,108725,short (<6m),short (<6m),True,0.8555868832108934,length_bin,logistic_regression,openclip_frozen_embeddings_logistic_regression
length_bin,,1,108740,medium (6-20m),short (<6m),False,0.5913620051279818,length_bin,logistic_regression,openclip_frozen_embeddings_logistic_regression
length_bin,,1,108781,medium (6-20m),short (<6m),False,0.47450338334066555,length_bin,logistic_regression,openclip_frozen_embeddings_logistic_regression
length_bin,,1,109160,medium (6-20m),long (>100m),False,0.7017330392204771,length_bin,logistic_regression,openclip_frozen_embeddings_logistic_regression
length_bin,,1,109170,short (<6m),medium (20-100m),False,0.8161662381164084,length_bin,logistic_regression,openclip_frozen_embeddings_logistic_regression
length_bin,,1,109560,medium (6-20m),short (<20m),False,0.3182722405725677,length_bin,logistic_regression,openclip_frozen_embeddings_logistic_regression
length_bin,,1,110299,medium (6-20m),short (<20m),False,0.7466410525662308,length_bin,logistic_regression,openclip_frozen_embeddings_logistic_regression
length_bin,,1,110956,medium (6-20m),medium (6-20m),True,0.9698567976285475,length_bin,logistic_regression,openclip_frozen_embeddings_logistic_regression
length_bin,,1,111447,medium (6-20m),medium (6-20m),True,0.985863667695959,length_bin,logistic_regression,openclip_frozen_embeddings_logistic_regression
length_bin,,1,112348,short (<6m),long (>100m),False,0.8394900104379481,length_bin,logistic_regression,openclip_frozen_embeddings_logistic_regression
length_bin,,1,112386,short (<6m),short (<20m),False,0.8311186623509558,length_bin,logistic_regression,openclip_frozen_embeddings_logistic_regression
length_bin,,1,113217,short (<6m),long (>20m),False,0.45600370859631045,length_bin,logistic_regression,openclip_frozen_embeddings_logistic_regression
length_bin,,1,113731,short (<6m),short (<6m),True,0.9967516492722734,length_bin,logistic_regression,openclip_frozen_embeddings_logistic_regression
length_bin,,1,113800,short (<6m),short (<20m),False,0.9998945296680619,length_bin,logistic_regression,openclip_frozen_embeddings_logistic_regression
length_bin,,1,114090,medium (6-20m),medium (6-20m),True,0.8462871318801106,length_bin,logistic_regression,openclip_frozen_embeddings_logistic_regression
length_bin,,1,114574,medium (6-20m),short (<20m),False,0.7197491043712341,length_bin,logistic_regression,openclip_frozen_embeddings_logistic_regression
length_bin,,1,114701,short (<6m),short (<6m),True,0.9441132815389991,length_bin,logistic_regression,openclip_frozen_embeddings_logistic_regression
length_bin,,1,114932,medium (6-20m),medium (6-20m),True,0.9094644670372253,length_bin,logistic_regression,openclip_frozen_embeddings_logistic_regression
length_bin,,1,114943,medium (6-20m),short (<20m),False,0.7731982809511131,length_bin,logistic_regression,openclip_frozen_embeddings_logistic_regression
length_bin,,1,114997,medium (6-20m),medium (6-20m),True,0.9979535500740693,length_bin,logistic_regression,openclip_frozen_embeddings_logistic_regression
length_bin,,1,115247,medium (6-20m),long (>100m),False,0.7779085387462294,length_bin,logistic_regression,openclip_frozen_embeddings_logistic_regression
length_bin,,1,116619,long (>20m),short (<6m),False,0.8319176457813872,length_bin,logistic_regression,openclip_frozen_embeddings_logistic_regression
length_bin,,1,116851,short (<6m),short (<6m),True,0.7230824798119049,length_bin,logistic_regression,openclip_frozen_embeddings_logistic_regression
length_bin,,1,117191,medium (6-20m),short (<6m),False,0.9484540949361961,length_bin,logistic_regression,openclip_frozen_embeddings_logistic_regression
length_bin,,1,117196,medium (6-20m),medium (6-20m),True,0.9795349682421751,length_bin,logistic_regression,openclip_frozen_embeddings_logistic_regression
length_bin,,1,117297,medium (6-20m),medium (6-20m),True,0.8321318227455744,length_bin,logistic_regression,openclip_frozen_embeddings_logistic_regression
length_bin,,1,117304,long (>20m),medium (6-20m),False,0.6746579812727657,length_bin,logistic_regression,openclip_frozen_embeddings_logistic_regression
length_bin,,1,117365,medium (6-20m),medium (20-100m),False,0.5944776957257133,length_bin,logistic_regression,openclip_frozen_embeddings_logistic_regression
length_bin,,1,118143,short (<6m),short (<6m),True,0.6874336198798403,length_bin,logistic_regression,openclip_frozen_embeddings_logistic_regression
length_bin,,1,118752,medium (6-20m),medium (20-100m),False,0.4238871296482547,length_bin,logistic_regression,openclip_frozen_embeddings_logistic_regression
length_bin,,1,118759,short (<6m),medium (6-20m),False,0.6750504580106093,length_bin,logistic_regression,openclip_frozen_embeddings_logistic_regression
length_bin,,1,118797,short (<6m),short (<20m),False,0.9705560672264134,length_bin,logistic_regression,openclip_frozen_embeddings_logistic_regression
length_bin,,1,119851,medium (6-20m),long (>100m),False,0.8021662033494027,length_bin,logistic_regression,openclip_frozen_embeddings_logistic_regression
length_bin,,1,120299,medium (6-20m),medium (20-100m),False,0.43094706576778996,length_bin,logistic_regression,openclip_frozen_embeddings_logistic_regression
length_bin,,1,121497,short (<6m),short (<6m),True,0.9798141722553217,length_bin,logistic_regression,openclip_frozen_embeddings_logistic_regression
length_bin,,1,121504,medium (6-20m),medium (6-20m),True,0.9779356527928118,length_bin,logistic_regression,openclip_frozen_embeddings_logistic_regression
length_bin,,1,121595,medium (6-20m),medium (6-20m),True,0.540454860549832,length_bin,logistic_regression,openclip_frozen_embeddings_logistic_regression
length_bin,,1,121696,medium (6-20m),short (<6m),False,0.9552325681440357,length_bin,logistic_regression,openclip_frozen_embeddings_logistic_regression
length_bin,,1,122263,medium (6-20m),short (<20m),False,0.7722137967088784,length_bin,logistic_regression,openclip_frozen_embeddings_logistic_regression
length_bin,,1,122444,short (<6m),short (<6m),True,0.9998857925409429,length_bin,logistic_regression,openclip_frozen_embeddings_logistic_regression
length_bin,,1,122828,medium (6-20m),long (>20m),False,0.999154287196666,length_bin,logistic_regression,openclip_frozen_embeddings_logistic_regression
length_bin,,1,122981,medium (6-20m),medium (6-20m),True,0.9980728477479626,length_bin,logistic_regression,openclip_frozen_embeddings_logistic_regression
length_bin,,1,123159,medium (6-20m),medium (6-20m),True,0.5437613692890269,length_bin,logistic_regression,openclip_frozen_embeddings_logistic_regression
length_bin,,1,123182,medium (6-20m),medium (6-20m),True,0.8468000876388585,length_bin,logistic_regression,openclip_frozen_embeddings_logistic_regression
length_bin,,1,123218,short (<6m),short (<6m),True,0.7837725538476442,length_bin,logistic_regression,openclip_frozen_embeddings_logistic_regression
length_bin,,1,123585,medium (6-20m),medium (6-20m),True,0.9792975648943915,length_bin,logistic_regression,openclip_frozen_embeddings_logistic_regression
length_bin,,1,124926,medium (6-20m),medium (6-20m),True,0.9999726218383839,length_bin,logistic_regression,openclip_frozen_embeddings_logistic_regression
length_bin,,1,126779,short (<6m),long (>20m),False,0.7424287876760772,length_bin,logistic_regression,openclip_frozen_embeddings_logistic_regression
length_bin,,1,126799,medium (6-20m),medium (6-20m),True,0.6699128874340562,length_bin,logistic_regression,openclip_frozen_embeddings_logistic_regression
length_bin,,1,126801,medium (6-20m),short (<6m),False,0.5242010512450005,length_bin,logistic_regression,openclip_frozen_embeddings_logistic_regression
length_bin,,1,126803,medium (6-20m),medium (6-20m),True,0.9645196583586415,length_bin,logistic_regression,openclip_frozen_embeddings_logistic_regression
length_bin,,1,127205,medium (6-20m),short (<6m),False,0.978926944180262,length_bin,logistic_regression,openclip_frozen_embeddings_logistic_regression
length_bin,,1,56692,large (>20m),medium (10-30m),False,0.569707428474621,length_bin,logistic_regression,openclip_frozen_embeddings_logistic_regression
length_bin,,1,87775,large (>20m),long (>100m),False,0.7940562198374604,length_bin,logistic_regression,openclip_frozen_embeddings_logistic_regression
length_bin,,2,48119,short (<20m),short (<20m),True,0.5747186091578064,length_bin,logistic_regression,openclip_frozen_embeddings_logistic_regression
length_bin,,2,50513,short (<20m),medium (5-20m),False,0.6200224566016422,length_bin,logistic_regression,openclip_frozen_embeddings_logistic_regression
length_bin,,2,51255,medium (20-100m),medium (20-100m),True,0.5537401940696703,length_bin,logistic_regression,openclip_frozen_embeddings_logistic_regression
length_bin,,2,51538,medium (20-100m),medium (20-100m),True,0.671387602128981,length_bin,logistic_regression,openclip_frozen_embeddings_logistic_regression
length_bin,,2,54329,medium (20-100m),short (<20m),False,0.9571066062245775,length_bin,logistic_regression,openclip_frozen_embeddings_logistic_regression
length_bin,,2,55643,long (>100m),short (<20m),False,0.880830817364835,length_bin,logistic_regression,openclip_frozen_embeddings_logistic_regression
length_bin,,2,56877,medium (20-100m),short (<20m),False,0.6480488321121588,length_bin,logistic_regression,openclip_frozen_embeddings_logistic_regression
length_bin,,2,58824,long (>100m),medium (6-20m),False,0.9915973511685737,length_bin,logistic_regression,openclip_frozen_embeddings_logistic_regression
length_bin,,2,57747,long (>100m),short (<20m),False,0.9909653055660458,length_bin,logistic_regression,openclip_frozen_embeddings_logistic_regression
length_bin,,2,61114,medium (20-100m),medium (6-20m),False,0.5785803603377015,length_bin,logistic_regression,openclip_frozen_embeddings_logistic_regression
length_bin,,2,61735,short (<20m),short (<20m),True,0.6838221350124492,length_bin,logistic_regression,openclip_frozen_embeddings_logistic_regression
length_bin,,2,64207,medium (20-100m),short (<20m),False,0.43693904286278773,length_bin,logistic_regression,openclip_frozen_embeddings_logistic_regression
length_bin,,2,64235,short (<20m),short (<20m),True,0.7987207662138369,length_bin,logistic_regression,openclip_frozen_embeddings_logistic_regression
length_bin,,2,64887,long (>100m),short (<20m),False,0.6362402358956938,length_bin,logistic_regression,openclip_frozen_embeddings_logistic_regression
length_bin,,2,83146,short (<20m),medium (20-100m),False,0.761162827082134,length_bin,logistic_regression,openclip_frozen_embeddings_logistic_regression
length_bin,,2,83934,short (<20m),medium (20-100m),False,0.5108856252197159,length_bin,logistic_regression,openclip_frozen_embeddings_logistic_regression
length_bin,,2,83939,short (<20m),medium (20-100m),False,0.7375085927342873,length_bin,logistic_regression,openclip_frozen_embeddings_logistic_regression
length_bin,,2,83948,short (<20m),short (<20m),True,0.7364472871903831,length_bin,logistic_regression,openclip_frozen_embeddings_logistic_regression
length_bin,,2,85484,short (<20m),medium (20-100m),False,0.9742578551728511,length_bin,logistic_regression,openclip_frozen_embeddings_logistic_regression
length_bin,,2,85506,short (<20m),short (<20m),True,0.5490885252137792,length_bin,logistic_regression,openclip_frozen_embeddings_logistic_regression
length_bin,,2,86006,short (<20m),short (<10m),False,0.6379487295594594,length_bin,logistic_regression,openclip_frozen_embeddings_logistic_regression
length_bin,,2,86071,short (<20m),short (<20m),True,0.9824153195231272,length_bin,logistic_regression,openclip_frozen_embeddings_logistic_regression
length_bin,,2,86078,short (<20m),medium (20-100m),False,0.9586000315903626,length_bin,logistic_regression,openclip_frozen_embeddings_logistic_regression
length_bin,,2,86082,short (<20m),medium (20-100m),False,0.9670859003477068,length_bin,logistic_regression,openclip_frozen_embeddings_logistic_regression
length_bin,,2,86084,short (<20m),short (<20m),True,0.9327552948226419,length_bin,logistic_regression,openclip_frozen_embeddings_logistic_regression
length_bin,,2,86089,short (<20m),medium (20-100m),False,0.6385313673026761,length_bin,logistic_regression,openclip_frozen_embeddings_logistic_regression
length_bin,,2,86092,short (<20m),short (<20m),True,0.9726653486623673,length_bin,logistic_regression,openclip_frozen_embeddings_logistic_regression
length_bin,,2,86093,medium (20-100m),short (<20m),False,0.9927505163455853,length_bin,logistic_regression,openclip_frozen_embeddings_logistic_regression
length_bin,,2,86096,short (<20m),short (<20m),True,0.9496316627059489,length_bin,logistic_regression,openclip_frozen_embeddings_logistic_regression
length_bin,,2,86101,short (<20m),medium (20-100m),False,0.8386673314260946,length_bin,logistic_regression,openclip_frozen_embeddings_logistic_regression
length_bin,,2,86121,short (<20m),medium (20-100m),False,0.9778027052488337,length_bin,logistic_regression,openclip_frozen_embeddings_logistic_regression
length_bin,,2,86125,short (<20m),medium (20-100m),False,0.5525638235952433,length_bin,logistic_regression,openclip_frozen_embeddings_logistic_regression
length_bin,,2,86123,short (<20m),short (<20m),True,0.4036183935050201,length_bin,logistic_regression,openclip_frozen_embeddings_logistic_regression
length_bin,,2,86134,medium (20-100m),medium (20-100m),True,0.7531388500473745,length_bin,logistic_regression,openclip_frozen_embeddings_logistic_regression
length_bin,,2,86138,short (<20m),short (<20m),True,0.9775020766863038,length_bin,logistic_regression,openclip_frozen_embeddings_logistic_regression
length_bin,,2,86139,short (<20m),short (<20m),True,0.8581544462166388,length_bin,logistic_regression,openclip_frozen_embeddings_logistic_regression
length_bin,,2,86142,medium (20-100m),short (<20m),False,0.7515873925953834,length_bin,logistic_regression,openclip_frozen_embeddings_logistic_regression
length_bin,,2,86144,medium (20-100m),short (<20m),False,0.9151560000170302,length_bin,logistic_regression,openclip_frozen_embeddings_logistic_regression
length_bin,,2,86145,short (<20m),short (<20m),True,0.9840368773141852,length_bin,logistic_regression,openclip_frozen_embeddings_logistic_regression
length_bin,,2,86152,short (<20m),medium (20-100m),False,0.6693019710862272,length_bin,logistic_regression,openclip_frozen_embeddings_logistic_regression
length_bin,,2,86162,short (<20m),short (<20m),True,0.6304488782665509,length_bin,logistic_regression,openclip_frozen_embeddings_logistic_regression
length_bin,,2,86164,short (<20m),medium (20-100m),False,0.9770977772639088,length_bin,logistic_regression,openclip_frozen_embeddings_logistic_regression
length_bin,,2,86165,short (<20m),short (<20m),True,0.8949810213378563,length_bin,logistic_regression,openclip_frozen_embeddings_logistic_regression
length_bin,,2,86173,short (<20m),short (<20m),True,0.6551753241129258,length_bin,logistic_regression,openclip_frozen_embeddings_logistic_regression
length_bin,,2,86170,short (<20m),medium (20-100m),False,0.991480008817496,length_bin,logistic_regression,openclip_frozen_embeddings_logistic_regression
length_bin,,2,86181,short (<20m),long (>100m),False,0.37433403601350573,length_bin,logistic_regression,openclip_frozen_embeddings_logistic_regression
length_bin,,2,86185,short (<20m),medium (20-100m),False,0.9681301798599712,length_bin,logistic_regression,openclip_frozen_embeddings_logistic_regression
length_bin,,2,86182,short (<20m),medium (20-100m),False,0.9538051685823132,length_bin,logistic_regression,openclip_frozen_embeddings_logistic_regression
length_bin,,2,86187,short (<20m),medium (20-100m),False,0.9549036075673947,length_bin,logistic_regression,openclip_frozen_embeddings_logistic_regression
length_bin,,2,86193,short (<20m),short (<20m),True,0.9808647692930522,length_bin,logistic_regression,openclip_frozen_embeddings_logistic_regression
length_bin,,2,86195,short (<20m),medium (20-100m),False,0.5483863013117855,length_bin,logistic_regression,openclip_frozen_embeddings_logistic_regression
length_bin,,2,86203,short (<20m),medium (20-100m),False,0.7276893768703243,length_bin,logistic_regression,openclip_frozen_embeddings_logistic_regression
length_bin,,2,86210,long (>100m),medium (20-100m),False,0.5479867597451094,length_bin,logistic_regression,openclip_frozen_embeddings_logistic_regression
length_bin,,2,86212,short (<20m),short (<20m),True,0.9976304582543876,length_bin,logistic_regression,openclip_frozen_embeddings_logistic_regression
length_bin,,2,86217,short (<20m),medium (20-100m),False,0.6633374748320198,length_bin,logistic_regression,openclip_frozen_embeddings_logistic_regression
length_bin,,2,86228,medium (20-100m),medium (20-100m),True,0.9574675267569497,length_bin,logistic_regression,openclip_frozen_embeddings_logistic_regression
length_bin,,2,86243,medium (20-100m),short (<20m),False,0.7821487168370884,length_bin,logistic_regression,openclip_frozen_embeddings_logistic_regression
length_bin,,2,87499,medium (20-100m),short (<20m),False,0.732154325362436,length_bin,logistic_regression,openclip_frozen_embeddings_logistic_regression
length_bin,,2,87516,medium (20-100m),medium (20-100m),True,0.6150672897650523,length_bin,logistic_regression,openclip_frozen_embeddings_logistic_regression
length_bin,,2,87554,short (<20m),medium (20-100m),False,0.772940311302958,length_bin,logistic_regression,openclip_frozen_embeddings_logistic_regression
length_bin,,2,87582,short (<20m),long (>100m),False,0.850633337507881,length_bin,logistic_regression,openclip_frozen_embeddings_logistic_regression
length_bin,,2,87845,medium (20-100m),short (<20m),False,0.4863918118791493,length_bin,logistic_regression,openclip_frozen_embeddings_logistic_regression
length_bin,,2,88089,short (<20m),short (<20m),True,0.5882868347453682,length_bin,logistic_regression,openclip_frozen_embeddings_logistic_regression
length_bin,,2,88096,short (<20m),long (>100m),False,0.9905430470011378,length_bin,logistic_regression,openclip_frozen_embeddings_logistic_regression
length_bin,,2,88097,short (<20m),short (<20m),True,0.998540025932434,length_bin,logistic_regression,openclip_frozen_embeddings_logistic_regression
length_bin,,2,88191,medium (20-100m),medium (20-100m),True,0.5606469294144236,length_bin,logistic_regression,openclip_frozen_embeddings_logistic_regression
length_bin,,2,88202,medium (20-100m),medium (20-100m),True,0.9617658969696653,length_bin,logistic_regression,openclip_frozen_embeddings_logistic_regression
length_bin,,2,88273,short (<20m),short (<6m),False,0.9624812602472839,length_bin,logistic_regression,openclip_frozen_embeddings_logistic_regression
length_bin,,2,88278,medium (20-100m),medium (20-100m),True,0.8815517403154511,length_bin,logistic_regression,openclip_frozen_embeddings_logistic_regression
length_bin,,2,89594,short (<20m),short (<20m),True,0.9972293431328463,length_bin,logistic_regression,openclip_frozen_embeddings_logistic_regression
length_bin,,2,89708,medium (20-100m),medium (20-100m),True,0.5774041877683443,length_bin,logistic_regression,openclip_frozen_embeddings_logistic_regression
length_bin,,2,89713,short (<20m),medium (20-100m),False,0.9388565531684807,length_bin,logistic_regression,openclip_frozen_embeddings_logistic_regression
length_bin,,2,89762,short (<20m),short (<6m),False,0.5165671170565291,length_bin,logistic_regression,openclip_frozen_embeddings_logistic_regression
length_bin,,2,90328,short (<20m),medium (20-100m),False,0.6475186825537685,length_bin,logistic_regression,openclip_frozen_embeddings_logistic_regression
length_bin,,2,90333,short (<20m),short (<6m),False,0.42596385799759845,length_bin,logistic_regression,openclip_frozen_embeddings_logistic_regression
length_bin,,2,90335,short (<20m),long (>100m),False,0.4283920066410249,length_bin,logistic_regression,openclip_frozen_embeddings_logistic_regression
length_bin,,2,90338,short (<20m),medium (20-100m),False,0.9860187220499114,length_bin,logistic_regression,openclip_frozen_embeddings_logistic_regression
length_bin,,2,90342,medium (20-100m),medium (20-100m),True,0.5516063091608268,length_bin,logistic_regression,openclip_frozen_embeddings_logistic_regression
length_bin,,2,90359,medium (20-100m),medium (20-100m),True,0.45428933613404604,length_bin,logistic_regression,openclip_frozen_embeddings_logistic_regression
length_bin,,2,90362,long (>100m),medium (20-100m),False,0.8719983388949201,length_bin,logistic_regression,openclip_frozen_embeddings_logistic_regression
length_bin,,2,90366,medium (20-100m),medium (20-100m),True,0.8670340969183055,length_bin,logistic_regression,openclip_frozen_embeddings_logistic_regression
length_bin,,2,90370,medium (20-100m),short (<6m),False,0.7972418768652387,length_bin,logistic_regression,openclip_frozen_embeddings_logistic_regression
length_bin,,2,90382,long (>100m),long (>100m),True,0.4946051265140197,length_bin,logistic_regression,openclip_frozen_embeddings_logistic_regression
length_bin,,2,90488,medium (20-100m),medium (20-100m),True,0.996656661191885,length_bin,logistic_regression,openclip_frozen_embeddings_logistic_regression
length_bin,,2,90489,medium (20-100m),medium (20-100m),True,0.9077699421739484,length_bin,logistic_regression,openclip_frozen_embeddings_logistic_regression
length_bin,,2,90504,medium (20-100m),medium (20-100m),True,0.8346421146010311,length_bin,logistic_regression,openclip_frozen_embeddings_logistic_regression
length_bin,,2,91943,medium (20-100m),medium (20-100m),True,0.7660871190845223,length_bin,logistic_regression,openclip_frozen_embeddings_logistic_regression
length_bin,,2,92009,short (<20m),medium (20-100m),False,0.9086848903228276,length_bin,logistic_regression,openclip_frozen_embeddings_logistic_regression
length_bin,,2,92020,short (<20m),medium (20-100m),False,0.48678723866820944,length_bin,logistic_regression,openclip_frozen_embeddings_logistic_regression
length_bin,,2,92031,short (<20m),medium (20-100m),False,0.9996649545799517,length_bin,logistic_regression,openclip_frozen_embeddings_logistic_regression
length_bin,,2,92041,medium (20-100m),medium (20-100m),True,0.7044093433275886,length_bin,logistic_regression,openclip_frozen_embeddings_logistic_regression
length_bin,,2,92042,short (<20m),short (<6m),False,0.9637200923870908,length_bin,logistic_regression,openclip_frozen_embeddings_logistic_regression
length_bin,,2,92044,short (<20m),medium (20-100m),False,0.9551127435301806,length_bin,logistic_regression,openclip_frozen_embeddings_logistic_regression
length_bin,,2,92045,short (<20m),short (<20m),True,0.930310406792648,length_bin,logistic_regression,openclip_frozen_embeddings_logistic_regression
length_bin,,2,92064,short (<20m),short (<20m),True,0.6002304733164295,length_bin,logistic_regression,openclip_frozen_embeddings_logistic_regression
length_bin,,2,92079,short (<20m),short (<20m),True,0.8955060182664369,length_bin,logistic_regression,openclip_frozen_embeddings_logistic_regression
length_bin,,2,92081,medium (20-100m),medium (20-100m),True,0.8974229507506133,length_bin,logistic_regression,openclip_frozen_embeddings_logistic_regression
length_bin,,2,92082,short (<20m),medium (20-100m),False,0.4867796169925307,length_bin,logistic_regression,openclip_frozen_embeddings_logistic_regression
length_bin,,2,92083,short (<20m),medium (20-100m),False,0.804346236545585,length_bin,logistic_regression,openclip_frozen_embeddings_logistic_regression
length_bin,,2,93372,medium (20-100m),medium (6-20m),False,0.9391362306857255,length_bin,logistic_regression,openclip_frozen_embeddings_logistic_regression
length_bin,,2,94274,medium (20-100m),medium (20-100m),True,0.566621542014929,length_bin,logistic_regression,openclip_frozen_embeddings_logistic_regression
length_bin,,2,94278,medium (20-100m),medium (20-100m),True,0.4898481325294429,length_bin,logistic_regression,openclip_frozen_embeddings_logistic_regression
length_bin,,2,94285,medium (20-100m),medium (6-20m),False,0.4446640241811091,length_bin,logistic_regression,openclip_frozen_embeddings_logistic_regression
length_bin,,2,94294,short (<20m),long (>100m),False,0.7957421633950434,length_bin,logistic_regression,openclip_frozen_embeddings_logistic_regression
length_bin,,2,94299,short (<20m),medium (20-100m),False,0.4508528868732899,length_bin,logistic_regression,openclip_frozen_embeddings_logistic_regression
length_bin,,2,94305,short (<20m),short (<20m),True,0.9148275251075599,length_bin,logistic_regression,openclip_frozen_embeddings_logistic_regression
length_bin,,2,94320,short (<20m),short (<20m),True,0.8306985226111077,length_bin,logistic_regression,openclip_frozen_embeddings_logistic_regression
length_bin,,2,94351,short (<20m),medium (20-100m),False,0.9578882141487634,length_bin,logistic_regression,openclip_frozen_embeddings_logistic_regression
length_bin,,2,94353,short (<20m),short (<20m),True,0.9470516762831261,length_bin,logistic_regression,openclip_frozen_embeddings_logistic_regression
length_bin,,2,94362,short (<20m),short (<20m),True,0.9956926697658911,length_bin,logistic_regression,openclip_frozen_embeddings_logistic_regression
length_bin,,2,94368,medium (20-100m),medium (20-100m),True,0.8637501379900889,length_bin,logistic_regression,openclip_frozen_embeddings_logistic_regression
length_bin,,2,94372,medium (20-100m),short (<20m),False,0.8677152882731417,length_bin,logistic_regression,openclip_frozen_embeddings_logistic_regression
length_bin,,2,94375,short (<20m),short (<20m),True,0.9999255220404177,length_bin,logistic_regression,openclip_frozen_embeddings_logistic_regression
length_bin,,2,94380,long (>100m),medium (20-100m),False,0.6322805699413282,length_bin,logistic_regression,openclip_frozen_embeddings_logistic_regression
length_bin,,2,94389,short (<20m),long (>100m),False,0.5961364011952974,length_bin,logistic_regression,openclip_frozen_embeddings_logistic_regression
length_bin,,2,94390,medium (20-100m),short (<20m),False,0.947428296004514,length_bin,logistic_regression,openclip_frozen_embeddings_logistic_regression
length_bin,,2,94407,short (<20m),medium (5-20m),False,0.9056456439501632,length_bin,logistic_regression,openclip_frozen_embeddings_logistic_regression
length_bin,,2,94413,long (>100m),medium (20-100m),False,0.9721103802386957,length_bin,logistic_regression,openclip_frozen_embeddings_logistic_regression
length_bin,,2,94421,medium (20-100m),long (>100m),False,0.7683649800034457,length_bin,logistic_regression,openclip_frozen_embeddings_logistic_regression
length_bin,,2,94783,short (<20m),short (<20m),True,0.8359777129787446,length_bin,logistic_regression,openclip_frozen_embeddings_logistic_regression
length_bin,,2,100549,short (<20m),short (<6m),False,0.6764527262121289,length_bin,logistic_regression,openclip_frozen_embeddings_logistic_regression
length_bin,,2,100550,short (<20m),short (<10m),False,0.26926500119426067,length_bin,logistic_regression,openclip_frozen_embeddings_logistic_regression
length_bin,,2,100551,short (<20m),long (>20m),False,0.4359239945245265,length_bin,logistic_regression,openclip_frozen_embeddings_logistic_regression
length_bin,,2,102430,short (<20m),short (<20m),True,0.36419779269075075,length_bin,logistic_regression,openclip_frozen_embeddings_logistic_regression
length_bin,,2,103740,short (<20m),short (<20m),True,0.9732387315921426,length_bin,logistic_regression,openclip_frozen_embeddings_logistic_regression
length_bin,,2,107048,short (<20m),long (>100m),False,0.6387153511620133,length_bin,logistic_regression,openclip_frozen_embeddings_logistic_regression
length_bin,,2,107051,short (<20m),short (<6m),False,0.9061816639796814,length_bin,logistic_regression,openclip_frozen_embeddings_logistic_regression
length_bin,,2,107066,short (<20m),short (<6m),False,0.4012373491614769,length_bin,logistic_regression,openclip_frozen_embeddings_logistic_regression
length_bin,,2,107082,short (<20m),short (<6m),False,0.8457911228779301,length_bin,logistic_regression,openclip_frozen_embeddings_logistic_regression
length_bin,,2,107579,short (<20m),short (<20m),True,0.9974909603252494,length_bin,logistic_regression,openclip_frozen_embeddings_logistic_regression
length_bin,,2,107582,short (<20m),short (<20m),True,0.8568890382187077,length_bin,logistic_regression,openclip_frozen_embeddings_logistic_regression
length_bin,,2,107590,medium (20-100m),short (<20m),False,0.8498678486626258,length_bin,logistic_regression,openclip_frozen_embeddings_logistic_regression
length_bin,,2,107602,medium (20-100m),short (<20m),False,0.6217011938532633,length_bin,logistic_regression,openclip_frozen_embeddings_logistic_regression
length_bin,,2,107872,medium (20-100m),short (<6m),False,0.9759625642535567,length_bin,logistic_regression,openclip_frozen_embeddings_logistic_regression
length_bin,,2,108014,long (>100m),short (<6m),False,0.7541278376833234,length_bin,logistic_regression,openclip_frozen_embeddings_logistic_regression
length_bin,,2,108029,short (<20m),short (<20m),True,0.5746670790368429,length_bin,logistic_regression,openclip_frozen_embeddings_logistic_regression
length_bin,,2,108031,short (<20m),medium (20-100m),False,0.9649078446692232,length_bin,logistic_regression,openclip_frozen_embeddings_logistic_regression
length_bin,,2,108292,short (<20m),short (<20m),True,0.6149634163675051,length_bin,logistic_regression,openclip_frozen_embeddings_logistic_regression
length_bin,,2,108297,short (<20m),short (<20m),True,0.9959459139046857,length_bin,logistic_regression,openclip_frozen_embeddings_logistic_regression
length_bin,,2,108735,short (<20m),short (<20m),True,0.9636971494099545,length_bin,logistic_regression,openclip_frozen_embeddings_logistic_regression
length_bin,,2,108788,medium (20-100m),medium (20-100m),True,0.9727338864693139,length_bin,logistic_regression,openclip_frozen_embeddings_logistic_regression
length_bin,,2,108792,short (<20m),medium (20-100m),False,0.8812602122767165,length_bin,logistic_regression,openclip_frozen_embeddings_logistic_regression
length_bin,,2,109191,short (<20m),short (<6m),False,0.46668083708785313,length_bin,logistic_regression,openclip_frozen_embeddings_logistic_regression
length_bin,,2,109703,short (<20m),short (<20m),True,0.6680098626409925,length_bin,logistic_regression,openclip_frozen_embeddings_logistic_regression
length_bin,,2,109717,long (>100m),short (<20m),False,0.9442383911674912,length_bin,logistic_regression,openclip_frozen_embeddings_logistic_regression
length_bin,,2,110280,short (<20m),long (>100m),False,0.4417245751241089,length_bin,logistic_regression,openclip_frozen_embeddings_logistic_regression
length_bin,,2,110293,short (<20m),short (<20m),True,0.4353424552690897,length_bin,logistic_regression,openclip_frozen_embeddings_logistic_regression
length_bin,,2,110301,short (<20m),medium (20-100m),False,0.5779077800581021,length_bin,logistic_regression,openclip_frozen_embeddings_logistic_regression
length_bin,,2,110563,medium (20-100m),short (<20m),False,0.9708489954331019,length_bin,logistic_regression,openclip_frozen_embeddings_logistic_regression
length_bin,,2,110567,short (<20m),short (<20m),True,0.985226167268519,length_bin,logistic_regression,openclip_frozen_embeddings_logistic_regression
length_bin,,2,110578,short (<20m),medium (20-100m),False,0.5510529717890437,length_bin,logistic_regression,openclip_frozen_embeddings_logistic_regression
length_bin,,2,110608,short (<20m),short (<20m),True,0.6123506237101888,length_bin,logistic_regression,openclip_frozen_embeddings_logistic_regression
length_bin,,2,110963,short (<20m),short (<20m),True,0.8410693528813128,length_bin,logistic_regression,openclip_frozen_embeddings_logistic_regression
length_bin,,2,110976,short (<20m),medium (6-20m),False,0.6967742948601473,length_bin,logistic_regression,openclip_frozen_embeddings_logistic_regression
length_bin,,2,111671,short (<20m),short (<6m),False,0.9361471958300221,length_bin,logistic_regression,openclip_frozen_embeddings_logistic_regression
length_bin,,2,111677,short (<20m),short (<20m),True,0.9611831098111265,length_bin,logistic_regression,openclip_frozen_embeddings_logistic_regression
length_bin,,2,111686,short (<20m),short (<20m),True,0.988138359843942,length_bin,logistic_regression,openclip_frozen_embeddings_logistic_regression
length_bin,,2,111765,short (<20m),short (<20m),True,0.6622347680957369,length_bin,logistic_regression,openclip_frozen_embeddings_logistic_regression
length_bin,,2,111774,short (<20m),medium (20-100m),False,0.5388795807766615,length_bin,logistic_regression,openclip_frozen_embeddings_logistic_regression
length_bin,,2,111779,short (<20m),medium (20-100m),False,0.915697594049324,length_bin,logistic_regression,openclip_frozen_embeddings_logistic_regression
length_bin,,2,111783,short (<20m),short (<20m),True,0.8374126753535972,length_bin,logistic_regression,openclip_frozen_embeddings_logistic_regression
length_bin,,2,111789,medium (20-100m),medium (20-100m),True,0.8491022875248826,length_bin,logistic_regression,openclip_frozen_embeddings_logistic_regression
length_bin,,2,111791,short (<20m),medium (20-100m),False,0.6448425634015241,length_bin,logistic_regression,openclip_frozen_embeddings_logistic_regression
length_bin,,2,111795,short (<20m),medium (6-20m),False,0.6617908475128205,length_bin,logistic_regression,openclip_frozen_embeddings_logistic_regression
length_bin,,2,111801,medium (20-100m),long (>100m),False,0.5308321732096465,length_bin,logistic_regression,openclip_frozen_embeddings_logistic_regression
length_bin,,2,111807,short (<20m),short (<20m),True,0.8598066536909894,length_bin,logistic_regression,openclip_frozen_embeddings_logistic_regression
length_bin,,2,111817,short (<20m),short (<20m),True,0.9392598250741852,length_bin,logistic_regression,openclip_frozen_embeddings_logistic_regression
length_bin,,2,111825,short (<20m),medium (20-100m),False,0.8450238820117286,length_bin,logistic_regression,openclip_frozen_embeddings_logistic_regression
length_bin,,2,112037,short (<20m),short (<6m),False,0.6790203358125692,length_bin,logistic_regression,openclip_frozen_embeddings_logistic_regression
length_bin,,2,112576,short (<20m),short (<20m),True,0.7831520277303015,length_bin,logistic_regression,openclip_frozen_embeddings_logistic_regression
length_bin,,2,112588,medium (20-100m),short (<20m),False,0.7851055849026523,length_bin,logistic_regression,openclip_frozen_embeddings_logistic_regression
length_bin,,2,112965,short (<20m),short (<20m),True,0.9546319053006196,length_bin,logistic_regression,openclip_frozen_embeddings_logistic_regression
length_bin,,2,113130,short (<20m),short (<20m),True,0.8657845473737822,length_bin,logistic_regression,openclip_frozen_embeddings_logistic_regression
length_bin,,2,114724,short (<20m),short (<6m),False,0.9510103235391986,length_bin,logistic_regression,openclip_frozen_embeddings_logistic_regression
length_bin,,2,117013,short (<20m),short (<10m),False,0.5233530562539042,length_bin,logistic_regression,openclip_frozen_embeddings_logistic_regression
length_bin,,2,118202,medium (20-100m),medium (20-100m),True,0.4142935174629185,length_bin,logistic_regression,openclip_frozen_embeddings_logistic_regression
length_bin,,2,118203,medium (20-100m),medium (20-100m),True,0.5930683822435671,length_bin,logistic_regression,openclip_frozen_embeddings_logistic_regression
length_bin,,2,120661,short (<20m),short (<20m),True,0.9204716267109357,length_bin,logistic_regression,openclip_frozen_embeddings_logistic_regression
length_bin,,2,120662,short (<20m),short (<20m),True,0.9240835678456337,length_bin,logistic_regression,openclip_frozen_embeddings_logistic_regression
length_bin,,2,120668,short (<20m),short (<20m),True,0.9749346711528836,length_bin,logistic_regression,openclip_frozen_embeddings_logistic_regression
length_bin,,2,120670,short (<20m),medium (20-100m),False,0.6717910794015689,length_bin,logistic_regression,openclip_frozen_embeddings_logistic_regression
length_bin,,2,92013,short (<20m),short (<20m),True,0.7211192704268256,length_bin,logistic_regression,openclip_frozen_embeddings_logistic_regression
length_bin,,2,120681,short (<20m),medium (20-100m),False,0.5069610664367404,length_bin,logistic_regression,openclip_frozen_embeddings_logistic_regression
length_bin,,2,120692,short (<20m),short (<20m),True,0.9537964616639468,length_bin,logistic_regression,openclip_frozen_embeddings_logistic_regression
length_bin,,2,120920,medium (20-100m),short (<6m),False,0.36326689719170563,length_bin,logistic_regression,openclip_frozen_embeddings_logistic_regression
length_bin,,2,121005,long (>100m),short (<20m),False,0.4418146305092979,length_bin,logistic_regression,openclip_frozen_embeddings_logistic_regression
length_bin,,2,121575,short (<20m),short (<6m),False,0.8081724381168567,length_bin,logistic_regression,openclip_frozen_embeddings_logistic_regression
length_bin,,2,121576,short (<20m),short (<6m),False,0.9821588928956665,length_bin,logistic_regression,openclip_frozen_embeddings_logistic_regression
length_bin,,2,121581,medium (20-100m),short (<6m),False,0.3818736515169328,length_bin,logistic_regression,openclip_frozen_embeddings_logistic_regression
length_bin,,2,121597,short (<20m),medium (20-100m),False,0.6916007525059414,length_bin,logistic_regression,openclip_frozen_embeddings_logistic_regression
length_bin,,2,121598,short (<20m),short (<6m),False,0.5300856078071143,length_bin,logistic_regression,openclip_frozen_embeddings_logistic_regression
length_bin,,2,121612,short (<20m),short (<20m),True,0.9799667826289671,length_bin,logistic_regression,openclip_frozen_embeddings_logistic_regression
length_bin,,2,121672,short (<20m),medium (6-20m),False,0.7289286285641101,length_bin,logistic_regression,openclip_frozen_embeddings_logistic_regression
length_bin,,2,121731,short (<20m),long (>100m),False,0.4658609009006803,length_bin,logistic_regression,openclip_frozen_embeddings_logistic_regression
length_bin,,2,121736,short (<20m),medium (6-20m),False,0.8607234677725673,length_bin,logistic_regression,openclip_frozen_embeddings_logistic_regression
length_bin,,2,121741,short (<20m),short (<20m),True,0.9998966746285641,length_bin,logistic_regression,openclip_frozen_embeddings_logistic_regression
length_bin,,2,121785,short (<20m),short (<20m),True,0.8213977098333949,length_bin,logistic_regression,openclip_frozen_embeddings_logistic_regression
length_bin,,2,121790,short (<20m),long (>100m),False,0.5056516674247719,length_bin,logistic_regression,openclip_frozen_embeddings_logistic_regression
length_bin,,2,122404,short (<20m),medium (20-100m),False,0.9928345759233477,length_bin,logistic_regression,openclip_frozen_embeddings_logistic_regression
length_bin,,2,122833,short (<20m),short (<20m),True,0.9970432799705627,length_bin,logistic_regression,openclip_frozen_embeddings_logistic_regression
length_bin,,2,122976,short (<20m),short (<6m),False,0.9927635475585379,length_bin,logistic_regression,openclip_frozen_embeddings_logistic_regression
length_bin,,2,123154,short (<20m),medium (20-100m),False,0.7438225804280711,length_bin,logistic_regression,openclip_frozen_embeddings_logistic_regression
length_bin,,2,123258,short (<20m),short (<20m),True,0.6307521998113521,length_bin,logistic_regression,openclip_frozen_embeddings_logistic_regression
length_bin,,2,123776,short (<20m),short (<20m),True,0.9967371804102152,length_bin,logistic_regression,openclip_frozen_embeddings_logistic_regression
length_bin,,2,124886,short (<20m),medium (6-20m),False,0.6136489213434366,length_bin,logistic_regression,openclip_frozen_embeddings_logistic_regression
length_bin,,2,125629,medium (20-100m),medium (6-20m),False,0.9797398392528938,length_bin,logistic_regression,openclip_frozen_embeddings_logistic_regression
length_bin,,2,126129,short (<20m),short (<20m),True,0.9867439174144309,length_bin,logistic_regression,openclip_frozen_embeddings_logistic_regression
length_bin,,2,126697,short (<20m),short (<6m),False,0.9850396218130185,length_bin,logistic_regression,openclip_frozen_embeddings_logistic_regression
length_bin,,2,126800,short (<20m),medium (20-100m),False,0.9302847518782333,length_bin,logistic_regression,openclip_frozen_embeddings_logistic_regression
length_bin,,2,126834,short (<20m),short (<20m),True,0.9270567626710592,length_bin,logistic_regression,openclip_frozen_embeddings_logistic_regression
length_bin,,2,126836,short (<20m),medium (20-100m),False,0.9726457902921312,length_bin,logistic_regression,openclip_frozen_embeddings_logistic_regression
length_bin,,2,127131,short (<20m),short (<10m),False,0.846192576721603,length_bin,logistic_regression,openclip_frozen_embeddings_logistic_regression
length_bin,,2,127454,short (<20m),short (<20m),True,0.9458480232493058,length_bin,logistic_regression,openclip_frozen_embeddings_logistic_regression
length_bin,,2,128638,short (<20m),short (<6m),False,0.6813933518270656,length_bin,logistic_regression,openclip_frozen_embeddings_logistic_regression
length_bin,,2,128640,short (<20m),medium (20-100m),False,0.47976998859913217,length_bin,logistic_regression,openclip_frozen_embeddings_logistic_regression
length_bin,,2,128641,short (<20m),medium (20-100m),False,0.9744688742813851,length_bin,logistic_regression,openclip_frozen_embeddings_logistic_regression
length_bin,,2,128953,short (<20m),short (<6m),False,0.6685124984502434,length_bin,logistic_regression,openclip_frozen_embeddings_logistic_regression
length_bin,,2,129401,medium (20-100m),medium (6-20m),False,0.7633913003587962,length_bin,logistic_regression,openclip_frozen_embeddings_logistic_regression
length_bin,,2,101550,short (<10m),short (<20m),False,0.8583254542301436,length_bin,logistic_regression,openclip_frozen_embeddings_logistic_regression
length_bin,,2,107077,short (<10m),medium (20-100m),False,0.8197597279589804,length_bin,logistic_regression,openclip_frozen_embeddings_logistic_regression
length_bin,,2,109181,medium (10-30m),medium (20-100m),False,0.5480811050316676,length_bin,logistic_regression,openclip_frozen_embeddings_logistic_regression
length_bin,,2,128878,medium (10-30m),medium (6-20m),False,0.5499547872317803,length_bin,logistic_regression,openclip_frozen_embeddings_logistic_regression
length_bin,,2,94307,medium (5-20m),medium (6-20m),False,0.4300269262193117,length_bin,logistic_regression,openclip_frozen_embeddings_logistic_regression
length_bin,,2,107928,short (<5m),short (<5m),True,0.5963158374741544,length_bin,logistic_regression,openclip_frozen_embeddings_logistic_regression
length_bin,,2,107945,short (<5m),short (<20m),False,0.42931954984407844,length_bin,logistic_regression,openclip_frozen_embeddings_logistic_regression
length_bin,,2,107972,short (<5m),short (<20m),False,0.5804252495080994,length_bin,logistic_regression,openclip_frozen_embeddings_logistic_regression
length_bin,,2,107981,short (<5m),short (<20m),False,0.8298199923645151,length_bin,logistic_regression,openclip_frozen_embeddings_logistic_regression
length_bin,,2,47637,medium (6-20m),medium (6-20m),True,0.938007388341293,length_bin,logistic_regression,openclip_frozen_embeddings_logistic_regression
length_bin,,2,48342,short (<6m),short (<20m),False,0.7490330974163137,length_bin,logistic_regression,openclip_frozen_embeddings_logistic_regression
length_bin,,2,49060,long (>20m),medium (6-20m),False,0.4444981405392472,length_bin,logistic_regression,openclip_frozen_embeddings_logistic_regression
length_bin,,2,51528,short (<6m),long (>100m),False,0.6199260709655763,length_bin,logistic_regression,openclip_frozen_embeddings_logistic_regression
length_bin,,2,53798,medium (6-20m),medium (6-20m),True,0.5458899518716305,length_bin,logistic_regression,openclip_frozen_embeddings_logistic_regression
length_bin,,2,53983,medium (6-20m),medium (20-100m),False,0.35759682921348285,length_bin,logistic_regression,openclip_frozen_embeddings_logistic_regression
length_bin,,2,54324,long (>20m),long (>20m),True,0.9840168702695294,length_bin,logistic_regression,openclip_frozen_embeddings_logistic_regression
length_bin,,2,58954,medium (6-20m),medium (6-20m),True,0.5499112329533995,length_bin,logistic_regression,openclip_frozen_embeddings_logistic_regression
length_bin,,2,58956,medium (6-20m),short (<20m),False,0.5846441945957149,length_bin,logistic_regression,openclip_frozen_embeddings_logistic_regression
length_bin,,2,61414,long (>20m),short (<6m),False,0.9208169296912853,length_bin,logistic_regression,openclip_frozen_embeddings_logistic_regression
length_bin,,2,62089,short (<6m),long (>20m),False,0.4447512168447892,length_bin,logistic_regression,openclip_frozen_embeddings_logistic_regression
length_bin,,2,62289,short (<6m),short (<20m),False,0.9601928532906037,length_bin,logistic_regression,openclip_frozen_embeddings_logistic_regression
length_bin,,2,62443,long (>20m),medium (6-20m),False,0.9963804054900554,length_bin,logistic_regression,openclip_frozen_embeddings_logistic_regression
length_bin,,2,63069,medium (6-20m),short (<20m),False,0.37789858276033117,length_bin,logistic_regression,openclip_frozen_embeddings_logistic_regression
length_bin,,2,63539,medium (6-20m),short (<6m),False,0.5098670018731806,length_bin,logistic_regression,openclip_frozen_embeddings_logistic_regression
length_bin,,2,64109,short (<6m),medium (6-20m),False,0.9996197781604873,length_bin,logistic_regression,openclip_frozen_embeddings_logistic_regression
length_bin,,2,64123,medium (6-20m),medium (6-20m),True,0.9918928345385207,length_bin,logistic_regression,openclip_frozen_embeddings_logistic_regression
length_bin,,2,64138,short (<6m),medium (20-100m),False,0.4062448283281083,length_bin,logistic_regression,openclip_frozen_embeddings_logistic_regression
length_bin,,2,65609,medium (6-20m),long (>20m),False,0.9097738245936263,length_bin,logistic_regression,openclip_frozen_embeddings_logistic_regression
length_bin,,2,65788,medium (6-20m),medium (6-20m),True,0.9182316737665027,length_bin,logistic_regression,openclip_frozen_embeddings_logistic_regression
length_bin,,2,79958,medium (6-20m),short (<6m),False,0.9113077897504837,length_bin,logistic_regression,openclip_frozen_embeddings_logistic_regression
length_bin,,2,80451,short (<6m),short (<20m),False,0.9433480159161108,length_bin,logistic_regression,openclip_frozen_embeddings_logistic_regression
length_bin,,2,81808,medium (6-20m),medium (6-20m),True,0.816899424620599,length_bin,logistic_regression,openclip_frozen_embeddings_logistic_regression
length_bin,,2,82270,medium (6-20m),medium (5-20m),False,0.5575401730028529,length_bin,logistic_regression,openclip_frozen_embeddings_logistic_regression
length_bin,,2,86599,medium (6-20m),medium (6-20m),True,0.9956522472396293,length_bin,logistic_regression,openclip_frozen_embeddings_logistic_regression
length_bin,,2,89442,short (<6m),short (<6m),True,0.9649333686574506,length_bin,logistic_regression,openclip_frozen_embeddings_logistic_regression
length_bin,,2,89589,short (<6m),medium (20-100m),False,0.9137289518738358,length_bin,logistic_regression,openclip_frozen_embeddings_logistic_regression
length_bin,,2,89763,short (<6m),short (<6m),True,0.7295911291968213,length_bin,logistic_regression,openclip_frozen_embeddings_logistic_regression
length_bin,,2,90412,medium (6-20m),long (>20m),False,0.9770220234558903,length_bin,logistic_regression,openclip_frozen_embeddings_logistic_regression
length_bin,,2,90424,short (<6m),short (<6m),True,0.6842963760207187,length_bin,logistic_regression,openclip_frozen_embeddings_logistic_regression
length_bin,,2,91253,medium (6-20m),short (<6m),False,0.6592380156534334,length_bin,logistic_regression,openclip_frozen_embeddings_logistic_regression
length_bin,,2,92147,short (<6m),short (<20m),False,0.8562864544940225,length_bin,logistic_regression,openclip_frozen_embeddings_logistic_regression
length_bin,,2,92167,long (>20m),long (>20m),True,0.7215105601581284,length_bin,logistic_regression,openclip_frozen_embeddings_logistic_regression
length_bin,,2,92854,short (<6m),short (<6m),True,0.5493780475172984,length_bin,logistic_regression,openclip_frozen_embeddings_logistic_regression
length_bin,,2,92871,medium (6-20m),short (<6m),False,0.9952115135474632,length_bin,logistic_regression,openclip_frozen_embeddings_logistic_regression
length_bin,,2,95938,long (>20m),long (>20m),True,0.7838496725249886,length_bin,logistic_regression,openclip_frozen_embeddings_logistic_regression
length_bin,,2,96292,short (<6m),short (<6m),True,0.7753572103703542,length_bin,logistic_regression,openclip_frozen_embeddings_logistic_regression
length_bin,,2,96293,short (<6m),short (<20m),False,0.6573478676766332,length_bin,logistic_regression,openclip_frozen_embeddings_logistic_regression
length_bin,,2,98498,medium (6-20m),short (<6m),False,0.5127098144495434,length_bin,logistic_regression,openclip_frozen_embeddings_logistic_regression
length_bin,,2,99614,medium (6-20m),medium (6-20m),True,0.871112316367737,length_bin,logistic_regression,openclip_frozen_embeddings_logistic_regression
length_bin,,2,99884,short (<6m),short (<6m),True,0.9393930694288762,length_bin,logistic_regression,openclip_frozen_embeddings_logistic_regression
length_bin,,2,100177,medium (6-20m),medium (6-20m),True,0.8095326911032487,length_bin,logistic_regression,openclip_frozen_embeddings_logistic_regression
length_bin,,2,100270,short (<6m),medium (6-20m),False,0.7659566766215513,length_bin,logistic_regression,openclip_frozen_embeddings_logistic_regression
length_bin,,2,100272,short (<6m),medium (6-20m),False,0.9983391184088876,length_bin,logistic_regression,openclip_frozen_embeddings_logistic_regression
length_bin,,2,100747,medium (6-20m),long (>20m),False,0.5878930796340636,length_bin,logistic_regression,openclip_frozen_embeddings_logistic_regression
length_bin,,2,100752,medium (6-20m),long (>100m),False,0.8573417801422069,length_bin,logistic_regression,openclip_frozen_embeddings_logistic_regression
length_bin,,2,101132,medium (6-20m),medium (6-20m),True,0.9809117203666139,length_bin,logistic_regression,openclip_frozen_embeddings_logistic_regression
length_bin,,2,103256,medium (6-20m),long (>100m),False,0.6831345175193535,length_bin,logistic_regression,openclip_frozen_embeddings_logistic_regression
length_bin,,2,105288,short (<6m),short (<20m),False,0.6851717492366346,length_bin,logistic_regression,openclip_frozen_embeddings_logistic_regression
length_bin,,2,107387,medium (6-20m),short (<6m),False,0.5599786810120794,length_bin,logistic_regression,openclip_frozen_embeddings_logistic_regression
length_bin,,2,107895,medium (6-20m),medium (6-20m),True,0.9937642106446306,length_bin,logistic_regression,openclip_frozen_embeddings_logistic_regression
length_bin,,2,107908,short (<6m),short (<6m),True,0.9373718172290597,length_bin,logistic_regression,openclip_frozen_embeddings_logistic_regression
length_bin,,2,107923,medium (6-20m),short (<20m),False,0.4716180198625151,length_bin,logistic_regression,openclip_frozen_embeddings_logistic_regression
length_bin,,2,107952,short (<6m),short (<20m),False,0.4389494814937554,length_bin,logistic_regression,openclip_frozen_embeddings_logistic_regression
length_bin,,2,108330,medium (6-20m),short (<6m),False,0.9311074141043151,length_bin,logistic_regression,openclip_frozen_embeddings_logistic_regression
length_bin,,2,108799,medium (6-20m),medium (6-20m),True,0.5567310715273223,length_bin,logistic_regression,openclip_frozen_embeddings_logistic_regression
length_bin,,2,109138,medium (6-20m),medium (6-20m),True,0.999129106711222,length_bin,logistic_regression,openclip_frozen_embeddings_logistic_regression
length_bin,,2,109166,medium (6-20m),long (>100m),False,0.5386644091556189,length_bin,logistic_regression,openclip_frozen_embeddings_logistic_regression
length_bin,,2,109334,short (<6m),short (<6m),True,0.9999933171391904,length_bin,logistic_regression,openclip_frozen_embeddings_logistic_regression
length_bin,,2,110171,short (<6m),short (<10m),False,0.9636923775255022,length_bin,logistic_regression,openclip_frozen_embeddings_logistic_regression
length_bin,,2,110996,short (<6m),medium (6-20m),False,0.6538475810440594,length_bin,logistic_regression,openclip_frozen_embeddings_logistic_regression
length_bin,,2,112369,short (<6m),short (<20m),False,0.9830725622792283,length_bin,logistic_regression,openclip_frozen_embeddings_logistic_regression
length_bin,,2,112406,medium (6-20m),medium (20-100m),False,0.9916151950076746,length_bin,logistic_regression,openclip_frozen_embeddings_logistic_regression
length_bin,,2,112868,short (<6m),short (<6m),True,0.5452521709148139,length_bin,logistic_regression,openclip_frozen_embeddings_logistic_regression
length_bin,,2,113126,short (<6m),short (<20m),False,0.37342983904158655,length_bin,logistic_regression,openclip_frozen_embeddings_logistic_regression
length_bin,,2,113164,medium (6-20m),medium (20-100m),False,0.3860670274652852,length_bin,logistic_regression,openclip_frozen_embeddings_logistic_regression
length_bin,,2,113184,short (<6m),short (<6m),True,0.5316501181761502,length_bin,logistic_regression,openclip_frozen_embeddings_logistic_regression
length_bin,,2,113804,medium (6-20m),short (<10m),False,0.8249442111641443,length_bin,logistic_regression,openclip_frozen_embeddings_logistic_regression
length_bin,,2,113805,medium (6-20m),short (<6m),False,0.9494537905076504,length_bin,logistic_regression,openclip_frozen_embeddings_logistic_regression
length_bin,,2,114081,medium (6-20m),medium (6-20m),True,0.8586205415637356,length_bin,logistic_regression,openclip_frozen_embeddings_logistic_regression
length_bin,,2,114635,long (>20m),medium (6-20m),False,0.9263627697272335,length_bin,logistic_regression,openclip_frozen_embeddings_logistic_regression
length_bin,,2,114702,short (<6m),short (<6m),True,0.9986137290381147,length_bin,logistic_regression,openclip_frozen_embeddings_logistic_regression
length_bin,,2,114940,short (<6m),medium (6-20m),False,0.99817196407986,length_bin,logistic_regression,openclip_frozen_embeddings_logistic_regression
length_bin,,2,114951,short (<6m),medium (6-20m),False,0.9907562765145097,length_bin,logistic_regression,openclip_frozen_embeddings_logistic_regression
length_bin,,2,116051,medium (6-20m),short (<6m),False,0.9993452131810672,length_bin,logistic_regression,openclip_frozen_embeddings_logistic_regression
length_bin,,2,116847,medium (6-20m),medium (6-20m),True,0.9359271379784458,length_bin,logistic_regression,openclip_frozen_embeddings_logistic_regression
length_bin,,2,117192,medium (6-20m),medium (6-20m),True,0.9798149143155813,length_bin,logistic_regression,openclip_frozen_embeddings_logistic_regression
length_bin,,2,117197,short (<6m),medium (6-20m),False,0.9969020781548233,length_bin,logistic_regression,openclip_frozen_embeddings_logistic_regression
length_bin,,2,117204,short (<6m),short (<6m),True,0.7462569752652803,length_bin,logistic_regression,openclip_frozen_embeddings_logistic_regression
length_bin,,2,117222,short (<6m),medium (6-20m),False,0.918190244689548,length_bin,logistic_regression,openclip_frozen_embeddings_logistic_regression
length_bin,,2,117364,medium (6-20m),medium (20-100m),False,0.36650548331083216,length_bin,logistic_regression,openclip_frozen_embeddings_logistic_regression
length_bin,,2,118246,medium (6-20m),medium (6-20m),True,0.9152556481688292,length_bin,logistic_regression,openclip_frozen_embeddings_logistic_regression
length_bin,,2,118254,long (>20m),long (>20m),True,0.9748672296754071,length_bin,logistic_regression,openclip_frozen_embeddings_logistic_regression
length_bin,,2,118758,short (<6m),medium (6-20m),False,0.6499437287816552,length_bin,logistic_regression,openclip_frozen_embeddings_logistic_regression
length_bin,,2,120706,medium (6-20m),long (>100m),False,0.9483227536007525,length_bin,logistic_regression,openclip_frozen_embeddings_logistic_regression
length_bin,,2,122441,short (<6m),medium (6-20m),False,0.9997431732227051,length_bin,logistic_regression,openclip_frozen_embeddings_logistic_regression
length_bin,,2,122830,short (<6m),short (<6m),True,0.9924116327313305,length_bin,logistic_regression,openclip_frozen_embeddings_logistic_regression
length_bin,,2,123139,short (<6m),medium (20-100m),False,0.9552826297398342,length_bin,logistic_regression,openclip_frozen_embeddings_logistic_regression
length_bin,,2,123310,long (>20m),long (>20m),True,0.5694423104248848,length_bin,logistic_regression,openclip_frozen_embeddings_logistic_regression
length_bin,,2,126804,short (<6m),medium (6-20m),False,0.5272827788960702,length_bin,logistic_regression,openclip_frozen_embeddings_logistic_regression
length_bin,,2,126916,short (<6m),short (<20m),False,0.9923673354280623,length_bin,logistic_regression,openclip_frozen_embeddings_logistic_regression
length_bin,,2,127455,long (>20m),medium (20-100m),False,0.5527146970552244,length_bin,logistic_regression,openclip_frozen_embeddings_logistic_regression
length_bin,,2,127388,medium (6-20m),medium (6-20m),True,0.8541178935188114,length_bin,logistic_regression,openclip_frozen_embeddings_logistic_regression
length_bin,,3,46615,long (>100m),medium (6-20m),False,0.5853317101394676,length_bin,logistic_regression,openclip_frozen_embeddings_logistic_regression
length_bin,,3,48637,short (<20m),medium (20-100m),False,0.9795681475698728,length_bin,logistic_regression,openclip_frozen_embeddings_logistic_regression
length_bin,,3,48933,long (>100m),medium (20-100m),False,0.8033736635099084,length_bin,logistic_regression,openclip_frozen_embeddings_logistic_regression
length_bin,,3,48936,medium (20-100m),short (<20m),False,0.5047323076094938,length_bin,logistic_regression,openclip_frozen_embeddings_logistic_regression
length_bin,,3,51254,long (>100m),short (<20m),False,0.46911139995255197,length_bin,logistic_regression,openclip_frozen_embeddings_logistic_regression
length_bin,,3,51603,long (>100m),short (<20m),False,0.9571651566972473,length_bin,logistic_regression,openclip_frozen_embeddings_logistic_regression
length_bin,,3,52244,long (>100m),short (<20m),False,0.521304372506294,length_bin,logistic_regression,openclip_frozen_embeddings_logistic_regression
length_bin,,3,52469,short (<20m),medium (20-100m),False,0.774701924178772,length_bin,logistic_regression,openclip_frozen_embeddings_logistic_regression
length_bin,,3,53103,medium (20-100m),medium (20-100m),True,0.6564780103228837,length_bin,logistic_regression,openclip_frozen_embeddings_logistic_regression
length_bin,,3,53556,medium (20-100m),short (<20m),False,0.7145005695729059,length_bin,logistic_regression,openclip_frozen_embeddings_logistic_regression
length_bin,,3,55466,long (>100m),long (>20m),False,0.46551599943783684,length_bin,logistic_regression,openclip_frozen_embeddings_logistic_regression
length_bin,,3,55645,medium (20-100m),medium (20-100m),True,0.9699796056154244,length_bin,logistic_regression,openclip_frozen_embeddings_logistic_regression
length_bin,,3,56345,long (>100m),long (>100m),True,0.7189699045704835,length_bin,logistic_regression,openclip_frozen_embeddings_logistic_regression
length_bin,,3,61005,long (>100m),long (>100m),True,0.4884333691322449,length_bin,logistic_regression,openclip_frozen_embeddings_logistic_regression
length_bin,,3,61732,short (<20m),short (<20m),True,0.9935604046794533,length_bin,logistic_regression,openclip_frozen_embeddings_logistic_regression
length_bin,,3,64237,short (<20m),short (<20m),True,0.8876505841503068,length_bin,logistic_regression,openclip_frozen_embeddings_logistic_regression
length_bin,,3,64236,short (<20m),medium (6-20m),False,0.5405075147580537,length_bin,logistic_regression,openclip_frozen_embeddings_logistic_regression
length_bin,,3,65428,medium (20-100m),medium (20-100m),True,0.4488133990678004,length_bin,logistic_regression,openclip_frozen_embeddings_logistic_regression
length_bin,,3,81875,long (>100m),long (>20m),False,0.5100875503020341,length_bin,logistic_regression,openclip_frozen_embeddings_logistic_regression
length_bin,,3,81889,long (>100m),medium (20-100m),False,0.5445765065727038,length_bin,logistic_regression,openclip_frozen_embeddings_logistic_regression
length_bin,,3,83898,short (<20m),medium (20-100m),False,0.9523431233797329,length_bin,logistic_regression,openclip_frozen_embeddings_logistic_regression
length_bin,,3,83458,short (<20m),medium (20-100m),False,0.7562760600200988,length_bin,logistic_regression,openclip_frozen_embeddings_logistic_regression
length_bin,,3,83938,short (<20m),short (<20m),True,0.7213085952767284,length_bin,logistic_regression,openclip_frozen_embeddings_logistic_regression
length_bin,,3,83942,short (<20m),short (<20m),True,0.923589913063565,length_bin,logistic_regression,openclip_frozen_embeddings_logistic_regression
length_bin,,3,83947,medium (20-100m),short (<20m),False,0.613445800500535,length_bin,logistic_regression,openclip_frozen_embeddings_logistic_regression
length_bin,,3,85171,short (<20m),long (>100m),False,0.5956875441411172,length_bin,logistic_regression,openclip_frozen_embeddings_logistic_regression
length_bin,,3,85091,short (<20m),short (<20m),True,0.5439887175524346,length_bin,logistic_regression,openclip_frozen_embeddings_logistic_regression
length_bin,,3,85485,short (<20m),medium (20-100m),False,0.9671424018755653,length_bin,logistic_regression,openclip_frozen_embeddings_logistic_regression
length_bin,,3,85490,short (<20m),short (<20m),True,0.6338027970997787,length_bin,logistic_regression,openclip_frozen_embeddings_logistic_regression
length_bin,,3,86030,short (<20m),medium (20-100m),False,0.8087809769785688,length_bin,logistic_regression,openclip_frozen_embeddings_logistic_regression
length_bin,,3,86065,short (<20m),long (>100m),False,0.9590469176689439,length_bin,logistic_regression,openclip_frozen_embeddings_logistic_regression
length_bin,,3,86063,short (<20m),short (<20m),True,0.9750393873869193,length_bin,logistic_regression,openclip_frozen_embeddings_logistic_regression
length_bin,,3,86076,short (<20m),short (<20m),True,0.9057440398381525,length_bin,logistic_regression,openclip_frozen_embeddings_logistic_regression
length_bin,,3,86075,short (<20m),short (<20m),True,0.9826818898200842,length_bin,logistic_regression,openclip_frozen_embeddings_logistic_regression
length_bin,,3,86105,short (<20m),medium (20-100m),False,0.7260255531880518,length_bin,logistic_regression,openclip_frozen_embeddings_logistic_regression
length_bin,,3,86110,short (<20m),short (<20m),True,0.6184881309242617,length_bin,logistic_regression,openclip_frozen_embeddings_logistic_regression
length_bin,,3,86117,short (<20m),short (<20m),True,0.9942696074568091,length_bin,logistic_regression,openclip_frozen_embeddings_logistic_regression
length_bin,,3,86119,short (<20m),short (<20m),True,0.8432282830624014,length_bin,logistic_regression,openclip_frozen_embeddings_logistic_regression
length_bin,,3,86124,short (<20m),short (<20m),True,0.9244221441180286,length_bin,logistic_regression,openclip_frozen_embeddings_logistic_regression
length_bin,,3,86127,short (<20m),short (<20m),True,0.9924404252744949,length_bin,logistic_regression,openclip_frozen_embeddings_logistic_regression
length_bin,,3,86135,medium (20-100m),short (<20m),False,0.9698476447594075,length_bin,logistic_regression,openclip_frozen_embeddings_logistic_regression
length_bin,,3,86137,short (<20m),short (<20m),True,0.9952692041154383,length_bin,logistic_regression,openclip_frozen_embeddings_logistic_regression
length_bin,,3,86141,short (<20m),medium (20-100m),False,0.8947938742163929,length_bin,logistic_regression,openclip_frozen_embeddings_logistic_regression
length_bin,,3,86154,short (<20m),short (<20m),True,0.8726188367607375,length_bin,logistic_regression,openclip_frozen_embeddings_logistic_regression
length_bin,,3,86157,short (<20m),short (<20m),True,0.6226435359126608,length_bin,logistic_regression,openclip_frozen_embeddings_logistic_regression
length_bin,,3,86175,medium (20-100m),medium (20-100m),True,0.989626143996984,length_bin,logistic_regression,openclip_frozen_embeddings_logistic_regression
length_bin,,3,86186,medium (20-100m),long (>100m),False,0.38856032365558646,length_bin,logistic_regression,openclip_frozen_embeddings_logistic_regression
length_bin,,3,86192,short (<20m),short (<20m),True,0.9972296912651374,length_bin,logistic_regression,openclip_frozen_embeddings_logistic_regression
length_bin,,3,86194,medium (20-100m),short (<20m),False,0.5829262138360124,length_bin,logistic_regression,openclip_frozen_embeddings_logistic_regression
length_bin,,3,86206,medium (20-100m),short (<20m),False,0.9755943691667256,length_bin,logistic_regression,openclip_frozen_embeddings_logistic_regression
length_bin,,3,86211,medium (20-100m),short (<20m),False,0.9895270672207215,length_bin,logistic_regression,openclip_frozen_embeddings_logistic_regression
length_bin,,3,86226,short (<20m),short (<20m),True,0.7840037820055853,length_bin,logistic_regression,openclip_frozen_embeddings_logistic_regression
length_bin,,3,86227,medium (20-100m),short (<20m),False,0.9887378935799742,length_bin,logistic_regression,openclip_frozen_embeddings_logistic_regression
length_bin,,3,86231,short (<20m),short (<20m),True,0.9733581009885677,length_bin,logistic_regression,openclip_frozen_embeddings_logistic_regression
length_bin,,3,86256,medium (20-100m),short (<20m),False,0.9794591156534858,length_bin,logistic_regression,openclip_frozen_embeddings_logistic_regression
length_bin,,3,87575,short (<20m),short (<6m),False,0.6544336718865846,length_bin,logistic_regression,openclip_frozen_embeddings_logistic_regression
length_bin,,3,87583,short (<20m),short (<20m),True,0.7771959388148036,length_bin,logistic_regression,openclip_frozen_embeddings_logistic_regression
length_bin,,3,88194,medium (20-100m),short (<20m),False,0.6949339498458922,length_bin,logistic_regression,openclip_frozen_embeddings_logistic_regression
length_bin,,3,89446,short (<20m),short (<20m),True,0.7444469536620689,length_bin,logistic_regression,openclip_frozen_embeddings_logistic_regression
length_bin,,3,89588,short (<20m),short (<20m),True,0.6895578560215201,length_bin,logistic_regression,openclip_frozen_embeddings_logistic_regression
length_bin,,3,89593,short (<20m),short (<20m),True,0.9705264824798973,length_bin,logistic_regression,openclip_frozen_embeddings_logistic_regression
length_bin,,3,89600,short (<20m),short (<20m),True,0.9870767276324265,length_bin,logistic_regression,openclip_frozen_embeddings_logistic_regression
length_bin,,3,89705,short (<20m),medium (20-100m),False,0.749073600659877,length_bin,logistic_regression,openclip_frozen_embeddings_logistic_regression
length_bin,,3,89765,short (<20m),short (<6m),False,0.6365577431201356,length_bin,logistic_regression,openclip_frozen_embeddings_logistic_regression
length_bin,,3,90343,short (<20m),medium (20-100m),False,0.9277753690359332,length_bin,logistic_regression,openclip_frozen_embeddings_logistic_regression
length_bin,,3,90345,short (<20m),medium (20-100m),False,0.8181739703124523,length_bin,logistic_regression,openclip_frozen_embeddings_logistic_regression
length_bin,,3,90348,short (<20m),short (<6m),False,0.8930086179506247,length_bin,logistic_regression,openclip_frozen_embeddings_logistic_regression
length_bin,,3,90367,short (<20m),long (>100m),False,0.5406526968139014,length_bin,logistic_regression,openclip_frozen_embeddings_logistic_regression
length_bin,,3,90371,medium (20-100m),long (>100m),False,0.4503417769679227,length_bin,logistic_regression,openclip_frozen_embeddings_logistic_regression
length_bin,,3,90384,medium (20-100m),medium (20-100m),True,0.7054474508140871,length_bin,logistic_regression,openclip_frozen_embeddings_logistic_regression
length_bin,,3,90390,short (<20m),short (<20m),True,0.5907910929041476,length_bin,logistic_regression,openclip_frozen_embeddings_logistic_regression
length_bin,,3,90393,medium (20-100m),medium (20-100m),True,0.9167687150295675,length_bin,logistic_regression,openclip_frozen_embeddings_logistic_regression
length_bin,,3,90395,medium (20-100m),medium (20-100m),True,0.4182464570115811,length_bin,logistic_regression,openclip_frozen_embeddings_logistic_regression
length_bin,,3,90396,long (>100m),medium (20-100m),False,0.6913194805430338,length_bin,logistic_regression,openclip_frozen_embeddings_logistic_regression
length_bin,,3,90399,medium (20-100m),short (<6m),False,0.567566154530544,length_bin,logistic_regression,openclip_frozen_embeddings_logistic_regression
length_bin,,3,90493,medium (20-100m),short (<6m),False,0.8658406765556218,length_bin,logistic_regression,openclip_frozen_embeddings_logistic_regression
length_bin,,3,90498,medium (20-100m),medium (20-100m),True,0.9921821258786663,length_bin,logistic_regression,openclip_frozen_embeddings_logistic_regression
length_bin,,3,90500,medium (20-100m),medium (20-100m),True,0.9988143776374986,length_bin,logistic_regression,openclip_frozen_embeddings_logistic_regression
length_bin,,3,91946,medium (20-100m),short (<20m),False,0.9608931877040512,length_bin,logistic_regression,openclip_frozen_embeddings_logistic_regression
length_bin,,3,92004,long (>100m),short (<20m),False,0.997863711889884,length_bin,logistic_regression,openclip_frozen_embeddings_logistic_regression
length_bin,,3,92016,medium (20-100m),short (<20m),False,0.604010562306502,length_bin,logistic_regression,openclip_frozen_embeddings_logistic_regression
length_bin,,3,92018,medium (20-100m),short (<20m),False,0.8535568647381541,length_bin,logistic_regression,openclip_frozen_embeddings_logistic_regression
length_bin,,3,92035,short (<20m),long (>100m),False,0.5907911975014402,length_bin,logistic_regression,openclip_frozen_embeddings_logistic_regression
length_bin,,3,92036,short (<20m),short (<20m),True,0.9983371681324316,length_bin,logistic_regression,openclip_frozen_embeddings_logistic_regression
length_bin,,3,92046,medium (20-100m),short (<20m),False,0.998560118777644,length_bin,logistic_regression,openclip_frozen_embeddings_logistic_regression
length_bin,,3,92051,medium (20-100m),medium (20-100m),True,0.8324114059074842,length_bin,logistic_regression,openclip_frozen_embeddings_logistic_regression
length_bin,,3,92058,medium (20-100m),short (<20m),False,0.9982732679962539,length_bin,logistic_regression,openclip_frozen_embeddings_logistic_regression
length_bin,,3,92087,short (<20m),short (<20m),True,0.9980358152928034,length_bin,logistic_regression,openclip_frozen_embeddings_logistic_regression
length_bin,,3,92089,short (<20m),medium (20-100m),False,0.44852334009368294,length_bin,logistic_regression,openclip_frozen_embeddings_logistic_regression
length_bin,,3,94171,short (<20m),short (<6m),False,0.7736132969431627,length_bin,logistic_regression,openclip_frozen_embeddings_logistic_regression
length_bin,,3,94286,medium (20-100m),medium (6-20m),False,0.5590656714883996,length_bin,logistic_regression,openclip_frozen_embeddings_logistic_regression
length_bin,,3,94291,short (<20m),short (<6m),False,0.9830886409206058,length_bin,logistic_regression,openclip_frozen_embeddings_logistic_regression
length_bin,,3,94292,long (>100m),short (<20m),False,0.8331719544174948,length_bin,logistic_regression,openclip_frozen_embeddings_logistic_regression
length_bin,,3,94306,short (<20m),short (<20m),True,0.9563093021610076,length_bin,logistic_regression,openclip_frozen_embeddings_logistic_regression
length_bin,,3,94312,medium (20-100m),long (>100m),False,0.9827905015687659,length_bin,logistic_regression,openclip_frozen_embeddings_logistic_regression
length_bin,,3,94316,long (>100m),short (<20m),False,0.917051877317251,length_bin,logistic_regression,openclip_frozen_embeddings_logistic_regression
length_bin,,3,94345,short (<20m),long (>100m),False,0.9365308561479135,length_bin,logistic_regression,openclip_frozen_embeddings_logistic_regression
length_bin,,3,94349,long (>100m),medium (20-100m),False,0.9930305073429975,length_bin,logistic_regression,openclip_frozen_embeddings_logistic_regression
length_bin,,3,94356,long (>100m),medium (20-100m),False,0.9982638093773369,length_bin,logistic_regression,openclip_frozen_embeddings_logistic_regression
length_bin,,3,94373,medium (20-100m),medium (20-100m),True,0.9079361936826013,length_bin,logistic_regression,openclip_frozen_embeddings_logistic_regression
length_bin,,3,94385,short (<20m),medium (20-100m),False,0.9835921151170379,length_bin,logistic_regression,openclip_frozen_embeddings_logistic_regression
length_bin,,3,94387,short (<20m),medium (20-100m),False,0.9737424888691447,length_bin,logistic_regression,openclip_frozen_embeddings_logistic_regression
length_bin,,3,94393,medium (20-100m),short (<20m),False,0.9423397916156946,length_bin,logistic_regression,openclip_frozen_embeddings_logistic_regression
length_bin,,3,94408,medium (20-100m),short (<20m),False,0.9057254156300815,length_bin,logistic_regression,openclip_frozen_embeddings_logistic_regression
length_bin,,3,94410,short (<20m),short (<20m),True,0.5657581237058819,length_bin,logistic_regression,openclip_frozen_embeddings_logistic_regression
length_bin,,3,94414,short (<20m),medium (20-100m),False,0.8660975400100727,length_bin,logistic_regression,openclip_frozen_embeddings_logistic_regression
length_bin,,3,94416,medium (20-100m),short (<20m),False,0.9177859485047437,length_bin,logistic_regression,openclip_frozen_embeddings_logistic_regression
length_bin,,3,94423,short (<20m),medium (20-100m),False,0.9855807787569847,length_bin,logistic_regression,openclip_frozen_embeddings_logistic_regression
length_bin,,3,94424,medium (20-100m),short (<20m),False,0.991927804907489,length_bin,logistic_regression,openclip_frozen_embeddings_logistic_regression
length_bin,,3,94487,short (<20m),medium (6-20m),False,0.9901196381145635,length_bin,logistic_regression,openclip_frozen_embeddings_logistic_regression
length_bin,,3,100346,short (<20m),short (<6m),False,0.6564328347494981,length_bin,logistic_regression,openclip_frozen_embeddings_logistic_regression
length_bin,,3,100555,long (>100m),long (>100m),True,0.5066462663941709,length_bin,logistic_regression,openclip_frozen_embeddings_logistic_regression
length_bin,,3,102362,medium (20-100m),long (>100m),False,0.9969974854323274,length_bin,logistic_regression,openclip_frozen_embeddings_logistic_regression
length_bin,,3,102424,short (<20m),short (<10m),False,0.7197617082322035,length_bin,logistic_regression,openclip_frozen_embeddings_logistic_regression
length_bin,,3,102536,medium (20-100m),long (>20m),False,0.8084266351625428,length_bin,logistic_regression,openclip_frozen_embeddings_logistic_regression
length_bin,,3,103624,short (<20m),short (<6m),False,0.991947196671552,length_bin,logistic_regression,openclip_frozen_embeddings_logistic_regression
length_bin,,3,103708,short (<20m),short (<6m),False,0.8828521536567878,length_bin,logistic_regression,openclip_frozen_embeddings_logistic_regression
length_bin,,3,105280,medium (20-100m),short (<20m),False,0.6354282725504966,length_bin,logistic_regression,openclip_frozen_embeddings_logistic_regression
length_bin,,3,106401,short (<20m),short (<6m),False,0.8261213984359267,length_bin,logistic_regression,openclip_frozen_embeddings_logistic_regression
length_bin,,3,106937,short (<20m),short (<6m),False,0.936781830752493,length_bin,logistic_regression,openclip_frozen_embeddings_logistic_regression
length_bin,,3,107060,short (<20m),short (<6m),False,0.98096100336503,length_bin,logistic_regression,openclip_frozen_embeddings_logistic_regression
length_bin,,3,107589,short (<20m),long (>100m),False,0.77212413721764,length_bin,logistic_regression,openclip_frozen_embeddings_logistic_regression
length_bin,,3,107867,medium (20-100m),medium (20-100m),True,0.9749142357293435,length_bin,logistic_regression,openclip_frozen_embeddings_logistic_regression
length_bin,,3,107874,medium (20-100m),medium (20-100m),True,0.7668267516286611,length_bin,logistic_regression,openclip_frozen_embeddings_logistic_regression
length_bin,,3,107883,medium (20-100m),short (<6m),False,0.9875179704742298,length_bin,logistic_regression,openclip_frozen_embeddings_logistic_regression
length_bin,,3,107888,medium (20-100m),short (<20m),False,0.5982482514462717,length_bin,logistic_regression,openclip_frozen_embeddings_logistic_regression
length_bin,,3,107891,medium (20-100m),medium (20-100m),True,0.6043433707096758,length_bin,logistic_regression,openclip_frozen_embeddings_logistic_regression
length_bin,,3,107906,long (>100m),short (<6m),False,0.7395733362569278,length_bin,logistic_regression,openclip_frozen_embeddings_logistic_regression
length_bin,,3,107991,short (<20m),medium (5-20m),False,0.47098055699727914,length_bin,logistic_regression,openclip_frozen_embeddings_logistic_regression
length_bin,,3,108021,short (<20m),medium (6-20m),False,0.9165001257639243,length_bin,logistic_regression,openclip_frozen_embeddings_logistic_regression
length_bin,,3,108296,short (<20m),short (<6m),False,0.9864676999338826,length_bin,logistic_regression,openclip_frozen_embeddings_logistic_regression
length_bin,,3,108299,short (<20m),short (<6m),False,0.9541780011837506,length_bin,logistic_regression,openclip_frozen_embeddings_logistic_regression
length_bin,,3,108303,medium (20-100m),short (<20m),False,0.9330342163657829,length_bin,logistic_regression,openclip_frozen_embeddings_logistic_regression
length_bin,,3,108327,short (<20m),medium (20-100m),False,0.6735574414278683,length_bin,logistic_regression,openclip_frozen_embeddings_logistic_regression
length_bin,,3,108341,short (<20m),short (<6m),False,0.8421682086651303,length_bin,logistic_regression,openclip_frozen_embeddings_logistic_regression
length_bin,,3,108349,short (<20m),short (<20m),True,0.6120654567324846,length_bin,logistic_regression,openclip_frozen_embeddings_logistic_regression
length_bin,,3,108395,medium (20-100m),short (<20m),False,0.995832151949343,length_bin,logistic_regression,openclip_frozen_embeddings_logistic_regression
length_bin,,3,108398,medium (20-100m),short (<20m),False,0.7705543605764672,length_bin,logistic_regression,openclip_frozen_embeddings_logistic_regression
length_bin,,3,108712,short (<20m),short (<20m),True,0.9974938444488298,length_bin,logistic_regression,openclip_frozen_embeddings_logistic_regression
length_bin,,3,108733,short (<20m),short (<20m),True,0.8594952597574783,length_bin,logistic_regression,openclip_frozen_embeddings_logistic_regression
length_bin,,3,108779,medium (20-100m),short (<10m),False,0.9413577665868254,length_bin,logistic_regression,openclip_frozen_embeddings_logistic_regression
length_bin,,3,108780,long (>100m),short (<10m),False,0.900568496396774,length_bin,logistic_regression,openclip_frozen_embeddings_logistic_regression
length_bin,,3,108787,medium (20-100m),short (<20m),False,0.8075692898855364,length_bin,logistic_regression,openclip_frozen_embeddings_logistic_regression
length_bin,,3,108795,medium (20-100m),medium (20-100m),True,0.5201838273836062,length_bin,logistic_regression,openclip_frozen_embeddings_logistic_regression
length_bin,,3,109419,short (<20m),medium (6-20m),False,0.3003290018428278,length_bin,logistic_regression,openclip_frozen_embeddings_logistic_regression
length_bin,,3,109713,short (<20m),short (<20m),True,0.9504350139935098,length_bin,logistic_regression,openclip_frozen_embeddings_logistic_regression
length_bin,,3,109824,short (<20m),short (<6m),False,0.8683426171896984,length_bin,logistic_regression,openclip_frozen_embeddings_logistic_regression
length_bin,,3,110602,short (<20m),short (<20m),True,0.9955838181139537,length_bin,logistic_regression,openclip_frozen_embeddings_logistic_regression
length_bin,,3,110955,long (>100m),short (<20m),False,0.9656591481654823,length_bin,logistic_regression,openclip_frozen_embeddings_logistic_regression
length_bin,,3,110962,short (<20m),long (>100m),False,0.45812131034425385,length_bin,logistic_regression,openclip_frozen_embeddings_logistic_regression
length_bin,,3,110966,short (<20m),short (<20m),True,0.9520447886904152,length_bin,logistic_regression,openclip_frozen_embeddings_logistic_regression
length_bin,,3,110970,short (<20m),medium (20-100m),False,0.8026251031303504,length_bin,logistic_regression,openclip_frozen_embeddings_logistic_regression
length_bin,,3,110975,short (<20m),short (<20m),True,0.9829356684979904,length_bin,logistic_regression,openclip_frozen_embeddings_logistic_regression
length_bin,,3,111673,short (<20m),short (<20m),True,0.8725390071533944,length_bin,logistic_regression,openclip_frozen_embeddings_logistic_regression
length_bin,,3,111683,short (<20m),medium (20-100m),False,0.9991037597428399,length_bin,logistic_regression,openclip_frozen_embeddings_logistic_regression
length_bin,,3,111802,medium (20-100m),medium (20-100m),True,0.7885792884802991,length_bin,logistic_regression,openclip_frozen_embeddings_logistic_regression
length_bin,,3,111805,short (<20m),short (<20m),True,0.9944766915906683,length_bin,logistic_regression,openclip_frozen_embeddings_logistic_regression
length_bin,,3,111815,short (<20m),short (<20m),True,0.8686380827104541,length_bin,logistic_regression,openclip_frozen_embeddings_logistic_regression
length_bin,,3,112579,short (<20m),long (>100m),False,0.8965846362383313,length_bin,logistic_regression,openclip_frozen_embeddings_logistic_regression
length_bin,,3,113156,medium (20-100m),short (<20m),False,0.7779325705297835,length_bin,logistic_regression,openclip_frozen_embeddings_logistic_regression
length_bin,,3,113167,medium (20-100m),medium (20-100m),True,0.6438086645046702,length_bin,logistic_regression,openclip_frozen_embeddings_logistic_regression
length_bin,,3,117015,short (<20m),short (<20m),True,0.5603500475741203,length_bin,logistic_regression,openclip_frozen_embeddings_logistic_regression
length_bin,,3,120665,short (<20m),short (<6m),False,0.8819887203524462,length_bin,logistic_regression,openclip_frozen_embeddings_logistic_regression
length_bin,,3,120666,short (<20m),short (<20m),True,0.8399258961967142,length_bin,logistic_regression,openclip_frozen_embeddings_logistic_regression
length_bin,,3,120687,short (<20m),short (<20m),True,0.7628623310367526,length_bin,logistic_regression,openclip_frozen_embeddings_logistic_regression
length_bin,,3,120908,short (<20m),short (<6m),False,0.631040729498672,length_bin,logistic_regression,openclip_frozen_embeddings_logistic_regression
length_bin,,3,121010,medium (20-100m),short (<20m),False,0.9827244588143339,length_bin,logistic_regression,openclip_frozen_embeddings_logistic_regression
length_bin,,3,121247,short (<20m),long (>100m),False,0.9555400904393284,length_bin,logistic_regression,openclip_frozen_embeddings_logistic_regression
length_bin,,3,121572,short (<20m),short (<6m),False,0.5485126601407776,length_bin,logistic_regression,openclip_frozen_embeddings_logistic_regression
length_bin,,3,121596,short (<20m),short (<20m),True,0.8701097529656097,length_bin,logistic_regression,openclip_frozen_embeddings_logistic_regression
length_bin,,3,121728,short (<20m),short (<20m),True,0.9999581196635252,length_bin,logistic_regression,openclip_frozen_embeddings_logistic_regression
length_bin,,3,121744,short (<20m),short (<20m),True,0.9988646369192723,length_bin,logistic_regression,openclip_frozen_embeddings_logistic_regression
length_bin,,3,121791,short (<20m),short (<20m),True,0.9831825497207288,length_bin,logistic_regression,openclip_frozen_embeddings_logistic_regression
length_bin,,3,121792,short (<20m),short (<20m),True,0.9770528480240477,length_bin,logistic_regression,openclip_frozen_embeddings_logistic_regression
length_bin,,3,122317,short (<20m),medium (5-20m),False,0.6272464403521025,length_bin,logistic_regression,openclip_frozen_embeddings_logistic_regression
length_bin,,3,123099,short (<20m),short (<6m),False,0.49676750199911224,length_bin,logistic_regression,openclip_frozen_embeddings_logistic_regression
length_bin,,3,123101,short (<20m),short (<20m),True,0.9870928156212404,length_bin,logistic_regression,openclip_frozen_embeddings_logistic_regression
length_bin,,3,123106,short (<20m),short (<20m),True,0.9884171644599324,length_bin,logistic_regression,openclip_frozen_embeddings_logistic_regression
length_bin,,3,123142,medium (20-100m),short (<20m),False,0.4798219385733906,length_bin,logistic_regression,openclip_frozen_embeddings_logistic_regression
length_bin,,3,123256,short (<20m),short (<6m),False,0.9504115683303862,length_bin,logistic_regression,openclip_frozen_embeddings_logistic_regression
length_bin,,3,123259,short (<20m),medium (20-100m),False,0.7188795778163303,length_bin,logistic_regression,openclip_frozen_embeddings_logistic_regression
length_bin,,3,126808,medium (20-100m),short (<20m),False,0.9959284699537662,length_bin,logistic_regression,openclip_frozen_embeddings_logistic_regression
length_bin,,3,126835,short (<20m),short (<20m),True,0.6701526832192723,length_bin,logistic_regression,openclip_frozen_embeddings_logistic_regression
length_bin,,3,126837,short (<20m),short (<20m),True,0.9100655983647454,length_bin,logistic_regression,openclip_frozen_embeddings_logistic_regression
length_bin,,3,127135,short (<20m),long (>20m),False,0.42818929385209537,length_bin,logistic_regression,openclip_frozen_embeddings_logistic_regression
length_bin,,3,127141,short (<20m),short (<20m),True,0.997364272827576,length_bin,logistic_regression,openclip_frozen_embeddings_logistic_regression
length_bin,,3,127142,short (<20m),short (<20m),True,0.9355029868554516,length_bin,logistic_regression,openclip_frozen_embeddings_logistic_regression
length_bin,,3,127653,short (<20m),short (<6m),False,0.9409085627670443,length_bin,logistic_regression,openclip_frozen_embeddings_logistic_regression
length_bin,,3,128639,short (<20m),short (<20m),True,0.9097140800333012,length_bin,logistic_regression,openclip_frozen_embeddings_logistic_regression
length_bin,,3,128951,medium (20-100m),long (>20m),False,0.7277531730683241,length_bin,logistic_regression,openclip_frozen_embeddings_logistic_regression
length_bin,,3,100342,medium (10-30m),long (>20m),False,0.8838449923945211,length_bin,logistic_regression,openclip_frozen_embeddings_logistic_regression
length_bin,,3,103725,short (<10m),short (<20m),False,0.43061502492847054,length_bin,logistic_regression,openclip_frozen_embeddings_logistic_regression
length_bin,,3,106916,short (<10m),short (<6m),False,0.9871007114574046,length_bin,logistic_regression,openclip_frozen_embeddings_logistic_regression
length_bin,,3,114207,short (<10m),short (<20m),False,0.7926353316049297,length_bin,logistic_regression,openclip_frozen_embeddings_logistic_regression
length_bin,,3,121006,short (<10m),short (<20m),False,0.6067819348862992,length_bin,logistic_regression,openclip_frozen_embeddings_logistic_regression
length_bin,,3,122440,short (<10m),short (<6m),False,0.9157697750322351,length_bin,logistic_regression,openclip_frozen_embeddings_logistic_regression
length_bin,,3,128876,short (<10m),short (<6m),False,0.5255376730039526,length_bin,logistic_regression,openclip_frozen_embeddings_logistic_regression
length_bin,,3,120682,short (<20m),short (<20m),True,0.6164874932108839,length_bin,logistic_regression,openclip_frozen_embeddings_logistic_regression
length_bin,,3,107932,medium (5-20m),short (<20m),False,0.46269901197606006,length_bin,logistic_regression,openclip_frozen_embeddings_logistic_regression
length_bin,,3,107937,short (<5m),medium (5-20m),False,0.513540827246051,length_bin,logistic_regression,openclip_frozen_embeddings_logistic_regression
length_bin,,3,107953,short (<5m),short (<5m),True,0.9495395718867523,length_bin,logistic_regression,openclip_frozen_embeddings_logistic_regression
length_bin,,3,46340,medium (6-20m),medium (6-20m),True,0.9186146107184284,length_bin,logistic_regression,openclip_frozen_embeddings_logistic_regression
length_bin,,3,46922,medium (6-20m),long (>20m),False,0.5224554736122815,length_bin,logistic_regression,openclip_frozen_embeddings_logistic_regression
length_bin,,3,46926,medium (6-20m),medium (6-20m),True,0.7040349452801999,length_bin,logistic_regression,openclip_frozen_embeddings_logistic_regression
length_bin,,3,46929,short (<6m),short (<6m),True,0.7800337621800416,length_bin,logistic_regression,openclip_frozen_embeddings_logistic_regression
length_bin,,3,47299,short (<6m),short (<6m),True,0.84132004766633,length_bin,logistic_regression,openclip_frozen_embeddings_logistic_regression
length_bin,,3,49062,short (<6m),short (<6m),True,0.9248454504572328,length_bin,logistic_regression,openclip_frozen_embeddings_logistic_regression
length_bin,,3,49664,long (>20m),long (>20m),True,0.9911934922394867,length_bin,logistic_regression,openclip_frozen_embeddings_logistic_regression
length_bin,,3,50654,short (<6m),medium (6-20m),False,0.6722176753273413,length_bin,logistic_regression,openclip_frozen_embeddings_logistic_regression
length_bin,,3,50822,medium (6-20m),medium (6-20m),True,0.83854428854215,length_bin,logistic_regression,openclip_frozen_embeddings_logistic_regression
length_bin,,3,51525,long (>20m),long (>20m),True,0.9075828178557446,length_bin,logistic_regression,openclip_frozen_embeddings_logistic_regression
length_bin,,3,51531,medium (6-20m),medium (6-20m),True,0.959184339925498,length_bin,logistic_regression,openclip_frozen_embeddings_logistic_regression
length_bin,,3,51798,long (>20m),long (>20m),True,0.9495631368770326,length_bin,logistic_regression,openclip_frozen_embeddings_logistic_regression
length_bin,,3,52551,long (>20m),medium (6-20m),False,0.7173362475614556,length_bin,logistic_regression,openclip_frozen_embeddings_logistic_regression
length_bin,,3,53198,medium (6-20m),medium (6-20m),True,0.7563964469098196,length_bin,logistic_regression,openclip_frozen_embeddings_logistic_regression
length_bin,,3,53851,medium (6-20m),medium (6-20m),True,0.9769566944601911,length_bin,logistic_regression,openclip_frozen_embeddings_logistic_regression
length_bin,,3,53986,medium (6-20m),medium (20-100m),False,0.4685108733608535,length_bin,logistic_regression,openclip_frozen_embeddings_logistic_regression
length_bin,,3,54184,short (<6m),short (<20m),False,0.4793524391661901,length_bin,logistic_regression,openclip_frozen_embeddings_logistic_regression
length_bin,,3,55637,medium (6-20m),short (<20m),False,0.9194639702780172,length_bin,logistic_regression,openclip_frozen_embeddings_logistic_regression
length_bin,,3,56469,medium (6-20m),short (<6m),False,0.9274939644928872,length_bin,logistic_regression,openclip_frozen_embeddings_logistic_regression
length_bin,,3,56470,long (>20m),medium (6-20m),False,0.5813875821454677,length_bin,logistic_regression,openclip_frozen_embeddings_logistic_regression
length_bin,,3,56533,medium (6-20m),medium (6-20m),True,0.9916315240241648,length_bin,logistic_regression,openclip_frozen_embeddings_logistic_regression
length_bin,,3,56876,long (>20m),short (<6m),False,0.8719114654728702,length_bin,logistic_regression,openclip_frozen_embeddings_logistic_regression
length_bin,,3,57858,long (>20m),medium (6-20m),False,0.9270606521940272,length_bin,logistic_regression,openclip_frozen_embeddings_logistic_regression
length_bin,,3,58160,long (>20m),medium (6-20m),False,0.9814732252874004,length_bin,logistic_regression,openclip_frozen_embeddings_logistic_regression
length_bin,,3,58162,medium (6-20m),medium (6-20m),True,0.9995192469518153,length_bin,logistic_regression,openclip_frozen_embeddings_logistic_regression
length_bin,,3,58413,short (<6m),long (>100m),False,0.6096601237484721,length_bin,logistic_regression,openclip_frozen_embeddings_logistic_regression
length_bin,,3,60633,medium (6-20m),medium (6-20m),True,0.46489994307811533,length_bin,logistic_regression,openclip_frozen_embeddings_logistic_regression
length_bin,,3,61111,short (<6m),medium (6-20m),False,0.7874834793931346,length_bin,logistic_regression,openclip_frozen_embeddings_logistic_regression
length_bin,,3,61413,medium (6-20m),medium (6-20m),True,0.6076450234654163,length_bin,logistic_regression,openclip_frozen_embeddings_logistic_regression
length_bin,,3,61731,medium (6-20m),medium (6-20m),True,0.7923749195893028,length_bin,logistic_regression,openclip_frozen_embeddings_logistic_regression
length_bin,,3,63075,medium (6-20m),short (<6m),False,0.9181782354931559,length_bin,logistic_regression,openclip_frozen_embeddings_logistic_regression
length_bin,,3,64137,short (<6m),short (<20m),False,0.7290622149246974,length_bin,logistic_regression,openclip_frozen_embeddings_logistic_regression
length_bin,,3,65608,medium (6-20m),long (>20m),False,0.9627357751582071,length_bin,logistic_regression,openclip_frozen_embeddings_logistic_regression
length_bin,,3,66920,medium (6-20m),medium (6-20m),True,0.3874240141045093,length_bin,logistic_regression,openclip_frozen_embeddings_logistic_regression
length_bin,,3,82385,medium (6-20m),medium (6-20m),True,0.9535300642499016,length_bin,logistic_regression,openclip_frozen_embeddings_logistic_regression
length_bin,,3,83150,medium (6-20m),medium (6-20m),True,0.9822440006436951,length_bin,logistic_regression,openclip_frozen_embeddings_logistic_regression
length_bin,,3,83154,short (<6m),medium (6-20m),False,0.7131389100316152,length_bin,logistic_regression,openclip_frozen_embeddings_logistic_regression
length_bin,,3,85364,short (<6m),short (<6m),True,0.6342636372837585,length_bin,logistic_regression,openclip_frozen_embeddings_logistic_regression
length_bin,,3,86597,medium (6-20m),medium (6-20m),True,0.9411668953659273,length_bin,logistic_regression,openclip_frozen_embeddings_logistic_regression
length_bin,,3,88220,medium (6-20m),medium (6-20m),True,0.47951091468639345,length_bin,logistic_regression,openclip_frozen_embeddings_logistic_regression
length_bin,,3,88733,medium (6-20m),medium (6-20m),True,0.9919961172170233,length_bin,logistic_regression,openclip_frozen_embeddings_logistic_regression
length_bin,,3,89438,short (<6m),short (<6m),True,0.9977413010816664,length_bin,logistic_regression,openclip_frozen_embeddings_logistic_regression
length_bin,,3,89440,short (<6m),short (<6m),True,0.8986338081980706,length_bin,logistic_regression,openclip_frozen_embeddings_logistic_regression
length_bin,,3,89447,short (<6m),short (<6m),True,0.9885903607034486,length_bin,logistic_regression,openclip_frozen_embeddings_logistic_regression
length_bin,,3,90408,medium (6-20m),long (>100m),False,0.7706638840159803,length_bin,logistic_regression,openclip_frozen_embeddings_logistic_regression
length_bin,,3,92164,short (<6m),short (<10m),False,0.9886678488043239,length_bin,logistic_regression,openclip_frozen_embeddings_logistic_regression
length_bin,,3,92872,medium (6-20m),short (<20m),False,0.3571682075846032,length_bin,logistic_regression,openclip_frozen_embeddings_logistic_regression
length_bin,,3,96291,short (<6m),short (<6m),True,0.44039801113193566,length_bin,logistic_regression,openclip_frozen_embeddings_logistic_regression
length_bin,,3,99611,medium (6-20m),medium (6-20m),True,0.9255270506986693,length_bin,logistic_regression,openclip_frozen_embeddings_logistic_regression
length_bin,,3,99612,medium (6-20m),medium (6-20m),True,0.9334101999607064,length_bin,logistic_regression,openclip_frozen_embeddings_logistic_regression
length_bin,,3,99814,medium (6-20m),medium (6-20m),True,0.9720451057442416,length_bin,logistic_regression,openclip_frozen_embeddings_logistic_regression
length_bin,,3,100111,medium (6-20m),medium (6-20m),True,0.9889307401461275,length_bin,logistic_regression,openclip_frozen_embeddings_logistic_regression
length_bin,,3,100751,short (<6m),short (<20m),False,0.6968205046338567,length_bin,logistic_regression,openclip_frozen_embeddings_logistic_regression
length_bin,,3,101868,medium (6-20m),long (>20m),False,0.5582700094959765,length_bin,logistic_regression,openclip_frozen_embeddings_logistic_regression
length_bin,,3,102436,medium (6-20m),medium (6-20m),True,0.9956083269731452,length_bin,logistic_regression,openclip_frozen_embeddings_logistic_regression
length_bin,,3,102816,short (<6m),short (<20m),False,0.7039094484990704,length_bin,logistic_regression,openclip_frozen_embeddings_logistic_regression
length_bin,,3,103253,medium (6-20m),medium (6-20m),True,0.8359595591229272,length_bin,logistic_regression,openclip_frozen_embeddings_logistic_regression
length_bin,,3,103526,short (<6m),short (<6m),True,0.995579198634103,length_bin,logistic_regression,openclip_frozen_embeddings_logistic_regression
length_bin,,3,104732,medium (6-20m),long (>30m),False,0.6182405597454665,length_bin,logistic_regression,openclip_frozen_embeddings_logistic_regression
length_bin,,3,106027,short (<6m),medium (20-100m),False,0.33978472905624996,length_bin,logistic_regression,openclip_frozen_embeddings_logistic_regression
length_bin,,3,106028,short (<6m),medium (6-20m),False,0.8920416938960092,length_bin,logistic_regression,openclip_frozen_embeddings_logistic_regression
length_bin,,3,106030,long (>20m),short (<20m),False,0.7477893485225267,length_bin,logistic_regression,openclip_frozen_embeddings_logistic_regression
length_bin,,3,106045,medium (6-20m),medium (20-100m),False,0.5771561173796517,length_bin,logistic_regression,openclip_frozen_embeddings_logistic_regression
length_bin,,3,106637,short (<6m),short (<20m),False,0.43837183956222214,length_bin,logistic_regression,openclip_frozen_embeddings_logistic_regression
length_bin,,3,107058,medium (6-20m),medium (6-20m),True,0.7168093216202646,length_bin,logistic_regression,openclip_frozen_embeddings_logistic_regression
length_bin,,3,107074,short (<6m),short (<20m),False,0.6918502446267004,length_bin,logistic_regression,openclip_frozen_embeddings_logistic_regression
length_bin,,3,107885,medium (6-20m),medium (6-20m),True,0.9996811430741082,length_bin,logistic_regression,openclip_frozen_embeddings_logistic_regression
length_bin,,3,107907,medium (6-20m),short (<20m),False,0.4152686680662961,length_bin,logistic_regression,openclip_frozen_embeddings_logistic_regression
length_bin,,3,107922,medium (6-20m),short (<20m),False,0.4814840055743092,length_bin,logistic_regression,openclip_frozen_embeddings_logistic_regression
length_bin,,3,107998,medium (6-20m),short (<10m),False,0.9568934538073283,length_bin,logistic_regression,openclip_frozen_embeddings_logistic_regression
length_bin,,3,108107,short (<6m),short (<6m),True,0.9873813867782452,length_bin,logistic_regression,openclip_frozen_embeddings_logistic_regression
length_bin,,3,108378,short (<6m),short (<20m),False,0.6348754431000155,length_bin,logistic_regression,openclip_frozen_embeddings_logistic_regression
length_bin,,3,108380,medium (6-20m),medium (6-20m),True,0.576007141743719,length_bin,logistic_regression,openclip_frozen_embeddings_logistic_regression
length_bin,,3,108663,short (<6m),short (<20m),False,0.9826981161839229,length_bin,logistic_regression,openclip_frozen_embeddings_logistic_regression
length_bin,,3,109149,medium (6-20m),medium (6-20m),True,0.9997997623768762,length_bin,logistic_regression,openclip_frozen_embeddings_logistic_regression
length_bin,,3,109619,medium (6-20m),short (<6m),False,0.771337045879221,length_bin,logistic_regression,openclip_frozen_embeddings_logistic_regression
length_bin,,3,109727,short (<6m),short (<20m),False,0.40565029791338486,length_bin,logistic_regression,openclip_frozen_embeddings_logistic_regression
length_bin,,3,109821,medium (6-20m),medium (6-20m),True,0.8746771319257657,length_bin,logistic_regression,openclip_frozen_embeddings_logistic_regression
length_bin,,3,110164,short (<6m),long (>20m),False,0.9546610980982208,length_bin,logistic_regression,openclip_frozen_embeddings_logistic_regression
length_bin,,3,110932,medium (6-20m),medium (6-20m),True,0.9812864712680777,length_bin,logistic_regression,openclip_frozen_embeddings_logistic_regression
length_bin,,3,110944,medium (6-20m),short (<10m),False,0.7516472388959803,length_bin,logistic_regression,openclip_frozen_embeddings_logistic_regression
length_bin,,3,111452,medium (6-20m),medium (6-20m),True,0.9869879586562746,length_bin,logistic_regression,openclip_frozen_embeddings_logistic_regression
length_bin,,3,111862,short (<6m),short (<20m),False,0.8866296920209289,length_bin,logistic_regression,openclip_frozen_embeddings_logistic_regression
length_bin,,3,111914,medium (6-20m),long (>20m),False,0.9972640365563883,length_bin,logistic_regression,openclip_frozen_embeddings_logistic_regression
length_bin,,3,112422,short (<6m),short (<20m),False,0.5173159911831782,length_bin,logistic_regression,openclip_frozen_embeddings_logistic_regression
length_bin,,3,113163,medium (6-20m),short (<6m),False,0.5389370454796216,length_bin,logistic_regression,openclip_frozen_embeddings_logistic_regression
length_bin,,3,113168,short (<6m),short (<6m),True,0.8323420351885241,length_bin,logistic_regression,openclip_frozen_embeddings_logistic_regression
length_bin,,3,114287,short (<6m),long (>100m),False,0.6943787734865356,length_bin,logistic_regression,openclip_frozen_embeddings_logistic_regression
length_bin,,3,114646,medium (6-20m),long (>20m),False,0.7989270423254091,length_bin,logistic_regression,openclip_frozen_embeddings_logistic_regression
length_bin,,3,114923,medium (6-20m),short (<20m),False,0.7257959598411327,length_bin,logistic_regression,openclip_frozen_embeddings_logistic_regression
length_bin,,3,114947,medium (6-20m),medium (6-20m),True,0.9370124216720493,length_bin,logistic_regression,openclip_frozen_embeddings_logistic_regression
length_bin,,3,114962,medium (6-20m),medium (20-100m),False,0.9501401470136596,length_bin,logistic_regression,openclip_frozen_embeddings_logistic_regression
length_bin,,3,114963,medium (6-20m),long (>20m),False,0.6162629756438697,length_bin,logistic_regression,openclip_frozen_embeddings_logistic_regression
length_bin,,3,116737,medium (6-20m),medium (6-20m),True,0.9996939993532247,length_bin,logistic_regression,openclip_frozen_embeddings_logistic_regression
length_bin,,3,116852,short (<6m),medium (20-100m),False,0.9879693653151688,length_bin,logistic_regression,openclip_frozen_embeddings_logistic_regression
length_bin,,3,116853,medium (6-20m),long (>20m),False,0.7905900092541076,length_bin,logistic_regression,openclip_frozen_embeddings_logistic_regression
length_bin,,3,117207,short (<6m),short (<6m),True,0.8937137795639876,length_bin,logistic_regression,openclip_frozen_embeddings_logistic_regression
length_bin,,3,117216,medium (6-20m),medium (6-20m),True,0.9854740517675326,length_bin,logistic_regression,openclip_frozen_embeddings_logistic_regression
length_bin,,3,117363,short (<6m),short (<20m),False,0.9894452188012728,length_bin,logistic_regression,openclip_frozen_embeddings_logistic_regression
length_bin,,3,118757,short (<6m),short (<6m),True,0.9928220785010842,length_bin,logistic_regression,openclip_frozen_embeddings_logistic_regression
length_bin,,3,119844,short (<6m),short (<20m),False,0.9691879666050605,length_bin,logistic_regression,openclip_frozen_embeddings_logistic_regression
length_bin,,3,121500,medium (6-20m),medium (6-20m),True,0.4776379308558593,length_bin,logistic_regression,openclip_frozen_embeddings_logistic_regression
length_bin,,3,121755,short (<6m),medium (20-100m),False,0.755268698342388,length_bin,logistic_regression,openclip_frozen_embeddings_logistic_regression
length_bin,,3,121796,short (<6m),short (<6m),True,0.9791874666472995,length_bin,logistic_regression,openclip_frozen_embeddings_logistic_regression
length_bin,,3,122184,short (<6m),short (<6m),True,0.6241218273733554,length_bin,logistic_regression,openclip_frozen_embeddings_logistic_regression
length_bin,,3,122244,short (<6m),medium (6-20m),False,0.9381981511412958,length_bin,logistic_regression,openclip_frozen_embeddings_logistic_regression
length_bin,,3,122439,medium (6-20m),long (>20m),False,0.9649838902141841,length_bin,logistic_regression,openclip_frozen_embeddings_logistic_regression
length_bin,,3,122445,short (<6m),short (<6m),True,0.547474175892309,length_bin,logistic_regression,openclip_frozen_embeddings_logistic_regression
length_bin,,3,122999,medium (6-20m),short (<6m),False,0.6640655423554339,length_bin,logistic_regression,openclip_frozen_embeddings_logistic_regression
length_bin,,3,123219,medium (6-20m),short (<20m),False,0.980927136885236,length_bin,logistic_regression,openclip_frozen_embeddings_logistic_regression
length_bin,,3,126809,medium (6-20m),medium (6-20m),True,0.9741917784012049,length_bin,logistic_regression,openclip_frozen_embeddings_logistic_regression
length_bin,,3,128033,medium (6-20m),short (<6m),False,0.8629854099476502,length_bin,logistic_regression,openclip_frozen_embeddings_logistic_regression
length_bin,,3,128041,long (>20m),medium (6-20m),False,0.693104890009701,length_bin,logistic_regression,openclip_frozen_embeddings_logistic_regression
length_bin,,3,128273,medium (6-20m),short (<6m),False,0.9409770788203492,length_bin,logistic_regression,openclip_frozen_embeddings_logistic_regression
length_bin,,3,129304,short (<6m),short (<6m),True,0.9085063955285029,length_bin,logistic_regression,openclip_frozen_embeddings_logistic_regression
length_bin,,3,129305,short (<6m),short (<6m),True,0.9024791513041397,length_bin,logistic_regression,openclip_frozen_embeddings_logistic_regression
length_bin,,3,129364,short (<6m),short (<20m),False,0.8101791617391638,length_bin,logistic_regression,openclip_frozen_embeddings_logistic_regression
length_bin,,3,52250,medium (10-20m),long (>20m),False,0.2946832370807084,length_bin,logistic_regression,openclip_frozen_embeddings_logistic_regression
length_bin,,3,97887,small (<10m),long (>20m),False,0.6433974018072585,length_bin,logistic_regression,openclip_frozen_embeddings_logistic_regression
length_bin,,4,46933,long (>100m),long (>20m),False,0.9943455267838505,length_bin,logistic_regression,openclip_frozen_embeddings_logistic_regression
length_bin,,4,47664,long (>100m),long (>100m),True,0.4735329802065091,length_bin,logistic_regression,openclip_frozen_embeddings_logistic_regression
length_bin,,4,48514,short (<20m),long (>100m),False,0.9750712563128753,length_bin,logistic_regression,openclip_frozen_embeddings_logistic_regression
length_bin,,4,51440,short (<20m),medium (6-20m),False,0.6906185827886174,length_bin,logistic_regression,openclip_frozen_embeddings_logistic_regression
length_bin,,4,53554,short (<20m),medium (6-20m),False,0.6579443089380004,length_bin,logistic_regression,openclip_frozen_embeddings_logistic_regression
length_bin,,4,56778,long (>100m),medium (6-20m),False,0.9727045863591187,length_bin,logistic_regression,openclip_frozen_embeddings_logistic_regression
length_bin,,4,58826,long (>100m),medium (20-100m),False,0.8923252167321288,length_bin,logistic_regression,openclip_frozen_embeddings_logistic_regression
length_bin,,4,61736,short (<20m),medium (20-100m),False,0.7737466791970222,length_bin,logistic_regression,openclip_frozen_embeddings_logistic_regression
length_bin,,4,61737,short (<20m),short (<20m),True,0.9616928880945572,length_bin,logistic_regression,openclip_frozen_embeddings_logistic_regression
length_bin,,4,62067,medium (20-100m),short (<20m),False,0.36916157601995153,length_bin,logistic_regression,openclip_frozen_embeddings_logistic_regression
length_bin,,4,62447,medium (20-100m),short (<6m),False,0.9124827919760687,length_bin,logistic_regression,openclip_frozen_embeddings_logistic_regression
length_bin,,4,62364,short (<20m),short (<20m),True,0.39644993102587767,length_bin,logistic_regression,openclip_frozen_embeddings_logistic_regression
length_bin,,4,64220,short (<20m),medium (20-100m),False,0.9764825728279126,length_bin,logistic_regression,openclip_frozen_embeddings_logistic_regression
length_bin,,4,64889,medium (20-100m),short (<20m),False,0.9935758802528302,length_bin,logistic_regression,openclip_frozen_embeddings_logistic_regression
length_bin,,4,81887,long (>100m),short (<20m),False,0.30705276563200234,length_bin,logistic_regression,openclip_frozen_embeddings_logistic_regression
length_bin,,4,83926,short (<20m),medium (6-20m),False,0.9592058244442963,length_bin,logistic_regression,openclip_frozen_embeddings_logistic_regression
length_bin,,4,83936,short (<20m),long (>100m),False,0.7229437926883522,length_bin,logistic_regression,openclip_frozen_embeddings_logistic_regression
length_bin,,4,83952,short (<20m),medium (20-100m),False,0.9434131052818218,length_bin,logistic_regression,openclip_frozen_embeddings_logistic_regression
length_bin,,4,85491,short (<20m),short (<20m),True,0.8039980978675386,length_bin,logistic_regression,openclip_frozen_embeddings_logistic_regression
length_bin,,4,85495,short (<20m),medium (20-100m),False,0.8577059103781074,length_bin,logistic_regression,openclip_frozen_embeddings_logistic_regression
length_bin,,4,85545,short (<20m),short (<6m),False,0.48225938615516223,length_bin,logistic_regression,openclip_frozen_embeddings_logistic_regression
length_bin,,4,85558,short (<20m),medium (6-20m),False,0.4176728342432711,length_bin,logistic_regression,openclip_frozen_embeddings_logistic_regression
length_bin,,4,86034,short (<20m),medium (20-100m),False,0.8552814718571202,length_bin,logistic_regression,openclip_frozen_embeddings_logistic_regression
length_bin,,4,86072,short (<20m),short (<20m),True,0.8963019054776641,length_bin,logistic_regression,openclip_frozen_embeddings_logistic_regression
length_bin,,4,86080,short (<20m),medium (20-100m),False,0.9085389971731018,length_bin,logistic_regression,openclip_frozen_embeddings_logistic_regression
length_bin,,4,86108,short (<20m),short (<20m),True,0.9934178484614844,length_bin,logistic_regression,openclip_frozen_embeddings_logistic_regression
length_bin,,4,86114,short (<20m),medium (20-100m),False,0.9605530765144681,length_bin,logistic_regression,openclip_frozen_embeddings_logistic_regression
length_bin,,4,86126,short (<20m),short (<20m),True,0.9790885005448451,length_bin,logistic_regression,openclip_frozen_embeddings_logistic_regression
length_bin,,4,86136,short (<20m),short (<20m),True,0.48838100079050906,length_bin,logistic_regression,openclip_frozen_embeddings_logistic_regression
length_bin,,4,86146,short (<20m),short (<20m),True,0.946430437155025,length_bin,logistic_regression,openclip_frozen_embeddings_logistic_regression
length_bin,,4,86155,medium (20-100m),short (<20m),False,0.3773527158498314,length_bin,logistic_regression,openclip_frozen_embeddings_logistic_regression
length_bin,,4,86161,short (<20m),short (<20m),True,0.9079370462839872,length_bin,logistic_regression,openclip_frozen_embeddings_logistic_regression
length_bin,,4,86163,short (<20m),medium (20-100m),False,0.6394000781501339,length_bin,logistic_regression,openclip_frozen_embeddings_logistic_regression
length_bin,,4,86172,medium (20-100m),short (<20m),False,0.9662794276937364,length_bin,logistic_regression,openclip_frozen_embeddings_logistic_regression
length_bin,,4,86184,short (<20m),short (<20m),True,0.9989224894115681,length_bin,logistic_regression,openclip_frozen_embeddings_logistic_regression
length_bin,,4,86183,short (<20m),long (>100m),False,0.7843331072854687,length_bin,logistic_regression,openclip_frozen_embeddings_logistic_regression
length_bin,,4,86201,medium (20-100m),short (<6m),False,0.6060008574569762,length_bin,logistic_regression,openclip_frozen_embeddings_logistic_regression
length_bin,,4,86202,short (<20m),short (<20m),True,0.7892416739894901,length_bin,logistic_regression,openclip_frozen_embeddings_logistic_regression
length_bin,,4,86205,short (<20m),medium (20-100m),False,0.8882963768185577,length_bin,logistic_regression,openclip_frozen_embeddings_logistic_regression
length_bin,,4,86224,medium (20-100m),medium (20-100m),True,0.5953175615309503,length_bin,logistic_regression,openclip_frozen_embeddings_logistic_regression
length_bin,,4,86236,short (<20m),medium (20-100m),False,0.7742934292321747,length_bin,logistic_regression,openclip_frozen_embeddings_logistic_regression
length_bin,,4,86235,short (<20m),medium (20-100m),False,0.9266897444775232,length_bin,logistic_regression,openclip_frozen_embeddings_logistic_regression
length_bin,,4,86247,short (<20m),medium (20-100m),False,0.7691016889141475,length_bin,logistic_regression,openclip_frozen_embeddings_logistic_regression
length_bin,,4,87505,medium (20-100m),short (<20m),False,0.663775905073308,length_bin,logistic_regression,openclip_frozen_embeddings_logistic_regression
length_bin,,4,87530,short (<20m),medium (20-100m),False,0.5644285452803407,length_bin,logistic_regression,openclip_frozen_embeddings_logistic_regression
length_bin,,4,89579,short (<20m),short (<20m),True,0.8662788344142068,length_bin,logistic_regression,openclip_frozen_embeddings_logistic_regression
length_bin,,4,89582,short (<20m),short (<6m),False,0.9951115873007492,length_bin,logistic_regression,openclip_frozen_embeddings_logistic_regression
length_bin,,4,89712,medium (20-100m),medium (20-100m),True,0.7597375821203032,length_bin,logistic_regression,openclip_frozen_embeddings_logistic_regression
length_bin,,4,89715,short (<20m),medium (20-100m),False,0.8301376282198247,length_bin,logistic_regression,openclip_frozen_embeddings_logistic_regression
length_bin,,4,89734,medium (20-100m),medium (20-100m),True,0.9907432784429107,length_bin,logistic_regression,openclip_frozen_embeddings_logistic_regression
length_bin,,4,90325,medium (20-100m),medium (20-100m),True,0.5266720789329534,length_bin,logistic_regression,openclip_frozen_embeddings_logistic_regression
length_bin,,4,90327,medium (20-100m),medium (20-100m),True,0.9512882553279406,length_bin,logistic_regression,openclip_frozen_embeddings_logistic_regression
length_bin,,4,90329,short (<20m),medium (6-20m),False,0.9461437019723062,length_bin,logistic_regression,openclip_frozen_embeddings_logistic_regression
length_bin,,4,90337,medium (20-100m),medium (20-100m),True,0.9857798722191884,length_bin,logistic_regression,openclip_frozen_embeddings_logistic_regression
length_bin,,4,90339,long (>100m),medium (20-100m),False,0.9998662235661189,length_bin,logistic_regression,openclip_frozen_embeddings_logistic_regression
length_bin,,4,90340,medium (20-100m),medium (20-100m),True,0.9982668825760981,length_bin,logistic_regression,openclip_frozen_embeddings_logistic_regression
length_bin,,4,90346,medium (20-100m),medium (20-100m),True,0.9517022591082741,length_bin,logistic_regression,openclip_frozen_embeddings_logistic_regression
length_bin,,4,90351,medium (20-100m),medium (20-100m),True,0.9066877265923193,length_bin,logistic_regression,openclip_frozen_embeddings_logistic_regression
length_bin,,4,90355,short (<20m),medium (20-100m),False,0.8317137214008182,length_bin,logistic_regression,openclip_frozen_embeddings_logistic_regression
length_bin,,4,90356,short (<20m),short (<20m),True,0.661391058325763,length_bin,logistic_regression,openclip_frozen_embeddings_logistic_regression
length_bin,,4,90364,medium (20-100m),medium (20-100m),True,0.9710474520226898,length_bin,logistic_regression,openclip_frozen_embeddings_logistic_regression
length_bin,,4,90369,medium (20-100m),short (<20m),False,0.6156017069416767,length_bin,logistic_regression,openclip_frozen_embeddings_logistic_regression
length_bin,,4,90374,short (<20m),short (<20m),True,0.6894588124159956,length_bin,logistic_regression,openclip_frozen_embeddings_logistic_regression
length_bin,,4,90380,short (<20m),short (<10m),False,0.5650827040357914,length_bin,logistic_regression,openclip_frozen_embeddings_logistic_regression
length_bin,,4,90400,medium (20-100m),short (<20m),False,0.4156740464487058,length_bin,logistic_regression,openclip_frozen_embeddings_logistic_regression
length_bin,,4,90496,short (<20m),long (>100m),False,0.7099167283788053,length_bin,logistic_regression,openclip_frozen_embeddings_logistic_regression
length_bin,,4,90501,medium (20-100m),medium (20-100m),True,0.6223852375693234,length_bin,logistic_regression,openclip_frozen_embeddings_logistic_regression
length_bin,,4,91715,short (<20m),medium (6-20m),False,0.9994244236165434,length_bin,logistic_regression,openclip_frozen_embeddings_logistic_regression
length_bin,,4,91716,short (<20m),short (<20m),True,0.8280298237962109,length_bin,logistic_regression,openclip_frozen_embeddings_logistic_regression
length_bin,,4,92006,short (<20m),long (>100m),False,0.6961717033870815,length_bin,logistic_regression,openclip_frozen_embeddings_logistic_regression
length_bin,,4,92017,short (<20m),short (<20m),True,0.9983329497584896,length_bin,logistic_regression,openclip_frozen_embeddings_logistic_regression
length_bin,,4,92027,medium (20-100m),long (>100m),False,0.530959324044277,length_bin,logistic_regression,openclip_frozen_embeddings_logistic_regression
length_bin,,4,92037,medium (20-100m),medium (20-100m),True,0.5473742043787465,length_bin,logistic_regression,openclip_frozen_embeddings_logistic_regression
length_bin,,4,92048,medium (20-100m),long (>100m),False,0.9161223054862235,length_bin,logistic_regression,openclip_frozen_embeddings_logistic_regression
length_bin,,4,92053,medium (20-100m),medium (20-100m),True,0.9281161728594065,length_bin,logistic_regression,openclip_frozen_embeddings_logistic_regression
length_bin,,4,92075,short (<20m),long (>100m),False,0.9852576189346826,length_bin,logistic_regression,openclip_frozen_embeddings_logistic_regression
length_bin,,4,92091,medium (20-100m),medium (20-100m),True,0.9572329938101469,length_bin,logistic_regression,openclip_frozen_embeddings_logistic_regression
length_bin,,4,94275,medium (20-100m),short (<20m),False,0.9129963073967551,length_bin,logistic_regression,openclip_frozen_embeddings_logistic_regression
length_bin,,4,94277,long (>100m),medium (20-100m),False,0.8954005307724283,length_bin,logistic_regression,openclip_frozen_embeddings_logistic_regression
length_bin,,4,94279,short (<20m),medium (20-100m),False,0.8754699469679378,length_bin,logistic_regression,openclip_frozen_embeddings_logistic_regression
length_bin,,4,94280,medium (20-100m),medium (20-100m),True,0.9599163240564348,length_bin,logistic_regression,openclip_frozen_embeddings_logistic_regression
length_bin,,4,94281,short (<20m),short (<20m),True,0.6407253596264121,length_bin,logistic_regression,openclip_frozen_embeddings_logistic_regression
length_bin,,4,94282,medium (20-100m),short (<20m),False,0.7934495561215976,length_bin,logistic_regression,openclip_frozen_embeddings_logistic_regression
length_bin,,4,94288,short (<20m),short (<20m),True,0.9415505078793498,length_bin,logistic_regression,openclip_frozen_embeddings_logistic_regression
length_bin,,4,94293,short (<20m),long (>100m),False,0.7464035478601841,length_bin,logistic_regression,openclip_frozen_embeddings_logistic_regression
length_bin,,4,94304,medium (20-100m),medium (20-100m),True,0.998883930374149,length_bin,logistic_regression,openclip_frozen_embeddings_logistic_regression
length_bin,,4,94335,short (<20m),short (<20m),True,0.8668289327479214,length_bin,logistic_regression,openclip_frozen_embeddings_logistic_regression
length_bin,,4,94336,medium (20-100m),medium (20-100m),True,0.7988470133212231,length_bin,logistic_regression,openclip_frozen_embeddings_logistic_regression
length_bin,,4,94346,medium (20-100m),long (>100m),False,0.9743701559770793,length_bin,logistic_regression,openclip_frozen_embeddings_logistic_regression
length_bin,,4,94348,medium (20-100m),long (>20m),False,0.8210728586935812,length_bin,logistic_regression,openclip_frozen_embeddings_logistic_regression
length_bin,,4,94357,long (>100m),short (<20m),False,0.8666904863078106,length_bin,logistic_regression,openclip_frozen_embeddings_logistic_regression
length_bin,,4,94358,short (<20m),short (<20m),True,0.522621734488124,length_bin,logistic_regression,openclip_frozen_embeddings_logistic_regression
length_bin,,4,94366,medium (20-100m),medium (20-100m),True,0.5442820282752696,length_bin,logistic_regression,openclip_frozen_embeddings_logistic_regression
length_bin,,4,94378,medium (20-100m),medium (20-100m),True,0.7899524970807498,length_bin,logistic_regression,openclip_frozen_embeddings_logistic_regression
length_bin,,4,94386,medium (20-100m),short (<20m),False,0.9866996625219696,length_bin,logistic_regression,openclip_frozen_embeddings_logistic_regression
length_bin,,4,94396,medium (20-100m),long (>100m),False,0.9976133232640035,length_bin,logistic_regression,openclip_frozen_embeddings_logistic_regression
length_bin,,4,94405,short (<20m),short (<20m),True,0.9950754172247643,length_bin,logistic_regression,openclip_frozen_embeddings_logistic_regression
length_bin,,4,94409,short (<20m),short (<20m),True,0.9985978449803283,length_bin,logistic_regression,openclip_frozen_embeddings_logistic_regression
length_bin,,4,94411,short (<20m),medium (20-100m),False,0.9505065719338538,length_bin,logistic_regression,openclip_frozen_embeddings_logistic_regression
length_bin,,4,94412,long (>100m),short (<20m),False,0.9791593101002405,length_bin,logistic_regression,openclip_frozen_embeddings_logistic_regression
length_bin,,4,94415,short (<20m),short (<20m),True,0.7793012615300285,length_bin,logistic_regression,openclip_frozen_embeddings_logistic_regression
length_bin,,4,94420,short (<20m),long (>100m),False,0.9247866510734365,length_bin,logistic_regression,openclip_frozen_embeddings_logistic_regression
length_bin,,4,94780,short (<20m),short (<20m),True,0.7918985132318535,length_bin,logistic_regression,openclip_frozen_embeddings_logistic_regression
length_bin,,4,95730,medium (20-100m),short (<20m),False,0.8438159264751542,length_bin,logistic_regression,openclip_frozen_embeddings_logistic_regression
length_bin,,4,96358,short (<20m),short (<6m),False,0.5789653492413065,length_bin,logistic_regression,openclip_frozen_embeddings_logistic_regression
length_bin,,4,102364,short (<20m),short (<20m),True,0.3411355521079676,length_bin,logistic_regression,openclip_frozen_embeddings_logistic_regression
length_bin,,4,102372,long (>100m),medium (6-20m),False,0.6499941666527655,length_bin,logistic_regression,openclip_frozen_embeddings_logistic_regression
length_bin,,4,102415,short (<20m),short (<6m),False,0.9848946183081266,length_bin,logistic_regression,openclip_frozen_embeddings_logistic_regression
length_bin,,4,102428,short (<20m),short (<20m),True,0.5675145318095427,length_bin,logistic_regression,openclip_frozen_embeddings_logistic_regression
length_bin,,4,102441,short (<20m),short (<20m),True,0.9739055821048743,length_bin,logistic_regression,openclip_frozen_embeddings_logistic_regression
length_bin,,4,103700,short (<20m),short (<20m),True,0.5600506369076846,length_bin,logistic_regression,openclip_frozen_embeddings_logistic_regression
length_bin,,4,103710,short (<20m),short (<20m),True,0.35380039893664283,length_bin,logistic_regression,openclip_frozen_embeddings_logistic_regression
length_bin,,4,103726,short (<20m),short (<20m),True,0.6689316429252214,length_bin,logistic_regression,openclip_frozen_embeddings_logistic_regression
length_bin,,4,107053,medium (20-100m),short (<20m),False,0.5885099057960271,length_bin,logistic_regression,openclip_frozen_embeddings_logistic_regression
length_bin,,4,107062,short (<20m),short (<6m),False,0.5596201866747635,length_bin,logistic_regression,openclip_frozen_embeddings_logistic_regression
length_bin,,4,107063,medium (20-100m),short (<10m),False,0.4308309446297613,length_bin,logistic_regression,openclip_frozen_embeddings_logistic_regression
length_bin,,4,107140,short (<20m),short (<20m),True,0.6629697362002468,length_bin,logistic_regression,openclip_frozen_embeddings_logistic_regression
length_bin,,4,107596,short (<20m),short (<20m),True,0.9795284262309325,length_bin,logistic_regression,openclip_frozen_embeddings_logistic_regression
length_bin,,4,107597,short (<20m),medium (20-100m),False,0.47548949023164633,length_bin,logistic_regression,openclip_frozen_embeddings_logistic_regression
length_bin,,4,107880,short (<20m),short (<6m),False,0.9345931454370591,length_bin,logistic_regression,openclip_frozen_embeddings_logistic_regression
length_bin,,4,107909,short (<20m),short (<6m),False,0.3480952808194713,length_bin,logistic_regression,openclip_frozen_embeddings_logistic_regression
length_bin,,4,107959,short (<20m),short (<5m),False,0.42337191908373417,length_bin,logistic_regression,openclip_frozen_embeddings_logistic_regression
length_bin,,4,107980,medium (20-100m),short (<6m),False,0.5558012105661677,length_bin,logistic_regression,openclip_frozen_embeddings_logistic_regression
length_bin,,4,108000,long (>100m),long (>20m),False,0.6816537799335798,length_bin,logistic_regression,openclip_frozen_embeddings_logistic_regression
length_bin,,4,108002,medium (20-100m),medium (20-100m),True,0.7835095569895237,length_bin,logistic_regression,openclip_frozen_embeddings_logistic_regression
length_bin,,4,108008,medium (20-100m),medium (20-100m),True,0.7137782790369872,length_bin,logistic_regression,openclip_frozen_embeddings_logistic_regression
length_bin,,4,108009,short (<20m),short (<20m),True,0.9712771334821817,length_bin,logistic_regression,openclip_frozen_embeddings_logistic_regression
length_bin,,4,108034,short (<20m),medium (6-20m),False,0.9486522512186453,length_bin,logistic_regression,openclip_frozen_embeddings_logistic_regression
length_bin,,4,108041,short (<20m),short (<20m),True,0.5831978102559565,length_bin,logistic_regression,openclip_frozen_embeddings_logistic_regression
length_bin,,4,108318,short (<20m),short (<20m),True,0.9709784760237,length_bin,logistic_regression,openclip_frozen_embeddings_logistic_regression
length_bin,,4,108326,medium (20-100m),medium (20-100m),True,0.8479206489800245,length_bin,logistic_regression,openclip_frozen_embeddings_logistic_regression
length_bin,,4,108339,medium (20-100m),short (<20m),False,0.524709994832366,length_bin,logistic_regression,openclip_frozen_embeddings_logistic_regression
length_bin,,4,108358,medium (20-100m),short (<20m),False,0.7985382322178667,length_bin,logistic_regression,openclip_frozen_embeddings_logistic_regression
length_bin,,4,108365,short (<20m),short (<20m),True,0.6077034290535299,length_bin,logistic_regression,openclip_frozen_embeddings_logistic_regression
length_bin,,4,108373,medium (20-100m),short (<20m),False,0.5138477924084067,length_bin,logistic_regression,openclip_frozen_embeddings_logistic_regression
length_bin,,4,108654,short (<20m),short (<20m),True,0.5355013161969904,length_bin,logistic_regression,openclip_frozen_embeddings_logistic_regression
length_bin,,4,108661,short (<20m),short (<20m),True,0.8836567073109087,length_bin,logistic_regression,openclip_frozen_embeddings_logistic_regression
length_bin,,4,108705,short (<20m),short (<20m),True,0.9937323506609818,length_bin,logistic_regression,openclip_frozen_embeddings_logistic_regression
length_bin,,4,108716,short (<20m),short (<10m),False,0.34434715310784086,length_bin,logistic_regression,openclip_frozen_embeddings_logistic_regression
length_bin,,4,108727,short (<20m),short (<6m),False,0.6911886541866833,length_bin,logistic_regression,openclip_frozen_embeddings_logistic_regression
length_bin,,4,108791,short (<20m),short (<10m),False,0.9109705832975739,length_bin,logistic_regression,openclip_frozen_embeddings_logistic_regression
length_bin,,4,109329,long (>100m),short (<20m),False,0.7065086354830058,length_bin,logistic_regression,openclip_frozen_embeddings_logistic_regression
length_bin,,4,109556,short (<20m),medium (20-100m),False,0.7327087398571304,length_bin,logistic_regression,openclip_frozen_embeddings_logistic_regression
length_bin,,4,109595,short (<20m),long (>100m),False,0.6991464005155784,length_bin,logistic_regression,openclip_frozen_embeddings_logistic_regression
length_bin,,4,109609,short (<20m),medium (6-20m),False,0.5933788594866184,length_bin,logistic_regression,openclip_frozen_embeddings_logistic_regression
length_bin,,4,109617,medium (20-100m),long (>20m),False,0.6597682046179106,length_bin,logistic_regression,openclip_frozen_embeddings_logistic_regression
length_bin,,4,109700,short (<20m),short (<20m),True,0.9299514871622652,length_bin,logistic_regression,openclip_frozen_embeddings_logistic_regression
length_bin,,4,109707,short (<20m),short (<20m),True,0.9995908390743061,length_bin,logistic_regression,openclip_frozen_embeddings_logistic_regression
length_bin,,4,109822,short (<20m),long (>20m),False,0.37515307472879794,length_bin,logistic_regression,openclip_frozen_embeddings_logistic_regression
length_bin,,4,110467,short (<20m),short (<20m),True,0.3677662291241647,length_bin,logistic_regression,openclip_frozen_embeddings_logistic_regression
length_bin,,4,110571,short (<20m),short (<20m),True,0.33411757784438845,length_bin,logistic_regression,openclip_frozen_embeddings_logistic_regression
length_bin,,4,110572,long (>100m),short (<20m),False,0.5003133369943527,length_bin,logistic_regression,openclip_frozen_embeddings_logistic_regression
length_bin,,4,110573,short (<20m),medium (20-100m),False,0.7838222303276869,length_bin,logistic_regression,openclip_frozen_embeddings_logistic_regression
length_bin,,4,110577,short (<20m),short (<20m),True,0.911801386462084,length_bin,logistic_regression,openclip_frozen_embeddings_logistic_regression
length_bin,,4,110579,short (<20m),short (<20m),True,0.9964020154077613,length_bin,logistic_regression,openclip_frozen_embeddings_logistic_regression
length_bin,,4,110712,short (<20m),short (<20m),True,0.6031017371057456,length_bin,logistic_regression,openclip_frozen_embeddings_logistic_regression
length_bin,,4,110965,short (<20m),long (>100m),False,0.5020581272109816,length_bin,logistic_regression,openclip_frozen_embeddings_logistic_regression
length_bin,,4,110969,medium (20-100m),short (<20m),False,0.9738497746590398,length_bin,logistic_regression,openclip_frozen_embeddings_logistic_regression
length_bin,,4,110992,short (<20m),long (>100m),False,0.9409540864588569,length_bin,logistic_regression,openclip_frozen_embeddings_logistic_regression
length_bin,,4,111642,short (<20m),short (<6m),False,0.6123050579084269,length_bin,logistic_regression,openclip_frozen_embeddings_logistic_regression
length_bin,,4,111691,medium (20-100m),medium (20-100m),True,0.7868703787943719,length_bin,logistic_regression,openclip_frozen_embeddings_logistic_regression
length_bin,,4,111733,medium (20-100m),long (>100m),False,0.4078588525038944,length_bin,logistic_regression,openclip_frozen_embeddings_logistic_regression
length_bin,,4,111786,short (<20m),medium (20-100m),False,0.9438820948086941,length_bin,logistic_regression,openclip_frozen_embeddings_logistic_regression
length_bin,,4,111800,medium (20-100m),short (<20m),False,0.590225323053858,length_bin,logistic_regression,openclip_frozen_embeddings_logistic_regression
length_bin,,4,111803,medium (20-100m),short (<20m),False,0.9784854483673443,length_bin,logistic_regression,openclip_frozen_embeddings_logistic_regression
length_bin,,4,111804,medium (20-100m),short (<20m),False,0.56613998739964,length_bin,logistic_regression,openclip_frozen_embeddings_logistic_regression
length_bin,,4,111810,short (<20m),medium (20-100m),False,0.9305542052633906,length_bin,logistic_regression,openclip_frozen_embeddings_logistic_regression
length_bin,,4,111824,short (<20m),short (<20m),True,0.7774407245293913,length_bin,logistic_regression,openclip_frozen_embeddings_logistic_regression
length_bin,,4,112401,short (<20m),short (<6m),False,0.9708159642213752,length_bin,logistic_regression,openclip_frozen_embeddings_logistic_regression
length_bin,,4,112570,short (<20m),short (<20m),True,0.4443117434138168,length_bin,logistic_regression,openclip_frozen_embeddings_logistic_regression
length_bin,,4,112580,short (<20m),short (<20m),True,0.8507811879527044,length_bin,logistic_regression,openclip_frozen_embeddings_logistic_regression
length_bin,,4,114560,short (<20m),short (<20m),True,0.8213494314385742,length_bin,logistic_regression,openclip_frozen_embeddings_logistic_regression
length_bin,,4,120660,short (<20m),short (<6m),False,0.9692052260213851,length_bin,logistic_regression,openclip_frozen_embeddings_logistic_regression
length_bin,,4,120667,short (<20m),short (<20m),True,0.6761027851369101,length_bin,logistic_regression,openclip_frozen_embeddings_logistic_regression
length_bin,,4,120675,short (<20m),short (<20m),True,0.6595918879333609,length_bin,logistic_regression,openclip_frozen_embeddings_logistic_regression
length_bin,,4,120680,short (<20m),short (<20m),True,0.8309230531558004,length_bin,logistic_regression,openclip_frozen_embeddings_logistic_regression
length_bin,,4,121003,medium (20-100m),medium (20-100m),True,0.9248725038900971,length_bin,logistic_regression,openclip_frozen_embeddings_logistic_regression
length_bin,,4,121011,medium (20-100m),short (<20m),False,0.47961811796866993,length_bin,logistic_regression,openclip_frozen_embeddings_logistic_regression
length_bin,,4,121480,short (<20m),short (<20m),True,0.5666529899633408,length_bin,logistic_regression,openclip_frozen_embeddings_logistic_regression
length_bin,,4,121573,short (<20m),short (<10m),False,0.4930697258732777,length_bin,logistic_regression,openclip_frozen_embeddings_logistic_regression
length_bin,,4,121584,short (<20m),medium (20-100m),False,0.9567300981660456,length_bin,logistic_regression,openclip_frozen_embeddings_logistic_regression
length_bin,,4,121673,short (<20m),short (<20m),True,0.46417910101081644,length_bin,logistic_regression,openclip_frozen_embeddings_logistic_regression
length_bin,,4,121676,short (<20m),short (<6m),False,0.6983080086045258,length_bin,logistic_regression,openclip_frozen_embeddings_logistic_regression
length_bin,,4,121734,short (<20m),short (<20m),True,0.9173088709145525,length_bin,logistic_regression,openclip_frozen_embeddings_logistic_regression
length_bin,,4,121739,short (<20m),medium (20-100m),False,0.9712551569125759,length_bin,logistic_regression,openclip_frozen_embeddings_logistic_regression
length_bin,,4,121742,short (<20m),short (<20m),True,0.9978548886216472,length_bin,logistic_regression,openclip_frozen_embeddings_logistic_regression
length_bin,,4,121745,short (<20m),short (<20m),True,0.6948144603632662,length_bin,logistic_regression,openclip_frozen_embeddings_logistic_regression
length_bin,,4,121747,short (<20m),short (<20m),True,0.9984106869087732,length_bin,logistic_regression,openclip_frozen_embeddings_logistic_regression
length_bin,,4,121749,short (<20m),short (<20m),True,0.9664015264754693,length_bin,logistic_regression,openclip_frozen_embeddings_logistic_regression
length_bin,,4,121777,short (<20m),short (<20m),True,0.9500087456297456,length_bin,logistic_regression,openclip_frozen_embeddings_logistic_regression
length_bin,,4,122368,short (<20m),medium (6-20m),False,0.6692422466946423,length_bin,logistic_regression,openclip_frozen_embeddings_logistic_regression
length_bin,,4,123261,short (<20m),medium (6-20m),False,0.4120790514308398,length_bin,logistic_regression,openclip_frozen_embeddings_logistic_regression
length_bin,,4,123786,short (<20m),short (<20m),True,0.9998040738614401,length_bin,logistic_regression,openclip_frozen_embeddings_logistic_regression
length_bin,,4,124739,medium (20-100m),medium (20-100m),True,0.9718246200731415,length_bin,logistic_regression,openclip_frozen_embeddings_logistic_regression
length_bin,,4,126789,short (<20m),short (<20m),True,0.5769121205235103,length_bin,logistic_regression,openclip_frozen_embeddings_logistic_regression
length_bin,,4,127231,short (<20m),medium (6-20m),False,0.512795434786397,length_bin,logistic_regression,openclip_frozen_embeddings_logistic_regression
length_bin,,4,127458,long (>100m),short (<20m),False,0.5624560477829508,length_bin,logistic_regression,openclip_frozen_embeddings_logistic_regression
length_bin,,4,127650,short (<20m),medium (6-20m),False,0.9675988867564719,length_bin,logistic_regression,openclip_frozen_embeddings_logistic_regression
length_bin,,4,127945,medium (20-100m),medium (20-100m),True,0.9874337281896121,length_bin,logistic_regression,openclip_frozen_embeddings_logistic_regression
length_bin,,4,128637,short (<20m),short (<20m),True,0.5327829886070379,length_bin,logistic_regression,openclip_frozen_embeddings_logistic_regression
length_bin,,4,128875,short (<20m),short (<20m),True,0.6953598686072888,length_bin,logistic_regression,openclip_frozen_embeddings_logistic_regression
length_bin,,4,128981,short (<20m),long (>20m),False,0.5836155969530695,length_bin,logistic_regression,openclip_frozen_embeddings_logistic_regression
length_bin,,4,129400,medium (20-100m),short (<10m),False,0.558500870245869,length_bin,logistic_regression,openclip_frozen_embeddings_logistic_regression
length_bin,,4,129402,medium (20-100m),long (>100m),False,0.42619962765062686,length_bin,logistic_regression,openclip_frozen_embeddings_logistic_regression
length_bin,,4,92846,long (>30m),medium (20-100m),False,0.48915374586620775,length_bin,logistic_regression,openclip_frozen_embeddings_logistic_regression
length_bin,,4,96855,long (>30m),long (>20m),False,0.5593637100804104,length_bin,logistic_regression,openclip_frozen_embeddings_logistic_regression
length_bin,,4,109182,short (<10m),short (<20m),False,0.8910787827638421,length_bin,logistic_regression,openclip_frozen_embeddings_logistic_regression
length_bin,,4,121501,medium (10-30m),short (<6m),False,0.9879948147648351,length_bin,logistic_regression,openclip_frozen_embeddings_logistic_regression
length_bin,,4,122443,short (<10m),short (<6m),False,0.7223941489819826,length_bin,logistic_regression,openclip_frozen_embeddings_logistic_regression
length_bin,,4,49500,long (>20m),long (>100m),False,0.6493205487216812,length_bin,logistic_regression,openclip_frozen_embeddings_logistic_regression
length_bin,,4,51695,medium (5-20m),long (>100m),False,0.5592454780411155,length_bin,logistic_regression,openclip_frozen_embeddings_logistic_regression
length_bin,,4,120684,short (<20m),short (<6m),False,0.501148036841103,length_bin,logistic_regression,openclip_frozen_embeddings_logistic_regression
length_bin,,4,94311,medium (5-20m),medium (20-100m),False,0.46420854666991235,length_bin,logistic_regression,openclip_frozen_embeddings_logistic_regression
length_bin,,4,107941,short (<5m),medium (6-20m),False,0.39888781492142633,length_bin,logistic_regression,openclip_frozen_embeddings_logistic_regression
length_bin,,4,107947,short (<5m),short (<5m),True,0.9258702877251864,length_bin,logistic_regression,openclip_frozen_embeddings_logistic_regression
length_bin,,4,108027,medium (5-20m),short (<5m),False,0.7632962909263666,length_bin,logistic_regression,openclip_frozen_embeddings_logistic_regression
length_bin,,4,108764,medium (5-20m),short (<20m),False,0.5633881731543283,length_bin,logistic_regression,openclip_frozen_embeddings_logistic_regression
length_bin,,4,46925,medium (6-20m),short (<20m),False,0.4984427304545229,length_bin,logistic_regression,openclip_frozen_embeddings_logistic_regression
length_bin,,4,48340,short (<6m),short (<6m),True,0.9913975089652325,length_bin,logistic_regression,openclip_frozen_embeddings_logistic_regression
length_bin,,4,48341,short (<6m),short (<6m),True,0.999934230832616,length_bin,logistic_regression,openclip_frozen_embeddings_logistic_regression
length_bin,,4,48343,medium (6-20m),long (>100m),False,0.7819037898630239,length_bin,logistic_regression,openclip_frozen_embeddings_logistic_regression
length_bin,,4,49057,medium (6-20m),long (>100m),False,0.304218516695013,length_bin,logistic_regression,openclip_frozen_embeddings_logistic_regression
length_bin,,4,49243,short (<6m),short (<10m),False,0.7466035779592791,length_bin,logistic_regression,openclip_frozen_embeddings_logistic_regression
length_bin,,4,49244,medium (6-20m),medium (6-20m),True,0.9487264351590694,length_bin,logistic_regression,openclip_frozen_embeddings_logistic_regression
length_bin,,4,51533,medium (6-20m),short (<6m),False,0.5359152400100197,length_bin,logistic_regression,openclip_frozen_embeddings_logistic_regression
length_bin,,4,53193,medium (6-20m),medium (6-20m),True,0.8518268963685882,length_bin,logistic_regression,openclip_frozen_embeddings_logistic_regression
length_bin,,4,55115,long (>20m),medium (6-20m),False,0.9518506995852871,length_bin,logistic_regression,openclip_frozen_embeddings_logistic_regression
length_bin,,4,55633,medium (6-20m),medium (6-20m),True,0.9957761311168568,length_bin,logistic_regression,openclip_frozen_embeddings_logistic_regression
length_bin,,4,57833,medium (6-20m),medium (6-20m),True,0.8530954491221154,length_bin,logistic_regression,openclip_frozen_embeddings_logistic_regression
length_bin,,4,57835,medium (6-20m),medium (6-20m),True,0.9870753782578688,length_bin,logistic_regression,openclip_frozen_embeddings_logistic_regression
length_bin,,4,58161,medium (6-20m),long (>20m),False,0.9687263476448031,length_bin,logistic_regression,openclip_frozen_embeddings_logistic_regression
length_bin,,4,60689,medium (6-20m),medium (6-20m),True,0.385919798743503,length_bin,logistic_regression,openclip_frozen_embeddings_logistic_regression
length_bin,,4,61416,long (>20m),long (>20m),True,0.6116841273202624,length_bin,logistic_regression,openclip_frozen_embeddings_logistic_regression
length_bin,,4,62088,short (<6m),long (>20m),False,0.8866223554494632,length_bin,logistic_regression,openclip_frozen_embeddings_logistic_regression
length_bin,,4,63633,short (<6m),medium (6-20m),False,0.9370125695432838,length_bin,logistic_regression,openclip_frozen_embeddings_logistic_regression
length_bin,,4,64110,short (<6m),short (<6m),True,0.9989718238614949,length_bin,logistic_regression,openclip_frozen_embeddings_logistic_regression
length_bin,,4,64129,medium (6-20m),short (<10m),False,0.8279215325418058,length_bin,logistic_regression,openclip_frozen_embeddings_logistic_regression
length_bin,,4,65154,medium (6-20m),long (>20m),False,0.7579451192102935,length_bin,logistic_regression,openclip_frozen_embeddings_logistic_regression
length_bin,,4,83133,medium (6-20m),short (<20m),False,0.5377763292541103,length_bin,logistic_regression,openclip_frozen_embeddings_logistic_regression
length_bin,,4,83515,medium (6-20m),short (<20m),False,0.47442292455611007,length_bin,logistic_regression,openclip_frozen_embeddings_logistic_regression
length_bin,,4,83900,long (>20m),long (>20m),True,0.9036124624444695,length_bin,logistic_regression,openclip_frozen_embeddings_logistic_regression
length_bin,,4,86518,medium (6-20m),medium (6-20m),True,0.9942080385579081,length_bin,logistic_regression,openclip_frozen_embeddings_logistic_regression
length_bin,,4,86525,medium (6-20m),medium (6-20m),True,0.7013014834801349,length_bin,logistic_regression,openclip_frozen_embeddings_logistic_regression
length_bin,,4,87483,medium (6-20m),long (>20m),False,0.9124564965241246,length_bin,logistic_regression,openclip_frozen_embeddings_logistic_regression
length_bin,,4,55464,long (>20m),medium (6-20m),False,0.9973928521707036,length_bin,logistic_regression,openclip_frozen_embeddings_logistic_regression
length_bin,,4,88133,short (<6m),medium (6-20m),False,0.9800772781891488,length_bin,logistic_regression,openclip_frozen_embeddings_logistic_regression
length_bin,,4,88280,short (<6m),short (<6m),True,0.7962928920909709,length_bin,logistic_regression,openclip_frozen_embeddings_logistic_regression
length_bin,,4,88734,medium (6-20m),medium (6-20m),True,0.9986702436930625,length_bin,logistic_regression,openclip_frozen_embeddings_logistic_regression
length_bin,,4,89437,medium (6-20m),medium (6-20m),True,0.5553573908137751,length_bin,logistic_regression,openclip_frozen_embeddings_logistic_regression
length_bin,,4,89761,short (<6m),short (<6m),True,0.8661639010179368,length_bin,logistic_regression,openclip_frozen_embeddings_logistic_regression
length_bin,,4,90361,short (<6m),long (>100m),False,0.5833482331635528,length_bin,logistic_regression,openclip_frozen_embeddings_logistic_regression
length_bin,,4,90391,medium (6-20m),short (<6m),False,0.5079644778934356,length_bin,logistic_regression,openclip_frozen_embeddings_logistic_regression
length_bin,,4,92794,short (<6m),short (<6m),True,0.6824944451121444,length_bin,logistic_regression,openclip_frozen_embeddings_logistic_regression
length_bin,,4,97817,medium (6-20m),medium (6-20m),True,0.9924082416131659,length_bin,logistic_regression,openclip_frozen_embeddings_logistic_regression
length_bin,,4,99459,short (<6m),short (<6m),True,0.942715212482942,length_bin,logistic_regression,openclip_frozen_embeddings_logistic_regression
length_bin,,4,99615,medium (6-20m),medium (6-20m),True,0.8270595664743305,length_bin,logistic_regression,openclip_frozen_embeddings_logistic_regression
length_bin,,4,100181,short (<6m),short (<6m),True,0.8075677959409588,length_bin,logistic_regression,openclip_frozen_embeddings_logistic_regression
length_bin,,4,100184,short (<6m),medium (6-20m),False,0.8243260611166657,length_bin,logistic_regression,openclip_frozen_embeddings_logistic_regression
length_bin,,4,100263,medium (6-20m),long (>100m),False,0.8758365858410493,length_bin,logistic_regression,openclip_frozen_embeddings_logistic_regression
length_bin,,4,100267,short (<6m),long (>20m),False,0.5350671930005683,length_bin,logistic_regression,openclip_frozen_embeddings_logistic_regression
length_bin,,4,100348,short (<6m),medium (6-20m),False,0.9559065042601693,length_bin,logistic_regression,openclip_frozen_embeddings_logistic_regression
length_bin,,4,100753,short (<6m),short (<20m),False,0.5984113321110347,length_bin,logistic_regression,openclip_frozen_embeddings_logistic_regression
length_bin,,4,101826,long (>20m),short (<6m),False,0.860287451447527,length_bin,logistic_regression,openclip_frozen_embeddings_logistic_regression
length_bin,,4,101831,short (<6m),short (<6m),True,0.865524707269733,length_bin,logistic_regression,openclip_frozen_embeddings_logistic_regression
length_bin,,4,101890,medium (6-20m),short (<6m),False,0.8552208676728342,length_bin,logistic_regression,openclip_frozen_embeddings_logistic_regression
length_bin,,4,103721,short (<6m),short (<6m),True,0.9035555101628865,length_bin,logistic_regression,openclip_frozen_embeddings_logistic_regression
length_bin,,4,105457,short (<6m),medium (20-100m),False,0.7468693613365047,length_bin,logistic_regression,openclip_frozen_embeddings_logistic_regression
length_bin,,4,106042,short (<6m),short (<6m),True,0.5208440875805566,length_bin,logistic_regression,openclip_frozen_embeddings_logistic_regression
length_bin,,4,106050,long (>20m),medium (20-100m),False,0.8931800656007611,length_bin,logistic_regression,openclip_frozen_embeddings_logistic_regression
length_bin,,4,106264,short (<6m),short (<6m),True,0.6663896853960476,length_bin,logistic_regression,openclip_frozen_embeddings_logistic_regression
length_bin,,4,106922,short (<6m),short (<20m),False,0.9742343888727266,length_bin,logistic_regression,openclip_frozen_embeddings_logistic_regression
length_bin,,4,106925,short (<6m),short (<20m),False,0.4799130526717766,length_bin,logistic_regression,openclip_frozen_embeddings_logistic_regression
length_bin,,4,107877,medium (6-20m),medium (6-20m),True,0.9986284010594414,length_bin,logistic_regression,openclip_frozen_embeddings_logistic_regression
length_bin,,4,107898,short (<6m),short (<20m),False,0.9916330043090901,length_bin,logistic_regression,openclip_frozen_embeddings_logistic_regression
length_bin,,4,107911,short (<6m),short (<20m),False,0.6580499936070625,length_bin,logistic_regression,openclip_frozen_embeddings_logistic_regression
length_bin,,4,107912,long (>20m),medium (20-100m),False,0.7497189697110793,length_bin,logistic_regression,openclip_frozen_embeddings_logistic_regression
length_bin,,4,107961,short (<6m),medium (6-20m),False,0.873794136422397,length_bin,logistic_regression,openclip_frozen_embeddings_logistic_regression
length_bin,,4,108730,short (<6m),medium (20-100m),False,0.5197983997821445,length_bin,logistic_regression,openclip_frozen_embeddings_logistic_regression
length_bin,,4,108785,short (<6m),short (<6m),True,0.9978028627354794,length_bin,logistic_regression,openclip_frozen_embeddings_logistic_regression
length_bin,,4,108797,medium (6-20m),medium (20-100m),False,0.6985458667230572,length_bin,logistic_regression,openclip_frozen_embeddings_logistic_regression
length_bin,,4,109169,short (<6m),short (<20m),False,0.947040700679903,length_bin,logistic_regression,openclip_frozen_embeddings_logistic_regression
length_bin,,4,109536,medium (6-20m),short (<20m),False,0.5127760200977539,length_bin,logistic_regression,openclip_frozen_embeddings_logistic_regression
length_bin,,4,109538,medium (6-20m),medium (6-20m),True,0.7285457922216898,length_bin,logistic_regression,openclip_frozen_embeddings_logistic_regression
length_bin,,4,110139,short (<6m),long (>20m),False,0.7084621544889685,length_bin,logistic_regression,openclip_frozen_embeddings_logistic_regression
length_bin,,4,110167,medium (6-20m),medium (6-20m),True,0.9833830647961973,length_bin,logistic_regression,openclip_frozen_embeddings_logistic_regression
length_bin,,4,110170,medium (6-20m),short (<6m),False,0.964119188087351,length_bin,logistic_regression,openclip_frozen_embeddings_logistic_regression
length_bin,,4,111002,short (<6m),short (<6m),True,0.6485414292555561,length_bin,logistic_regression,openclip_frozen_embeddings_logistic_regression
length_bin,,4,111648,short (<6m),short (<6m),True,0.8911582556715664,length_bin,logistic_regression,openclip_frozen_embeddings_logistic_regression
length_bin,,4,111745,short (<6m),medium (6-20m),False,0.9975591011403274,length_bin,logistic_regression,openclip_frozen_embeddings_logistic_regression
length_bin,,4,111782,medium (6-20m),medium (6-20m),True,0.9902722220875971,length_bin,logistic_regression,openclip_frozen_embeddings_logistic_regression
length_bin,,4,112340,medium (6-20m),short (<20m),False,0.5952283180410554,length_bin,logistic_regression,openclip_frozen_embeddings_logistic_regression
length_bin,,4,113125,medium (6-20m),medium (10-30m),False,0.6153742063113252,length_bin,logistic_regression,openclip_frozen_embeddings_logistic_regression
length_bin,,4,113159,short (<6m),medium (20-100m),False,0.8624709943997214,length_bin,logistic_regression,openclip_frozen_embeddings_logistic_regression
length_bin,,4,113733,short (<6m),long (>100m),False,0.9966586703045933,length_bin,logistic_regression,openclip_frozen_embeddings_logistic_regression
length_bin,,4,113803,short (<6m),medium (6-20m),False,0.8464519983891339,length_bin,logistic_regression,openclip_frozen_embeddings_logistic_regression
length_bin,,4,113958,medium (6-20m),short (<6m),False,0.7346405406002593,length_bin,logistic_regression,openclip_frozen_embeddings_logistic_regression
length_bin,,4,114996,medium (6-20m),medium (6-20m),True,0.9981095103827496,length_bin,logistic_regression,openclip_frozen_embeddings_logistic_regression
length_bin,,4,115261,medium (6-20m),medium (6-20m),True,0.7524804067232568,length_bin,logistic_regression,openclip_frozen_embeddings_logistic_regression
length_bin,,4,117211,medium (6-20m),medium (6-20m),True,0.9946818955571304,length_bin,logistic_regression,openclip_frozen_embeddings_logistic_regression
length_bin,,4,117220,medium (6-20m),medium (6-20m),True,0.961297130670512,length_bin,logistic_regression,openclip_frozen_embeddings_logistic_regression
length_bin,,4,117223,medium (6-20m),medium (6-20m),True,0.8120583281245551,length_bin,logistic_regression,openclip_frozen_embeddings_logistic_regression
length_bin,,4,117720,short (<6m),short (<6m),True,0.9976001349680922,length_bin,logistic_regression,openclip_frozen_embeddings_logistic_regression
length_bin,,4,119099,medium (6-20m),medium (6-20m),True,0.5730004919047792,length_bin,logistic_regression,openclip_frozen_embeddings_logistic_regression
length_bin,,4,119774,short (<6m),long (>20m),False,0.5193996405145413,length_bin,logistic_regression,openclip_frozen_embeddings_logistic_regression
length_bin,,4,119977,medium (6-20m),long (>20m),False,0.7601348828406496,length_bin,logistic_regression,openclip_frozen_embeddings_logistic_regression
length_bin,,4,120999,medium (6-20m),medium (20-100m),False,0.7006198409352636,length_bin,logistic_regression,openclip_frozen_embeddings_logistic_regression
length_bin,,4,122034,medium (6-20m),medium (6-20m),True,0.9201143144030829,length_bin,logistic_regression,openclip_frozen_embeddings_logistic_regression
length_bin,,4,122178,short (<6m),medium (20-100m),False,0.4137248153912615,length_bin,logistic_regression,openclip_frozen_embeddings_logistic_regression
length_bin,,4,122183,short (<6m),short (<10m),False,0.6452421687956541,length_bin,logistic_regression,openclip_frozen_embeddings_logistic_regression
length_bin,,4,123164,medium (6-20m),medium (6-20m),True,0.9878169610648688,length_bin,logistic_regression,openclip_frozen_embeddings_logistic_regression
length_bin,,4,123354,medium (6-20m),medium (6-20m),True,0.6634555141350871,length_bin,logistic_regression,openclip_frozen_embeddings_logistic_regression
length_bin,,4,123357,medium (6-20m),medium (6-20m),True,0.9439639314327759,length_bin,logistic_regression,openclip_frozen_embeddings_logistic_regression
length_bin,,4,126721,long (>20m),medium (6-20m),False,0.9929107363844143,length_bin,logistic_regression,openclip_frozen_embeddings_logistic_regression
length_bin,,4,126737,medium (6-20m),short (<20m),False,0.9877209156781723,length_bin,logistic_regression,openclip_frozen_embeddings_logistic_regression
length_bin,,4,126774,medium (6-20m),medium (6-20m),True,0.9919701123609169,length_bin,logistic_regression,openclip_frozen_embeddings_logistic_regression
length_bin,,4,126793,medium (6-20m),short (<6m),False,0.7825001686805855,length_bin,logistic_regression,openclip_frozen_embeddings_logistic_regression
length_bin,,4,126915,short (<6m),short (<6m),True,0.9972153607138157,length_bin,logistic_regression,openclip_frozen_embeddings_logistic_regression
length_bin,,4,127147,medium (6-20m),medium (6-20m),True,0.5895089395819145,length_bin,logistic_regression,openclip_frozen_embeddings_logistic_regression
length_bin,,4,127221,medium (6-20m),long (>20m),False,0.18173313583913103,length_bin,logistic_regression,openclip_frozen_embeddings_logistic_regression
length_bin,,4,50824,large (>20m),long (>20m),False,0.9978782269822075,length_bin,logistic_regression,openclip_frozen_embeddings_logistic_regression
length_bin,,5,46935,short (<20m),medium (6-20m),False,0.7931181446575216,length_bin,logistic_regression,openclip_frozen_embeddings_logistic_regression
length_bin,,5,48120,short (<20m),short (<20m),True,0.7040264383752133,length_bin,logistic_regression,openclip_frozen_embeddings_logistic_regression
length_bin,,5,48121,short (<20m),short (<6m),False,0.5668339429247583,length_bin,logistic_regression,openclip_frozen_embeddings_logistic_regression
length_bin,,5,48934,medium (20-100m),short (<20m),False,0.7070163533952121,length_bin,logistic_regression,openclip_frozen_embeddings_logistic_regression
length_bin,,5,49689,long (>100m),long (>100m),True,0.8114821544676569,length_bin,logistic_regression,openclip_frozen_embeddings_logistic_regression
length_bin,,5,55646,medium (20-100m),medium (6-20m),False,0.9594685688020568,length_bin,logistic_regression,openclip_frozen_embeddings_logistic_regression
length_bin,,5,58173,long (>100m),medium (6-20m),False,0.9323543339433944,length_bin,logistic_regression,openclip_frozen_embeddings_logistic_regression
length_bin,,5,58171,short (<20m),short (<20m),True,0.9927151643249447,length_bin,logistic_regression,openclip_frozen_embeddings_logistic_regression
length_bin,,5,61742,short (<20m),short (<6m),False,0.871868667276136,length_bin,logistic_regression,openclip_frozen_embeddings_logistic_regression
length_bin,,5,61734,short (<20m),short (<6m),False,0.9984254303110177,length_bin,logistic_regression,openclip_frozen_embeddings_logistic_regression
length_bin,,5,61958,long (>100m),medium (6-20m),False,0.37941386831261875,length_bin,logistic_regression,openclip_frozen_embeddings_logistic_regression
length_bin,,5,62448,medium (20-100m),short (<6m),False,0.9839577468988457,length_bin,logistic_regression,openclip_frozen_embeddings_logistic_regression
length_bin,,5,63220,long (>100m),short (<6m),False,0.7806711556438645,length_bin,logistic_regression,openclip_frozen_embeddings_logistic_regression
length_bin,,5,64274,short (<20m),medium (20-100m),False,0.7133867563393568,length_bin,logistic_regression,openclip_frozen_embeddings_logistic_regression
length_bin,,5,64888,short (<20m),long (>100m),False,0.7642239815726527,length_bin,logistic_regression,openclip_frozen_embeddings_logistic_regression
length_bin,,5,66539,long (>100m),medium (20-100m),False,0.6546302616502852,length_bin,logistic_regression,openclip_frozen_embeddings_logistic_regression
length_bin,,5,66933,long (>100m),short (<20m),False,0.5561392109273334,length_bin,logistic_regression,openclip_frozen_embeddings_logistic_regression
length_bin,,5,83916,short (<20m),short (<6m),False,0.5733449964812335,length_bin,logistic_regression,openclip_frozen_embeddings_logistic_regression
length_bin,,5,83914,short (<20m),medium (20-100m),False,0.518542186622148,length_bin,logistic_regression,openclip_frozen_embeddings_logistic_regression
length_bin,,5,83945,short (<20m),medium (20-100m),False,0.8584497605565878,length_bin,logistic_regression,openclip_frozen_embeddings_logistic_regression
length_bin,,5,83953,short (<20m),medium (20-100m),False,0.9726357773420414,length_bin,logistic_regression,openclip_frozen_embeddings_logistic_regression
length_bin,,5,85477,short (<20m),short (<20m),True,0.5763078030403225,length_bin,logistic_regression,openclip_frozen_embeddings_logistic_regression
length_bin,,5,85479,short (<20m),short (<20m),True,0.3899682109999015,length_bin,logistic_regression,openclip_frozen_embeddings_logistic_regression
length_bin,,5,85525,short (<20m),short (<20m),True,0.6894534750586646,length_bin,logistic_regression,openclip_frozen_embeddings_logistic_regression
length_bin,,5,86039,medium (20-100m),short (<20m),False,0.9965391794917665,length_bin,logistic_regression,openclip_frozen_embeddings_logistic_regression
length_bin,,5,86069,short (<20m),medium (20-100m),False,0.9244053523940106,length_bin,logistic_regression,openclip_frozen_embeddings_logistic_regression
length_bin,,5,86074,short (<20m),long (>20m),False,0.6210745634327992,length_bin,logistic_regression,openclip_frozen_embeddings_logistic_regression
length_bin,,5,86079,short (<20m),long (>100m),False,0.33691964530510093,length_bin,logistic_regression,openclip_frozen_embeddings_logistic_regression
length_bin,,5,86085,short (<20m),short (<20m),True,0.9113979076632834,length_bin,logistic_regression,openclip_frozen_embeddings_logistic_regression
length_bin,,5,86095,short (<20m),medium (20-100m),False,0.6394096229964822,length_bin,logistic_regression,openclip_frozen_embeddings_logistic_regression
length_bin,,5,86097,medium (20-100m),short (<20m),False,0.8949792790038804,length_bin,logistic_regression,openclip_frozen_embeddings_logistic_regression
length_bin,,5,86130,short (<20m),short (<20m),True,0.9944433137294573,length_bin,logistic_regression,openclip_frozen_embeddings_logistic_regression
length_bin,,5,86133,short (<20m),medium (20-100m),False,0.9886447261989562,length_bin,logistic_regression,openclip_frozen_embeddings_logistic_regression
length_bin,,5,86147,short (<20m),medium (20-100m),False,0.6281673913416699,length_bin,logistic_regression,openclip_frozen_embeddings_logistic_regression
length_bin,,5,86160,medium (20-100m),medium (20-100m),True,0.5838265253961229,length_bin,logistic_regression,openclip_frozen_embeddings_logistic_regression
length_bin,,5,86166,short (<20m),short (<20m),True,0.9915380679020874,length_bin,logistic_regression,openclip_frozen_embeddings_logistic_regression
length_bin,,5,86169,short (<20m),short (<20m),True,0.9635680717995943,length_bin,logistic_regression,openclip_frozen_embeddings_logistic_regression
length_bin,,5,86215,short (<20m),medium (20-100m),False,0.8434198359651333,length_bin,logistic_regression,openclip_frozen_embeddings_logistic_regression
length_bin,,5,86213,medium (20-100m),medium (20-100m),True,0.6602722374704757,length_bin,logistic_regression,openclip_frozen_embeddings_logistic_regression
length_bin,,5,86222,short (<20m),short (<6m),False,0.41683606025526754,length_bin,logistic_regression,openclip_frozen_embeddings_logistic_regression
length_bin,,5,86223,medium (20-100m),short (<20m),False,0.8354091593216484,length_bin,logistic_regression,openclip_frozen_embeddings_logistic_regression
length_bin,,5,86225,medium (20-100m),medium (20-100m),True,0.9648145801258317,length_bin,logistic_regression,openclip_frozen_embeddings_logistic_regression
length_bin,,5,86229,medium (20-100m),short (<20m),False,0.9266451549592257,length_bin,logistic_regression,openclip_frozen_embeddings_logistic_regression
length_bin,,5,86230,medium (20-100m),medium (20-100m),True,0.8168836280786558,length_bin,logistic_regression,openclip_frozen_embeddings_logistic_regression
length_bin,,5,86237,short (<20m),long (>100m),False,0.4172777816443513,length_bin,logistic_regression,openclip_frozen_embeddings_logistic_regression
length_bin,,5,86248,short (<20m),short (<20m),True,0.8920490943119641,length_bin,logistic_regression,openclip_frozen_embeddings_logistic_regression
length_bin,,5,86250,short (<20m),long (>100m),False,0.9471452310131276,length_bin,logistic_regression,openclip_frozen_embeddings_logistic_regression
length_bin,,5,86253,short (<20m),short (<20m),True,0.8353728054768981,length_bin,logistic_regression,openclip_frozen_embeddings_logistic_regression
length_bin,,5,86249,medium (20-100m),medium (20-100m),True,0.7570840086675202,length_bin,logistic_regression,openclip_frozen_embeddings_logistic_regression
length_bin,,5,86260,long (>100m),medium (20-100m),False,0.8504682821736159,length_bin,logistic_regression,openclip_frozen_embeddings_logistic_regression
length_bin,,5,87537,medium (20-100m),medium (20-100m),True,0.6940999784534575,length_bin,logistic_regression,openclip_frozen_embeddings_logistic_regression
length_bin,,5,88281,short (<20m),short (<6m),False,0.724247174709055,length_bin,logistic_regression,openclip_frozen_embeddings_logistic_regression
length_bin,,5,89591,short (<20m),short (<20m),True,0.6695842098861553,length_bin,logistic_regression,openclip_frozen_embeddings_logistic_regression
length_bin,,5,89601,short (<20m),short (<20m),True,0.950466196899417,length_bin,logistic_regression,openclip_frozen_embeddings_logistic_regression
length_bin,,5,89710,medium (20-100m),short (<20m),False,0.5122418050568958,length_bin,logistic_regression,openclip_frozen_embeddings_logistic_regression
length_bin,,5,89714,short (<20m),short (<20m),True,0.7376821206636671,length_bin,logistic_regression,openclip_frozen_embeddings_logistic_regression
length_bin,,5,89724,medium (20-100m),medium (20-100m),True,0.4737256463200607,length_bin,logistic_regression,openclip_frozen_embeddings_logistic_regression
length_bin,,5,90320,short (<20m),medium (20-100m),False,0.48886919760880115,length_bin,logistic_regression,openclip_frozen_embeddings_logistic_regression
length_bin,,5,90326,short (<20m),short (<6m),False,0.5783168541036566,length_bin,logistic_regression,openclip_frozen_embeddings_logistic_regression
length_bin,,5,90330,medium (20-100m),long (>100m),False,0.6077663963231322,length_bin,logistic_regression,openclip_frozen_embeddings_logistic_regression
length_bin,,5,90344,medium (20-100m),short (<20m),False,0.7929157044288775,length_bin,logistic_regression,openclip_frozen_embeddings_logistic_regression
length_bin,,5,90352,medium (20-100m),medium (20-100m),True,0.9138041227936969,length_bin,logistic_regression,openclip_frozen_embeddings_logistic_regression
length_bin,,5,90353,medium (20-100m),short (<20m),False,0.7530285119942625,length_bin,logistic_regression,openclip_frozen_embeddings_logistic_regression
length_bin,,5,90354,long (>100m),medium (20-100m),False,0.8380201220549591,length_bin,logistic_regression,openclip_frozen_embeddings_logistic_regression
length_bin,,5,90368,short (<20m),short (<6m),False,0.9699598144876186,length_bin,logistic_regression,openclip_frozen_embeddings_logistic_regression
length_bin,,5,90372,medium (20-100m),short (<6m),False,0.666426226497796,length_bin,logistic_regression,openclip_frozen_embeddings_logistic_regression
length_bin,,5,90394,medium (20-100m),medium (20-100m),True,0.5275911441770628,length_bin,logistic_regression,openclip_frozen_embeddings_logistic_regression
length_bin,,5,90497,medium (20-100m),short (<20m),False,0.9121234339357825,length_bin,logistic_regression,openclip_frozen_embeddings_logistic_regression
length_bin,,5,90506,medium (20-100m),short (<20m),False,0.8593991005975087,length_bin,logistic_regression,openclip_frozen_embeddings_logistic_regression
length_bin,,5,90508,short (<20m),short (<20m),True,0.8244136480496468,length_bin,logistic_regression,openclip_frozen_embeddings_logistic_regression
length_bin,,5,90510,medium (20-100m),short (<20m),False,0.4461560834606766,length_bin,logistic_regression,openclip_frozen_embeddings_logistic_regression
length_bin,,5,92026,short (<20m),medium (20-100m),False,0.8485772191505617,length_bin,logistic_regression,openclip_frozen_embeddings_logistic_regression
length_bin,,5,92043,short (<20m),medium (20-100m),False,0.5883392162585868,length_bin,logistic_regression,openclip_frozen_embeddings_logistic_regression
length_bin,,5,92056,short (<20m),medium (20-100m),False,0.9159258224904675,length_bin,logistic_regression,openclip_frozen_embeddings_logistic_regression
length_bin,,5,92066,short (<20m),short (<20m),True,0.9157406313002391,length_bin,logistic_regression,openclip_frozen_embeddings_logistic_regression
length_bin,,5,92088,medium (20-100m),medium (20-100m),True,0.9490263928553747,length_bin,logistic_regression,openclip_frozen_embeddings_logistic_regression
length_bin,,5,92708,short (<20m),short (<6m),False,0.9311251481392973,length_bin,logistic_regression,openclip_frozen_embeddings_logistic_regression
length_bin,,5,93039,short (<20m),medium (6-20m),False,0.5946537813680216,length_bin,logistic_regression,openclip_frozen_embeddings_logistic_regression
length_bin,,5,94265,short (<20m),medium (20-100m),False,0.8444922301273639,length_bin,logistic_regression,openclip_frozen_embeddings_logistic_regression
length_bin,,5,94266,medium (20-100m),medium (6-20m),False,0.809286914824629,length_bin,logistic_regression,openclip_frozen_embeddings_logistic_regression
length_bin,,5,94270,short (<20m),short (<20m),True,0.6355685242623121,length_bin,logistic_regression,openclip_frozen_embeddings_logistic_regression
length_bin,,5,94283,short (<20m),long (>100m),False,0.631291034109238,length_bin,logistic_regression,openclip_frozen_embeddings_logistic_regression
length_bin,,5,94289,medium (20-100m),medium (20-100m),True,0.5146151920846869,length_bin,logistic_regression,openclip_frozen_embeddings_logistic_regression
length_bin,,5,94321,medium (20-100m),long (>100m),False,0.854641990630123,length_bin,logistic_regression,openclip_frozen_embeddings_logistic_regression
length_bin,,5,94327,short (<20m),long (>100m),False,0.8568623203270511,length_bin,logistic_regression,openclip_frozen_embeddings_logistic_regression
length_bin,,5,94337,short (<20m),short (<20m),True,0.5106314793322039,length_bin,logistic_regression,openclip_frozen_embeddings_logistic_regression
length_bin,,5,94344,short (<20m),medium (20-100m),False,0.8261477314157406,length_bin,logistic_regression,openclip_frozen_embeddings_logistic_regression
length_bin,,5,94359,short (<20m),short (<6m),False,0.4389215748253187,length_bin,logistic_regression,openclip_frozen_embeddings_logistic_regression
length_bin,,5,94361,short (<20m),short (<20m),True,0.3549966652757031,length_bin,logistic_regression,openclip_frozen_embeddings_logistic_regression
length_bin,,5,94365,medium (20-100m),short (<20m),False,0.8652318897874821,length_bin,logistic_regression,openclip_frozen_embeddings_logistic_regression
length_bin,,5,94374,short (<20m),short (<20m),True,0.7208654329985418,length_bin,logistic_regression,openclip_frozen_embeddings_logistic_regression
length_bin,,5,94388,short (<20m),short (<20m),True,0.9294228343684721,length_bin,logistic_regression,openclip_frozen_embeddings_logistic_regression
length_bin,,5,94395,short (<20m),medium (20-100m),False,0.9656320875156797,length_bin,logistic_regression,openclip_frozen_embeddings_logistic_regression
length_bin,,5,94406,short (<20m),short (<20m),True,0.49242816580303855,length_bin,logistic_regression,openclip_frozen_embeddings_logistic_regression
length_bin,,5,94422,short (<20m),medium (20-100m),False,0.5810879980956496,length_bin,logistic_regression,openclip_frozen_embeddings_logistic_regression
length_bin,,5,94781,short (<20m),short (<20m),True,0.9324192854266301,length_bin,logistic_regression,openclip_frozen_embeddings_logistic_regression
length_bin,,5,102431,short (<20m),short (<20m),True,0.921420844727232,length_bin,logistic_regression,openclip_frozen_embeddings_logistic_regression
length_bin,,5,102545,short (<20m),short (<20m),True,0.5802767481553082,length_bin,logistic_regression,openclip_frozen_embeddings_logistic_regression
length_bin,,5,103737,medium (20-100m),short (<20m),False,0.8709674665853544,length_bin,logistic_regression,openclip_frozen_embeddings_logistic_regression
length_bin,,5,103742,long (>100m),short (<6m),False,0.9242780675385609,length_bin,logistic_regression,openclip_frozen_embeddings_logistic_regression
length_bin,,5,105250,short (<20m),short (<6m),False,0.9847590344120898,length_bin,logistic_regression,openclip_frozen_embeddings_logistic_regression
length_bin,,5,107065,short (<20m),short (<6m),False,0.4809236761819314,length_bin,logistic_regression,openclip_frozen_embeddings_logistic_regression
length_bin,,5,107598,medium (20-100m),short (<20m),False,0.5256404990630059,length_bin,logistic_regression,openclip_frozen_embeddings_logistic_regression
length_bin,,5,107900,medium (20-100m),medium (20-100m),True,0.8436837865349999,length_bin,logistic_regression,openclip_frozen_embeddings_logistic_regression
length_bin,,5,107901,short (<20m),long (>100m),False,0.4974788778651031,length_bin,logistic_regression,openclip_frozen_embeddings_logistic_regression
length_bin,,5,107957,short (<20m),long (>20m),False,0.45472203803602074,length_bin,logistic_regression,openclip_frozen_embeddings_logistic_regression
length_bin,,5,107966,short (<20m),long (>100m),False,0.47347895779513743,length_bin,logistic_regression,openclip_frozen_embeddings_logistic_regression
length_bin,,5,107978,medium (20-100m),medium (20-100m),True,0.49934929457705896,length_bin,logistic_regression,openclip_frozen_embeddings_logistic_regression
length_bin,,5,108011,short (<20m),short (<20m),True,0.5800839446116642,length_bin,logistic_regression,openclip_frozen_embeddings_logistic_regression
length_bin,,5,108022,short (<20m),long (>20m),False,0.5224784210660418,length_bin,logistic_regression,openclip_frozen_embeddings_logistic_regression
length_bin,,5,108333,short (<20m),short (<20m),True,0.7050863006082204,length_bin,logistic_regression,openclip_frozen_embeddings_logistic_regression
length_bin,,5,108706,long (>100m),short (<20m),False,0.4878816980199591,length_bin,logistic_regression,openclip_frozen_embeddings_logistic_regression
length_bin,,5,108708,short (<20m),medium (20-100m),False,0.5053500504085463,length_bin,logistic_regression,openclip_frozen_embeddings_logistic_regression
length_bin,,5,108713,medium (20-100m),short (<10m),False,0.5891825038297379,length_bin,logistic_regression,openclip_frozen_embeddings_logistic_regression
length_bin,,5,108714,short (<20m),short (<20m),True,0.9945544559271278,length_bin,logistic_regression,openclip_frozen_embeddings_logistic_regression
length_bin,,5,108715,long (>100m),short (<20m),False,0.9107711600877575,length_bin,logistic_regression,openclip_frozen_embeddings_logistic_regression
length_bin,,5,108728,short (<20m),long (>100m),False,0.9399145025701962,length_bin,logistic_regression,openclip_frozen_embeddings_logistic_regression
length_bin,,5,108784,medium (20-100m),short (<20m),False,0.8748828327676281,length_bin,logistic_regression,openclip_frozen_embeddings_logistic_regression
length_bin,,5,108793,medium (20-100m),short (<20m),False,0.7838012429336876,length_bin,logistic_regression,openclip_frozen_embeddings_logistic_regression
length_bin,,5,108794,short (<20m),short (<20m),True,0.9148809688768957,length_bin,logistic_regression,openclip_frozen_embeddings_logistic_regression
length_bin,,5,109137,medium (20-100m),short (<20m),False,0.91124440501052,length_bin,logistic_regression,openclip_frozen_embeddings_logistic_regression
length_bin,,5,109555,short (<20m),short (<20m),True,0.7842288423148568,length_bin,logistic_regression,openclip_frozen_embeddings_logistic_regression
length_bin,,5,109613,short (<20m),medium (20-100m),False,0.9408433953447957,length_bin,logistic_regression,openclip_frozen_embeddings_logistic_regression
length_bin,,5,109701,short (<20m),short (<10m),False,0.9950476507876969,length_bin,logistic_regression,openclip_frozen_embeddings_logistic_regression
length_bin,,5,109711,short (<20m),medium (6-20m),False,0.5612770277761383,length_bin,logistic_regression,openclip_frozen_embeddings_logistic_regression
length_bin,,5,110291,short (<20m),short (<20m),True,0.6961061759838717,length_bin,logistic_regression,openclip_frozen_embeddings_logistic_regression
length_bin,,5,110606,short (<20m),medium (20-100m),False,0.8132494086150828,length_bin,logistic_regression,openclip_frozen_embeddings_logistic_regression
length_bin,,5,110607,short (<20m),medium (20-100m),False,0.9561277737145797,length_bin,logistic_regression,openclip_frozen_embeddings_logistic_regression
length_bin,,5,110711,short (<20m),medium (6-20m),False,0.6183024443495542,length_bin,logistic_regression,openclip_frozen_embeddings_logistic_regression
length_bin,,5,110873,short (<20m),short (<6m),False,0.8931151996741054,length_bin,logistic_regression,openclip_frozen_embeddings_logistic_regression
length_bin,,5,110960,short (<20m),short (<20m),True,0.9928917927460833,length_bin,logistic_regression,openclip_frozen_embeddings_logistic_regression
length_bin,,5,110961,short (<20m),short (<20m),True,0.8913871346389446,length_bin,logistic_regression,openclip_frozen_embeddings_logistic_regression
length_bin,,5,110972,short (<20m),short (<20m),True,0.940770360544602,length_bin,logistic_regression,openclip_frozen_embeddings_logistic_regression
length_bin,,5,110977,short (<20m),short (<20m),True,0.960057956042923,length_bin,logistic_regression,openclip_frozen_embeddings_logistic_regression
length_bin,,5,111005,short (<20m),short (<6m),False,0.6752541436185411,length_bin,logistic_regression,openclip_frozen_embeddings_logistic_regression
length_bin,,5,111644,short (<20m),short (<20m),True,0.7934999783332235,length_bin,logistic_regression,openclip_frozen_embeddings_logistic_regression
length_bin,,5,111675,short (<20m),short (<20m),True,0.9294871294822361,length_bin,logistic_regression,openclip_frozen_embeddings_logistic_regression
length_bin,,5,111741,short (<20m),short (<20m),True,0.4191931408925849,length_bin,logistic_regression,openclip_frozen_embeddings_logistic_regression
length_bin,,5,111788,short (<20m),short (<20m),True,0.8926498932822469,length_bin,logistic_regression,openclip_frozen_embeddings_logistic_regression
length_bin,,5,111792,medium (20-100m),long (>20m),False,0.6627991475987279,length_bin,logistic_regression,openclip_frozen_embeddings_logistic_regression
length_bin,,5,111794,short (<20m),short (<20m),True,0.6256992933868039,length_bin,logistic_regression,openclip_frozen_embeddings_logistic_regression
length_bin,,5,111797,short (<20m),medium (20-100m),False,0.4160341514687533,length_bin,logistic_regression,openclip_frozen_embeddings_logistic_regression
length_bin,,5,111809,short (<20m),medium (6-20m),False,0.5297701394021556,length_bin,logistic_regression,openclip_frozen_embeddings_logistic_regression
length_bin,,5,112571,short (<20m),short (<20m),True,0.9782623750779748,length_bin,logistic_regression,openclip_frozen_embeddings_logistic_regression
length_bin,,5,112587,long (>100m),medium (20-100m),False,0.7734593485233655,length_bin,logistic_regression,openclip_frozen_embeddings_logistic_regression
length_bin,,5,113171,short (<20m),medium (20-100m),False,0.9980780632492731,length_bin,logistic_regression,openclip_frozen_embeddings_logistic_regression
length_bin,,5,117012,short (<20m),short (<20m),True,0.9119135983366033,length_bin,logistic_regression,openclip_frozen_embeddings_logistic_regression
length_bin,,5,117017,short (<20m),medium (10-30m),False,0.43905113325589545,length_bin,logistic_regression,openclip_frozen_embeddings_logistic_regression
length_bin,,5,118770,medium (20-100m),long (>20m),False,0.8039067163479235,length_bin,logistic_regression,openclip_frozen_embeddings_logistic_regression
length_bin,,5,120296,short (<20m),short (<20m),True,0.8606394661154083,length_bin,logistic_regression,openclip_frozen_embeddings_logistic_regression
length_bin,,5,120298,short (<20m),medium (20-100m),False,0.6784849953220775,length_bin,logistic_regression,openclip_frozen_embeddings_logistic_regression
length_bin,,5,120671,short (<20m),short (<20m),True,0.741556123340819,length_bin,logistic_regression,openclip_frozen_embeddings_logistic_regression
length_bin,,5,120674,short (<20m),short (<20m),True,0.9903560995839648,length_bin,logistic_regression,openclip_frozen_embeddings_logistic_regression
length_bin,,5,120676,short (<20m),medium (6-20m),False,0.45523897840753863,length_bin,logistic_regression,openclip_frozen_embeddings_logistic_regression
length_bin,,5,92011,short (<20m),long (>100m),False,0.692542027423,length_bin,logistic_regression,openclip_frozen_embeddings_logistic_regression
length_bin,,5,120688,short (<20m),short (<20m),True,0.734198076300554,length_bin,logistic_regression,openclip_frozen_embeddings_logistic_regression
length_bin,,5,120694,short (<20m),medium (5-20m),False,0.4433207436074825,length_bin,logistic_regression,openclip_frozen_embeddings_logistic_regression
length_bin,,5,120732,short (<20m),medium (20-100m),False,0.7562401777240801,length_bin,logistic_regression,openclip_frozen_embeddings_logistic_regression
length_bin,,5,120909,short (<20m),short (<20m),True,0.8564143872792377,length_bin,logistic_regression,openclip_frozen_embeddings_logistic_regression
length_bin,,5,121007,medium (20-100m),short (<20m),False,0.7447964631722991,length_bin,logistic_regression,openclip_frozen_embeddings_logistic_regression
length_bin,,5,121070,short (<20m),short (<20m),True,0.6280641644257469,length_bin,logistic_regression,openclip_frozen_embeddings_logistic_regression
length_bin,,5,121570,short (<20m),short (<20m),True,0.9846285474806097,length_bin,logistic_regression,openclip_frozen_embeddings_logistic_regression
length_bin,,5,121571,short (<20m),short (<6m),False,0.9978890078132426,length_bin,logistic_regression,openclip_frozen_embeddings_logistic_regression
length_bin,,5,121577,short (<20m),short (<20m),True,0.9416851342582017,length_bin,logistic_regression,openclip_frozen_embeddings_logistic_regression
length_bin,,5,121578,short (<20m),short (<6m),False,0.8565726585631367,length_bin,logistic_regression,openclip_frozen_embeddings_logistic_regression
length_bin,,5,121585,short (<20m),short (<20m),True,0.9999524198307898,length_bin,logistic_regression,openclip_frozen_embeddings_logistic_regression
length_bin,,5,121587,short (<20m),medium (20-100m),False,0.9644819006936497,length_bin,logistic_regression,openclip_frozen_embeddings_logistic_regression
length_bin,,5,121601,short (<20m),short (<6m),False,0.7221139095311273,length_bin,logistic_regression,openclip_frozen_embeddings_logistic_regression
length_bin,,5,121670,short (<20m),short (<6m),False,0.5460238897092388,length_bin,logistic_regression,openclip_frozen_embeddings_logistic_regression
length_bin,,5,121675,short (<20m),short (<20m),True,0.9981764850412919,length_bin,logistic_regression,openclip_frozen_embeddings_logistic_regression
length_bin,,5,121730,short (<20m),long (>100m),False,0.795173613742261,length_bin,logistic_regression,openclip_frozen_embeddings_logistic_regression
length_bin,,5,121732,short (<20m),short (<20m),True,0.9749777777638333,length_bin,logistic_regression,openclip_frozen_embeddings_logistic_regression
length_bin,,5,121748,short (<20m),short (<20m),True,0.999964911717592,length_bin,logistic_regression,openclip_frozen_embeddings_logistic_regression
length_bin,,5,121776,short (<20m),short (<20m),True,0.9314659715150311,length_bin,logistic_regression,openclip_frozen_embeddings_logistic_regression
length_bin,,5,121788,short (<20m),short (<20m),True,0.9486355791321204,length_bin,logistic_regression,openclip_frozen_embeddings_logistic_regression
length_bin,,5,122367,short (<20m),medium (20-100m),False,0.9731332179311578,length_bin,logistic_regression,openclip_frozen_embeddings_logistic_regression
length_bin,,5,122406,short (<20m),short (<20m),True,0.9637610012837315,length_bin,logistic_regression,openclip_frozen_embeddings_logistic_regression
length_bin,,5,122434,short (<20m),short (<6m),False,0.9902244471418932,length_bin,logistic_regression,openclip_frozen_embeddings_logistic_regression
length_bin,,5,122752,short (<20m),medium (20-100m),False,0.7283782732709301,length_bin,logistic_regression,openclip_frozen_embeddings_logistic_regression
length_bin,,5,122831,short (<20m),medium (10-30m),False,0.4593400282459633,length_bin,logistic_regression,openclip_frozen_embeddings_logistic_regression
length_bin,,5,122856,short (<20m),short (<6m),False,0.736838959010469,length_bin,logistic_regression,openclip_frozen_embeddings_logistic_regression
length_bin,,5,123096,short (<20m),short (<20m),True,0.7738732936224755,length_bin,logistic_regression,openclip_frozen_embeddings_logistic_regression
length_bin,,5,123103,short (<20m),short (<20m),True,0.9916139933126129,length_bin,logistic_regression,openclip_frozen_embeddings_logistic_regression
length_bin,,5,123104,short (<20m),short (<20m),True,0.9951512143481688,length_bin,logistic_regression,openclip_frozen_embeddings_logistic_regression
length_bin,,5,123143,medium (20-100m),medium (20-100m),True,0.9699285624037668,length_bin,logistic_regression,openclip_frozen_embeddings_logistic_regression
length_bin,,5,123471,short (<20m),medium (20-100m),False,0.912194278370059,length_bin,logistic_regression,openclip_frozen_embeddings_logistic_regression
length_bin,,5,123472,short (<20m),medium (20-100m),False,0.6411749332606835,length_bin,logistic_regression,openclip_frozen_embeddings_logistic_regression
length_bin,,5,123778,short (<20m),short (<6m),False,0.7998577034592547,length_bin,logistic_regression,openclip_frozen_embeddings_logistic_regression
length_bin,,5,124741,short (<20m),short (<20m),True,0.3946022288450277,length_bin,logistic_regression,openclip_frozen_embeddings_logistic_regression
length_bin,,5,124885,short (<20m),short (<6m),False,0.924976256040118,length_bin,logistic_regression,openclip_frozen_embeddings_logistic_regression
length_bin,,5,126159,short (<20m),short (<20m),True,0.8225289866800823,length_bin,logistic_regression,openclip_frozen_embeddings_logistic_regression
length_bin,,5,126780,short (<20m),short (<20m),True,0.8719852292808254,length_bin,logistic_regression,openclip_frozen_embeddings_logistic_regression
length_bin,,5,126833,short (<20m),short (<20m),True,0.6244590101441433,length_bin,logistic_regression,openclip_frozen_embeddings_logistic_regression
length_bin,,5,127149,short (<20m),long (>100m),False,0.8979809166624723,length_bin,logistic_regression,openclip_frozen_embeddings_logistic_regression
length_bin,,5,127229,short (<20m),long (>100m),False,0.8183789557988499,length_bin,logistic_regression,openclip_frozen_embeddings_logistic_regression
length_bin,,5,127756,short (<20m),medium (20-100m),False,0.3671568183903528,length_bin,logistic_regression,openclip_frozen_embeddings_logistic_regression
length_bin,,5,129399,long (>100m),medium (20-100m),False,0.9163583158243224,length_bin,logistic_regression,openclip_frozen_embeddings_logistic_regression
length_bin,,5,90486,long (>30m),medium (6-20m),False,0.5527134785701651,length_bin,logistic_regression,openclip_frozen_embeddings_logistic_regression
length_bin,,5,100338,medium (10-30m),long (>20m),False,0.93316898063106,length_bin,logistic_regression,openclip_frozen_embeddings_logistic_regression
length_bin,,5,100344,medium (10-30m),long (>20m),False,0.9997990558878326,length_bin,logistic_regression,openclip_frozen_embeddings_logistic_regression
length_bin,,5,107055,short (<10m),short (<20m),False,0.8520959451470617,length_bin,logistic_regression,openclip_frozen_embeddings_logistic_regression
length_bin,,5,107064,short (<10m),medium (20-100m),False,0.9223029890727505,length_bin,logistic_regression,openclip_frozen_embeddings_logistic_regression
length_bin,,5,109180,short (<10m),medium (6-20m),False,0.6670468686874107,length_bin,logistic_regression,openclip_frozen_embeddings_logistic_regression
length_bin,,5,109185,short (<10m),short (<10m),True,0.5510136061501237,length_bin,logistic_regression,openclip_frozen_embeddings_logistic_regression
length_bin,,5,114245,short (<10m),short (<6m),False,0.6095472477830579,length_bin,logistic_regression,openclip_frozen_embeddings_logistic_regression
length_bin,,5,126795,short (<10m),short (<20m),False,0.9788004641438198,length_bin,logistic_regression,openclip_frozen_embeddings_logistic_regression
length_bin,,5,127153,long (>30m),short (<20m),False,0.606046726024332,length_bin,logistic_regression,openclip_frozen_embeddings_logistic_regression
length_bin,,5,128874,short (<10m),short (<6m),False,0.8466203374945973,length_bin,logistic_regression,openclip_frozen_embeddings_logistic_regression
length_bin,,5,46496,long (>20m),short (<6m),False,0.514423243338892,length_bin,logistic_regression,openclip_frozen_embeddings_logistic_regression
length_bin,,5,61846,medium (5-20m),short (<6m),False,0.3723971842148783,length_bin,logistic_regression,openclip_frozen_embeddings_logistic_regression
length_bin,,5,66540,medium (5-20m),short (<20m),False,0.9035175280987952,length_bin,logistic_regression,openclip_frozen_embeddings_logistic_regression
length_bin,,5,120683,short (<20m),medium (6-20m),False,0.3813419341921817,length_bin,logistic_regression,openclip_frozen_embeddings_logistic_regression
length_bin,,5,107964,short (<5m),short (<5m),True,0.9452845920043589,length_bin,logistic_regression,openclip_frozen_embeddings_logistic_regression
length_bin,,5,107976,medium (5-20m),short (<5m),False,0.9810337923854886,length_bin,logistic_regression,openclip_frozen_embeddings_logistic_regression
length_bin,,5,48344,short (<6m),medium (6-20m),False,0.755965572827015,length_bin,logistic_regression,openclip_frozen_embeddings_logistic_regression
length_bin,,5,48345,short (<6m),short (<6m),True,0.9971776080323034,length_bin,logistic_regression,openclip_frozen_embeddings_logistic_regression
length_bin,,5,49063,medium (6-20m),short (<10m),False,0.6252845401977973,length_bin,logistic_regression,openclip_frozen_embeddings_logistic_regression
length_bin,,5,49497,medium (6-20m),medium (6-20m),True,0.7228226475146058,length_bin,logistic_regression,openclip_frozen_embeddings_logistic_regression
length_bin,,5,51526,medium (6-20m),medium (6-20m),True,0.8030905642176315,length_bin,logistic_regression,openclip_frozen_embeddings_logistic_regression
length_bin,,5,51858,medium (6-20m),medium (6-20m),True,0.9929607163467585,length_bin,logistic_regression,openclip_frozen_embeddings_logistic_regression
length_bin,,5,54327,medium (6-20m),short (<6m),False,0.5165333284469269,length_bin,logistic_regression,openclip_frozen_embeddings_logistic_regression
length_bin,,5,55465,medium (6-20m),medium (6-20m),True,0.9596532553583037,length_bin,logistic_regression,openclip_frozen_embeddings_logistic_regression
length_bin,,5,55640,medium (6-20m),medium (6-20m),True,0.9860205250174523,length_bin,logistic_regression,openclip_frozen_embeddings_logistic_regression
length_bin,,5,56468,medium (6-20m),long (>20m),False,0.5822946056158852,length_bin,logistic_regression,openclip_frozen_embeddings_logistic_regression
length_bin,,5,57118,medium (6-20m),medium (6-20m),True,0.9885496593389425,length_bin,logistic_regression,openclip_frozen_embeddings_logistic_regression
length_bin,,5,58955,medium (6-20m),medium (20-100m),False,0.9920935137773829,length_bin,logistic_regression,openclip_frozen_embeddings_logistic_regression
length_bin,,5,61003,medium (6-20m),long (>100m),False,0.7503128613579614,length_bin,logistic_regression,openclip_frozen_embeddings_logistic_regression
length_bin,,5,61499,medium (6-20m),medium (20-100m),False,0.9537375289579935,length_bin,logistic_regression,openclip_frozen_embeddings_logistic_regression
length_bin,,5,63066,long (>20m),medium (6-20m),False,0.9473187116842131,length_bin,logistic_regression,openclip_frozen_embeddings_logistic_regression
length_bin,,5,64643,medium (6-20m),medium (6-20m),True,0.9804388264452052,length_bin,logistic_regression,openclip_frozen_embeddings_logistic_regression
length_bin,,5,65789,long (>20m),long (>20m),True,0.9999962118678082,length_bin,logistic_regression,openclip_frozen_embeddings_logistic_regression
length_bin,,5,66207,long (>20m),medium (20-100m),False,0.8775569601928318,length_bin,logistic_regression,openclip_frozen_embeddings_logistic_regression
length_bin,,5,67205,long (>20m),long (>20m),True,0.8470575031570522,length_bin,logistic_regression,openclip_frozen_embeddings_logistic_regression
length_bin,,5,67206,medium (6-20m),long (>20m),False,0.4971080338981706,length_bin,logistic_regression,openclip_frozen_embeddings_logistic_regression
length_bin,,5,83116,medium (6-20m),short (<6m),False,0.7687313511564291,length_bin,logistic_regression,openclip_frozen_embeddings_logistic_regression
length_bin,,5,83140,short (<6m),short (<6m),True,0.8657273268421677,length_bin,logistic_regression,openclip_frozen_embeddings_logistic_regression
length_bin,,5,83513,medium (6-20m),short (<6m),False,0.9579078269004849,length_bin,logistic_regression,openclip_frozen_embeddings_logistic_regression
length_bin,,5,88254,medium (6-20m),short (<20m),False,0.8302473192832062,length_bin,logistic_regression,openclip_frozen_embeddings_logistic_regression
length_bin,,5,89452,short (<6m),short (<6m),True,0.9747305415505846,length_bin,logistic_regression,openclip_frozen_embeddings_logistic_regression
length_bin,,5,89580,short (<6m),short (<6m),True,0.9998645806632934,length_bin,logistic_regression,openclip_frozen_embeddings_logistic_regression
length_bin,,5,89596,short (<6m),short (<20m),False,0.7101826372903516,length_bin,logistic_regression,openclip_frozen_embeddings_logistic_regression
length_bin,,5,90539,short (<6m),medium (6-20m),False,0.7642245678368528,length_bin,logistic_regression,openclip_frozen_embeddings_logistic_regression
length_bin,,5,92033,medium (6-20m),medium (6-20m),True,0.9853506339039317,length_bin,logistic_regression,openclip_frozen_embeddings_logistic_regression
length_bin,,5,92149,short (<6m),short (<20m),False,0.9218146814827859,length_bin,logistic_regression,openclip_frozen_embeddings_logistic_regression
length_bin,,5,93036,short (<6m),medium (20-100m),False,0.9996633096258098,length_bin,logistic_regression,openclip_frozen_embeddings_logistic_regression
length_bin,,5,93038,short (<6m),medium (6-20m),False,0.7489397568665908,length_bin,logistic_regression,openclip_frozen_embeddings_logistic_regression
length_bin,,5,93043,short (<6m),long (>20m),False,0.7279326819526495,length_bin,logistic_regression,openclip_frozen_embeddings_logistic_regression
length_bin,,5,94177,short (<6m),short (<6m),True,0.9178641849014239,length_bin,logistic_regression,openclip_frozen_embeddings_logistic_regression
length_bin,,5,94777,short (<6m),medium (6-20m),False,0.59789169059847,length_bin,logistic_regression,openclip_frozen_embeddings_logistic_regression
length_bin,,5,94778,short (<6m),short (<6m),True,0.9214584690612337,length_bin,logistic_regression,openclip_frozen_embeddings_logistic_regression
length_bin,,5,94779,short (<6m),medium (6-20m),False,0.5209677692792692,length_bin,logistic_regression,openclip_frozen_embeddings_logistic_regression
length_bin,,5,97906,short (<6m),medium (6-20m),False,0.8116528389480142,length_bin,logistic_regression,openclip_frozen_embeddings_logistic_regression
length_bin,,5,98531,medium (6-20m),short (<6m),False,0.7605990546096788,length_bin,logistic_regression,openclip_frozen_embeddings_logistic_regression
length_bin,,5,99460,short (<6m),medium (6-20m),False,0.8879091150125452,length_bin,logistic_regression,openclip_frozen_embeddings_logistic_regression
length_bin,,5,99844,short (<6m),short (<6m),True,0.9999772153991191,length_bin,logistic_regression,openclip_frozen_embeddings_logistic_regression
length_bin,,5,99882,short (<6m),short (<6m),True,0.5993771461717575,length_bin,logistic_regression,openclip_frozen_embeddings_logistic_regression
length_bin,,5,100138,short (<6m),short (<20m),False,0.544491784355155,length_bin,logistic_regression,openclip_frozen_embeddings_logistic_regression
length_bin,,5,100269,medium (6-20m),long (>20m),False,0.4812534638970858,length_bin,logistic_regression,openclip_frozen_embeddings_logistic_regression
length_bin,,5,100313,medium (6-20m),short (<6m),False,0.8198705997904902,length_bin,logistic_regression,openclip_frozen_embeddings_logistic_regression
length_bin,,5,100347,short (<6m),short (<20m),False,0.5976243465097223,length_bin,logistic_regression,openclip_frozen_embeddings_logistic_regression
length_bin,,5,100475,medium (6-20m),medium (6-20m),True,0.5217387566112135,length_bin,logistic_regression,openclip_frozen_embeddings_logistic_regression
length_bin,,5,100479,short (<6m),long (>20m),False,0.8639652036532607,length_bin,logistic_regression,openclip_frozen_embeddings_logistic_regression
length_bin,,5,100791,short (<6m),medium (6-20m),False,0.990872435098511,length_bin,logistic_regression,openclip_frozen_embeddings_logistic_regression
length_bin,,5,101599,short (<6m),short (<6m),True,0.8641154690130413,length_bin,logistic_regression,openclip_frozen_embeddings_logistic_regression
length_bin,,5,102422,medium (6-20m),medium (6-20m),True,0.4996636710402286,length_bin,logistic_regression,openclip_frozen_embeddings_logistic_regression
length_bin,,5,105287,short (<6m),medium (20-100m),False,0.5259732316902149,length_bin,logistic_regression,openclip_frozen_embeddings_logistic_regression
length_bin,,5,106035,short (<6m),short (<6m),True,0.9277858019071001,length_bin,logistic_regression,openclip_frozen_embeddings_logistic_regression
length_bin,,5,106037,short (<6m),short (<20m),False,0.8839483010713555,length_bin,logistic_regression,openclip_frozen_embeddings_logistic_regression
length_bin,,5,106266,long (>20m),medium (6-20m),False,0.6634098900228086,length_bin,logistic_regression,openclip_frozen_embeddings_logistic_regression
length_bin,,5,106273,short (<6m),medium (5-20m),False,0.37605038585214456,length_bin,logistic_regression,openclip_frozen_embeddings_logistic_regression
length_bin,,5,106636,short (<6m),short (<6m),True,0.8187203519800684,length_bin,logistic_regression,openclip_frozen_embeddings_logistic_regression
length_bin,,5,106920,short (<6m),short (<20m),False,0.6379690562821982,length_bin,logistic_regression,openclip_frozen_embeddings_logistic_regression
length_bin,,5,107963,short (<6m),short (<20m),False,0.5050398207764005,length_bin,logistic_regression,openclip_frozen_embeddings_logistic_regression
length_bin,,5,107969,long (>20m),long (>20m),True,0.998482884498393,length_bin,logistic_regression,openclip_frozen_embeddings_logistic_regression
length_bin,,5,108037,long (>20m),long (>20m),True,0.9997549402344225,length_bin,logistic_regression,openclip_frozen_embeddings_logistic_regression
length_bin,,5,108662,short (<6m),short (<6m),True,0.8592094286508212,length_bin,logistic_regression,openclip_frozen_embeddings_logistic_regression
length_bin,,5,108665,short (<6m),short (<6m),True,0.7072614206985268,length_bin,logistic_regression,openclip_frozen_embeddings_logistic_regression
length_bin,,5,108731,short (<6m),short (<6m),True,0.7939245961129047,length_bin,logistic_regression,openclip_frozen_embeddings_logistic_regression
length_bin,,5,109167,medium (6-20m),short (<20m),False,0.8728751976438881,length_bin,logistic_regression,openclip_frozen_embeddings_logistic_regression
length_bin,,5,109172,short (<6m),short (<6m),True,0.9431033085427839,length_bin,logistic_regression,openclip_frozen_embeddings_logistic_regression
length_bin,,5,110131,short (<6m),short (<6m),True,0.988207049267462,length_bin,logistic_regression,openclip_frozen_embeddings_logistic_regression
length_bin,,5,110356,short (<6m),short (<6m),True,0.8627261493900761,length_bin,logistic_regression,openclip_frozen_embeddings_logistic_regression
length_bin,,5,110868,medium (6-20m),long (>100m),False,0.7958371577719732,length_bin,logistic_regression,openclip_frozen_embeddings_logistic_regression
length_bin,,5,111426,medium (6-20m),medium (6-20m),True,0.9219050753277259,length_bin,logistic_regression,openclip_frozen_embeddings_logistic_regression
length_bin,,5,111439,medium (6-20m),medium (6-20m),True,0.8205466761131085,length_bin,logistic_regression,openclip_frozen_embeddings_logistic_regression
length_bin,,5,112338,short (<6m),short (<6m),True,0.9601879016404934,length_bin,logistic_regression,openclip_frozen_embeddings_logistic_regression
length_bin,,5,112407,short (<6m),short (<6m),True,0.9632254910620847,length_bin,logistic_regression,openclip_frozen_embeddings_logistic_regression
length_bin,,5,113244,medium (6-20m),short (<6m),False,0.49990893420788535,length_bin,logistic_regression,openclip_frozen_embeddings_logistic_regression
length_bin,,5,113952,medium (6-20m),medium (6-20m),True,0.5407272038805317,length_bin,logistic_regression,openclip_frozen_embeddings_logistic_regression
length_bin,,5,114014,medium (6-20m),medium (6-20m),True,0.9439463153341271,length_bin,logistic_regression,openclip_frozen_embeddings_logistic_regression
length_bin,,5,114290,medium (6-20m),short (<6m),False,0.8730709642493013,length_bin,logistic_regression,openclip_frozen_embeddings_logistic_regression
length_bin,,5,114291,short (<6m),medium (20-100m),False,0.7181725876086991,length_bin,logistic_regression,openclip_frozen_embeddings_logistic_regression
length_bin,,5,114711,medium (6-20m),medium (6-20m),True,0.5241171565068438,length_bin,logistic_regression,openclip_frozen_embeddings_logistic_regression
length_bin,,5,114768,medium (6-20m),long (>20m),False,0.5201084460909926,length_bin,logistic_regression,openclip_frozen_embeddings_logistic_regression
length_bin,,5,114815,medium (6-20m),medium (6-20m),True,0.9878902133718511,length_bin,logistic_regression,openclip_frozen_embeddings_logistic_regression
length_bin,,5,114959,short (<6m),short (<6m),True,0.9607933860151668,length_bin,logistic_regression,openclip_frozen_embeddings_logistic_regression
length_bin,,5,115268,long (>20m),short (<6m),False,0.687744313420855,length_bin,logistic_regression,openclip_frozen_embeddings_logistic_regression
length_bin,,5,117195,medium (6-20m),medium (6-20m),True,0.7061080519317456,length_bin,logistic_regression,openclip_frozen_embeddings_logistic_regression
length_bin,,5,117200,short (<6m),medium (6-20m),False,0.9340852850595629,length_bin,logistic_regression,openclip_frozen_embeddings_logistic_regression
length_bin,,5,117221,short (<6m),short (<6m),True,0.5048036676883587,length_bin,logistic_regression,openclip_frozen_embeddings_logistic_regression
length_bin,,5,118248,short (<6m),short (<20m),False,0.9953293109406867,length_bin,logistic_regression,openclip_frozen_embeddings_logistic_regression
length_bin,,5,118923,medium (6-20m),medium (6-20m),True,0.9038394757121059,length_bin,logistic_regression,openclip_frozen_embeddings_logistic_regression
length_bin,,5,119811,short (<6m),short (<6m),True,0.6112340230161933,length_bin,logistic_regression,openclip_frozen_embeddings_logistic_regression
length_bin,,5,121689,short (<6m),long (>100m),False,0.8518613655240257,length_bin,logistic_regression,openclip_frozen_embeddings_logistic_regression
length_bin,,5,122180,short (<6m),short (<6m),True,0.8114129059788922,length_bin,logistic_regression,openclip_frozen_embeddings_logistic_regression
length_bin,,5,122223,medium (6-20m),short (<6m),False,0.9931244183496578,length_bin,logistic_regression,openclip_frozen_embeddings_logistic_regression
length_bin,,5,122442,short (<6m),short (<6m),True,0.8472126686689349,length_bin,logistic_regression,openclip_frozen_embeddings_logistic_regression
length_bin,,5,122825,short (<6m),short (<20m),False,0.9958044257131027,length_bin,logistic_regression,openclip_frozen_embeddings_logistic_regression
length_bin,,5,123161,medium (6-20m),long (>20m),False,0.9630917257375221,length_bin,logistic_regression,openclip_frozen_embeddings_logistic_regression
length_bin,,5,123352,medium (6-20m),medium (6-20m),True,0.9147195101951912,length_bin,logistic_regression,openclip_frozen_embeddings_logistic_regression
length_bin,,5,123364,medium (6-20m),medium (6-20m),True,0.9141015463219944,length_bin,logistic_regression,openclip_frozen_embeddings_logistic_regression
length_bin,,5,126564,medium (6-20m),medium (6-20m),True,0.3027649957903974,length_bin,logistic_regression,openclip_frozen_embeddings_logistic_regression
length_bin,,5,126709,short (<6m),short (<6m),True,0.8284612924898188,length_bin,logistic_regression,openclip_frozen_embeddings_logistic_regression
length_bin,,5,126740,short (<6m),short (<20m),False,0.7814782299758808,length_bin,logistic_regression,openclip_frozen_embeddings_logistic_regression
length_bin,,5,126806,medium (6-20m),short (<6m),False,0.8858283804144103,length_bin,logistic_regression,openclip_frozen_embeddings_logistic_regression
length_bin,,5,127136,medium (6-20m),medium (6-20m),True,0.81820378685639,length_bin,logistic_regression,openclip_frozen_embeddings_logistic_regression
length_bin,,5,127145,medium (6-20m),short (<6m),False,0.8012731762580524,length_bin,logistic_regression,openclip_frozen_embeddings_logistic_regression
length_bin,,5,127523,medium (6-20m),short (<20m),False,0.8290272822383304,length_bin,logistic_regression,openclip_frozen_embeddings_logistic_regression
length_bin,,5,127525,long (>20m),medium (20-100m),False,0.6757726278496925,length_bin,logistic_regression,openclip_frozen_embeddings_logistic_regression
