attribute,target_column,target_file,feature_file,task_type,strategy,classifier,splitter,fold,n_folds,asset_id,y_true,y_pred,is_correct
attr_bridge_type,attr_bridge_type,data/processed/train/attr_bridge_type_train.csv,data/features/dinov3_vitb16_remaining_attributes_assets.csv,classification,dinov3_frozen_embeddings_linear_svm,linear_svm,StratifiedGroupKFold,1,5,61734,Beam,Beam,True
attr_bridge_type,attr_bridge_type,data/processed/train/attr_bridge_type_train.csv,data/features/dinov3_vitb16_remaining_attributes_assets.csv,classification,dinov3_frozen_embeddings_linear_svm,linear_svm,StratifiedGroupKFold,1,5,85171,Truss,Beam,False
attr_bridge_type,attr_bridge_type,data/processed/train/attr_bridge_type_train.csv,data/features/dinov3_vitb16_remaining_attributes_assets.csv,classification,dinov3_frozen_embeddings_linear_svm,linear_svm,StratifiedGroupKFold,1,5,86083,Beam,Beam,True
attr_bridge_type,attr_bridge_type,data/processed/train/attr_bridge_type_train.csv,data/features/dinov3_vitb16_remaining_attributes_assets.csv,classification,dinov3_frozen_embeddings_linear_svm,linear_svm,StratifiedGroupKFold,1,5,86099,Beam,Beam,True
attr_bridge_type,attr_bridge_type,data/processed/train/attr_bridge_type_train.csv,data/features/dinov3_vitb16_remaining_attributes_assets.csv,classification,dinov3_frozen_embeddings_linear_svm,linear_svm,StratifiedGroupKFold,1,5,86152,Beam,Beam,True
attr_bridge_type,attr_bridge_type,data/processed/train/attr_bridge_type_train.csv,data/features/dinov3_vitb16_remaining_attributes_assets.csv,classification,dinov3_frozen_embeddings_linear_svm,linear_svm,StratifiedGroupKFold,1,5,89584,Beam,Beam,True
attr_bridge_type,attr_bridge_type,data/processed/train/attr_bridge_type_train.csv,data/features/dinov3_vitb16_remaining_attributes_assets.csv,classification,dinov3_frozen_embeddings_linear_svm,linear_svm,StratifiedGroupKFold,1,5,89591,Beam,Beam,True
attr_bridge_type,attr_bridge_type,data/processed/train/attr_bridge_type_train.csv,data/features/dinov3_vitb16_remaining_attributes_assets.csv,classification,dinov3_frozen_embeddings_linear_svm,linear_svm,StratifiedGroupKFold,1,5,89595,Beam,Beam,True
attr_bridge_type,attr_bridge_type,data/processed/train/attr_bridge_type_train.csv,data/features/dinov3_vitb16_remaining_attributes_assets.csv,classification,dinov3_frozen_embeddings_linear_svm,linear_svm,StratifiedGroupKFold,1,5,89600,Beam,Beam,True
attr_bridge_type,attr_bridge_type,data/processed/train/attr_bridge_type_train.csv,data/features/dinov3_vitb16_remaining_attributes_assets.csv,classification,dinov3_frozen_embeddings_linear_svm,linear_svm,StratifiedGroupKFold,1,5,100551,Beam,Beam,True
attr_bridge_type,attr_bridge_type,data/processed/train/attr_bridge_type_train.csv,data/features/dinov3_vitb16_remaining_attributes_assets.csv,classification,dinov3_frozen_embeddings_linear_svm,linear_svm,StratifiedGroupKFold,1,5,110992,Beam,Beam,True
attr_bridge_type,attr_bridge_type,data/processed/train/attr_bridge_type_train.csv,data/features/dinov3_vitb16_remaining_attributes_assets.csv,classification,dinov3_frozen_embeddings_linear_svm,linear_svm,StratifiedGroupKFold,1,5,113189,Beam,Beam,True
attr_bridge_type,attr_bridge_type,data/processed/train/attr_bridge_type_train.csv,data/features/dinov3_vitb16_remaining_attributes_assets.csv,classification,dinov3_frozen_embeddings_linear_svm,linear_svm,StratifiedGroupKFold,1,5,128876,Truss,Beam,False
attr_bridge_type,attr_bridge_type,data/processed/train/attr_bridge_type_train.csv,data/features/dinov3_vitb16_remaining_attributes_assets.csv,classification,dinov3_frozen_embeddings_linear_svm,linear_svm,StratifiedGroupKFold,1,5,46926,Beam,Beam,True
attr_bridge_type,attr_bridge_type,data/processed/train/attr_bridge_type_train.csv,data/features/dinov3_vitb16_remaining_attributes_assets.csv,classification,dinov3_frozen_embeddings_linear_svm,linear_svm,StratifiedGroupKFold,1,5,47636,Beam,Beam,True
attr_bridge_type,attr_bridge_type,data/processed/train/attr_bridge_type_train.csv,data/features/dinov3_vitb16_remaining_attributes_assets.csv,classification,dinov3_frozen_embeddings_linear_svm,linear_svm,StratifiedGroupKFold,1,5,48296,Beam,Beam,True
attr_bridge_type,attr_bridge_type,data/processed/train/attr_bridge_type_train.csv,data/features/dinov3_vitb16_remaining_attributes_assets.csv,classification,dinov3_frozen_embeddings_linear_svm,linear_svm,StratifiedGroupKFold,1,5,48488,Beam,Beam,True
attr_bridge_type,attr_bridge_type,data/processed/train/attr_bridge_type_train.csv,data/features/dinov3_vitb16_remaining_attributes_assets.csv,classification,dinov3_frozen_embeddings_linear_svm,linear_svm,StratifiedGroupKFold,1,5,49059,Beam,Beam,True
attr_bridge_type,attr_bridge_type,data/processed/train/attr_bridge_type_train.csv,data/features/dinov3_vitb16_remaining_attributes_assets.csv,classification,dinov3_frozen_embeddings_linear_svm,linear_svm,StratifiedGroupKFold,1,5,49244,Beam,Beam,True
attr_bridge_type,attr_bridge_type,data/processed/train/attr_bridge_type_train.csv,data/features/dinov3_vitb16_remaining_attributes_assets.csv,classification,dinov3_frozen_embeddings_linear_svm,linear_svm,StratifiedGroupKFold,1,5,49497,Beam,Beam,True
attr_bridge_type,attr_bridge_type,data/processed/train/attr_bridge_type_train.csv,data/features/dinov3_vitb16_remaining_attributes_assets.csv,classification,dinov3_frozen_embeddings_linear_svm,linear_svm,StratifiedGroupKFold,1,5,53195,Beam,Truss,False
attr_bridge_type,attr_bridge_type,data/processed/train/attr_bridge_type_train.csv,data/features/dinov3_vitb16_remaining_attributes_assets.csv,classification,dinov3_frozen_embeddings_linear_svm,linear_svm,StratifiedGroupKFold,1,5,55115,Beam,Truss,False
attr_bridge_type,attr_bridge_type,data/processed/train/attr_bridge_type_train.csv,data/features/dinov3_vitb16_remaining_attributes_assets.csv,classification,dinov3_frozen_embeddings_linear_svm,linear_svm,StratifiedGroupKFold,1,5,56468,Beam,Beam,True
attr_bridge_type,attr_bridge_type,data/processed/train/attr_bridge_type_train.csv,data/features/dinov3_vitb16_remaining_attributes_assets.csv,classification,dinov3_frozen_embeddings_linear_svm,linear_svm,StratifiedGroupKFold,1,5,56469,Beam,Beam,True
attr_bridge_type,attr_bridge_type,data/processed/train/attr_bridge_type_train.csv,data/features/dinov3_vitb16_remaining_attributes_assets.csv,classification,dinov3_frozen_embeddings_linear_svm,linear_svm,StratifiedGroupKFold,1,5,57834,Beam,Truss,False
attr_bridge_type,attr_bridge_type,data/processed/train/attr_bridge_type_train.csv,data/features/dinov3_vitb16_remaining_attributes_assets.csv,classification,dinov3_frozen_embeddings_linear_svm,linear_svm,StratifiedGroupKFold,1,5,57835,Beam,Truss,False
attr_bridge_type,attr_bridge_type,data/processed/train/attr_bridge_type_train.csv,data/features/dinov3_vitb16_remaining_attributes_assets.csv,classification,dinov3_frozen_embeddings_linear_svm,linear_svm,StratifiedGroupKFold,1,5,57858,Truss,Beam,False
attr_bridge_type,attr_bridge_type,data/processed/train/attr_bridge_type_train.csv,data/features/dinov3_vitb16_remaining_attributes_assets.csv,classification,dinov3_frozen_embeddings_linear_svm,linear_svm,StratifiedGroupKFold,1,5,58161,Beam,Truss,False
attr_bridge_type,attr_bridge_type,data/processed/train/attr_bridge_type_train.csv,data/features/dinov3_vitb16_remaining_attributes_assets.csv,classification,dinov3_frozen_embeddings_linear_svm,linear_svm,StratifiedGroupKFold,1,5,58955,Beam,Beam,True
attr_bridge_type,attr_bridge_type,data/processed/train/attr_bridge_type_train.csv,data/features/dinov3_vitb16_remaining_attributes_assets.csv,classification,dinov3_frozen_embeddings_linear_svm,linear_svm,StratifiedGroupKFold,1,5,63539,Beam,Beam,True
attr_bridge_type,attr_bridge_type,data/processed/train/attr_bridge_type_train.csv,data/features/dinov3_vitb16_remaining_attributes_assets.csv,classification,dinov3_frozen_embeddings_linear_svm,linear_svm,StratifiedGroupKFold,1,5,63597,Suspension,Suspension,True
attr_bridge_type,attr_bridge_type,data/processed/train/attr_bridge_type_train.csv,data/features/dinov3_vitb16_remaining_attributes_assets.csv,classification,dinov3_frozen_embeddings_linear_svm,linear_svm,StratifiedGroupKFold,1,5,64126,Fallen Tree,Beam,False
attr_bridge_type,attr_bridge_type,data/processed/train/attr_bridge_type_train.csv,data/features/dinov3_vitb16_remaining_attributes_assets.csv,classification,dinov3_frozen_embeddings_linear_svm,linear_svm,StratifiedGroupKFold,1,5,65423,Beam,Truss,False
attr_bridge_type,attr_bridge_type,data/processed/train/attr_bridge_type_train.csv,data/features/dinov3_vitb16_remaining_attributes_assets.csv,classification,dinov3_frozen_embeddings_linear_svm,linear_svm,StratifiedGroupKFold,1,5,65789,Suspension,Suspension,True
attr_bridge_type,attr_bridge_type,data/processed/train/attr_bridge_type_train.csv,data/features/dinov3_vitb16_remaining_attributes_assets.csv,classification,dinov3_frozen_embeddings_linear_svm,linear_svm,StratifiedGroupKFold,1,5,66917,Beam,Beam,True
attr_bridge_type,attr_bridge_type,data/processed/train/attr_bridge_type_train.csv,data/features/dinov3_vitb16_remaining_attributes_assets.csv,classification,dinov3_frozen_embeddings_linear_svm,linear_svm,StratifiedGroupKFold,1,5,83515,Beam,Beam,True
attr_bridge_type,attr_bridge_type,data/processed/train/attr_bridge_type_train.csv,data/features/dinov3_vitb16_remaining_attributes_assets.csv,classification,dinov3_frozen_embeddings_linear_svm,linear_svm,StratifiedGroupKFold,1,5,83937,Beam,Beam,True
attr_bridge_type,attr_bridge_type,data/processed/train/attr_bridge_type_train.csv,data/features/dinov3_vitb16_remaining_attributes_assets.csv,classification,dinov3_frozen_embeddings_linear_svm,linear_svm,StratifiedGroupKFold,1,5,85149,Truss,Beam,False
attr_bridge_type,attr_bridge_type,data/processed/train/attr_bridge_type_train.csv,data/features/dinov3_vitb16_remaining_attributes_assets.csv,classification,dinov3_frozen_embeddings_linear_svm,linear_svm,StratifiedGroupKFold,1,5,86599,Truss,Truss,True
attr_bridge_type,attr_bridge_type,data/processed/train/attr_bridge_type_train.csv,data/features/dinov3_vitb16_remaining_attributes_assets.csv,classification,dinov3_frozen_embeddings_linear_svm,linear_svm,StratifiedGroupKFold,1,5,89438,Beam,Beam,True
attr_bridge_type,attr_bridge_type,data/processed/train/attr_bridge_type_train.csv,data/features/dinov3_vitb16_remaining_attributes_assets.csv,classification,dinov3_frozen_embeddings_linear_svm,linear_svm,StratifiedGroupKFold,1,5,89445,Beam,Beam,True
attr_bridge_type,attr_bridge_type,data/processed/train/attr_bridge_type_train.csv,data/features/dinov3_vitb16_remaining_attributes_assets.csv,classification,dinov3_frozen_embeddings_linear_svm,linear_svm,StratifiedGroupKFold,1,5,91832,Truss,Beam,False
attr_bridge_type,attr_bridge_type,data/processed/train/attr_bridge_type_train.csv,data/features/dinov3_vitb16_remaining_attributes_assets.csv,classification,dinov3_frozen_embeddings_linear_svm,linear_svm,StratifiedGroupKFold,1,5,92854,Beam,Beam,True
attr_bridge_type,attr_bridge_type,data/processed/train/attr_bridge_type_train.csv,data/features/dinov3_vitb16_remaining_attributes_assets.csv,classification,dinov3_frozen_embeddings_linear_svm,linear_svm,StratifiedGroupKFold,1,5,92872,Beam,Beam,True
attr_bridge_type,attr_bridge_type,data/processed/train/attr_bridge_type_train.csv,data/features/dinov3_vitb16_remaining_attributes_assets.csv,classification,dinov3_frozen_embeddings_linear_svm,linear_svm,StratifiedGroupKFold,1,5,93041,Beam,Beam,True
attr_bridge_type,attr_bridge_type,data/processed/train/attr_bridge_type_train.csv,data/features/dinov3_vitb16_remaining_attributes_assets.csv,classification,dinov3_frozen_embeddings_linear_svm,linear_svm,StratifiedGroupKFold,1,5,94170,Beam,Beam,True
attr_bridge_type,attr_bridge_type,data/processed/train/attr_bridge_type_train.csv,data/features/dinov3_vitb16_remaining_attributes_assets.csv,classification,dinov3_frozen_embeddings_linear_svm,linear_svm,StratifiedGroupKFold,1,5,95938,Truss,Truss,True
attr_bridge_type,attr_bridge_type,data/processed/train/attr_bridge_type_train.csv,data/features/dinov3_vitb16_remaining_attributes_assets.csv,classification,dinov3_frozen_embeddings_linear_svm,linear_svm,StratifiedGroupKFold,1,5,97816,Beam,Beam,True
attr_bridge_type,attr_bridge_type,data/processed/train/attr_bridge_type_train.csv,data/features/dinov3_vitb16_remaining_attributes_assets.csv,classification,dinov3_frozen_embeddings_linear_svm,linear_svm,StratifiedGroupKFold,1,5,99457,Beam,Beam,True
attr_bridge_type,attr_bridge_type,data/processed/train/attr_bridge_type_train.csv,data/features/dinov3_vitb16_remaining_attributes_assets.csv,classification,dinov3_frozen_embeddings_linear_svm,linear_svm,StratifiedGroupKFold,1,5,100313,Beam,Beam,True
attr_bridge_type,attr_bridge_type,data/processed/train/attr_bridge_type_train.csv,data/features/dinov3_vitb16_remaining_attributes_assets.csv,classification,dinov3_frozen_embeddings_linear_svm,linear_svm,StratifiedGroupKFold,1,5,100446,Beam,Beam,True
attr_bridge_type,attr_bridge_type,data/processed/train/attr_bridge_type_train.csv,data/features/dinov3_vitb16_remaining_attributes_assets.csv,classification,dinov3_frozen_embeddings_linear_svm,linear_svm,StratifiedGroupKFold,1,5,100582,Beam,Beam,True
attr_bridge_type,attr_bridge_type,data/processed/train/attr_bridge_type_train.csv,data/features/dinov3_vitb16_remaining_attributes_assets.csv,classification,dinov3_frozen_embeddings_linear_svm,linear_svm,StratifiedGroupKFold,1,5,100740,Truss,Beam,False
attr_bridge_type,attr_bridge_type,data/processed/train/attr_bridge_type_train.csv,data/features/dinov3_vitb16_remaining_attributes_assets.csv,classification,dinov3_frozen_embeddings_linear_svm,linear_svm,StratifiedGroupKFold,1,5,100757,Beam,Beam,True
attr_bridge_type,attr_bridge_type,data/processed/train/attr_bridge_type_train.csv,data/features/dinov3_vitb16_remaining_attributes_assets.csv,classification,dinov3_frozen_embeddings_linear_svm,linear_svm,StratifiedGroupKFold,1,5,101831,Beam,Beam,True
attr_bridge_type,attr_bridge_type,data/processed/train/attr_bridge_type_train.csv,data/features/dinov3_vitb16_remaining_attributes_assets.csv,classification,dinov3_frozen_embeddings_linear_svm,linear_svm,StratifiedGroupKFold,1,5,101890,Beam,Beam,True
attr_bridge_type,attr_bridge_type,data/processed/train/attr_bridge_type_train.csv,data/features/dinov3_vitb16_remaining_attributes_assets.csv,classification,dinov3_frozen_embeddings_linear_svm,linear_svm,StratifiedGroupKFold,1,5,102344,Beam,Beam,True
attr_bridge_type,attr_bridge_type,data/processed/train/attr_bridge_type_train.csv,data/features/dinov3_vitb16_remaining_attributes_assets.csv,classification,dinov3_frozen_embeddings_linear_svm,linear_svm,StratifiedGroupKFold,1,5,102347,Beam,Beam,True
attr_bridge_type,attr_bridge_type,data/processed/train/attr_bridge_type_train.csv,data/features/dinov3_vitb16_remaining_attributes_assets.csv,classification,dinov3_frozen_embeddings_linear_svm,linear_svm,StratifiedGroupKFold,1,5,102436,Beam,Beam,True
attr_bridge_type,attr_bridge_type,data/processed/train/attr_bridge_type_train.csv,data/features/dinov3_vitb16_remaining_attributes_assets.csv,classification,dinov3_frozen_embeddings_linear_svm,linear_svm,StratifiedGroupKFold,1,5,102842,Beam,Beam,True
attr_bridge_type,attr_bridge_type,data/processed/train/attr_bridge_type_train.csv,data/features/dinov3_vitb16_remaining_attributes_assets.csv,classification,dinov3_frozen_embeddings_linear_svm,linear_svm,StratifiedGroupKFold,1,5,102844,Beam,Beam,True
attr_bridge_type,attr_bridge_type,data/processed/train/attr_bridge_type_train.csv,data/features/dinov3_vitb16_remaining_attributes_assets.csv,classification,dinov3_frozen_embeddings_linear_svm,linear_svm,StratifiedGroupKFold,1,5,103711,Beam,Beam,True
attr_bridge_type,attr_bridge_type,data/processed/train/attr_bridge_type_train.csv,data/features/dinov3_vitb16_remaining_attributes_assets.csv,classification,dinov3_frozen_embeddings_linear_svm,linear_svm,StratifiedGroupKFold,1,5,104066,Beam,Beam,True
attr_bridge_type,attr_bridge_type,data/processed/train/attr_bridge_type_train.csv,data/features/dinov3_vitb16_remaining_attributes_assets.csv,classification,dinov3_frozen_embeddings_linear_svm,linear_svm,StratifiedGroupKFold,1,5,104858,Beam,Beam,True
attr_bridge_type,attr_bridge_type,data/processed/train/attr_bridge_type_train.csv,data/features/dinov3_vitb16_remaining_attributes_assets.csv,classification,dinov3_frozen_embeddings_linear_svm,linear_svm,StratifiedGroupKFold,1,5,105440,Beam,Beam,True
attr_bridge_type,attr_bridge_type,data/processed/train/attr_bridge_type_train.csv,data/features/dinov3_vitb16_remaining_attributes_assets.csv,classification,dinov3_frozen_embeddings_linear_svm,linear_svm,StratifiedGroupKFold,1,5,106035,Beam,Beam,True
attr_bridge_type,attr_bridge_type,data/processed/train/attr_bridge_type_train.csv,data/features/dinov3_vitb16_remaining_attributes_assets.csv,classification,dinov3_frozen_embeddings_linear_svm,linear_svm,StratifiedGroupKFold,1,5,106045,Beam,Beam,True
attr_bridge_type,attr_bridge_type,data/processed/train/attr_bridge_type_train.csv,data/features/dinov3_vitb16_remaining_attributes_assets.csv,classification,dinov3_frozen_embeddings_linear_svm,linear_svm,StratifiedGroupKFold,1,5,106054,Beam,Beam,True
attr_bridge_type,attr_bridge_type,data/processed/train/attr_bridge_type_train.csv,data/features/dinov3_vitb16_remaining_attributes_assets.csv,classification,dinov3_frozen_embeddings_linear_svm,linear_svm,StratifiedGroupKFold,1,5,106636,Beam,Beam,True
attr_bridge_type,attr_bridge_type,data/processed/train/attr_bridge_type_train.csv,data/features/dinov3_vitb16_remaining_attributes_assets.csv,classification,dinov3_frozen_embeddings_linear_svm,linear_svm,StratifiedGroupKFold,1,5,107117,Beam,Beam,True
attr_bridge_type,attr_bridge_type,data/processed/train/attr_bridge_type_train.csv,data/features/dinov3_vitb16_remaining_attributes_assets.csv,classification,dinov3_frozen_embeddings_linear_svm,linear_svm,StratifiedGroupKFold,1,5,107877,Beam,Beam,True
attr_bridge_type,attr_bridge_type,data/processed/train/attr_bridge_type_train.csv,data/features/dinov3_vitb16_remaining_attributes_assets.csv,classification,dinov3_frozen_embeddings_linear_svm,linear_svm,StratifiedGroupKFold,1,5,107885,Beam,Beam,True
attr_bridge_type,attr_bridge_type,data/processed/train/attr_bridge_type_train.csv,data/features/dinov3_vitb16_remaining_attributes_assets.csv,classification,dinov3_frozen_embeddings_linear_svm,linear_svm,StratifiedGroupKFold,1,5,107890,Beam,Beam,True
attr_bridge_type,attr_bridge_type,data/processed/train/attr_bridge_type_train.csv,data/features/dinov3_vitb16_remaining_attributes_assets.csv,classification,dinov3_frozen_embeddings_linear_svm,linear_svm,StratifiedGroupKFold,1,5,107907,Beam,Beam,True
attr_bridge_type,attr_bridge_type,data/processed/train/attr_bridge_type_train.csv,data/features/dinov3_vitb16_remaining_attributes_assets.csv,classification,dinov3_frozen_embeddings_linear_svm,linear_svm,StratifiedGroupKFold,1,5,107952,Beam,Beam,True
attr_bridge_type,attr_bridge_type,data/processed/train/attr_bridge_type_train.csv,data/features/dinov3_vitb16_remaining_attributes_assets.csv,classification,dinov3_frozen_embeddings_linear_svm,linear_svm,StratifiedGroupKFold,1,5,107955,Beam,Truss,False
attr_bridge_type,attr_bridge_type,data/processed/train/attr_bridge_type_train.csv,data/features/dinov3_vitb16_remaining_attributes_assets.csv,classification,dinov3_frozen_embeddings_linear_svm,linear_svm,StratifiedGroupKFold,1,5,108663,Beam,Beam,True
attr_bridge_type,attr_bridge_type,data/processed/train/attr_bridge_type_train.csv,data/features/dinov3_vitb16_remaining_attributes_assets.csv,classification,dinov3_frozen_embeddings_linear_svm,linear_svm,StratifiedGroupKFold,1,5,108666,Beam,Beam,True
attr_bridge_type,attr_bridge_type,data/processed/train/attr_bridge_type_train.csv,data/features/dinov3_vitb16_remaining_attributes_assets.csv,classification,dinov3_frozen_embeddings_linear_svm,linear_svm,StratifiedGroupKFold,1,5,109536,Beam,Beam,True
attr_bridge_type,attr_bridge_type,data/processed/train/attr_bridge_type_train.csv,data/features/dinov3_vitb16_remaining_attributes_assets.csv,classification,dinov3_frozen_embeddings_linear_svm,linear_svm,StratifiedGroupKFold,1,5,110137,Beam,Beam,True
attr_bridge_type,attr_bridge_type,data/processed/train/attr_bridge_type_train.csv,data/features/dinov3_vitb16_remaining_attributes_assets.csv,classification,dinov3_frozen_embeddings_linear_svm,linear_svm,StratifiedGroupKFold,1,5,110139,Beam,Beam,True
attr_bridge_type,attr_bridge_type,data/processed/train/attr_bridge_type_train.csv,data/features/dinov3_vitb16_remaining_attributes_assets.csv,classification,dinov3_frozen_embeddings_linear_svm,linear_svm,StratifiedGroupKFold,1,5,110171,Beam,Beam,True
attr_bridge_type,attr_bridge_type,data/processed/train/attr_bridge_type_train.csv,data/features/dinov3_vitb16_remaining_attributes_assets.csv,classification,dinov3_frozen_embeddings_linear_svm,linear_svm,StratifiedGroupKFold,1,5,110775,Beam,Beam,True
attr_bridge_type,attr_bridge_type,data/processed/train/attr_bridge_type_train.csv,data/features/dinov3_vitb16_remaining_attributes_assets.csv,classification,dinov3_frozen_embeddings_linear_svm,linear_svm,StratifiedGroupKFold,1,5,110805,Beam,Beam,True
attr_bridge_type,attr_bridge_type,data/processed/train/attr_bridge_type_train.csv,data/features/dinov3_vitb16_remaining_attributes_assets.csv,classification,dinov3_frozen_embeddings_linear_svm,linear_svm,StratifiedGroupKFold,1,5,110839,Beam,Beam,True
attr_bridge_type,attr_bridge_type,data/processed/train/attr_bridge_type_train.csv,data/features/dinov3_vitb16_remaining_attributes_assets.csv,classification,dinov3_frozen_embeddings_linear_svm,linear_svm,StratifiedGroupKFold,1,5,111862,Beam,Beam,True
attr_bridge_type,attr_bridge_type,data/processed/train/attr_bridge_type_train.csv,data/features/dinov3_vitb16_remaining_attributes_assets.csv,classification,dinov3_frozen_embeddings_linear_svm,linear_svm,StratifiedGroupKFold,1,5,112369,Beam,Beam,True
attr_bridge_type,attr_bridge_type,data/processed/train/attr_bridge_type_train.csv,data/features/dinov3_vitb16_remaining_attributes_assets.csv,classification,dinov3_frozen_embeddings_linear_svm,linear_svm,StratifiedGroupKFold,1,5,113800,Beam,Beam,True
attr_bridge_type,attr_bridge_type,data/processed/train/attr_bridge_type_train.csv,data/features/dinov3_vitb16_remaining_attributes_assets.csv,classification,dinov3_frozen_embeddings_linear_svm,linear_svm,StratifiedGroupKFold,1,5,113803,Beam,Beam,True
attr_bridge_type,attr_bridge_type,data/processed/train/attr_bridge_type_train.csv,data/features/dinov3_vitb16_remaining_attributes_assets.csv,classification,dinov3_frozen_embeddings_linear_svm,linear_svm,StratifiedGroupKFold,1,5,113804,Beam,Beam,True
attr_bridge_type,attr_bridge_type,data/processed/train/attr_bridge_type_train.csv,data/features/dinov3_vitb16_remaining_attributes_assets.csv,classification,dinov3_frozen_embeddings_linear_svm,linear_svm,StratifiedGroupKFold,1,5,113805,Beam,Beam,True
attr_bridge_type,attr_bridge_type,data/processed/train/attr_bridge_type_train.csv,data/features/dinov3_vitb16_remaining_attributes_assets.csv,classification,dinov3_frozen_embeddings_linear_svm,linear_svm,StratifiedGroupKFold,1,5,113952,Beam,Beam,True
attr_bridge_type,attr_bridge_type,data/processed/train/attr_bridge_type_train.csv,data/features/dinov3_vitb16_remaining_attributes_assets.csv,classification,dinov3_frozen_embeddings_linear_svm,linear_svm,StratifiedGroupKFold,1,5,113958,Beam,Beam,True
attr_bridge_type,attr_bridge_type,data/processed/train/attr_bridge_type_train.csv,data/features/dinov3_vitb16_remaining_attributes_assets.csv,classification,dinov3_frozen_embeddings_linear_svm,linear_svm,StratifiedGroupKFold,1,5,114287,Beam,Beam,True
attr_bridge_type,attr_bridge_type,data/processed/train/attr_bridge_type_train.csv,data/features/dinov3_vitb16_remaining_attributes_assets.csv,classification,dinov3_frozen_embeddings_linear_svm,linear_svm,StratifiedGroupKFold,1,5,114768,Beam,Truss,False
attr_bridge_type,attr_bridge_type,data/processed/train/attr_bridge_type_train.csv,data/features/dinov3_vitb16_remaining_attributes_assets.csv,classification,dinov3_frozen_embeddings_linear_svm,linear_svm,StratifiedGroupKFold,1,5,114960,Beam,Beam,True
attr_bridge_type,attr_bridge_type,data/processed/train/attr_bridge_type_train.csv,data/features/dinov3_vitb16_remaining_attributes_assets.csv,classification,dinov3_frozen_embeddings_linear_svm,linear_svm,StratifiedGroupKFold,1,5,114963,Beam,Beam,True
attr_bridge_type,attr_bridge_type,data/processed/train/attr_bridge_type_train.csv,data/features/dinov3_vitb16_remaining_attributes_assets.csv,classification,dinov3_frozen_embeddings_linear_svm,linear_svm,StratifiedGroupKFold,1,5,114996,Truss,Truss,True
attr_bridge_type,attr_bridge_type,data/processed/train/attr_bridge_type_train.csv,data/features/dinov3_vitb16_remaining_attributes_assets.csv,classification,dinov3_frozen_embeddings_linear_svm,linear_svm,StratifiedGroupKFold,1,5,115211,Beam,Beam,True
attr_bridge_type,attr_bridge_type,data/processed/train/attr_bridge_type_train.csv,data/features/dinov3_vitb16_remaining_attributes_assets.csv,classification,dinov3_frozen_embeddings_linear_svm,linear_svm,StratifiedGroupKFold,1,5,118246,Beam,Beam,True
attr_bridge_type,attr_bridge_type,data/processed/train/attr_bridge_type_train.csv,data/features/dinov3_vitb16_remaining_attributes_assets.csv,classification,dinov3_frozen_embeddings_linear_svm,linear_svm,StratifiedGroupKFold,1,5,118248,Beam,Beam,True
attr_bridge_type,attr_bridge_type,data/processed/train/attr_bridge_type_train.csv,data/features/dinov3_vitb16_remaining_attributes_assets.csv,classification,dinov3_frozen_embeddings_linear_svm,linear_svm,StratifiedGroupKFold,1,5,119844,Beam,Beam,True
attr_bridge_type,attr_bridge_type,data/processed/train/attr_bridge_type_train.csv,data/features/dinov3_vitb16_remaining_attributes_assets.csv,classification,dinov3_frozen_embeddings_linear_svm,linear_svm,StratifiedGroupKFold,1,5,120686,Beam,Beam,True
attr_bridge_type,attr_bridge_type,data/processed/train/attr_bridge_type_train.csv,data/features/dinov3_vitb16_remaining_attributes_assets.csv,classification,dinov3_frozen_embeddings_linear_svm,linear_svm,StratifiedGroupKFold,1,5,121618,Truss,Beam,False
attr_bridge_type,attr_bridge_type,data/processed/train/attr_bridge_type_train.csv,data/features/dinov3_vitb16_remaining_attributes_assets.csv,classification,dinov3_frozen_embeddings_linear_svm,linear_svm,StratifiedGroupKFold,1,5,102350,Beam,Beam,True
attr_bridge_type,attr_bridge_type,data/processed/train/attr_bridge_type_train.csv,data/features/dinov3_vitb16_remaining_attributes_assets.csv,classification,dinov3_frozen_embeddings_linear_svm,linear_svm,StratifiedGroupKFold,1,5,122034,Beam,Beam,True
attr_bridge_type,attr_bridge_type,data/processed/train/attr_bridge_type_train.csv,data/features/dinov3_vitb16_remaining_attributes_assets.csv,classification,dinov3_frozen_embeddings_linear_svm,linear_svm,StratifiedGroupKFold,1,5,122999,Fallen Tree,Beam,False
attr_bridge_type,attr_bridge_type,data/processed/train/attr_bridge_type_train.csv,data/features/dinov3_vitb16_remaining_attributes_assets.csv,classification,dinov3_frozen_embeddings_linear_svm,linear_svm,StratifiedGroupKFold,1,5,123000,Beam,Beam,True
attr_bridge_type,attr_bridge_type,data/processed/train/attr_bridge_type_train.csv,data/features/dinov3_vitb16_remaining_attributes_assets.csv,classification,dinov3_frozen_embeddings_linear_svm,linear_svm,StratifiedGroupKFold,1,5,123164,Beam,Beam,True
attr_bridge_type,attr_bridge_type,data/processed/train/attr_bridge_type_train.csv,data/features/dinov3_vitb16_remaining_attributes_assets.csv,classification,dinov3_frozen_embeddings_linear_svm,linear_svm,StratifiedGroupKFold,1,5,123219,Beam,Beam,True
attr_bridge_type,attr_bridge_type,data/processed/train/attr_bridge_type_train.csv,data/features/dinov3_vitb16_remaining_attributes_assets.csv,classification,dinov3_frozen_embeddings_linear_svm,linear_svm,StratifiedGroupKFold,1,5,123309,Beam,Beam,True
attr_bridge_type,attr_bridge_type,data/processed/train/attr_bridge_type_train.csv,data/features/dinov3_vitb16_remaining_attributes_assets.csv,classification,dinov3_frozen_embeddings_linear_svm,linear_svm,StratifiedGroupKFold,1,5,123352,Beam,Beam,True
attr_bridge_type,attr_bridge_type,data/processed/train/attr_bridge_type_train.csv,data/features/dinov3_vitb16_remaining_attributes_assets.csv,classification,dinov3_frozen_embeddings_linear_svm,linear_svm,StratifiedGroupKFold,1,5,123364,Beam,Beam,True
attr_bridge_type,attr_bridge_type,data/processed/train/attr_bridge_type_train.csv,data/features/dinov3_vitb16_remaining_attributes_assets.csv,classification,dinov3_frozen_embeddings_linear_svm,linear_svm,StratifiedGroupKFold,1,5,124926,Truss,Beam,False
attr_bridge_type,attr_bridge_type,data/processed/train/attr_bridge_type_train.csv,data/features/dinov3_vitb16_remaining_attributes_assets.csv,classification,dinov3_frozen_embeddings_linear_svm,linear_svm,StratifiedGroupKFold,1,5,126334,Beam,Beam,True
attr_bridge_type,attr_bridge_type,data/processed/train/attr_bridge_type_train.csv,data/features/dinov3_vitb16_remaining_attributes_assets.csv,classification,dinov3_frozen_embeddings_linear_svm,linear_svm,StratifiedGroupKFold,1,5,126683,Beam,Beam,True
attr_bridge_type,attr_bridge_type,data/processed/train/attr_bridge_type_train.csv,data/features/dinov3_vitb16_remaining_attributes_assets.csv,classification,dinov3_frozen_embeddings_linear_svm,linear_svm,StratifiedGroupKFold,1,5,126798,Truss,Truss,True
attr_bridge_type,attr_bridge_type,data/processed/train/attr_bridge_type_train.csv,data/features/dinov3_vitb16_remaining_attributes_assets.csv,classification,dinov3_frozen_embeddings_linear_svm,linear_svm,StratifiedGroupKFold,1,5,126806,Truss,Truss,True
attr_bridge_type,attr_bridge_type,data/processed/train/attr_bridge_type_train.csv,data/features/dinov3_vitb16_remaining_attributes_assets.csv,classification,dinov3_frozen_embeddings_linear_svm,linear_svm,StratifiedGroupKFold,1,5,127147,Other,Beam,False
attr_bridge_type,attr_bridge_type,data/processed/train/attr_bridge_type_train.csv,data/features/dinov3_vitb16_remaining_attributes_assets.csv,classification,dinov3_frozen_embeddings_linear_svm,linear_svm,StratifiedGroupKFold,1,5,127203,Beam,Beam,True
attr_bridge_type,attr_bridge_type,data/processed/train/attr_bridge_type_train.csv,data/features/dinov3_vitb16_remaining_attributes_assets.csv,classification,dinov3_frozen_embeddings_linear_svm,linear_svm,StratifiedGroupKFold,1,5,127221,Beam,Beam,True
attr_bridge_type,attr_bridge_type,data/processed/train/attr_bridge_type_train.csv,data/features/dinov3_vitb16_remaining_attributes_assets.csv,classification,dinov3_frozen_embeddings_linear_svm,linear_svm,StratifiedGroupKFold,1,5,129491,Beam,Beam,True
attr_bridge_type,attr_bridge_type,data/processed/train/attr_bridge_type_train.csv,data/features/dinov3_vitb16_remaining_attributes_assets.csv,classification,dinov3_frozen_embeddings_linear_svm,linear_svm,StratifiedGroupKFold,1,5,102358,Beam,Beam,True
attr_bridge_type,attr_bridge_type,data/processed/train/attr_bridge_type_train.csv,data/features/dinov3_vitb16_remaining_attributes_assets.csv,classification,dinov3_frozen_embeddings_linear_svm,linear_svm,StratifiedGroupKFold,2,5,61736,Beam,Beam,True
attr_bridge_type,attr_bridge_type,data/processed/train/attr_bridge_type_train.csv,data/features/dinov3_vitb16_remaining_attributes_assets.csv,classification,dinov3_frozen_embeddings_linear_svm,linear_svm,StratifiedGroupKFold,2,5,89593,Beam,Beam,True
attr_bridge_type,attr_bridge_type,data/processed/train/attr_bridge_type_train.csv,data/features/dinov3_vitb16_remaining_attributes_assets.csv,classification,dinov3_frozen_embeddings_linear_svm,linear_svm,StratifiedGroupKFold,2,5,100549,Beam,Beam,True
attr_bridge_type,attr_bridge_type,data/processed/train/attr_bridge_type_train.csv,data/features/dinov3_vitb16_remaining_attributes_assets.csv,classification,dinov3_frozen_embeddings_linear_svm,linear_svm,StratifiedGroupKFold,2,5,117012,Beam,Beam,True
attr_bridge_type,attr_bridge_type,data/processed/train/attr_bridge_type_train.csv,data/features/dinov3_vitb16_remaining_attributes_assets.csv,classification,dinov3_frozen_embeddings_linear_svm,linear_svm,StratifiedGroupKFold,2,5,117011,Beam,Beam,True
attr_bridge_type,attr_bridge_type,data/processed/train/attr_bridge_type_train.csv,data/features/dinov3_vitb16_remaining_attributes_assets.csv,classification,dinov3_frozen_embeddings_linear_svm,linear_svm,StratifiedGroupKFold,2,5,46925,Beam,Beam,True
attr_bridge_type,attr_bridge_type,data/processed/train/attr_bridge_type_train.csv,data/features/dinov3_vitb16_remaining_attributes_assets.csv,classification,dinov3_frozen_embeddings_linear_svm,linear_svm,StratifiedGroupKFold,2,5,46927,Beam,Beam,True
attr_bridge_type,attr_bridge_type,data/processed/train/attr_bridge_type_train.csv,data/features/dinov3_vitb16_remaining_attributes_assets.csv,classification,dinov3_frozen_embeddings_linear_svm,linear_svm,StratifiedGroupKFold,2,5,46931,Beam,Suspension,False
attr_bridge_type,attr_bridge_type,data/processed/train/attr_bridge_type_train.csv,data/features/dinov3_vitb16_remaining_attributes_assets.csv,classification,dinov3_frozen_embeddings_linear_svm,linear_svm,StratifiedGroupKFold,2,5,46932,Beam,Beam,True
attr_bridge_type,attr_bridge_type,data/processed/train/attr_bridge_type_train.csv,data/features/dinov3_vitb16_remaining_attributes_assets.csv,classification,dinov3_frozen_embeddings_linear_svm,linear_svm,StratifiedGroupKFold,2,5,47532,Beam,Beam,True
attr_bridge_type,attr_bridge_type,data/processed/train/attr_bridge_type_train.csv,data/features/dinov3_vitb16_remaining_attributes_assets.csv,classification,dinov3_frozen_embeddings_linear_svm,linear_svm,StratifiedGroupKFold,2,5,47533,Beam,Beam,True
attr_bridge_type,attr_bridge_type,data/processed/train/attr_bridge_type_train.csv,data/features/dinov3_vitb16_remaining_attributes_assets.csv,classification,dinov3_frozen_embeddings_linear_svm,linear_svm,StratifiedGroupKFold,2,5,48112,Truss,Beam,False
attr_bridge_type,attr_bridge_type,data/processed/train/attr_bridge_type_train.csv,data/features/dinov3_vitb16_remaining_attributes_assets.csv,classification,dinov3_frozen_embeddings_linear_svm,linear_svm,StratifiedGroupKFold,2,5,50821,Beam,Beam,True
attr_bridge_type,attr_bridge_type,data/processed/train/attr_bridge_type_train.csv,data/features/dinov3_vitb16_remaining_attributes_assets.csv,classification,dinov3_frozen_embeddings_linear_svm,linear_svm,StratifiedGroupKFold,2,5,51525,Suspension,Truss,False
attr_bridge_type,attr_bridge_type,data/processed/train/attr_bridge_type_train.csv,data/features/dinov3_vitb16_remaining_attributes_assets.csv,classification,dinov3_frozen_embeddings_linear_svm,linear_svm,StratifiedGroupKFold,2,5,51798,Beam,Beam,True
attr_bridge_type,attr_bridge_type,data/processed/train/attr_bridge_type_train.csv,data/features/dinov3_vitb16_remaining_attributes_assets.csv,classification,dinov3_frozen_embeddings_linear_svm,linear_svm,StratifiedGroupKFold,2,5,51800,Truss,Beam,False
attr_bridge_type,attr_bridge_type,data/processed/train/attr_bridge_type_train.csv,data/features/dinov3_vitb16_remaining_attributes_assets.csv,classification,dinov3_frozen_embeddings_linear_svm,linear_svm,StratifiedGroupKFold,2,5,51858,Beam,Beam,True
attr_bridge_type,attr_bridge_type,data/processed/train/attr_bridge_type_train.csv,data/features/dinov3_vitb16_remaining_attributes_assets.csv,classification,dinov3_frozen_embeddings_linear_svm,linear_svm,StratifiedGroupKFold,2,5,51941,Beam,Beam,True
attr_bridge_type,attr_bridge_type,data/processed/train/attr_bridge_type_train.csv,data/features/dinov3_vitb16_remaining_attributes_assets.csv,classification,dinov3_frozen_embeddings_linear_svm,linear_svm,StratifiedGroupKFold,2,5,52457,Beam,Truss,False
attr_bridge_type,attr_bridge_type,data/processed/train/attr_bridge_type_train.csv,data/features/dinov3_vitb16_remaining_attributes_assets.csv,classification,dinov3_frozen_embeddings_linear_svm,linear_svm,StratifiedGroupKFold,2,5,52551,Beam,Beam,True
attr_bridge_type,attr_bridge_type,data/processed/train/attr_bridge_type_train.csv,data/features/dinov3_vitb16_remaining_attributes_assets.csv,classification,dinov3_frozen_embeddings_linear_svm,linear_svm,StratifiedGroupKFold,2,5,53198,Beam,Beam,True
attr_bridge_type,attr_bridge_type,data/processed/train/attr_bridge_type_train.csv,data/features/dinov3_vitb16_remaining_attributes_assets.csv,classification,dinov3_frozen_embeddings_linear_svm,linear_svm,StratifiedGroupKFold,2,5,53798,Beam,Beam,True
attr_bridge_type,attr_bridge_type,data/processed/train/attr_bridge_type_train.csv,data/features/dinov3_vitb16_remaining_attributes_assets.csv,classification,dinov3_frozen_embeddings_linear_svm,linear_svm,StratifiedGroupKFold,2,5,53984,Beam,Beam,True
attr_bridge_type,attr_bridge_type,data/processed/train/attr_bridge_type_train.csv,data/features/dinov3_vitb16_remaining_attributes_assets.csv,classification,dinov3_frozen_embeddings_linear_svm,linear_svm,StratifiedGroupKFold,2,5,53986,Beam,Beam,True
attr_bridge_type,attr_bridge_type,data/processed/train/attr_bridge_type_train.csv,data/features/dinov3_vitb16_remaining_attributes_assets.csv,classification,dinov3_frozen_embeddings_linear_svm,linear_svm,StratifiedGroupKFold,2,5,54324,Suspension,Suspension,True
attr_bridge_type,attr_bridge_type,data/processed/train/attr_bridge_type_train.csv,data/features/dinov3_vitb16_remaining_attributes_assets.csv,classification,dinov3_frozen_embeddings_linear_svm,linear_svm,StratifiedGroupKFold,2,5,54683,Truss,Beam,False
attr_bridge_type,attr_bridge_type,data/processed/train/attr_bridge_type_train.csv,data/features/dinov3_vitb16_remaining_attributes_assets.csv,classification,dinov3_frozen_embeddings_linear_svm,linear_svm,StratifiedGroupKFold,2,5,55116,Truss,Beam,False
attr_bridge_type,attr_bridge_type,data/processed/train/attr_bridge_type_train.csv,data/features/dinov3_vitb16_remaining_attributes_assets.csv,classification,dinov3_frozen_embeddings_linear_svm,linear_svm,StratifiedGroupKFold,2,5,56533,Beam,Truss,False
attr_bridge_type,attr_bridge_type,data/processed/train/attr_bridge_type_train.csv,data/features/dinov3_vitb16_remaining_attributes_assets.csv,classification,dinov3_frozen_embeddings_linear_svm,linear_svm,StratifiedGroupKFold,2,5,58160,Truss,Beam,False
attr_bridge_type,attr_bridge_type,data/processed/train/attr_bridge_type_train.csv,data/features/dinov3_vitb16_remaining_attributes_assets.csv,classification,dinov3_frozen_embeddings_linear_svm,linear_svm,StratifiedGroupKFold,2,5,58163,Beam,Suspension,False
attr_bridge_type,attr_bridge_type,data/processed/train/attr_bridge_type_train.csv,data/features/dinov3_vitb16_remaining_attributes_assets.csv,classification,dinov3_frozen_embeddings_linear_svm,linear_svm,StratifiedGroupKFold,2,5,58410,Beam,Beam,True
attr_bridge_type,attr_bridge_type,data/processed/train/attr_bridge_type_train.csv,data/features/dinov3_vitb16_remaining_attributes_assets.csv,classification,dinov3_frozen_embeddings_linear_svm,linear_svm,StratifiedGroupKFold,2,5,61003,Beam,Beam,True
attr_bridge_type,attr_bridge_type,data/processed/train/attr_bridge_type_train.csv,data/features/dinov3_vitb16_remaining_attributes_assets.csv,classification,dinov3_frozen_embeddings_linear_svm,linear_svm,StratifiedGroupKFold,2,5,63069,Beam,Beam,True
attr_bridge_type,attr_bridge_type,data/processed/train/attr_bridge_type_train.csv,data/features/dinov3_vitb16_remaining_attributes_assets.csv,classification,dinov3_frozen_embeddings_linear_svm,linear_svm,StratifiedGroupKFold,2,5,64109,Truss,Beam,False
attr_bridge_type,attr_bridge_type,data/processed/train/attr_bridge_type_train.csv,data/features/dinov3_vitb16_remaining_attributes_assets.csv,classification,dinov3_frozen_embeddings_linear_svm,linear_svm,StratifiedGroupKFold,2,5,64116,Truss,Truss,True
attr_bridge_type,attr_bridge_type,data/processed/train/attr_bridge_type_train.csv,data/features/dinov3_vitb16_remaining_attributes_assets.csv,classification,dinov3_frozen_embeddings_linear_svm,linear_svm,StratifiedGroupKFold,2,5,64123,Beam,Beam,True
attr_bridge_type,attr_bridge_type,data/processed/train/attr_bridge_type_train.csv,data/features/dinov3_vitb16_remaining_attributes_assets.csv,classification,dinov3_frozen_embeddings_linear_svm,linear_svm,StratifiedGroupKFold,2,5,65424,Beam,Beam,True
attr_bridge_type,attr_bridge_type,data/processed/train/attr_bridge_type_train.csv,data/features/dinov3_vitb16_remaining_attributes_assets.csv,classification,dinov3_frozen_embeddings_linear_svm,linear_svm,StratifiedGroupKFold,2,5,65425,Beam,Beam,True
attr_bridge_type,attr_bridge_type,data/processed/train/attr_bridge_type_train.csv,data/features/dinov3_vitb16_remaining_attributes_assets.csv,classification,dinov3_frozen_embeddings_linear_svm,linear_svm,StratifiedGroupKFold,2,5,65608,Beam,Beam,True
attr_bridge_type,attr_bridge_type,data/processed/train/attr_bridge_type_train.csv,data/features/dinov3_vitb16_remaining_attributes_assets.csv,classification,dinov3_frozen_embeddings_linear_svm,linear_svm,StratifiedGroupKFold,2,5,66920,Beam,Truss,False
attr_bridge_type,attr_bridge_type,data/processed/train/attr_bridge_type_train.csv,data/features/dinov3_vitb16_remaining_attributes_assets.csv,classification,dinov3_frozen_embeddings_linear_svm,linear_svm,StratifiedGroupKFold,2,5,67206,Beam,Beam,True
attr_bridge_type,attr_bridge_type,data/processed/train/attr_bridge_type_train.csv,data/features/dinov3_vitb16_remaining_attributes_assets.csv,classification,dinov3_frozen_embeddings_linear_svm,linear_svm,StratifiedGroupKFold,2,5,79958,Beam,Beam,True
attr_bridge_type,attr_bridge_type,data/processed/train/attr_bridge_type_train.csv,data/features/dinov3_vitb16_remaining_attributes_assets.csv,classification,dinov3_frozen_embeddings_linear_svm,linear_svm,StratifiedGroupKFold,2,5,82270,Beam,Beam,True
attr_bridge_type,attr_bridge_type,data/processed/train/attr_bridge_type_train.csv,data/features/dinov3_vitb16_remaining_attributes_assets.csv,classification,dinov3_frozen_embeddings_linear_svm,linear_svm,StratifiedGroupKFold,2,5,83150,Beam,Beam,True
attr_bridge_type,attr_bridge_type,data/processed/train/attr_bridge_type_train.csv,data/features/dinov3_vitb16_remaining_attributes_assets.csv,classification,dinov3_frozen_embeddings_linear_svm,linear_svm,StratifiedGroupKFold,2,5,86158,Beam,Beam,True
attr_bridge_type,attr_bridge_type,data/processed/train/attr_bridge_type_train.csv,data/features/dinov3_vitb16_remaining_attributes_assets.csv,classification,dinov3_frozen_embeddings_linear_svm,linear_svm,StratifiedGroupKFold,2,5,86218,Beam,Beam,True
attr_bridge_type,attr_bridge_type,data/processed/train/attr_bridge_type_train.csv,data/features/dinov3_vitb16_remaining_attributes_assets.csv,classification,dinov3_frozen_embeddings_linear_svm,linear_svm,StratifiedGroupKFold,2,5,86369,Beam,Beam,True
attr_bridge_type,attr_bridge_type,data/processed/train/attr_bridge_type_train.csv,data/features/dinov3_vitb16_remaining_attributes_assets.csv,classification,dinov3_frozen_embeddings_linear_svm,linear_svm,StratifiedGroupKFold,2,5,86521,Beam,Beam,True
attr_bridge_type,attr_bridge_type,data/processed/train/attr_bridge_type_train.csv,data/features/dinov3_vitb16_remaining_attributes_assets.csv,classification,dinov3_frozen_embeddings_linear_svm,linear_svm,StratifiedGroupKFold,2,5,87745,Truss,Truss,True
attr_bridge_type,attr_bridge_type,data/processed/train/attr_bridge_type_train.csv,data/features/dinov3_vitb16_remaining_attributes_assets.csv,classification,dinov3_frozen_embeddings_linear_svm,linear_svm,StratifiedGroupKFold,2,5,88220,Beam,Beam,True
attr_bridge_type,attr_bridge_type,data/processed/train/attr_bridge_type_train.csv,data/features/dinov3_vitb16_remaining_attributes_assets.csv,classification,dinov3_frozen_embeddings_linear_svm,linear_svm,StratifiedGroupKFold,2,5,88734,Beam,Beam,True
attr_bridge_type,attr_bridge_type,data/processed/train/attr_bridge_type_train.csv,data/features/dinov3_vitb16_remaining_attributes_assets.csv,classification,dinov3_frozen_embeddings_linear_svm,linear_svm,StratifiedGroupKFold,2,5,89441,Beam,Beam,True
attr_bridge_type,attr_bridge_type,data/processed/train/attr_bridge_type_train.csv,data/features/dinov3_vitb16_remaining_attributes_assets.csv,classification,dinov3_frozen_embeddings_linear_svm,linear_svm,StratifiedGroupKFold,2,5,89442,Beam,Beam,True
attr_bridge_type,attr_bridge_type,data/processed/train/attr_bridge_type_train.csv,data/features/dinov3_vitb16_remaining_attributes_assets.csv,classification,dinov3_frozen_embeddings_linear_svm,linear_svm,StratifiedGroupKFold,2,5,89596,Beam,Beam,True
attr_bridge_type,attr_bridge_type,data/processed/train/attr_bridge_type_train.csv,data/features/dinov3_vitb16_remaining_attributes_assets.csv,classification,dinov3_frozen_embeddings_linear_svm,linear_svm,StratifiedGroupKFold,2,5,89761,Beam,Beam,True
attr_bridge_type,attr_bridge_type,data/processed/train/attr_bridge_type_train.csv,data/features/dinov3_vitb16_remaining_attributes_assets.csv,classification,dinov3_frozen_embeddings_linear_svm,linear_svm,StratifiedGroupKFold,2,5,90424,Beam,Beam,True
attr_bridge_type,attr_bridge_type,data/processed/train/attr_bridge_type_train.csv,data/features/dinov3_vitb16_remaining_attributes_assets.csv,classification,dinov3_frozen_embeddings_linear_svm,linear_svm,StratifiedGroupKFold,2,5,91248,Beam,Beam,True
attr_bridge_type,attr_bridge_type,data/processed/train/attr_bridge_type_train.csv,data/features/dinov3_vitb16_remaining_attributes_assets.csv,classification,dinov3_frozen_embeddings_linear_svm,linear_svm,StratifiedGroupKFold,2,5,92164,Beam,Beam,True
attr_bridge_type,attr_bridge_type,data/processed/train/attr_bridge_type_train.csv,data/features/dinov3_vitb16_remaining_attributes_assets.csv,classification,dinov3_frozen_embeddings_linear_svm,linear_svm,StratifiedGroupKFold,2,5,92871,Beam,Beam,True
attr_bridge_type,attr_bridge_type,data/processed/train/attr_bridge_type_train.csv,data/features/dinov3_vitb16_remaining_attributes_assets.csv,classification,dinov3_frozen_embeddings_linear_svm,linear_svm,StratifiedGroupKFold,2,5,93038,Beam,Other,False
attr_bridge_type,attr_bridge_type,data/processed/train/attr_bridge_type_train.csv,data/features/dinov3_vitb16_remaining_attributes_assets.csv,classification,dinov3_frozen_embeddings_linear_svm,linear_svm,StratifiedGroupKFold,2,5,96291,Beam,Beam,True
attr_bridge_type,attr_bridge_type,data/processed/train/attr_bridge_type_train.csv,data/features/dinov3_vitb16_remaining_attributes_assets.csv,classification,dinov3_frozen_embeddings_linear_svm,linear_svm,StratifiedGroupKFold,2,5,96292,Beam,Beam,True
attr_bridge_type,attr_bridge_type,data/processed/train/attr_bridge_type_train.csv,data/features/dinov3_vitb16_remaining_attributes_assets.csv,classification,dinov3_frozen_embeddings_linear_svm,linear_svm,StratifiedGroupKFold,2,5,99459,Beam,Beam,True
attr_bridge_type,attr_bridge_type,data/processed/train/attr_bridge_type_train.csv,data/features/dinov3_vitb16_remaining_attributes_assets.csv,classification,dinov3_frozen_embeddings_linear_svm,linear_svm,StratifiedGroupKFold,2,5,99880,Beam,Beam,True
attr_bridge_type,attr_bridge_type,data/processed/train/attr_bridge_type_train.csv,data/features/dinov3_vitb16_remaining_attributes_assets.csv,classification,dinov3_frozen_embeddings_linear_svm,linear_svm,StratifiedGroupKFold,2,5,100138,Beam,Beam,True
attr_bridge_type,attr_bridge_type,data/processed/train/attr_bridge_type_train.csv,data/features/dinov3_vitb16_remaining_attributes_assets.csv,classification,dinov3_frozen_embeddings_linear_svm,linear_svm,StratifiedGroupKFold,2,5,100253,Beam,Beam,True
attr_bridge_type,attr_bridge_type,data/processed/train/attr_bridge_type_train.csv,data/features/dinov3_vitb16_remaining_attributes_assets.csv,classification,dinov3_frozen_embeddings_linear_svm,linear_svm,StratifiedGroupKFold,2,5,100262,Beam,Beam,True
attr_bridge_type,attr_bridge_type,data/processed/train/attr_bridge_type_train.csv,data/features/dinov3_vitb16_remaining_attributes_assets.csv,classification,dinov3_frozen_embeddings_linear_svm,linear_svm,StratifiedGroupKFold,2,5,100263,Beam,Beam,True
attr_bridge_type,attr_bridge_type,data/processed/train/attr_bridge_type_train.csv,data/features/dinov3_vitb16_remaining_attributes_assets.csv,classification,dinov3_frozen_embeddings_linear_svm,linear_svm,StratifiedGroupKFold,2,5,100475,Beam,Beam,True
attr_bridge_type,attr_bridge_type,data/processed/train/attr_bridge_type_train.csv,data/features/dinov3_vitb16_remaining_attributes_assets.csv,classification,dinov3_frozen_embeddings_linear_svm,linear_svm,StratifiedGroupKFold,2,5,100482,Beam,Beam,True
attr_bridge_type,attr_bridge_type,data/processed/train/attr_bridge_type_train.csv,data/features/dinov3_vitb16_remaining_attributes_assets.csv,classification,dinov3_frozen_embeddings_linear_svm,linear_svm,StratifiedGroupKFold,2,5,100791,Beam,Beam,True
attr_bridge_type,attr_bridge_type,data/processed/train/attr_bridge_type_train.csv,data/features/dinov3_vitb16_remaining_attributes_assets.csv,classification,dinov3_frozen_embeddings_linear_svm,linear_svm,StratifiedGroupKFold,2,5,101129,Beam,Beam,True
attr_bridge_type,attr_bridge_type,data/processed/train/attr_bridge_type_train.csv,data/features/dinov3_vitb16_remaining_attributes_assets.csv,classification,dinov3_frozen_embeddings_linear_svm,linear_svm,StratifiedGroupKFold,2,5,101131,Beam,Beam,True
attr_bridge_type,attr_bridge_type,data/processed/train/attr_bridge_type_train.csv,data/features/dinov3_vitb16_remaining_attributes_assets.csv,classification,dinov3_frozen_embeddings_linear_svm,linear_svm,StratifiedGroupKFold,2,5,101638,Beam,Beam,True
attr_bridge_type,attr_bridge_type,data/processed/train/attr_bridge_type_train.csv,data/features/dinov3_vitb16_remaining_attributes_assets.csv,classification,dinov3_frozen_embeddings_linear_svm,linear_svm,StratifiedGroupKFold,2,5,102365,Beam,Beam,True
attr_bridge_type,attr_bridge_type,data/processed/train/attr_bridge_type_train.csv,data/features/dinov3_vitb16_remaining_attributes_assets.csv,classification,dinov3_frozen_embeddings_linear_svm,linear_svm,StratifiedGroupKFold,2,5,102370,Beam,Beam,True
attr_bridge_type,attr_bridge_type,data/processed/train/attr_bridge_type_train.csv,data/features/dinov3_vitb16_remaining_attributes_assets.csv,classification,dinov3_frozen_embeddings_linear_svm,linear_svm,StratifiedGroupKFold,2,5,103256,Truss,Beam,False
attr_bridge_type,attr_bridge_type,data/processed/train/attr_bridge_type_train.csv,data/features/dinov3_vitb16_remaining_attributes_assets.csv,classification,dinov3_frozen_embeddings_linear_svm,linear_svm,StratifiedGroupKFold,2,5,103721,Beam,Beam,True
attr_bridge_type,attr_bridge_type,data/processed/train/attr_bridge_type_train.csv,data/features/dinov3_vitb16_remaining_attributes_assets.csv,classification,dinov3_frozen_embeddings_linear_svm,linear_svm,StratifiedGroupKFold,2,5,104086,Beam,Beam,True
attr_bridge_type,attr_bridge_type,data/processed/train/attr_bridge_type_train.csv,data/features/dinov3_vitb16_remaining_attributes_assets.csv,classification,dinov3_frozen_embeddings_linear_svm,linear_svm,StratifiedGroupKFold,2,5,104097,Beam,Beam,True
attr_bridge_type,attr_bridge_type,data/processed/train/attr_bridge_type_train.csv,data/features/dinov3_vitb16_remaining_attributes_assets.csv,classification,dinov3_frozen_embeddings_linear_svm,linear_svm,StratifiedGroupKFold,2,5,105042,Beam,Beam,True
attr_bridge_type,attr_bridge_type,data/processed/train/attr_bridge_type_train.csv,data/features/dinov3_vitb16_remaining_attributes_assets.csv,classification,dinov3_frozen_embeddings_linear_svm,linear_svm,StratifiedGroupKFold,2,5,105443,Beam,Beam,True
attr_bridge_type,attr_bridge_type,data/processed/train/attr_bridge_type_train.csv,data/features/dinov3_vitb16_remaining_attributes_assets.csv,classification,dinov3_frozen_embeddings_linear_svm,linear_svm,StratifiedGroupKFold,2,5,106027,Beam,Beam,True
attr_bridge_type,attr_bridge_type,data/processed/train/attr_bridge_type_train.csv,data/features/dinov3_vitb16_remaining_attributes_assets.csv,classification,dinov3_frozen_embeddings_linear_svm,linear_svm,StratifiedGroupKFold,2,5,106028,Beam,Beam,True
attr_bridge_type,attr_bridge_type,data/processed/train/attr_bridge_type_train.csv,data/features/dinov3_vitb16_remaining_attributes_assets.csv,classification,dinov3_frozen_embeddings_linear_svm,linear_svm,StratifiedGroupKFold,2,5,106030,Beam,Beam,True
attr_bridge_type,attr_bridge_type,data/processed/train/attr_bridge_type_train.csv,data/features/dinov3_vitb16_remaining_attributes_assets.csv,classification,dinov3_frozen_embeddings_linear_svm,linear_svm,StratifiedGroupKFold,2,5,106036,Beam,Beam,True
attr_bridge_type,attr_bridge_type,data/processed/train/attr_bridge_type_train.csv,data/features/dinov3_vitb16_remaining_attributes_assets.csv,classification,dinov3_frozen_embeddings_linear_svm,linear_svm,StratifiedGroupKFold,2,5,106037,Beam,Beam,True
attr_bridge_type,attr_bridge_type,data/processed/train/attr_bridge_type_train.csv,data/features/dinov3_vitb16_remaining_attributes_assets.csv,classification,dinov3_frozen_embeddings_linear_svm,linear_svm,StratifiedGroupKFold,2,5,106637,Beam,Beam,True
attr_bridge_type,attr_bridge_type,data/processed/train/attr_bridge_type_train.csv,data/features/dinov3_vitb16_remaining_attributes_assets.csv,classification,dinov3_frozen_embeddings_linear_svm,linear_svm,StratifiedGroupKFold,2,5,107908,Beam,Beam,True
attr_bridge_type,attr_bridge_type,data/processed/train/attr_bridge_type_train.csv,data/features/dinov3_vitb16_remaining_attributes_assets.csv,classification,dinov3_frozen_embeddings_linear_svm,linear_svm,StratifiedGroupKFold,2,5,107963,Beam,Beam,True
attr_bridge_type,attr_bridge_type,data/processed/train/attr_bridge_type_train.csv,data/features/dinov3_vitb16_remaining_attributes_assets.csv,classification,dinov3_frozen_embeddings_linear_svm,linear_svm,StratifiedGroupKFold,2,5,107973,Beam,Truss,False
attr_bridge_type,attr_bridge_type,data/processed/train/attr_bridge_type_train.csv,data/features/dinov3_vitb16_remaining_attributes_assets.csv,classification,dinov3_frozen_embeddings_linear_svm,linear_svm,StratifiedGroupKFold,2,5,108019,Beam,Beam,True
attr_bridge_type,attr_bridge_type,data/processed/train/attr_bridge_type_train.csv,data/features/dinov3_vitb16_remaining_attributes_assets.csv,classification,dinov3_frozen_embeddings_linear_svm,linear_svm,StratifiedGroupKFold,2,5,108037,Suspension,Suspension,True
attr_bridge_type,attr_bridge_type,data/processed/train/attr_bridge_type_train.csv,data/features/dinov3_vitb16_remaining_attributes_assets.csv,classification,dinov3_frozen_embeddings_linear_svm,linear_svm,StratifiedGroupKFold,2,5,108665,Beam,Beam,True
attr_bridge_type,attr_bridge_type,data/processed/train/attr_bridge_type_train.csv,data/features/dinov3_vitb16_remaining_attributes_assets.csv,classification,dinov3_frozen_embeddings_linear_svm,linear_svm,StratifiedGroupKFold,2,5,108785,Beam,Beam,True
attr_bridge_type,attr_bridge_type,data/processed/train/attr_bridge_type_train.csv,data/features/dinov3_vitb16_remaining_attributes_assets.csv,classification,dinov3_frozen_embeddings_linear_svm,linear_svm,StratifiedGroupKFold,2,5,109138,Beam,Truss,False
attr_bridge_type,attr_bridge_type,data/processed/train/attr_bridge_type_train.csv,data/features/dinov3_vitb16_remaining_attributes_assets.csv,classification,dinov3_frozen_embeddings_linear_svm,linear_svm,StratifiedGroupKFold,2,5,109160,Beam,Beam,True
attr_bridge_type,attr_bridge_type,data/processed/train/attr_bridge_type_train.csv,data/features/dinov3_vitb16_remaining_attributes_assets.csv,classification,dinov3_frozen_embeddings_linear_svm,linear_svm,StratifiedGroupKFold,2,5,109534,Beam,Beam,True
attr_bridge_type,attr_bridge_type,data/processed/train/attr_bridge_type_train.csv,data/features/dinov3_vitb16_remaining_attributes_assets.csv,classification,dinov3_frozen_embeddings_linear_svm,linear_svm,StratifiedGroupKFold,2,5,109538,Beam,Beam,True
attr_bridge_type,attr_bridge_type,data/processed/train/attr_bridge_type_train.csv,data/features/dinov3_vitb16_remaining_attributes_assets.csv,classification,dinov3_frozen_embeddings_linear_svm,linear_svm,StratifiedGroupKFold,2,5,110932,Beam,Beam,True
attr_bridge_type,attr_bridge_type,data/processed/train/attr_bridge_type_train.csv,data/features/dinov3_vitb16_remaining_attributes_assets.csv,classification,dinov3_frozen_embeddings_linear_svm,linear_svm,StratifiedGroupKFold,2,5,112422,Beam,Beam,True
attr_bridge_type,attr_bridge_type,data/processed/train/attr_bridge_type_train.csv,data/features/dinov3_vitb16_remaining_attributes_assets.csv,classification,dinov3_frozen_embeddings_linear_svm,linear_svm,StratifiedGroupKFold,2,5,112834,Truss,Beam,False
attr_bridge_type,attr_bridge_type,data/processed/train/attr_bridge_type_train.csv,data/features/dinov3_vitb16_remaining_attributes_assets.csv,classification,dinov3_frozen_embeddings_linear_svm,linear_svm,StratifiedGroupKFold,2,5,114047,Beam,Beam,True
attr_bridge_type,attr_bridge_type,data/processed/train/attr_bridge_type_train.csv,data/features/dinov3_vitb16_remaining_attributes_assets.csv,classification,dinov3_frozen_embeddings_linear_svm,linear_svm,StratifiedGroupKFold,2,5,114962,Beam,Beam,True
attr_bridge_type,attr_bridge_type,data/processed/train/attr_bridge_type_train.csv,data/features/dinov3_vitb16_remaining_attributes_assets.csv,classification,dinov3_frozen_embeddings_linear_svm,linear_svm,StratifiedGroupKFold,2,5,114997,Truss,Truss,True
attr_bridge_type,attr_bridge_type,data/processed/train/attr_bridge_type_train.csv,data/features/dinov3_vitb16_remaining_attributes_assets.csv,classification,dinov3_frozen_embeddings_linear_svm,linear_svm,StratifiedGroupKFold,2,5,115261,Beam,Beam,True
attr_bridge_type,attr_bridge_type,data/processed/train/attr_bridge_type_train.csv,data/features/dinov3_vitb16_remaining_attributes_assets.csv,classification,dinov3_frozen_embeddings_linear_svm,linear_svm,StratifiedGroupKFold,2,5,116737,Beam,Truss,False
attr_bridge_type,attr_bridge_type,data/processed/train/attr_bridge_type_train.csv,data/features/dinov3_vitb16_remaining_attributes_assets.csv,classification,dinov3_frozen_embeddings_linear_svm,linear_svm,StratifiedGroupKFold,2,5,116847,Beam,Beam,True
attr_bridge_type,attr_bridge_type,data/processed/train/attr_bridge_type_train.csv,data/features/dinov3_vitb16_remaining_attributes_assets.csv,classification,dinov3_frozen_embeddings_linear_svm,linear_svm,StratifiedGroupKFold,2,5,118143,Beam,Beam,True
attr_bridge_type,attr_bridge_type,data/processed/train/attr_bridge_type_train.csv,data/features/dinov3_vitb16_remaining_attributes_assets.csv,classification,dinov3_frozen_embeddings_linear_svm,linear_svm,StratifiedGroupKFold,2,5,118797,Beam,Beam,True
attr_bridge_type,attr_bridge_type,data/processed/train/attr_bridge_type_train.csv,data/features/dinov3_vitb16_remaining_attributes_assets.csv,classification,dinov3_frozen_embeddings_linear_svm,linear_svm,StratifiedGroupKFold,2,5,119099,Beam,Suspension,False
attr_bridge_type,attr_bridge_type,data/processed/train/attr_bridge_type_train.csv,data/features/dinov3_vitb16_remaining_attributes_assets.csv,classification,dinov3_frozen_embeddings_linear_svm,linear_svm,StratifiedGroupKFold,2,5,119811,Beam,Beam,True
attr_bridge_type,attr_bridge_type,data/processed/train/attr_bridge_type_train.csv,data/features/dinov3_vitb16_remaining_attributes_assets.csv,classification,dinov3_frozen_embeddings_linear_svm,linear_svm,StratifiedGroupKFold,2,5,121698,Beam,Beam,True
attr_bridge_type,attr_bridge_type,data/processed/train/attr_bridge_type_train.csv,data/features/dinov3_vitb16_remaining_attributes_assets.csv,classification,dinov3_frozen_embeddings_linear_svm,linear_svm,StratifiedGroupKFold,2,5,122980,Beam,Beam,True
attr_bridge_type,attr_bridge_type,data/processed/train/attr_bridge_type_train.csv,data/features/dinov3_vitb16_remaining_attributes_assets.csv,classification,dinov3_frozen_embeddings_linear_svm,linear_svm,StratifiedGroupKFold,2,5,122981,Beam,Beam,True
attr_bridge_type,attr_bridge_type,data/processed/train/attr_bridge_type_train.csv,data/features/dinov3_vitb16_remaining_attributes_assets.csv,classification,dinov3_frozen_embeddings_linear_svm,linear_svm,StratifiedGroupKFold,2,5,122830,Beam,Beam,True
attr_bridge_type,attr_bridge_type,data/processed/train/attr_bridge_type_train.csv,data/features/dinov3_vitb16_remaining_attributes_assets.csv,classification,dinov3_frozen_embeddings_linear_svm,linear_svm,StratifiedGroupKFold,2,5,123310,Fallen Tree,Beam,False
attr_bridge_type,attr_bridge_type,data/processed/train/attr_bridge_type_train.csv,data/features/dinov3_vitb16_remaining_attributes_assets.csv,classification,dinov3_frozen_embeddings_linear_svm,linear_svm,StratifiedGroupKFold,2,5,126199,Truss,Beam,False
attr_bridge_type,attr_bridge_type,data/processed/train/attr_bridge_type_train.csv,data/features/dinov3_vitb16_remaining_attributes_assets.csv,classification,dinov3_frozen_embeddings_linear_svm,linear_svm,StratifiedGroupKFold,2,5,127136,Other,Beam,False
attr_bridge_type,attr_bridge_type,data/processed/train/attr_bridge_type_train.csv,data/features/dinov3_vitb16_remaining_attributes_assets.csv,classification,dinov3_frozen_embeddings_linear_svm,linear_svm,StratifiedGroupKFold,2,5,127205,Beam,Beam,True
attr_bridge_type,attr_bridge_type,data/processed/train/attr_bridge_type_train.csv,data/features/dinov3_vitb16_remaining_attributes_assets.csv,classification,dinov3_frozen_embeddings_linear_svm,linear_svm,StratifiedGroupKFold,2,5,127388,Beam,Truss,False
attr_bridge_type,attr_bridge_type,data/processed/train/attr_bridge_type_train.csv,data/features/dinov3_vitb16_remaining_attributes_assets.csv,classification,dinov3_frozen_embeddings_linear_svm,linear_svm,StratifiedGroupKFold,2,5,127582,Truss,Truss,True
attr_bridge_type,attr_bridge_type,data/processed/train/attr_bridge_type_train.csv,data/features/dinov3_vitb16_remaining_attributes_assets.csv,classification,dinov3_frozen_embeddings_linear_svm,linear_svm,StratifiedGroupKFold,2,5,128831,Beam,Beam,True
attr_bridge_type,attr_bridge_type,data/processed/train/attr_bridge_type_train.csv,data/features/dinov3_vitb16_remaining_attributes_assets.csv,classification,dinov3_frozen_embeddings_linear_svm,linear_svm,StratifiedGroupKFold,3,5,61742,Beam,Beam,True
attr_bridge_type,attr_bridge_type,data/processed/train/attr_bridge_type_train.csv,data/features/dinov3_vitb16_remaining_attributes_assets.csv,classification,dinov3_frozen_embeddings_linear_svm,linear_svm,StratifiedGroupKFold,3,5,89446,Beam,Beam,True
attr_bridge_type,attr_bridge_type,data/processed/train/attr_bridge_type_train.csv,data/features/dinov3_vitb16_remaining_attributes_assets.csv,classification,dinov3_frozen_embeddings_linear_svm,linear_svm,StratifiedGroupKFold,3,5,89575,Beam,Beam,True
attr_bridge_type,attr_bridge_type,data/processed/train/attr_bridge_type_train.csv,data/features/dinov3_vitb16_remaining_attributes_assets.csv,classification,dinov3_frozen_embeddings_linear_svm,linear_svm,StratifiedGroupKFold,3,5,89588,Beam,Beam,True
attr_bridge_type,attr_bridge_type,data/processed/train/attr_bridge_type_train.csv,data/features/dinov3_vitb16_remaining_attributes_assets.csv,classification,dinov3_frozen_embeddings_linear_svm,linear_svm,StratifiedGroupKFold,3,5,89601,Beam,Beam,True
attr_bridge_type,attr_bridge_type,data/processed/train/attr_bridge_type_train.csv,data/features/dinov3_vitb16_remaining_attributes_assets.csv,classification,dinov3_frozen_embeddings_linear_svm,linear_svm,StratifiedGroupKFold,3,5,93372,Beam,Beam,True
attr_bridge_type,attr_bridge_type,data/processed/train/attr_bridge_type_train.csv,data/features/dinov3_vitb16_remaining_attributes_assets.csv,classification,dinov3_frozen_embeddings_linear_svm,linear_svm,StratifiedGroupKFold,3,5,103712,Beam,Beam,True
attr_bridge_type,attr_bridge_type,data/processed/train/attr_bridge_type_train.csv,data/features/dinov3_vitb16_remaining_attributes_assets.csv,classification,dinov3_frozen_embeddings_linear_svm,linear_svm,StratifiedGroupKFold,3,5,111671,Beam,Beam,True
attr_bridge_type,attr_bridge_type,data/processed/train/attr_bridge_type_train.csv,data/features/dinov3_vitb16_remaining_attributes_assets.csv,classification,dinov3_frozen_embeddings_linear_svm,linear_svm,StratifiedGroupKFold,3,5,112032,Beam,Beam,True
attr_bridge_type,attr_bridge_type,data/processed/train/attr_bridge_type_train.csv,data/features/dinov3_vitb16_remaining_attributes_assets.csv,classification,dinov3_frozen_embeddings_linear_svm,linear_svm,StratifiedGroupKFold,3,5,112033,Beam,Beam,True
attr_bridge_type,attr_bridge_type,data/processed/train/attr_bridge_type_train.csv,data/features/dinov3_vitb16_remaining_attributes_assets.csv,classification,dinov3_frozen_embeddings_linear_svm,linear_svm,StratifiedGroupKFold,3,5,117017,Beam,Beam,True
attr_bridge_type,attr_bridge_type,data/processed/train/attr_bridge_type_train.csv,data/features/dinov3_vitb16_remaining_attributes_assets.csv,classification,dinov3_frozen_embeddings_linear_svm,linear_svm,StratifiedGroupKFold,3,5,117362,Beam,Beam,True
attr_bridge_type,attr_bridge_type,data/processed/train/attr_bridge_type_train.csv,data/features/dinov3_vitb16_remaining_attributes_assets.csv,classification,dinov3_frozen_embeddings_linear_svm,linear_svm,StratifiedGroupKFold,3,5,128878,Truss,Beam,False
attr_bridge_type,attr_bridge_type,data/processed/train/attr_bridge_type_train.csv,data/features/dinov3_vitb16_remaining_attributes_assets.csv,classification,dinov3_frozen_embeddings_linear_svm,linear_svm,StratifiedGroupKFold,3,5,46924,Beam,Beam,True
attr_bridge_type,attr_bridge_type,data/processed/train/attr_bridge_type_train.csv,data/features/dinov3_vitb16_remaining_attributes_assets.csv,classification,dinov3_frozen_embeddings_linear_svm,linear_svm,StratifiedGroupKFold,3,5,46928,Beam,Beam,True
attr_bridge_type,attr_bridge_type,data/processed/train/attr_bridge_type_train.csv,data/features/dinov3_vitb16_remaining_attributes_assets.csv,classification,dinov3_frozen_embeddings_linear_svm,linear_svm,StratifiedGroupKFold,3,5,50654,Beam,Beam,True
attr_bridge_type,attr_bridge_type,data/processed/train/attr_bridge_type_train.csv,data/features/dinov3_vitb16_remaining_attributes_assets.csv,classification,dinov3_frozen_embeddings_linear_svm,linear_svm,StratifiedGroupKFold,3,5,51531,Beam,Beam,True
attr_bridge_type,attr_bridge_type,data/processed/train/attr_bridge_type_train.csv,data/features/dinov3_vitb16_remaining_attributes_assets.csv,classification,dinov3_frozen_embeddings_linear_svm,linear_svm,StratifiedGroupKFold,3,5,51532,Beam,Beam,True
attr_bridge_type,attr_bridge_type,data/processed/train/attr_bridge_type_train.csv,data/features/dinov3_vitb16_remaining_attributes_assets.csv,classification,dinov3_frozen_embeddings_linear_svm,linear_svm,StratifiedGroupKFold,3,5,53983,Beam,Beam,True
attr_bridge_type,attr_bridge_type,data/processed/train/attr_bridge_type_train.csv,data/features/dinov3_vitb16_remaining_attributes_assets.csv,classification,dinov3_frozen_embeddings_linear_svm,linear_svm,StratifiedGroupKFold,3,5,53985,Beam,Beam,True
attr_bridge_type,attr_bridge_type,data/processed/train/attr_bridge_type_train.csv,data/features/dinov3_vitb16_remaining_attributes_assets.csv,classification,dinov3_frozen_embeddings_linear_svm,linear_svm,StratifiedGroupKFold,3,5,55798,Beam,Beam,True
attr_bridge_type,attr_bridge_type,data/processed/train/attr_bridge_type_train.csv,data/features/dinov3_vitb16_remaining_attributes_assets.csv,classification,dinov3_frozen_embeddings_linear_svm,linear_svm,StratifiedGroupKFold,3,5,56858,Beam,Beam,True
attr_bridge_type,attr_bridge_type,data/processed/train/attr_bridge_type_train.csv,data/features/dinov3_vitb16_remaining_attributes_assets.csv,classification,dinov3_frozen_embeddings_linear_svm,linear_svm,StratifiedGroupKFold,3,5,57118,Beam,Beam,True
attr_bridge_type,attr_bridge_type,data/processed/train/attr_bridge_type_train.csv,data/features/dinov3_vitb16_remaining_attributes_assets.csv,classification,dinov3_frozen_embeddings_linear_svm,linear_svm,StratifiedGroupKFold,3,5,58165,Beam,Beam,True
attr_bridge_type,attr_bridge_type,data/processed/train/attr_bridge_type_train.csv,data/features/dinov3_vitb16_remaining_attributes_assets.csv,classification,dinov3_frozen_embeddings_linear_svm,linear_svm,StratifiedGroupKFold,3,5,58413,Beam,Beam,True
attr_bridge_type,attr_bridge_type,data/processed/train/attr_bridge_type_train.csv,data/features/dinov3_vitb16_remaining_attributes_assets.csv,classification,dinov3_frozen_embeddings_linear_svm,linear_svm,StratifiedGroupKFold,3,5,60689,Beam,Beam,True
attr_bridge_type,attr_bridge_type,data/processed/train/attr_bridge_type_train.csv,data/features/dinov3_vitb16_remaining_attributes_assets.csv,classification,dinov3_frozen_embeddings_linear_svm,linear_svm,StratifiedGroupKFold,3,5,61416,Beam,Beam,True
attr_bridge_type,attr_bridge_type,data/processed/train/attr_bridge_type_train.csv,data/features/dinov3_vitb16_remaining_attributes_assets.csv,classification,dinov3_frozen_embeddings_linear_svm,linear_svm,StratifiedGroupKFold,3,5,62089,Beam,Beam,True
attr_bridge_type,attr_bridge_type,data/processed/train/attr_bridge_type_train.csv,data/features/dinov3_vitb16_remaining_attributes_assets.csv,classification,dinov3_frozen_embeddings_linear_svm,linear_svm,StratifiedGroupKFold,3,5,63066,Beam,Truss,False
attr_bridge_type,attr_bridge_type,data/processed/train/attr_bridge_type_train.csv,data/features/dinov3_vitb16_remaining_attributes_assets.csv,classification,dinov3_frozen_embeddings_linear_svm,linear_svm,StratifiedGroupKFold,3,5,63540,Suspension,Beam,False
attr_bridge_type,attr_bridge_type,data/processed/train/attr_bridge_type_train.csv,data/features/dinov3_vitb16_remaining_attributes_assets.csv,classification,dinov3_frozen_embeddings_linear_svm,linear_svm,StratifiedGroupKFold,3,5,65497,Truss,Beam,False
attr_bridge_type,attr_bridge_type,data/processed/train/attr_bridge_type_train.csv,data/features/dinov3_vitb16_remaining_attributes_assets.csv,classification,dinov3_frozen_embeddings_linear_svm,linear_svm,StratifiedGroupKFold,3,5,66915,Beam,Beam,True
attr_bridge_type,attr_bridge_type,data/processed/train/attr_bridge_type_train.csv,data/features/dinov3_vitb16_remaining_attributes_assets.csv,classification,dinov3_frozen_embeddings_linear_svm,linear_svm,StratifiedGroupKFold,3,5,83133,Beam,Beam,True
attr_bridge_type,attr_bridge_type,data/processed/train/attr_bridge_type_train.csv,data/features/dinov3_vitb16_remaining_attributes_assets.csv,classification,dinov3_frozen_embeddings_linear_svm,linear_svm,StratifiedGroupKFold,3,5,83135,Beam,Beam,True
attr_bridge_type,attr_bridge_type,data/processed/train/attr_bridge_type_train.csv,data/features/dinov3_vitb16_remaining_attributes_assets.csv,classification,dinov3_frozen_embeddings_linear_svm,linear_svm,StratifiedGroupKFold,3,5,83138,Beam,Beam,True
attr_bridge_type,attr_bridge_type,data/processed/train/attr_bridge_type_train.csv,data/features/dinov3_vitb16_remaining_attributes_assets.csv,classification,dinov3_frozen_embeddings_linear_svm,linear_svm,StratifiedGroupKFold,3,5,83154,Beam,Beam,True
attr_bridge_type,attr_bridge_type,data/processed/train/attr_bridge_type_train.csv,data/features/dinov3_vitb16_remaining_attributes_assets.csv,classification,dinov3_frozen_embeddings_linear_svm,linear_svm,StratifiedGroupKFold,3,5,83513,Beam,Other,False
attr_bridge_type,attr_bridge_type,data/processed/train/attr_bridge_type_train.csv,data/features/dinov3_vitb16_remaining_attributes_assets.csv,classification,dinov3_frozen_embeddings_linear_svm,linear_svm,StratifiedGroupKFold,3,5,85177,Truss,Beam,False
attr_bridge_type,attr_bridge_type,data/processed/train/attr_bridge_type_train.csv,data/features/dinov3_vitb16_remaining_attributes_assets.csv,classification,dinov3_frozen_embeddings_linear_svm,linear_svm,StratifiedGroupKFold,3,5,85208,Truss,Truss,True
attr_bridge_type,attr_bridge_type,data/processed/train/attr_bridge_type_train.csv,data/features/dinov3_vitb16_remaining_attributes_assets.csv,classification,dinov3_frozen_embeddings_linear_svm,linear_svm,StratifiedGroupKFold,3,5,85210,Truss,Truss,True
attr_bridge_type,attr_bridge_type,data/processed/train/attr_bridge_type_train.csv,data/features/dinov3_vitb16_remaining_attributes_assets.csv,classification,dinov3_frozen_embeddings_linear_svm,linear_svm,StratifiedGroupKFold,3,5,85487,Beam,Beam,True
attr_bridge_type,attr_bridge_type,data/processed/train/attr_bridge_type_train.csv,data/features/dinov3_vitb16_remaining_attributes_assets.csv,classification,dinov3_frozen_embeddings_linear_svm,linear_svm,StratifiedGroupKFold,3,5,86525,Truss,Beam,False
attr_bridge_type,attr_bridge_type,data/processed/train/attr_bridge_type_train.csv,data/features/dinov3_vitb16_remaining_attributes_assets.csv,classification,dinov3_frozen_embeddings_linear_svm,linear_svm,StratifiedGroupKFold,3,5,87483,Beam,Beam,True
attr_bridge_type,attr_bridge_type,data/processed/train/attr_bridge_type_train.csv,data/features/dinov3_vitb16_remaining_attributes_assets.csv,classification,dinov3_frozen_embeddings_linear_svm,linear_svm,StratifiedGroupKFold,3,5,87549,Beam,Beam,True
attr_bridge_type,attr_bridge_type,data/processed/train/attr_bridge_type_train.csv,data/features/dinov3_vitb16_remaining_attributes_assets.csv,classification,dinov3_frozen_embeddings_linear_svm,linear_svm,StratifiedGroupKFold,3,5,89443,Beam,Beam,True
attr_bridge_type,attr_bridge_type,data/processed/train/attr_bridge_type_train.csv,data/features/dinov3_vitb16_remaining_attributes_assets.csv,classification,dinov3_frozen_embeddings_linear_svm,linear_svm,StratifiedGroupKFold,3,5,89452,Beam,Beam,True
attr_bridge_type,attr_bridge_type,data/processed/train/attr_bridge_type_train.csv,data/features/dinov3_vitb16_remaining_attributes_assets.csv,classification,dinov3_frozen_embeddings_linear_svm,linear_svm,StratifiedGroupKFold,3,5,90361,Beam,Beam,True
attr_bridge_type,attr_bridge_type,data/processed/train/attr_bridge_type_train.csv,data/features/dinov3_vitb16_remaining_attributes_assets.csv,classification,dinov3_frozen_embeddings_linear_svm,linear_svm,StratifiedGroupKFold,3,5,90385,Beam,Beam,True
attr_bridge_type,attr_bridge_type,data/processed/train/attr_bridge_type_train.csv,data/features/dinov3_vitb16_remaining_attributes_assets.csv,classification,dinov3_frozen_embeddings_linear_svm,linear_svm,StratifiedGroupKFold,3,5,90505,Beam,Beam,True
attr_bridge_type,attr_bridge_type,data/processed/train/attr_bridge_type_train.csv,data/features/dinov3_vitb16_remaining_attributes_assets.csv,classification,dinov3_frozen_embeddings_linear_svm,linear_svm,StratifiedGroupKFold,3,5,94144,Truss,Beam,False
attr_bridge_type,attr_bridge_type,data/processed/train/attr_bridge_type_train.csv,data/features/dinov3_vitb16_remaining_attributes_assets.csv,classification,dinov3_frozen_embeddings_linear_svm,linear_svm,StratifiedGroupKFold,3,5,96293,Beam,Beam,True
attr_bridge_type,attr_bridge_type,data/processed/train/attr_bridge_type_train.csv,data/features/dinov3_vitb16_remaining_attributes_assets.csv,classification,dinov3_frozen_embeddings_linear_svm,linear_svm,StratifiedGroupKFold,3,5,98336,Beam,Beam,True
attr_bridge_type,attr_bridge_type,data/processed/train/attr_bridge_type_train.csv,data/features/dinov3_vitb16_remaining_attributes_assets.csv,classification,dinov3_frozen_embeddings_linear_svm,linear_svm,StratifiedGroupKFold,3,5,98498,Beam,Beam,True
attr_bridge_type,attr_bridge_type,data/processed/train/attr_bridge_type_train.csv,data/features/dinov3_vitb16_remaining_attributes_assets.csv,classification,dinov3_frozen_embeddings_linear_svm,linear_svm,StratifiedGroupKFold,3,5,99460,Beam,Beam,True
attr_bridge_type,attr_bridge_type,data/processed/train/attr_bridge_type_train.csv,data/features/dinov3_vitb16_remaining_attributes_assets.csv,classification,dinov3_frozen_embeddings_linear_svm,linear_svm,StratifiedGroupKFold,3,5,99615,Beam,Beam,True
attr_bridge_type,attr_bridge_type,data/processed/train/attr_bridge_type_train.csv,data/features/dinov3_vitb16_remaining_attributes_assets.csv,classification,dinov3_frozen_embeddings_linear_svm,linear_svm,StratifiedGroupKFold,3,5,99814,Beam,Beam,True
attr_bridge_type,attr_bridge_type,data/processed/train/attr_bridge_type_train.csv,data/features/dinov3_vitb16_remaining_attributes_assets.csv,classification,dinov3_frozen_embeddings_linear_svm,linear_svm,StratifiedGroupKFold,3,5,100177,Beam,Beam,True
attr_bridge_type,attr_bridge_type,data/processed/train/attr_bridge_type_train.csv,data/features/dinov3_vitb16_remaining_attributes_assets.csv,classification,dinov3_frozen_embeddings_linear_svm,linear_svm,StratifiedGroupKFold,3,5,100272,Beam,Beam,True
attr_bridge_type,attr_bridge_type,data/processed/train/attr_bridge_type_train.csv,data/features/dinov3_vitb16_remaining_attributes_assets.csv,classification,dinov3_frozen_embeddings_linear_svm,linear_svm,StratifiedGroupKFold,3,5,101132,Beam,Beam,True
attr_bridge_type,attr_bridge_type,data/processed/train/attr_bridge_type_train.csv,data/features/dinov3_vitb16_remaining_attributes_assets.csv,classification,dinov3_frozen_embeddings_linear_svm,linear_svm,StratifiedGroupKFold,3,5,101134,Beam,Beam,True
attr_bridge_type,attr_bridge_type,data/processed/train/attr_bridge_type_train.csv,data/features/dinov3_vitb16_remaining_attributes_assets.csv,classification,dinov3_frozen_embeddings_linear_svm,linear_svm,StratifiedGroupKFold,3,5,101869,Beam,Beam,True
attr_bridge_type,attr_bridge_type,data/processed/train/attr_bridge_type_train.csv,data/features/dinov3_vitb16_remaining_attributes_assets.csv,classification,dinov3_frozen_embeddings_linear_svm,linear_svm,StratifiedGroupKFold,3,5,102354,Beam,Beam,True
attr_bridge_type,attr_bridge_type,data/processed/train/attr_bridge_type_train.csv,data/features/dinov3_vitb16_remaining_attributes_assets.csv,classification,dinov3_frozen_embeddings_linear_svm,linear_svm,StratifiedGroupKFold,3,5,102468,Beam,Beam,True
attr_bridge_type,attr_bridge_type,data/processed/train/attr_bridge_type_train.csv,data/features/dinov3_vitb16_remaining_attributes_assets.csv,classification,dinov3_frozen_embeddings_linear_svm,linear_svm,StratifiedGroupKFold,3,5,104170,Beam,Beam,True
attr_bridge_type,attr_bridge_type,data/processed/train/attr_bridge_type_train.csv,data/features/dinov3_vitb16_remaining_attributes_assets.csv,classification,dinov3_frozen_embeddings_linear_svm,linear_svm,StratifiedGroupKFold,3,5,104172,Beam,Beam,True
attr_bridge_type,attr_bridge_type,data/processed/train/attr_bridge_type_train.csv,data/features/dinov3_vitb16_remaining_attributes_assets.csv,classification,dinov3_frozen_embeddings_linear_svm,linear_svm,StratifiedGroupKFold,3,5,104865,Beam,Beam,True
attr_bridge_type,attr_bridge_type,data/processed/train/attr_bridge_type_train.csv,data/features/dinov3_vitb16_remaining_attributes_assets.csv,classification,dinov3_frozen_embeddings_linear_svm,linear_svm,StratifiedGroupKFold,3,5,106042,Beam,Beam,True
attr_bridge_type,attr_bridge_type,data/processed/train/attr_bridge_type_train.csv,data/features/dinov3_vitb16_remaining_attributes_assets.csv,classification,dinov3_frozen_embeddings_linear_svm,linear_svm,StratifiedGroupKFold,3,5,106264,Beam,Beam,True
attr_bridge_type,attr_bridge_type,data/processed/train/attr_bridge_type_train.csv,data/features/dinov3_vitb16_remaining_attributes_assets.csv,classification,dinov3_frozen_embeddings_linear_svm,linear_svm,StratifiedGroupKFold,3,5,107911,Beam,Beam,True
attr_bridge_type,attr_bridge_type,data/processed/train/attr_bridge_type_train.csv,data/features/dinov3_vitb16_remaining_attributes_assets.csv,classification,dinov3_frozen_embeddings_linear_svm,linear_svm,StratifiedGroupKFold,3,5,107912,Beam,Beam,True
attr_bridge_type,attr_bridge_type,data/processed/train/attr_bridge_type_train.csv,data/features/dinov3_vitb16_remaining_attributes_assets.csv,classification,dinov3_frozen_embeddings_linear_svm,linear_svm,StratifiedGroupKFold,3,5,107914,Beam,Beam,True
attr_bridge_type,attr_bridge_type,data/processed/train/attr_bridge_type_train.csv,data/features/dinov3_vitb16_remaining_attributes_assets.csv,classification,dinov3_frozen_embeddings_linear_svm,linear_svm,StratifiedGroupKFold,3,5,107961,Beam,Beam,True
attr_bridge_type,attr_bridge_type,data/processed/train/attr_bridge_type_train.csv,data/features/dinov3_vitb16_remaining_attributes_assets.csv,classification,dinov3_frozen_embeddings_linear_svm,linear_svm,StratifiedGroupKFold,3,5,107969,Suspension,Suspension,True
attr_bridge_type,attr_bridge_type,data/processed/train/attr_bridge_type_train.csv,data/features/dinov3_vitb16_remaining_attributes_assets.csv,classification,dinov3_frozen_embeddings_linear_svm,linear_svm,StratifiedGroupKFold,3,5,107998,Beam,Beam,True
attr_bridge_type,attr_bridge_type,data/processed/train/attr_bridge_type_train.csv,data/features/dinov3_vitb16_remaining_attributes_assets.csv,classification,dinov3_frozen_embeddings_linear_svm,linear_svm,StratifiedGroupKFold,3,5,108731,Beam,Beam,True
attr_bridge_type,attr_bridge_type,data/processed/train/attr_bridge_type_train.csv,data/features/dinov3_vitb16_remaining_attributes_assets.csv,classification,dinov3_frozen_embeddings_linear_svm,linear_svm,StratifiedGroupKFold,3,5,109151,Beam,Truss,False
attr_bridge_type,attr_bridge_type,data/processed/train/attr_bridge_type_train.csv,data/features/dinov3_vitb16_remaining_attributes_assets.csv,classification,dinov3_frozen_embeddings_linear_svm,linear_svm,StratifiedGroupKFold,3,5,109619,Beam,Beam,True
attr_bridge_type,attr_bridge_type,data/processed/train/attr_bridge_type_train.csv,data/features/dinov3_vitb16_remaining_attributes_assets.csv,classification,dinov3_frozen_embeddings_linear_svm,linear_svm,StratifiedGroupKFold,3,5,110131,Beam,Beam,True
attr_bridge_type,attr_bridge_type,data/processed/train/attr_bridge_type_train.csv,data/features/dinov3_vitb16_remaining_attributes_assets.csv,classification,dinov3_frozen_embeddings_linear_svm,linear_svm,StratifiedGroupKFold,3,5,110169,Beam,Beam,True
attr_bridge_type,attr_bridge_type,data/processed/train/attr_bridge_type_train.csv,data/features/dinov3_vitb16_remaining_attributes_assets.csv,classification,dinov3_frozen_embeddings_linear_svm,linear_svm,StratifiedGroupKFold,3,5,110810,Beam,Beam,True
attr_bridge_type,attr_bridge_type,data/processed/train/attr_bridge_type_train.csv,data/features/dinov3_vitb16_remaining_attributes_assets.csv,classification,dinov3_frozen_embeddings_linear_svm,linear_svm,StratifiedGroupKFold,3,5,110956,Beam,Beam,True
attr_bridge_type,attr_bridge_type,data/processed/train/attr_bridge_type_train.csv,data/features/dinov3_vitb16_remaining_attributes_assets.csv,classification,dinov3_frozen_embeddings_linear_svm,linear_svm,StratifiedGroupKFold,3,5,111002,Beam,Beam,True
attr_bridge_type,attr_bridge_type,data/processed/train/attr_bridge_type_train.csv,data/features/dinov3_vitb16_remaining_attributes_assets.csv,classification,dinov3_frozen_embeddings_linear_svm,linear_svm,StratifiedGroupKFold,3,5,111951,Beam,Beam,True
attr_bridge_type,attr_bridge_type,data/processed/train/attr_bridge_type_train.csv,data/features/dinov3_vitb16_remaining_attributes_assets.csv,classification,dinov3_frozen_embeddings_linear_svm,linear_svm,StratifiedGroupKFold,3,5,113159,Beam,Beam,True
attr_bridge_type,attr_bridge_type,data/processed/train/attr_bridge_type_train.csv,data/features/dinov3_vitb16_remaining_attributes_assets.csv,classification,dinov3_frozen_embeddings_linear_svm,linear_svm,StratifiedGroupKFold,3,5,113184,Beam,Beam,True
attr_bridge_type,attr_bridge_type,data/processed/train/attr_bridge_type_train.csv,data/features/dinov3_vitb16_remaining_attributes_assets.csv,classification,dinov3_frozen_embeddings_linear_svm,linear_svm,StratifiedGroupKFold,3,5,113217,Beam,Beam,True
attr_bridge_type,attr_bridge_type,data/processed/train/attr_bridge_type_train.csv,data/features/dinov3_vitb16_remaining_attributes_assets.csv,classification,dinov3_frozen_embeddings_linear_svm,linear_svm,StratifiedGroupKFold,3,5,113954,Beam,Beam,True
attr_bridge_type,attr_bridge_type,data/processed/train/attr_bridge_type_train.csv,data/features/dinov3_vitb16_remaining_attributes_assets.csv,classification,dinov3_frozen_embeddings_linear_svm,linear_svm,StratifiedGroupKFold,3,5,114635,Beam,Beam,True
attr_bridge_type,attr_bridge_type,data/processed/train/attr_bridge_type_train.csv,data/features/dinov3_vitb16_remaining_attributes_assets.csv,classification,dinov3_frozen_embeddings_linear_svm,linear_svm,StratifiedGroupKFold,3,5,114646,Beam,Suspension,False
attr_bridge_type,attr_bridge_type,data/processed/train/attr_bridge_type_train.csv,data/features/dinov3_vitb16_remaining_attributes_assets.csv,classification,dinov3_frozen_embeddings_linear_svm,linear_svm,StratifiedGroupKFold,3,5,114940,Beam,Beam,True
attr_bridge_type,attr_bridge_type,data/processed/train/attr_bridge_type_train.csv,data/features/dinov3_vitb16_remaining_attributes_assets.csv,classification,dinov3_frozen_embeddings_linear_svm,linear_svm,StratifiedGroupKFold,3,5,114971,Beam,Beam,True
attr_bridge_type,attr_bridge_type,data/processed/train/attr_bridge_type_train.csv,data/features/dinov3_vitb16_remaining_attributes_assets.csv,classification,dinov3_frozen_embeddings_linear_svm,linear_svm,StratifiedGroupKFold,3,5,115209,Beam,Beam,True
attr_bridge_type,attr_bridge_type,data/processed/train/attr_bridge_type_train.csv,data/features/dinov3_vitb16_remaining_attributes_assets.csv,classification,dinov3_frozen_embeddings_linear_svm,linear_svm,StratifiedGroupKFold,3,5,115870,Beam,Beam,True
attr_bridge_type,attr_bridge_type,data/processed/train/attr_bridge_type_train.csv,data/features/dinov3_vitb16_remaining_attributes_assets.csv,classification,dinov3_frozen_embeddings_linear_svm,linear_svm,StratifiedGroupKFold,3,5,117196,Truss,Truss,True
attr_bridge_type,attr_bridge_type,data/processed/train/attr_bridge_type_train.csv,data/features/dinov3_vitb16_remaining_attributes_assets.csv,classification,dinov3_frozen_embeddings_linear_svm,linear_svm,StratifiedGroupKFold,3,5,117363,Beam,Beam,True
attr_bridge_type,attr_bridge_type,data/processed/train/attr_bridge_type_train.csv,data/features/dinov3_vitb16_remaining_attributes_assets.csv,classification,dinov3_frozen_embeddings_linear_svm,linear_svm,StratifiedGroupKFold,3,5,117365,Beam,Beam,True
attr_bridge_type,attr_bridge_type,data/processed/train/attr_bridge_type_train.csv,data/features/dinov3_vitb16_remaining_attributes_assets.csv,classification,dinov3_frozen_embeddings_linear_svm,linear_svm,StratifiedGroupKFold,3,5,118923,Truss,Truss,True
attr_bridge_type,attr_bridge_type,data/processed/train/attr_bridge_type_train.csv,data/features/dinov3_vitb16_remaining_attributes_assets.csv,classification,dinov3_frozen_embeddings_linear_svm,linear_svm,StratifiedGroupKFold,3,5,119774,Beam,Beam,True
attr_bridge_type,attr_bridge_type,data/processed/train/attr_bridge_type_train.csv,data/features/dinov3_vitb16_remaining_attributes_assets.csv,classification,dinov3_frozen_embeddings_linear_svm,linear_svm,StratifiedGroupKFold,3,5,119863,Beam,Beam,True
attr_bridge_type,attr_bridge_type,data/processed/train/attr_bridge_type_train.csv,data/features/dinov3_vitb16_remaining_attributes_assets.csv,classification,dinov3_frozen_embeddings_linear_svm,linear_svm,StratifiedGroupKFold,3,5,119948,Beam,Beam,True
attr_bridge_type,attr_bridge_type,data/processed/train/attr_bridge_type_train.csv,data/features/dinov3_vitb16_remaining_attributes_assets.csv,classification,dinov3_frozen_embeddings_linear_svm,linear_svm,StratifiedGroupKFold,3,5,120294,Beam,Beam,True
attr_bridge_type,attr_bridge_type,data/processed/train/attr_bridge_type_train.csv,data/features/dinov3_vitb16_remaining_attributes_assets.csv,classification,dinov3_frozen_embeddings_linear_svm,linear_svm,StratifiedGroupKFold,3,5,122445,Beam,Beam,True
attr_bridge_type,attr_bridge_type,data/processed/train/attr_bridge_type_train.csv,data/features/dinov3_vitb16_remaining_attributes_assets.csv,classification,dinov3_frozen_embeddings_linear_svm,linear_svm,StratifiedGroupKFold,3,5,122828,Beam,Beam,True
attr_bridge_type,attr_bridge_type,data/processed/train/attr_bridge_type_train.csv,data/features/dinov3_vitb16_remaining_attributes_assets.csv,classification,dinov3_frozen_embeddings_linear_svm,linear_svm,StratifiedGroupKFold,3,5,123159,Beam,Beam,True
attr_bridge_type,attr_bridge_type,data/processed/train/attr_bridge_type_train.csv,data/features/dinov3_vitb16_remaining_attributes_assets.csv,classification,dinov3_frozen_embeddings_linear_svm,linear_svm,StratifiedGroupKFold,3,5,123161,Beam,Beam,True
attr_bridge_type,attr_bridge_type,data/processed/train/attr_bridge_type_train.csv,data/features/dinov3_vitb16_remaining_attributes_assets.csv,classification,dinov3_frozen_embeddings_linear_svm,linear_svm,StratifiedGroupKFold,3,5,123167,Beam,Beam,True
attr_bridge_type,attr_bridge_type,data/processed/train/attr_bridge_type_train.csv,data/features/dinov3_vitb16_remaining_attributes_assets.csv,classification,dinov3_frozen_embeddings_linear_svm,linear_svm,StratifiedGroupKFold,3,5,123218,Beam,Beam,True
attr_bridge_type,attr_bridge_type,data/processed/train/attr_bridge_type_train.csv,data/features/dinov3_vitb16_remaining_attributes_assets.csv,classification,dinov3_frozen_embeddings_linear_svm,linear_svm,StratifiedGroupKFold,3,5,123585,Beam,Truss,False
attr_bridge_type,attr_bridge_type,data/processed/train/attr_bridge_type_train.csv,data/features/dinov3_vitb16_remaining_attributes_assets.csv,classification,dinov3_frozen_embeddings_linear_svm,linear_svm,StratifiedGroupKFold,3,5,123655,Beam,Beam,True
attr_bridge_type,attr_bridge_type,data/processed/train/attr_bridge_type_train.csv,data/features/dinov3_vitb16_remaining_attributes_assets.csv,classification,dinov3_frozen_embeddings_linear_svm,linear_svm,StratifiedGroupKFold,3,5,126356,Suspension,Suspension,True
attr_bridge_type,attr_bridge_type,data/processed/train/attr_bridge_type_train.csv,data/features/dinov3_vitb16_remaining_attributes_assets.csv,classification,dinov3_frozen_embeddings_linear_svm,linear_svm,StratifiedGroupKFold,3,5,126721,Truss,Truss,True
attr_bridge_type,attr_bridge_type,data/processed/train/attr_bridge_type_train.csv,data/features/dinov3_vitb16_remaining_attributes_assets.csv,classification,dinov3_frozen_embeddings_linear_svm,linear_svm,StratifiedGroupKFold,3,5,126737,Beam,Beam,True
attr_bridge_type,attr_bridge_type,data/processed/train/attr_bridge_type_train.csv,data/features/dinov3_vitb16_remaining_attributes_assets.csv,classification,dinov3_frozen_embeddings_linear_svm,linear_svm,StratifiedGroupKFold,3,5,126774,Truss,Beam,False
attr_bridge_type,attr_bridge_type,data/processed/train/attr_bridge_type_train.csv,data/features/dinov3_vitb16_remaining_attributes_assets.csv,classification,dinov3_frozen_embeddings_linear_svm,linear_svm,StratifiedGroupKFold,3,5,126799,Truss,Truss,True
attr_bridge_type,attr_bridge_type,data/processed/train/attr_bridge_type_train.csv,data/features/dinov3_vitb16_remaining_attributes_assets.csv,classification,dinov3_frozen_embeddings_linear_svm,linear_svm,StratifiedGroupKFold,3,5,126915,Beam,Truss,False
attr_bridge_type,attr_bridge_type,data/processed/train/attr_bridge_type_train.csv,data/features/dinov3_vitb16_remaining_attributes_assets.csv,classification,dinov3_frozen_embeddings_linear_svm,linear_svm,StratifiedGroupKFold,3,5,127145,Beam,Truss,False
attr_bridge_type,attr_bridge_type,data/processed/train/attr_bridge_type_train.csv,data/features/dinov3_vitb16_remaining_attributes_assets.csv,classification,dinov3_frozen_embeddings_linear_svm,linear_svm,StratifiedGroupKFold,3,5,128273,Other,Beam,False
attr_bridge_type,attr_bridge_type,data/processed/train/attr_bridge_type_train.csv,data/features/dinov3_vitb16_remaining_attributes_assets.csv,classification,dinov3_frozen_embeddings_linear_svm,linear_svm,StratifiedGroupKFold,3,5,128643,Beam,Beam,True
attr_bridge_type,attr_bridge_type,data/processed/train/attr_bridge_type_train.csv,data/features/dinov3_vitb16_remaining_attributes_assets.csv,classification,dinov3_frozen_embeddings_linear_svm,linear_svm,StratifiedGroupKFold,3,5,128828,Beam,Beam,True
attr_bridge_type,attr_bridge_type,data/processed/train/attr_bridge_type_train.csv,data/features/dinov3_vitb16_remaining_attributes_assets.csv,classification,dinov3_frozen_embeddings_linear_svm,linear_svm,StratifiedGroupKFold,3,5,128830,Beam,Beam,True
attr_bridge_type,attr_bridge_type,data/processed/train/attr_bridge_type_train.csv,data/features/dinov3_vitb16_remaining_attributes_assets.csv,classification,dinov3_frozen_embeddings_linear_svm,linear_svm,StratifiedGroupKFold,3,5,129304,Fallen Tree,Beam,False
attr_bridge_type,attr_bridge_type,data/processed/train/attr_bridge_type_train.csv,data/features/dinov3_vitb16_remaining_attributes_assets.csv,classification,dinov3_frozen_embeddings_linear_svm,linear_svm,StratifiedGroupKFold,3,5,129739,Beam,Beam,True
attr_bridge_type,attr_bridge_type,data/processed/train/attr_bridge_type_train.csv,data/features/dinov3_vitb16_remaining_attributes_assets.csv,classification,dinov3_frozen_embeddings_linear_svm,linear_svm,StratifiedGroupKFold,4,5,83458,Beam,Beam,True
attr_bridge_type,attr_bridge_type,data/processed/train/attr_bridge_type_train.csv,data/features/dinov3_vitb16_remaining_attributes_assets.csv,classification,dinov3_frozen_embeddings_linear_svm,linear_svm,StratifiedGroupKFold,4,5,87575,Beam,Beam,True
attr_bridge_type,attr_bridge_type,data/processed/train/attr_bridge_type_train.csv,data/features/dinov3_vitb16_remaining_attributes_assets.csv,classification,dinov3_frozen_embeddings_linear_svm,linear_svm,StratifiedGroupKFold,4,5,89574,Beam,Beam,True
attr_bridge_type,attr_bridge_type,data/processed/train/attr_bridge_type_train.csv,data/features/dinov3_vitb16_remaining_attributes_assets.csv,classification,dinov3_frozen_embeddings_linear_svm,linear_svm,StratifiedGroupKFold,4,5,89598,Beam,Beam,True
attr_bridge_type,attr_bridge_type,data/processed/train/attr_bridge_type_train.csv,data/features/dinov3_vitb16_remaining_attributes_assets.csv,classification,dinov3_frozen_embeddings_linear_svm,linear_svm,StratifiedGroupKFold,4,5,93039,Beam,Beam,True
attr_bridge_type,attr_bridge_type,data/processed/train/attr_bridge_type_train.csv,data/features/dinov3_vitb16_remaining_attributes_assets.csv,classification,dinov3_frozen_embeddings_linear_svm,linear_svm,StratifiedGroupKFold,4,5,96332,Beam,Beam,True
attr_bridge_type,attr_bridge_type,data/processed/train/attr_bridge_type_train.csv,data/features/dinov3_vitb16_remaining_attributes_assets.csv,classification,dinov3_frozen_embeddings_linear_svm,linear_svm,StratifiedGroupKFold,4,5,100555,Beam,Beam,True
attr_bridge_type,attr_bridge_type,data/processed/train/attr_bridge_type_train.csv,data/features/dinov3_vitb16_remaining_attributes_assets.csv,classification,dinov3_frozen_embeddings_linear_svm,linear_svm,StratifiedGroupKFold,4,5,103708,Beam,Beam,True
attr_bridge_type,attr_bridge_type,data/processed/train/attr_bridge_type_train.csv,data/features/dinov3_vitb16_remaining_attributes_assets.csv,classification,dinov3_frozen_embeddings_linear_svm,linear_svm,StratifiedGroupKFold,4,5,103740,Beam,Beam,True
attr_bridge_type,attr_bridge_type,data/processed/train/attr_bridge_type_train.csv,data/features/dinov3_vitb16_remaining_attributes_assets.csv,classification,dinov3_frozen_embeddings_linear_svm,linear_svm,StratifiedGroupKFold,4,5,128879,Truss,Truss,True
attr_bridge_type,attr_bridge_type,data/processed/train/attr_bridge_type_train.csv,data/features/dinov3_vitb16_remaining_attributes_assets.csv,classification,dinov3_frozen_embeddings_linear_svm,linear_svm,StratifiedGroupKFold,4,5,47637,Beam,Beam,True
attr_bridge_type,attr_bridge_type,data/processed/train/attr_bridge_type_train.csv,data/features/dinov3_vitb16_remaining_attributes_assets.csv,classification,dinov3_frozen_embeddings_linear_svm,linear_svm,StratifiedGroupKFold,4,5,48625,Beam,Beam,True
attr_bridge_type,attr_bridge_type,data/processed/train/attr_bridge_type_train.csv,data/features/dinov3_vitb16_remaining_attributes_assets.csv,classification,dinov3_frozen_embeddings_linear_svm,linear_svm,StratifiedGroupKFold,4,5,49062,Truss,Beam,False
attr_bridge_type,attr_bridge_type,data/processed/train/attr_bridge_type_train.csv,data/features/dinov3_vitb16_remaining_attributes_assets.csv,classification,dinov3_frozen_embeddings_linear_svm,linear_svm,StratifiedGroupKFold,4,5,51524,Beam,Beam,True
attr_bridge_type,attr_bridge_type,data/processed/train/attr_bridge_type_train.csv,data/features/dinov3_vitb16_remaining_attributes_assets.csv,classification,dinov3_frozen_embeddings_linear_svm,linear_svm,StratifiedGroupKFold,4,5,51528,Beam,Beam,True
attr_bridge_type,attr_bridge_type,data/processed/train/attr_bridge_type_train.csv,data/features/dinov3_vitb16_remaining_attributes_assets.csv,classification,dinov3_frozen_embeddings_linear_svm,linear_svm,StratifiedGroupKFold,4,5,51799,Beam,Beam,True
attr_bridge_type,attr_bridge_type,data/processed/train/attr_bridge_type_train.csv,data/features/dinov3_vitb16_remaining_attributes_assets.csv,classification,dinov3_frozen_embeddings_linear_svm,linear_svm,StratifiedGroupKFold,4,5,54322,Suspension,Suspension,True
attr_bridge_type,attr_bridge_type,data/processed/train/attr_bridge_type_train.csv,data/features/dinov3_vitb16_remaining_attributes_assets.csv,classification,dinov3_frozen_embeddings_linear_svm,linear_svm,StratifiedGroupKFold,4,5,54325,Suspension,Beam,False
attr_bridge_type,attr_bridge_type,data/processed/train/attr_bridge_type_train.csv,data/features/dinov3_vitb16_remaining_attributes_assets.csv,classification,dinov3_frozen_embeddings_linear_svm,linear_svm,StratifiedGroupKFold,4,5,56467,Truss,Truss,True
attr_bridge_type,attr_bridge_type,data/processed/train/attr_bridge_type_train.csv,data/features/dinov3_vitb16_remaining_attributes_assets.csv,classification,dinov3_frozen_embeddings_linear_svm,linear_svm,StratifiedGroupKFold,4,5,57833,Beam,Beam,True
attr_bridge_type,attr_bridge_type,data/processed/train/attr_bridge_type_train.csv,data/features/dinov3_vitb16_remaining_attributes_assets.csv,classification,dinov3_frozen_embeddings_linear_svm,linear_svm,StratifiedGroupKFold,4,5,58954,Beam,Beam,True
attr_bridge_type,attr_bridge_type,data/processed/train/attr_bridge_type_train.csv,data/features/dinov3_vitb16_remaining_attributes_assets.csv,classification,dinov3_frozen_embeddings_linear_svm,linear_svm,StratifiedGroupKFold,4,5,61111,Beam,Beam,True
attr_bridge_type,attr_bridge_type,data/processed/train/attr_bridge_type_train.csv,data/features/dinov3_vitb16_remaining_attributes_assets.csv,classification,dinov3_frozen_embeddings_linear_svm,linear_svm,StratifiedGroupKFold,4,5,61413,Beam,Beam,True
attr_bridge_type,attr_bridge_type,data/processed/train/attr_bridge_type_train.csv,data/features/dinov3_vitb16_remaining_attributes_assets.csv,classification,dinov3_frozen_embeddings_linear_svm,linear_svm,StratifiedGroupKFold,4,5,61414,Beam,Beam,True
attr_bridge_type,attr_bridge_type,data/processed/train/attr_bridge_type_train.csv,data/features/dinov3_vitb16_remaining_attributes_assets.csv,classification,dinov3_frozen_embeddings_linear_svm,linear_svm,StratifiedGroupKFold,4,5,62088,Beam,Beam,True
attr_bridge_type,attr_bridge_type,data/processed/train/attr_bridge_type_train.csv,data/features/dinov3_vitb16_remaining_attributes_assets.csv,classification,dinov3_frozen_embeddings_linear_svm,linear_svm,StratifiedGroupKFold,4,5,62442,Beam,Truss,False
attr_bridge_type,attr_bridge_type,data/processed/train/attr_bridge_type_train.csv,data/features/dinov3_vitb16_remaining_attributes_assets.csv,classification,dinov3_frozen_embeddings_linear_svm,linear_svm,StratifiedGroupKFold,4,5,63068,Truss,Truss,True
attr_bridge_type,attr_bridge_type,data/processed/train/attr_bridge_type_train.csv,data/features/dinov3_vitb16_remaining_attributes_assets.csv,classification,dinov3_frozen_embeddings_linear_svm,linear_svm,StratifiedGroupKFold,4,5,64131,Truss,Truss,True
attr_bridge_type,attr_bridge_type,data/processed/train/attr_bridge_type_train.csv,data/features/dinov3_vitb16_remaining_attributes_assets.csv,classification,dinov3_frozen_embeddings_linear_svm,linear_svm,StratifiedGroupKFold,4,5,64137,Beam,Beam,True
attr_bridge_type,attr_bridge_type,data/processed/train/attr_bridge_type_train.csv,data/features/dinov3_vitb16_remaining_attributes_assets.csv,classification,dinov3_frozen_embeddings_linear_svm,linear_svm,StratifiedGroupKFold,4,5,64138,Beam,Fallen Tree,False
attr_bridge_type,attr_bridge_type,data/processed/train/attr_bridge_type_train.csv,data/features/dinov3_vitb16_remaining_attributes_assets.csv,classification,dinov3_frozen_embeddings_linear_svm,linear_svm,StratifiedGroupKFold,4,5,64643,Beam,Beam,True
attr_bridge_type,attr_bridge_type,data/processed/train/attr_bridge_type_train.csv,data/features/dinov3_vitb16_remaining_attributes_assets.csv,classification,dinov3_frozen_embeddings_linear_svm,linear_svm,StratifiedGroupKFold,4,5,65609,Beam,Beam,True
attr_bridge_type,attr_bridge_type,data/processed/train/attr_bridge_type_train.csv,data/features/dinov3_vitb16_remaining_attributes_assets.csv,classification,dinov3_frozen_embeddings_linear_svm,linear_svm,StratifiedGroupKFold,4,5,65788,Beam,Beam,True
attr_bridge_type,attr_bridge_type,data/processed/train/attr_bridge_type_train.csv,data/features/dinov3_vitb16_remaining_attributes_assets.csv,classification,dinov3_frozen_embeddings_linear_svm,linear_svm,StratifiedGroupKFold,4,5,66207,Fallen Tree,Beam,False
attr_bridge_type,attr_bridge_type,data/processed/train/attr_bridge_type_train.csv,data/features/dinov3_vitb16_remaining_attributes_assets.csv,classification,dinov3_frozen_embeddings_linear_svm,linear_svm,StratifiedGroupKFold,4,5,81808,Beam,Beam,True
attr_bridge_type,attr_bridge_type,data/processed/train/attr_bridge_type_train.csv,data/features/dinov3_vitb16_remaining_attributes_assets.csv,classification,dinov3_frozen_embeddings_linear_svm,linear_svm,StratifiedGroupKFold,4,5,83132,Beam,Beam,True
attr_bridge_type,attr_bridge_type,data/processed/train/attr_bridge_type_train.csv,data/features/dinov3_vitb16_remaining_attributes_assets.csv,classification,dinov3_frozen_embeddings_linear_svm,linear_svm,StratifiedGroupKFold,4,5,83134,Beam,Beam,True
attr_bridge_type,attr_bridge_type,data/processed/train/attr_bridge_type_train.csv,data/features/dinov3_vitb16_remaining_attributes_assets.csv,classification,dinov3_frozen_embeddings_linear_svm,linear_svm,StratifiedGroupKFold,4,5,83900,Suspension,Suspension,True
attr_bridge_type,attr_bridge_type,data/processed/train/attr_bridge_type_train.csv,data/features/dinov3_vitb16_remaining_attributes_assets.csv,classification,dinov3_frozen_embeddings_linear_svm,linear_svm,StratifiedGroupKFold,4,5,85364,Beam,Beam,True
attr_bridge_type,attr_bridge_type,data/processed/train/attr_bridge_type_train.csv,data/features/dinov3_vitb16_remaining_attributes_assets.csv,classification,dinov3_frozen_embeddings_linear_svm,linear_svm,StratifiedGroupKFold,4,5,87736,Truss,Truss,True
attr_bridge_type,attr_bridge_type,data/processed/train/attr_bridge_type_train.csv,data/features/dinov3_vitb16_remaining_attributes_assets.csv,classification,dinov3_frozen_embeddings_linear_svm,linear_svm,StratifiedGroupKFold,4,5,87961,Truss,Truss,True
attr_bridge_type,attr_bridge_type,data/processed/train/attr_bridge_type_train.csv,data/features/dinov3_vitb16_remaining_attributes_assets.csv,classification,dinov3_frozen_embeddings_linear_svm,linear_svm,StratifiedGroupKFold,4,5,89447,Beam,Beam,True
attr_bridge_type,attr_bridge_type,data/processed/train/attr_bridge_type_train.csv,data/features/dinov3_vitb16_remaining_attributes_assets.csv,classification,dinov3_frozen_embeddings_linear_svm,linear_svm,StratifiedGroupKFold,4,5,89580,Beam,Beam,True
attr_bridge_type,attr_bridge_type,data/processed/train/attr_bridge_type_train.csv,data/features/dinov3_vitb16_remaining_attributes_assets.csv,classification,dinov3_frozen_embeddings_linear_svm,linear_svm,StratifiedGroupKFold,4,5,89590,Truss,Truss,True
attr_bridge_type,attr_bridge_type,data/processed/train/attr_bridge_type_train.csv,data/features/dinov3_vitb16_remaining_attributes_assets.csv,classification,dinov3_frozen_embeddings_linear_svm,linear_svm,StratifiedGroupKFold,4,5,89597,Truss,Beam,False
attr_bridge_type,attr_bridge_type,data/processed/train/attr_bridge_type_train.csv,data/features/dinov3_vitb16_remaining_attributes_assets.csv,classification,dinov3_frozen_embeddings_linear_svm,linear_svm,StratifiedGroupKFold,4,5,90408,Beam,Beam,True
attr_bridge_type,attr_bridge_type,data/processed/train/attr_bridge_type_train.csv,data/features/dinov3_vitb16_remaining_attributes_assets.csv,classification,dinov3_frozen_embeddings_linear_svm,linear_svm,StratifiedGroupKFold,4,5,90412,Beam,Truss,False
attr_bridge_type,attr_bridge_type,data/processed/train/attr_bridge_type_train.csv,data/features/dinov3_vitb16_remaining_attributes_assets.csv,classification,dinov3_frozen_embeddings_linear_svm,linear_svm,StratifiedGroupKFold,4,5,92039,Beam,Beam,True
attr_bridge_type,attr_bridge_type,data/processed/train/attr_bridge_type_train.csv,data/features/dinov3_vitb16_remaining_attributes_assets.csv,classification,dinov3_frozen_embeddings_linear_svm,linear_svm,StratifiedGroupKFold,4,5,92794,Beam,Beam,True
attr_bridge_type,attr_bridge_type,data/processed/train/attr_bridge_type_train.csv,data/features/dinov3_vitb16_remaining_attributes_assets.csv,classification,dinov3_frozen_embeddings_linear_svm,linear_svm,StratifiedGroupKFold,4,5,92800,Beam,Beam,True
attr_bridge_type,attr_bridge_type,data/processed/train/attr_bridge_type_train.csv,data/features/dinov3_vitb16_remaining_attributes_assets.csv,classification,dinov3_frozen_embeddings_linear_svm,linear_svm,StratifiedGroupKFold,4,5,93043,Beam,Beam,True
attr_bridge_type,attr_bridge_type,data/processed/train/attr_bridge_type_train.csv,data/features/dinov3_vitb16_remaining_attributes_assets.csv,classification,dinov3_frozen_embeddings_linear_svm,linear_svm,StratifiedGroupKFold,4,5,96854,Beam,Beam,True
attr_bridge_type,attr_bridge_type,data/processed/train/attr_bridge_type_train.csv,data/features/dinov3_vitb16_remaining_attributes_assets.csv,classification,dinov3_frozen_embeddings_linear_svm,linear_svm,StratifiedGroupKFold,4,5,97906,Beam,Beam,True
attr_bridge_type,attr_bridge_type,data/processed/train/attr_bridge_type_train.csv,data/features/dinov3_vitb16_remaining_attributes_assets.csv,classification,dinov3_frozen_embeddings_linear_svm,linear_svm,StratifiedGroupKFold,4,5,98492,Beam,Beam,True
attr_bridge_type,attr_bridge_type,data/processed/train/attr_bridge_type_train.csv,data/features/dinov3_vitb16_remaining_attributes_assets.csv,classification,dinov3_frozen_embeddings_linear_svm,linear_svm,StratifiedGroupKFold,4,5,98531,Beam,Beam,True
attr_bridge_type,attr_bridge_type,data/processed/train/attr_bridge_type_train.csv,data/features/dinov3_vitb16_remaining_attributes_assets.csv,classification,dinov3_frozen_embeddings_linear_svm,linear_svm,StratifiedGroupKFold,4,5,100148,Beam,Beam,True
attr_bridge_type,attr_bridge_type,data/processed/train/attr_bridge_type_train.csv,data/features/dinov3_vitb16_remaining_attributes_assets.csv,classification,dinov3_frozen_embeddings_linear_svm,linear_svm,StratifiedGroupKFold,4,5,100251,Beam,Beam,True
attr_bridge_type,attr_bridge_type,data/processed/train/attr_bridge_type_train.csv,data/features/dinov3_vitb16_remaining_attributes_assets.csv,classification,dinov3_frozen_embeddings_linear_svm,linear_svm,StratifiedGroupKFold,4,5,100267,Beam,Beam,True
attr_bridge_type,attr_bridge_type,data/processed/train/attr_bridge_type_train.csv,data/features/dinov3_vitb16_remaining_attributes_assets.csv,classification,dinov3_frozen_embeddings_linear_svm,linear_svm,StratifiedGroupKFold,4,5,100270,Beam,Beam,True
attr_bridge_type,attr_bridge_type,data/processed/train/attr_bridge_type_train.csv,data/features/dinov3_vitb16_remaining_attributes_assets.csv,classification,dinov3_frozen_embeddings_linear_svm,linear_svm,StratifiedGroupKFold,4,5,100274,Beam,Beam,True
attr_bridge_type,attr_bridge_type,data/processed/train/attr_bridge_type_train.csv,data/features/dinov3_vitb16_remaining_attributes_assets.csv,classification,dinov3_frozen_embeddings_linear_svm,linear_svm,StratifiedGroupKFold,4,5,100347,Beam,Beam,True
attr_bridge_type,attr_bridge_type,data/processed/train/attr_bridge_type_train.csv,data/features/dinov3_vitb16_remaining_attributes_assets.csv,classification,dinov3_frozen_embeddings_linear_svm,linear_svm,StratifiedGroupKFold,4,5,100348,Beam,Beam,True
attr_bridge_type,attr_bridge_type,data/processed/train/attr_bridge_type_train.csv,data/features/dinov3_vitb16_remaining_attributes_assets.csv,classification,dinov3_frozen_embeddings_linear_svm,linear_svm,StratifiedGroupKFold,4,5,100747,Beam,Beam,True
attr_bridge_type,attr_bridge_type,data/processed/train/attr_bridge_type_train.csv,data/features/dinov3_vitb16_remaining_attributes_assets.csv,classification,dinov3_frozen_embeddings_linear_svm,linear_svm,StratifiedGroupKFold,4,5,100758,Beam,Beam,True
attr_bridge_type,attr_bridge_type,data/processed/train/attr_bridge_type_train.csv,data/features/dinov3_vitb16_remaining_attributes_assets.csv,classification,dinov3_frozen_embeddings_linear_svm,linear_svm,StratifiedGroupKFold,4,5,101779,Beam,Beam,True
attr_bridge_type,attr_bridge_type,data/processed/train/attr_bridge_type_train.csv,data/features/dinov3_vitb16_remaining_attributes_assets.csv,classification,dinov3_frozen_embeddings_linear_svm,linear_svm,StratifiedGroupKFold,4,5,101988,Beam,Beam,True
attr_bridge_type,attr_bridge_type,data/processed/train/attr_bridge_type_train.csv,data/features/dinov3_vitb16_remaining_attributes_assets.csv,classification,dinov3_frozen_embeddings_linear_svm,linear_svm,StratifiedGroupKFold,4,5,102352,Beam,Beam,True
attr_bridge_type,attr_bridge_type,data/processed/train/attr_bridge_type_train.csv,data/features/dinov3_vitb16_remaining_attributes_assets.csv,classification,dinov3_frozen_embeddings_linear_svm,linear_svm,StratifiedGroupKFold,4,5,102355,Beam,Beam,True
attr_bridge_type,attr_bridge_type,data/processed/train/attr_bridge_type_train.csv,data/features/dinov3_vitb16_remaining_attributes_assets.csv,classification,dinov3_frozen_embeddings_linear_svm,linear_svm,StratifiedGroupKFold,4,5,102359,Beam,Beam,True
attr_bridge_type,attr_bridge_type,data/processed/train/attr_bridge_type_train.csv,data/features/dinov3_vitb16_remaining_attributes_assets.csv,classification,dinov3_frozen_embeddings_linear_svm,linear_svm,StratifiedGroupKFold,4,5,102808,Beam,Beam,True
attr_bridge_type,attr_bridge_type,data/processed/train/attr_bridge_type_train.csv,data/features/dinov3_vitb16_remaining_attributes_assets.csv,classification,dinov3_frozen_embeddings_linear_svm,linear_svm,StratifiedGroupKFold,4,5,102816,Beam,Beam,True
attr_bridge_type,attr_bridge_type,data/processed/train/attr_bridge_type_train.csv,data/features/dinov3_vitb16_remaining_attributes_assets.csv,classification,dinov3_frozen_embeddings_linear_svm,linear_svm,StratifiedGroupKFold,4,5,102851,Beam,Beam,True
attr_bridge_type,attr_bridge_type,data/processed/train/attr_bridge_type_train.csv,data/features/dinov3_vitb16_remaining_attributes_assets.csv,classification,dinov3_frozen_embeddings_linear_svm,linear_svm,StratifiedGroupKFold,4,5,105287,Beam,Beam,True
attr_bridge_type,attr_bridge_type,data/processed/train/attr_bridge_type_train.csv,data/features/dinov3_vitb16_remaining_attributes_assets.csv,classification,dinov3_frozen_embeddings_linear_svm,linear_svm,StratifiedGroupKFold,4,5,105437,Beam,Beam,True
attr_bridge_type,attr_bridge_type,data/processed/train/attr_bridge_type_train.csv,data/features/dinov3_vitb16_remaining_attributes_assets.csv,classification,dinov3_frozen_embeddings_linear_svm,linear_svm,StratifiedGroupKFold,4,5,105438,Beam,Beam,True
attr_bridge_type,attr_bridge_type,data/processed/train/attr_bridge_type_train.csv,data/features/dinov3_vitb16_remaining_attributes_assets.csv,classification,dinov3_frozen_embeddings_linear_svm,linear_svm,StratifiedGroupKFold,4,5,105442,Beam,Beam,True
attr_bridge_type,attr_bridge_type,data/processed/train/attr_bridge_type_train.csv,data/features/dinov3_vitb16_remaining_attributes_assets.csv,classification,dinov3_frozen_embeddings_linear_svm,linear_svm,StratifiedGroupKFold,4,5,106032,Beam,Beam,True
attr_bridge_type,attr_bridge_type,data/processed/train/attr_bridge_type_train.csv,data/features/dinov3_vitb16_remaining_attributes_assets.csv,classification,dinov3_frozen_embeddings_linear_svm,linear_svm,StratifiedGroupKFold,4,5,106266,Beam,Beam,True
attr_bridge_type,attr_bridge_type,data/processed/train/attr_bridge_type_train.csv,data/features/dinov3_vitb16_remaining_attributes_assets.csv,classification,dinov3_frozen_embeddings_linear_svm,linear_svm,StratifiedGroupKFold,4,5,106273,Beam,Beam,True
attr_bridge_type,attr_bridge_type,data/processed/train/attr_bridge_type_train.csv,data/features/dinov3_vitb16_remaining_attributes_assets.csv,classification,dinov3_frozen_embeddings_linear_svm,linear_svm,StratifiedGroupKFold,4,5,107897,Beam,Beam,True
attr_bridge_type,attr_bridge_type,data/processed/train/attr_bridge_type_train.csv,data/features/dinov3_vitb16_remaining_attributes_assets.csv,classification,dinov3_frozen_embeddings_linear_svm,linear_svm,StratifiedGroupKFold,4,5,107898,Beam,Beam,True
attr_bridge_type,attr_bridge_type,data/processed/train/attr_bridge_type_train.csv,data/features/dinov3_vitb16_remaining_attributes_assets.csv,classification,dinov3_frozen_embeddings_linear_svm,linear_svm,StratifiedGroupKFold,4,5,107922,Beam,Beam,True
attr_bridge_type,attr_bridge_type,data/processed/train/attr_bridge_type_train.csv,data/features/dinov3_vitb16_remaining_attributes_assets.csv,classification,dinov3_frozen_embeddings_linear_svm,linear_svm,StratifiedGroupKFold,4,5,107923,Beam,Beam,True
attr_bridge_type,attr_bridge_type,data/processed/train/attr_bridge_type_train.csv,data/features/dinov3_vitb16_remaining_attributes_assets.csv,classification,dinov3_frozen_embeddings_linear_svm,linear_svm,StratifiedGroupKFold,4,5,108107,Beam,Beam,True
attr_bridge_type,attr_bridge_type,data/processed/train/attr_bridge_type_train.csv,data/features/dinov3_vitb16_remaining_attributes_assets.csv,classification,dinov3_frozen_embeddings_linear_svm,linear_svm,StratifiedGroupKFold,4,5,108662,Beam,Beam,True
attr_bridge_type,attr_bridge_type,data/processed/train/attr_bridge_type_train.csv,data/features/dinov3_vitb16_remaining_attributes_assets.csv,classification,dinov3_frozen_embeddings_linear_svm,linear_svm,StratifiedGroupKFold,4,5,109148,Beam,Beam,True
attr_bridge_type,attr_bridge_type,data/processed/train/attr_bridge_type_train.csv,data/features/dinov3_vitb16_remaining_attributes_assets.csv,classification,dinov3_frozen_embeddings_linear_svm,linear_svm,StratifiedGroupKFold,4,5,109149,Beam,Truss,False
attr_bridge_type,attr_bridge_type,data/processed/train/attr_bridge_type_train.csv,data/features/dinov3_vitb16_remaining_attributes_assets.csv,classification,dinov3_frozen_embeddings_linear_svm,linear_svm,StratifiedGroupKFold,4,5,109166,Beam,Beam,True
attr_bridge_type,attr_bridge_type,data/processed/train/attr_bridge_type_train.csv,data/features/dinov3_vitb16_remaining_attributes_assets.csv,classification,dinov3_frozen_embeddings_linear_svm,linear_svm,StratifiedGroupKFold,4,5,109167,Beam,Beam,True
attr_bridge_type,attr_bridge_type,data/processed/train/attr_bridge_type_train.csv,data/features/dinov3_vitb16_remaining_attributes_assets.csv,classification,dinov3_frozen_embeddings_linear_svm,linear_svm,StratifiedGroupKFold,4,5,109821,Beam,Beam,True
attr_bridge_type,attr_bridge_type,data/processed/train/attr_bridge_type_train.csv,data/features/dinov3_vitb16_remaining_attributes_assets.csv,classification,dinov3_frozen_embeddings_linear_svm,linear_svm,StratifiedGroupKFold,4,5,110164,Beam,Beam,True
attr_bridge_type,attr_bridge_type,data/processed/train/attr_bridge_type_train.csv,data/features/dinov3_vitb16_remaining_attributes_assets.csv,classification,dinov3_frozen_embeddings_linear_svm,linear_svm,StratifiedGroupKFold,4,5,110170,Beam,Beam,True
attr_bridge_type,attr_bridge_type,data/processed/train/attr_bridge_type_train.csv,data/features/dinov3_vitb16_remaining_attributes_assets.csv,classification,dinov3_frozen_embeddings_linear_svm,linear_svm,StratifiedGroupKFold,4,5,110944,Beam,Beam,True
attr_bridge_type,attr_bridge_type,data/processed/train/attr_bridge_type_train.csv,data/features/dinov3_vitb16_remaining_attributes_assets.csv,classification,dinov3_frozen_embeddings_linear_svm,linear_svm,StratifiedGroupKFold,4,5,111648,Beam,Beam,True
attr_bridge_type,attr_bridge_type,data/processed/train/attr_bridge_type_train.csv,data/features/dinov3_vitb16_remaining_attributes_assets.csv,classification,dinov3_frozen_embeddings_linear_svm,linear_svm,StratifiedGroupKFold,4,5,111782,Beam,Beam,True
attr_bridge_type,attr_bridge_type,data/processed/train/attr_bridge_type_train.csv,data/features/dinov3_vitb16_remaining_attributes_assets.csv,classification,dinov3_frozen_embeddings_linear_svm,linear_svm,StratifiedGroupKFold,4,5,112868,Beam,Other,False
attr_bridge_type,attr_bridge_type,data/processed/train/attr_bridge_type_train.csv,data/features/dinov3_vitb16_remaining_attributes_assets.csv,classification,dinov3_frozen_embeddings_linear_svm,linear_svm,StratifiedGroupKFold,4,5,113126,Beam,Beam,True
attr_bridge_type,attr_bridge_type,data/processed/train/attr_bridge_type_train.csv,data/features/dinov3_vitb16_remaining_attributes_assets.csv,classification,dinov3_frozen_embeddings_linear_svm,linear_svm,StratifiedGroupKFold,4,5,113163,Beam,Beam,True
attr_bridge_type,attr_bridge_type,data/processed/train/attr_bridge_type_train.csv,data/features/dinov3_vitb16_remaining_attributes_assets.csv,classification,dinov3_frozen_embeddings_linear_svm,linear_svm,StratifiedGroupKFold,4,5,113164,Beam,Beam,True
attr_bridge_type,attr_bridge_type,data/processed/train/attr_bridge_type_train.csv,data/features/dinov3_vitb16_remaining_attributes_assets.csv,classification,dinov3_frozen_embeddings_linear_svm,linear_svm,StratifiedGroupKFold,4,5,114290,Beam,Beam,True
attr_bridge_type,attr_bridge_type,data/processed/train/attr_bridge_type_train.csv,data/features/dinov3_vitb16_remaining_attributes_assets.csv,classification,dinov3_frozen_embeddings_linear_svm,linear_svm,StratifiedGroupKFold,4,5,114291,Beam,Beam,True
attr_bridge_type,attr_bridge_type,data/processed/train/attr_bridge_type_train.csv,data/features/dinov3_vitb16_remaining_attributes_assets.csv,classification,dinov3_frozen_embeddings_linear_svm,linear_svm,StratifiedGroupKFold,4,5,114711,Beam,Beam,True
attr_bridge_type,attr_bridge_type,data/processed/train/attr_bridge_type_train.csv,data/features/dinov3_vitb16_remaining_attributes_assets.csv,classification,dinov3_frozen_embeddings_linear_svm,linear_svm,StratifiedGroupKFold,4,5,115268,Beam,Beam,True
attr_bridge_type,attr_bridge_type,data/processed/train/attr_bridge_type_train.csv,data/features/dinov3_vitb16_remaining_attributes_assets.csv,classification,dinov3_frozen_embeddings_linear_svm,linear_svm,StratifiedGroupKFold,4,5,117364,Beam,Beam,True
attr_bridge_type,attr_bridge_type,data/processed/train/attr_bridge_type_train.csv,data/features/dinov3_vitb16_remaining_attributes_assets.csv,classification,dinov3_frozen_embeddings_linear_svm,linear_svm,StratifiedGroupKFold,4,5,117720,Beam,Beam,True
attr_bridge_type,attr_bridge_type,data/processed/train/attr_bridge_type_train.csv,data/features/dinov3_vitb16_remaining_attributes_assets.csv,classification,dinov3_frozen_embeddings_linear_svm,linear_svm,StratifiedGroupKFold,4,5,118250,Beam,Beam,True
attr_bridge_type,attr_bridge_type,data/processed/train/attr_bridge_type_train.csv,data/features/dinov3_vitb16_remaining_attributes_assets.csv,classification,dinov3_frozen_embeddings_linear_svm,linear_svm,StratifiedGroupKFold,4,5,118254,Truss,Truss,True
attr_bridge_type,attr_bridge_type,data/processed/train/attr_bridge_type_train.csv,data/features/dinov3_vitb16_remaining_attributes_assets.csv,classification,dinov3_frozen_embeddings_linear_svm,linear_svm,StratifiedGroupKFold,4,5,118758,Beam,Beam,True
attr_bridge_type,attr_bridge_type,data/processed/train/attr_bridge_type_train.csv,data/features/dinov3_vitb16_remaining_attributes_assets.csv,classification,dinov3_frozen_embeddings_linear_svm,linear_svm,StratifiedGroupKFold,4,5,121497,Beam,Beam,True
attr_bridge_type,attr_bridge_type,data/processed/train/attr_bridge_type_train.csv,data/features/dinov3_vitb16_remaining_attributes_assets.csv,classification,dinov3_frozen_embeddings_linear_svm,linear_svm,StratifiedGroupKFold,4,5,121504,Beam,Beam,True
attr_bridge_type,attr_bridge_type,data/processed/train/attr_bridge_type_train.csv,data/features/dinov3_vitb16_remaining_attributes_assets.csv,classification,dinov3_frozen_embeddings_linear_svm,linear_svm,StratifiedGroupKFold,4,5,121696,Beam,Beam,True
attr_bridge_type,attr_bridge_type,data/processed/train/attr_bridge_type_train.csv,data/features/dinov3_vitb16_remaining_attributes_assets.csv,classification,dinov3_frozen_embeddings_linear_svm,linear_svm,StratifiedGroupKFold,4,5,121993,Beam,Beam,True
attr_bridge_type,attr_bridge_type,data/processed/train/attr_bridge_type_train.csv,data/features/dinov3_vitb16_remaining_attributes_assets.csv,classification,dinov3_frozen_embeddings_linear_svm,linear_svm,StratifiedGroupKFold,4,5,122244,Beam,Beam,True
attr_bridge_type,attr_bridge_type,data/processed/train/attr_bridge_type_train.csv,data/features/dinov3_vitb16_remaining_attributes_assets.csv,classification,dinov3_frozen_embeddings_linear_svm,linear_svm,StratifiedGroupKFold,4,5,122441,Beam,Beam,True
attr_bridge_type,attr_bridge_type,data/processed/train/attr_bridge_type_train.csv,data/features/dinov3_vitb16_remaining_attributes_assets.csv,classification,dinov3_frozen_embeddings_linear_svm,linear_svm,StratifiedGroupKFold,4,5,123354,Beam,Beam,True
attr_bridge_type,attr_bridge_type,data/processed/train/attr_bridge_type_train.csv,data/features/dinov3_vitb16_remaining_attributes_assets.csv,classification,dinov3_frozen_embeddings_linear_svm,linear_svm,StratifiedGroupKFold,4,5,126340,Beam,Beam,True
attr_bridge_type,attr_bridge_type,data/processed/train/attr_bridge_type_train.csv,data/features/dinov3_vitb16_remaining_attributes_assets.csv,classification,dinov3_frozen_embeddings_linear_svm,linear_svm,StratifiedGroupKFold,4,5,126709,Other,Beam,False
attr_bridge_type,attr_bridge_type,data/processed/train/attr_bridge_type_train.csv,data/features/dinov3_vitb16_remaining_attributes_assets.csv,classification,dinov3_frozen_embeddings_linear_svm,linear_svm,StratifiedGroupKFold,4,5,126803,Truss,Truss,True
attr_bridge_type,attr_bridge_type,data/processed/train/attr_bridge_type_train.csv,data/features/dinov3_vitb16_remaining_attributes_assets.csv,classification,dinov3_frozen_embeddings_linear_svm,linear_svm,StratifiedGroupKFold,4,5,126809,Truss,Beam,False
attr_bridge_type,attr_bridge_type,data/processed/train/attr_bridge_type_train.csv,data/features/dinov3_vitb16_remaining_attributes_assets.csv,classification,dinov3_frozen_embeddings_linear_svm,linear_svm,StratifiedGroupKFold,4,5,126914,Other,Other,True
attr_bridge_type,attr_bridge_type,data/processed/train/attr_bridge_type_train.csv,data/features/dinov3_vitb16_remaining_attributes_assets.csv,classification,dinov3_frozen_embeddings_linear_svm,linear_svm,StratifiedGroupKFold,4,5,128041,Beam,Beam,True
attr_bridge_type,attr_bridge_type,data/processed/train/attr_bridge_type_train.csv,data/features/dinov3_vitb16_remaining_attributes_assets.csv,classification,dinov3_frozen_embeddings_linear_svm,linear_svm,StratifiedGroupKFold,4,5,128034,Beam,Truss,False
attr_bridge_type,attr_bridge_type,data/processed/train/attr_bridge_type_train.csv,data/features/dinov3_vitb16_remaining_attributes_assets.csv,classification,dinov3_frozen_embeddings_linear_svm,linear_svm,StratifiedGroupKFold,5,5,61735,Beam,Beam,True
attr_bridge_type,attr_bridge_type,data/processed/train/attr_bridge_type_train.csv,data/features/dinov3_vitb16_remaining_attributes_assets.csv,classification,dinov3_frozen_embeddings_linear_svm,linear_svm,StratifiedGroupKFold,5,5,88097,Beam,Beam,True
attr_bridge_type,attr_bridge_type,data/processed/train/attr_bridge_type_train.csv,data/features/dinov3_vitb16_remaining_attributes_assets.csv,classification,dinov3_frozen_embeddings_linear_svm,linear_svm,StratifiedGroupKFold,5,5,89577,Beam,Beam,True
attr_bridge_type,attr_bridge_type,data/processed/train/attr_bridge_type_train.csv,data/features/dinov3_vitb16_remaining_attributes_assets.csv,classification,dinov3_frozen_embeddings_linear_svm,linear_svm,StratifiedGroupKFold,5,5,89579,Beam,Beam,True
attr_bridge_type,attr_bridge_type,data/processed/train/attr_bridge_type_train.csv,data/features/dinov3_vitb16_remaining_attributes_assets.csv,classification,dinov3_frozen_embeddings_linear_svm,linear_svm,StratifiedGroupKFold,5,5,89581,Beam,Beam,True
attr_bridge_type,attr_bridge_type,data/processed/train/attr_bridge_type_train.csv,data/features/dinov3_vitb16_remaining_attributes_assets.csv,classification,dinov3_frozen_embeddings_linear_svm,linear_svm,StratifiedGroupKFold,5,5,89582,Beam,Beam,True
attr_bridge_type,attr_bridge_type,data/processed/train/attr_bridge_type_train.csv,data/features/dinov3_vitb16_remaining_attributes_assets.csv,classification,dinov3_frozen_embeddings_linear_svm,linear_svm,StratifiedGroupKFold,5,5,89594,Beam,Beam,True
attr_bridge_type,attr_bridge_type,data/processed/train/attr_bridge_type_train.csv,data/features/dinov3_vitb16_remaining_attributes_assets.csv,classification,dinov3_frozen_embeddings_linear_svm,linear_svm,StratifiedGroupKFold,5,5,107082,Beam,Beam,True
attr_bridge_type,attr_bridge_type,data/processed/train/attr_bridge_type_train.csv,data/features/dinov3_vitb16_remaining_attributes_assets.csv,classification,dinov3_frozen_embeddings_linear_svm,linear_svm,StratifiedGroupKFold,5,5,109419,Beam,Beam,True
attr_bridge_type,attr_bridge_type,data/processed/train/attr_bridge_type_train.csv,data/features/dinov3_vitb16_remaining_attributes_assets.csv,classification,dinov3_frozen_embeddings_linear_svm,linear_svm,StratifiedGroupKFold,5,5,112034,Beam,Beam,True
attr_bridge_type,attr_bridge_type,data/processed/train/attr_bridge_type_train.csv,data/features/dinov3_vitb16_remaining_attributes_assets.csv,classification,dinov3_frozen_embeddings_linear_svm,linear_svm,StratifiedGroupKFold,5,5,112035,Beam,Beam,True
attr_bridge_type,attr_bridge_type,data/processed/train/attr_bridge_type_train.csv,data/features/dinov3_vitb16_remaining_attributes_assets.csv,classification,dinov3_frozen_embeddings_linear_svm,linear_svm,StratifiedGroupKFold,5,5,118202,Beam,Beam,True
attr_bridge_type,attr_bridge_type,data/processed/train/attr_bridge_type_train.csv,data/features/dinov3_vitb16_remaining_attributes_assets.csv,classification,dinov3_frozen_embeddings_linear_svm,linear_svm,StratifiedGroupKFold,5,5,118203,Beam,Beam,True
attr_bridge_type,attr_bridge_type,data/processed/train/attr_bridge_type_train.csv,data/features/dinov3_vitb16_remaining_attributes_assets.csv,classification,dinov3_frozen_embeddings_linear_svm,linear_svm,StratifiedGroupKFold,5,5,127242,Beam,Beam,True
attr_bridge_type,attr_bridge_type,data/processed/train/attr_bridge_type_train.csv,data/features/dinov3_vitb16_remaining_attributes_assets.csv,classification,dinov3_frozen_embeddings_linear_svm,linear_svm,StratifiedGroupKFold,5,5,128880,Truss,Truss,True
attr_bridge_type,attr_bridge_type,data/processed/train/attr_bridge_type_train.csv,data/features/dinov3_vitb16_remaining_attributes_assets.csv,classification,dinov3_frozen_embeddings_linear_svm,linear_svm,StratifiedGroupKFold,5,5,46923,Beam,Beam,True
attr_bridge_type,attr_bridge_type,data/processed/train/attr_bridge_type_train.csv,data/features/dinov3_vitb16_remaining_attributes_assets.csv,classification,dinov3_frozen_embeddings_linear_svm,linear_svm,StratifiedGroupKFold,5,5,48111,Truss,Beam,False
attr_bridge_type,attr_bridge_type,data/processed/train/attr_bridge_type_train.csv,data/features/dinov3_vitb16_remaining_attributes_assets.csv,classification,dinov3_frozen_embeddings_linear_svm,linear_svm,StratifiedGroupKFold,5,5,49057,Beam,Beam,True
attr_bridge_type,attr_bridge_type,data/processed/train/attr_bridge_type_train.csv,data/features/dinov3_vitb16_remaining_attributes_assets.csv,classification,dinov3_frozen_embeddings_linear_svm,linear_svm,StratifiedGroupKFold,5,5,49058,Beam,Beam,True
attr_bridge_type,attr_bridge_type,data/processed/train/attr_bridge_type_train.csv,data/features/dinov3_vitb16_remaining_attributes_assets.csv,classification,dinov3_frozen_embeddings_linear_svm,linear_svm,StratifiedGroupKFold,5,5,49060,Beam,Beam,True
attr_bridge_type,attr_bridge_type,data/processed/train/attr_bridge_type_train.csv,data/features/dinov3_vitb16_remaining_attributes_assets.csv,classification,dinov3_frozen_embeddings_linear_svm,linear_svm,StratifiedGroupKFold,5,5,49061,Beam,Beam,True
attr_bridge_type,attr_bridge_type,data/processed/train/attr_bridge_type_train.csv,data/features/dinov3_vitb16_remaining_attributes_assets.csv,classification,dinov3_frozen_embeddings_linear_svm,linear_svm,StratifiedGroupKFold,5,5,49063,Truss,Truss,True
attr_bridge_type,attr_bridge_type,data/processed/train/attr_bridge_type_train.csv,data/features/dinov3_vitb16_remaining_attributes_assets.csv,classification,dinov3_frozen_embeddings_linear_svm,linear_svm,StratifiedGroupKFold,5,5,50770,Beam,Beam,True
attr_bridge_type,attr_bridge_type,data/processed/train/attr_bridge_type_train.csv,data/features/dinov3_vitb16_remaining_attributes_assets.csv,classification,dinov3_frozen_embeddings_linear_svm,linear_svm,StratifiedGroupKFold,5,5,52458,Beam,Beam,True
attr_bridge_type,attr_bridge_type,data/processed/train/attr_bridge_type_train.csv,data/features/dinov3_vitb16_remaining_attributes_assets.csv,classification,dinov3_frozen_embeddings_linear_svm,linear_svm,StratifiedGroupKFold,5,5,53851,Beam,Beam,True
attr_bridge_type,attr_bridge_type,data/processed/train/attr_bridge_type_train.csv,data/features/dinov3_vitb16_remaining_attributes_assets.csv,classification,dinov3_frozen_embeddings_linear_svm,linear_svm,StratifiedGroupKFold,5,5,55633,Beam,Beam,True
attr_bridge_type,attr_bridge_type,data/processed/train/attr_bridge_type_train.csv,data/features/dinov3_vitb16_remaining_attributes_assets.csv,classification,dinov3_frozen_embeddings_linear_svm,linear_svm,StratifiedGroupKFold,5,5,55635,Suspension,Truss,False
attr_bridge_type,attr_bridge_type,data/processed/train/attr_bridge_type_train.csv,data/features/dinov3_vitb16_remaining_attributes_assets.csv,classification,dinov3_frozen_embeddings_linear_svm,linear_svm,StratifiedGroupKFold,5,5,55640,Truss,Truss,True
attr_bridge_type,attr_bridge_type,data/processed/train/attr_bridge_type_train.csv,data/features/dinov3_vitb16_remaining_attributes_assets.csv,classification,dinov3_frozen_embeddings_linear_svm,linear_svm,StratifiedGroupKFold,5,5,56876,Beam,Beam,True
attr_bridge_type,attr_bridge_type,data/processed/train/attr_bridge_type_train.csv,data/features/dinov3_vitb16_remaining_attributes_assets.csv,classification,dinov3_frozen_embeddings_linear_svm,linear_svm,StratifiedGroupKFold,5,5,57117,Beam,Beam,True
attr_bridge_type,attr_bridge_type,data/processed/train/attr_bridge_type_train.csv,data/features/dinov3_vitb16_remaining_attributes_assets.csv,classification,dinov3_frozen_embeddings_linear_svm,linear_svm,StratifiedGroupKFold,5,5,58162,Beam,Beam,True
attr_bridge_type,attr_bridge_type,data/processed/train/attr_bridge_type_train.csv,data/features/dinov3_vitb16_remaining_attributes_assets.csv,classification,dinov3_frozen_embeddings_linear_svm,linear_svm,StratifiedGroupKFold,5,5,58881,Beam,Beam,True
attr_bridge_type,attr_bridge_type,data/processed/train/attr_bridge_type_train.csv,data/features/dinov3_vitb16_remaining_attributes_assets.csv,classification,dinov3_frozen_embeddings_linear_svm,linear_svm,StratifiedGroupKFold,5,5,60633,Beam,Beam,True
attr_bridge_type,attr_bridge_type,data/processed/train/attr_bridge_type_train.csv,data/features/dinov3_vitb16_remaining_attributes_assets.csv,classification,dinov3_frozen_embeddings_linear_svm,linear_svm,StratifiedGroupKFold,5,5,62290,Beam,Beam,True
attr_bridge_type,attr_bridge_type,data/processed/train/attr_bridge_type_train.csv,data/features/dinov3_vitb16_remaining_attributes_assets.csv,classification,dinov3_frozen_embeddings_linear_svm,linear_svm,StratifiedGroupKFold,5,5,62443,Beam,Beam,True
attr_bridge_type,attr_bridge_type,data/processed/train/attr_bridge_type_train.csv,data/features/dinov3_vitb16_remaining_attributes_assets.csv,classification,dinov3_frozen_embeddings_linear_svm,linear_svm,StratifiedGroupKFold,5,5,62927,Beam,Beam,True
attr_bridge_type,attr_bridge_type,data/processed/train/attr_bridge_type_train.csv,data/features/dinov3_vitb16_remaining_attributes_assets.csv,classification,dinov3_frozen_embeddings_linear_svm,linear_svm,StratifiedGroupKFold,5,5,64098,Suspension,Suspension,True
attr_bridge_type,attr_bridge_type,data/processed/train/attr_bridge_type_train.csv,data/features/dinov3_vitb16_remaining_attributes_assets.csv,classification,dinov3_frozen_embeddings_linear_svm,linear_svm,StratifiedGroupKFold,5,5,64128,Fallen Tree,Beam,False
attr_bridge_type,attr_bridge_type,data/processed/train/attr_bridge_type_train.csv,data/features/dinov3_vitb16_remaining_attributes_assets.csv,classification,dinov3_frozen_embeddings_linear_svm,linear_svm,StratifiedGroupKFold,5,5,65790,Beam,Beam,True
attr_bridge_type,attr_bridge_type,data/processed/train/attr_bridge_type_train.csv,data/features/dinov3_vitb16_remaining_attributes_assets.csv,classification,dinov3_frozen_embeddings_linear_svm,linear_svm,StratifiedGroupKFold,5,5,66922,Beam,Beam,True
attr_bridge_type,attr_bridge_type,data/processed/train/attr_bridge_type_train.csv,data/features/dinov3_vitb16_remaining_attributes_assets.csv,classification,dinov3_frozen_embeddings_linear_svm,linear_svm,StratifiedGroupKFold,5,5,67205,Beam,Beam,True
attr_bridge_type,attr_bridge_type,data/processed/train/attr_bridge_type_train.csv,data/features/dinov3_vitb16_remaining_attributes_assets.csv,classification,dinov3_frozen_embeddings_linear_svm,linear_svm,StratifiedGroupKFold,5,5,67465,Beam,Truss,False
attr_bridge_type,attr_bridge_type,data/processed/train/attr_bridge_type_train.csv,data/features/dinov3_vitb16_remaining_attributes_assets.csv,classification,dinov3_frozen_embeddings_linear_svm,linear_svm,StratifiedGroupKFold,5,5,80451,Beam,Beam,True
attr_bridge_type,attr_bridge_type,data/processed/train/attr_bridge_type_train.csv,data/features/dinov3_vitb16_remaining_attributes_assets.csv,classification,dinov3_frozen_embeddings_linear_svm,linear_svm,StratifiedGroupKFold,5,5,82385,Beam,Beam,True
attr_bridge_type,attr_bridge_type,data/processed/train/attr_bridge_type_train.csv,data/features/dinov3_vitb16_remaining_attributes_assets.csv,classification,dinov3_frozen_embeddings_linear_svm,linear_svm,StratifiedGroupKFold,5,5,83140,Beam,Beam,True
attr_bridge_type,attr_bridge_type,data/processed/train/attr_bridge_type_train.csv,data/features/dinov3_vitb16_remaining_attributes_assets.csv,classification,dinov3_frozen_embeddings_linear_svm,linear_svm,StratifiedGroupKFold,5,5,85150,Truss,Truss,True
attr_bridge_type,attr_bridge_type,data/processed/train/attr_bridge_type_train.csv,data/features/dinov3_vitb16_remaining_attributes_assets.csv,classification,dinov3_frozen_embeddings_linear_svm,linear_svm,StratifiedGroupKFold,5,5,86055,Beam,Beam,True
attr_bridge_type,attr_bridge_type,data/processed/train/attr_bridge_type_train.csv,data/features/dinov3_vitb16_remaining_attributes_assets.csv,classification,dinov3_frozen_embeddings_linear_svm,linear_svm,StratifiedGroupKFold,5,5,87188,Beam,Truss,False
attr_bridge_type,attr_bridge_type,data/processed/train/attr_bridge_type_train.csv,data/features/dinov3_vitb16_remaining_attributes_assets.csv,classification,dinov3_frozen_embeddings_linear_svm,linear_svm,StratifiedGroupKFold,5,5,87734,Truss,Beam,False
attr_bridge_type,attr_bridge_type,data/processed/train/attr_bridge_type_train.csv,data/features/dinov3_vitb16_remaining_attributes_assets.csv,classification,dinov3_frozen_embeddings_linear_svm,linear_svm,StratifiedGroupKFold,5,5,87769,Truss,Beam,False
attr_bridge_type,attr_bridge_type,data/processed/train/attr_bridge_type_train.csv,data/features/dinov3_vitb16_remaining_attributes_assets.csv,classification,dinov3_frozen_embeddings_linear_svm,linear_svm,StratifiedGroupKFold,5,5,87928,Truss,Beam,False
attr_bridge_type,attr_bridge_type,data/processed/train/attr_bridge_type_train.csv,data/features/dinov3_vitb16_remaining_attributes_assets.csv,classification,dinov3_frozen_embeddings_linear_svm,linear_svm,StratifiedGroupKFold,5,5,88733,Beam,Truss,False
attr_bridge_type,attr_bridge_type,data/processed/train/attr_bridge_type_train.csv,data/features/dinov3_vitb16_remaining_attributes_assets.csv,classification,dinov3_frozen_embeddings_linear_svm,linear_svm,StratifiedGroupKFold,5,5,89437,Truss,Beam,False
attr_bridge_type,attr_bridge_type,data/processed/train/attr_bridge_type_train.csv,data/features/dinov3_vitb16_remaining_attributes_assets.csv,classification,dinov3_frozen_embeddings_linear_svm,linear_svm,StratifiedGroupKFold,5,5,89449,Beam,Beam,True
attr_bridge_type,attr_bridge_type,data/processed/train/attr_bridge_type_train.csv,data/features/dinov3_vitb16_remaining_attributes_assets.csv,classification,dinov3_frozen_embeddings_linear_svm,linear_svm,StratifiedGroupKFold,5,5,89450,Beam,Beam,True
attr_bridge_type,attr_bridge_type,data/processed/train/attr_bridge_type_train.csv,data/features/dinov3_vitb16_remaining_attributes_assets.csv,classification,dinov3_frozen_embeddings_linear_svm,linear_svm,StratifiedGroupKFold,5,5,89986,Truss,Beam,False
attr_bridge_type,attr_bridge_type,data/processed/train/attr_bridge_type_train.csv,data/features/dinov3_vitb16_remaining_attributes_assets.csv,classification,dinov3_frozen_embeddings_linear_svm,linear_svm,StratifiedGroupKFold,5,5,90539,Beam,Beam,True
attr_bridge_type,attr_bridge_type,data/processed/train/attr_bridge_type_train.csv,data/features/dinov3_vitb16_remaining_attributes_assets.csv,classification,dinov3_frozen_embeddings_linear_svm,linear_svm,StratifiedGroupKFold,5,5,92147,Beam,Beam,True
attr_bridge_type,attr_bridge_type,data/processed/train/attr_bridge_type_train.csv,data/features/dinov3_vitb16_remaining_attributes_assets.csv,classification,dinov3_frozen_embeddings_linear_svm,linear_svm,StratifiedGroupKFold,5,5,92801,Beam,Beam,True
attr_bridge_type,attr_bridge_type,data/processed/train/attr_bridge_type_train.csv,data/features/dinov3_vitb16_remaining_attributes_assets.csv,classification,dinov3_frozen_embeddings_linear_svm,linear_svm,StratifiedGroupKFold,5,5,93007,Beam,Beam,True
attr_bridge_type,attr_bridge_type,data/processed/train/attr_bridge_type_train.csv,data/features/dinov3_vitb16_remaining_attributes_assets.csv,classification,dinov3_frozen_embeddings_linear_svm,linear_svm,StratifiedGroupKFold,5,5,93036,Beam,Beam,True
attr_bridge_type,attr_bridge_type,data/processed/train/attr_bridge_type_train.csv,data/features/dinov3_vitb16_remaining_attributes_assets.csv,classification,dinov3_frozen_embeddings_linear_svm,linear_svm,StratifiedGroupKFold,5,5,99454,Beam,Beam,True
attr_bridge_type,attr_bridge_type,data/processed/train/attr_bridge_type_train.csv,data/features/dinov3_vitb16_remaining_attributes_assets.csv,classification,dinov3_frozen_embeddings_linear_svm,linear_svm,StratifiedGroupKFold,5,5,99611,Beam,Beam,True
attr_bridge_type,attr_bridge_type,data/processed/train/attr_bridge_type_train.csv,data/features/dinov3_vitb16_remaining_attributes_assets.csv,classification,dinov3_frozen_embeddings_linear_svm,linear_svm,StratifiedGroupKFold,5,5,99844,Beam,Truss,False
attr_bridge_type,attr_bridge_type,data/processed/train/attr_bridge_type_train.csv,data/features/dinov3_vitb16_remaining_attributes_assets.csv,classification,dinov3_frozen_embeddings_linear_svm,linear_svm,StratifiedGroupKFold,5,5,100140,Beam,Beam,True
attr_bridge_type,attr_bridge_type,data/processed/train/attr_bridge_type_train.csv,data/features/dinov3_vitb16_remaining_attributes_assets.csv,classification,dinov3_frozen_embeddings_linear_svm,linear_svm,StratifiedGroupKFold,5,5,100252,Beam,Beam,True
attr_bridge_type,attr_bridge_type,data/processed/train/attr_bridge_type_train.csv,data/features/dinov3_vitb16_remaining_attributes_assets.csv,classification,dinov3_frozen_embeddings_linear_svm,linear_svm,StratifiedGroupKFold,5,5,100479,Beam,Beam,True
attr_bridge_type,attr_bridge_type,data/processed/train/attr_bridge_type_train.csv,data/features/dinov3_vitb16_remaining_attributes_assets.csv,classification,dinov3_frozen_embeddings_linear_svm,linear_svm,StratifiedGroupKFold,5,5,101826,Suspension,Suspension,True
attr_bridge_type,attr_bridge_type,data/processed/train/attr_bridge_type_train.csv,data/features/dinov3_vitb16_remaining_attributes_assets.csv,classification,dinov3_frozen_embeddings_linear_svm,linear_svm,StratifiedGroupKFold,5,5,102341,Beam,Beam,True
attr_bridge_type,attr_bridge_type,data/processed/train/attr_bridge_type_train.csv,data/features/dinov3_vitb16_remaining_attributes_assets.csv,classification,dinov3_frozen_embeddings_linear_svm,linear_svm,StratifiedGroupKFold,5,5,102346,Beam,Beam,True
attr_bridge_type,attr_bridge_type,data/processed/train/attr_bridge_type_train.csv,data/features/dinov3_vitb16_remaining_attributes_assets.csv,classification,dinov3_frozen_embeddings_linear_svm,linear_svm,StratifiedGroupKFold,5,5,102353,Beam,Beam,True
attr_bridge_type,attr_bridge_type,data/processed/train/attr_bridge_type_train.csv,data/features/dinov3_vitb16_remaining_attributes_assets.csv,classification,dinov3_frozen_embeddings_linear_svm,linear_svm,StratifiedGroupKFold,5,5,102373,Beam,Beam,True
attr_bridge_type,attr_bridge_type,data/processed/train/attr_bridge_type_train.csv,data/features/dinov3_vitb16_remaining_attributes_assets.csv,classification,dinov3_frozen_embeddings_linear_svm,linear_svm,StratifiedGroupKFold,5,5,102471,Beam,Beam,True
attr_bridge_type,attr_bridge_type,data/processed/train/attr_bridge_type_train.csv,data/features/dinov3_vitb16_remaining_attributes_assets.csv,classification,dinov3_frozen_embeddings_linear_svm,linear_svm,StratifiedGroupKFold,5,5,102849,Truss,Beam,False
attr_bridge_type,attr_bridge_type,data/processed/train/attr_bridge_type_train.csv,data/features/dinov3_vitb16_remaining_attributes_assets.csv,classification,dinov3_frozen_embeddings_linear_svm,linear_svm,StratifiedGroupKFold,5,5,103526,Beam,Beam,True
attr_bridge_type,attr_bridge_type,data/processed/train/attr_bridge_type_train.csv,data/features/dinov3_vitb16_remaining_attributes_assets.csv,classification,dinov3_frozen_embeddings_linear_svm,linear_svm,StratifiedGroupKFold,5,5,104080,Beam,Truss,False
attr_bridge_type,attr_bridge_type,data/processed/train/attr_bridge_type_train.csv,data/features/dinov3_vitb16_remaining_attributes_assets.csv,classification,dinov3_frozen_embeddings_linear_svm,linear_svm,StratifiedGroupKFold,5,5,104088,Beam,Beam,True
attr_bridge_type,attr_bridge_type,data/processed/train/attr_bridge_type_train.csv,data/features/dinov3_vitb16_remaining_attributes_assets.csv,classification,dinov3_frozen_embeddings_linear_svm,linear_svm,StratifiedGroupKFold,5,5,104159,Beam,Beam,True
attr_bridge_type,attr_bridge_type,data/processed/train/attr_bridge_type_train.csv,data/features/dinov3_vitb16_remaining_attributes_assets.csv,classification,dinov3_frozen_embeddings_linear_svm,linear_svm,StratifiedGroupKFold,5,5,105444,Beam,Beam,True
attr_bridge_type,attr_bridge_type,data/processed/train/attr_bridge_type_train.csv,data/features/dinov3_vitb16_remaining_attributes_assets.csv,classification,dinov3_frozen_embeddings_linear_svm,linear_svm,StratifiedGroupKFold,5,5,105449,Beam,Beam,True
attr_bridge_type,attr_bridge_type,data/processed/train/attr_bridge_type_train.csv,data/features/dinov3_vitb16_remaining_attributes_assets.csv,classification,dinov3_frozen_embeddings_linear_svm,linear_svm,StratifiedGroupKFold,5,5,107387,Beam,Beam,True
attr_bridge_type,attr_bridge_type,data/processed/train/attr_bridge_type_train.csv,data/features/dinov3_vitb16_remaining_attributes_assets.csv,classification,dinov3_frozen_embeddings_linear_svm,linear_svm,StratifiedGroupKFold,5,5,107473,Beam,Beam,True
attr_bridge_type,attr_bridge_type,data/processed/train/attr_bridge_type_train.csv,data/features/dinov3_vitb16_remaining_attributes_assets.csv,classification,dinov3_frozen_embeddings_linear_svm,linear_svm,StratifiedGroupKFold,5,5,108040,Beam,Beam,True
attr_bridge_type,attr_bridge_type,data/processed/train/attr_bridge_type_train.csv,data/features/dinov3_vitb16_remaining_attributes_assets.csv,classification,dinov3_frozen_embeddings_linear_svm,linear_svm,StratifiedGroupKFold,5,5,108725,Beam,Beam,True
attr_bridge_type,attr_bridge_type,data/processed/train/attr_bridge_type_train.csv,data/features/dinov3_vitb16_remaining_attributes_assets.csv,classification,dinov3_frozen_embeddings_linear_svm,linear_svm,StratifiedGroupKFold,5,5,109407,Beam,Beam,True
attr_bridge_type,attr_bridge_type,data/processed/train/attr_bridge_type_train.csv,data/features/dinov3_vitb16_remaining_attributes_assets.csv,classification,dinov3_frozen_embeddings_linear_svm,linear_svm,StratifiedGroupKFold,5,5,109537,Beam,Beam,True
attr_bridge_type,attr_bridge_type,data/processed/train/attr_bridge_type_train.csv,data/features/dinov3_vitb16_remaining_attributes_assets.csv,classification,dinov3_frozen_embeddings_linear_svm,linear_svm,StratifiedGroupKFold,5,5,110167,Beam,Beam,True
attr_bridge_type,attr_bridge_type,data/processed/train/attr_bridge_type_train.csv,data/features/dinov3_vitb16_remaining_attributes_assets.csv,classification,dinov3_frozen_embeddings_linear_svm,linear_svm,StratifiedGroupKFold,5,5,110299,Beam,Beam,True
attr_bridge_type,attr_bridge_type,data/processed/train/attr_bridge_type_train.csv,data/features/dinov3_vitb16_remaining_attributes_assets.csv,classification,dinov3_frozen_embeddings_linear_svm,linear_svm,StratifiedGroupKFold,5,5,110356,Beam,Beam,True
attr_bridge_type,attr_bridge_type,data/processed/train/attr_bridge_type_train.csv,data/features/dinov3_vitb16_remaining_attributes_assets.csv,classification,dinov3_frozen_embeddings_linear_svm,linear_svm,StratifiedGroupKFold,5,5,110788,Beam,Beam,True
attr_bridge_type,attr_bridge_type,data/processed/train/attr_bridge_type_train.csv,data/features/dinov3_vitb16_remaining_attributes_assets.csv,classification,dinov3_frozen_embeddings_linear_svm,linear_svm,StratifiedGroupKFold,5,5,110818,Beam,Beam,True
attr_bridge_type,attr_bridge_type,data/processed/train/attr_bridge_type_train.csv,data/features/dinov3_vitb16_remaining_attributes_assets.csv,classification,dinov3_frozen_embeddings_linear_svm,linear_svm,StratifiedGroupKFold,5,5,111745,Beam,Beam,True
attr_bridge_type,attr_bridge_type,data/processed/train/attr_bridge_type_train.csv,data/features/dinov3_vitb16_remaining_attributes_assets.csv,classification,dinov3_frozen_embeddings_linear_svm,linear_svm,StratifiedGroupKFold,5,5,111952,Beam,Beam,True
attr_bridge_type,attr_bridge_type,data/processed/train/attr_bridge_type_train.csv,data/features/dinov3_vitb16_remaining_attributes_assets.csv,classification,dinov3_frozen_embeddings_linear_svm,linear_svm,StratifiedGroupKFold,5,5,113153,Beam,Beam,True
attr_bridge_type,attr_bridge_type,data/processed/train/attr_bridge_type_train.csv,data/features/dinov3_vitb16_remaining_attributes_assets.csv,classification,dinov3_frozen_embeddings_linear_svm,linear_svm,StratifiedGroupKFold,5,5,113216,Beam,Beam,True
attr_bridge_type,attr_bridge_type,data/processed/train/attr_bridge_type_train.csv,data/features/dinov3_vitb16_remaining_attributes_assets.csv,classification,dinov3_frozen_embeddings_linear_svm,linear_svm,StratifiedGroupKFold,5,5,114081,Beam,Beam,True
attr_bridge_type,attr_bridge_type,data/processed/train/attr_bridge_type_train.csv,data/features/dinov3_vitb16_remaining_attributes_assets.csv,classification,dinov3_frozen_embeddings_linear_svm,linear_svm,StratifiedGroupKFold,5,5,114090,Beam,Beam,True
attr_bridge_type,attr_bridge_type,data/processed/train/attr_bridge_type_train.csv,data/features/dinov3_vitb16_remaining_attributes_assets.csv,classification,dinov3_frozen_embeddings_linear_svm,linear_svm,StratifiedGroupKFold,5,5,114701,Beam,Beam,True
attr_bridge_type,attr_bridge_type,data/processed/train/attr_bridge_type_train.csv,data/features/dinov3_vitb16_remaining_attributes_assets.csv,classification,dinov3_frozen_embeddings_linear_svm,linear_svm,StratifiedGroupKFold,5,5,114702,Beam,Beam,True
attr_bridge_type,attr_bridge_type,data/processed/train/attr_bridge_type_train.csv,data/features/dinov3_vitb16_remaining_attributes_assets.csv,classification,dinov3_frozen_embeddings_linear_svm,linear_svm,StratifiedGroupKFold,5,5,114815,Beam,Beam,True
attr_bridge_type,attr_bridge_type,data/processed/train/attr_bridge_type_train.csv,data/features/dinov3_vitb16_remaining_attributes_assets.csv,classification,dinov3_frozen_embeddings_linear_svm,linear_svm,StratifiedGroupKFold,5,5,114923,Beam,Beam,True
attr_bridge_type,attr_bridge_type,data/processed/train/attr_bridge_type_train.csv,data/features/dinov3_vitb16_remaining_attributes_assets.csv,classification,dinov3_frozen_embeddings_linear_svm,linear_svm,StratifiedGroupKFold,5,5,114943,Beam,Beam,True
attr_bridge_type,attr_bridge_type,data/processed/train/attr_bridge_type_train.csv,data/features/dinov3_vitb16_remaining_attributes_assets.csv,classification,dinov3_frozen_embeddings_linear_svm,linear_svm,StratifiedGroupKFold,5,5,114950,Beam,Beam,True
attr_bridge_type,attr_bridge_type,data/processed/train/attr_bridge_type_train.csv,data/features/dinov3_vitb16_remaining_attributes_assets.csv,classification,dinov3_frozen_embeddings_linear_svm,linear_svm,StratifiedGroupKFold,5,5,116051,Beam,Beam,True
attr_bridge_type,attr_bridge_type,data/processed/train/attr_bridge_type_train.csv,data/features/dinov3_vitb16_remaining_attributes_assets.csv,classification,dinov3_frozen_embeddings_linear_svm,linear_svm,StratifiedGroupKFold,5,5,117297,Beam,Beam,True
attr_bridge_type,attr_bridge_type,data/processed/train/attr_bridge_type_train.csv,data/features/dinov3_vitb16_remaining_attributes_assets.csv,classification,dinov3_frozen_embeddings_linear_svm,linear_svm,StratifiedGroupKFold,5,5,117304,Beam,Beam,True
attr_bridge_type,attr_bridge_type,data/processed/train/attr_bridge_type_train.csv,data/features/dinov3_vitb16_remaining_attributes_assets.csv,classification,dinov3_frozen_embeddings_linear_svm,linear_svm,StratifiedGroupKFold,5,5,117339,Beam,Beam,True
attr_bridge_type,attr_bridge_type,data/processed/train/attr_bridge_type_train.csv,data/features/dinov3_vitb16_remaining_attributes_assets.csv,classification,dinov3_frozen_embeddings_linear_svm,linear_svm,StratifiedGroupKFold,5,5,118757,Beam,Beam,True
attr_bridge_type,attr_bridge_type,data/processed/train/attr_bridge_type_train.csv,data/features/dinov3_vitb16_remaining_attributes_assets.csv,classification,dinov3_frozen_embeddings_linear_svm,linear_svm,StratifiedGroupKFold,5,5,119851,Beam,Beam,True
attr_bridge_type,attr_bridge_type,data/processed/train/attr_bridge_type_train.csv,data/features/dinov3_vitb16_remaining_attributes_assets.csv,classification,dinov3_frozen_embeddings_linear_svm,linear_svm,StratifiedGroupKFold,5,5,119977,Beam,Beam,True
attr_bridge_type,attr_bridge_type,data/processed/train/attr_bridge_type_train.csv,data/features/dinov3_vitb16_remaining_attributes_assets.csv,classification,dinov3_frozen_embeddings_linear_svm,linear_svm,StratifiedGroupKFold,5,5,121500,Beam,Beam,True
attr_bridge_type,attr_bridge_type,data/processed/train/attr_bridge_type_train.csv,data/features/dinov3_vitb16_remaining_attributes_assets.csv,classification,dinov3_frozen_embeddings_linear_svm,linear_svm,StratifiedGroupKFold,5,5,121649,Beam,Beam,True
attr_bridge_type,attr_bridge_type,data/processed/train/attr_bridge_type_train.csv,data/features/dinov3_vitb16_remaining_attributes_assets.csv,classification,dinov3_frozen_embeddings_linear_svm,linear_svm,StratifiedGroupKFold,5,5,121755,Beam,Beam,True
attr_bridge_type,attr_bridge_type,data/processed/train/attr_bridge_type_train.csv,data/features/dinov3_vitb16_remaining_attributes_assets.csv,classification,dinov3_frozen_embeddings_linear_svm,linear_svm,StratifiedGroupKFold,5,5,122439,Beam,Truss,False
attr_bridge_type,attr_bridge_type,data/processed/train/attr_bridge_type_train.csv,data/features/dinov3_vitb16_remaining_attributes_assets.csv,classification,dinov3_frozen_embeddings_linear_svm,linear_svm,StratifiedGroupKFold,5,5,122263,Beam,Beam,True
attr_bridge_type,attr_bridge_type,data/processed/train/attr_bridge_type_train.csv,data/features/dinov3_vitb16_remaining_attributes_assets.csv,classification,dinov3_frozen_embeddings_linear_svm,linear_svm,StratifiedGroupKFold,5,5,122444,Beam,Beam,True
attr_bridge_type,attr_bridge_type,data/processed/train/attr_bridge_type_train.csv,data/features/dinov3_vitb16_remaining_attributes_assets.csv,classification,dinov3_frozen_embeddings_linear_svm,linear_svm,StratifiedGroupKFold,5,5,122442,Beam,Truss,False
attr_bridge_type,attr_bridge_type,data/processed/train/attr_bridge_type_train.csv,data/features/dinov3_vitb16_remaining_attributes_assets.csv,classification,dinov3_frozen_embeddings_linear_svm,linear_svm,StratifiedGroupKFold,5,5,126779,Truss,Truss,True
attr_bridge_type,attr_bridge_type,data/processed/train/attr_bridge_type_train.csv,data/features/dinov3_vitb16_remaining_attributes_assets.csv,classification,dinov3_frozen_embeddings_linear_svm,linear_svm,StratifiedGroupKFold,5,5,126913,Other,Beam,False
attr_bridge_type,attr_bridge_type,data/processed/train/attr_bridge_type_train.csv,data/features/dinov3_vitb16_remaining_attributes_assets.csv,classification,dinov3_frozen_embeddings_linear_svm,linear_svm,StratifiedGroupKFold,5,5,126916,Other,Beam,False
attr_bridge_type,attr_bridge_type,data/processed/train/attr_bridge_type_train.csv,data/features/dinov3_vitb16_remaining_attributes_assets.csv,classification,dinov3_frozen_embeddings_linear_svm,linear_svm,StratifiedGroupKFold,5,5,127204,Beam,Beam,True
attr_bridge_type,attr_bridge_type,data/processed/train/attr_bridge_type_train.csv,data/features/dinov3_vitb16_remaining_attributes_assets.csv,classification,dinov3_frozen_embeddings_linear_svm,linear_svm,StratifiedGroupKFold,5,5,129305,Beam,Beam,True
