attribute,target_column,target_file,feature_file,task_type,strategy,classifier,splitter,fold,n_folds,asset_id,y_true,y_pred,is_correct,tuned_C,tuned_class_weight,inner_macro_f1_mean
attr_decking_material,attr_decking_material,data/processed/train/attr_decking_material_train.csv,data/features/dinov3_vitb16_attr_decking_material_assets.csv,classification,dinov3_frozen_embeddings_logistic_regression_tuned,logistic_regression_tuned,GroupKFold,1,5,48117,Timber,Timber,True,10.0,balanced,0.45002873722397946
attr_decking_material,attr_decking_material,data/processed/train/attr_decking_material_train.csv,data/features/dinov3_vitb16_attr_decking_material_assets.csv,classification,dinov3_frozen_embeddings_logistic_regression_tuned,logistic_regression_tuned,GroupKFold,1,5,51602,Timber,Timber,True,10.0,balanced,0.45002873722397946
attr_decking_material,attr_decking_material,data/processed/train/attr_decking_material_train.csv,data/features/dinov3_vitb16_attr_decking_material_assets.csv,classification,dinov3_frozen_embeddings_logistic_regression_tuned,logistic_regression_tuned,GroupKFold,1,5,56779,Timber,Timber,True,10.0,balanced,0.45002873722397946
attr_decking_material,attr_decking_material,data/processed/train/attr_decking_material_train.csv,data/features/dinov3_vitb16_attr_decking_material_assets.csv,classification,dinov3_frozen_embeddings_logistic_regression_tuned,logistic_regression_tuned,GroupKFold,1,5,61005,Timber,Timber,True,10.0,balanced,0.45002873722397946
attr_decking_material,attr_decking_material,data/processed/train/attr_decking_material_train.csv,data/features/dinov3_vitb16_attr_decking_material_assets.csv,classification,dinov3_frozen_embeddings_logistic_regression_tuned,logistic_regression_tuned,GroupKFold,1,5,59061,Timber,Timber,True,10.0,balanced,0.45002873722397946
attr_decking_material,attr_decking_material,data/processed/train/attr_decking_material_train.csv,data/features/dinov3_vitb16_attr_decking_material_assets.csv,classification,dinov3_frozen_embeddings_logistic_regression_tuned,logistic_regression_tuned,GroupKFold,1,5,61736,Timber,Timber,True,10.0,balanced,0.45002873722397946
attr_decking_material,attr_decking_material,data/processed/train/attr_decking_material_train.csv,data/features/dinov3_vitb16_attr_decking_material_assets.csv,classification,dinov3_frozen_embeddings_logistic_regression_tuned,logistic_regression_tuned,GroupKFold,1,5,61742,Timber,Timber,True,10.0,balanced,0.45002873722397946
attr_decking_material,attr_decking_material,data/processed/train/attr_decking_material_train.csv,data/features/dinov3_vitb16_attr_decking_material_assets.csv,classification,dinov3_frozen_embeddings_logistic_regression_tuned,logistic_regression_tuned,GroupKFold,1,5,64261,Timber,Timber,True,10.0,balanced,0.45002873722397946
attr_decking_material,attr_decking_material,data/processed/train/attr_decking_material_train.csv,data/features/dinov3_vitb16_attr_decking_material_assets.csv,classification,dinov3_frozen_embeddings_logistic_regression_tuned,logistic_regression_tuned,GroupKFold,1,5,66933,Timber,Timber,True,10.0,balanced,0.45002873722397946
attr_decking_material,attr_decking_material,data/processed/train/attr_decking_material_train.csv,data/features/dinov3_vitb16_attr_decking_material_assets.csv,classification,dinov3_frozen_embeddings_logistic_regression_tuned,logistic_regression_tuned,GroupKFold,1,5,81887,Timber,Timber,True,10.0,balanced,0.45002873722397946
attr_decking_material,attr_decking_material,data/processed/train/attr_decking_material_train.csv,data/features/dinov3_vitb16_attr_decking_material_assets.csv,classification,dinov3_frozen_embeddings_logistic_regression_tuned,logistic_regression_tuned,GroupKFold,1,5,83916,Timber,Timber,True,10.0,balanced,0.45002873722397946
attr_decking_material,attr_decking_material,data/processed/train/attr_decking_material_train.csv,data/features/dinov3_vitb16_attr_decking_material_assets.csv,classification,dinov3_frozen_embeddings_logistic_regression_tuned,logistic_regression_tuned,GroupKFold,1,5,83934,Timber,Timber,True,10.0,balanced,0.45002873722397946
attr_decking_material,attr_decking_material,data/processed/train/attr_decking_material_train.csv,data/features/dinov3_vitb16_attr_decking_material_assets.csv,classification,dinov3_frozen_embeddings_logistic_regression_tuned,logistic_regression_tuned,GroupKFold,1,5,83925,Timber,Timber,True,10.0,balanced,0.45002873722397946
attr_decking_material,attr_decking_material,data/processed/train/attr_decking_material_train.csv,data/features/dinov3_vitb16_attr_decking_material_assets.csv,classification,dinov3_frozen_embeddings_logistic_regression_tuned,logistic_regression_tuned,GroupKFold,1,5,83941,Timber,Timber,True,10.0,balanced,0.45002873722397946
attr_decking_material,attr_decking_material,data/processed/train/attr_decking_material_train.csv,data/features/dinov3_vitb16_attr_decking_material_assets.csv,classification,dinov3_frozen_embeddings_logistic_regression_tuned,logistic_regression_tuned,GroupKFold,1,5,85485,Timber,Timber,True,10.0,balanced,0.45002873722397946
attr_decking_material,attr_decking_material,data/processed/train/attr_decking_material_train.csv,data/features/dinov3_vitb16_attr_decking_material_assets.csv,classification,dinov3_frozen_embeddings_logistic_regression_tuned,logistic_regression_tuned,GroupKFold,1,5,85506,Timber,Timber,True,10.0,balanced,0.45002873722397946
attr_decking_material,attr_decking_material,data/processed/train/attr_decking_material_train.csv,data/features/dinov3_vitb16_attr_decking_material_assets.csv,classification,dinov3_frozen_embeddings_logistic_regression_tuned,logistic_regression_tuned,GroupKFold,1,5,85545,Timber,Timber,True,10.0,balanced,0.45002873722397946
attr_decking_material,attr_decking_material,data/processed/train/attr_decking_material_train.csv,data/features/dinov3_vitb16_attr_decking_material_assets.csv,classification,dinov3_frozen_embeddings_logistic_regression_tuned,logistic_regression_tuned,GroupKFold,1,5,86006,Timber,Timber,True,10.0,balanced,0.45002873722397946
attr_decking_material,attr_decking_material,data/processed/train/attr_decking_material_train.csv,data/features/dinov3_vitb16_attr_decking_material_assets.csv,classification,dinov3_frozen_embeddings_logistic_regression_tuned,logistic_regression_tuned,GroupKFold,1,5,86052,Timber,Timber,True,10.0,balanced,0.45002873722397946
attr_decking_material,attr_decking_material,data/processed/train/attr_decking_material_train.csv,data/features/dinov3_vitb16_attr_decking_material_assets.csv,classification,dinov3_frozen_embeddings_logistic_regression_tuned,logistic_regression_tuned,GroupKFold,1,5,86041,Timber,Timber,True,10.0,balanced,0.45002873722397946
attr_decking_material,attr_decking_material,data/processed/train/attr_decking_material_train.csv,data/features/dinov3_vitb16_attr_decking_material_assets.csv,classification,dinov3_frozen_embeddings_logistic_regression_tuned,logistic_regression_tuned,GroupKFold,1,5,86054,Timber,Timber,True,10.0,balanced,0.45002873722397946
attr_decking_material,attr_decking_material,data/processed/train/attr_decking_material_train.csv,data/features/dinov3_vitb16_attr_decking_material_assets.csv,classification,dinov3_frozen_embeddings_logistic_regression_tuned,logistic_regression_tuned,GroupKFold,1,5,86065,Timber,Timber,True,10.0,balanced,0.45002873722397946
attr_decking_material,attr_decking_material,data/processed/train/attr_decking_material_train.csv,data/features/dinov3_vitb16_attr_decking_material_assets.csv,classification,dinov3_frozen_embeddings_logistic_regression_tuned,logistic_regression_tuned,GroupKFold,1,5,86082,Timber,Timber,True,10.0,balanced,0.45002873722397946
attr_decking_material,attr_decking_material,data/processed/train/attr_decking_material_train.csv,data/features/dinov3_vitb16_attr_decking_material_assets.csv,classification,dinov3_frozen_embeddings_logistic_regression_tuned,logistic_regression_tuned,GroupKFold,1,5,86080,Timber,Timber,True,10.0,balanced,0.45002873722397946
attr_decking_material,attr_decking_material,data/processed/train/attr_decking_material_train.csv,data/features/dinov3_vitb16_attr_decking_material_assets.csv,classification,dinov3_frozen_embeddings_logistic_regression_tuned,logistic_regression_tuned,GroupKFold,1,5,86084,Timber,Timber,True,10.0,balanced,0.45002873722397946
attr_decking_material,attr_decking_material,data/processed/train/attr_decking_material_train.csv,data/features/dinov3_vitb16_attr_decking_material_assets.csv,classification,dinov3_frozen_embeddings_logistic_regression_tuned,logistic_regression_tuned,GroupKFold,1,5,86092,Timber,Timber,True,10.0,balanced,0.45002873722397946
attr_decking_material,attr_decking_material,data/processed/train/attr_decking_material_train.csv,data/features/dinov3_vitb16_attr_decking_material_assets.csv,classification,dinov3_frozen_embeddings_logistic_regression_tuned,logistic_regression_tuned,GroupKFold,1,5,86096,Timber,Timber,True,10.0,balanced,0.45002873722397946
attr_decking_material,attr_decking_material,data/processed/train/attr_decking_material_train.csv,data/features/dinov3_vitb16_attr_decking_material_assets.csv,classification,dinov3_frozen_embeddings_logistic_regression_tuned,logistic_regression_tuned,GroupKFold,1,5,86108,Timber,Timber,True,10.0,balanced,0.45002873722397946
attr_decking_material,attr_decking_material,data/processed/train/attr_decking_material_train.csv,data/features/dinov3_vitb16_attr_decking_material_assets.csv,classification,dinov3_frozen_embeddings_logistic_regression_tuned,logistic_regression_tuned,GroupKFold,1,5,86106,Timber,Timber,True,10.0,balanced,0.45002873722397946
attr_decking_material,attr_decking_material,data/processed/train/attr_decking_material_train.csv,data/features/dinov3_vitb16_attr_decking_material_assets.csv,classification,dinov3_frozen_embeddings_logistic_regression_tuned,logistic_regression_tuned,GroupKFold,1,5,86111,Timber,Timber,True,10.0,balanced,0.45002873722397946
attr_decking_material,attr_decking_material,data/processed/train/attr_decking_material_train.csv,data/features/dinov3_vitb16_attr_decking_material_assets.csv,classification,dinov3_frozen_embeddings_logistic_regression_tuned,logistic_regression_tuned,GroupKFold,1,5,86125,Timber,Timber,True,10.0,balanced,0.45002873722397946
attr_decking_material,attr_decking_material,data/processed/train/attr_decking_material_train.csv,data/features/dinov3_vitb16_attr_decking_material_assets.csv,classification,dinov3_frozen_embeddings_logistic_regression_tuned,logistic_regression_tuned,GroupKFold,1,5,86132,Timber,Timber,True,10.0,balanced,0.45002873722397946
attr_decking_material,attr_decking_material,data/processed/train/attr_decking_material_train.csv,data/features/dinov3_vitb16_attr_decking_material_assets.csv,classification,dinov3_frozen_embeddings_logistic_regression_tuned,logistic_regression_tuned,GroupKFold,1,5,86147,Timber,Timber,True,10.0,balanced,0.45002873722397946
attr_decking_material,attr_decking_material,data/processed/train/attr_decking_material_train.csv,data/features/dinov3_vitb16_attr_decking_material_assets.csv,classification,dinov3_frozen_embeddings_logistic_regression_tuned,logistic_regression_tuned,GroupKFold,1,5,86153,Timber,Timber,True,10.0,balanced,0.45002873722397946
attr_decking_material,attr_decking_material,data/processed/train/attr_decking_material_train.csv,data/features/dinov3_vitb16_attr_decking_material_assets.csv,classification,dinov3_frozen_embeddings_logistic_regression_tuned,logistic_regression_tuned,GroupKFold,1,5,86157,Timber,Timber,True,10.0,balanced,0.45002873722397946
attr_decking_material,attr_decking_material,data/processed/train/attr_decking_material_train.csv,data/features/dinov3_vitb16_attr_decking_material_assets.csv,classification,dinov3_frozen_embeddings_logistic_regression_tuned,logistic_regression_tuned,GroupKFold,1,5,86160,Timber,Timber,True,10.0,balanced,0.45002873722397946
attr_decking_material,attr_decking_material,data/processed/train/attr_decking_material_train.csv,data/features/dinov3_vitb16_attr_decking_material_assets.csv,classification,dinov3_frozen_embeddings_logistic_regression_tuned,logistic_regression_tuned,GroupKFold,1,5,86162,Timber,Timber,True,10.0,balanced,0.45002873722397946
attr_decking_material,attr_decking_material,data/processed/train/attr_decking_material_train.csv,data/features/dinov3_vitb16_attr_decking_material_assets.csv,classification,dinov3_frozen_embeddings_logistic_regression_tuned,logistic_regression_tuned,GroupKFold,1,5,86163,Timber,Timber,True,10.0,balanced,0.45002873722397946
attr_decking_material,attr_decking_material,data/processed/train/attr_decking_material_train.csv,data/features/dinov3_vitb16_attr_decking_material_assets.csv,classification,dinov3_frozen_embeddings_logistic_regression_tuned,logistic_regression_tuned,GroupKFold,1,5,86172,Timber,Timber,True,10.0,balanced,0.45002873722397946
attr_decking_material,attr_decking_material,data/processed/train/attr_decking_material_train.csv,data/features/dinov3_vitb16_attr_decking_material_assets.csv,classification,dinov3_frozen_embeddings_logistic_regression_tuned,logistic_regression_tuned,GroupKFold,1,5,86176,Timber,Timber,True,10.0,balanced,0.45002873722397946
attr_decking_material,attr_decking_material,data/processed/train/attr_decking_material_train.csv,data/features/dinov3_vitb16_attr_decking_material_assets.csv,classification,dinov3_frozen_embeddings_logistic_regression_tuned,logistic_regression_tuned,GroupKFold,1,5,86181,Timber,Timber,True,10.0,balanced,0.45002873722397946
attr_decking_material,attr_decking_material,data/processed/train/attr_decking_material_train.csv,data/features/dinov3_vitb16_attr_decking_material_assets.csv,classification,dinov3_frozen_embeddings_logistic_regression_tuned,logistic_regression_tuned,GroupKFold,1,5,86180,Timber,Timber,True,10.0,balanced,0.45002873722397946
attr_decking_material,attr_decking_material,data/processed/train/attr_decking_material_train.csv,data/features/dinov3_vitb16_attr_decking_material_assets.csv,classification,dinov3_frozen_embeddings_logistic_regression_tuned,logistic_regression_tuned,GroupKFold,1,5,86185,Timber,Timber,True,10.0,balanced,0.45002873722397946
attr_decking_material,attr_decking_material,data/processed/train/attr_decking_material_train.csv,data/features/dinov3_vitb16_attr_decking_material_assets.csv,classification,dinov3_frozen_embeddings_logistic_regression_tuned,logistic_regression_tuned,GroupKFold,1,5,86182,Timber,Timber,True,10.0,balanced,0.45002873722397946
attr_decking_material,attr_decking_material,data/processed/train/attr_decking_material_train.csv,data/features/dinov3_vitb16_attr_decking_material_assets.csv,classification,dinov3_frozen_embeddings_logistic_regression_tuned,logistic_regression_tuned,GroupKFold,1,5,86190,Timber,Timber,True,10.0,balanced,0.45002873722397946
attr_decking_material,attr_decking_material,data/processed/train/attr_decking_material_train.csv,data/features/dinov3_vitb16_attr_decking_material_assets.csv,classification,dinov3_frozen_embeddings_logistic_regression_tuned,logistic_regression_tuned,GroupKFold,1,5,86195,Timber,Timber,True,10.0,balanced,0.45002873722397946
attr_decking_material,attr_decking_material,data/processed/train/attr_decking_material_train.csv,data/features/dinov3_vitb16_attr_decking_material_assets.csv,classification,dinov3_frozen_embeddings_logistic_regression_tuned,logistic_regression_tuned,GroupKFold,1,5,86198,Timber,Timber,True,10.0,balanced,0.45002873722397946
attr_decking_material,attr_decking_material,data/processed/train/attr_decking_material_train.csv,data/features/dinov3_vitb16_attr_decking_material_assets.csv,classification,dinov3_frozen_embeddings_logistic_regression_tuned,logistic_regression_tuned,GroupKFold,1,5,86232,Timber,Timber,True,10.0,balanced,0.45002873722397946
attr_decking_material,attr_decking_material,data/processed/train/attr_decking_material_train.csv,data/features/dinov3_vitb16_attr_decking_material_assets.csv,classification,dinov3_frozen_embeddings_logistic_regression_tuned,logistic_regression_tuned,GroupKFold,1,5,86230,Timber,Timber,True,10.0,balanced,0.45002873722397946
attr_decking_material,attr_decking_material,data/processed/train/attr_decking_material_train.csv,data/features/dinov3_vitb16_attr_decking_material_assets.csv,classification,dinov3_frozen_embeddings_logistic_regression_tuned,logistic_regression_tuned,GroupKFold,1,5,86248,Timber,Timber,True,10.0,balanced,0.45002873722397946
attr_decking_material,attr_decking_material,data/processed/train/attr_decking_material_train.csv,data/features/dinov3_vitb16_attr_decking_material_assets.csv,classification,dinov3_frozen_embeddings_logistic_regression_tuned,logistic_regression_tuned,GroupKFold,1,5,86260,Timber,Timber,True,10.0,balanced,0.45002873722397946
attr_decking_material,attr_decking_material,data/processed/train/attr_decking_material_train.csv,data/features/dinov3_vitb16_attr_decking_material_assets.csv,classification,dinov3_frozen_embeddings_logistic_regression_tuned,logistic_regression_tuned,GroupKFold,1,5,87554,Timber,Timber,True,10.0,balanced,0.45002873722397946
attr_decking_material,attr_decking_material,data/processed/train/attr_decking_material_train.csv,data/features/dinov3_vitb16_attr_decking_material_assets.csv,classification,dinov3_frozen_embeddings_logistic_regression_tuned,logistic_regression_tuned,GroupKFold,1,5,87582,Timber,Timber,True,10.0,balanced,0.45002873722397946
attr_decking_material,attr_decking_material,data/processed/train/attr_decking_material_train.csv,data/features/dinov3_vitb16_attr_decking_material_assets.csv,classification,dinov3_frozen_embeddings_logistic_regression_tuned,logistic_regression_tuned,GroupKFold,1,5,88089,Timber,Timber,True,10.0,balanced,0.45002873722397946
attr_decking_material,attr_decking_material,data/processed/train/attr_decking_material_train.csv,data/features/dinov3_vitb16_attr_decking_material_assets.csv,classification,dinov3_frozen_embeddings_logistic_regression_tuned,logistic_regression_tuned,GroupKFold,1,5,89410,Timber,Timber,True,10.0,balanced,0.45002873722397946
attr_decking_material,attr_decking_material,data/processed/train/attr_decking_material_train.csv,data/features/dinov3_vitb16_attr_decking_material_assets.csv,classification,dinov3_frozen_embeddings_logistic_regression_tuned,logistic_regression_tuned,GroupKFold,1,5,89446,Timber,Timber,True,10.0,balanced,0.45002873722397946
attr_decking_material,attr_decking_material,data/processed/train/attr_decking_material_train.csv,data/features/dinov3_vitb16_attr_decking_material_assets.csv,classification,dinov3_frozen_embeddings_logistic_regression_tuned,logistic_regression_tuned,GroupKFold,1,5,89451,Timber,Timber,True,10.0,balanced,0.45002873722397946
attr_decking_material,attr_decking_material,data/processed/train/attr_decking_material_train.csv,data/features/dinov3_vitb16_attr_decking_material_assets.csv,classification,dinov3_frozen_embeddings_logistic_regression_tuned,logistic_regression_tuned,GroupKFold,1,5,89584,Timber,Timber,True,10.0,balanced,0.45002873722397946
attr_decking_material,attr_decking_material,data/processed/train/attr_decking_material_train.csv,data/features/dinov3_vitb16_attr_decking_material_assets.csv,classification,dinov3_frozen_embeddings_logistic_regression_tuned,logistic_regression_tuned,GroupKFold,1,5,89588,Timber,Timber,True,10.0,balanced,0.45002873722397946
attr_decking_material,attr_decking_material,data/processed/train/attr_decking_material_train.csv,data/features/dinov3_vitb16_attr_decking_material_assets.csv,classification,dinov3_frozen_embeddings_logistic_regression_tuned,logistic_regression_tuned,GroupKFold,1,5,89591,Timber,Timber,True,10.0,balanced,0.45002873722397946
attr_decking_material,attr_decking_material,data/processed/train/attr_decking_material_train.csv,data/features/dinov3_vitb16_attr_decking_material_assets.csv,classification,dinov3_frozen_embeddings_logistic_regression_tuned,logistic_regression_tuned,GroupKFold,1,5,89594,Timber,Timber,True,10.0,balanced,0.45002873722397946
attr_decking_material,attr_decking_material,data/processed/train/attr_decking_material_train.csv,data/features/dinov3_vitb16_attr_decking_material_assets.csv,classification,dinov3_frozen_embeddings_logistic_regression_tuned,logistic_regression_tuned,GroupKFold,1,5,89601,Timber,Timber,True,10.0,balanced,0.45002873722397946
attr_decking_material,attr_decking_material,data/processed/train/attr_decking_material_train.csv,data/features/dinov3_vitb16_attr_decking_material_assets.csv,classification,dinov3_frozen_embeddings_logistic_regression_tuned,logistic_regression_tuned,GroupKFold,1,5,89713,Timber,Timber,True,10.0,balanced,0.45002873722397946
attr_decking_material,attr_decking_material,data/processed/train/attr_decking_material_train.csv,data/features/dinov3_vitb16_attr_decking_material_assets.csv,classification,dinov3_frozen_embeddings_logistic_regression_tuned,logistic_regression_tuned,GroupKFold,1,5,89721,Timber,Timber,True,10.0,balanced,0.45002873722397946
attr_decking_material,attr_decking_material,data/processed/train/attr_decking_material_train.csv,data/features/dinov3_vitb16_attr_decking_material_assets.csv,classification,dinov3_frozen_embeddings_logistic_regression_tuned,logistic_regression_tuned,GroupKFold,1,5,90320,Timber,Timber,True,10.0,balanced,0.45002873722397946
attr_decking_material,attr_decking_material,data/processed/train/attr_decking_material_train.csv,data/features/dinov3_vitb16_attr_decking_material_assets.csv,classification,dinov3_frozen_embeddings_logistic_regression_tuned,logistic_regression_tuned,GroupKFold,1,5,90324,Timber,Timber,True,10.0,balanced,0.45002873722397946
attr_decking_material,attr_decking_material,data/processed/train/attr_decking_material_train.csv,data/features/dinov3_vitb16_attr_decking_material_assets.csv,classification,dinov3_frozen_embeddings_logistic_regression_tuned,logistic_regression_tuned,GroupKFold,1,5,90329,Timber,Timber,True,10.0,balanced,0.45002873722397946
attr_decking_material,attr_decking_material,data/processed/train/attr_decking_material_train.csv,data/features/dinov3_vitb16_attr_decking_material_assets.csv,classification,dinov3_frozen_embeddings_logistic_regression_tuned,logistic_regression_tuned,GroupKFold,1,5,90330,Timber,Timber,True,10.0,balanced,0.45002873722397946
attr_decking_material,attr_decking_material,data/processed/train/attr_decking_material_train.csv,data/features/dinov3_vitb16_attr_decking_material_assets.csv,classification,dinov3_frozen_embeddings_logistic_regression_tuned,logistic_regression_tuned,GroupKFold,1,5,90338,Timber,Timber,True,10.0,balanced,0.45002873722397946
attr_decking_material,attr_decking_material,data/processed/train/attr_decking_material_train.csv,data/features/dinov3_vitb16_attr_decking_material_assets.csv,classification,dinov3_frozen_embeddings_logistic_regression_tuned,logistic_regression_tuned,GroupKFold,1,5,90340,Timber,Timber,True,10.0,balanced,0.45002873722397946
attr_decking_material,attr_decking_material,data/processed/train/attr_decking_material_train.csv,data/features/dinov3_vitb16_attr_decking_material_assets.csv,classification,dinov3_frozen_embeddings_logistic_regression_tuned,logistic_regression_tuned,GroupKFold,1,5,90345,Timber,Timber,True,10.0,balanced,0.45002873722397946
attr_decking_material,attr_decking_material,data/processed/train/attr_decking_material_train.csv,data/features/dinov3_vitb16_attr_decking_material_assets.csv,classification,dinov3_frozen_embeddings_logistic_regression_tuned,logistic_regression_tuned,GroupKFold,1,5,90353,Timber,Timber,True,10.0,balanced,0.45002873722397946
attr_decking_material,attr_decking_material,data/processed/train/attr_decking_material_train.csv,data/features/dinov3_vitb16_attr_decking_material_assets.csv,classification,dinov3_frozen_embeddings_logistic_regression_tuned,logistic_regression_tuned,GroupKFold,1,5,90355,Timber,Timber,True,10.0,balanced,0.45002873722397946
attr_decking_material,attr_decking_material,data/processed/train/attr_decking_material_train.csv,data/features/dinov3_vitb16_attr_decking_material_assets.csv,classification,dinov3_frozen_embeddings_logistic_regression_tuned,logistic_regression_tuned,GroupKFold,1,5,90370,Timber,Timber,True,10.0,balanced,0.45002873722397946
attr_decking_material,attr_decking_material,data/processed/train/attr_decking_material_train.csv,data/features/dinov3_vitb16_attr_decking_material_assets.csv,classification,dinov3_frozen_embeddings_logistic_regression_tuned,logistic_regression_tuned,GroupKFold,1,5,90392,Timber,Timber,True,10.0,balanced,0.45002873722397946
attr_decking_material,attr_decking_material,data/processed/train/attr_decking_material_train.csv,data/features/dinov3_vitb16_attr_decking_material_assets.csv,classification,dinov3_frozen_embeddings_logistic_regression_tuned,logistic_regression_tuned,GroupKFold,1,5,91946,Timber,Timber,True,10.0,balanced,0.45002873722397946
attr_decking_material,attr_decking_material,data/processed/train/attr_decking_material_train.csv,data/features/dinov3_vitb16_attr_decking_material_assets.csv,classification,dinov3_frozen_embeddings_logistic_regression_tuned,logistic_regression_tuned,GroupKFold,1,5,92030,Timber,Timber,True,10.0,balanced,0.45002873722397946
attr_decking_material,attr_decking_material,data/processed/train/attr_decking_material_train.csv,data/features/dinov3_vitb16_attr_decking_material_assets.csv,classification,dinov3_frozen_embeddings_logistic_regression_tuned,logistic_regression_tuned,GroupKFold,1,5,92037,Timber,Timber,True,10.0,balanced,0.45002873722397946
attr_decking_material,attr_decking_material,data/processed/train/attr_decking_material_train.csv,data/features/dinov3_vitb16_attr_decking_material_assets.csv,classification,dinov3_frozen_embeddings_logistic_regression_tuned,logistic_regression_tuned,GroupKFold,1,5,92043,Timber,Timber,True,10.0,balanced,0.45002873722397946
attr_decking_material,attr_decking_material,data/processed/train/attr_decking_material_train.csv,data/features/dinov3_vitb16_attr_decking_material_assets.csv,classification,dinov3_frozen_embeddings_logistic_regression_tuned,logistic_regression_tuned,GroupKFold,1,5,92046,Timber,Timber,True,10.0,balanced,0.45002873722397946
attr_decking_material,attr_decking_material,data/processed/train/attr_decking_material_train.csv,data/features/dinov3_vitb16_attr_decking_material_assets.csv,classification,dinov3_frozen_embeddings_logistic_regression_tuned,logistic_regression_tuned,GroupKFold,1,5,92049,Timber,Timber,True,10.0,balanced,0.45002873722397946
attr_decking_material,attr_decking_material,data/processed/train/attr_decking_material_train.csv,data/features/dinov3_vitb16_attr_decking_material_assets.csv,classification,dinov3_frozen_embeddings_logistic_regression_tuned,logistic_regression_tuned,GroupKFold,1,5,94171,Timber,Timber,True,10.0,balanced,0.45002873722397946
attr_decking_material,attr_decking_material,data/processed/train/attr_decking_material_train.csv,data/features/dinov3_vitb16_attr_decking_material_assets.csv,classification,dinov3_frozen_embeddings_logistic_regression_tuned,logistic_regression_tuned,GroupKFold,1,5,94269,Timber,Timber,True,10.0,balanced,0.45002873722397946
attr_decking_material,attr_decking_material,data/processed/train/attr_decking_material_train.csv,data/features/dinov3_vitb16_attr_decking_material_assets.csv,classification,dinov3_frozen_embeddings_logistic_regression_tuned,logistic_regression_tuned,GroupKFold,1,5,94277,Timber,Timber,True,10.0,balanced,0.45002873722397946
attr_decking_material,attr_decking_material,data/processed/train/attr_decking_material_train.csv,data/features/dinov3_vitb16_attr_decking_material_assets.csv,classification,dinov3_frozen_embeddings_logistic_regression_tuned,logistic_regression_tuned,GroupKFold,1,5,94286,Timber,Timber,True,10.0,balanced,0.45002873722397946
attr_decking_material,attr_decking_material,data/processed/train/attr_decking_material_train.csv,data/features/dinov3_vitb16_attr_decking_material_assets.csv,classification,dinov3_frozen_embeddings_logistic_regression_tuned,logistic_regression_tuned,GroupKFold,1,5,94293,Timber,Timber,True,10.0,balanced,0.45002873722397946
attr_decking_material,attr_decking_material,data/processed/train/attr_decking_material_train.csv,data/features/dinov3_vitb16_attr_decking_material_assets.csv,classification,dinov3_frozen_embeddings_logistic_regression_tuned,logistic_regression_tuned,GroupKFold,1,5,94294,Timber,Timber,True,10.0,balanced,0.45002873722397946
attr_decking_material,attr_decking_material,data/processed/train/attr_decking_material_train.csv,data/features/dinov3_vitb16_attr_decking_material_assets.csv,classification,dinov3_frozen_embeddings_logistic_regression_tuned,logistic_regression_tuned,GroupKFold,1,5,94312,Timber,Timber,True,10.0,balanced,0.45002873722397946
attr_decking_material,attr_decking_material,data/processed/train/attr_decking_material_train.csv,data/features/dinov3_vitb16_attr_decking_material_assets.csv,classification,dinov3_frozen_embeddings_logistic_regression_tuned,logistic_regression_tuned,GroupKFold,1,5,94346,Timber,Timber,True,10.0,balanced,0.45002873722397946
attr_decking_material,attr_decking_material,data/processed/train/attr_decking_material_train.csv,data/features/dinov3_vitb16_attr_decking_material_assets.csv,classification,dinov3_frozen_embeddings_logistic_regression_tuned,logistic_regression_tuned,GroupKFold,1,5,94349,Timber,Timber,True,10.0,balanced,0.45002873722397946
attr_decking_material,attr_decking_material,data/processed/train/attr_decking_material_train.csv,data/features/dinov3_vitb16_attr_decking_material_assets.csv,classification,dinov3_frozen_embeddings_logistic_regression_tuned,logistic_regression_tuned,GroupKFold,1,5,94353,Timber,Timber,True,10.0,balanced,0.45002873722397946
attr_decking_material,attr_decking_material,data/processed/train/attr_decking_material_train.csv,data/features/dinov3_vitb16_attr_decking_material_assets.csv,classification,dinov3_frozen_embeddings_logistic_regression_tuned,logistic_regression_tuned,GroupKFold,1,5,94356,Timber,Timber,True,10.0,balanced,0.45002873722397946
attr_decking_material,attr_decking_material,data/processed/train/attr_decking_material_train.csv,data/features/dinov3_vitb16_attr_decking_material_assets.csv,classification,dinov3_frozen_embeddings_logistic_regression_tuned,logistic_regression_tuned,GroupKFold,1,5,94367,Timber,Timber,True,10.0,balanced,0.45002873722397946
attr_decking_material,attr_decking_material,data/processed/train/attr_decking_material_train.csv,data/features/dinov3_vitb16_attr_decking_material_assets.csv,classification,dinov3_frozen_embeddings_logistic_regression_tuned,logistic_regression_tuned,GroupKFold,1,5,94372,Timber,Timber,True,10.0,balanced,0.45002873722397946
attr_decking_material,attr_decking_material,data/processed/train/attr_decking_material_train.csv,data/features/dinov3_vitb16_attr_decking_material_assets.csv,classification,dinov3_frozen_embeddings_logistic_regression_tuned,logistic_regression_tuned,GroupKFold,1,5,94376,Timber,Timber,True,10.0,balanced,0.45002873722397946
attr_decking_material,attr_decking_material,data/processed/train/attr_decking_material_train.csv,data/features/dinov3_vitb16_attr_decking_material_assets.csv,classification,dinov3_frozen_embeddings_logistic_regression_tuned,logistic_regression_tuned,GroupKFold,1,5,94378,Timber,Timber,True,10.0,balanced,0.45002873722397946
attr_decking_material,attr_decking_material,data/processed/train/attr_decking_material_train.csv,data/features/dinov3_vitb16_attr_decking_material_assets.csv,classification,dinov3_frozen_embeddings_logistic_regression_tuned,logistic_regression_tuned,GroupKFold,1,5,94383,Timber,Timber,True,10.0,balanced,0.45002873722397946
attr_decking_material,attr_decking_material,data/processed/train/attr_decking_material_train.csv,data/features/dinov3_vitb16_attr_decking_material_assets.csv,classification,dinov3_frozen_embeddings_logistic_regression_tuned,logistic_regression_tuned,GroupKFold,1,5,94392,Timber,Timber,True,10.0,balanced,0.45002873722397946
attr_decking_material,attr_decking_material,data/processed/train/attr_decking_material_train.csv,data/features/dinov3_vitb16_attr_decking_material_assets.csv,classification,dinov3_frozen_embeddings_logistic_regression_tuned,logistic_regression_tuned,GroupKFold,1,5,94396,Timber,Timber,True,10.0,balanced,0.45002873722397946
attr_decking_material,attr_decking_material,data/processed/train/attr_decking_material_train.csv,data/features/dinov3_vitb16_attr_decking_material_assets.csv,classification,dinov3_frozen_embeddings_logistic_regression_tuned,logistic_regression_tuned,GroupKFold,1,5,94411,Timber,Timber,True,10.0,balanced,0.45002873722397946
attr_decking_material,attr_decking_material,data/processed/train/attr_decking_material_train.csv,data/features/dinov3_vitb16_attr_decking_material_assets.csv,classification,dinov3_frozen_embeddings_logistic_regression_tuned,logistic_regression_tuned,GroupKFold,1,5,94413,Timber,Timber,True,10.0,balanced,0.45002873722397946
attr_decking_material,attr_decking_material,data/processed/train/attr_decking_material_train.csv,data/features/dinov3_vitb16_attr_decking_material_assets.csv,classification,dinov3_frozen_embeddings_logistic_regression_tuned,logistic_regression_tuned,GroupKFold,1,5,94414,Timber,Timber,True,10.0,balanced,0.45002873722397946
attr_decking_material,attr_decking_material,data/processed/train/attr_decking_material_train.csv,data/features/dinov3_vitb16_attr_decking_material_assets.csv,classification,dinov3_frozen_embeddings_logistic_regression_tuned,logistic_regression_tuned,GroupKFold,1,5,94420,Timber,Timber,True,10.0,balanced,0.45002873722397946
attr_decking_material,attr_decking_material,data/processed/train/attr_decking_material_train.csv,data/features/dinov3_vitb16_attr_decking_material_assets.csv,classification,dinov3_frozen_embeddings_logistic_regression_tuned,logistic_regression_tuned,GroupKFold,1,5,94423,Timber,Timber,True,10.0,balanced,0.45002873722397946
attr_decking_material,attr_decking_material,data/processed/train/attr_decking_material_train.csv,data/features/dinov3_vitb16_attr_decking_material_assets.csv,classification,dinov3_frozen_embeddings_logistic_regression_tuned,logistic_regression_tuned,GroupKFold,1,5,94424,Timber,Timber,True,10.0,balanced,0.45002873722397946
attr_decking_material,attr_decking_material,data/processed/train/attr_decking_material_train.csv,data/features/dinov3_vitb16_attr_decking_material_assets.csv,classification,dinov3_frozen_embeddings_logistic_regression_tuned,logistic_regression_tuned,GroupKFold,1,5,94425,Timber,Timber,True,10.0,balanced,0.45002873722397946
attr_decking_material,attr_decking_material,data/processed/train/attr_decking_material_train.csv,data/features/dinov3_vitb16_attr_decking_material_assets.csv,classification,dinov3_frozen_embeddings_logistic_regression_tuned,logistic_regression_tuned,GroupKFold,1,5,102423,Timber,Timber,True,10.0,balanced,0.45002873722397946
attr_decking_material,attr_decking_material,data/processed/train/attr_decking_material_train.csv,data/features/dinov3_vitb16_attr_decking_material_assets.csv,classification,dinov3_frozen_embeddings_logistic_regression_tuned,logistic_regression_tuned,GroupKFold,1,5,102444,Timber,Timber,True,10.0,balanced,0.45002873722397946
attr_decking_material,attr_decking_material,data/processed/train/attr_decking_material_train.csv,data/features/dinov3_vitb16_attr_decking_material_assets.csv,classification,dinov3_frozen_embeddings_logistic_regression_tuned,logistic_regression_tuned,GroupKFold,1,5,103708,Timber,Timber,True,10.0,balanced,0.45002873722397946
attr_decking_material,attr_decking_material,data/processed/train/attr_decking_material_train.csv,data/features/dinov3_vitb16_attr_decking_material_assets.csv,classification,dinov3_frozen_embeddings_logistic_regression_tuned,logistic_regression_tuned,GroupKFold,1,5,105268,Timber,Timber,True,10.0,balanced,0.45002873722397946
attr_decking_material,attr_decking_material,data/processed/train/attr_decking_material_train.csv,data/features/dinov3_vitb16_attr_decking_material_assets.csv,classification,dinov3_frozen_embeddings_logistic_regression_tuned,logistic_regression_tuned,GroupKFold,1,5,105274,Timber,Timber,True,10.0,balanced,0.45002873722397946
attr_decking_material,attr_decking_material,data/processed/train/attr_decking_material_train.csv,data/features/dinov3_vitb16_attr_decking_material_assets.csv,classification,dinov3_frozen_embeddings_logistic_regression_tuned,logistic_regression_tuned,GroupKFold,1,5,106937,Timber,Timber,True,10.0,balanced,0.45002873722397946
attr_decking_material,attr_decking_material,data/processed/train/attr_decking_material_train.csv,data/features/dinov3_vitb16_attr_decking_material_assets.csv,classification,dinov3_frozen_embeddings_logistic_regression_tuned,logistic_regression_tuned,GroupKFold,1,5,107319,Timber,Timber,True,10.0,balanced,0.45002873722397946
attr_decking_material,attr_decking_material,data/processed/train/attr_decking_material_train.csv,data/features/dinov3_vitb16_attr_decking_material_assets.csv,classification,dinov3_frozen_embeddings_logistic_regression_tuned,logistic_regression_tuned,GroupKFold,1,5,107365,Timber,Timber,True,10.0,balanced,0.45002873722397946
attr_decking_material,attr_decking_material,data/processed/train/attr_decking_material_train.csv,data/features/dinov3_vitb16_attr_decking_material_assets.csv,classification,dinov3_frozen_embeddings_logistic_regression_tuned,logistic_regression_tuned,GroupKFold,1,5,107384,Timber,Timber,True,10.0,balanced,0.45002873722397946
attr_decking_material,attr_decking_material,data/processed/train/attr_decking_material_train.csv,data/features/dinov3_vitb16_attr_decking_material_assets.csv,classification,dinov3_frozen_embeddings_logistic_regression_tuned,logistic_regression_tuned,GroupKFold,1,5,107872,Timber,Timber,True,10.0,balanced,0.45002873722397946
attr_decking_material,attr_decking_material,data/processed/train/attr_decking_material_train.csv,data/features/dinov3_vitb16_attr_decking_material_assets.csv,classification,dinov3_frozen_embeddings_logistic_regression_tuned,logistic_regression_tuned,GroupKFold,1,5,108008,Timber,Timber,True,10.0,balanced,0.45002873722397946
attr_decking_material,attr_decking_material,data/processed/train/attr_decking_material_train.csv,data/features/dinov3_vitb16_attr_decking_material_assets.csv,classification,dinov3_frozen_embeddings_logistic_regression_tuned,logistic_regression_tuned,GroupKFold,1,5,108014,Timber,Timber,True,10.0,balanced,0.45002873722397946
attr_decking_material,attr_decking_material,data/processed/train/attr_decking_material_train.csv,data/features/dinov3_vitb16_attr_decking_material_assets.csv,classification,dinov3_frozen_embeddings_logistic_regression_tuned,logistic_regression_tuned,GroupKFold,1,5,108041,Timber,Timber,True,10.0,balanced,0.45002873722397946
attr_decking_material,attr_decking_material,data/processed/train/attr_decking_material_train.csv,data/features/dinov3_vitb16_attr_decking_material_assets.csv,classification,dinov3_frozen_embeddings_logistic_regression_tuned,logistic_regression_tuned,GroupKFold,1,5,108318,Timber,Timber,True,10.0,balanced,0.45002873722397946
attr_decking_material,attr_decking_material,data/processed/train/attr_decking_material_train.csv,data/features/dinov3_vitb16_attr_decking_material_assets.csv,classification,dinov3_frozen_embeddings_logistic_regression_tuned,logistic_regression_tuned,GroupKFold,1,5,108326,Timber,Timber,True,10.0,balanced,0.45002873722397946
attr_decking_material,attr_decking_material,data/processed/train/attr_decking_material_train.csv,data/features/dinov3_vitb16_attr_decking_material_assets.csv,classification,dinov3_frozen_embeddings_logistic_regression_tuned,logistic_regression_tuned,GroupKFold,1,5,108333,Timber,Timber,True,10.0,balanced,0.45002873722397946
attr_decking_material,attr_decking_material,data/processed/train/attr_decking_material_train.csv,data/features/dinov3_vitb16_attr_decking_material_assets.csv,classification,dinov3_frozen_embeddings_logistic_regression_tuned,logistic_regression_tuned,GroupKFold,1,5,108358,Timber,Timber,True,10.0,balanced,0.45002873722397946
attr_decking_material,attr_decking_material,data/processed/train/attr_decking_material_train.csv,data/features/dinov3_vitb16_attr_decking_material_assets.csv,classification,dinov3_frozen_embeddings_logistic_regression_tuned,logistic_regression_tuned,GroupKFold,1,5,108365,Timber,Timber,True,10.0,balanced,0.45002873722397946
attr_decking_material,attr_decking_material,data/processed/train/attr_decking_material_train.csv,data/features/dinov3_vitb16_attr_decking_material_assets.csv,classification,dinov3_frozen_embeddings_logistic_regression_tuned,logistic_regression_tuned,GroupKFold,1,5,108398,Timber,Timber,True,10.0,balanced,0.45002873722397946
attr_decking_material,attr_decking_material,data/processed/train/attr_decking_material_train.csv,data/features/dinov3_vitb16_attr_decking_material_assets.csv,classification,dinov3_frozen_embeddings_logistic_regression_tuned,logistic_regression_tuned,GroupKFold,1,5,108667,Timber,Timber,True,10.0,balanced,0.45002873722397946
attr_decking_material,attr_decking_material,data/processed/train/attr_decking_material_train.csv,data/features/dinov3_vitb16_attr_decking_material_assets.csv,classification,dinov3_frozen_embeddings_logistic_regression_tuned,logistic_regression_tuned,GroupKFold,1,5,108782,Timber,Timber,True,10.0,balanced,0.45002873722397946
attr_decking_material,attr_decking_material,data/processed/train/attr_decking_material_train.csv,data/features/dinov3_vitb16_attr_decking_material_assets.csv,classification,dinov3_frozen_embeddings_logistic_regression_tuned,logistic_regression_tuned,GroupKFold,1,5,108783,Timber,Timber,True,10.0,balanced,0.45002873722397946
attr_decking_material,attr_decking_material,data/processed/train/attr_decking_material_train.csv,data/features/dinov3_vitb16_attr_decking_material_assets.csv,classification,dinov3_frozen_embeddings_logistic_regression_tuned,logistic_regression_tuned,GroupKFold,1,5,109137,Timber,Timber,True,10.0,balanced,0.45002873722397946
attr_decking_material,attr_decking_material,data/processed/train/attr_decking_material_train.csv,data/features/dinov3_vitb16_attr_decking_material_assets.csv,classification,dinov3_frozen_embeddings_logistic_regression_tuned,logistic_regression_tuned,GroupKFold,1,5,109330,Timber,Timber,True,10.0,balanced,0.45002873722397946
attr_decking_material,attr_decking_material,data/processed/train/attr_decking_material_train.csv,data/features/dinov3_vitb16_attr_decking_material_assets.csv,classification,dinov3_frozen_embeddings_logistic_regression_tuned,logistic_regression_tuned,GroupKFold,1,5,109331,Timber,Timber,True,10.0,balanced,0.45002873722397946
attr_decking_material,attr_decking_material,data/processed/train/attr_decking_material_train.csv,data/features/dinov3_vitb16_attr_decking_material_assets.csv,classification,dinov3_frozen_embeddings_logistic_regression_tuned,logistic_regression_tuned,GroupKFold,1,5,109368,Timber,Timber,True,10.0,balanced,0.45002873722397946
attr_decking_material,attr_decking_material,data/processed/train/attr_decking_material_train.csv,data/features/dinov3_vitb16_attr_decking_material_assets.csv,classification,dinov3_frozen_embeddings_logistic_regression_tuned,logistic_regression_tuned,GroupKFold,1,5,109613,Timber,Timber,True,10.0,balanced,0.45002873722397946
attr_decking_material,attr_decking_material,data/processed/train/attr_decking_material_train.csv,data/features/dinov3_vitb16_attr_decking_material_assets.csv,classification,dinov3_frozen_embeddings_logistic_regression_tuned,logistic_regression_tuned,GroupKFold,1,5,110228,Timber,Timber,True,10.0,balanced,0.45002873722397946
attr_decking_material,attr_decking_material,data/processed/train/attr_decking_material_train.csv,data/features/dinov3_vitb16_attr_decking_material_assets.csv,classification,dinov3_frozen_embeddings_logistic_regression_tuned,logistic_regression_tuned,GroupKFold,1,5,110241,Timber,Timber,True,10.0,balanced,0.45002873722397946
attr_decking_material,attr_decking_material,data/processed/train/attr_decking_material_train.csv,data/features/dinov3_vitb16_attr_decking_material_assets.csv,classification,dinov3_frozen_embeddings_logistic_regression_tuned,logistic_regression_tuned,GroupKFold,1,5,110291,Timber,Timber,True,10.0,balanced,0.45002873722397946
attr_decking_material,attr_decking_material,data/processed/train/attr_decking_material_train.csv,data/features/dinov3_vitb16_attr_decking_material_assets.csv,classification,dinov3_frozen_embeddings_logistic_regression_tuned,logistic_regression_tuned,GroupKFold,1,5,110301,Timber,Timber,True,10.0,balanced,0.45002873722397946
attr_decking_material,attr_decking_material,data/processed/train/attr_decking_material_train.csv,data/features/dinov3_vitb16_attr_decking_material_assets.csv,classification,dinov3_frozen_embeddings_logistic_regression_tuned,logistic_regression_tuned,GroupKFold,1,5,110798,Timber,Timber,True,10.0,balanced,0.45002873722397946
attr_decking_material,attr_decking_material,data/processed/train/attr_decking_material_train.csv,data/features/dinov3_vitb16_attr_decking_material_assets.csv,classification,dinov3_frozen_embeddings_logistic_regression_tuned,logistic_regression_tuned,GroupKFold,1,5,110835,Timber,Timber,True,10.0,balanced,0.45002873722397946
attr_decking_material,attr_decking_material,data/processed/train/attr_decking_material_train.csv,data/features/dinov3_vitb16_attr_decking_material_assets.csv,classification,dinov3_frozen_embeddings_logistic_regression_tuned,logistic_regression_tuned,GroupKFold,1,5,110961,Timber,Timber,True,10.0,balanced,0.45002873722397946
attr_decking_material,attr_decking_material,data/processed/train/attr_decking_material_train.csv,data/features/dinov3_vitb16_attr_decking_material_assets.csv,classification,dinov3_frozen_embeddings_logistic_regression_tuned,logistic_regression_tuned,GroupKFold,1,5,110966,Timber,Timber,True,10.0,balanced,0.45002873722397946
attr_decking_material,attr_decking_material,data/processed/train/attr_decking_material_train.csv,data/features/dinov3_vitb16_attr_decking_material_assets.csv,classification,dinov3_frozen_embeddings_logistic_regression_tuned,logistic_regression_tuned,GroupKFold,1,5,110970,Timber,Timber,True,10.0,balanced,0.45002873722397946
attr_decking_material,attr_decking_material,data/processed/train/attr_decking_material_train.csv,data/features/dinov3_vitb16_attr_decking_material_assets.csv,classification,dinov3_frozen_embeddings_logistic_regression_tuned,logistic_regression_tuned,GroupKFold,1,5,111003,Timber,Timber,True,10.0,balanced,0.45002873722397946
attr_decking_material,attr_decking_material,data/processed/train/attr_decking_material_train.csv,data/features/dinov3_vitb16_attr_decking_material_assets.csv,classification,dinov3_frozen_embeddings_logistic_regression_tuned,logistic_regression_tuned,GroupKFold,1,5,111671,Timber,Timber,True,10.0,balanced,0.45002873722397946
attr_decking_material,attr_decking_material,data/processed/train/attr_decking_material_train.csv,data/features/dinov3_vitb16_attr_decking_material_assets.csv,classification,dinov3_frozen_embeddings_logistic_regression_tuned,logistic_regression_tuned,GroupKFold,1,5,111717,Timber,Timber,True,10.0,balanced,0.45002873722397946
attr_decking_material,attr_decking_material,data/processed/train/attr_decking_material_train.csv,data/features/dinov3_vitb16_attr_decking_material_assets.csv,classification,dinov3_frozen_embeddings_logistic_regression_tuned,logistic_regression_tuned,GroupKFold,1,5,111797,Timber,Timber,True,10.0,balanced,0.45002873722397946
attr_decking_material,attr_decking_material,data/processed/train/attr_decking_material_train.csv,data/features/dinov3_vitb16_attr_decking_material_assets.csv,classification,dinov3_frozen_embeddings_logistic_regression_tuned,logistic_regression_tuned,GroupKFold,1,5,111801,Timber,Timber,True,10.0,balanced,0.45002873722397946
attr_decking_material,attr_decking_material,data/processed/train/attr_decking_material_train.csv,data/features/dinov3_vitb16_attr_decking_material_assets.csv,classification,dinov3_frozen_embeddings_logistic_regression_tuned,logistic_regression_tuned,GroupKFold,1,5,111809,Timber,Timber,True,10.0,balanced,0.45002873722397946
attr_decking_material,attr_decking_material,data/processed/train/attr_decking_material_train.csv,data/features/dinov3_vitb16_attr_decking_material_assets.csv,classification,dinov3_frozen_embeddings_logistic_regression_tuned,logistic_regression_tuned,GroupKFold,1,5,111810,Timber,Timber,True,10.0,balanced,0.45002873722397946
attr_decking_material,attr_decking_material,data/processed/train/attr_decking_material_train.csv,data/features/dinov3_vitb16_attr_decking_material_assets.csv,classification,dinov3_frozen_embeddings_logistic_regression_tuned,logistic_regression_tuned,GroupKFold,1,5,111821,Timber,Timber,True,10.0,balanced,0.45002873722397946
attr_decking_material,attr_decking_material,data/processed/train/attr_decking_material_train.csv,data/features/dinov3_vitb16_attr_decking_material_assets.csv,classification,dinov3_frozen_embeddings_logistic_regression_tuned,logistic_regression_tuned,GroupKFold,1,5,113167,Timber,Timber,True,10.0,balanced,0.45002873722397946
attr_decking_material,attr_decking_material,data/processed/train/attr_decking_material_train.csv,data/features/dinov3_vitb16_attr_decking_material_assets.csv,classification,dinov3_frozen_embeddings_logistic_regression_tuned,logistic_regression_tuned,GroupKFold,1,5,114568,Timber,Timber,True,10.0,balanced,0.45002873722397946
attr_decking_material,attr_decking_material,data/processed/train/attr_decking_material_train.csv,data/features/dinov3_vitb16_attr_decking_material_assets.csv,classification,dinov3_frozen_embeddings_logistic_regression_tuned,logistic_regression_tuned,GroupKFold,1,5,114724,Timber,Timber,True,10.0,balanced,0.45002873722397946
attr_decking_material,attr_decking_material,data/processed/train/attr_decking_material_train.csv,data/features/dinov3_vitb16_attr_decking_material_assets.csv,classification,dinov3_frozen_embeddings_logistic_regression_tuned,logistic_regression_tuned,GroupKFold,1,5,114949,Timber,Timber,True,10.0,balanced,0.45002873722397946
attr_decking_material,attr_decking_material,data/processed/train/attr_decking_material_train.csv,data/features/dinov3_vitb16_attr_decking_material_assets.csv,classification,dinov3_frozen_embeddings_logistic_regression_tuned,logistic_regression_tuned,GroupKFold,1,5,114955,Timber,Timber,True,10.0,balanced,0.45002873722397946
attr_decking_material,attr_decking_material,data/processed/train/attr_decking_material_train.csv,data/features/dinov3_vitb16_attr_decking_material_assets.csv,classification,dinov3_frozen_embeddings_logistic_regression_tuned,logistic_regression_tuned,GroupKFold,1,5,116634,Timber,Timber,True,10.0,balanced,0.45002873722397946
attr_decking_material,attr_decking_material,data/processed/train/attr_decking_material_train.csv,data/features/dinov3_vitb16_attr_decking_material_assets.csv,classification,dinov3_frozen_embeddings_logistic_regression_tuned,logistic_regression_tuned,GroupKFold,1,5,117012,Timber,Timber,True,10.0,balanced,0.45002873722397946
attr_decking_material,attr_decking_material,data/processed/train/attr_decking_material_train.csv,data/features/dinov3_vitb16_attr_decking_material_assets.csv,classification,dinov3_frozen_embeddings_logistic_regression_tuned,logistic_regression_tuned,GroupKFold,1,5,117199,Timber,Timber,True,10.0,balanced,0.45002873722397946
attr_decking_material,attr_decking_material,data/processed/train/attr_decking_material_train.csv,data/features/dinov3_vitb16_attr_decking_material_assets.csv,classification,dinov3_frozen_embeddings_logistic_regression_tuned,logistic_regression_tuned,GroupKFold,1,5,117201,Timber,Timber,True,10.0,balanced,0.45002873722397946
attr_decking_material,attr_decking_material,data/processed/train/attr_decking_material_train.csv,data/features/dinov3_vitb16_attr_decking_material_assets.csv,classification,dinov3_frozen_embeddings_logistic_regression_tuned,logistic_regression_tuned,GroupKFold,1,5,117212,Timber,Timber,True,10.0,balanced,0.45002873722397946
attr_decking_material,attr_decking_material,data/processed/train/attr_decking_material_train.csv,data/features/dinov3_vitb16_attr_decking_material_assets.csv,classification,dinov3_frozen_embeddings_logistic_regression_tuned,logistic_regression_tuned,GroupKFold,1,5,117537,Timber,Timber,True,10.0,balanced,0.45002873722397946
attr_decking_material,attr_decking_material,data/processed/train/attr_decking_material_train.csv,data/features/dinov3_vitb16_attr_decking_material_assets.csv,classification,dinov3_frozen_embeddings_logistic_regression_tuned,logistic_regression_tuned,GroupKFold,1,5,117582,Timber,Timber,True,10.0,balanced,0.45002873722397946
attr_decking_material,attr_decking_material,data/processed/train/attr_decking_material_train.csv,data/features/dinov3_vitb16_attr_decking_material_assets.csv,classification,dinov3_frozen_embeddings_logistic_regression_tuned,logistic_regression_tuned,GroupKFold,1,5,117587,Timber,Timber,True,10.0,balanced,0.45002873722397946
attr_decking_material,attr_decking_material,data/processed/train/attr_decking_material_train.csv,data/features/dinov3_vitb16_attr_decking_material_assets.csv,classification,dinov3_frozen_embeddings_logistic_regression_tuned,logistic_regression_tuned,GroupKFold,1,5,117600,Timber,Timber,True,10.0,balanced,0.45002873722397946
attr_decking_material,attr_decking_material,data/processed/train/attr_decking_material_train.csv,data/features/dinov3_vitb16_attr_decking_material_assets.csv,classification,dinov3_frozen_embeddings_logistic_regression_tuned,logistic_regression_tuned,GroupKFold,1,5,118086,Timber,Timber,True,10.0,balanced,0.45002873722397946
attr_decking_material,attr_decking_material,data/processed/train/attr_decking_material_train.csv,data/features/dinov3_vitb16_attr_decking_material_assets.csv,classification,dinov3_frozen_embeddings_logistic_regression_tuned,logistic_regression_tuned,GroupKFold,1,5,118201,Steel,Timber,False,10.0,balanced,0.45002873722397946
attr_decking_material,attr_decking_material,data/processed/train/attr_decking_material_train.csv,data/features/dinov3_vitb16_attr_decking_material_assets.csv,classification,dinov3_frozen_embeddings_logistic_regression_tuned,logistic_regression_tuned,GroupKFold,1,5,118516,Timber,Timber,True,10.0,balanced,0.45002873722397946
attr_decking_material,attr_decking_material,data/processed/train/attr_decking_material_train.csv,data/features/dinov3_vitb16_attr_decking_material_assets.csv,classification,dinov3_frozen_embeddings_logistic_regression_tuned,logistic_regression_tuned,GroupKFold,1,5,120298,Timber,Timber,True,10.0,balanced,0.45002873722397946
attr_decking_material,attr_decking_material,data/processed/train/attr_decking_material_train.csv,data/features/dinov3_vitb16_attr_decking_material_assets.csv,classification,dinov3_frozen_embeddings_logistic_regression_tuned,logistic_regression_tuned,GroupKFold,1,5,120669,Steel,Steel,True,10.0,balanced,0.45002873722397946
attr_decking_material,attr_decking_material,data/processed/train/attr_decking_material_train.csv,data/features/dinov3_vitb16_attr_decking_material_assets.csv,classification,dinov3_frozen_embeddings_logistic_regression_tuned,logistic_regression_tuned,GroupKFold,1,5,120674,Steel,Steel,True,10.0,balanced,0.45002873722397946
attr_decking_material,attr_decking_material,data/processed/train/attr_decking_material_train.csv,data/features/dinov3_vitb16_attr_decking_material_assets.csv,classification,dinov3_frozen_embeddings_logistic_regression_tuned,logistic_regression_tuned,GroupKFold,1,5,120678,Steel,Steel,True,10.0,balanced,0.45002873722397946
attr_decking_material,attr_decking_material,data/processed/train/attr_decking_material_train.csv,data/features/dinov3_vitb16_attr_decking_material_assets.csv,classification,dinov3_frozen_embeddings_logistic_regression_tuned,logistic_regression_tuned,GroupKFold,1,5,120732,Timber,Timber,True,10.0,balanced,0.45002873722397946
attr_decking_material,attr_decking_material,data/processed/train/attr_decking_material_train.csv,data/features/dinov3_vitb16_attr_decking_material_assets.csv,classification,dinov3_frozen_embeddings_logistic_regression_tuned,logistic_regression_tuned,GroupKFold,1,5,120908,Timber,Timber,True,10.0,balanced,0.45002873722397946
attr_decking_material,attr_decking_material,data/processed/train/attr_decking_material_train.csv,data/features/dinov3_vitb16_attr_decking_material_assets.csv,classification,dinov3_frozen_embeddings_logistic_regression_tuned,logistic_regression_tuned,GroupKFold,1,5,121005,Timber,Timber,True,10.0,balanced,0.45002873722397946
attr_decking_material,attr_decking_material,data/processed/train/attr_decking_material_train.csv,data/features/dinov3_vitb16_attr_decking_material_assets.csv,classification,dinov3_frozen_embeddings_logistic_regression_tuned,logistic_regression_tuned,GroupKFold,1,5,121007,Timber,Timber,True,10.0,balanced,0.45002873722397946
attr_decking_material,attr_decking_material,data/processed/train/attr_decking_material_train.csv,data/features/dinov3_vitb16_attr_decking_material_assets.csv,classification,dinov3_frozen_embeddings_logistic_regression_tuned,logistic_regression_tuned,GroupKFold,1,5,121011,Timber,Timber,True,10.0,balanced,0.45002873722397946
attr_decking_material,attr_decking_material,data/processed/train/attr_decking_material_train.csv,data/features/dinov3_vitb16_attr_decking_material_assets.csv,classification,dinov3_frozen_embeddings_logistic_regression_tuned,logistic_regression_tuned,GroupKFold,1,5,121573,Timber,Timber,True,10.0,balanced,0.45002873722397946
attr_decking_material,attr_decking_material,data/processed/train/attr_decking_material_train.csv,data/features/dinov3_vitb16_attr_decking_material_assets.csv,classification,dinov3_frozen_embeddings_logistic_regression_tuned,logistic_regression_tuned,GroupKFold,1,5,121594,Timber,Timber,True,10.0,balanced,0.45002873722397946
attr_decking_material,attr_decking_material,data/processed/train/attr_decking_material_train.csv,data/features/dinov3_vitb16_attr_decking_material_assets.csv,classification,dinov3_frozen_embeddings_logistic_regression_tuned,logistic_regression_tuned,GroupKFold,1,5,121612,Timber,Timber,True,10.0,balanced,0.45002873722397946
attr_decking_material,attr_decking_material,data/processed/train/attr_decking_material_train.csv,data/features/dinov3_vitb16_attr_decking_material_assets.csv,classification,dinov3_frozen_embeddings_logistic_regression_tuned,logistic_regression_tuned,GroupKFold,1,5,121675,Timber,Timber,True,10.0,balanced,0.45002873722397946
attr_decking_material,attr_decking_material,data/processed/train/attr_decking_material_train.csv,data/features/dinov3_vitb16_attr_decking_material_assets.csv,classification,dinov3_frozen_embeddings_logistic_regression_tuned,logistic_regression_tuned,GroupKFold,1,5,121741,Steel,Steel,True,10.0,balanced,0.45002873722397946
attr_decking_material,attr_decking_material,data/processed/train/attr_decking_material_train.csv,data/features/dinov3_vitb16_attr_decking_material_assets.csv,classification,dinov3_frozen_embeddings_logistic_regression_tuned,logistic_regression_tuned,GroupKFold,1,5,121790,Timber,Timber,True,10.0,balanced,0.45002873722397946
attr_decking_material,attr_decking_material,data/processed/train/attr_decking_material_train.csv,data/features/dinov3_vitb16_attr_decking_material_assets.csv,classification,dinov3_frozen_embeddings_logistic_regression_tuned,logistic_regression_tuned,GroupKFold,1,5,122856,Timber,Timber,True,10.0,balanced,0.45002873722397946
attr_decking_material,attr_decking_material,data/processed/train/attr_decking_material_train.csv,data/features/dinov3_vitb16_attr_decking_material_assets.csv,classification,dinov3_frozen_embeddings_logistic_regression_tuned,logistic_regression_tuned,GroupKFold,1,5,123096,Timber,Timber,True,10.0,balanced,0.45002873722397946
attr_decking_material,attr_decking_material,data/processed/train/attr_decking_material_train.csv,data/features/dinov3_vitb16_attr_decking_material_assets.csv,classification,dinov3_frozen_embeddings_logistic_regression_tuned,logistic_regression_tuned,GroupKFold,1,5,123471,Timber,Timber,True,10.0,balanced,0.45002873722397946
attr_decking_material,attr_decking_material,data/processed/train/attr_decking_material_train.csv,data/features/dinov3_vitb16_attr_decking_material_assets.csv,classification,dinov3_frozen_embeddings_logistic_regression_tuned,logistic_regression_tuned,GroupKFold,1,5,123472,Timber,Timber,True,10.0,balanced,0.45002873722397946
attr_decking_material,attr_decking_material,data/processed/train/attr_decking_material_train.csv,data/features/dinov3_vitb16_attr_decking_material_assets.csv,classification,dinov3_frozen_embeddings_logistic_regression_tuned,logistic_regression_tuned,GroupKFold,1,5,124739,Timber,Timber,True,10.0,balanced,0.45002873722397946
attr_decking_material,attr_decking_material,data/processed/train/attr_decking_material_train.csv,data/features/dinov3_vitb16_attr_decking_material_assets.csv,classification,dinov3_frozen_embeddings_logistic_regression_tuned,logistic_regression_tuned,GroupKFold,1,5,126335,Timber,Timber,True,10.0,balanced,0.45002873722397946
attr_decking_material,attr_decking_material,data/processed/train/attr_decking_material_train.csv,data/features/dinov3_vitb16_attr_decking_material_assets.csv,classification,dinov3_frozen_embeddings_logistic_regression_tuned,logistic_regression_tuned,GroupKFold,1,5,126783,Timber,Timber,True,10.0,balanced,0.45002873722397946
attr_decking_material,attr_decking_material,data/processed/train/attr_decking_material_train.csv,data/features/dinov3_vitb16_attr_decking_material_assets.csv,classification,dinov3_frozen_embeddings_logistic_regression_tuned,logistic_regression_tuned,GroupKFold,1,5,126808,Timber,Timber,True,10.0,balanced,0.45002873722397946
attr_decking_material,attr_decking_material,data/processed/train/attr_decking_material_train.csv,data/features/dinov3_vitb16_attr_decking_material_assets.csv,classification,dinov3_frozen_embeddings_logistic_regression_tuned,logistic_regression_tuned,GroupKFold,1,5,126837,Timber,Timber,True,10.0,balanced,0.45002873722397946
attr_decking_material,attr_decking_material,data/processed/train/attr_decking_material_train.csv,data/features/dinov3_vitb16_attr_decking_material_assets.csv,classification,dinov3_frozen_embeddings_logistic_regression_tuned,logistic_regression_tuned,GroupKFold,1,5,126839,Timber,Timber,True,10.0,balanced,0.45002873722397946
attr_decking_material,attr_decking_material,data/processed/train/attr_decking_material_train.csv,data/features/dinov3_vitb16_attr_decking_material_assets.csv,classification,dinov3_frozen_embeddings_logistic_regression_tuned,logistic_regression_tuned,GroupKFold,1,5,127131,Timber,Timber,True,10.0,balanced,0.45002873722397946
attr_decking_material,attr_decking_material,data/processed/train/attr_decking_material_train.csv,data/features/dinov3_vitb16_attr_decking_material_assets.csv,classification,dinov3_frozen_embeddings_logistic_regression_tuned,logistic_regression_tuned,GroupKFold,1,5,127135,Timber,Timber,True,10.0,balanced,0.45002873722397946
attr_decking_material,attr_decking_material,data/processed/train/attr_decking_material_train.csv,data/features/dinov3_vitb16_attr_decking_material_assets.csv,classification,dinov3_frozen_embeddings_logistic_regression_tuned,logistic_regression_tuned,GroupKFold,1,5,127148,Timber,Timber,True,10.0,balanced,0.45002873722397946
attr_decking_material,attr_decking_material,data/processed/train/attr_decking_material_train.csv,data/features/dinov3_vitb16_attr_decking_material_assets.csv,classification,dinov3_frozen_embeddings_logistic_regression_tuned,logistic_regression_tuned,GroupKFold,1,5,127454,Timber,Timber,True,10.0,balanced,0.45002873722397946
attr_decking_material,attr_decking_material,data/processed/train/attr_decking_material_train.csv,data/features/dinov3_vitb16_attr_decking_material_assets.csv,classification,dinov3_frozen_embeddings_logistic_regression_tuned,logistic_regression_tuned,GroupKFold,1,5,127458,Timber,Timber,True,10.0,balanced,0.45002873722397946
attr_decking_material,attr_decking_material,data/processed/train/attr_decking_material_train.csv,data/features/dinov3_vitb16_attr_decking_material_assets.csv,classification,dinov3_frozen_embeddings_logistic_regression_tuned,logistic_regression_tuned,GroupKFold,1,5,127945,Timber,Timber,True,10.0,balanced,0.45002873722397946
attr_decking_material,attr_decking_material,data/processed/train/attr_decking_material_train.csv,data/features/dinov3_vitb16_attr_decking_material_assets.csv,classification,dinov3_frozen_embeddings_logistic_regression_tuned,logistic_regression_tuned,GroupKFold,1,5,128953,Timber,Timber,True,10.0,balanced,0.45002873722397946
attr_decking_material,attr_decking_material,data/processed/train/attr_decking_material_train.csv,data/features/dinov3_vitb16_attr_decking_material_assets.csv,classification,dinov3_frozen_embeddings_logistic_regression_tuned,logistic_regression_tuned,GroupKFold,1,5,100338,Timber,Timber,True,10.0,balanced,0.45002873722397946
attr_decking_material,attr_decking_material,data/processed/train/attr_decking_material_train.csv,data/features/dinov3_vitb16_attr_decking_material_assets.csv,classification,dinov3_frozen_embeddings_logistic_regression_tuned,logistic_regression_tuned,GroupKFold,1,5,106916,Timber,Timber,True,10.0,balanced,0.45002873722397946
attr_decking_material,attr_decking_material,data/processed/train/attr_decking_material_train.csv,data/features/dinov3_vitb16_attr_decking_material_assets.csv,classification,dinov3_frozen_embeddings_logistic_regression_tuned,logistic_regression_tuned,GroupKFold,1,5,109180,Timber,Timber,True,10.0,balanced,0.45002873722397946
attr_decking_material,attr_decking_material,data/processed/train/attr_decking_material_train.csv,data/features/dinov3_vitb16_attr_decking_material_assets.csv,classification,dinov3_frozen_embeddings_logistic_regression_tuned,logistic_regression_tuned,GroupKFold,1,5,114057,Timber,Timber,True,10.0,balanced,0.45002873722397946
attr_decking_material,attr_decking_material,data/processed/train/attr_decking_material_train.csv,data/features/dinov3_vitb16_attr_decking_material_assets.csv,classification,dinov3_frozen_embeddings_logistic_regression_tuned,logistic_regression_tuned,GroupKFold,1,5,114185,Timber,Timber,True,10.0,balanced,0.45002873722397946
attr_decking_material,attr_decking_material,data/processed/train/attr_decking_material_train.csv,data/features/dinov3_vitb16_attr_decking_material_assets.csv,classification,dinov3_frozen_embeddings_logistic_regression_tuned,logistic_regression_tuned,GroupKFold,1,5,114197,Timber,Timber,True,10.0,balanced,0.45002873722397946
attr_decking_material,attr_decking_material,data/processed/train/attr_decking_material_train.csv,data/features/dinov3_vitb16_attr_decking_material_assets.csv,classification,dinov3_frozen_embeddings_logistic_regression_tuned,logistic_regression_tuned,GroupKFold,1,5,114207,Timber,Timber,True,10.0,balanced,0.45002873722397946
attr_decking_material,attr_decking_material,data/processed/train/attr_decking_material_train.csv,data/features/dinov3_vitb16_attr_decking_material_assets.csv,classification,dinov3_frozen_embeddings_logistic_regression_tuned,logistic_regression_tuned,GroupKFold,1,5,114211,Timber,Timber,True,10.0,balanced,0.45002873722397946
attr_decking_material,attr_decking_material,data/processed/train/attr_decking_material_train.csv,data/features/dinov3_vitb16_attr_decking_material_assets.csv,classification,dinov3_frozen_embeddings_logistic_regression_tuned,logistic_regression_tuned,GroupKFold,1,5,115446,Timber,Timber,True,10.0,balanced,0.45002873722397946
attr_decking_material,attr_decking_material,data/processed/train/attr_decking_material_train.csv,data/features/dinov3_vitb16_attr_decking_material_assets.csv,classification,dinov3_frozen_embeddings_logistic_regression_tuned,logistic_regression_tuned,GroupKFold,1,5,117011,Timber,Timber,True,10.0,balanced,0.45002873722397946
attr_decking_material,attr_decking_material,data/processed/train/attr_decking_material_train.csv,data/features/dinov3_vitb16_attr_decking_material_assets.csv,classification,dinov3_frozen_embeddings_logistic_regression_tuned,logistic_regression_tuned,GroupKFold,1,5,117577,Timber,Timber,True,10.0,balanced,0.45002873722397946
attr_decking_material,attr_decking_material,data/processed/train/attr_decking_material_train.csv,data/features/dinov3_vitb16_attr_decking_material_assets.csv,classification,dinov3_frozen_embeddings_logistic_regression_tuned,logistic_regression_tuned,GroupKFold,1,5,118804,Timber,Timber,True,10.0,balanced,0.45002873722397946
attr_decking_material,attr_decking_material,data/processed/train/attr_decking_material_train.csv,data/features/dinov3_vitb16_attr_decking_material_assets.csv,classification,dinov3_frozen_embeddings_logistic_regression_tuned,logistic_regression_tuned,GroupKFold,1,5,121501,Timber,Timber,True,10.0,balanced,0.45002873722397946
attr_decking_material,attr_decking_material,data/processed/train/attr_decking_material_train.csv,data/features/dinov3_vitb16_attr_decking_material_assets.csv,classification,dinov3_frozen_embeddings_logistic_regression_tuned,logistic_regression_tuned,GroupKFold,1,5,128018,Timber,Timber,True,10.0,balanced,0.45002873722397946
attr_decking_material,attr_decking_material,data/processed/train/attr_decking_material_train.csv,data/features/dinov3_vitb16_attr_decking_material_assets.csv,classification,dinov3_frozen_embeddings_logistic_regression_tuned,logistic_regression_tuned,GroupKFold,1,5,128879,Timber,Timber,True,10.0,balanced,0.45002873722397946
attr_decking_material,attr_decking_material,data/processed/train/attr_decking_material_train.csv,data/features/dinov3_vitb16_attr_decking_material_assets.csv,classification,dinov3_frozen_embeddings_logistic_regression_tuned,logistic_regression_tuned,GroupKFold,1,5,51537,Timber,Timber,True,10.0,balanced,0.45002873722397946
attr_decking_material,attr_decking_material,data/processed/train/attr_decking_material_train.csv,data/features/dinov3_vitb16_attr_decking_material_assets.csv,classification,dinov3_frozen_embeddings_logistic_regression_tuned,logistic_regression_tuned,GroupKFold,1,5,47532,Timber,Timber,True,10.0,balanced,0.45002873722397946
attr_decking_material,attr_decking_material,data/processed/train/attr_decking_material_train.csv,data/features/dinov3_vitb16_attr_decking_material_assets.csv,classification,dinov3_frozen_embeddings_logistic_regression_tuned,logistic_regression_tuned,GroupKFold,1,5,48340,Timber,Timber,True,10.0,balanced,0.45002873722397946
attr_decking_material,attr_decking_material,data/processed/train/attr_decking_material_train.csv,data/features/dinov3_vitb16_attr_decking_material_assets.csv,classification,dinov3_frozen_embeddings_logistic_regression_tuned,logistic_regression_tuned,GroupKFold,1,5,48341,Steel,Timber,False,10.0,balanced,0.45002873722397946
attr_decking_material,attr_decking_material,data/processed/train/attr_decking_material_train.csv,data/features/dinov3_vitb16_attr_decking_material_assets.csv,classification,dinov3_frozen_embeddings_logistic_regression_tuned,logistic_regression_tuned,GroupKFold,1,5,48344,Timber,Timber,True,10.0,balanced,0.45002873722397946
attr_decking_material,attr_decking_material,data/processed/train/attr_decking_material_train.csv,data/features/dinov3_vitb16_attr_decking_material_assets.csv,classification,dinov3_frozen_embeddings_logistic_regression_tuned,logistic_regression_tuned,GroupKFold,1,5,49061,Timber,Timber,True,10.0,balanced,0.45002873722397946
attr_decking_material,attr_decking_material,data/processed/train/attr_decking_material_train.csv,data/features/dinov3_vitb16_attr_decking_material_assets.csv,classification,dinov3_frozen_embeddings_logistic_regression_tuned,logistic_regression_tuned,GroupKFold,1,5,49664,Steel,Timber,False,10.0,balanced,0.45002873722397946
attr_decking_material,attr_decking_material,data/processed/train/attr_decking_material_train.csv,data/features/dinov3_vitb16_attr_decking_material_assets.csv,classification,dinov3_frozen_embeddings_logistic_regression_tuned,logistic_regression_tuned,GroupKFold,1,5,50770,Timber,Timber,True,10.0,balanced,0.45002873722397946
attr_decking_material,attr_decking_material,data/processed/train/attr_decking_material_train.csv,data/features/dinov3_vitb16_attr_decking_material_assets.csv,classification,dinov3_frozen_embeddings_logistic_regression_tuned,logistic_regression_tuned,GroupKFold,1,5,51524,Steel,Timber,False,10.0,balanced,0.45002873722397946
attr_decking_material,attr_decking_material,data/processed/train/attr_decking_material_train.csv,data/features/dinov3_vitb16_attr_decking_material_assets.csv,classification,dinov3_frozen_embeddings_logistic_regression_tuned,logistic_regression_tuned,GroupKFold,1,5,51532,Timber,Timber,True,10.0,balanced,0.45002873722397946
attr_decking_material,attr_decking_material,data/processed/train/attr_decking_material_train.csv,data/features/dinov3_vitb16_attr_decking_material_assets.csv,classification,dinov3_frozen_embeddings_logistic_regression_tuned,logistic_regression_tuned,GroupKFold,1,5,51798,Concrete,Steel,False,10.0,balanced,0.45002873722397946
attr_decking_material,attr_decking_material,data/processed/train/attr_decking_material_train.csv,data/features/dinov3_vitb16_attr_decking_material_assets.csv,classification,dinov3_frozen_embeddings_logistic_regression_tuned,logistic_regression_tuned,GroupKFold,1,5,51858,Timber,Timber,True,10.0,balanced,0.45002873722397946
attr_decking_material,attr_decking_material,data/processed/train/attr_decking_material_train.csv,data/features/dinov3_vitb16_attr_decking_material_assets.csv,classification,dinov3_frozen_embeddings_logistic_regression_tuned,logistic_regression_tuned,GroupKFold,1,5,51941,Timber,Timber,True,10.0,balanced,0.45002873722397946
attr_decking_material,attr_decking_material,data/processed/train/attr_decking_material_train.csv,data/features/dinov3_vitb16_attr_decking_material_assets.csv,classification,dinov3_frozen_embeddings_logistic_regression_tuned,logistic_regression_tuned,GroupKFold,1,5,54184,Timber,Timber,True,10.0,balanced,0.45002873722397946
attr_decking_material,attr_decking_material,data/processed/train/attr_decking_material_train.csv,data/features/dinov3_vitb16_attr_decking_material_assets.csv,classification,dinov3_frozen_embeddings_logistic_regression_tuned,logistic_regression_tuned,GroupKFold,1,5,55635,Concrete,Timber,False,10.0,balanced,0.45002873722397946
attr_decking_material,attr_decking_material,data/processed/train/attr_decking_material_train.csv,data/features/dinov3_vitb16_attr_decking_material_assets.csv,classification,dinov3_frozen_embeddings_logistic_regression_tuned,logistic_regression_tuned,GroupKFold,1,5,56206,Timber,Timber,True,10.0,balanced,0.45002873722397946
attr_decking_material,attr_decking_material,data/processed/train/attr_decking_material_train.csv,data/features/dinov3_vitb16_attr_decking_material_assets.csv,classification,dinov3_frozen_embeddings_logistic_regression_tuned,logistic_regression_tuned,GroupKFold,1,5,57118,Timber,Timber,True,10.0,balanced,0.45002873722397946
attr_decking_material,attr_decking_material,data/processed/train/attr_decking_material_train.csv,data/features/dinov3_vitb16_attr_decking_material_assets.csv,classification,dinov3_frozen_embeddings_logistic_regression_tuned,logistic_regression_tuned,GroupKFold,1,5,61111,Timber,Timber,True,10.0,balanced,0.45002873722397946
attr_decking_material,attr_decking_material,data/processed/train/attr_decking_material_train.csv,data/features/dinov3_vitb16_attr_decking_material_assets.csv,classification,dinov3_frozen_embeddings_logistic_regression_tuned,logistic_regression_tuned,GroupKFold,1,5,62089,Timber,Timber,True,10.0,balanced,0.45002873722397946
attr_decking_material,attr_decking_material,data/processed/train/attr_decking_material_train.csv,data/features/dinov3_vitb16_attr_decking_material_assets.csv,classification,dinov3_frozen_embeddings_logistic_regression_tuned,logistic_regression_tuned,GroupKFold,1,5,63066,Timber,Timber,True,10.0,balanced,0.45002873722397946
attr_decking_material,attr_decking_material,data/processed/train/attr_decking_material_train.csv,data/features/dinov3_vitb16_attr_decking_material_assets.csv,classification,dinov3_frozen_embeddings_logistic_regression_tuned,logistic_regression_tuned,GroupKFold,1,5,63068,Timber,Timber,True,10.0,balanced,0.45002873722397946
attr_decking_material,attr_decking_material,data/processed/train/attr_decking_material_train.csv,data/features/dinov3_vitb16_attr_decking_material_assets.csv,classification,dinov3_frozen_embeddings_logistic_regression_tuned,logistic_regression_tuned,GroupKFold,1,5,63597,Steel,Steel,True,10.0,balanced,0.45002873722397946
attr_decking_material,attr_decking_material,data/processed/train/attr_decking_material_train.csv,data/features/dinov3_vitb16_attr_decking_material_assets.csv,classification,dinov3_frozen_embeddings_logistic_regression_tuned,logistic_regression_tuned,GroupKFold,1,5,64126,Timber,Timber,True,10.0,balanced,0.45002873722397946
attr_decking_material,attr_decking_material,data/processed/train/attr_decking_material_train.csv,data/features/dinov3_vitb16_attr_decking_material_assets.csv,classification,dinov3_frozen_embeddings_logistic_regression_tuned,logistic_regression_tuned,GroupKFold,1,5,64129,Timber,Timber,True,10.0,balanced,0.45002873722397946
attr_decking_material,attr_decking_material,data/processed/train/attr_decking_material_train.csv,data/features/dinov3_vitb16_attr_decking_material_assets.csv,classification,dinov3_frozen_embeddings_logistic_regression_tuned,logistic_regression_tuned,GroupKFold,1,5,65425,Timber,Timber,True,10.0,balanced,0.45002873722397946
attr_decking_material,attr_decking_material,data/processed/train/attr_decking_material_train.csv,data/features/dinov3_vitb16_attr_decking_material_assets.csv,classification,dinov3_frozen_embeddings_logistic_regression_tuned,logistic_regression_tuned,GroupKFold,1,5,65608,Concrete,Timber,False,10.0,balanced,0.45002873722397946
attr_decking_material,attr_decking_material,data/processed/train/attr_decking_material_train.csv,data/features/dinov3_vitb16_attr_decking_material_assets.csv,classification,dinov3_frozen_embeddings_logistic_regression_tuned,logistic_regression_tuned,GroupKFold,1,5,65788,Steel,Timber,False,10.0,balanced,0.45002873722397946
attr_decking_material,attr_decking_material,data/processed/train/attr_decking_material_train.csv,data/features/dinov3_vitb16_attr_decking_material_assets.csv,classification,dinov3_frozen_embeddings_logistic_regression_tuned,logistic_regression_tuned,GroupKFold,1,5,65789,Steel,Steel,True,10.0,balanced,0.45002873722397946
attr_decking_material,attr_decking_material,data/processed/train/attr_decking_material_train.csv,data/features/dinov3_vitb16_attr_decking_material_assets.csv,classification,dinov3_frozen_embeddings_logistic_regression_tuned,logistic_regression_tuned,GroupKFold,1,5,66207,Timber,Timber,True,10.0,balanced,0.45002873722397946
attr_decking_material,attr_decking_material,data/processed/train/attr_decking_material_train.csv,data/features/dinov3_vitb16_attr_decking_material_assets.csv,classification,dinov3_frozen_embeddings_logistic_regression_tuned,logistic_regression_tuned,GroupKFold,1,5,66920,Timber,Steel,False,10.0,balanced,0.45002873722397946
attr_decking_material,attr_decking_material,data/processed/train/attr_decking_material_train.csv,data/features/dinov3_vitb16_attr_decking_material_assets.csv,classification,dinov3_frozen_embeddings_logistic_regression_tuned,logistic_regression_tuned,GroupKFold,1,5,79980,Timber,Timber,True,10.0,balanced,0.45002873722397946
attr_decking_material,attr_decking_material,data/processed/train/attr_decking_material_train.csv,data/features/dinov3_vitb16_attr_decking_material_assets.csv,classification,dinov3_frozen_embeddings_logistic_regression_tuned,logistic_regression_tuned,GroupKFold,1,5,83150,Timber,Timber,True,10.0,balanced,0.45002873722397946
attr_decking_material,attr_decking_material,data/processed/train/attr_decking_material_train.csv,data/features/dinov3_vitb16_attr_decking_material_assets.csv,classification,dinov3_frozen_embeddings_logistic_regression_tuned,logistic_regression_tuned,GroupKFold,1,5,85143,Timber,Timber,True,10.0,balanced,0.45002873722397946
attr_decking_material,attr_decking_material,data/processed/train/attr_decking_material_train.csv,data/features/dinov3_vitb16_attr_decking_material_assets.csv,classification,dinov3_frozen_embeddings_logistic_regression_tuned,logistic_regression_tuned,GroupKFold,1,5,85177,Timber,Timber,True,10.0,balanced,0.45002873722397946
attr_decking_material,attr_decking_material,data/processed/train/attr_decking_material_train.csv,data/features/dinov3_vitb16_attr_decking_material_assets.csv,classification,dinov3_frozen_embeddings_logistic_regression_tuned,logistic_regression_tuned,GroupKFold,1,5,85210,Timber,Timber,True,10.0,balanced,0.45002873722397946
attr_decking_material,attr_decking_material,data/processed/train/attr_decking_material_train.csv,data/features/dinov3_vitb16_attr_decking_material_assets.csv,classification,dinov3_frozen_embeddings_logistic_regression_tuned,logistic_regression_tuned,GroupKFold,1,5,85487,Timber,Timber,True,10.0,balanced,0.45002873722397946
attr_decking_material,attr_decking_material,data/processed/train/attr_decking_material_train.csv,data/features/dinov3_vitb16_attr_decking_material_assets.csv,classification,dinov3_frozen_embeddings_logistic_regression_tuned,logistic_regression_tuned,GroupKFold,1,5,86369,Timber,Timber,True,10.0,balanced,0.45002873722397946
attr_decking_material,attr_decking_material,data/processed/train/attr_decking_material_train.csv,data/features/dinov3_vitb16_attr_decking_material_assets.csv,classification,dinov3_frozen_embeddings_logistic_regression_tuned,logistic_regression_tuned,GroupKFold,1,5,55464,Timber,Timber,True,10.0,balanced,0.45002873722397946
attr_decking_material,attr_decking_material,data/processed/train/attr_decking_material_train.csv,data/features/dinov3_vitb16_attr_decking_material_assets.csv,classification,dinov3_frozen_embeddings_logistic_regression_tuned,logistic_regression_tuned,GroupKFold,1,5,88830,Timber,Timber,True,10.0,balanced,0.45002873722397946
attr_decking_material,attr_decking_material,data/processed/train/attr_decking_material_train.csv,data/features/dinov3_vitb16_attr_decking_material_assets.csv,classification,dinov3_frozen_embeddings_logistic_regression_tuned,logistic_regression_tuned,GroupKFold,1,5,88865,Timber,Timber,True,10.0,balanced,0.45002873722397946
attr_decking_material,attr_decking_material,data/processed/train/attr_decking_material_train.csv,data/features/dinov3_vitb16_attr_decking_material_assets.csv,classification,dinov3_frozen_embeddings_logistic_regression_tuned,logistic_regression_tuned,GroupKFold,1,5,88866,Timber,Timber,True,10.0,balanced,0.45002873722397946
attr_decking_material,attr_decking_material,data/processed/train/attr_decking_material_train.csv,data/features/dinov3_vitb16_attr_decking_material_assets.csv,classification,dinov3_frozen_embeddings_logistic_regression_tuned,logistic_regression_tuned,GroupKFold,1,5,88871,Timber,Timber,True,10.0,balanced,0.45002873722397946
attr_decking_material,attr_decking_material,data/processed/train/attr_decking_material_train.csv,data/features/dinov3_vitb16_attr_decking_material_assets.csv,classification,dinov3_frozen_embeddings_logistic_regression_tuned,logistic_regression_tuned,GroupKFold,1,5,89441,Timber,Timber,True,10.0,balanced,0.45002873722397946
attr_decking_material,attr_decking_material,data/processed/train/attr_decking_material_train.csv,data/features/dinov3_vitb16_attr_decking_material_assets.csv,classification,dinov3_frozen_embeddings_logistic_regression_tuned,logistic_regression_tuned,GroupKFold,1,5,89442,Timber,Timber,True,10.0,balanced,0.45002873722397946
attr_decking_material,attr_decking_material,data/processed/train/attr_decking_material_train.csv,data/features/dinov3_vitb16_attr_decking_material_assets.csv,classification,dinov3_frozen_embeddings_logistic_regression_tuned,logistic_regression_tuned,GroupKFold,1,5,89452,Timber,Timber,True,10.0,balanced,0.45002873722397946
attr_decking_material,attr_decking_material,data/processed/train/attr_decking_material_train.csv,data/features/dinov3_vitb16_attr_decking_material_assets.csv,classification,dinov3_frozen_embeddings_logistic_regression_tuned,logistic_regression_tuned,GroupKFold,1,5,89590,Timber,Timber,True,10.0,balanced,0.45002873722397946
attr_decking_material,attr_decking_material,data/processed/train/attr_decking_material_train.csv,data/features/dinov3_vitb16_attr_decking_material_assets.csv,classification,dinov3_frozen_embeddings_logistic_regression_tuned,logistic_regression_tuned,GroupKFold,1,5,89763,Timber,Timber,True,10.0,balanced,0.45002873722397946
attr_decking_material,attr_decking_material,data/processed/train/attr_decking_material_train.csv,data/features/dinov3_vitb16_attr_decking_material_assets.csv,classification,dinov3_frozen_embeddings_logistic_regression_tuned,logistic_regression_tuned,GroupKFold,1,5,90385,Timber,Timber,True,10.0,balanced,0.45002873722397946
attr_decking_material,attr_decking_material,data/processed/train/attr_decking_material_train.csv,data/features/dinov3_vitb16_attr_decking_material_assets.csv,classification,dinov3_frozen_embeddings_logistic_regression_tuned,logistic_regression_tuned,GroupKFold,1,5,90505,Timber,Timber,True,10.0,balanced,0.45002873722397946
attr_decking_material,attr_decking_material,data/processed/train/attr_decking_material_train.csv,data/features/dinov3_vitb16_attr_decking_material_assets.csv,classification,dinov3_frozen_embeddings_logistic_regression_tuned,logistic_regression_tuned,GroupKFold,1,5,92033,Timber,Timber,True,10.0,balanced,0.45002873722397946
attr_decking_material,attr_decking_material,data/processed/train/attr_decking_material_train.csv,data/features/dinov3_vitb16_attr_decking_material_assets.csv,classification,dinov3_frozen_embeddings_logistic_regression_tuned,logistic_regression_tuned,GroupKFold,1,5,92164,Timber,Timber,True,10.0,balanced,0.45002873722397946
attr_decking_material,attr_decking_material,data/processed/train/attr_decking_material_train.csv,data/features/dinov3_vitb16_attr_decking_material_assets.csv,classification,dinov3_frozen_embeddings_logistic_regression_tuned,logistic_regression_tuned,GroupKFold,1,5,93036,Timber,Timber,True,10.0,balanced,0.45002873722397946
attr_decking_material,attr_decking_material,data/processed/train/attr_decking_material_train.csv,data/features/dinov3_vitb16_attr_decking_material_assets.csv,classification,dinov3_frozen_embeddings_logistic_regression_tuned,logistic_regression_tuned,GroupKFold,1,5,96854,Timber,Timber,True,10.0,balanced,0.45002873722397946
attr_decking_material,attr_decking_material,data/processed/train/attr_decking_material_train.csv,data/features/dinov3_vitb16_attr_decking_material_assets.csv,classification,dinov3_frozen_embeddings_logistic_regression_tuned,logistic_regression_tuned,GroupKFold,1,5,97817,Timber,Timber,True,10.0,balanced,0.45002873722397946
attr_decking_material,attr_decking_material,data/processed/train/attr_decking_material_train.csv,data/features/dinov3_vitb16_attr_decking_material_assets.csv,classification,dinov3_frozen_embeddings_logistic_regression_tuned,logistic_regression_tuned,GroupKFold,1,5,97906,Timber,Timber,True,10.0,balanced,0.45002873722397946
attr_decking_material,attr_decking_material,data/processed/train/attr_decking_material_train.csv,data/features/dinov3_vitb16_attr_decking_material_assets.csv,classification,dinov3_frozen_embeddings_logistic_regression_tuned,logistic_regression_tuned,GroupKFold,1,5,99454,Timber,Timber,True,10.0,balanced,0.45002873722397946
attr_decking_material,attr_decking_material,data/processed/train/attr_decking_material_train.csv,data/features/dinov3_vitb16_attr_decking_material_assets.csv,classification,dinov3_frozen_embeddings_logistic_regression_tuned,logistic_regression_tuned,GroupKFold,1,5,99457,Timber,Timber,True,10.0,balanced,0.45002873722397946
attr_decking_material,attr_decking_material,data/processed/train/attr_decking_material_train.csv,data/features/dinov3_vitb16_attr_decking_material_assets.csv,classification,dinov3_frozen_embeddings_logistic_regression_tuned,logistic_regression_tuned,GroupKFold,1,5,99460,Timber,Timber,True,10.0,balanced,0.45002873722397946
attr_decking_material,attr_decking_material,data/processed/train/attr_decking_material_train.csv,data/features/dinov3_vitb16_attr_decking_material_assets.csv,classification,dinov3_frozen_embeddings_logistic_regression_tuned,logistic_regression_tuned,GroupKFold,1,5,99612,Timber,Timber,True,10.0,balanced,0.45002873722397946
attr_decking_material,attr_decking_material,data/processed/train/attr_decking_material_train.csv,data/features/dinov3_vitb16_attr_decking_material_assets.csv,classification,dinov3_frozen_embeddings_logistic_regression_tuned,logistic_regression_tuned,GroupKFold,1,5,100181,Timber,Timber,True,10.0,balanced,0.45002873722397946
attr_decking_material,attr_decking_material,data/processed/train/attr_decking_material_train.csv,data/features/dinov3_vitb16_attr_decking_material_assets.csv,classification,dinov3_frozen_embeddings_logistic_regression_tuned,logistic_regression_tuned,GroupKFold,1,5,100251,Timber,Timber,True,10.0,balanced,0.45002873722397946
attr_decking_material,attr_decking_material,data/processed/train/attr_decking_material_train.csv,data/features/dinov3_vitb16_attr_decking_material_assets.csv,classification,dinov3_frozen_embeddings_logistic_regression_tuned,logistic_regression_tuned,GroupKFold,1,5,100267,Timber,Timber,True,10.0,balanced,0.45002873722397946
attr_decking_material,attr_decking_material,data/processed/train/attr_decking_material_train.csv,data/features/dinov3_vitb16_attr_decking_material_assets.csv,classification,dinov3_frozen_embeddings_logistic_regression_tuned,logistic_regression_tuned,GroupKFold,1,5,100272,Timber,Timber,True,10.0,balanced,0.45002873722397946
attr_decking_material,attr_decking_material,data/processed/train/attr_decking_material_train.csv,data/features/dinov3_vitb16_attr_decking_material_assets.csv,classification,dinov3_frozen_embeddings_logistic_regression_tuned,logistic_regression_tuned,GroupKFold,1,5,100791,Timber,Timber,True,10.0,balanced,0.45002873722397946
attr_decking_material,attr_decking_material,data/processed/train/attr_decking_material_train.csv,data/features/dinov3_vitb16_attr_decking_material_assets.csv,classification,dinov3_frozen_embeddings_logistic_regression_tuned,logistic_regression_tuned,GroupKFold,1,5,102344,Timber,Timber,True,10.0,balanced,0.45002873722397946
attr_decking_material,attr_decking_material,data/processed/train/attr_decking_material_train.csv,data/features/dinov3_vitb16_attr_decking_material_assets.csv,classification,dinov3_frozen_embeddings_logistic_regression_tuned,logistic_regression_tuned,GroupKFold,1,5,102346,Timber,Timber,True,10.0,balanced,0.45002873722397946
attr_decking_material,attr_decking_material,data/processed/train/attr_decking_material_train.csv,data/features/dinov3_vitb16_attr_decking_material_assets.csv,classification,dinov3_frozen_embeddings_logistic_regression_tuned,logistic_regression_tuned,GroupKFold,1,5,102353,Timber,Timber,True,10.0,balanced,0.45002873722397946
attr_decking_material,attr_decking_material,data/processed/train/attr_decking_material_train.csv,data/features/dinov3_vitb16_attr_decking_material_assets.csv,classification,dinov3_frozen_embeddings_logistic_regression_tuned,logistic_regression_tuned,GroupKFold,1,5,102808,Timber,Timber,True,10.0,balanced,0.45002873722397946
attr_decking_material,attr_decking_material,data/processed/train/attr_decking_material_train.csv,data/features/dinov3_vitb16_attr_decking_material_assets.csv,classification,dinov3_frozen_embeddings_logistic_regression_tuned,logistic_regression_tuned,GroupKFold,1,5,103253,Timber,Timber,True,10.0,balanced,0.45002873722397946
attr_decking_material,attr_decking_material,data/processed/train/attr_decking_material_train.csv,data/features/dinov3_vitb16_attr_decking_material_assets.csv,classification,dinov3_frozen_embeddings_logistic_regression_tuned,logistic_regression_tuned,GroupKFold,1,5,104083,Timber,Timber,True,10.0,balanced,0.45002873722397946
attr_decking_material,attr_decking_material,data/processed/train/attr_decking_material_train.csv,data/features/dinov3_vitb16_attr_decking_material_assets.csv,classification,dinov3_frozen_embeddings_logistic_regression_tuned,logistic_regression_tuned,GroupKFold,1,5,104097,Timber,Timber,True,10.0,balanced,0.45002873722397946
attr_decking_material,attr_decking_material,data/processed/train/attr_decking_material_train.csv,data/features/dinov3_vitb16_attr_decking_material_assets.csv,classification,dinov3_frozen_embeddings_logistic_regression_tuned,logistic_regression_tuned,GroupKFold,1,5,104858,Asphalt,Timber,False,10.0,balanced,0.45002873722397946
attr_decking_material,attr_decking_material,data/processed/train/attr_decking_material_train.csv,data/features/dinov3_vitb16_attr_decking_material_assets.csv,classification,dinov3_frozen_embeddings_logistic_regression_tuned,logistic_regression_tuned,GroupKFold,1,5,106032,Timber,Timber,True,10.0,balanced,0.45002873722397946
attr_decking_material,attr_decking_material,data/processed/train/attr_decking_material_train.csv,data/features/dinov3_vitb16_attr_decking_material_assets.csv,classification,dinov3_frozen_embeddings_logistic_regression_tuned,logistic_regression_tuned,GroupKFold,1,5,106054,Timber,Timber,True,10.0,balanced,0.45002873722397946
attr_decking_material,attr_decking_material,data/processed/train/attr_decking_material_train.csv,data/features/dinov3_vitb16_attr_decking_material_assets.csv,classification,dinov3_frozen_embeddings_logistic_regression_tuned,logistic_regression_tuned,GroupKFold,1,5,106637,Timber,Timber,True,10.0,balanced,0.45002873722397946
attr_decking_material,attr_decking_material,data/processed/train/attr_decking_material_train.csv,data/features/dinov3_vitb16_attr_decking_material_assets.csv,classification,dinov3_frozen_embeddings_logistic_regression_tuned,logistic_regression_tuned,GroupKFold,1,5,106925,Timber,Timber,True,10.0,balanced,0.45002873722397946
attr_decking_material,attr_decking_material,data/processed/train/attr_decking_material_train.csv,data/features/dinov3_vitb16_attr_decking_material_assets.csv,classification,dinov3_frozen_embeddings_logistic_regression_tuned,logistic_regression_tuned,GroupKFold,1,5,107068,Timber,Timber,True,10.0,balanced,0.45002873722397946
attr_decking_material,attr_decking_material,data/processed/train/attr_decking_material_train.csv,data/features/dinov3_vitb16_attr_decking_material_assets.csv,classification,dinov3_frozen_embeddings_logistic_regression_tuned,logistic_regression_tuned,GroupKFold,1,5,107074,Timber,Timber,True,10.0,balanced,0.45002873722397946
attr_decking_material,attr_decking_material,data/processed/train/attr_decking_material_train.csv,data/features/dinov3_vitb16_attr_decking_material_assets.csv,classification,dinov3_frozen_embeddings_logistic_regression_tuned,logistic_regression_tuned,GroupKFold,1,5,107877,Steel,Steel,True,10.0,balanced,0.45002873722397946
attr_decking_material,attr_decking_material,data/processed/train/attr_decking_material_train.csv,data/features/dinov3_vitb16_attr_decking_material_assets.csv,classification,dinov3_frozen_embeddings_logistic_regression_tuned,logistic_regression_tuned,GroupKFold,1,5,107969,Steel,Steel,True,10.0,balanced,0.45002873722397946
attr_decking_material,attr_decking_material,data/processed/train/attr_decking_material_train.csv,data/features/dinov3_vitb16_attr_decking_material_assets.csv,classification,dinov3_frozen_embeddings_logistic_regression_tuned,logistic_regression_tuned,GroupKFold,1,5,108666,Timber,Timber,True,10.0,balanced,0.45002873722397946
attr_decking_material,attr_decking_material,data/processed/train/attr_decking_material_train.csv,data/features/dinov3_vitb16_attr_decking_material_assets.csv,classification,dinov3_frozen_embeddings_logistic_regression_tuned,logistic_regression_tuned,GroupKFold,1,5,108781,Timber,Timber,True,10.0,balanced,0.45002873722397946
attr_decking_material,attr_decking_material,data/processed/train/attr_decking_material_train.csv,data/features/dinov3_vitb16_attr_decking_material_assets.csv,classification,dinov3_frozen_embeddings_logistic_regression_tuned,logistic_regression_tuned,GroupKFold,1,5,109151,Steel,Steel,True,10.0,balanced,0.45002873722397946
attr_decking_material,attr_decking_material,data/processed/train/attr_decking_material_train.csv,data/features/dinov3_vitb16_attr_decking_material_assets.csv,classification,dinov3_frozen_embeddings_logistic_regression_tuned,logistic_regression_tuned,GroupKFold,1,5,109167,Timber,Timber,True,10.0,balanced,0.45002873722397946
attr_decking_material,attr_decking_material,data/processed/train/attr_decking_material_train.csv,data/features/dinov3_vitb16_attr_decking_material_assets.csv,classification,dinov3_frozen_embeddings_logistic_regression_tuned,logistic_regression_tuned,GroupKFold,1,5,109821,Timber,Timber,True,10.0,balanced,0.45002873722397946
attr_decking_material,attr_decking_material,data/processed/train/attr_decking_material_train.csv,data/features/dinov3_vitb16_attr_decking_material_assets.csv,classification,dinov3_frozen_embeddings_logistic_regression_tuned,logistic_regression_tuned,GroupKFold,1,5,110131,Timber,Timber,True,10.0,balanced,0.45002873722397946
attr_decking_material,attr_decking_material,data/processed/train/attr_decking_material_train.csv,data/features/dinov3_vitb16_attr_decking_material_assets.csv,classification,dinov3_frozen_embeddings_logistic_regression_tuned,logistic_regression_tuned,GroupKFold,1,5,110137,Timber,Timber,True,10.0,balanced,0.45002873722397946
attr_decking_material,attr_decking_material,data/processed/train/attr_decking_material_train.csv,data/features/dinov3_vitb16_attr_decking_material_assets.csv,classification,dinov3_frozen_embeddings_logistic_regression_tuned,logistic_regression_tuned,GroupKFold,1,5,110169,Timber,Timber,True,10.0,balanced,0.45002873722397946
attr_decking_material,attr_decking_material,data/processed/train/attr_decking_material_train.csv,data/features/dinov3_vitb16_attr_decking_material_assets.csv,classification,dinov3_frozen_embeddings_logistic_regression_tuned,logistic_regression_tuned,GroupKFold,1,5,110170,Timber,Timber,True,10.0,balanced,0.45002873722397946
attr_decking_material,attr_decking_material,data/processed/train/attr_decking_material_train.csv,data/features/dinov3_vitb16_attr_decking_material_assets.csv,classification,dinov3_frozen_embeddings_logistic_regression_tuned,logistic_regression_tuned,GroupKFold,1,5,110356,Timber,Timber,True,10.0,balanced,0.45002873722397946
attr_decking_material,attr_decking_material,data/processed/train/attr_decking_material_train.csv,data/features/dinov3_vitb16_attr_decking_material_assets.csv,classification,dinov3_frozen_embeddings_logistic_regression_tuned,logistic_regression_tuned,GroupKFold,1,5,110944,Timber,Timber,True,10.0,balanced,0.45002873722397946
attr_decking_material,attr_decking_material,data/processed/train/attr_decking_material_train.csv,data/features/dinov3_vitb16_attr_decking_material_assets.csv,classification,dinov3_frozen_embeddings_logistic_regression_tuned,logistic_regression_tuned,GroupKFold,1,5,110956,Timber,Timber,True,10.0,balanced,0.45002873722397946
attr_decking_material,attr_decking_material,data/processed/train/attr_decking_material_train.csv,data/features/dinov3_vitb16_attr_decking_material_assets.csv,classification,dinov3_frozen_embeddings_logistic_regression_tuned,logistic_regression_tuned,GroupKFold,1,5,112338,Timber,Timber,True,10.0,balanced,0.45002873722397946
attr_decking_material,attr_decking_material,data/processed/train/attr_decking_material_train.csv,data/features/dinov3_vitb16_attr_decking_material_assets.csv,classification,dinov3_frozen_embeddings_logistic_regression_tuned,logistic_regression_tuned,GroupKFold,1,5,113217,Timber,Timber,True,10.0,balanced,0.45002873722397946
attr_decking_material,attr_decking_material,data/processed/train/attr_decking_material_train.csv,data/features/dinov3_vitb16_attr_decking_material_assets.csv,classification,dinov3_frozen_embeddings_logistic_regression_tuned,logistic_regression_tuned,GroupKFold,1,5,114014,Timber,Timber,True,10.0,balanced,0.45002873722397946
attr_decking_material,attr_decking_material,data/processed/train/attr_decking_material_train.csv,data/features/dinov3_vitb16_attr_decking_material_assets.csv,classification,dinov3_frozen_embeddings_logistic_regression_tuned,logistic_regression_tuned,GroupKFold,1,5,114085,Timber,Timber,True,10.0,balanced,0.45002873722397946
attr_decking_material,attr_decking_material,data/processed/train/attr_decking_material_train.csv,data/features/dinov3_vitb16_attr_decking_material_assets.csv,classification,dinov3_frozen_embeddings_logistic_regression_tuned,logistic_regression_tuned,GroupKFold,1,5,114768,Timber,Timber,True,10.0,balanced,0.45002873722397946
attr_decking_material,attr_decking_material,data/processed/train/attr_decking_material_train.csv,data/features/dinov3_vitb16_attr_decking_material_assets.csv,classification,dinov3_frozen_embeddings_logistic_regression_tuned,logistic_regression_tuned,GroupKFold,1,5,114963,Timber,Timber,True,10.0,balanced,0.45002873722397946
attr_decking_material,attr_decking_material,data/processed/train/attr_decking_material_train.csv,data/features/dinov3_vitb16_attr_decking_material_assets.csv,classification,dinov3_frozen_embeddings_logistic_regression_tuned,logistic_regression_tuned,GroupKFold,1,5,115261,Timber,Timber,True,10.0,balanced,0.45002873722397946
attr_decking_material,attr_decking_material,data/processed/train/attr_decking_material_train.csv,data/features/dinov3_vitb16_attr_decking_material_assets.csv,classification,dinov3_frozen_embeddings_logistic_regression_tuned,logistic_regression_tuned,GroupKFold,1,5,116880,Timber,Timber,True,10.0,balanced,0.45002873722397946
attr_decking_material,attr_decking_material,data/processed/train/attr_decking_material_train.csv,data/features/dinov3_vitb16_attr_decking_material_assets.csv,classification,dinov3_frozen_embeddings_logistic_regression_tuned,logistic_regression_tuned,GroupKFold,1,5,117214,Steel,Steel,True,10.0,balanced,0.45002873722397946
attr_decking_material,attr_decking_material,data/processed/train/attr_decking_material_train.csv,data/features/dinov3_vitb16_attr_decking_material_assets.csv,classification,dinov3_frozen_embeddings_logistic_regression_tuned,logistic_regression_tuned,GroupKFold,1,5,118254,Timber,Timber,True,10.0,balanced,0.45002873722397946
attr_decking_material,attr_decking_material,data/processed/train/attr_decking_material_train.csv,data/features/dinov3_vitb16_attr_decking_material_assets.csv,classification,dinov3_frozen_embeddings_logistic_regression_tuned,logistic_regression_tuned,GroupKFold,1,5,119774,Steel,Timber,False,10.0,balanced,0.45002873722397946
attr_decking_material,attr_decking_material,data/processed/train/attr_decking_material_train.csv,data/features/dinov3_vitb16_attr_decking_material_assets.csv,classification,dinov3_frozen_embeddings_logistic_regression_tuned,logistic_regression_tuned,GroupKFold,1,5,119863,Timber,Timber,True,10.0,balanced,0.45002873722397946
attr_decking_material,attr_decking_material,data/processed/train/attr_decking_material_train.csv,data/features/dinov3_vitb16_attr_decking_material_assets.csv,classification,dinov3_frozen_embeddings_logistic_regression_tuned,logistic_regression_tuned,GroupKFold,1,5,120686,Timber,Timber,True,10.0,balanced,0.45002873722397946
attr_decking_material,attr_decking_material,data/processed/train/attr_decking_material_train.csv,data/features/dinov3_vitb16_attr_decking_material_assets.csv,classification,dinov3_frozen_embeddings_logistic_regression_tuned,logistic_regression_tuned,GroupKFold,1,5,121497,Timber,Timber,True,10.0,balanced,0.45002873722397946
attr_decking_material,attr_decking_material,data/processed/train/attr_decking_material_train.csv,data/features/dinov3_vitb16_attr_decking_material_assets.csv,classification,dinov3_frozen_embeddings_logistic_regression_tuned,logistic_regression_tuned,GroupKFold,1,5,121649,Timber,Timber,True,10.0,balanced,0.45002873722397946
attr_decking_material,attr_decking_material,data/processed/train/attr_decking_material_train.csv,data/features/dinov3_vitb16_attr_decking_material_assets.csv,classification,dinov3_frozen_embeddings_logistic_regression_tuned,logistic_regression_tuned,GroupKFold,1,5,121689,Timber,Timber,True,10.0,balanced,0.45002873722397946
attr_decking_material,attr_decking_material,data/processed/train/attr_decking_material_train.csv,data/features/dinov3_vitb16_attr_decking_material_assets.csv,classification,dinov3_frozen_embeddings_logistic_regression_tuned,logistic_regression_tuned,GroupKFold,1,5,121796,Timber,Timber,True,10.0,balanced,0.45002873722397946
attr_decking_material,attr_decking_material,data/processed/train/attr_decking_material_train.csv,data/features/dinov3_vitb16_attr_decking_material_assets.csv,classification,dinov3_frozen_embeddings_logistic_regression_tuned,logistic_regression_tuned,GroupKFold,1,5,122263,Timber,Timber,True,10.0,balanced,0.45002873722397946
attr_decking_material,attr_decking_material,data/processed/train/attr_decking_material_train.csv,data/features/dinov3_vitb16_attr_decking_material_assets.csv,classification,dinov3_frozen_embeddings_logistic_regression_tuned,logistic_regression_tuned,GroupKFold,1,5,122441,Timber,Timber,True,10.0,balanced,0.45002873722397946
attr_decking_material,attr_decking_material,data/processed/train/attr_decking_material_train.csv,data/features/dinov3_vitb16_attr_decking_material_assets.csv,classification,dinov3_frozen_embeddings_logistic_regression_tuned,logistic_regression_tuned,GroupKFold,1,5,122444,Timber,Timber,True,10.0,balanced,0.45002873722397946
attr_decking_material,attr_decking_material,data/processed/train/attr_decking_material_train.csv,data/features/dinov3_vitb16_attr_decking_material_assets.csv,classification,dinov3_frozen_embeddings_logistic_regression_tuned,logistic_regression_tuned,GroupKFold,1,5,122442,Timber,Timber,True,10.0,balanced,0.45002873722397946
attr_decking_material,attr_decking_material,data/processed/train/attr_decking_material_train.csv,data/features/dinov3_vitb16_attr_decking_material_assets.csv,classification,dinov3_frozen_embeddings_logistic_regression_tuned,logistic_regression_tuned,GroupKFold,1,5,122828,Timber,Timber,True,10.0,balanced,0.45002873722397946
attr_decking_material,attr_decking_material,data/processed/train/attr_decking_material_train.csv,data/features/dinov3_vitb16_attr_decking_material_assets.csv,classification,dinov3_frozen_embeddings_logistic_regression_tuned,logistic_regression_tuned,GroupKFold,1,5,123159,Timber,Timber,True,10.0,balanced,0.45002873722397946
attr_decking_material,attr_decking_material,data/processed/train/attr_decking_material_train.csv,data/features/dinov3_vitb16_attr_decking_material_assets.csv,classification,dinov3_frozen_embeddings_logistic_regression_tuned,logistic_regression_tuned,GroupKFold,1,5,123167,Timber,Timber,True,10.0,balanced,0.45002873722397946
attr_decking_material,attr_decking_material,data/processed/train/attr_decking_material_train.csv,data/features/dinov3_vitb16_attr_decking_material_assets.csv,classification,dinov3_frozen_embeddings_logistic_regression_tuned,logistic_regression_tuned,GroupKFold,1,5,123352,Timber,Timber,True,10.0,balanced,0.45002873722397946
attr_decking_material,attr_decking_material,data/processed/train/attr_decking_material_train.csv,data/features/dinov3_vitb16_attr_decking_material_assets.csv,classification,dinov3_frozen_embeddings_logistic_regression_tuned,logistic_regression_tuned,GroupKFold,1,5,123310,Timber,Timber,True,10.0,balanced,0.45002873722397946
attr_decking_material,attr_decking_material,data/processed/train/attr_decking_material_train.csv,data/features/dinov3_vitb16_attr_decking_material_assets.csv,classification,dinov3_frozen_embeddings_logistic_regression_tuned,logistic_regression_tuned,GroupKFold,1,5,123354,Timber,Timber,True,10.0,balanced,0.45002873722397946
attr_decking_material,attr_decking_material,data/processed/train/attr_decking_material_train.csv,data/features/dinov3_vitb16_attr_decking_material_assets.csv,classification,dinov3_frozen_embeddings_logistic_regression_tuned,logistic_regression_tuned,GroupKFold,1,5,123655,Steel,Timber,False,10.0,balanced,0.45002873722397946
attr_decking_material,attr_decking_material,data/processed/train/attr_decking_material_train.csv,data/features/dinov3_vitb16_attr_decking_material_assets.csv,classification,dinov3_frozen_embeddings_logistic_regression_tuned,logistic_regression_tuned,GroupKFold,1,5,126793,Steel,Steel,True,10.0,balanced,0.45002873722397946
attr_decking_material,attr_decking_material,data/processed/train/attr_decking_material_train.csv,data/features/dinov3_vitb16_attr_decking_material_assets.csv,classification,dinov3_frozen_embeddings_logistic_regression_tuned,logistic_regression_tuned,GroupKFold,1,5,126801,Aluminum,Steel,False,10.0,balanced,0.45002873722397946
attr_decking_material,attr_decking_material,data/processed/train/attr_decking_material_train.csv,data/features/dinov3_vitb16_attr_decking_material_assets.csv,classification,dinov3_frozen_embeddings_logistic_regression_tuned,logistic_regression_tuned,GroupKFold,1,5,126803,Aluminum,Steel,False,10.0,balanced,0.45002873722397946
attr_decking_material,attr_decking_material,data/processed/train/attr_decking_material_train.csv,data/features/dinov3_vitb16_attr_decking_material_assets.csv,classification,dinov3_frozen_embeddings_logistic_regression_tuned,logistic_regression_tuned,GroupKFold,1,5,126913,Timber,Timber,True,10.0,balanced,0.45002873722397946
attr_decking_material,attr_decking_material,data/processed/train/attr_decking_material_train.csv,data/features/dinov3_vitb16_attr_decking_material_assets.csv,classification,dinov3_frozen_embeddings_logistic_regression_tuned,logistic_regression_tuned,GroupKFold,1,5,126916,Timber,Timber,True,10.0,balanced,0.45002873722397946
attr_decking_material,attr_decking_material,data/processed/train/attr_decking_material_train.csv,data/features/dinov3_vitb16_attr_decking_material_assets.csv,classification,dinov3_frozen_embeddings_logistic_regression_tuned,logistic_regression_tuned,GroupKFold,1,5,127184,Timber,Timber,True,10.0,balanced,0.45002873722397946
attr_decking_material,attr_decking_material,data/processed/train/attr_decking_material_train.csv,data/features/dinov3_vitb16_attr_decking_material_assets.csv,classification,dinov3_frozen_embeddings_logistic_regression_tuned,logistic_regression_tuned,GroupKFold,1,5,128033,Timber,Timber,True,10.0,balanced,0.45002873722397946
attr_decking_material,attr_decking_material,data/processed/train/attr_decking_material_train.csv,data/features/dinov3_vitb16_attr_decking_material_assets.csv,classification,dinov3_frozen_embeddings_logistic_regression_tuned,logistic_regression_tuned,GroupKFold,1,5,51549,Steel,Steel,True,10.0,balanced,0.45002873722397946
attr_decking_material,attr_decking_material,data/processed/train/attr_decking_material_train.csv,data/features/dinov3_vitb16_attr_decking_material_assets.csv,classification,dinov3_frozen_embeddings_logistic_regression_tuned,logistic_regression_tuned,GroupKFold,1,5,51551,Concrete,Timber,False,10.0,balanced,0.45002873722397946
attr_decking_material,attr_decking_material,data/processed/train/attr_decking_material_train.csv,data/features/dinov3_vitb16_attr_decking_material_assets.csv,classification,dinov3_frozen_embeddings_logistic_regression_tuned,logistic_regression_tuned,GroupKFold,1,5,54507,Concrete,Timber,False,10.0,balanced,0.45002873722397946
attr_decking_material,attr_decking_material,data/processed/train/attr_decking_material_train.csv,data/features/dinov3_vitb16_attr_decking_material_assets.csv,classification,dinov3_frozen_embeddings_logistic_regression_tuned,logistic_regression_tuned,GroupKFold,1,5,55656,Timber,Timber,True,10.0,balanced,0.45002873722397946
attr_decking_material,attr_decking_material,data/processed/train/attr_decking_material_train.csv,data/features/dinov3_vitb16_attr_decking_material_assets.csv,classification,dinov3_frozen_embeddings_logistic_regression_tuned,logistic_regression_tuned,GroupKFold,1,5,58829,Timber,Timber,True,10.0,balanced,0.45002873722397946
attr_decking_material,attr_decking_material,data/processed/train/attr_decking_material_train.csv,data/features/dinov3_vitb16_attr_decking_material_assets.csv,classification,dinov3_frozen_embeddings_logistic_regression_tuned,logistic_regression_tuned,GroupKFold,1,5,60883,Timber,Timber,True,10.0,balanced,0.45002873722397946
attr_decking_material,attr_decking_material,data/processed/train/attr_decking_material_train.csv,data/features/dinov3_vitb16_attr_decking_material_assets.csv,classification,dinov3_frozen_embeddings_logistic_regression_tuned,logistic_regression_tuned,GroupKFold,1,5,66954,Composite,Composite,True,10.0,balanced,0.45002873722397946
attr_decking_material,attr_decking_material,data/processed/train/attr_decking_material_train.csv,data/features/dinov3_vitb16_attr_decking_material_assets.csv,classification,dinov3_frozen_embeddings_logistic_regression_tuned,logistic_regression_tuned,GroupKFold,1,5,66959,Timber,Timber,True,10.0,balanced,0.45002873722397946
attr_decking_material,attr_decking_material,data/processed/train/attr_decking_material_train.csv,data/features/dinov3_vitb16_attr_decking_material_assets.csv,classification,dinov3_frozen_embeddings_logistic_regression_tuned,logistic_regression_tuned,GroupKFold,1,5,67796,Concrete,Timber,False,10.0,balanced,0.45002873722397946
attr_decking_material,attr_decking_material,data/processed/train/attr_decking_material_train.csv,data/features/dinov3_vitb16_attr_decking_material_assets.csv,classification,dinov3_frozen_embeddings_logistic_regression_tuned,logistic_regression_tuned,GroupKFold,1,5,68017,Timber,Timber,True,10.0,balanced,0.45002873722397946
attr_decking_material,attr_decking_material,data/processed/train/attr_decking_material_train.csv,data/features/dinov3_vitb16_attr_decking_material_assets.csv,classification,dinov3_frozen_embeddings_logistic_regression_tuned,logistic_regression_tuned,GroupKFold,1,5,80994,Timber,Timber,True,10.0,balanced,0.45002873722397946
attr_decking_material,attr_decking_material,data/processed/train/attr_decking_material_train.csv,data/features/dinov3_vitb16_attr_decking_material_assets.csv,classification,dinov3_frozen_embeddings_logistic_regression_tuned,logistic_regression_tuned,GroupKFold,1,5,86580,Steel,Timber,False,10.0,balanced,0.45002873722397946
attr_decking_material,attr_decking_material,data/processed/train/attr_decking_material_train.csv,data/features/dinov3_vitb16_attr_decking_material_assets.csv,classification,dinov3_frozen_embeddings_logistic_regression_tuned,logistic_regression_tuned,GroupKFold,1,5,111784,Timber,Timber,True,10.0,balanced,0.45002873722397946
attr_decking_material,attr_decking_material,data/processed/train/attr_decking_material_train.csv,data/features/dinov3_vitb16_attr_decking_material_assets.csv,classification,dinov3_frozen_embeddings_logistic_regression_tuned,logistic_regression_tuned,GroupKFold,1,5,123582,Timber,Timber,True,10.0,balanced,0.45002873722397946
attr_decking_material,attr_decking_material,data/processed/train/attr_decking_material_train.csv,data/features/dinov3_vitb16_attr_decking_material_assets.csv,classification,dinov3_frozen_embeddings_logistic_regression_tuned,logistic_regression_tuned,GroupKFold,2,5,51255,Timber,Timber,True,0.1,balanced,0.4514453147477006
attr_decking_material,attr_decking_material,data/processed/train/attr_decking_material_train.csv,data/features/dinov3_vitb16_attr_decking_material_assets.csv,classification,dinov3_frozen_embeddings_logistic_regression_tuned,logistic_regression_tuned,GroupKFold,2,5,51440,Timber,Timber,True,0.1,balanced,0.4514453147477006
attr_decking_material,attr_decking_material,data/processed/train/attr_decking_material_train.csv,data/features/dinov3_vitb16_attr_decking_material_assets.csv,classification,dinov3_frozen_embeddings_logistic_regression_tuned,logistic_regression_tuned,GroupKFold,2,5,52245,Timber,Timber,True,0.1,balanced,0.4514453147477006
attr_decking_material,attr_decking_material,data/processed/train/attr_decking_material_train.csv,data/features/dinov3_vitb16_attr_decking_material_assets.csv,classification,dinov3_frozen_embeddings_logistic_regression_tuned,logistic_regression_tuned,GroupKFold,2,5,54329,Timber,Timber,True,0.1,balanced,0.4514453147477006
attr_decking_material,attr_decking_material,data/processed/train/attr_decking_material_train.csv,data/features/dinov3_vitb16_attr_decking_material_assets.csv,classification,dinov3_frozen_embeddings_logistic_regression_tuned,logistic_regression_tuned,GroupKFold,2,5,56345,Timber,Timber,True,0.1,balanced,0.4514453147477006
attr_decking_material,attr_decking_material,data/processed/train/attr_decking_material_train.csv,data/features/dinov3_vitb16_attr_decking_material_assets.csv,classification,dinov3_frozen_embeddings_logistic_regression_tuned,logistic_regression_tuned,GroupKFold,2,5,58173,Timber,Timber,True,0.1,balanced,0.4514453147477006
attr_decking_material,attr_decking_material,data/processed/train/attr_decking_material_train.csv,data/features/dinov3_vitb16_attr_decking_material_assets.csv,classification,dinov3_frozen_embeddings_logistic_regression_tuned,logistic_regression_tuned,GroupKFold,2,5,62447,Timber,Timber,True,0.1,balanced,0.4514453147477006
attr_decking_material,attr_decking_material,data/processed/train/attr_decking_material_train.csv,data/features/dinov3_vitb16_attr_decking_material_assets.csv,classification,dinov3_frozen_embeddings_logistic_regression_tuned,logistic_regression_tuned,GroupKFold,2,5,64235,Timber,Timber,True,0.1,balanced,0.4514453147477006
attr_decking_material,attr_decking_material,data/processed/train/attr_decking_material_train.csv,data/features/dinov3_vitb16_attr_decking_material_assets.csv,classification,dinov3_frozen_embeddings_logistic_regression_tuned,logistic_regression_tuned,GroupKFold,2,5,64272,Timber,Timber,True,0.1,balanced,0.4514453147477006
attr_decking_material,attr_decking_material,data/processed/train/attr_decking_material_train.csv,data/features/dinov3_vitb16_attr_decking_material_assets.csv,classification,dinov3_frozen_embeddings_logistic_regression_tuned,logistic_regression_tuned,GroupKFold,2,5,83458,Timber,Timber,True,0.1,balanced,0.4514453147477006
attr_decking_material,attr_decking_material,data/processed/train/attr_decking_material_train.csv,data/features/dinov3_vitb16_attr_decking_material_assets.csv,classification,dinov3_frozen_embeddings_logistic_regression_tuned,logistic_regression_tuned,GroupKFold,2,5,83945,Timber,Timber,True,0.1,balanced,0.4514453147477006
attr_decking_material,attr_decking_material,data/processed/train/attr_decking_material_train.csv,data/features/dinov3_vitb16_attr_decking_material_assets.csv,classification,dinov3_frozen_embeddings_logistic_regression_tuned,logistic_regression_tuned,GroupKFold,2,5,83950,Timber,Timber,True,0.1,balanced,0.4514453147477006
attr_decking_material,attr_decking_material,data/processed/train/attr_decking_material_train.csv,data/features/dinov3_vitb16_attr_decking_material_assets.csv,classification,dinov3_frozen_embeddings_logistic_regression_tuned,logistic_regression_tuned,GroupKFold,2,5,83947,Timber,Timber,True,0.1,balanced,0.4514453147477006
attr_decking_material,attr_decking_material,data/processed/train/attr_decking_material_train.csv,data/features/dinov3_vitb16_attr_decking_material_assets.csv,classification,dinov3_frozen_embeddings_logistic_regression_tuned,logistic_regression_tuned,GroupKFold,2,5,83951,Timber,Timber,True,0.1,balanced,0.4514453147477006
attr_decking_material,attr_decking_material,data/processed/train/attr_decking_material_train.csv,data/features/dinov3_vitb16_attr_decking_material_assets.csv,classification,dinov3_frozen_embeddings_logistic_regression_tuned,logistic_regression_tuned,GroupKFold,2,5,83953,Timber,Timber,True,0.1,balanced,0.4514453147477006
attr_decking_material,attr_decking_material,data/processed/train/attr_decking_material_train.csv,data/features/dinov3_vitb16_attr_decking_material_assets.csv,classification,dinov3_frozen_embeddings_logistic_regression_tuned,logistic_regression_tuned,GroupKFold,2,5,85477,Timber,Timber,True,0.1,balanced,0.4514453147477006
attr_decking_material,attr_decking_material,data/processed/train/attr_decking_material_train.csv,data/features/dinov3_vitb16_attr_decking_material_assets.csv,classification,dinov3_frozen_embeddings_logistic_regression_tuned,logistic_regression_tuned,GroupKFold,2,5,85474,Timber,Timber,True,0.1,balanced,0.4514453147477006
attr_decking_material,attr_decking_material,data/processed/train/attr_decking_material_train.csv,data/features/dinov3_vitb16_attr_decking_material_assets.csv,classification,dinov3_frozen_embeddings_logistic_regression_tuned,logistic_regression_tuned,GroupKFold,2,5,85525,Timber,Timber,True,0.1,balanced,0.4514453147477006
attr_decking_material,attr_decking_material,data/processed/train/attr_decking_material_train.csv,data/features/dinov3_vitb16_attr_decking_material_assets.csv,classification,dinov3_frozen_embeddings_logistic_regression_tuned,logistic_regression_tuned,GroupKFold,2,5,86030,Timber,Timber,True,0.1,balanced,0.4514453147477006
attr_decking_material,attr_decking_material,data/processed/train/attr_decking_material_train.csv,data/features/dinov3_vitb16_attr_decking_material_assets.csv,classification,dinov3_frozen_embeddings_logistic_regression_tuned,logistic_regression_tuned,GroupKFold,2,5,86066,Timber,Timber,True,0.1,balanced,0.4514453147477006
attr_decking_material,attr_decking_material,data/processed/train/attr_decking_material_train.csv,data/features/dinov3_vitb16_attr_decking_material_assets.csv,classification,dinov3_frozen_embeddings_logistic_regression_tuned,logistic_regression_tuned,GroupKFold,2,5,86071,Timber,Timber,True,0.1,balanced,0.4514453147477006
attr_decking_material,attr_decking_material,data/processed/train/attr_decking_material_train.csv,data/features/dinov3_vitb16_attr_decking_material_assets.csv,classification,dinov3_frozen_embeddings_logistic_regression_tuned,logistic_regression_tuned,GroupKFold,2,5,86074,Timber,Timber,True,0.1,balanced,0.4514453147477006
attr_decking_material,attr_decking_material,data/processed/train/attr_decking_material_train.csv,data/features/dinov3_vitb16_attr_decking_material_assets.csv,classification,dinov3_frozen_embeddings_logistic_regression_tuned,logistic_regression_tuned,GroupKFold,2,5,86075,Timber,Timber,True,0.1,balanced,0.4514453147477006
attr_decking_material,attr_decking_material,data/processed/train/attr_decking_material_train.csv,data/features/dinov3_vitb16_attr_decking_material_assets.csv,classification,dinov3_frozen_embeddings_logistic_regression_tuned,logistic_regression_tuned,GroupKFold,2,5,86078,Timber,Timber,True,0.1,balanced,0.4514453147477006
attr_decking_material,attr_decking_material,data/processed/train/attr_decking_material_train.csv,data/features/dinov3_vitb16_attr_decking_material_assets.csv,classification,dinov3_frozen_embeddings_logistic_regression_tuned,logistic_regression_tuned,GroupKFold,2,5,86089,Timber,Timber,True,0.1,balanced,0.4514453147477006
attr_decking_material,attr_decking_material,data/processed/train/attr_decking_material_train.csv,data/features/dinov3_vitb16_attr_decking_material_assets.csv,classification,dinov3_frozen_embeddings_logistic_regression_tuned,logistic_regression_tuned,GroupKFold,2,5,86101,Timber,Timber,True,0.1,balanced,0.4514453147477006
attr_decking_material,attr_decking_material,data/processed/train/attr_decking_material_train.csv,data/features/dinov3_vitb16_attr_decking_material_assets.csv,classification,dinov3_frozen_embeddings_logistic_regression_tuned,logistic_regression_tuned,GroupKFold,2,5,86105,Timber,Timber,True,0.1,balanced,0.4514453147477006
attr_decking_material,attr_decking_material,data/processed/train/attr_decking_material_train.csv,data/features/dinov3_vitb16_attr_decking_material_assets.csv,classification,dinov3_frozen_embeddings_logistic_regression_tuned,logistic_regression_tuned,GroupKFold,2,5,86120,Timber,Timber,True,0.1,balanced,0.4514453147477006
attr_decking_material,attr_decking_material,data/processed/train/attr_decking_material_train.csv,data/features/dinov3_vitb16_attr_decking_material_assets.csv,classification,dinov3_frozen_embeddings_logistic_regression_tuned,logistic_regression_tuned,GroupKFold,2,5,86141,Timber,Timber,True,0.1,balanced,0.4514453147477006
attr_decking_material,attr_decking_material,data/processed/train/attr_decking_material_train.csv,data/features/dinov3_vitb16_attr_decking_material_assets.csv,classification,dinov3_frozen_embeddings_logistic_regression_tuned,logistic_regression_tuned,GroupKFold,2,5,86151,Timber,Timber,True,0.1,balanced,0.4514453147477006
attr_decking_material,attr_decking_material,data/processed/train/attr_decking_material_train.csv,data/features/dinov3_vitb16_attr_decking_material_assets.csv,classification,dinov3_frozen_embeddings_logistic_regression_tuned,logistic_regression_tuned,GroupKFold,2,5,86169,Timber,Timber,True,0.1,balanced,0.4514453147477006
attr_decking_material,attr_decking_material,data/processed/train/attr_decking_material_train.csv,data/features/dinov3_vitb16_attr_decking_material_assets.csv,classification,dinov3_frozen_embeddings_logistic_regression_tuned,logistic_regression_tuned,GroupKFold,2,5,86178,Timber,Timber,True,0.1,balanced,0.4514453147477006
attr_decking_material,attr_decking_material,data/processed/train/attr_decking_material_train.csv,data/features/dinov3_vitb16_attr_decking_material_assets.csv,classification,dinov3_frozen_embeddings_logistic_regression_tuned,logistic_regression_tuned,GroupKFold,2,5,86183,Timber,Timber,True,0.1,balanced,0.4514453147477006
attr_decking_material,attr_decking_material,data/processed/train/attr_decking_material_train.csv,data/features/dinov3_vitb16_attr_decking_material_assets.csv,classification,dinov3_frozen_embeddings_logistic_regression_tuned,logistic_regression_tuned,GroupKFold,2,5,86188,Timber,Timber,True,0.1,balanced,0.4514453147477006
attr_decking_material,attr_decking_material,data/processed/train/attr_decking_material_train.csv,data/features/dinov3_vitb16_attr_decking_material_assets.csv,classification,dinov3_frozen_embeddings_logistic_regression_tuned,logistic_regression_tuned,GroupKFold,2,5,86186,Timber,Timber,True,0.1,balanced,0.4514453147477006
attr_decking_material,attr_decking_material,data/processed/train/attr_decking_material_train.csv,data/features/dinov3_vitb16_attr_decking_material_assets.csv,classification,dinov3_frozen_embeddings_logistic_regression_tuned,logistic_regression_tuned,GroupKFold,2,5,86192,Timber,Timber,True,0.1,balanced,0.4514453147477006
attr_decking_material,attr_decking_material,data/processed/train/attr_decking_material_train.csv,data/features/dinov3_vitb16_attr_decking_material_assets.csv,classification,dinov3_frozen_embeddings_logistic_regression_tuned,logistic_regression_tuned,GroupKFold,2,5,86211,Timber,Timber,True,0.1,balanced,0.4514453147477006
attr_decking_material,attr_decking_material,data/processed/train/attr_decking_material_train.csv,data/features/dinov3_vitb16_attr_decking_material_assets.csv,classification,dinov3_frozen_embeddings_logistic_regression_tuned,logistic_regression_tuned,GroupKFold,2,5,86214,Timber,Timber,True,0.1,balanced,0.4514453147477006
attr_decking_material,attr_decking_material,data/processed/train/attr_decking_material_train.csv,data/features/dinov3_vitb16_attr_decking_material_assets.csv,classification,dinov3_frozen_embeddings_logistic_regression_tuned,logistic_regression_tuned,GroupKFold,2,5,86215,Timber,Timber,True,0.1,balanced,0.4514453147477006
attr_decking_material,attr_decking_material,data/processed/train/attr_decking_material_train.csv,data/features/dinov3_vitb16_attr_decking_material_assets.csv,classification,dinov3_frozen_embeddings_logistic_regression_tuned,logistic_regression_tuned,GroupKFold,2,5,86217,Timber,Timber,True,0.1,balanced,0.4514453147477006
attr_decking_material,attr_decking_material,data/processed/train/attr_decking_material_train.csv,data/features/dinov3_vitb16_attr_decking_material_assets.csv,classification,dinov3_frozen_embeddings_logistic_regression_tuned,logistic_regression_tuned,GroupKFold,2,5,86224,Timber,Timber,True,0.1,balanced,0.4514453147477006
attr_decking_material,attr_decking_material,data/processed/train/attr_decking_material_train.csv,data/features/dinov3_vitb16_attr_decking_material_assets.csv,classification,dinov3_frozen_embeddings_logistic_regression_tuned,logistic_regression_tuned,GroupKFold,2,5,86229,Timber,Timber,True,0.1,balanced,0.4514453147477006
attr_decking_material,attr_decking_material,data/processed/train/attr_decking_material_train.csv,data/features/dinov3_vitb16_attr_decking_material_assets.csv,classification,dinov3_frozen_embeddings_logistic_regression_tuned,logistic_regression_tuned,GroupKFold,2,5,86241,Timber,Timber,True,0.1,balanced,0.4514453147477006
attr_decking_material,attr_decking_material,data/processed/train/attr_decking_material_train.csv,data/features/dinov3_vitb16_attr_decking_material_assets.csv,classification,dinov3_frozen_embeddings_logistic_regression_tuned,logistic_regression_tuned,GroupKFold,2,5,86258,Timber,Timber,True,0.1,balanced,0.4514453147477006
attr_decking_material,attr_decking_material,data/processed/train/attr_decking_material_train.csv,data/features/dinov3_vitb16_attr_decking_material_assets.csv,classification,dinov3_frozen_embeddings_logistic_regression_tuned,logistic_regression_tuned,GroupKFold,2,5,87523,Timber,Timber,True,0.1,balanced,0.4514453147477006
attr_decking_material,attr_decking_material,data/processed/train/attr_decking_material_train.csv,data/features/dinov3_vitb16_attr_decking_material_assets.csv,classification,dinov3_frozen_embeddings_logistic_regression_tuned,logistic_regression_tuned,GroupKFold,2,5,87537,Timber,Timber,True,0.1,balanced,0.4514453147477006
attr_decking_material,attr_decking_material,data/processed/train/attr_decking_material_train.csv,data/features/dinov3_vitb16_attr_decking_material_assets.csv,classification,dinov3_frozen_embeddings_logistic_regression_tuned,logistic_regression_tuned,GroupKFold,2,5,89579,Timber,Timber,True,0.1,balanced,0.4514453147477006
attr_decking_material,attr_decking_material,data/processed/train/attr_decking_material_train.csv,data/features/dinov3_vitb16_attr_decking_material_assets.csv,classification,dinov3_frozen_embeddings_logistic_regression_tuned,logistic_regression_tuned,GroupKFold,2,5,89600,Timber,Timber,True,0.1,balanced,0.4514453147477006
attr_decking_material,attr_decking_material,data/processed/train/attr_decking_material_train.csv,data/features/dinov3_vitb16_attr_decking_material_assets.csv,classification,dinov3_frozen_embeddings_logistic_regression_tuned,logistic_regression_tuned,GroupKFold,2,5,89712,Timber,Timber,True,0.1,balanced,0.4514453147477006
attr_decking_material,attr_decking_material,data/processed/train/attr_decking_material_train.csv,data/features/dinov3_vitb16_attr_decking_material_assets.csv,classification,dinov3_frozen_embeddings_logistic_regression_tuned,logistic_regression_tuned,GroupKFold,2,5,89765,Timber,Timber,True,0.1,balanced,0.4514453147477006
attr_decking_material,attr_decking_material,data/processed/train/attr_decking_material_train.csv,data/features/dinov3_vitb16_attr_decking_material_assets.csv,classification,dinov3_frozen_embeddings_logistic_regression_tuned,logistic_regression_tuned,GroupKFold,2,5,90322,Timber,Timber,True,0.1,balanced,0.4514453147477006
attr_decking_material,attr_decking_material,data/processed/train/attr_decking_material_train.csv,data/features/dinov3_vitb16_attr_decking_material_assets.csv,classification,dinov3_frozen_embeddings_logistic_regression_tuned,logistic_regression_tuned,GroupKFold,2,5,90325,Timber,Timber,True,0.1,balanced,0.4514453147477006
attr_decking_material,attr_decking_material,data/processed/train/attr_decking_material_train.csv,data/features/dinov3_vitb16_attr_decking_material_assets.csv,classification,dinov3_frozen_embeddings_logistic_regression_tuned,logistic_regression_tuned,GroupKFold,2,5,90328,Timber,Timber,True,0.1,balanced,0.4514453147477006
attr_decking_material,attr_decking_material,data/processed/train/attr_decking_material_train.csv,data/features/dinov3_vitb16_attr_decking_material_assets.csv,classification,dinov3_frozen_embeddings_logistic_regression_tuned,logistic_regression_tuned,GroupKFold,2,5,90332,Timber,Timber,True,0.1,balanced,0.4514453147477006
attr_decking_material,attr_decking_material,data/processed/train/attr_decking_material_train.csv,data/features/dinov3_vitb16_attr_decking_material_assets.csv,classification,dinov3_frozen_embeddings_logistic_regression_tuned,logistic_regression_tuned,GroupKFold,2,5,90334,Timber,Timber,True,0.1,balanced,0.4514453147477006
attr_decking_material,attr_decking_material,data/processed/train/attr_decking_material_train.csv,data/features/dinov3_vitb16_attr_decking_material_assets.csv,classification,dinov3_frozen_embeddings_logistic_regression_tuned,logistic_regression_tuned,GroupKFold,2,5,90339,Timber,Timber,True,0.1,balanced,0.4514453147477006
attr_decking_material,attr_decking_material,data/processed/train/attr_decking_material_train.csv,data/features/dinov3_vitb16_attr_decking_material_assets.csv,classification,dinov3_frozen_embeddings_logistic_regression_tuned,logistic_regression_tuned,GroupKFold,2,5,90342,Timber,Timber,True,0.1,balanced,0.4514453147477006
attr_decking_material,attr_decking_material,data/processed/train/attr_decking_material_train.csv,data/features/dinov3_vitb16_attr_decking_material_assets.csv,classification,dinov3_frozen_embeddings_logistic_regression_tuned,logistic_regression_tuned,GroupKFold,2,5,90344,Timber,Timber,True,0.1,balanced,0.4514453147477006
attr_decking_material,attr_decking_material,data/processed/train/attr_decking_material_train.csv,data/features/dinov3_vitb16_attr_decking_material_assets.csv,classification,dinov3_frozen_embeddings_logistic_regression_tuned,logistic_regression_tuned,GroupKFold,2,5,90356,Timber,Timber,True,0.1,balanced,0.4514453147477006
attr_decking_material,attr_decking_material,data/processed/train/attr_decking_material_train.csv,data/features/dinov3_vitb16_attr_decking_material_assets.csv,classification,dinov3_frozen_embeddings_logistic_regression_tuned,logistic_regression_tuned,GroupKFold,2,5,90359,Timber,Timber,True,0.1,balanced,0.4514453147477006
attr_decking_material,attr_decking_material,data/processed/train/attr_decking_material_train.csv,data/features/dinov3_vitb16_attr_decking_material_assets.csv,classification,dinov3_frozen_embeddings_logistic_regression_tuned,logistic_regression_tuned,GroupKFold,2,5,90362,Timber,Timber,True,0.1,balanced,0.4514453147477006
attr_decking_material,attr_decking_material,data/processed/train/attr_decking_material_train.csv,data/features/dinov3_vitb16_attr_decking_material_assets.csv,classification,dinov3_frozen_embeddings_logistic_regression_tuned,logistic_regression_tuned,GroupKFold,2,5,90365,Timber,Timber,True,0.1,balanced,0.4514453147477006
attr_decking_material,attr_decking_material,data/processed/train/attr_decking_material_train.csv,data/features/dinov3_vitb16_attr_decking_material_assets.csv,classification,dinov3_frozen_embeddings_logistic_regression_tuned,logistic_regression_tuned,GroupKFold,2,5,90368,Timber,Timber,True,0.1,balanced,0.4514453147477006
attr_decking_material,attr_decking_material,data/processed/train/attr_decking_material_train.csv,data/features/dinov3_vitb16_attr_decking_material_assets.csv,classification,dinov3_frozen_embeddings_logistic_regression_tuned,logistic_regression_tuned,GroupKFold,2,5,90371,Timber,Timber,True,0.1,balanced,0.4514453147477006
attr_decking_material,attr_decking_material,data/processed/train/attr_decking_material_train.csv,data/features/dinov3_vitb16_attr_decking_material_assets.csv,classification,dinov3_frozen_embeddings_logistic_regression_tuned,logistic_regression_tuned,GroupKFold,2,5,90373,Timber,Timber,True,0.1,balanced,0.4514453147477006
attr_decking_material,attr_decking_material,data/processed/train/attr_decking_material_train.csv,data/features/dinov3_vitb16_attr_decking_material_assets.csv,classification,dinov3_frozen_embeddings_logistic_regression_tuned,logistic_regression_tuned,GroupKFold,2,5,90374,Timber,Timber,True,0.1,balanced,0.4514453147477006
attr_decking_material,attr_decking_material,data/processed/train/attr_decking_material_train.csv,data/features/dinov3_vitb16_attr_decking_material_assets.csv,classification,dinov3_frozen_embeddings_logistic_regression_tuned,logistic_regression_tuned,GroupKFold,2,5,90383,Timber,Timber,True,0.1,balanced,0.4514453147477006
attr_decking_material,attr_decking_material,data/processed/train/attr_decking_material_train.csv,data/features/dinov3_vitb16_attr_decking_material_assets.csv,classification,dinov3_frozen_embeddings_logistic_regression_tuned,logistic_regression_tuned,GroupKFold,2,5,90386,Timber,Timber,True,0.1,balanced,0.4514453147477006
attr_decking_material,attr_decking_material,data/processed/train/attr_decking_material_train.csv,data/features/dinov3_vitb16_attr_decking_material_assets.csv,classification,dinov3_frozen_embeddings_logistic_regression_tuned,logistic_regression_tuned,GroupKFold,2,5,90395,Timber,Timber,True,0.1,balanced,0.4514453147477006
attr_decking_material,attr_decking_material,data/processed/train/attr_decking_material_train.csv,data/features/dinov3_vitb16_attr_decking_material_assets.csv,classification,dinov3_frozen_embeddings_logistic_regression_tuned,logistic_regression_tuned,GroupKFold,2,5,90399,Timber,Timber,True,0.1,balanced,0.4514453147477006
attr_decking_material,attr_decking_material,data/processed/train/attr_decking_material_train.csv,data/features/dinov3_vitb16_attr_decking_material_assets.csv,classification,dinov3_frozen_embeddings_logistic_regression_tuned,logistic_regression_tuned,GroupKFold,2,5,91715,Timber,Timber,True,0.1,balanced,0.4514453147477006
attr_decking_material,attr_decking_material,data/processed/train/attr_decking_material_train.csv,data/features/dinov3_vitb16_attr_decking_material_assets.csv,classification,dinov3_frozen_embeddings_logistic_regression_tuned,logistic_regression_tuned,GroupKFold,2,5,91716,Timber,Timber,True,0.1,balanced,0.4514453147477006
attr_decking_material,attr_decking_material,data/processed/train/attr_decking_material_train.csv,data/features/dinov3_vitb16_attr_decking_material_assets.csv,classification,dinov3_frozen_embeddings_logistic_regression_tuned,logistic_regression_tuned,GroupKFold,2,5,92016,Timber,Timber,True,0.1,balanced,0.4514453147477006
attr_decking_material,attr_decking_material,data/processed/train/attr_decking_material_train.csv,data/features/dinov3_vitb16_attr_decking_material_assets.csv,classification,dinov3_frozen_embeddings_logistic_regression_tuned,logistic_regression_tuned,GroupKFold,2,5,92028,Timber,Timber,True,0.1,balanced,0.4514453147477006
attr_decking_material,attr_decking_material,data/processed/train/attr_decking_material_train.csv,data/features/dinov3_vitb16_attr_decking_material_assets.csv,classification,dinov3_frozen_embeddings_logistic_regression_tuned,logistic_regression_tuned,GroupKFold,2,5,92041,Timber,Timber,True,0.1,balanced,0.4514453147477006
attr_decking_material,attr_decking_material,data/processed/train/attr_decking_material_train.csv,data/features/dinov3_vitb16_attr_decking_material_assets.csv,classification,dinov3_frozen_embeddings_logistic_regression_tuned,logistic_regression_tuned,GroupKFold,2,5,92044,Timber,Timber,True,0.1,balanced,0.4514453147477006
attr_decking_material,attr_decking_material,data/processed/train/attr_decking_material_train.csv,data/features/dinov3_vitb16_attr_decking_material_assets.csv,classification,dinov3_frozen_embeddings_logistic_regression_tuned,logistic_regression_tuned,GroupKFold,2,5,93030,Timber,Timber,True,0.1,balanced,0.4514453147477006
attr_decking_material,attr_decking_material,data/processed/train/attr_decking_material_train.csv,data/features/dinov3_vitb16_attr_decking_material_assets.csv,classification,dinov3_frozen_embeddings_logistic_regression_tuned,logistic_regression_tuned,GroupKFold,2,5,93032,Timber,Timber,True,0.1,balanced,0.4514453147477006
attr_decking_material,attr_decking_material,data/processed/train/attr_decking_material_train.csv,data/features/dinov3_vitb16_attr_decking_material_assets.csv,classification,dinov3_frozen_embeddings_logistic_regression_tuned,logistic_regression_tuned,GroupKFold,2,5,93034,Timber,Timber,True,0.1,balanced,0.4514453147477006
attr_decking_material,attr_decking_material,data/processed/train/attr_decking_material_train.csv,data/features/dinov3_vitb16_attr_decking_material_assets.csv,classification,dinov3_frozen_embeddings_logistic_regression_tuned,logistic_regression_tuned,GroupKFold,2,5,93042,Timber,Timber,True,0.1,balanced,0.4514453147477006
attr_decking_material,attr_decking_material,data/processed/train/attr_decking_material_train.csv,data/features/dinov3_vitb16_attr_decking_material_assets.csv,classification,dinov3_frozen_embeddings_logistic_regression_tuned,logistic_regression_tuned,GroupKFold,2,5,93372,Timber,Timber,True,0.1,balanced,0.4514453147477006
attr_decking_material,attr_decking_material,data/processed/train/attr_decking_material_train.csv,data/features/dinov3_vitb16_attr_decking_material_assets.csv,classification,dinov3_frozen_embeddings_logistic_regression_tuned,logistic_regression_tuned,GroupKFold,2,5,94268,Timber,Timber,True,0.1,balanced,0.4514453147477006
attr_decking_material,attr_decking_material,data/processed/train/attr_decking_material_train.csv,data/features/dinov3_vitb16_attr_decking_material_assets.csv,classification,dinov3_frozen_embeddings_logistic_regression_tuned,logistic_regression_tuned,GroupKFold,2,5,94271,Timber,Timber,True,0.1,balanced,0.4514453147477006
attr_decking_material,attr_decking_material,data/processed/train/attr_decking_material_train.csv,data/features/dinov3_vitb16_attr_decking_material_assets.csv,classification,dinov3_frozen_embeddings_logistic_regression_tuned,logistic_regression_tuned,GroupKFold,2,5,94280,Timber,Timber,True,0.1,balanced,0.4514453147477006
attr_decking_material,attr_decking_material,data/processed/train/attr_decking_material_train.csv,data/features/dinov3_vitb16_attr_decking_material_assets.csv,classification,dinov3_frozen_embeddings_logistic_regression_tuned,logistic_regression_tuned,GroupKFold,2,5,94283,Timber,Timber,True,0.1,balanced,0.4514453147477006
attr_decking_material,attr_decking_material,data/processed/train/attr_decking_material_train.csv,data/features/dinov3_vitb16_attr_decking_material_assets.csv,classification,dinov3_frozen_embeddings_logistic_regression_tuned,logistic_regression_tuned,GroupKFold,2,5,94291,Timber,Timber,True,0.1,balanced,0.4514453147477006
attr_decking_material,attr_decking_material,data/processed/train/attr_decking_material_train.csv,data/features/dinov3_vitb16_attr_decking_material_assets.csv,classification,dinov3_frozen_embeddings_logistic_regression_tuned,logistic_regression_tuned,GroupKFold,2,5,94317,Timber,Timber,True,0.1,balanced,0.4514453147477006
attr_decking_material,attr_decking_material,data/processed/train/attr_decking_material_train.csv,data/features/dinov3_vitb16_attr_decking_material_assets.csv,classification,dinov3_frozen_embeddings_logistic_regression_tuned,logistic_regression_tuned,GroupKFold,2,5,94319,Timber,Timber,True,0.1,balanced,0.4514453147477006
attr_decking_material,attr_decking_material,data/processed/train/attr_decking_material_train.csv,data/features/dinov3_vitb16_attr_decking_material_assets.csv,classification,dinov3_frozen_embeddings_logistic_regression_tuned,logistic_regression_tuned,GroupKFold,2,5,94320,Timber,Timber,True,0.1,balanced,0.4514453147477006
attr_decking_material,attr_decking_material,data/processed/train/attr_decking_material_train.csv,data/features/dinov3_vitb16_attr_decking_material_assets.csv,classification,dinov3_frozen_embeddings_logistic_regression_tuned,logistic_regression_tuned,GroupKFold,2,5,94322,Timber,Timber,True,0.1,balanced,0.4514453147477006
attr_decking_material,attr_decking_material,data/processed/train/attr_decking_material_train.csv,data/features/dinov3_vitb16_attr_decking_material_assets.csv,classification,dinov3_frozen_embeddings_logistic_regression_tuned,logistic_regression_tuned,GroupKFold,2,5,94327,Timber,Timber,True,0.1,balanced,0.4514453147477006
attr_decking_material,attr_decking_material,data/processed/train/attr_decking_material_train.csv,data/features/dinov3_vitb16_attr_decking_material_assets.csv,classification,dinov3_frozen_embeddings_logistic_regression_tuned,logistic_regression_tuned,GroupKFold,2,5,94347,Timber,Timber,True,0.1,balanced,0.4514453147477006
attr_decking_material,attr_decking_material,data/processed/train/attr_decking_material_train.csv,data/features/dinov3_vitb16_attr_decking_material_assets.csv,classification,dinov3_frozen_embeddings_logistic_regression_tuned,logistic_regression_tuned,GroupKFold,2,5,94354,Timber,Timber,True,0.1,balanced,0.4514453147477006
attr_decking_material,attr_decking_material,data/processed/train/attr_decking_material_train.csv,data/features/dinov3_vitb16_attr_decking_material_assets.csv,classification,dinov3_frozen_embeddings_logistic_regression_tuned,logistic_regression_tuned,GroupKFold,2,5,94368,Timber,Timber,True,0.1,balanced,0.4514453147477006
attr_decking_material,attr_decking_material,data/processed/train/attr_decking_material_train.csv,data/features/dinov3_vitb16_attr_decking_material_assets.csv,classification,dinov3_frozen_embeddings_logistic_regression_tuned,logistic_regression_tuned,GroupKFold,2,5,94393,Timber,Timber,True,0.1,balanced,0.4514453147477006
attr_decking_material,attr_decking_material,data/processed/train/attr_decking_material_train.csv,data/features/dinov3_vitb16_attr_decking_material_assets.csv,classification,dinov3_frozen_embeddings_logistic_regression_tuned,logistic_regression_tuned,GroupKFold,2,5,94409,Timber,Timber,True,0.1,balanced,0.4514453147477006
attr_decking_material,attr_decking_material,data/processed/train/attr_decking_material_train.csv,data/features/dinov3_vitb16_attr_decking_material_assets.csv,classification,dinov3_frozen_embeddings_logistic_regression_tuned,logistic_regression_tuned,GroupKFold,2,5,94410,Timber,Timber,True,0.1,balanced,0.4514453147477006
attr_decking_material,attr_decking_material,data/processed/train/attr_decking_material_train.csv,data/features/dinov3_vitb16_attr_decking_material_assets.csv,classification,dinov3_frozen_embeddings_logistic_regression_tuned,logistic_regression_tuned,GroupKFold,2,5,100549,Timber,Timber,True,0.1,balanced,0.4514453147477006
attr_decking_material,attr_decking_material,data/processed/train/attr_decking_material_train.csv,data/features/dinov3_vitb16_attr_decking_material_assets.csv,classification,dinov3_frozen_embeddings_logistic_regression_tuned,logistic_regression_tuned,GroupKFold,2,5,102362,Timber,Timber,True,0.1,balanced,0.4514453147477006
attr_decking_material,attr_decking_material,data/processed/train/attr_decking_material_train.csv,data/features/dinov3_vitb16_attr_decking_material_assets.csv,classification,dinov3_frozen_embeddings_logistic_regression_tuned,logistic_regression_tuned,GroupKFold,2,5,102364,Timber,Timber,True,0.1,balanced,0.4514453147477006
attr_decking_material,attr_decking_material,data/processed/train/attr_decking_material_train.csv,data/features/dinov3_vitb16_attr_decking_material_assets.csv,classification,dinov3_frozen_embeddings_logistic_regression_tuned,logistic_regression_tuned,GroupKFold,2,5,102415,Timber,Steel,False,0.1,balanced,0.4514453147477006
attr_decking_material,attr_decking_material,data/processed/train/attr_decking_material_train.csv,data/features/dinov3_vitb16_attr_decking_material_assets.csv,classification,dinov3_frozen_embeddings_logistic_regression_tuned,logistic_regression_tuned,GroupKFold,2,5,102424,Timber,Timber,True,0.1,balanced,0.4514453147477006
attr_decking_material,attr_decking_material,data/processed/train/attr_decking_material_train.csv,data/features/dinov3_vitb16_attr_decking_material_assets.csv,classification,dinov3_frozen_embeddings_logistic_regression_tuned,logistic_regression_tuned,GroupKFold,2,5,102560,Timber,Timber,True,0.1,balanced,0.4514453147477006
attr_decking_material,attr_decking_material,data/processed/train/attr_decking_material_train.csv,data/features/dinov3_vitb16_attr_decking_material_assets.csv,classification,dinov3_frozen_embeddings_logistic_regression_tuned,logistic_regression_tuned,GroupKFold,2,5,102978,Timber,Timber,True,0.1,balanced,0.4514453147477006
attr_decking_material,attr_decking_material,data/processed/train/attr_decking_material_train.csv,data/features/dinov3_vitb16_attr_decking_material_assets.csv,classification,dinov3_frozen_embeddings_logistic_regression_tuned,logistic_regression_tuned,GroupKFold,2,5,102979,Timber,Timber,True,0.1,balanced,0.4514453147477006
attr_decking_material,attr_decking_material,data/processed/train/attr_decking_material_train.csv,data/features/dinov3_vitb16_attr_decking_material_assets.csv,classification,dinov3_frozen_embeddings_logistic_regression_tuned,logistic_regression_tuned,GroupKFold,2,5,103622,Timber,Timber,True,0.1,balanced,0.4514453147477006
attr_decking_material,attr_decking_material,data/processed/train/attr_decking_material_train.csv,data/features/dinov3_vitb16_attr_decking_material_assets.csv,classification,dinov3_frozen_embeddings_logistic_regression_tuned,logistic_regression_tuned,GroupKFold,2,5,103750,Timber,Timber,True,0.1,balanced,0.4514453147477006
attr_decking_material,attr_decking_material,data/processed/train/attr_decking_material_train.csv,data/features/dinov3_vitb16_attr_decking_material_assets.csv,classification,dinov3_frozen_embeddings_logistic_regression_tuned,logistic_regression_tuned,GroupKFold,2,5,105246,Timber,Steel,False,0.1,balanced,0.4514453147477006
attr_decking_material,attr_decking_material,data/processed/train/attr_decking_material_train.csv,data/features/dinov3_vitb16_attr_decking_material_assets.csv,classification,dinov3_frozen_embeddings_logistic_regression_tuned,logistic_regression_tuned,GroupKFold,2,5,107327,Timber,Timber,True,0.1,balanced,0.4514453147477006
attr_decking_material,attr_decking_material,data/processed/train/attr_decking_material_train.csv,data/features/dinov3_vitb16_attr_decking_material_assets.csv,classification,dinov3_frozen_embeddings_logistic_regression_tuned,logistic_regression_tuned,GroupKFold,2,5,107335,Timber,Timber,True,0.1,balanced,0.4514453147477006
attr_decking_material,attr_decking_material,data/processed/train/attr_decking_material_train.csv,data/features/dinov3_vitb16_attr_decking_material_assets.csv,classification,dinov3_frozen_embeddings_logistic_regression_tuned,logistic_regression_tuned,GroupKFold,2,5,107346,Timber,Timber,True,0.1,balanced,0.4514453147477006
attr_decking_material,attr_decking_material,data/processed/train/attr_decking_material_train.csv,data/features/dinov3_vitb16_attr_decking_material_assets.csv,classification,dinov3_frozen_embeddings_logistic_regression_tuned,logistic_regression_tuned,GroupKFold,2,5,107357,Timber,Timber,True,0.1,balanced,0.4514453147477006
attr_decking_material,attr_decking_material,data/processed/train/attr_decking_material_train.csv,data/features/dinov3_vitb16_attr_decking_material_assets.csv,classification,dinov3_frozen_embeddings_logistic_regression_tuned,logistic_regression_tuned,GroupKFold,2,5,107883,Timber,Timber,True,0.1,balanced,0.4514453147477006
attr_decking_material,attr_decking_material,data/processed/train/attr_decking_material_train.csv,data/features/dinov3_vitb16_attr_decking_material_assets.csv,classification,dinov3_frozen_embeddings_logistic_regression_tuned,logistic_regression_tuned,GroupKFold,2,5,107909,Timber,Timber,True,0.1,balanced,0.4514453147477006
attr_decking_material,attr_decking_material,data/processed/train/attr_decking_material_train.csv,data/features/dinov3_vitb16_attr_decking_material_assets.csv,classification,dinov3_frozen_embeddings_logistic_regression_tuned,logistic_regression_tuned,GroupKFold,2,5,107991,Timber,Timber,True,0.1,balanced,0.4514453147477006
attr_decking_material,attr_decking_material,data/processed/train/attr_decking_material_train.csv,data/features/dinov3_vitb16_attr_decking_material_assets.csv,classification,dinov3_frozen_embeddings_logistic_regression_tuned,logistic_regression_tuned,GroupKFold,2,5,108022,Timber,Timber,True,0.1,balanced,0.4514453147477006
attr_decking_material,attr_decking_material,data/processed/train/attr_decking_material_train.csv,data/features/dinov3_vitb16_attr_decking_material_assets.csv,classification,dinov3_frozen_embeddings_logistic_regression_tuned,logistic_regression_tuned,GroupKFold,2,5,108029,Timber,Timber,True,0.1,balanced,0.4514453147477006
attr_decking_material,attr_decking_material,data/processed/train/attr_decking_material_train.csv,data/features/dinov3_vitb16_attr_decking_material_assets.csv,classification,dinov3_frozen_embeddings_logistic_regression_tuned,logistic_regression_tuned,GroupKFold,2,5,108292,Timber,Timber,True,0.1,balanced,0.4514453147477006
attr_decking_material,attr_decking_material,data/processed/train/attr_decking_material_train.csv,data/features/dinov3_vitb16_attr_decking_material_assets.csv,classification,dinov3_frozen_embeddings_logistic_regression_tuned,logistic_regression_tuned,GroupKFold,2,5,108303,Timber,Timber,True,0.1,balanced,0.4514453147477006
attr_decking_material,attr_decking_material,data/processed/train/attr_decking_material_train.csv,data/features/dinov3_vitb16_attr_decking_material_assets.csv,classification,dinov3_frozen_embeddings_logistic_regression_tuned,logistic_regression_tuned,GroupKFold,2,5,108327,Timber,Timber,True,0.1,balanced,0.4514453147477006
attr_decking_material,attr_decking_material,data/processed/train/attr_decking_material_train.csv,data/features/dinov3_vitb16_attr_decking_material_assets.csv,classification,dinov3_frozen_embeddings_logistic_regression_tuned,logistic_regression_tuned,GroupKFold,2,5,108345,Timber,Timber,True,0.1,balanced,0.4514453147477006
attr_decking_material,attr_decking_material,data/processed/train/attr_decking_material_train.csv,data/features/dinov3_vitb16_attr_decking_material_assets.csv,classification,dinov3_frozen_embeddings_logistic_regression_tuned,logistic_regression_tuned,GroupKFold,2,5,108349,Timber,Timber,True,0.1,balanced,0.4514453147477006
attr_decking_material,attr_decking_material,data/processed/train/attr_decking_material_train.csv,data/features/dinov3_vitb16_attr_decking_material_assets.csv,classification,dinov3_frozen_embeddings_logistic_regression_tuned,logistic_regression_tuned,GroupKFold,2,5,108735,Timber,Timber,True,0.1,balanced,0.4514453147477006
attr_decking_material,attr_decking_material,data/processed/train/attr_decking_material_train.csv,data/features/dinov3_vitb16_attr_decking_material_assets.csv,classification,dinov3_frozen_embeddings_logistic_regression_tuned,logistic_regression_tuned,GroupKFold,2,5,108788,Timber,Timber,True,0.1,balanced,0.4514453147477006
attr_decking_material,attr_decking_material,data/processed/train/attr_decking_material_train.csv,data/features/dinov3_vitb16_attr_decking_material_assets.csv,classification,dinov3_frozen_embeddings_logistic_regression_tuned,logistic_regression_tuned,GroupKFold,2,5,108793,Timber,Timber,True,0.1,balanced,0.4514453147477006
attr_decking_material,attr_decking_material,data/processed/train/attr_decking_material_train.csv,data/features/dinov3_vitb16_attr_decking_material_assets.csv,classification,dinov3_frozen_embeddings_logistic_regression_tuned,logistic_regression_tuned,GroupKFold,2,5,109329,Timber,Timber,True,0.1,balanced,0.4514453147477006
attr_decking_material,attr_decking_material,data/processed/train/attr_decking_material_train.csv,data/features/dinov3_vitb16_attr_decking_material_assets.csv,classification,dinov3_frozen_embeddings_logistic_regression_tuned,logistic_regression_tuned,GroupKFold,2,5,109413,Timber,Timber,True,0.1,balanced,0.4514453147477006
attr_decking_material,attr_decking_material,data/processed/train/attr_decking_material_train.csv,data/features/dinov3_vitb16_attr_decking_material_assets.csv,classification,dinov3_frozen_embeddings_logistic_regression_tuned,logistic_regression_tuned,GroupKFold,2,5,109555,Timber,Timber,True,0.1,balanced,0.4514453147477006
attr_decking_material,attr_decking_material,data/processed/train/attr_decking_material_train.csv,data/features/dinov3_vitb16_attr_decking_material_assets.csv,classification,dinov3_frozen_embeddings_logistic_regression_tuned,logistic_regression_tuned,GroupKFold,2,5,109595,Timber,Timber,True,0.1,balanced,0.4514453147477006
attr_decking_material,attr_decking_material,data/processed/train/attr_decking_material_train.csv,data/features/dinov3_vitb16_attr_decking_material_assets.csv,classification,dinov3_frozen_embeddings_logistic_regression_tuned,logistic_regression_tuned,GroupKFold,2,5,109822,Timber,Timber,True,0.1,balanced,0.4514453147477006
attr_decking_material,attr_decking_material,data/processed/train/attr_decking_material_train.csv,data/features/dinov3_vitb16_attr_decking_material_assets.csv,classification,dinov3_frozen_embeddings_logistic_regression_tuned,logistic_regression_tuned,GroupKFold,2,5,110794,Timber,Timber,True,0.1,balanced,0.4514453147477006
attr_decking_material,attr_decking_material,data/processed/train/attr_decking_material_train.csv,data/features/dinov3_vitb16_attr_decking_material_assets.csv,classification,dinov3_frozen_embeddings_logistic_regression_tuned,logistic_regression_tuned,GroupKFold,2,5,110955,Timber,Timber,True,0.1,balanced,0.4514453147477006
attr_decking_material,attr_decking_material,data/processed/train/attr_decking_material_train.csv,data/features/dinov3_vitb16_attr_decking_material_assets.csv,classification,dinov3_frozen_embeddings_logistic_regression_tuned,logistic_regression_tuned,GroupKFold,2,5,110962,Timber,Timber,True,0.1,balanced,0.4514453147477006
attr_decking_material,attr_decking_material,data/processed/train/attr_decking_material_train.csv,data/features/dinov3_vitb16_attr_decking_material_assets.csv,classification,dinov3_frozen_embeddings_logistic_regression_tuned,logistic_regression_tuned,GroupKFold,2,5,110968,Timber,Timber,True,0.1,balanced,0.4514453147477006
attr_decking_material,attr_decking_material,data/processed/train/attr_decking_material_train.csv,data/features/dinov3_vitb16_attr_decking_material_assets.csv,classification,dinov3_frozen_embeddings_logistic_regression_tuned,logistic_regression_tuned,GroupKFold,2,5,111666,Timber,Timber,True,0.1,balanced,0.4514453147477006
attr_decking_material,attr_decking_material,data/processed/train/attr_decking_material_train.csv,data/features/dinov3_vitb16_attr_decking_material_assets.csv,classification,dinov3_frozen_embeddings_logistic_regression_tuned,logistic_regression_tuned,GroupKFold,2,5,111683,Timber,Timber,True,0.1,balanced,0.4514453147477006
attr_decking_material,attr_decking_material,data/processed/train/attr_decking_material_train.csv,data/features/dinov3_vitb16_attr_decking_material_assets.csv,classification,dinov3_frozen_embeddings_logistic_regression_tuned,logistic_regression_tuned,GroupKFold,2,5,111779,Timber,Timber,True,0.1,balanced,0.4514453147477006
attr_decking_material,attr_decking_material,data/processed/train/attr_decking_material_train.csv,data/features/dinov3_vitb16_attr_decking_material_assets.csv,classification,dinov3_frozen_embeddings_logistic_regression_tuned,logistic_regression_tuned,GroupKFold,2,5,111791,Timber,Timber,True,0.1,balanced,0.4514453147477006
attr_decking_material,attr_decking_material,data/processed/train/attr_decking_material_train.csv,data/features/dinov3_vitb16_attr_decking_material_assets.csv,classification,dinov3_frozen_embeddings_logistic_regression_tuned,logistic_regression_tuned,GroupKFold,2,5,111804,Timber,Timber,True,0.1,balanced,0.4514453147477006
attr_decking_material,attr_decking_material,data/processed/train/attr_decking_material_train.csv,data/features/dinov3_vitb16_attr_decking_material_assets.csv,classification,dinov3_frozen_embeddings_logistic_regression_tuned,logistic_regression_tuned,GroupKFold,2,5,111817,Timber,Timber,True,0.1,balanced,0.4514453147477006
attr_decking_material,attr_decking_material,data/processed/train/attr_decking_material_train.csv,data/features/dinov3_vitb16_attr_decking_material_assets.csv,classification,dinov3_frozen_embeddings_logistic_regression_tuned,logistic_regression_tuned,GroupKFold,2,5,111824,Timber,Timber,True,0.1,balanced,0.4514453147477006
attr_decking_material,attr_decking_material,data/processed/train/attr_decking_material_train.csv,data/features/dinov3_vitb16_attr_decking_material_assets.csv,classification,dinov3_frozen_embeddings_logistic_regression_tuned,logistic_regression_tuned,GroupKFold,2,5,111825,Timber,Timber,True,0.1,balanced,0.4514453147477006
attr_decking_material,attr_decking_material,data/processed/train/attr_decking_material_train.csv,data/features/dinov3_vitb16_attr_decking_material_assets.csv,classification,dinov3_frozen_embeddings_logistic_regression_tuned,logistic_regression_tuned,GroupKFold,2,5,112035,Timber,Timber,True,0.1,balanced,0.4514453147477006
attr_decking_material,attr_decking_material,data/processed/train/attr_decking_material_train.csv,data/features/dinov3_vitb16_attr_decking_material_assets.csv,classification,dinov3_frozen_embeddings_logistic_regression_tuned,logistic_regression_tuned,GroupKFold,2,5,113156,Timber,Timber,True,0.1,balanced,0.4514453147477006
attr_decking_material,attr_decking_material,data/processed/train/attr_decking_material_train.csv,data/features/dinov3_vitb16_attr_decking_material_assets.csv,classification,dinov3_frozen_embeddings_logistic_regression_tuned,logistic_regression_tuned,GroupKFold,2,5,113173,Timber,Timber,True,0.1,balanced,0.4514453147477006
attr_decking_material,attr_decking_material,data/processed/train/attr_decking_material_train.csv,data/features/dinov3_vitb16_attr_decking_material_assets.csv,classification,dinov3_frozen_embeddings_logistic_regression_tuned,logistic_regression_tuned,GroupKFold,2,5,114289,Steel,Steel,True,0.1,balanced,0.4514453147477006
attr_decking_material,attr_decking_material,data/processed/train/attr_decking_material_train.csv,data/features/dinov3_vitb16_attr_decking_material_assets.csv,classification,dinov3_frozen_embeddings_logistic_regression_tuned,logistic_regression_tuned,GroupKFold,2,5,114579,Timber,Concrete,False,0.1,balanced,0.4514453147477006
attr_decking_material,attr_decking_material,data/processed/train/attr_decking_material_train.csv,data/features/dinov3_vitb16_attr_decking_material_assets.csv,classification,dinov3_frozen_embeddings_logistic_regression_tuned,logistic_regression_tuned,GroupKFold,2,5,114958,Timber,Timber,True,0.1,balanced,0.4514453147477006
attr_decking_material,attr_decking_material,data/processed/train/attr_decking_material_train.csv,data/features/dinov3_vitb16_attr_decking_material_assets.csv,classification,dinov3_frozen_embeddings_logistic_regression_tuned,logistic_regression_tuned,GroupKFold,2,5,114975,Timber,Timber,True,0.1,balanced,0.4514453147477006
attr_decking_material,attr_decking_material,data/processed/train/attr_decking_material_train.csv,data/features/dinov3_vitb16_attr_decking_material_assets.csv,classification,dinov3_frozen_embeddings_logistic_regression_tuned,logistic_regression_tuned,GroupKFold,2,5,115448,Timber,Timber,True,0.1,balanced,0.4514453147477006
attr_decking_material,attr_decking_material,data/processed/train/attr_decking_material_train.csv,data/features/dinov3_vitb16_attr_decking_material_assets.csv,classification,dinov3_frozen_embeddings_logistic_regression_tuned,logistic_regression_tuned,GroupKFold,2,5,116204,Timber,Timber,True,0.1,balanced,0.4514453147477006
attr_decking_material,attr_decking_material,data/processed/train/attr_decking_material_train.csv,data/features/dinov3_vitb16_attr_decking_material_assets.csv,classification,dinov3_frozen_embeddings_logistic_regression_tuned,logistic_regression_tuned,GroupKFold,2,5,116635,Timber,Timber,True,0.1,balanced,0.4514453147477006
attr_decking_material,attr_decking_material,data/processed/train/attr_decking_material_train.csv,data/features/dinov3_vitb16_attr_decking_material_assets.csv,classification,dinov3_frozen_embeddings_logistic_regression_tuned,logistic_regression_tuned,GroupKFold,2,5,116739,Timber,Timber,True,0.1,balanced,0.4514453147477006
attr_decking_material,attr_decking_material,data/processed/train/attr_decking_material_train.csv,data/features/dinov3_vitb16_attr_decking_material_assets.csv,classification,dinov3_frozen_embeddings_logistic_regression_tuned,logistic_regression_tuned,GroupKFold,2,5,117030,Timber,Timber,True,0.1,balanced,0.4514453147477006
attr_decking_material,attr_decking_material,data/processed/train/attr_decking_material_train.csv,data/features/dinov3_vitb16_attr_decking_material_assets.csv,classification,dinov3_frozen_embeddings_logistic_regression_tuned,logistic_regression_tuned,GroupKFold,2,5,117141,Timber,Timber,True,0.1,balanced,0.4514453147477006
attr_decking_material,attr_decking_material,data/processed/train/attr_decking_material_train.csv,data/features/dinov3_vitb16_attr_decking_material_assets.csv,classification,dinov3_frozen_embeddings_logistic_regression_tuned,logistic_regression_tuned,GroupKFold,2,5,117210,Timber,Timber,True,0.1,balanced,0.4514453147477006
attr_decking_material,attr_decking_material,data/processed/train/attr_decking_material_train.csv,data/features/dinov3_vitb16_attr_decking_material_assets.csv,classification,dinov3_frozen_embeddings_logistic_regression_tuned,logistic_regression_tuned,GroupKFold,2,5,117535,Timber,Timber,True,0.1,balanced,0.4514453147477006
attr_decking_material,attr_decking_material,data/processed/train/attr_decking_material_train.csv,data/features/dinov3_vitb16_attr_decking_material_assets.csv,classification,dinov3_frozen_embeddings_logistic_regression_tuned,logistic_regression_tuned,GroupKFold,2,5,117579,Timber,Timber,True,0.1,balanced,0.4514453147477006
attr_decking_material,attr_decking_material,data/processed/train/attr_decking_material_train.csv,data/features/dinov3_vitb16_attr_decking_material_assets.csv,classification,dinov3_frozen_embeddings_logistic_regression_tuned,logistic_regression_tuned,GroupKFold,2,5,117589,Timber,Timber,True,0.1,balanced,0.4514453147477006
attr_decking_material,attr_decking_material,data/processed/train/attr_decking_material_train.csv,data/features/dinov3_vitb16_attr_decking_material_assets.csv,classification,dinov3_frozen_embeddings_logistic_regression_tuned,logistic_regression_tuned,GroupKFold,2,5,117595,Timber,Timber,True,0.1,balanced,0.4514453147477006
attr_decking_material,attr_decking_material,data/processed/train/attr_decking_material_train.csv,data/features/dinov3_vitb16_attr_decking_material_assets.csv,classification,dinov3_frozen_embeddings_logistic_regression_tuned,logistic_regression_tuned,GroupKFold,2,5,117773,Timber,Timber,True,0.1,balanced,0.4514453147477006
attr_decking_material,attr_decking_material,data/processed/train/attr_decking_material_train.csv,data/features/dinov3_vitb16_attr_decking_material_assets.csv,classification,dinov3_frozen_embeddings_logistic_regression_tuned,logistic_regression_tuned,GroupKFold,2,5,120665,Steel,Timber,False,0.1,balanced,0.4514453147477006
attr_decking_material,attr_decking_material,data/processed/train/attr_decking_material_train.csv,data/features/dinov3_vitb16_attr_decking_material_assets.csv,classification,dinov3_frozen_embeddings_logistic_regression_tuned,logistic_regression_tuned,GroupKFold,2,5,120672,Steel,Steel,True,0.1,balanced,0.4514453147477006
attr_decking_material,attr_decking_material,data/processed/train/attr_decking_material_train.csv,data/features/dinov3_vitb16_attr_decking_material_assets.csv,classification,dinov3_frozen_embeddings_logistic_regression_tuned,logistic_regression_tuned,GroupKFold,2,5,120675,Steel,Steel,True,0.1,balanced,0.4514453147477006
attr_decking_material,attr_decking_material,data/processed/train/attr_decking_material_train.csv,data/features/dinov3_vitb16_attr_decking_material_assets.csv,classification,dinov3_frozen_embeddings_logistic_regression_tuned,logistic_regression_tuned,GroupKFold,2,5,120692,Steel,Steel,True,0.1,balanced,0.4514453147477006
attr_decking_material,attr_decking_material,data/processed/train/attr_decking_material_train.csv,data/features/dinov3_vitb16_attr_decking_material_assets.csv,classification,dinov3_frozen_embeddings_logistic_regression_tuned,logistic_regression_tuned,GroupKFold,2,5,121003,Timber,Timber,True,0.1,balanced,0.4514453147477006
attr_decking_material,attr_decking_material,data/processed/train/attr_decking_material_train.csv,data/features/dinov3_vitb16_attr_decking_material_assets.csv,classification,dinov3_frozen_embeddings_logistic_regression_tuned,logistic_regression_tuned,GroupKFold,2,5,121009,Timber,Timber,True,0.1,balanced,0.4514453147477006
attr_decking_material,attr_decking_material,data/processed/train/attr_decking_material_train.csv,data/features/dinov3_vitb16_attr_decking_material_assets.csv,classification,dinov3_frozen_embeddings_logistic_regression_tuned,logistic_regression_tuned,GroupKFold,2,5,121571,Timber,Timber,True,0.1,balanced,0.4514453147477006
attr_decking_material,attr_decking_material,data/processed/train/attr_decking_material_train.csv,data/features/dinov3_vitb16_attr_decking_material_assets.csv,classification,dinov3_frozen_embeddings_logistic_regression_tuned,logistic_regression_tuned,GroupKFold,2,5,121585,Timber,Timber,True,0.1,balanced,0.4514453147477006
attr_decking_material,attr_decking_material,data/processed/train/attr_decking_material_train.csv,data/features/dinov3_vitb16_attr_decking_material_assets.csv,classification,dinov3_frozen_embeddings_logistic_regression_tuned,logistic_regression_tuned,GroupKFold,2,5,121596,Timber,Timber,True,0.1,balanced,0.4514453147477006
attr_decking_material,attr_decking_material,data/processed/train/attr_decking_material_train.csv,data/features/dinov3_vitb16_attr_decking_material_assets.csv,classification,dinov3_frozen_embeddings_logistic_regression_tuned,logistic_regression_tuned,GroupKFold,2,5,121730,Steel,Timber,False,0.1,balanced,0.4514453147477006
attr_decking_material,attr_decking_material,data/processed/train/attr_decking_material_train.csv,data/features/dinov3_vitb16_attr_decking_material_assets.csv,classification,dinov3_frozen_embeddings_logistic_regression_tuned,logistic_regression_tuned,GroupKFold,2,5,121747,Steel,Steel,True,0.1,balanced,0.4514453147477006
attr_decking_material,attr_decking_material,data/processed/train/attr_decking_material_train.csv,data/features/dinov3_vitb16_attr_decking_material_assets.csv,classification,dinov3_frozen_embeddings_logistic_regression_tuned,logistic_regression_tuned,GroupKFold,2,5,121749,Steel,Steel,True,0.1,balanced,0.4514453147477006
attr_decking_material,attr_decking_material,data/processed/train/attr_decking_material_train.csv,data/features/dinov3_vitb16_attr_decking_material_assets.csv,classification,dinov3_frozen_embeddings_logistic_regression_tuned,logistic_regression_tuned,GroupKFold,2,5,121786,Timber,Timber,True,0.1,balanced,0.4514453147477006
attr_decking_material,attr_decking_material,data/processed/train/attr_decking_material_train.csv,data/features/dinov3_vitb16_attr_decking_material_assets.csv,classification,dinov3_frozen_embeddings_logistic_regression_tuned,logistic_regression_tuned,GroupKFold,2,5,121791,Timber,Timber,True,0.1,balanced,0.4514453147477006
attr_decking_material,attr_decking_material,data/processed/train/attr_decking_material_train.csv,data/features/dinov3_vitb16_attr_decking_material_assets.csv,classification,dinov3_frozen_embeddings_logistic_regression_tuned,logistic_regression_tuned,GroupKFold,2,5,122317,Timber,Steel,False,0.1,balanced,0.4514453147477006
attr_decking_material,attr_decking_material,data/processed/train/attr_decking_material_train.csv,data/features/dinov3_vitb16_attr_decking_material_assets.csv,classification,dinov3_frozen_embeddings_logistic_regression_tuned,logistic_regression_tuned,GroupKFold,2,5,122434,Timber,Timber,True,0.1,balanced,0.4514453147477006
attr_decking_material,attr_decking_material,data/processed/train/attr_decking_material_train.csv,data/features/dinov3_vitb16_attr_decking_material_assets.csv,classification,dinov3_frozen_embeddings_logistic_regression_tuned,logistic_regression_tuned,GroupKFold,2,5,123099,Timber,Timber,True,0.1,balanced,0.4514453147477006
attr_decking_material,attr_decking_material,data/processed/train/attr_decking_material_train.csv,data/features/dinov3_vitb16_attr_decking_material_assets.csv,classification,dinov3_frozen_embeddings_logistic_regression_tuned,logistic_regression_tuned,GroupKFold,2,5,123106,Timber,Timber,True,0.1,balanced,0.4514453147477006
attr_decking_material,attr_decking_material,data/processed/train/attr_decking_material_train.csv,data/features/dinov3_vitb16_attr_decking_material_assets.csv,classification,dinov3_frozen_embeddings_logistic_regression_tuned,logistic_regression_tuned,GroupKFold,2,5,123142,Timber,Timber,True,0.1,balanced,0.4514453147477006
attr_decking_material,attr_decking_material,data/processed/train/attr_decking_material_train.csv,data/features/dinov3_vitb16_attr_decking_material_assets.csv,classification,dinov3_frozen_embeddings_logistic_regression_tuned,logistic_regression_tuned,GroupKFold,2,5,123414,Timber,Timber,True,0.1,balanced,0.4514453147477006
attr_decking_material,attr_decking_material,data/processed/train/attr_decking_material_train.csv,data/features/dinov3_vitb16_attr_decking_material_assets.csv,classification,dinov3_frozen_embeddings_logistic_regression_tuned,logistic_regression_tuned,GroupKFold,2,5,123470,Timber,Timber,True,0.1,balanced,0.4514453147477006
attr_decking_material,attr_decking_material,data/processed/train/attr_decking_material_train.csv,data/features/dinov3_vitb16_attr_decking_material_assets.csv,classification,dinov3_frozen_embeddings_logistic_regression_tuned,logistic_regression_tuned,GroupKFold,2,5,126159,Timber,Timber,True,0.1,balanced,0.4514453147477006
attr_decking_material,attr_decking_material,data/processed/train/attr_decking_material_train.csv,data/features/dinov3_vitb16_attr_decking_material_assets.csv,classification,dinov3_frozen_embeddings_logistic_regression_tuned,logistic_regression_tuned,GroupKFold,2,5,126691,Timber,Timber,True,0.1,balanced,0.4514453147477006
attr_decking_material,attr_decking_material,data/processed/train/attr_decking_material_train.csv,data/features/dinov3_vitb16_attr_decking_material_assets.csv,classification,dinov3_frozen_embeddings_logistic_regression_tuned,logistic_regression_tuned,GroupKFold,2,5,126692,Timber,Timber,True,0.1,balanced,0.4514453147477006
attr_decking_material,attr_decking_material,data/processed/train/attr_decking_material_train.csv,data/features/dinov3_vitb16_attr_decking_material_assets.csv,classification,dinov3_frozen_embeddings_logistic_regression_tuned,logistic_regression_tuned,GroupKFold,2,5,126805,Timber,Timber,True,0.1,balanced,0.4514453147477006
attr_decking_material,attr_decking_material,data/processed/train/attr_decking_material_train.csv,data/features/dinov3_vitb16_attr_decking_material_assets.csv,classification,dinov3_frozen_embeddings_logistic_regression_tuned,logistic_regression_tuned,GroupKFold,2,5,126834,Timber,Timber,True,0.1,balanced,0.4514453147477006
attr_decking_material,attr_decking_material,data/processed/train/attr_decking_material_train.csv,data/features/dinov3_vitb16_attr_decking_material_assets.csv,classification,dinov3_frozen_embeddings_logistic_regression_tuned,logistic_regression_tuned,GroupKFold,2,5,126835,Timber,Timber,True,0.1,balanced,0.4514453147477006
attr_decking_material,attr_decking_material,data/processed/train/attr_decking_material_train.csv,data/features/dinov3_vitb16_attr_decking_material_assets.csv,classification,dinov3_frozen_embeddings_logistic_regression_tuned,logistic_regression_tuned,GroupKFold,2,5,126840,Timber,Timber,True,0.1,balanced,0.4514453147477006
attr_decking_material,attr_decking_material,data/processed/train/attr_decking_material_train.csv,data/features/dinov3_vitb16_attr_decking_material_assets.csv,classification,dinov3_frozen_embeddings_logistic_regression_tuned,logistic_regression_tuned,GroupKFold,2,5,127155,Timber,Timber,True,0.1,balanced,0.4514453147477006
attr_decking_material,attr_decking_material,data/processed/train/attr_decking_material_train.csv,data/features/dinov3_vitb16_attr_decking_material_assets.csv,classification,dinov3_frozen_embeddings_logistic_regression_tuned,logistic_regression_tuned,GroupKFold,2,5,127231,Timber,Timber,True,0.1,balanced,0.4514453147477006
attr_decking_material,attr_decking_material,data/processed/train/attr_decking_material_train.csv,data/features/dinov3_vitb16_attr_decking_material_assets.csv,classification,dinov3_frozen_embeddings_logistic_regression_tuned,logistic_regression_tuned,GroupKFold,2,5,128981,Timber,Timber,True,0.1,balanced,0.4514453147477006
attr_decking_material,attr_decking_material,data/processed/train/attr_decking_material_train.csv,data/features/dinov3_vitb16_attr_decking_material_assets.csv,classification,dinov3_frozen_embeddings_logistic_regression_tuned,logistic_regression_tuned,GroupKFold,2,5,129400,Timber,Timber,True,0.1,balanced,0.4514453147477006
attr_decking_material,attr_decking_material,data/processed/train/attr_decking_material_train.csv,data/features/dinov3_vitb16_attr_decking_material_assets.csv,classification,dinov3_frozen_embeddings_logistic_regression_tuned,logistic_regression_tuned,GroupKFold,2,5,129401,Timber,Timber,True,0.1,balanced,0.4514453147477006
attr_decking_material,attr_decking_material,data/processed/train/attr_decking_material_train.csv,data/features/dinov3_vitb16_attr_decking_material_assets.csv,classification,dinov3_frozen_embeddings_logistic_regression_tuned,logistic_regression_tuned,GroupKFold,2,5,81881,Timber,Steel,False,0.1,balanced,0.4514453147477006
attr_decking_material,attr_decking_material,data/processed/train/attr_decking_material_train.csv,data/features/dinov3_vitb16_attr_decking_material_assets.csv,classification,dinov3_frozen_embeddings_logistic_regression_tuned,logistic_regression_tuned,GroupKFold,2,5,107077,Timber,Timber,True,0.1,balanced,0.4514453147477006
attr_decking_material,attr_decking_material,data/processed/train/attr_decking_material_train.csv,data/features/dinov3_vitb16_attr_decking_material_assets.csv,classification,dinov3_frozen_embeddings_logistic_regression_tuned,logistic_regression_tuned,GroupKFold,2,5,108414,Timber,Timber,True,0.1,balanced,0.4514453147477006
attr_decking_material,attr_decking_material,data/processed/train/attr_decking_material_train.csv,data/features/dinov3_vitb16_attr_decking_material_assets.csv,classification,dinov3_frozen_embeddings_logistic_regression_tuned,logistic_regression_tuned,GroupKFold,2,5,114045,Timber,Timber,True,0.1,balanced,0.4514453147477006
attr_decking_material,attr_decking_material,data/processed/train/attr_decking_material_train.csv,data/features/dinov3_vitb16_attr_decking_material_assets.csv,classification,dinov3_frozen_embeddings_logistic_regression_tuned,logistic_regression_tuned,GroupKFold,2,5,114183,Timber,Timber,True,0.1,balanced,0.4514453147477006
attr_decking_material,attr_decking_material,data/processed/train/attr_decking_material_train.csv,data/features/dinov3_vitb16_attr_decking_material_assets.csv,classification,dinov3_frozen_embeddings_logistic_regression_tuned,logistic_regression_tuned,GroupKFold,2,5,114255,Timber,Timber,True,0.1,balanced,0.4514453147477006
attr_decking_material,attr_decking_material,data/processed/train/attr_decking_material_train.csv,data/features/dinov3_vitb16_attr_decking_material_assets.csv,classification,dinov3_frozen_embeddings_logistic_regression_tuned,logistic_regression_tuned,GroupKFold,2,5,114276,Timber,Timber,True,0.1,balanced,0.4514453147477006
attr_decking_material,attr_decking_material,data/processed/train/attr_decking_material_train.csv,data/features/dinov3_vitb16_attr_decking_material_assets.csv,classification,dinov3_frozen_embeddings_logistic_regression_tuned,logistic_regression_tuned,GroupKFold,2,5,118807,Timber,Timber,True,0.1,balanced,0.4514453147477006
attr_decking_material,attr_decking_material,data/processed/train/attr_decking_material_train.csv,data/features/dinov3_vitb16_attr_decking_material_assets.csv,classification,dinov3_frozen_embeddings_logistic_regression_tuned,logistic_regression_tuned,GroupKFold,2,5,121505,Timber,Timber,True,0.1,balanced,0.4514453147477006
attr_decking_material,attr_decking_material,data/processed/train/attr_decking_material_train.csv,data/features/dinov3_vitb16_attr_decking_material_assets.csv,classification,dinov3_frozen_embeddings_logistic_regression_tuned,logistic_regression_tuned,GroupKFold,2,5,127074,Timber,Timber,True,0.1,balanced,0.4514453147477006
attr_decking_material,attr_decking_material,data/processed/train/attr_decking_material_train.csv,data/features/dinov3_vitb16_attr_decking_material_assets.csv,classification,dinov3_frozen_embeddings_logistic_regression_tuned,logistic_regression_tuned,GroupKFold,2,5,128876,Timber,Timber,True,0.1,balanced,0.4514453147477006
attr_decking_material,attr_decking_material,data/processed/train/attr_decking_material_train.csv,data/features/dinov3_vitb16_attr_decking_material_assets.csv,classification,dinov3_frozen_embeddings_logistic_regression_tuned,logistic_regression_tuned,GroupKFold,2,5,128880,Timber,Timber,True,0.1,balanced,0.4514453147477006
attr_decking_material,attr_decking_material,data/processed/train/attr_decking_material_train.csv,data/features/dinov3_vitb16_attr_decking_material_assets.csv,classification,dinov3_frozen_embeddings_logistic_regression_tuned,logistic_regression_tuned,GroupKFold,2,5,120683,Steel,Steel,True,0.1,balanced,0.4514453147477006
attr_decking_material,attr_decking_material,data/processed/train/attr_decking_material_train.csv,data/features/dinov3_vitb16_attr_decking_material_assets.csv,classification,dinov3_frozen_embeddings_logistic_regression_tuned,logistic_regression_tuned,GroupKFold,2,5,123141,Timber,Timber,True,0.1,balanced,0.4514453147477006
attr_decking_material,attr_decking_material,data/processed/train/attr_decking_material_train.csv,data/features/dinov3_vitb16_attr_decking_material_assets.csv,classification,dinov3_frozen_embeddings_logistic_regression_tuned,logistic_regression_tuned,GroupKFold,2,5,46928,Timber,Timber,True,0.1,balanced,0.4514453147477006
attr_decking_material,attr_decking_material,data/processed/train/attr_decking_material_train.csv,data/features/dinov3_vitb16_attr_decking_material_assets.csv,classification,dinov3_frozen_embeddings_logistic_regression_tuned,logistic_regression_tuned,GroupKFold,2,5,47636,Timber,Timber,True,0.1,balanced,0.4514453147477006
attr_decking_material,attr_decking_material,data/processed/train/attr_decking_material_train.csv,data/features/dinov3_vitb16_attr_decking_material_assets.csv,classification,dinov3_frozen_embeddings_logistic_regression_tuned,logistic_regression_tuned,GroupKFold,2,5,48343,Timber,Timber,True,0.1,balanced,0.4514453147477006
attr_decking_material,attr_decking_material,data/processed/train/attr_decking_material_train.csv,data/features/dinov3_vitb16_attr_decking_material_assets.csv,classification,dinov3_frozen_embeddings_logistic_regression_tuned,logistic_regression_tuned,GroupKFold,2,5,49060,Timber,Timber,True,0.1,balanced,0.4514453147477006
attr_decking_material,attr_decking_material,data/processed/train/attr_decking_material_train.csv,data/features/dinov3_vitb16_attr_decking_material_assets.csv,classification,dinov3_frozen_embeddings_logistic_regression_tuned,logistic_regression_tuned,GroupKFold,2,5,49497,Timber,Timber,True,0.1,balanced,0.4514453147477006
attr_decking_material,attr_decking_material,data/processed/train/attr_decking_material_train.csv,data/features/dinov3_vitb16_attr_decking_material_assets.csv,classification,dinov3_frozen_embeddings_logistic_regression_tuned,logistic_regression_tuned,GroupKFold,2,5,51234,Timber,Timber,True,0.1,balanced,0.4514453147477006
attr_decking_material,attr_decking_material,data/processed/train/attr_decking_material_train.csv,data/features/dinov3_vitb16_attr_decking_material_assets.csv,classification,dinov3_frozen_embeddings_logistic_regression_tuned,logistic_regression_tuned,GroupKFold,2,5,52457,Aluminum,Steel,False,0.1,balanced,0.4514453147477006
attr_decking_material,attr_decking_material,data/processed/train/attr_decking_material_train.csv,data/features/dinov3_vitb16_attr_decking_material_assets.csv,classification,dinov3_frozen_embeddings_logistic_regression_tuned,logistic_regression_tuned,GroupKFold,2,5,52458,Timber,Timber,True,0.1,balanced,0.4514453147477006
attr_decking_material,attr_decking_material,data/processed/train/attr_decking_material_train.csv,data/features/dinov3_vitb16_attr_decking_material_assets.csv,classification,dinov3_frozen_embeddings_logistic_regression_tuned,logistic_regression_tuned,GroupKFold,2,5,52551,Timber,Timber,True,0.1,balanced,0.4514453147477006
attr_decking_material,attr_decking_material,data/processed/train/attr_decking_material_train.csv,data/features/dinov3_vitb16_attr_decking_material_assets.csv,classification,dinov3_frozen_embeddings_logistic_regression_tuned,logistic_regression_tuned,GroupKFold,2,5,53986,Timber,Timber,True,0.1,balanced,0.4514453147477006
attr_decking_material,attr_decking_material,data/processed/train/attr_decking_material_train.csv,data/features/dinov3_vitb16_attr_decking_material_assets.csv,classification,dinov3_frozen_embeddings_logistic_regression_tuned,logistic_regression_tuned,GroupKFold,2,5,54206,Timber,Timber,True,0.1,balanced,0.4514453147477006
attr_decking_material,attr_decking_material,data/processed/train/attr_decking_material_train.csv,data/features/dinov3_vitb16_attr_decking_material_assets.csv,classification,dinov3_frozen_embeddings_logistic_regression_tuned,logistic_regression_tuned,GroupKFold,2,5,55640,Timber,Timber,True,0.1,balanced,0.4514453147477006
attr_decking_material,attr_decking_material,data/processed/train/attr_decking_material_train.csv,data/features/dinov3_vitb16_attr_decking_material_assets.csv,classification,dinov3_frozen_embeddings_logistic_regression_tuned,logistic_regression_tuned,GroupKFold,2,5,56467,Timber,Timber,True,0.1,balanced,0.4514453147477006
attr_decking_material,attr_decking_material,data/processed/train/attr_decking_material_train.csv,data/features/dinov3_vitb16_attr_decking_material_assets.csv,classification,dinov3_frozen_embeddings_logistic_regression_tuned,logistic_regression_tuned,GroupKFold,2,5,57117,Timber,Timber,True,0.1,balanced,0.4514453147477006
attr_decking_material,attr_decking_material,data/processed/train/attr_decking_material_train.csv,data/features/dinov3_vitb16_attr_decking_material_assets.csv,classification,dinov3_frozen_embeddings_logistic_regression_tuned,logistic_regression_tuned,GroupKFold,2,5,57858,Timber,Timber,True,0.1,balanced,0.4514453147477006
attr_decking_material,attr_decking_material,data/processed/train/attr_decking_material_train.csv,data/features/dinov3_vitb16_attr_decking_material_assets.csv,classification,dinov3_frozen_embeddings_logistic_regression_tuned,logistic_regression_tuned,GroupKFold,2,5,58160,Steel,Timber,False,0.1,balanced,0.4514453147477006
attr_decking_material,attr_decking_material,data/processed/train/attr_decking_material_train.csv,data/features/dinov3_vitb16_attr_decking_material_assets.csv,classification,dinov3_frozen_embeddings_logistic_regression_tuned,logistic_regression_tuned,GroupKFold,2,5,58413,Timber,Timber,True,0.1,balanced,0.4514453147477006
attr_decking_material,attr_decking_material,data/processed/train/attr_decking_material_train.csv,data/features/dinov3_vitb16_attr_decking_material_assets.csv,classification,dinov3_frozen_embeddings_logistic_regression_tuned,logistic_regression_tuned,GroupKFold,2,5,58881,Timber,Timber,True,0.1,balanced,0.4514453147477006
attr_decking_material,attr_decking_material,data/processed/train/attr_decking_material_train.csv,data/features/dinov3_vitb16_attr_decking_material_assets.csv,classification,dinov3_frozen_embeddings_logistic_regression_tuned,logistic_regression_tuned,GroupKFold,2,5,61109,Timber,Timber,True,0.1,balanced,0.4514453147477006
attr_decking_material,attr_decking_material,data/processed/train/attr_decking_material_train.csv,data/features/dinov3_vitb16_attr_decking_material_assets.csv,classification,dinov3_frozen_embeddings_logistic_regression_tuned,logistic_regression_tuned,GroupKFold,2,5,61413,Timber,Timber,True,0.1,balanced,0.4514453147477006
attr_decking_material,attr_decking_material,data/processed/train/attr_decking_material_train.csv,data/features/dinov3_vitb16_attr_decking_material_assets.csv,classification,dinov3_frozen_embeddings_logistic_regression_tuned,logistic_regression_tuned,GroupKFold,2,5,61414,Timber,Timber,True,0.1,balanced,0.4514453147477006
attr_decking_material,attr_decking_material,data/processed/train/attr_decking_material_train.csv,data/features/dinov3_vitb16_attr_decking_material_assets.csv,classification,dinov3_frozen_embeddings_logistic_regression_tuned,logistic_regression_tuned,GroupKFold,2,5,61415,Timber,Timber,True,0.1,balanced,0.4514453147477006
attr_decking_material,attr_decking_material,data/processed/train/attr_decking_material_train.csv,data/features/dinov3_vitb16_attr_decking_material_assets.csv,classification,dinov3_frozen_embeddings_logistic_regression_tuned,logistic_regression_tuned,GroupKFold,2,5,61731,Timber,Timber,True,0.1,balanced,0.4514453147477006
attr_decking_material,attr_decking_material,data/processed/train/attr_decking_material_train.csv,data/features/dinov3_vitb16_attr_decking_material_assets.csv,classification,dinov3_frozen_embeddings_logistic_regression_tuned,logistic_regression_tuned,GroupKFold,2,5,62442,Timber,Timber,True,0.1,balanced,0.4514453147477006
attr_decking_material,attr_decking_material,data/processed/train/attr_decking_material_train.csv,data/features/dinov3_vitb16_attr_decking_material_assets.csv,classification,dinov3_frozen_embeddings_logistic_regression_tuned,logistic_regression_tuned,GroupKFold,2,5,63069,Timber,Timber,True,0.1,balanced,0.4514453147477006
attr_decking_material,attr_decking_material,data/processed/train/attr_decking_material_train.csv,data/features/dinov3_vitb16_attr_decking_material_assets.csv,classification,dinov3_frozen_embeddings_logistic_regression_tuned,logistic_regression_tuned,GroupKFold,2,5,64110,Timber,Timber,True,0.1,balanced,0.4514453147477006
attr_decking_material,attr_decking_material,data/processed/train/attr_decking_material_train.csv,data/features/dinov3_vitb16_attr_decking_material_assets.csv,classification,dinov3_frozen_embeddings_logistic_regression_tuned,logistic_regression_tuned,GroupKFold,2,5,64123,Timber,Timber,True,0.1,balanced,0.4514453147477006
attr_decking_material,attr_decking_material,data/processed/train/attr_decking_material_train.csv,data/features/dinov3_vitb16_attr_decking_material_assets.csv,classification,dinov3_frozen_embeddings_logistic_regression_tuned,logistic_regression_tuned,GroupKFold,2,5,64137,Timber,Timber,True,0.1,balanced,0.4514453147477006
attr_decking_material,attr_decking_material,data/processed/train/attr_decking_material_train.csv,data/features/dinov3_vitb16_attr_decking_material_assets.csv,classification,dinov3_frozen_embeddings_logistic_regression_tuned,logistic_regression_tuned,GroupKFold,2,5,64643,Steel,Steel,True,0.1,balanced,0.4514453147477006
attr_decking_material,attr_decking_material,data/processed/train/attr_decking_material_train.csv,data/features/dinov3_vitb16_attr_decking_material_assets.csv,classification,dinov3_frozen_embeddings_logistic_regression_tuned,logistic_regression_tuned,GroupKFold,2,5,65423,Steel,Steel,True,0.1,balanced,0.4514453147477006
attr_decking_material,attr_decking_material,data/processed/train/attr_decking_material_train.csv,data/features/dinov3_vitb16_attr_decking_material_assets.csv,classification,dinov3_frozen_embeddings_logistic_regression_tuned,logistic_regression_tuned,GroupKFold,2,5,65497,Timber,Steel,False,0.1,balanced,0.4514453147477006
attr_decking_material,attr_decking_material,data/processed/train/attr_decking_material_train.csv,data/features/dinov3_vitb16_attr_decking_material_assets.csv,classification,dinov3_frozen_embeddings_logistic_regression_tuned,logistic_regression_tuned,GroupKFold,2,5,82270,Timber,Timber,True,0.1,balanced,0.4514453147477006
attr_decking_material,attr_decking_material,data/processed/train/attr_decking_material_train.csv,data/features/dinov3_vitb16_attr_decking_material_assets.csv,classification,dinov3_frozen_embeddings_logistic_regression_tuned,logistic_regression_tuned,GroupKFold,2,5,83132,Timber,Timber,True,0.1,balanced,0.4514453147477006
attr_decking_material,attr_decking_material,data/processed/train/attr_decking_material_train.csv,data/features/dinov3_vitb16_attr_decking_material_assets.csv,classification,dinov3_frozen_embeddings_logistic_regression_tuned,logistic_regression_tuned,GroupKFold,2,5,83138,Timber,Timber,True,0.1,balanced,0.4514453147477006
attr_decking_material,attr_decking_material,data/processed/train/attr_decking_material_train.csv,data/features/dinov3_vitb16_attr_decking_material_assets.csv,classification,dinov3_frozen_embeddings_logistic_regression_tuned,logistic_regression_tuned,GroupKFold,2,5,83140,Timber,Timber,True,0.1,balanced,0.4514453147477006
attr_decking_material,attr_decking_material,data/processed/train/attr_decking_material_train.csv,data/features/dinov3_vitb16_attr_decking_material_assets.csv,classification,dinov3_frozen_embeddings_logistic_regression_tuned,logistic_regression_tuned,GroupKFold,2,5,83141,Timber,Timber,True,0.1,balanced,0.4514453147477006
attr_decking_material,attr_decking_material,data/processed/train/attr_decking_material_train.csv,data/features/dinov3_vitb16_attr_decking_material_assets.csv,classification,dinov3_frozen_embeddings_logistic_regression_tuned,logistic_regression_tuned,GroupKFold,2,5,83900,Steel,Steel,True,0.1,balanced,0.4514453147477006
attr_decking_material,attr_decking_material,data/processed/train/attr_decking_material_train.csv,data/features/dinov3_vitb16_attr_decking_material_assets.csv,classification,dinov3_frozen_embeddings_logistic_regression_tuned,logistic_regression_tuned,GroupKFold,2,5,85208,Timber,Timber,True,0.1,balanced,0.4514453147477006
attr_decking_material,attr_decking_material,data/processed/train/attr_decking_material_train.csv,data/features/dinov3_vitb16_attr_decking_material_assets.csv,classification,dinov3_frozen_embeddings_logistic_regression_tuned,logistic_regression_tuned,GroupKFold,2,5,86055,Timber,Timber,True,0.1,balanced,0.4514453147477006
attr_decking_material,attr_decking_material,data/processed/train/attr_decking_material_train.csv,data/features/dinov3_vitb16_attr_decking_material_assets.csv,classification,dinov3_frozen_embeddings_logistic_regression_tuned,logistic_regression_tuned,GroupKFold,2,5,86521,Timber,Timber,True,0.1,balanced,0.4514453147477006
attr_decking_material,attr_decking_material,data/processed/train/attr_decking_material_train.csv,data/features/dinov3_vitb16_attr_decking_material_assets.csv,classification,dinov3_frozen_embeddings_logistic_regression_tuned,logistic_regression_tuned,GroupKFold,2,5,86525,Timber,Timber,True,0.1,balanced,0.4514453147477006
attr_decking_material,attr_decking_material,data/processed/train/attr_decking_material_train.csv,data/features/dinov3_vitb16_attr_decking_material_assets.csv,classification,dinov3_frozen_embeddings_logistic_regression_tuned,logistic_regression_tuned,GroupKFold,2,5,86599,Timber,Steel,False,0.1,balanced,0.4514453147477006
attr_decking_material,attr_decking_material,data/processed/train/attr_decking_material_train.csv,data/features/dinov3_vitb16_attr_decking_material_assets.csv,classification,dinov3_frozen_embeddings_logistic_regression_tuned,logistic_regression_tuned,GroupKFold,2,5,87188,Timber,Timber,True,0.1,balanced,0.4514453147477006
attr_decking_material,attr_decking_material,data/processed/train/attr_decking_material_train.csv,data/features/dinov3_vitb16_attr_decking_material_assets.csv,classification,dinov3_frozen_embeddings_logistic_regression_tuned,logistic_regression_tuned,GroupKFold,2,5,87549,Timber,Timber,True,0.1,balanced,0.4514453147477006
attr_decking_material,attr_decking_material,data/processed/train/attr_decking_material_train.csv,data/features/dinov3_vitb16_attr_decking_material_assets.csv,classification,dinov3_frozen_embeddings_logistic_regression_tuned,logistic_regression_tuned,GroupKFold,2,5,87736,Timber,Timber,True,0.1,balanced,0.4514453147477006
attr_decking_material,attr_decking_material,data/processed/train/attr_decking_material_train.csv,data/features/dinov3_vitb16_attr_decking_material_assets.csv,classification,dinov3_frozen_embeddings_logistic_regression_tuned,logistic_regression_tuned,GroupKFold,2,5,88733,Timber,Timber,True,0.1,balanced,0.4514453147477006
attr_decking_material,attr_decking_material,data/processed/train/attr_decking_material_train.csv,data/features/dinov3_vitb16_attr_decking_material_assets.csv,classification,dinov3_frozen_embeddings_logistic_regression_tuned,logistic_regression_tuned,GroupKFold,2,5,88734,Timber,Timber,True,0.1,balanced,0.4514453147477006
attr_decking_material,attr_decking_material,data/processed/train/attr_decking_material_train.csv,data/features/dinov3_vitb16_attr_decking_material_assets.csv,classification,dinov3_frozen_embeddings_logistic_regression_tuned,logistic_regression_tuned,GroupKFold,2,5,88814,Timber,Timber,True,0.1,balanced,0.4514453147477006
attr_decking_material,attr_decking_material,data/processed/train/attr_decking_material_train.csv,data/features/dinov3_vitb16_attr_decking_material_assets.csv,classification,dinov3_frozen_embeddings_logistic_regression_tuned,logistic_regression_tuned,GroupKFold,2,5,88845,Timber,Timber,True,0.1,balanced,0.4514453147477006
attr_decking_material,attr_decking_material,data/processed/train/attr_decking_material_train.csv,data/features/dinov3_vitb16_attr_decking_material_assets.csv,classification,dinov3_frozen_embeddings_logistic_regression_tuned,logistic_regression_tuned,GroupKFold,2,5,88869,Timber,Timber,True,0.1,balanced,0.4514453147477006
attr_decking_material,attr_decking_material,data/processed/train/attr_decking_material_train.csv,data/features/dinov3_vitb16_attr_decking_material_assets.csv,classification,dinov3_frozen_embeddings_logistic_regression_tuned,logistic_regression_tuned,GroupKFold,2,5,89438,Timber,Timber,True,0.1,balanced,0.4514453147477006
attr_decking_material,attr_decking_material,data/processed/train/attr_decking_material_train.csv,data/features/dinov3_vitb16_attr_decking_material_assets.csv,classification,dinov3_frozen_embeddings_logistic_regression_tuned,logistic_regression_tuned,GroupKFold,2,5,89761,Timber,Timber,True,0.1,balanced,0.4514453147477006
attr_decking_material,attr_decking_material,data/processed/train/attr_decking_material_train.csv,data/features/dinov3_vitb16_attr_decking_material_assets.csv,classification,dinov3_frozen_embeddings_logistic_regression_tuned,logistic_regression_tuned,GroupKFold,2,5,92167,Timber,Timber,True,0.1,balanced,0.4514453147477006
attr_decking_material,attr_decking_material,data/processed/train/attr_decking_material_train.csv,data/features/dinov3_vitb16_attr_decking_material_assets.csv,classification,dinov3_frozen_embeddings_logistic_regression_tuned,logistic_regression_tuned,GroupKFold,2,5,92794,Timber,Timber,True,0.1,balanced,0.4514453147477006
attr_decking_material,attr_decking_material,data/processed/train/attr_decking_material_train.csv,data/features/dinov3_vitb16_attr_decking_material_assets.csv,classification,dinov3_frozen_embeddings_logistic_regression_tuned,logistic_regression_tuned,GroupKFold,2,5,92872,Timber,Timber,True,0.1,balanced,0.4514453147477006
attr_decking_material,attr_decking_material,data/processed/train/attr_decking_material_train.csv,data/features/dinov3_vitb16_attr_decking_material_assets.csv,classification,dinov3_frozen_embeddings_logistic_regression_tuned,logistic_regression_tuned,GroupKFold,2,5,93007,Timber,Timber,True,0.1,balanced,0.4514453147477006
attr_decking_material,attr_decking_material,data/processed/train/attr_decking_material_train.csv,data/features/dinov3_vitb16_attr_decking_material_assets.csv,classification,dinov3_frozen_embeddings_logistic_regression_tuned,logistic_regression_tuned,GroupKFold,2,5,93043,Timber,Timber,True,0.1,balanced,0.4514453147477006
attr_decking_material,attr_decking_material,data/processed/train/attr_decking_material_train.csv,data/features/dinov3_vitb16_attr_decking_material_assets.csv,classification,dinov3_frozen_embeddings_logistic_regression_tuned,logistic_regression_tuned,GroupKFold,2,5,94778,Timber,Timber,True,0.1,balanced,0.4514453147477006
attr_decking_material,attr_decking_material,data/processed/train/attr_decking_material_train.csv,data/features/dinov3_vitb16_attr_decking_material_assets.csv,classification,dinov3_frozen_embeddings_logistic_regression_tuned,logistic_regression_tuned,GroupKFold,2,5,96293,Timber,Timber,True,0.1,balanced,0.4514453147477006
attr_decking_material,attr_decking_material,data/processed/train/attr_decking_material_train.csv,data/features/dinov3_vitb16_attr_decking_material_assets.csv,classification,dinov3_frozen_embeddings_logistic_regression_tuned,logistic_regression_tuned,GroupKFold,2,5,98492,Timber,Timber,True,0.1,balanced,0.4514453147477006
attr_decking_material,attr_decking_material,data/processed/train/attr_decking_material_train.csv,data/features/dinov3_vitb16_attr_decking_material_assets.csv,classification,dinov3_frozen_embeddings_logistic_regression_tuned,logistic_regression_tuned,GroupKFold,2,5,99611,Timber,Timber,True,0.1,balanced,0.4514453147477006
attr_decking_material,attr_decking_material,data/processed/train/attr_decking_material_train.csv,data/features/dinov3_vitb16_attr_decking_material_assets.csv,classification,dinov3_frozen_embeddings_logistic_regression_tuned,logistic_regression_tuned,GroupKFold,2,5,100253,Timber,Timber,True,0.1,balanced,0.4514453147477006
attr_decking_material,attr_decking_material,data/processed/train/attr_decking_material_train.csv,data/features/dinov3_vitb16_attr_decking_material_assets.csv,classification,dinov3_frozen_embeddings_logistic_regression_tuned,logistic_regression_tuned,GroupKFold,2,5,100348,Timber,Timber,True,0.1,balanced,0.4514453147477006
attr_decking_material,attr_decking_material,data/processed/train/attr_decking_material_train.csv,data/features/dinov3_vitb16_attr_decking_material_assets.csv,classification,dinov3_frozen_embeddings_logistic_regression_tuned,logistic_regression_tuned,GroupKFold,2,5,100482,Timber,Timber,True,0.1,balanced,0.4514453147477006
attr_decking_material,attr_decking_material,data/processed/train/attr_decking_material_train.csv,data/features/dinov3_vitb16_attr_decking_material_assets.csv,classification,dinov3_frozen_embeddings_logistic_regression_tuned,logistic_regression_tuned,GroupKFold,2,5,100740,Steel,Steel,True,0.1,balanced,0.4514453147477006
attr_decking_material,attr_decking_material,data/processed/train/attr_decking_material_train.csv,data/features/dinov3_vitb16_attr_decking_material_assets.csv,classification,dinov3_frozen_embeddings_logistic_regression_tuned,logistic_regression_tuned,GroupKFold,2,5,100757,Timber,Timber,True,0.1,balanced,0.4514453147477006
attr_decking_material,attr_decking_material,data/processed/train/attr_decking_material_train.csv,data/features/dinov3_vitb16_attr_decking_material_assets.csv,classification,dinov3_frozen_embeddings_logistic_regression_tuned,logistic_regression_tuned,GroupKFold,2,5,101129,Timber,Timber,True,0.1,balanced,0.4514453147477006
attr_decking_material,attr_decking_material,data/processed/train/attr_decking_material_train.csv,data/features/dinov3_vitb16_attr_decking_material_assets.csv,classification,dinov3_frozen_embeddings_logistic_regression_tuned,logistic_regression_tuned,GroupKFold,2,5,101131,Timber,Timber,True,0.1,balanced,0.4514453147477006
attr_decking_material,attr_decking_material,data/processed/train/attr_decking_material_train.csv,data/features/dinov3_vitb16_attr_decking_material_assets.csv,classification,dinov3_frozen_embeddings_logistic_regression_tuned,logistic_regression_tuned,GroupKFold,2,5,101831,Timber,Timber,True,0.1,balanced,0.4514453147477006
attr_decking_material,attr_decking_material,data/processed/train/attr_decking_material_train.csv,data/features/dinov3_vitb16_attr_decking_material_assets.csv,classification,dinov3_frozen_embeddings_logistic_regression_tuned,logistic_regression_tuned,GroupKFold,2,5,102347,Timber,Steel,False,0.1,balanced,0.4514453147477006
attr_decking_material,attr_decking_material,data/processed/train/attr_decking_material_train.csv,data/features/dinov3_vitb16_attr_decking_material_assets.csv,classification,dinov3_frozen_embeddings_logistic_regression_tuned,logistic_regression_tuned,GroupKFold,2,5,102348,Timber,Timber,True,0.1,balanced,0.4514453147477006
attr_decking_material,attr_decking_material,data/processed/train/attr_decking_material_train.csv,data/features/dinov3_vitb16_attr_decking_material_assets.csv,classification,dinov3_frozen_embeddings_logistic_regression_tuned,logistic_regression_tuned,GroupKFold,2,5,102354,Timber,Steel,False,0.1,balanced,0.4514453147477006
attr_decking_material,attr_decking_material,data/processed/train/attr_decking_material_train.csv,data/features/dinov3_vitb16_attr_decking_material_assets.csv,classification,dinov3_frozen_embeddings_logistic_regression_tuned,logistic_regression_tuned,GroupKFold,2,5,102342,Timber,Timber,True,0.1,balanced,0.4514453147477006
attr_decking_material,attr_decking_material,data/processed/train/attr_decking_material_train.csv,data/features/dinov3_vitb16_attr_decking_material_assets.csv,classification,dinov3_frozen_embeddings_logistic_regression_tuned,logistic_regression_tuned,GroupKFold,2,5,102468,Timber,Timber,True,0.1,balanced,0.4514453147477006
attr_decking_material,attr_decking_material,data/processed/train/attr_decking_material_train.csv,data/features/dinov3_vitb16_attr_decking_material_assets.csv,classification,dinov3_frozen_embeddings_logistic_regression_tuned,logistic_regression_tuned,GroupKFold,2,5,103256,Timber,Timber,True,0.1,balanced,0.4514453147477006
attr_decking_material,attr_decking_material,data/processed/train/attr_decking_material_train.csv,data/features/dinov3_vitb16_attr_decking_material_assets.csv,classification,dinov3_frozen_embeddings_logistic_regression_tuned,logistic_regression_tuned,GroupKFold,2,5,103711,Timber,Timber,True,0.1,balanced,0.4514453147477006
attr_decking_material,attr_decking_material,data/processed/train/attr_decking_material_train.csv,data/features/dinov3_vitb16_attr_decking_material_assets.csv,classification,dinov3_frozen_embeddings_logistic_regression_tuned,logistic_regression_tuned,GroupKFold,2,5,104066,Timber,Timber,True,0.1,balanced,0.4514453147477006
attr_decking_material,attr_decking_material,data/processed/train/attr_decking_material_train.csv,data/features/dinov3_vitb16_attr_decking_material_assets.csv,classification,dinov3_frozen_embeddings_logistic_regression_tuned,logistic_regression_tuned,GroupKFold,2,5,105438,Timber,Timber,True,0.1,balanced,0.4514453147477006
attr_decking_material,attr_decking_material,data/processed/train/attr_decking_material_train.csv,data/features/dinov3_vitb16_attr_decking_material_assets.csv,classification,dinov3_frozen_embeddings_logistic_regression_tuned,logistic_regression_tuned,GroupKFold,2,5,105440,Timber,Timber,True,0.1,balanced,0.4514453147477006
attr_decking_material,attr_decking_material,data/processed/train/attr_decking_material_train.csv,data/features/dinov3_vitb16_attr_decking_material_assets.csv,classification,dinov3_frozen_embeddings_logistic_regression_tuned,logistic_regression_tuned,GroupKFold,2,5,105443,Timber,Timber,True,0.1,balanced,0.4514453147477006
attr_decking_material,attr_decking_material,data/processed/train/attr_decking_material_train.csv,data/features/dinov3_vitb16_attr_decking_material_assets.csv,classification,dinov3_frozen_embeddings_logistic_regression_tuned,logistic_regression_tuned,GroupKFold,2,5,105444,Timber,Timber,True,0.1,balanced,0.4514453147477006
attr_decking_material,attr_decking_material,data/processed/train/attr_decking_material_train.csv,data/features/dinov3_vitb16_attr_decking_material_assets.csv,classification,dinov3_frozen_embeddings_logistic_regression_tuned,logistic_regression_tuned,GroupKFold,2,5,105445,Steel,Steel,True,0.1,balanced,0.4514453147477006
attr_decking_material,attr_decking_material,data/processed/train/attr_decking_material_train.csv,data/features/dinov3_vitb16_attr_decking_material_assets.csv,classification,dinov3_frozen_embeddings_logistic_regression_tuned,logistic_regression_tuned,GroupKFold,2,5,105457,Timber,Timber,True,0.1,balanced,0.4514453147477006
attr_decking_material,attr_decking_material,data/processed/train/attr_decking_material_train.csv,data/features/dinov3_vitb16_attr_decking_material_assets.csv,classification,dinov3_frozen_embeddings_logistic_regression_tuned,logistic_regression_tuned,GroupKFold,2,5,106045,Timber,Timber,True,0.1,balanced,0.4514453147477006
attr_decking_material,attr_decking_material,data/processed/train/attr_decking_material_train.csv,data/features/dinov3_vitb16_attr_decking_material_assets.csv,classification,dinov3_frozen_embeddings_logistic_regression_tuned,logistic_regression_tuned,GroupKFold,2,5,106050,Timber,Timber,True,0.1,balanced,0.4514453147477006
attr_decking_material,attr_decking_material,data/processed/train/attr_decking_material_train.csv,data/features/dinov3_vitb16_attr_decking_material_assets.csv,classification,dinov3_frozen_embeddings_logistic_regression_tuned,logistic_regression_tuned,GroupKFold,2,5,106264,Timber,Timber,True,0.1,balanced,0.4514453147477006
attr_decking_material,attr_decking_material,data/processed/train/attr_decking_material_train.csv,data/features/dinov3_vitb16_attr_decking_material_assets.csv,classification,dinov3_frozen_embeddings_logistic_regression_tuned,logistic_regression_tuned,GroupKFold,2,5,107117,Timber,Timber,True,0.1,balanced,0.4514453147477006
attr_decking_material,attr_decking_material,data/processed/train/attr_decking_material_train.csv,data/features/dinov3_vitb16_attr_decking_material_assets.csv,classification,dinov3_frozen_embeddings_logistic_regression_tuned,logistic_regression_tuned,GroupKFold,2,5,107911,Timber,Timber,True,0.1,balanced,0.4514453147477006
attr_decking_material,attr_decking_material,data/processed/train/attr_decking_material_train.csv,data/features/dinov3_vitb16_attr_decking_material_assets.csv,classification,dinov3_frozen_embeddings_logistic_regression_tuned,logistic_regression_tuned,GroupKFold,2,5,107923,Timber,Timber,True,0.1,balanced,0.4514453147477006
attr_decking_material,attr_decking_material,data/processed/train/attr_decking_material_train.csv,data/features/dinov3_vitb16_attr_decking_material_assets.csv,classification,dinov3_frozen_embeddings_logistic_regression_tuned,logistic_regression_tuned,GroupKFold,2,5,107963,Timber,Timber,True,0.1,balanced,0.4514453147477006
attr_decking_material,attr_decking_material,data/processed/train/attr_decking_material_train.csv,data/features/dinov3_vitb16_attr_decking_material_assets.csv,classification,dinov3_frozen_embeddings_logistic_regression_tuned,logistic_regression_tuned,GroupKFold,2,5,109148,Timber,Timber,True,0.1,balanced,0.4514453147477006
attr_decking_material,attr_decking_material,data/processed/train/attr_decking_material_train.csv,data/features/dinov3_vitb16_attr_decking_material_assets.csv,classification,dinov3_frozen_embeddings_logistic_regression_tuned,logistic_regression_tuned,GroupKFold,2,5,109149,Steel,Steel,True,0.1,balanced,0.4514453147477006
attr_decking_material,attr_decking_material,data/processed/train/attr_decking_material_train.csv,data/features/dinov3_vitb16_attr_decking_material_assets.csv,classification,dinov3_frozen_embeddings_logistic_regression_tuned,logistic_regression_tuned,GroupKFold,2,5,109334,Timber,Timber,True,0.1,balanced,0.4514453147477006
attr_decking_material,attr_decking_material,data/processed/train/attr_decking_material_train.csv,data/features/dinov3_vitb16_attr_decking_material_assets.csv,classification,dinov3_frozen_embeddings_logistic_regression_tuned,logistic_regression_tuned,GroupKFold,2,5,109536,Timber,Timber,True,0.1,balanced,0.4514453147477006
attr_decking_material,attr_decking_material,data/processed/train/attr_decking_material_train.csv,data/features/dinov3_vitb16_attr_decking_material_assets.csv,classification,dinov3_frozen_embeddings_logistic_regression_tuned,logistic_regression_tuned,GroupKFold,2,5,109560,Timber,Timber,True,0.1,balanced,0.4514453147477006
attr_decking_material,attr_decking_material,data/processed/train/attr_decking_material_train.csv,data/features/dinov3_vitb16_attr_decking_material_assets.csv,classification,dinov3_frozen_embeddings_logistic_regression_tuned,logistic_regression_tuned,GroupKFold,2,5,110775,Timber,Timber,True,0.1,balanced,0.4514453147477006
attr_decking_material,attr_decking_material,data/processed/train/attr_decking_material_train.csv,data/features/dinov3_vitb16_attr_decking_material_assets.csv,classification,dinov3_frozen_embeddings_logistic_regression_tuned,logistic_regression_tuned,GroupKFold,2,5,110996,Timber,Timber,True,0.1,balanced,0.4514453147477006
attr_decking_material,attr_decking_material,data/processed/train/attr_decking_material_train.csv,data/features/dinov3_vitb16_attr_decking_material_assets.csv,classification,dinov3_frozen_embeddings_logistic_regression_tuned,logistic_regression_tuned,GroupKFold,2,5,113125,Timber,Steel,False,0.1,balanced,0.4514453147477006
attr_decking_material,attr_decking_material,data/processed/train/attr_decking_material_train.csv,data/features/dinov3_vitb16_attr_decking_material_assets.csv,classification,dinov3_frozen_embeddings_logistic_regression_tuned,logistic_regression_tuned,GroupKFold,2,5,113153,Timber,Timber,True,0.1,balanced,0.4514453147477006
attr_decking_material,attr_decking_material,data/processed/train/attr_decking_material_train.csv,data/features/dinov3_vitb16_attr_decking_material_assets.csv,classification,dinov3_frozen_embeddings_logistic_regression_tuned,logistic_regression_tuned,GroupKFold,2,5,113159,Timber,Timber,True,0.1,balanced,0.4514453147477006
attr_decking_material,attr_decking_material,data/processed/train/attr_decking_material_train.csv,data/features/dinov3_vitb16_attr_decking_material_assets.csv,classification,dinov3_frozen_embeddings_logistic_regression_tuned,logistic_regression_tuned,GroupKFold,2,5,113164,Timber,Timber,True,0.1,balanced,0.4514453147477006
attr_decking_material,attr_decking_material,data/processed/train/attr_decking_material_train.csv,data/features/dinov3_vitb16_attr_decking_material_assets.csv,classification,dinov3_frozen_embeddings_logistic_regression_tuned,logistic_regression_tuned,GroupKFold,2,5,113244,Timber,Timber,True,0.1,balanced,0.4514453147477006
attr_decking_material,attr_decking_material,data/processed/train/attr_decking_material_train.csv,data/features/dinov3_vitb16_attr_decking_material_assets.csv,classification,dinov3_frozen_embeddings_logistic_regression_tuned,logistic_regression_tuned,GroupKFold,2,5,114047,Timber,Timber,True,0.1,balanced,0.4514453147477006
attr_decking_material,attr_decking_material,data/processed/train/attr_decking_material_train.csv,data/features/dinov3_vitb16_attr_decking_material_assets.csv,classification,dinov3_frozen_embeddings_logistic_regression_tuned,logistic_regression_tuned,GroupKFold,2,5,114287,Timber,Timber,True,0.1,balanced,0.4514453147477006
attr_decking_material,attr_decking_material,data/processed/train/attr_decking_material_train.csv,data/features/dinov3_vitb16_attr_decking_material_assets.csv,classification,dinov3_frozen_embeddings_logistic_regression_tuned,logistic_regression_tuned,GroupKFold,2,5,114971,Timber,Timber,True,0.1,balanced,0.4514453147477006
attr_decking_material,attr_decking_material,data/processed/train/attr_decking_material_train.csv,data/features/dinov3_vitb16_attr_decking_material_assets.csv,classification,dinov3_frozen_embeddings_logistic_regression_tuned,logistic_regression_tuned,GroupKFold,2,5,114996,Timber,Timber,True,0.1,balanced,0.4514453147477006
attr_decking_material,attr_decking_material,data/processed/train/attr_decking_material_train.csv,data/features/dinov3_vitb16_attr_decking_material_assets.csv,classification,dinov3_frozen_embeddings_logistic_regression_tuned,logistic_regression_tuned,GroupKFold,2,5,114997,Timber,Timber,True,0.1,balanced,0.4514453147477006
attr_decking_material,attr_decking_material,data/processed/train/attr_decking_material_train.csv,data/features/dinov3_vitb16_attr_decking_material_assets.csv,classification,dinov3_frozen_embeddings_logistic_regression_tuned,logistic_regression_tuned,GroupKFold,2,5,115211,Timber,Timber,True,0.1,balanced,0.4514453147477006
attr_decking_material,attr_decking_material,data/processed/train/attr_decking_material_train.csv,data/features/dinov3_vitb16_attr_decking_material_assets.csv,classification,dinov3_frozen_embeddings_logistic_regression_tuned,logistic_regression_tuned,GroupKFold,2,5,115247,Timber,Timber,True,0.1,balanced,0.4514453147477006
attr_decking_material,attr_decking_material,data/processed/train/attr_decking_material_train.csv,data/features/dinov3_vitb16_attr_decking_material_assets.csv,classification,dinov3_frozen_embeddings_logistic_regression_tuned,logistic_regression_tuned,GroupKFold,2,5,115807,Timber,Timber,True,0.1,balanced,0.4514453147477006
attr_decking_material,attr_decking_material,data/processed/train/attr_decking_material_train.csv,data/features/dinov3_vitb16_attr_decking_material_assets.csv,classification,dinov3_frozen_embeddings_logistic_regression_tuned,logistic_regression_tuned,GroupKFold,2,5,115809,Timber,Timber,True,0.1,balanced,0.4514453147477006
attr_decking_material,attr_decking_material,data/processed/train/attr_decking_material_train.csv,data/features/dinov3_vitb16_attr_decking_material_assets.csv,classification,dinov3_frozen_embeddings_logistic_regression_tuned,logistic_regression_tuned,GroupKFold,2,5,116690,Timber,Timber,True,0.1,balanced,0.4514453147477006
attr_decking_material,attr_decking_material,data/processed/train/attr_decking_material_train.csv,data/features/dinov3_vitb16_attr_decking_material_assets.csv,classification,dinov3_frozen_embeddings_logistic_regression_tuned,logistic_regression_tuned,GroupKFold,2,5,116847,Timber,Timber,True,0.1,balanced,0.4514453147477006
attr_decking_material,attr_decking_material,data/processed/train/attr_decking_material_train.csv,data/features/dinov3_vitb16_attr_decking_material_assets.csv,classification,dinov3_frozen_embeddings_logistic_regression_tuned,logistic_regression_tuned,GroupKFold,2,5,117215,Steel,Steel,True,0.1,balanced,0.4514453147477006
attr_decking_material,attr_decking_material,data/processed/train/attr_decking_material_train.csv,data/features/dinov3_vitb16_attr_decking_material_assets.csv,classification,dinov3_frozen_embeddings_logistic_regression_tuned,logistic_regression_tuned,GroupKFold,2,5,117220,Steel,Steel,True,0.1,balanced,0.4514453147477006
attr_decking_material,attr_decking_material,data/processed/train/attr_decking_material_train.csv,data/features/dinov3_vitb16_attr_decking_material_assets.csv,classification,dinov3_frozen_embeddings_logistic_regression_tuned,logistic_regression_tuned,GroupKFold,2,5,117364,Timber,Timber,True,0.1,balanced,0.4514453147477006
attr_decking_material,attr_decking_material,data/processed/train/attr_decking_material_train.csv,data/features/dinov3_vitb16_attr_decking_material_assets.csv,classification,dinov3_frozen_embeddings_logistic_regression_tuned,logistic_regression_tuned,GroupKFold,2,5,117720,Timber,Asphalt,False,0.1,balanced,0.4514453147477006
attr_decking_material,attr_decking_material,data/processed/train/attr_decking_material_train.csv,data/features/dinov3_vitb16_attr_decking_material_assets.csv,classification,dinov3_frozen_embeddings_logistic_regression_tuned,logistic_regression_tuned,GroupKFold,2,5,118246,Timber,Timber,True,0.1,balanced,0.4514453147477006
attr_decking_material,attr_decking_material,data/processed/train/attr_decking_material_train.csv,data/features/dinov3_vitb16_attr_decking_material_assets.csv,classification,dinov3_frozen_embeddings_logistic_regression_tuned,logistic_regression_tuned,GroupKFold,2,5,118250,Timber,Timber,True,0.1,balanced,0.4514453147477006
attr_decking_material,attr_decking_material,data/processed/train/attr_decking_material_train.csv,data/features/dinov3_vitb16_attr_decking_material_assets.csv,classification,dinov3_frozen_embeddings_logistic_regression_tuned,logistic_regression_tuned,GroupKFold,2,5,119851,Timber,Timber,True,0.1,balanced,0.4514453147477006
attr_decking_material,attr_decking_material,data/processed/train/attr_decking_material_train.csv,data/features/dinov3_vitb16_attr_decking_material_assets.csv,classification,dinov3_frozen_embeddings_logistic_regression_tuned,logistic_regression_tuned,GroupKFold,2,5,119948,Timber,Timber,True,0.1,balanced,0.4514453147477006
attr_decking_material,attr_decking_material,data/processed/train/attr_decking_material_train.csv,data/features/dinov3_vitb16_attr_decking_material_assets.csv,classification,dinov3_frozen_embeddings_logistic_regression_tuned,logistic_regression_tuned,GroupKFold,2,5,119973,Timber,Timber,True,0.1,balanced,0.4514453147477006
attr_decking_material,attr_decking_material,data/processed/train/attr_decking_material_train.csv,data/features/dinov3_vitb16_attr_decking_material_assets.csv,classification,dinov3_frozen_embeddings_logistic_regression_tuned,logistic_regression_tuned,GroupKFold,2,5,121500,Timber,Timber,True,0.1,balanced,0.4514453147477006
attr_decking_material,attr_decking_material,data/processed/train/attr_decking_material_train.csv,data/features/dinov3_vitb16_attr_decking_material_assets.csv,classification,dinov3_frozen_embeddings_logistic_regression_tuned,logistic_regression_tuned,GroupKFold,2,5,121618,Aluminum,Steel,False,0.1,balanced,0.4514453147477006
attr_decking_material,attr_decking_material,data/processed/train/attr_decking_material_train.csv,data/features/dinov3_vitb16_attr_decking_material_assets.csv,classification,dinov3_frozen_embeddings_logistic_regression_tuned,logistic_regression_tuned,GroupKFold,2,5,123309,Timber,Timber,True,0.1,balanced,0.4514453147477006
attr_decking_material,attr_decking_material,data/processed/train/attr_decking_material_train.csv,data/features/dinov3_vitb16_attr_decking_material_assets.csv,classification,dinov3_frozen_embeddings_logistic_regression_tuned,logistic_regression_tuned,GroupKFold,2,5,123585,Timber,Timber,True,0.1,balanced,0.4514453147477006
attr_decking_material,attr_decking_material,data/processed/train/attr_decking_material_train.csv,data/features/dinov3_vitb16_attr_decking_material_assets.csv,classification,dinov3_frozen_embeddings_logistic_regression_tuned,logistic_regression_tuned,GroupKFold,2,5,126564,Timber,Timber,True,0.1,balanced,0.4514453147477006
attr_decking_material,attr_decking_material,data/processed/train/attr_decking_material_train.csv,data/features/dinov3_vitb16_attr_decking_material_assets.csv,classification,dinov3_frozen_embeddings_logistic_regression_tuned,logistic_regression_tuned,GroupKFold,2,5,126721,Timber,Steel,False,0.1,balanced,0.4514453147477006
attr_decking_material,attr_decking_material,data/processed/train/attr_decking_material_train.csv,data/features/dinov3_vitb16_attr_decking_material_assets.csv,classification,dinov3_frozen_embeddings_logistic_regression_tuned,logistic_regression_tuned,GroupKFold,2,5,126709,Timber,Timber,True,0.1,balanced,0.4514453147477006
attr_decking_material,attr_decking_material,data/processed/train/attr_decking_material_train.csv,data/features/dinov3_vitb16_attr_decking_material_assets.csv,classification,dinov3_frozen_embeddings_logistic_regression_tuned,logistic_regression_tuned,GroupKFold,2,5,127147,Timber,Timber,True,0.1,balanced,0.4514453147477006
attr_decking_material,attr_decking_material,data/processed/train/attr_decking_material_train.csv,data/features/dinov3_vitb16_attr_decking_material_assets.csv,classification,dinov3_frozen_embeddings_logistic_regression_tuned,logistic_regression_tuned,GroupKFold,2,5,127221,Timber,Timber,True,0.1,balanced,0.4514453147477006
attr_decking_material,attr_decking_material,data/processed/train/attr_decking_material_train.csv,data/features/dinov3_vitb16_attr_decking_material_assets.csv,classification,dinov3_frozen_embeddings_logistic_regression_tuned,logistic_regression_tuned,GroupKFold,2,5,127771,Timber,Timber,True,0.1,balanced,0.4514453147477006
attr_decking_material,attr_decking_material,data/processed/train/attr_decking_material_train.csv,data/features/dinov3_vitb16_attr_decking_material_assets.csv,classification,dinov3_frozen_embeddings_logistic_regression_tuned,logistic_regression_tuned,GroupKFold,2,5,128034,Timber,Timber,True,0.1,balanced,0.4514453147477006
attr_decking_material,attr_decking_material,data/processed/train/attr_decking_material_train.csv,data/features/dinov3_vitb16_attr_decking_material_assets.csv,classification,dinov3_frozen_embeddings_logistic_regression_tuned,logistic_regression_tuned,GroupKFold,2,5,128273,Timber,Steel,False,0.1,balanced,0.4514453147477006
attr_decking_material,attr_decking_material,data/processed/train/attr_decking_material_train.csv,data/features/dinov3_vitb16_attr_decking_material_assets.csv,classification,dinov3_frozen_embeddings_logistic_regression_tuned,logistic_regression_tuned,GroupKFold,2,5,128830,Timber,Timber,True,0.1,balanced,0.4514453147477006
attr_decking_material,attr_decking_material,data/processed/train/attr_decking_material_train.csv,data/features/dinov3_vitb16_attr_decking_material_assets.csv,classification,dinov3_frozen_embeddings_logistic_regression_tuned,logistic_regression_tuned,GroupKFold,2,5,51530,Timber,Timber,True,0.1,balanced,0.4514453147477006
attr_decking_material,attr_decking_material,data/processed/train/attr_decking_material_train.csv,data/features/dinov3_vitb16_attr_decking_material_assets.csv,classification,dinov3_frozen_embeddings_logistic_regression_tuned,logistic_regression_tuned,GroupKFold,2,5,54209,Timber,Timber,True,0.1,balanced,0.4514453147477006
attr_decking_material,attr_decking_material,data/processed/train/attr_decking_material_train.csv,data/features/dinov3_vitb16_attr_decking_material_assets.csv,classification,dinov3_frozen_embeddings_logistic_regression_tuned,logistic_regression_tuned,GroupKFold,2,5,55471,Timber,Timber,True,0.1,balanced,0.4514453147477006
attr_decking_material,attr_decking_material,data/processed/train/attr_decking_material_train.csv,data/features/dinov3_vitb16_attr_decking_material_assets.csv,classification,dinov3_frozen_embeddings_logistic_regression_tuned,logistic_regression_tuned,GroupKFold,2,5,56218,Timber,Timber,True,0.1,balanced,0.4514453147477006
attr_decking_material,attr_decking_material,data/processed/train/attr_decking_material_train.csv,data/features/dinov3_vitb16_attr_decking_material_assets.csv,classification,dinov3_frozen_embeddings_logistic_regression_tuned,logistic_regression_tuned,GroupKFold,2,5,58183,Timber,Concrete,False,0.1,balanced,0.4514453147477006
attr_decking_material,attr_decking_material,data/processed/train/attr_decking_material_train.csv,data/features/dinov3_vitb16_attr_decking_material_assets.csv,classification,dinov3_frozen_embeddings_logistic_regression_tuned,logistic_regression_tuned,GroupKFold,2,5,66056,Timber,Timber,True,0.1,balanced,0.4514453147477006
attr_decking_material,attr_decking_material,data/processed/train/attr_decking_material_train.csv,data/features/dinov3_vitb16_attr_decking_material_assets.csv,classification,dinov3_frozen_embeddings_logistic_regression_tuned,logistic_regression_tuned,GroupKFold,2,5,68021,Timber,Timber,True,0.1,balanced,0.4514453147477006
attr_decking_material,attr_decking_material,data/processed/train/attr_decking_material_train.csv,data/features/dinov3_vitb16_attr_decking_material_assets.csv,classification,dinov3_frozen_embeddings_logistic_regression_tuned,logistic_regression_tuned,GroupKFold,2,5,74894,Timber,Timber,True,0.1,balanced,0.4514453147477006
attr_decking_material,attr_decking_material,data/processed/train/attr_decking_material_train.csv,data/features/dinov3_vitb16_attr_decking_material_assets.csv,classification,dinov3_frozen_embeddings_logistic_regression_tuned,logistic_regression_tuned,GroupKFold,2,5,83431,Timber,Timber,True,0.1,balanced,0.4514453147477006
attr_decking_material,attr_decking_material,data/processed/train/attr_decking_material_train.csv,data/features/dinov3_vitb16_attr_decking_material_assets.csv,classification,dinov3_frozen_embeddings_logistic_regression_tuned,logistic_regression_tuned,GroupKFold,2,5,100150,Timber,Timber,True,0.1,balanced,0.4514453147477006
attr_decking_material,attr_decking_material,data/processed/train/attr_decking_material_train.csv,data/features/dinov3_vitb16_attr_decking_material_assets.csv,classification,dinov3_frozen_embeddings_logistic_regression_tuned,logistic_regression_tuned,GroupKFold,2,5,117398,Timber,Timber,True,0.1,balanced,0.4514453147477006
attr_decking_material,attr_decking_material,data/processed/train/attr_decking_material_train.csv,data/features/dinov3_vitb16_attr_decking_material_assets.csv,classification,dinov3_frozen_embeddings_logistic_regression_tuned,logistic_regression_tuned,GroupKFold,2,5,123389,Timber,Composite,False,0.1,balanced,0.4514453147477006
attr_decking_material,attr_decking_material,data/processed/train/attr_decking_material_train.csv,data/features/dinov3_vitb16_attr_decking_material_assets.csv,classification,dinov3_frozen_embeddings_logistic_regression_tuned,logistic_regression_tuned,GroupKFold,3,5,46615,Timber,Timber,True,0.01,balanced,0.39710126460458817
attr_decking_material,attr_decking_material,data/processed/train/attr_decking_material_train.csv,data/features/dinov3_vitb16_attr_decking_material_assets.csv,classification,dinov3_frozen_embeddings_logistic_regression_tuned,logistic_regression_tuned,GroupKFold,3,5,48119,Timber,Timber,True,0.01,balanced,0.39710126460458817
attr_decking_material,attr_decking_material,data/processed/train/attr_decking_material_train.csv,data/features/dinov3_vitb16_attr_decking_material_assets.csv,classification,dinov3_frozen_embeddings_logistic_regression_tuned,logistic_regression_tuned,GroupKFold,3,5,48120,Timber,Timber,True,0.01,balanced,0.39710126460458817
attr_decking_material,attr_decking_material,data/processed/train/attr_decking_material_train.csv,data/features/dinov3_vitb16_attr_decking_material_assets.csv,classification,dinov3_frozen_embeddings_logistic_regression_tuned,logistic_regression_tuned,GroupKFold,3,5,48936,Timber,Timber,True,0.01,balanced,0.39710126460458817
attr_decking_material,attr_decking_material,data/processed/train/attr_decking_material_train.csv,data/features/dinov3_vitb16_attr_decking_material_assets.csv,classification,dinov3_frozen_embeddings_logistic_regression_tuned,logistic_regression_tuned,GroupKFold,3,5,51254,Timber,Timber,True,0.01,balanced,0.39710126460458817
attr_decking_material,attr_decking_material,data/processed/train/attr_decking_material_train.csv,data/features/dinov3_vitb16_attr_decking_material_assets.csv,classification,dinov3_frozen_embeddings_logistic_regression_tuned,logistic_regression_tuned,GroupKFold,3,5,51603,Timber,Timber,True,0.01,balanced,0.39710126460458817
attr_decking_material,attr_decking_material,data/processed/train/attr_decking_material_train.csv,data/features/dinov3_vitb16_attr_decking_material_assets.csv,classification,dinov3_frozen_embeddings_logistic_regression_tuned,logistic_regression_tuned,GroupKFold,3,5,52244,Timber,Timber,True,0.01,balanced,0.39710126460458817
attr_decking_material,attr_decking_material,data/processed/train/attr_decking_material_train.csv,data/features/dinov3_vitb16_attr_decking_material_assets.csv,classification,dinov3_frozen_embeddings_logistic_regression_tuned,logistic_regression_tuned,GroupKFold,3,5,52469,Timber,Timber,True,0.01,balanced,0.39710126460458817
attr_decking_material,attr_decking_material,data/processed/train/attr_decking_material_train.csv,data/features/dinov3_vitb16_attr_decking_material_assets.csv,classification,dinov3_frozen_embeddings_logistic_regression_tuned,logistic_regression_tuned,GroupKFold,3,5,53993,Timber,Timber,True,0.01,balanced,0.39710126460458817
attr_decking_material,attr_decking_material,data/processed/train/attr_decking_material_train.csv,data/features/dinov3_vitb16_attr_decking_material_assets.csv,classification,dinov3_frozen_embeddings_logistic_regression_tuned,logistic_regression_tuned,GroupKFold,3,5,55645,Timber,Timber,True,0.01,balanced,0.39710126460458817
attr_decking_material,attr_decking_material,data/processed/train/attr_decking_material_train.csv,data/features/dinov3_vitb16_attr_decking_material_assets.csv,classification,dinov3_frozen_embeddings_logistic_regression_tuned,logistic_regression_tuned,GroupKFold,3,5,56209,Timber,Timber,True,0.01,balanced,0.39710126460458817
attr_decking_material,attr_decking_material,data/processed/train/attr_decking_material_train.csv,data/features/dinov3_vitb16_attr_decking_material_assets.csv,classification,dinov3_frozen_embeddings_logistic_regression_tuned,logistic_regression_tuned,GroupKFold,3,5,56877,Timber,Timber,True,0.01,balanced,0.39710126460458817
attr_decking_material,attr_decking_material,data/processed/train/attr_decking_material_train.csv,data/features/dinov3_vitb16_attr_decking_material_assets.csv,classification,dinov3_frozen_embeddings_logistic_regression_tuned,logistic_regression_tuned,GroupKFold,3,5,57747,Timber,Timber,True,0.01,balanced,0.39710126460458817
attr_decking_material,attr_decking_material,data/processed/train/attr_decking_material_train.csv,data/features/dinov3_vitb16_attr_decking_material_assets.csv,classification,dinov3_frozen_embeddings_logistic_regression_tuned,logistic_regression_tuned,GroupKFold,3,5,61734,Timber,Timber,True,0.01,balanced,0.39710126460458817
attr_decking_material,attr_decking_material,data/processed/train/attr_decking_material_train.csv,data/features/dinov3_vitb16_attr_decking_material_assets.csv,classification,dinov3_frozen_embeddings_logistic_regression_tuned,logistic_regression_tuned,GroupKFold,3,5,61732,Timber,Timber,True,0.01,balanced,0.39710126460458817
attr_decking_material,attr_decking_material,data/processed/train/attr_decking_material_train.csv,data/features/dinov3_vitb16_attr_decking_material_assets.csv,classification,dinov3_frozen_embeddings_logistic_regression_tuned,logistic_regression_tuned,GroupKFold,3,5,62446,Timber,Timber,True,0.01,balanced,0.39710126460458817
attr_decking_material,attr_decking_material,data/processed/train/attr_decking_material_train.csv,data/features/dinov3_vitb16_attr_decking_material_assets.csv,classification,dinov3_frozen_embeddings_logistic_regression_tuned,logistic_regression_tuned,GroupKFold,3,5,64273,Timber,Timber,True,0.01,balanced,0.39710126460458817
attr_decking_material,attr_decking_material,data/processed/train/attr_decking_material_train.csv,data/features/dinov3_vitb16_attr_decking_material_assets.csv,classification,dinov3_frozen_embeddings_logistic_regression_tuned,logistic_regression_tuned,GroupKFold,3,5,64887,Timber,Timber,True,0.01,balanced,0.39710126460458817
attr_decking_material,attr_decking_material,data/processed/train/attr_decking_material_train.csv,data/features/dinov3_vitb16_attr_decking_material_assets.csv,classification,dinov3_frozen_embeddings_logistic_regression_tuned,logistic_regression_tuned,GroupKFold,3,5,64889,Timber,Timber,True,0.01,balanced,0.39710126460458817
attr_decking_material,attr_decking_material,data/processed/train/attr_decking_material_train.csv,data/features/dinov3_vitb16_attr_decking_material_assets.csv,classification,dinov3_frozen_embeddings_logistic_regression_tuned,logistic_regression_tuned,GroupKFold,3,5,66040,Timber,Timber,True,0.01,balanced,0.39710126460458817
attr_decking_material,attr_decking_material,data/processed/train/attr_decking_material_train.csv,data/features/dinov3_vitb16_attr_decking_material_assets.csv,classification,dinov3_frozen_embeddings_logistic_regression_tuned,logistic_regression_tuned,GroupKFold,3,5,65430,Timber,Timber,True,0.01,balanced,0.39710126460458817
attr_decking_material,attr_decking_material,data/processed/train/attr_decking_material_train.csv,data/features/dinov3_vitb16_attr_decking_material_assets.csv,classification,dinov3_frozen_embeddings_logistic_regression_tuned,logistic_regression_tuned,GroupKFold,3,5,81875,Timber,Timber,True,0.01,balanced,0.39710126460458817
attr_decking_material,attr_decking_material,data/processed/train/attr_decking_material_train.csv,data/features/dinov3_vitb16_attr_decking_material_assets.csv,classification,dinov3_frozen_embeddings_logistic_regression_tuned,logistic_regression_tuned,GroupKFold,3,5,81411,Timber,Timber,True,0.01,balanced,0.39710126460458817
attr_decking_material,attr_decking_material,data/processed/train/attr_decking_material_train.csv,data/features/dinov3_vitb16_attr_decking_material_assets.csv,classification,dinov3_frozen_embeddings_logistic_regression_tuned,logistic_regression_tuned,GroupKFold,3,5,83895,Timber,Timber,True,0.01,balanced,0.39710126460458817
attr_decking_material,attr_decking_material,data/processed/train/attr_decking_material_train.csv,data/features/dinov3_vitb16_attr_decking_material_assets.csv,classification,dinov3_frozen_embeddings_logistic_regression_tuned,logistic_regression_tuned,GroupKFold,3,5,83926,Timber,Timber,True,0.01,balanced,0.39710126460458817
attr_decking_material,attr_decking_material,data/processed/train/attr_decking_material_train.csv,data/features/dinov3_vitb16_attr_decking_material_assets.csv,classification,dinov3_frozen_embeddings_logistic_regression_tuned,logistic_regression_tuned,GroupKFold,3,5,83938,Timber,Timber,True,0.01,balanced,0.39710126460458817
attr_decking_material,attr_decking_material,data/processed/train/attr_decking_material_train.csv,data/features/dinov3_vitb16_attr_decking_material_assets.csv,classification,dinov3_frozen_embeddings_logistic_regression_tuned,logistic_regression_tuned,GroupKFold,3,5,83944,Timber,Timber,True,0.01,balanced,0.39710126460458817
attr_decking_material,attr_decking_material,data/processed/train/attr_decking_material_train.csv,data/features/dinov3_vitb16_attr_decking_material_assets.csv,classification,dinov3_frozen_embeddings_logistic_regression_tuned,logistic_regression_tuned,GroupKFold,3,5,83952,Timber,Timber,True,0.01,balanced,0.39710126460458817
attr_decking_material,attr_decking_material,data/processed/train/attr_decking_material_train.csv,data/features/dinov3_vitb16_attr_decking_material_assets.csv,classification,dinov3_frozen_embeddings_logistic_regression_tuned,logistic_regression_tuned,GroupKFold,3,5,85078,Timber,Timber,True,0.01,balanced,0.39710126460458817
attr_decking_material,attr_decking_material,data/processed/train/attr_decking_material_train.csv,data/features/dinov3_vitb16_attr_decking_material_assets.csv,classification,dinov3_frozen_embeddings_logistic_regression_tuned,logistic_regression_tuned,GroupKFold,3,5,85171,Timber,Timber,True,0.01,balanced,0.39710126460458817
attr_decking_material,attr_decking_material,data/processed/train/attr_decking_material_train.csv,data/features/dinov3_vitb16_attr_decking_material_assets.csv,classification,dinov3_frozen_embeddings_logistic_regression_tuned,logistic_regression_tuned,GroupKFold,3,5,85482,Timber,Timber,True,0.01,balanced,0.39710126460458817
attr_decking_material,attr_decking_material,data/processed/train/attr_decking_material_train.csv,data/features/dinov3_vitb16_attr_decking_material_assets.csv,classification,dinov3_frozen_embeddings_logistic_regression_tuned,logistic_regression_tuned,GroupKFold,3,5,85479,Timber,Timber,True,0.01,balanced,0.39710126460458817
attr_decking_material,attr_decking_material,data/processed/train/attr_decking_material_train.csv,data/features/dinov3_vitb16_attr_decking_material_assets.csv,classification,dinov3_frozen_embeddings_logistic_regression_tuned,logistic_regression_tuned,GroupKFold,3,5,85491,Timber,Timber,True,0.01,balanced,0.39710126460458817
attr_decking_material,attr_decking_material,data/processed/train/attr_decking_material_train.csv,data/features/dinov3_vitb16_attr_decking_material_assets.csv,classification,dinov3_frozen_embeddings_logistic_regression_tuned,logistic_regression_tuned,GroupKFold,3,5,85490,Timber,Timber,True,0.01,balanced,0.39710126460458817
attr_decking_material,attr_decking_material,data/processed/train/attr_decking_material_train.csv,data/features/dinov3_vitb16_attr_decking_material_assets.csv,classification,dinov3_frozen_embeddings_logistic_regression_tuned,logistic_regression_tuned,GroupKFold,3,5,85497,Timber,Steel,False,0.01,balanced,0.39710126460458817
attr_decking_material,attr_decking_material,data/processed/train/attr_decking_material_train.csv,data/features/dinov3_vitb16_attr_decking_material_assets.csv,classification,dinov3_frozen_embeddings_logistic_regression_tuned,logistic_regression_tuned,GroupKFold,3,5,86039,Timber,Timber,True,0.01,balanced,0.39710126460458817
attr_decking_material,attr_decking_material,data/processed/train/attr_decking_material_train.csv,data/features/dinov3_vitb16_attr_decking_material_assets.csv,classification,dinov3_frozen_embeddings_logistic_regression_tuned,logistic_regression_tuned,GroupKFold,3,5,86040,Timber,Timber,True,0.01,balanced,0.39710126460458817
attr_decking_material,attr_decking_material,data/processed/train/attr_decking_material_train.csv,data/features/dinov3_vitb16_attr_decking_material_assets.csv,classification,dinov3_frozen_embeddings_logistic_regression_tuned,logistic_regression_tuned,GroupKFold,3,5,86072,Timber,Timber,True,0.01,balanced,0.39710126460458817
attr_decking_material,attr_decking_material,data/processed/train/attr_decking_material_train.csv,data/features/dinov3_vitb16_attr_decking_material_assets.csv,classification,dinov3_frozen_embeddings_logistic_regression_tuned,logistic_regression_tuned,GroupKFold,3,5,86077,Timber,Timber,True,0.01,balanced,0.39710126460458817
attr_decking_material,attr_decking_material,data/processed/train/attr_decking_material_train.csv,data/features/dinov3_vitb16_attr_decking_material_assets.csv,classification,dinov3_frozen_embeddings_logistic_regression_tuned,logistic_regression_tuned,GroupKFold,3,5,86079,Timber,Timber,True,0.01,balanced,0.39710126460458817
attr_decking_material,attr_decking_material,data/processed/train/attr_decking_material_train.csv,data/features/dinov3_vitb16_attr_decking_material_assets.csv,classification,dinov3_frozen_embeddings_logistic_regression_tuned,logistic_regression_tuned,GroupKFold,3,5,86085,Timber,Timber,True,0.01,balanced,0.39710126460458817
attr_decking_material,attr_decking_material,data/processed/train/attr_decking_material_train.csv,data/features/dinov3_vitb16_attr_decking_material_assets.csv,classification,dinov3_frozen_embeddings_logistic_regression_tuned,logistic_regression_tuned,GroupKFold,3,5,86097,Timber,Timber,True,0.01,balanced,0.39710126460458817
attr_decking_material,attr_decking_material,data/processed/train/attr_decking_material_train.csv,data/features/dinov3_vitb16_attr_decking_material_assets.csv,classification,dinov3_frozen_embeddings_logistic_regression_tuned,logistic_regression_tuned,GroupKFold,3,5,86100,Timber,Timber,True,0.01,balanced,0.39710126460458817
attr_decking_material,attr_decking_material,data/processed/train/attr_decking_material_train.csv,data/features/dinov3_vitb16_attr_decking_material_assets.csv,classification,dinov3_frozen_embeddings_logistic_regression_tuned,logistic_regression_tuned,GroupKFold,3,5,86118,Timber,Timber,True,0.01,balanced,0.39710126460458817
attr_decking_material,attr_decking_material,data/processed/train/attr_decking_material_train.csv,data/features/dinov3_vitb16_attr_decking_material_assets.csv,classification,dinov3_frozen_embeddings_logistic_regression_tuned,logistic_regression_tuned,GroupKFold,3,5,86124,Timber,Timber,True,0.01,balanced,0.39710126460458817
attr_decking_material,attr_decking_material,data/processed/train/attr_decking_material_train.csv,data/features/dinov3_vitb16_attr_decking_material_assets.csv,classification,dinov3_frozen_embeddings_logistic_regression_tuned,logistic_regression_tuned,GroupKFold,3,5,86140,Timber,Timber,True,0.01,balanced,0.39710126460458817
attr_decking_material,attr_decking_material,data/processed/train/attr_decking_material_train.csv,data/features/dinov3_vitb16_attr_decking_material_assets.csv,classification,dinov3_frozen_embeddings_logistic_regression_tuned,logistic_regression_tuned,GroupKFold,3,5,86148,Timber,Timber,True,0.01,balanced,0.39710126460458817
attr_decking_material,attr_decking_material,data/processed/train/attr_decking_material_train.csv,data/features/dinov3_vitb16_attr_decking_material_assets.csv,classification,dinov3_frozen_embeddings_logistic_regression_tuned,logistic_regression_tuned,GroupKFold,3,5,86173,Timber,Timber,True,0.01,balanced,0.39710126460458817
attr_decking_material,attr_decking_material,data/processed/train/attr_decking_material_train.csv,data/features/dinov3_vitb16_attr_decking_material_assets.csv,classification,dinov3_frozen_embeddings_logistic_regression_tuned,logistic_regression_tuned,GroupKFold,3,5,86179,Timber,Timber,True,0.01,balanced,0.39710126460458817
attr_decking_material,attr_decking_material,data/processed/train/attr_decking_material_train.csv,data/features/dinov3_vitb16_attr_decking_material_assets.csv,classification,dinov3_frozen_embeddings_logistic_regression_tuned,logistic_regression_tuned,GroupKFold,3,5,86191,Timber,Timber,True,0.01,balanced,0.39710126460458817
attr_decking_material,attr_decking_material,data/processed/train/attr_decking_material_train.csv,data/features/dinov3_vitb16_attr_decking_material_assets.csv,classification,dinov3_frozen_embeddings_logistic_regression_tuned,logistic_regression_tuned,GroupKFold,3,5,86193,Timber,Timber,True,0.01,balanced,0.39710126460458817
attr_decking_material,attr_decking_material,data/processed/train/attr_decking_material_train.csv,data/features/dinov3_vitb16_attr_decking_material_assets.csv,classification,dinov3_frozen_embeddings_logistic_regression_tuned,logistic_regression_tuned,GroupKFold,3,5,86203,Timber,Timber,True,0.01,balanced,0.39710126460458817
attr_decking_material,attr_decking_material,data/processed/train/attr_decking_material_train.csv,data/features/dinov3_vitb16_attr_decking_material_assets.csv,classification,dinov3_frozen_embeddings_logistic_regression_tuned,logistic_regression_tuned,GroupKFold,3,5,86199,Timber,Timber,True,0.01,balanced,0.39710126460458817
attr_decking_material,attr_decking_material,data/processed/train/attr_decking_material_train.csv,data/features/dinov3_vitb16_attr_decking_material_assets.csv,classification,dinov3_frozen_embeddings_logistic_regression_tuned,logistic_regression_tuned,GroupKFold,3,5,86207,Timber,Timber,True,0.01,balanced,0.39710126460458817
attr_decking_material,attr_decking_material,data/processed/train/attr_decking_material_train.csv,data/features/dinov3_vitb16_attr_decking_material_assets.csv,classification,dinov3_frozen_embeddings_logistic_regression_tuned,logistic_regression_tuned,GroupKFold,3,5,86210,Timber,Timber,True,0.01,balanced,0.39710126460458817
attr_decking_material,attr_decking_material,data/processed/train/attr_decking_material_train.csv,data/features/dinov3_vitb16_attr_decking_material_assets.csv,classification,dinov3_frozen_embeddings_logistic_regression_tuned,logistic_regression_tuned,GroupKFold,3,5,86212,Timber,Timber,True,0.01,balanced,0.39710126460458817
attr_decking_material,attr_decking_material,data/processed/train/attr_decking_material_train.csv,data/features/dinov3_vitb16_attr_decking_material_assets.csv,classification,dinov3_frozen_embeddings_logistic_regression_tuned,logistic_regression_tuned,GroupKFold,3,5,86225,Timber,Timber,True,0.01,balanced,0.39710126460458817
attr_decking_material,attr_decking_material,data/processed/train/attr_decking_material_train.csv,data/features/dinov3_vitb16_attr_decking_material_assets.csv,classification,dinov3_frozen_embeddings_logistic_regression_tuned,logistic_regression_tuned,GroupKFold,3,5,86237,Timber,Timber,True,0.01,balanced,0.39710126460458817
attr_decking_material,attr_decking_material,data/processed/train/attr_decking_material_train.csv,data/features/dinov3_vitb16_attr_decking_material_assets.csv,classification,dinov3_frozen_embeddings_logistic_regression_tuned,logistic_regression_tuned,GroupKFold,3,5,86235,Timber,Timber,True,0.01,balanced,0.39710126460458817
attr_decking_material,attr_decking_material,data/processed/train/attr_decking_material_train.csv,data/features/dinov3_vitb16_attr_decking_material_assets.csv,classification,dinov3_frozen_embeddings_logistic_regression_tuned,logistic_regression_tuned,GroupKFold,3,5,87992,Timber,Timber,True,0.01,balanced,0.39710126460458817
attr_decking_material,attr_decking_material,data/processed/train/attr_decking_material_train.csv,data/features/dinov3_vitb16_attr_decking_material_assets.csv,classification,dinov3_frozen_embeddings_logistic_regression_tuned,logistic_regression_tuned,GroupKFold,3,5,88097,Timber,Timber,True,0.01,balanced,0.39710126460458817
attr_decking_material,attr_decking_material,data/processed/train/attr_decking_material_train.csv,data/features/dinov3_vitb16_attr_decking_material_assets.csv,classification,dinov3_frozen_embeddings_logistic_regression_tuned,logistic_regression_tuned,GroupKFold,3,5,89574,Timber,Timber,True,0.01,balanced,0.39710126460458817
attr_decking_material,attr_decking_material,data/processed/train/attr_decking_material_train.csv,data/features/dinov3_vitb16_attr_decking_material_assets.csv,classification,dinov3_frozen_embeddings_logistic_regression_tuned,logistic_regression_tuned,GroupKFold,3,5,89577,Timber,Timber,True,0.01,balanced,0.39710126460458817
attr_decking_material,attr_decking_material,data/processed/train/attr_decking_material_train.csv,data/features/dinov3_vitb16_attr_decking_material_assets.csv,classification,dinov3_frozen_embeddings_logistic_regression_tuned,logistic_regression_tuned,GroupKFold,3,5,89595,Timber,Timber,True,0.01,balanced,0.39710126460458817
attr_decking_material,attr_decking_material,data/processed/train/attr_decking_material_train.csv,data/features/dinov3_vitb16_attr_decking_material_assets.csv,classification,dinov3_frozen_embeddings_logistic_regression_tuned,logistic_regression_tuned,GroupKFold,3,5,89724,Timber,Timber,True,0.01,balanced,0.39710126460458817
attr_decking_material,attr_decking_material,data/processed/train/attr_decking_material_train.csv,data/features/dinov3_vitb16_attr_decking_material_assets.csv,classification,dinov3_frozen_embeddings_logistic_regression_tuned,logistic_regression_tuned,GroupKFold,3,5,89728,Timber,Timber,True,0.01,balanced,0.39710126460458817
attr_decking_material,attr_decking_material,data/processed/train/attr_decking_material_train.csv,data/features/dinov3_vitb16_attr_decking_material_assets.csv,classification,dinov3_frozen_embeddings_logistic_regression_tuned,logistic_regression_tuned,GroupKFold,3,5,90319,Timber,Timber,True,0.01,balanced,0.39710126460458817
attr_decking_material,attr_decking_material,data/processed/train/attr_decking_material_train.csv,data/features/dinov3_vitb16_attr_decking_material_assets.csv,classification,dinov3_frozen_embeddings_logistic_regression_tuned,logistic_regression_tuned,GroupKFold,3,5,90335,Timber,Timber,True,0.01,balanced,0.39710126460458817
attr_decking_material,attr_decking_material,data/processed/train/attr_decking_material_train.csv,data/features/dinov3_vitb16_attr_decking_material_assets.csv,classification,dinov3_frozen_embeddings_logistic_regression_tuned,logistic_regression_tuned,GroupKFold,3,5,90346,Timber,Timber,True,0.01,balanced,0.39710126460458817
attr_decking_material,attr_decking_material,data/processed/train/attr_decking_material_train.csv,data/features/dinov3_vitb16_attr_decking_material_assets.csv,classification,dinov3_frozen_embeddings_logistic_regression_tuned,logistic_regression_tuned,GroupKFold,3,5,90349,Timber,Timber,True,0.01,balanced,0.39710126460458817
attr_decking_material,attr_decking_material,data/processed/train/attr_decking_material_train.csv,data/features/dinov3_vitb16_attr_decking_material_assets.csv,classification,dinov3_frozen_embeddings_logistic_regression_tuned,logistic_regression_tuned,GroupKFold,3,5,90366,Timber,Timber,True,0.01,balanced,0.39710126460458817
attr_decking_material,attr_decking_material,data/processed/train/attr_decking_material_train.csv,data/features/dinov3_vitb16_attr_decking_material_assets.csv,classification,dinov3_frozen_embeddings_logistic_regression_tuned,logistic_regression_tuned,GroupKFold,3,5,90375,Timber,Timber,True,0.01,balanced,0.39710126460458817
attr_decking_material,attr_decking_material,data/processed/train/attr_decking_material_train.csv,data/features/dinov3_vitb16_attr_decking_material_assets.csv,classification,dinov3_frozen_embeddings_logistic_regression_tuned,logistic_regression_tuned,GroupKFold,3,5,90380,Timber,Timber,True,0.01,balanced,0.39710126460458817
attr_decking_material,attr_decking_material,data/processed/train/attr_decking_material_train.csv,data/features/dinov3_vitb16_attr_decking_material_assets.csv,classification,dinov3_frozen_embeddings_logistic_regression_tuned,logistic_regression_tuned,GroupKFold,3,5,90390,Timber,Timber,True,0.01,balanced,0.39710126460458817
attr_decking_material,attr_decking_material,data/processed/train/attr_decking_material_train.csv,data/features/dinov3_vitb16_attr_decking_material_assets.csv,classification,dinov3_frozen_embeddings_logistic_regression_tuned,logistic_regression_tuned,GroupKFold,3,5,90398,Timber,Timber,True,0.01,balanced,0.39710126460458817
attr_decking_material,attr_decking_material,data/processed/train/attr_decking_material_train.csv,data/features/dinov3_vitb16_attr_decking_material_assets.csv,classification,dinov3_frozen_embeddings_logistic_regression_tuned,logistic_regression_tuned,GroupKFold,3,5,90400,Timber,Timber,True,0.01,balanced,0.39710126460458817
attr_decking_material,attr_decking_material,data/processed/train/attr_decking_material_train.csv,data/features/dinov3_vitb16_attr_decking_material_assets.csv,classification,dinov3_frozen_embeddings_logistic_regression_tuned,logistic_regression_tuned,GroupKFold,3,5,91714,Timber,Timber,True,0.01,balanced,0.39710126460458817
attr_decking_material,attr_decking_material,data/processed/train/attr_decking_material_train.csv,data/features/dinov3_vitb16_attr_decking_material_assets.csv,classification,dinov3_frozen_embeddings_logistic_regression_tuned,logistic_regression_tuned,GroupKFold,3,5,92018,Timber,Timber,True,0.01,balanced,0.39710126460458817
attr_decking_material,attr_decking_material,data/processed/train/attr_decking_material_train.csv,data/features/dinov3_vitb16_attr_decking_material_assets.csv,classification,dinov3_frozen_embeddings_logistic_regression_tuned,logistic_regression_tuned,GroupKFold,3,5,92023,Timber,Timber,True,0.01,balanced,0.39710126460458817
attr_decking_material,attr_decking_material,data/processed/train/attr_decking_material_train.csv,data/features/dinov3_vitb16_attr_decking_material_assets.csv,classification,dinov3_frozen_embeddings_logistic_regression_tuned,logistic_regression_tuned,GroupKFold,3,5,92025,Timber,Timber,True,0.01,balanced,0.39710126460458817
attr_decking_material,attr_decking_material,data/processed/train/attr_decking_material_train.csv,data/features/dinov3_vitb16_attr_decking_material_assets.csv,classification,dinov3_frozen_embeddings_logistic_regression_tuned,logistic_regression_tuned,GroupKFold,3,5,92026,Timber,Timber,True,0.01,balanced,0.39710126460458817
attr_decking_material,attr_decking_material,data/processed/train/attr_decking_material_train.csv,data/features/dinov3_vitb16_attr_decking_material_assets.csv,classification,dinov3_frozen_embeddings_logistic_regression_tuned,logistic_regression_tuned,GroupKFold,3,5,92035,Timber,Timber,True,0.01,balanced,0.39710126460458817
attr_decking_material,attr_decking_material,data/processed/train/attr_decking_material_train.csv,data/features/dinov3_vitb16_attr_decking_material_assets.csv,classification,dinov3_frozen_embeddings_logistic_regression_tuned,logistic_regression_tuned,GroupKFold,3,5,92036,Timber,Timber,True,0.01,balanced,0.39710126460458817
attr_decking_material,attr_decking_material,data/processed/train/attr_decking_material_train.csv,data/features/dinov3_vitb16_attr_decking_material_assets.csv,classification,dinov3_frozen_embeddings_logistic_regression_tuned,logistic_regression_tuned,GroupKFold,3,5,94266,Timber,Timber,True,0.01,balanced,0.39710126460458817
attr_decking_material,attr_decking_material,data/processed/train/attr_decking_material_train.csv,data/features/dinov3_vitb16_attr_decking_material_assets.csv,classification,dinov3_frozen_embeddings_logistic_regression_tuned,logistic_regression_tuned,GroupKFold,3,5,94272,Timber,Timber,True,0.01,balanced,0.39710126460458817
attr_decking_material,attr_decking_material,data/processed/train/attr_decking_material_train.csv,data/features/dinov3_vitb16_attr_decking_material_assets.csv,classification,dinov3_frozen_embeddings_logistic_regression_tuned,logistic_regression_tuned,GroupKFold,3,5,94273,Timber,Timber,True,0.01,balanced,0.39710126460458817
attr_decking_material,attr_decking_material,data/processed/train/attr_decking_material_train.csv,data/features/dinov3_vitb16_attr_decking_material_assets.csv,classification,dinov3_frozen_embeddings_logistic_regression_tuned,logistic_regression_tuned,GroupKFold,3,5,94287,Timber,Timber,True,0.01,balanced,0.39710126460458817
attr_decking_material,attr_decking_material,data/processed/train/attr_decking_material_train.csv,data/features/dinov3_vitb16_attr_decking_material_assets.csv,classification,dinov3_frozen_embeddings_logistic_regression_tuned,logistic_regression_tuned,GroupKFold,3,5,94299,Timber,Timber,True,0.01,balanced,0.39710126460458817
attr_decking_material,attr_decking_material,data/processed/train/attr_decking_material_train.csv,data/features/dinov3_vitb16_attr_decking_material_assets.csv,classification,dinov3_frozen_embeddings_logistic_regression_tuned,logistic_regression_tuned,GroupKFold,3,5,94300,Timber,Timber,True,0.01,balanced,0.39710126460458817
attr_decking_material,attr_decking_material,data/processed/train/attr_decking_material_train.csv,data/features/dinov3_vitb16_attr_decking_material_assets.csv,classification,dinov3_frozen_embeddings_logistic_regression_tuned,logistic_regression_tuned,GroupKFold,3,5,94344,Timber,Timber,True,0.01,balanced,0.39710126460458817
attr_decking_material,attr_decking_material,data/processed/train/attr_decking_material_train.csv,data/features/dinov3_vitb16_attr_decking_material_assets.csv,classification,dinov3_frozen_embeddings_logistic_regression_tuned,logistic_regression_tuned,GroupKFold,3,5,94352,Timber,Timber,True,0.01,balanced,0.39710126460458817
attr_decking_material,attr_decking_material,data/processed/train/attr_decking_material_train.csv,data/features/dinov3_vitb16_attr_decking_material_assets.csv,classification,dinov3_frozen_embeddings_logistic_regression_tuned,logistic_regression_tuned,GroupKFold,3,5,94359,Timber,Timber,True,0.01,balanced,0.39710126460458817
attr_decking_material,attr_decking_material,data/processed/train/attr_decking_material_train.csv,data/features/dinov3_vitb16_attr_decking_material_assets.csv,classification,dinov3_frozen_embeddings_logistic_regression_tuned,logistic_regression_tuned,GroupKFold,3,5,94362,Timber,Timber,True,0.01,balanced,0.39710126460458817
attr_decking_material,attr_decking_material,data/processed/train/attr_decking_material_train.csv,data/features/dinov3_vitb16_attr_decking_material_assets.csv,classification,dinov3_frozen_embeddings_logistic_regression_tuned,logistic_regression_tuned,GroupKFold,3,5,94377,Timber,Timber,True,0.01,balanced,0.39710126460458817
attr_decking_material,attr_decking_material,data/processed/train/attr_decking_material_train.csv,data/features/dinov3_vitb16_attr_decking_material_assets.csv,classification,dinov3_frozen_embeddings_logistic_regression_tuned,logistic_regression_tuned,GroupKFold,3,5,94379,Timber,Timber,True,0.01,balanced,0.39710126460458817
attr_decking_material,attr_decking_material,data/processed/train/attr_decking_material_train.csv,data/features/dinov3_vitb16_attr_decking_material_assets.csv,classification,dinov3_frozen_embeddings_logistic_regression_tuned,logistic_regression_tuned,GroupKFold,3,5,94385,Timber,Timber,True,0.01,balanced,0.39710126460458817
attr_decking_material,attr_decking_material,data/processed/train/attr_decking_material_train.csv,data/features/dinov3_vitb16_attr_decking_material_assets.csv,classification,dinov3_frozen_embeddings_logistic_regression_tuned,logistic_regression_tuned,GroupKFold,3,5,94390,Timber,Timber,True,0.01,balanced,0.39710126460458817
attr_decking_material,attr_decking_material,data/processed/train/attr_decking_material_train.csv,data/features/dinov3_vitb16_attr_decking_material_assets.csv,classification,dinov3_frozen_embeddings_logistic_regression_tuned,logistic_regression_tuned,GroupKFold,3,5,94405,Timber,Timber,True,0.01,balanced,0.39710126460458817
attr_decking_material,attr_decking_material,data/processed/train/attr_decking_material_train.csv,data/features/dinov3_vitb16_attr_decking_material_assets.csv,classification,dinov3_frozen_embeddings_logistic_regression_tuned,logistic_regression_tuned,GroupKFold,3,5,94415,Timber,Timber,True,0.01,balanced,0.39710126460458817
attr_decking_material,attr_decking_material,data/processed/train/attr_decking_material_train.csv,data/features/dinov3_vitb16_attr_decking_material_assets.csv,classification,dinov3_frozen_embeddings_logistic_regression_tuned,logistic_regression_tuned,GroupKFold,3,5,94416,Timber,Timber,True,0.01,balanced,0.39710126460458817
attr_decking_material,attr_decking_material,data/processed/train/attr_decking_material_train.csv,data/features/dinov3_vitb16_attr_decking_material_assets.csv,classification,dinov3_frozen_embeddings_logistic_regression_tuned,logistic_regression_tuned,GroupKFold,3,5,94783,Timber,Timber,True,0.01,balanced,0.39710126460458817
attr_decking_material,attr_decking_material,data/processed/train/attr_decking_material_train.csv,data/features/dinov3_vitb16_attr_decking_material_assets.csv,classification,dinov3_frozen_embeddings_logistic_regression_tuned,logistic_regression_tuned,GroupKFold,3,5,102412,Timber,Timber,True,0.01,balanced,0.39710126460458817
attr_decking_material,attr_decking_material,data/processed/train/attr_decking_material_train.csv,data/features/dinov3_vitb16_attr_decking_material_assets.csv,classification,dinov3_frozen_embeddings_logistic_regression_tuned,logistic_regression_tuned,GroupKFold,3,5,102440,Timber,Timber,True,0.01,balanced,0.39710126460458817
attr_decking_material,attr_decking_material,data/processed/train/attr_decking_material_train.csv,data/features/dinov3_vitb16_attr_decking_material_assets.csv,classification,dinov3_frozen_embeddings_logistic_regression_tuned,logistic_regression_tuned,GroupKFold,3,5,102974,Timber,Timber,True,0.01,balanced,0.39710126460458817
attr_decking_material,attr_decking_material,data/processed/train/attr_decking_material_train.csv,data/features/dinov3_vitb16_attr_decking_material_assets.csv,classification,dinov3_frozen_embeddings_logistic_regression_tuned,logistic_regression_tuned,GroupKFold,3,5,103700,Timber,Timber,True,0.01,balanced,0.39710126460458817
attr_decking_material,attr_decking_material,data/processed/train/attr_decking_material_train.csv,data/features/dinov3_vitb16_attr_decking_material_assets.csv,classification,dinov3_frozen_embeddings_logistic_regression_tuned,logistic_regression_tuned,GroupKFold,3,5,103752,Timber,Timber,True,0.01,balanced,0.39710126460458817
attr_decking_material,attr_decking_material,data/processed/train/attr_decking_material_train.csv,data/features/dinov3_vitb16_attr_decking_material_assets.csv,classification,dinov3_frozen_embeddings_logistic_regression_tuned,logistic_regression_tuned,GroupKFold,3,5,104070,Timber,Timber,True,0.01,balanced,0.39710126460458817
attr_decking_material,attr_decking_material,data/processed/train/attr_decking_material_train.csv,data/features/dinov3_vitb16_attr_decking_material_assets.csv,classification,dinov3_frozen_embeddings_logistic_regression_tuned,logistic_regression_tuned,GroupKFold,3,5,107048,Timber,Timber,True,0.01,balanced,0.39710126460458817
attr_decking_material,attr_decking_material,data/processed/train/attr_decking_material_train.csv,data/features/dinov3_vitb16_attr_decking_material_assets.csv,classification,dinov3_frozen_embeddings_logistic_regression_tuned,logistic_regression_tuned,GroupKFold,3,5,107062,Timber,Timber,True,0.01,balanced,0.39710126460458817
attr_decking_material,attr_decking_material,data/processed/train/attr_decking_material_train.csv,data/features/dinov3_vitb16_attr_decking_material_assets.csv,classification,dinov3_frozen_embeddings_logistic_regression_tuned,logistic_regression_tuned,GroupKFold,3,5,107066,Timber,Timber,True,0.01,balanced,0.39710126460458817
attr_decking_material,attr_decking_material,data/processed/train/attr_decking_material_train.csv,data/features/dinov3_vitb16_attr_decking_material_assets.csv,classification,dinov3_frozen_embeddings_logistic_regression_tuned,logistic_regression_tuned,GroupKFold,3,5,107140,Timber,Timber,True,0.01,balanced,0.39710126460458817
attr_decking_material,attr_decking_material,data/processed/train/attr_decking_material_train.csv,data/features/dinov3_vitb16_attr_decking_material_assets.csv,classification,dinov3_frozen_embeddings_logistic_regression_tuned,logistic_regression_tuned,GroupKFold,3,5,107317,Timber,Timber,True,0.01,balanced,0.39710126460458817
attr_decking_material,attr_decking_material,data/processed/train/attr_decking_material_train.csv,data/features/dinov3_vitb16_attr_decking_material_assets.csv,classification,dinov3_frozen_embeddings_logistic_regression_tuned,logistic_regression_tuned,GroupKFold,3,5,107359,Timber,Timber,True,0.01,balanced,0.39710126460458817
attr_decking_material,attr_decking_material,data/processed/train/attr_decking_material_train.csv,data/features/dinov3_vitb16_attr_decking_material_assets.csv,classification,dinov3_frozen_embeddings_logistic_regression_tuned,logistic_regression_tuned,GroupKFold,3,5,107363,Timber,Timber,True,0.01,balanced,0.39710126460458817
attr_decking_material,attr_decking_material,data/processed/train/attr_decking_material_train.csv,data/features/dinov3_vitb16_attr_decking_material_assets.csv,classification,dinov3_frozen_embeddings_logistic_regression_tuned,logistic_regression_tuned,GroupKFold,3,5,107882,Timber,Timber,True,0.01,balanced,0.39710126460458817
attr_decking_material,attr_decking_material,data/processed/train/attr_decking_material_train.csv,data/features/dinov3_vitb16_attr_decking_material_assets.csv,classification,dinov3_frozen_embeddings_logistic_regression_tuned,logistic_regression_tuned,GroupKFold,3,5,107888,Timber,Timber,True,0.01,balanced,0.39710126460458817
attr_decking_material,attr_decking_material,data/processed/train/attr_decking_material_train.csv,data/features/dinov3_vitb16_attr_decking_material_assets.csv,classification,dinov3_frozen_embeddings_logistic_regression_tuned,logistic_regression_tuned,GroupKFold,3,5,107901,Timber,Timber,True,0.01,balanced,0.39710126460458817
attr_decking_material,attr_decking_material,data/processed/train/attr_decking_material_train.csv,data/features/dinov3_vitb16_attr_decking_material_assets.csv,classification,dinov3_frozen_embeddings_logistic_regression_tuned,logistic_regression_tuned,GroupKFold,3,5,107966,Timber,Timber,True,0.01,balanced,0.39710126460458817
attr_decking_material,attr_decking_material,data/processed/train/attr_decking_material_train.csv,data/features/dinov3_vitb16_attr_decking_material_assets.csv,classification,dinov3_frozen_embeddings_logistic_regression_tuned,logistic_regression_tuned,GroupKFold,3,5,107980,Timber,Timber,True,0.01,balanced,0.39710126460458817
attr_decking_material,attr_decking_material,data/processed/train/attr_decking_material_train.csv,data/features/dinov3_vitb16_attr_decking_material_assets.csv,classification,dinov3_frozen_embeddings_logistic_regression_tuned,logistic_regression_tuned,GroupKFold,3,5,108001,Timber,Timber,True,0.01,balanced,0.39710126460458817
attr_decking_material,attr_decking_material,data/processed/train/attr_decking_material_train.csv,data/features/dinov3_vitb16_attr_decking_material_assets.csv,classification,dinov3_frozen_embeddings_logistic_regression_tuned,logistic_regression_tuned,GroupKFold,3,5,108009,Timber,Timber,True,0.01,balanced,0.39710126460458817
attr_decking_material,attr_decking_material,data/processed/train/attr_decking_material_train.csv,data/features/dinov3_vitb16_attr_decking_material_assets.csv,classification,dinov3_frozen_embeddings_logistic_regression_tuned,logistic_regression_tuned,GroupKFold,3,5,108011,Timber,Timber,True,0.01,balanced,0.39710126460458817
attr_decking_material,attr_decking_material,data/processed/train/attr_decking_material_train.csv,data/features/dinov3_vitb16_attr_decking_material_assets.csv,classification,dinov3_frozen_embeddings_logistic_regression_tuned,logistic_regression_tuned,GroupKFold,3,5,108296,Timber,Timber,True,0.01,balanced,0.39710126460458817
attr_decking_material,attr_decking_material,data/processed/train/attr_decking_material_train.csv,data/features/dinov3_vitb16_attr_decking_material_assets.csv,classification,dinov3_frozen_embeddings_logistic_regression_tuned,logistic_regression_tuned,GroupKFold,3,5,108339,Timber,Timber,True,0.01,balanced,0.39710126460458817
attr_decking_material,attr_decking_material,data/processed/train/attr_decking_material_train.csv,data/features/dinov3_vitb16_attr_decking_material_assets.csv,classification,dinov3_frozen_embeddings_logistic_regression_tuned,logistic_regression_tuned,GroupKFold,3,5,108341,Timber,Timber,True,0.01,balanced,0.39710126460458817
attr_decking_material,attr_decking_material,data/processed/train/attr_decking_material_train.csv,data/features/dinov3_vitb16_attr_decking_material_assets.csv,classification,dinov3_frozen_embeddings_logistic_regression_tuned,logistic_regression_tuned,GroupKFold,3,5,108355,Timber,Timber,True,0.01,balanced,0.39710126460458817
attr_decking_material,attr_decking_material,data/processed/train/attr_decking_material_train.csv,data/features/dinov3_vitb16_attr_decking_material_assets.csv,classification,dinov3_frozen_embeddings_logistic_regression_tuned,logistic_regression_tuned,GroupKFold,3,5,108727,Timber,Timber,True,0.01,balanced,0.39710126460458817
attr_decking_material,attr_decking_material,data/processed/train/attr_decking_material_train.csv,data/features/dinov3_vitb16_attr_decking_material_assets.csv,classification,dinov3_frozen_embeddings_logistic_regression_tuned,logistic_regression_tuned,GroupKFold,3,5,108779,Timber,Timber,True,0.01,balanced,0.39710126460458817
attr_decking_material,attr_decking_material,data/processed/train/attr_decking_material_train.csv,data/features/dinov3_vitb16_attr_decking_material_assets.csv,classification,dinov3_frozen_embeddings_logistic_regression_tuned,logistic_regression_tuned,GroupKFold,3,5,109163,Timber,Timber,True,0.01,balanced,0.39710126460458817
attr_decking_material,attr_decking_material,data/processed/train/attr_decking_material_train.csv,data/features/dinov3_vitb16_attr_decking_material_assets.csv,classification,dinov3_frozen_embeddings_logistic_regression_tuned,logistic_regression_tuned,GroupKFold,3,5,109174,Timber,Timber,True,0.01,balanced,0.39710126460458817
attr_decking_material,attr_decking_material,data/processed/train/attr_decking_material_train.csv,data/features/dinov3_vitb16_attr_decking_material_assets.csv,classification,dinov3_frozen_embeddings_logistic_regression_tuned,logistic_regression_tuned,GroupKFold,3,5,109419,Timber,Timber,True,0.01,balanced,0.39710126460458817
attr_decking_material,attr_decking_material,data/processed/train/attr_decking_material_train.csv,data/features/dinov3_vitb16_attr_decking_material_assets.csv,classification,dinov3_frozen_embeddings_logistic_regression_tuned,logistic_regression_tuned,GroupKFold,3,5,109815,Timber,Timber,True,0.01,balanced,0.39710126460458817
attr_decking_material,attr_decking_material,data/processed/train/attr_decking_material_train.csv,data/features/dinov3_vitb16_attr_decking_material_assets.csv,classification,dinov3_frozen_embeddings_logistic_regression_tuned,logistic_regression_tuned,GroupKFold,3,5,110280,Timber,Timber,True,0.01,balanced,0.39710126460458817
attr_decking_material,attr_decking_material,data/processed/train/attr_decking_material_train.csv,data/features/dinov3_vitb16_attr_decking_material_assets.csv,classification,dinov3_frozen_embeddings_logistic_regression_tuned,logistic_regression_tuned,GroupKFold,3,5,110283,Timber,Timber,True,0.01,balanced,0.39710126460458817
attr_decking_material,attr_decking_material,data/processed/train/attr_decking_material_train.csv,data/features/dinov3_vitb16_attr_decking_material_assets.csv,classification,dinov3_frozen_embeddings_logistic_regression_tuned,logistic_regression_tuned,GroupKFold,3,5,110975,Timber,Timber,True,0.01,balanced,0.39710126460458817
attr_decking_material,attr_decking_material,data/processed/train/attr_decking_material_train.csv,data/features/dinov3_vitb16_attr_decking_material_assets.csv,classification,dinov3_frozen_embeddings_logistic_regression_tuned,logistic_regression_tuned,GroupKFold,3,5,110976,Timber,Timber,True,0.01,balanced,0.39710126460458817
attr_decking_material,attr_decking_material,data/processed/train/attr_decking_material_train.csv,data/features/dinov3_vitb16_attr_decking_material_assets.csv,classification,dinov3_frozen_embeddings_logistic_regression_tuned,logistic_regression_tuned,GroupKFold,3,5,111673,Timber,Timber,True,0.01,balanced,0.39710126460458817
attr_decking_material,attr_decking_material,data/processed/train/attr_decking_material_train.csv,data/features/dinov3_vitb16_attr_decking_material_assets.csv,classification,dinov3_frozen_embeddings_logistic_regression_tuned,logistic_regression_tuned,GroupKFold,3,5,111774,Timber,Timber,True,0.01,balanced,0.39710126460458817
attr_decking_material,attr_decking_material,data/processed/train/attr_decking_material_train.csv,data/features/dinov3_vitb16_attr_decking_material_assets.csv,classification,dinov3_frozen_embeddings_logistic_regression_tuned,logistic_regression_tuned,GroupKFold,3,5,111789,Timber,Timber,True,0.01,balanced,0.39710126460458817
attr_decking_material,attr_decking_material,data/processed/train/attr_decking_material_train.csv,data/features/dinov3_vitb16_attr_decking_material_assets.csv,classification,dinov3_frozen_embeddings_logistic_regression_tuned,logistic_regression_tuned,GroupKFold,3,5,111794,Timber,Timber,True,0.01,balanced,0.39710126460458817
attr_decking_material,attr_decking_material,data/processed/train/attr_decking_material_train.csv,data/features/dinov3_vitb16_attr_decking_material_assets.csv,classification,dinov3_frozen_embeddings_logistic_regression_tuned,logistic_regression_tuned,GroupKFold,3,5,111796,Timber,Timber,True,0.01,balanced,0.39710126460458817
attr_decking_material,attr_decking_material,data/processed/train/attr_decking_material_train.csv,data/features/dinov3_vitb16_attr_decking_material_assets.csv,classification,dinov3_frozen_embeddings_logistic_regression_tuned,logistic_regression_tuned,GroupKFold,3,5,111800,Timber,Timber,True,0.01,balanced,0.39710126460458817
attr_decking_material,attr_decking_material,data/processed/train/attr_decking_material_train.csv,data/features/dinov3_vitb16_attr_decking_material_assets.csv,classification,dinov3_frozen_embeddings_logistic_regression_tuned,logistic_regression_tuned,GroupKFold,3,5,111813,Timber,Timber,True,0.01,balanced,0.39710126460458817
attr_decking_material,attr_decking_material,data/processed/train/attr_decking_material_train.csv,data/features/dinov3_vitb16_attr_decking_material_assets.csv,classification,dinov3_frozen_embeddings_logistic_regression_tuned,logistic_regression_tuned,GroupKFold,3,5,111831,Timber,Timber,True,0.01,balanced,0.39710126460458817
attr_decking_material,attr_decking_material,data/processed/train/attr_decking_material_train.csv,data/features/dinov3_vitb16_attr_decking_material_assets.csv,classification,dinov3_frozen_embeddings_logistic_regression_tuned,logistic_regression_tuned,GroupKFold,3,5,111832,Timber,Timber,True,0.01,balanced,0.39710126460458817
attr_decking_material,attr_decking_material,data/processed/train/attr_decking_material_train.csv,data/features/dinov3_vitb16_attr_decking_material_assets.csv,classification,dinov3_frozen_embeddings_logistic_regression_tuned,logistic_regression_tuned,GroupKFold,3,5,112965,Timber,Timber,True,0.01,balanced,0.39710126460458817
attr_decking_material,attr_decking_material,data/processed/train/attr_decking_material_train.csv,data/features/dinov3_vitb16_attr_decking_material_assets.csv,classification,dinov3_frozen_embeddings_logistic_regression_tuned,logistic_regression_tuned,GroupKFold,3,5,113130,Timber,Timber,True,0.01,balanced,0.39710126460458817
attr_decking_material,attr_decking_material,data/processed/train/attr_decking_material_train.csv,data/features/dinov3_vitb16_attr_decking_material_assets.csv,classification,dinov3_frozen_embeddings_logistic_regression_tuned,logistic_regression_tuned,GroupKFold,3,5,113178,Timber,Timber,True,0.01,balanced,0.39710126460458817
attr_decking_material,attr_decking_material,data/processed/train/attr_decking_material_train.csv,data/features/dinov3_vitb16_attr_decking_material_assets.csv,classification,dinov3_frozen_embeddings_logistic_regression_tuned,logistic_regression_tuned,GroupKFold,3,5,114284,Timber,Timber,True,0.01,balanced,0.39710126460458817
attr_decking_material,attr_decking_material,data/processed/train/attr_decking_material_train.csv,data/features/dinov3_vitb16_attr_decking_material_assets.csv,classification,dinov3_frozen_embeddings_logistic_regression_tuned,logistic_regression_tuned,GroupKFold,3,5,114632,Timber,Timber,True,0.01,balanced,0.39710126460458817
attr_decking_material,attr_decking_material,data/processed/train/attr_decking_material_train.csv,data/features/dinov3_vitb16_attr_decking_material_assets.csv,classification,dinov3_frozen_embeddings_logistic_regression_tuned,logistic_regression_tuned,GroupKFold,3,5,114916,Timber,Timber,True,0.01,balanced,0.39710126460458817
attr_decking_material,attr_decking_material,data/processed/train/attr_decking_material_train.csv,data/features/dinov3_vitb16_attr_decking_material_assets.csv,classification,dinov3_frozen_embeddings_logistic_regression_tuned,logistic_regression_tuned,GroupKFold,3,5,114925,Timber,Timber,True,0.01,balanced,0.39710126460458817
attr_decking_material,attr_decking_material,data/processed/train/attr_decking_material_train.csv,data/features/dinov3_vitb16_attr_decking_material_assets.csv,classification,dinov3_frozen_embeddings_logistic_regression_tuned,logistic_regression_tuned,GroupKFold,3,5,115442,Timber,Timber,True,0.01,balanced,0.39710126460458817
attr_decking_material,attr_decking_material,data/processed/train/attr_decking_material_train.csv,data/features/dinov3_vitb16_attr_decking_material_assets.csv,classification,dinov3_frozen_embeddings_logistic_regression_tuned,logistic_regression_tuned,GroupKFold,3,5,117203,Timber,Timber,True,0.01,balanced,0.39710126460458817
attr_decking_material,attr_decking_material,data/processed/train/attr_decking_material_train.csv,data/features/dinov3_vitb16_attr_decking_material_assets.csv,classification,dinov3_frozen_embeddings_logistic_regression_tuned,logistic_regression_tuned,GroupKFold,3,5,117586,Timber,Timber,True,0.01,balanced,0.39710126460458817
attr_decking_material,attr_decking_material,data/processed/train/attr_decking_material_train.csv,data/features/dinov3_vitb16_attr_decking_material_assets.csv,classification,dinov3_frozen_embeddings_logistic_regression_tuned,logistic_regression_tuned,GroupKFold,3,5,117608,Timber,Timber,True,0.01,balanced,0.39710126460458817
attr_decking_material,attr_decking_material,data/processed/train/attr_decking_material_train.csv,data/features/dinov3_vitb16_attr_decking_material_assets.csv,classification,dinov3_frozen_embeddings_logistic_regression_tuned,logistic_regression_tuned,GroupKFold,3,5,120661,Steel,Steel,True,0.01,balanced,0.39710126460458817
attr_decking_material,attr_decking_material,data/processed/train/attr_decking_material_train.csv,data/features/dinov3_vitb16_attr_decking_material_assets.csv,classification,dinov3_frozen_embeddings_logistic_regression_tuned,logistic_regression_tuned,GroupKFold,3,5,120662,Steel,Steel,True,0.01,balanced,0.39710126460458817
attr_decking_material,attr_decking_material,data/processed/train/attr_decking_material_train.csv,data/features/dinov3_vitb16_attr_decking_material_assets.csv,classification,dinov3_frozen_embeddings_logistic_regression_tuned,logistic_regression_tuned,GroupKFold,3,5,121015,Timber,Timber,True,0.01,balanced,0.39710126460458817
attr_decking_material,attr_decking_material,data/processed/train/attr_decking_material_train.csv,data/features/dinov3_vitb16_attr_decking_material_assets.csv,classification,dinov3_frozen_embeddings_logistic_regression_tuned,logistic_regression_tuned,GroupKFold,3,5,121247,Timber,Timber,True,0.01,balanced,0.39710126460458817
attr_decking_material,attr_decking_material,data/processed/train/attr_decking_material_train.csv,data/features/dinov3_vitb16_attr_decking_material_assets.csv,classification,dinov3_frozen_embeddings_logistic_regression_tuned,logistic_regression_tuned,GroupKFold,3,5,121570,Timber,Timber,True,0.01,balanced,0.39710126460458817
attr_decking_material,attr_decking_material,data/processed/train/attr_decking_material_train.csv,data/features/dinov3_vitb16_attr_decking_material_assets.csv,classification,dinov3_frozen_embeddings_logistic_regression_tuned,logistic_regression_tuned,GroupKFold,3,5,121576,Timber,Timber,True,0.01,balanced,0.39710126460458817
attr_decking_material,attr_decking_material,data/processed/train/attr_decking_material_train.csv,data/features/dinov3_vitb16_attr_decking_material_assets.csv,classification,dinov3_frozen_embeddings_logistic_regression_tuned,logistic_regression_tuned,GroupKFold,3,5,121587,Timber,Timber,True,0.01,balanced,0.39710126460458817
attr_decking_material,attr_decking_material,data/processed/train/attr_decking_material_train.csv,data/features/dinov3_vitb16_attr_decking_material_assets.csv,classification,dinov3_frozen_embeddings_logistic_regression_tuned,logistic_regression_tuned,GroupKFold,3,5,121598,Timber,Timber,True,0.01,balanced,0.39710126460458817
attr_decking_material,attr_decking_material,data/processed/train/attr_decking_material_train.csv,data/features/dinov3_vitb16_attr_decking_material_assets.csv,classification,dinov3_frozen_embeddings_logistic_regression_tuned,logistic_regression_tuned,GroupKFold,3,5,121670,Timber,Timber,True,0.01,balanced,0.39710126460458817
attr_decking_material,attr_decking_material,data/processed/train/attr_decking_material_train.csv,data/features/dinov3_vitb16_attr_decking_material_assets.csv,classification,dinov3_frozen_embeddings_logistic_regression_tuned,logistic_regression_tuned,GroupKFold,3,5,121673,Timber,Timber,True,0.01,balanced,0.39710126460458817
attr_decking_material,attr_decking_material,data/processed/train/attr_decking_material_train.csv,data/features/dinov3_vitb16_attr_decking_material_assets.csv,classification,dinov3_frozen_embeddings_logistic_regression_tuned,logistic_regression_tuned,GroupKFold,3,5,121744,Steel,Steel,True,0.01,balanced,0.39710126460458817
attr_decking_material,attr_decking_material,data/processed/train/attr_decking_material_train.csv,data/features/dinov3_vitb16_attr_decking_material_assets.csv,classification,dinov3_frozen_embeddings_logistic_regression_tuned,logistic_regression_tuned,GroupKFold,3,5,121748,Steel,Steel,True,0.01,balanced,0.39710126460458817
attr_decking_material,attr_decking_material,data/processed/train/attr_decking_material_train.csv,data/features/dinov3_vitb16_attr_decking_material_assets.csv,classification,dinov3_frozen_embeddings_logistic_regression_tuned,logistic_regression_tuned,GroupKFold,3,5,121750,Steel,Steel,True,0.01,balanced,0.39710126460458817
attr_decking_material,attr_decking_material,data/processed/train/attr_decking_material_train.csv,data/features/dinov3_vitb16_attr_decking_material_assets.csv,classification,dinov3_frozen_embeddings_logistic_regression_tuned,logistic_regression_tuned,GroupKFold,3,5,121779,Timber,Timber,True,0.01,balanced,0.39710126460458817
attr_decking_material,attr_decking_material,data/processed/train/attr_decking_material_train.csv,data/features/dinov3_vitb16_attr_decking_material_assets.csv,classification,dinov3_frozen_embeddings_logistic_regression_tuned,logistic_regression_tuned,GroupKFold,3,5,122404,Timber,Timber,True,0.01,balanced,0.39710126460458817
attr_decking_material,attr_decking_material,data/processed/train/attr_decking_material_train.csv,data/features/dinov3_vitb16_attr_decking_material_assets.csv,classification,dinov3_frozen_embeddings_logistic_regression_tuned,logistic_regression_tuned,GroupKFold,3,5,122406,Timber,Timber,True,0.01,balanced,0.39710126460458817
attr_decking_material,attr_decking_material,data/processed/train/attr_decking_material_train.csv,data/features/dinov3_vitb16_attr_decking_material_assets.csv,classification,dinov3_frozen_embeddings_logistic_regression_tuned,logistic_regression_tuned,GroupKFold,3,5,122699,Timber,Timber,True,0.01,balanced,0.39710126460458817
attr_decking_material,attr_decking_material,data/processed/train/attr_decking_material_train.csv,data/features/dinov3_vitb16_attr_decking_material_assets.csv,classification,dinov3_frozen_embeddings_logistic_regression_tuned,logistic_regression_tuned,GroupKFold,3,5,122833,Timber,Timber,True,0.01,balanced,0.39710126460458817
attr_decking_material,attr_decking_material,data/processed/train/attr_decking_material_train.csv,data/features/dinov3_vitb16_attr_decking_material_assets.csv,classification,dinov3_frozen_embeddings_logistic_regression_tuned,logistic_regression_tuned,GroupKFold,3,5,123094,Timber,Timber,True,0.01,balanced,0.39710126460458817
attr_decking_material,attr_decking_material,data/processed/train/attr_decking_material_train.csv,data/features/dinov3_vitb16_attr_decking_material_assets.csv,classification,dinov3_frozen_embeddings_logistic_regression_tuned,logistic_regression_tuned,GroupKFold,3,5,123104,Timber,Timber,True,0.01,balanced,0.39710126460458817
attr_decking_material,attr_decking_material,data/processed/train/attr_decking_material_train.csv,data/features/dinov3_vitb16_attr_decking_material_assets.csv,classification,dinov3_frozen_embeddings_logistic_regression_tuned,logistic_regression_tuned,GroupKFold,3,5,123256,Timber,Timber,True,0.01,balanced,0.39710126460458817
attr_decking_material,attr_decking_material,data/processed/train/attr_decking_material_train.csv,data/features/dinov3_vitb16_attr_decking_material_assets.csv,classification,dinov3_frozen_embeddings_logistic_regression_tuned,logistic_regression_tuned,GroupKFold,3,5,123259,Timber,Timber,True,0.01,balanced,0.39710126460458817
attr_decking_material,attr_decking_material,data/processed/train/attr_decking_material_train.csv,data/features/dinov3_vitb16_attr_decking_material_assets.csv,classification,dinov3_frozen_embeddings_logistic_regression_tuned,logistic_regression_tuned,GroupKFold,3,5,123260,Timber,Timber,True,0.01,balanced,0.39710126460458817
attr_decking_material,attr_decking_material,data/processed/train/attr_decking_material_train.csv,data/features/dinov3_vitb16_attr_decking_material_assets.csv,classification,dinov3_frozen_embeddings_logistic_regression_tuned,logistic_regression_tuned,GroupKFold,3,5,123473,Timber,Timber,True,0.01,balanced,0.39710126460458817
attr_decking_material,attr_decking_material,data/processed/train/attr_decking_material_train.csv,data/features/dinov3_vitb16_attr_decking_material_assets.csv,classification,dinov3_frozen_embeddings_logistic_regression_tuned,logistic_regression_tuned,GroupKFold,3,5,126687,Timber,Timber,True,0.01,balanced,0.39710126460458817
attr_decking_material,attr_decking_material,data/processed/train/attr_decking_material_train.csv,data/features/dinov3_vitb16_attr_decking_material_assets.csv,classification,dinov3_frozen_embeddings_logistic_regression_tuned,logistic_regression_tuned,GroupKFold,3,5,126690,Timber,Timber,True,0.01,balanced,0.39710126460458817
attr_decking_material,attr_decking_material,data/processed/train/attr_decking_material_train.csv,data/features/dinov3_vitb16_attr_decking_material_assets.csv,classification,dinov3_frozen_embeddings_logistic_regression_tuned,logistic_regression_tuned,GroupKFold,3,5,126706,Timber,Timber,True,0.01,balanced,0.39710126460458817
attr_decking_material,attr_decking_material,data/processed/train/attr_decking_material_train.csv,data/features/dinov3_vitb16_attr_decking_material_assets.csv,classification,dinov3_frozen_embeddings_logistic_regression_tuned,logistic_regression_tuned,GroupKFold,3,5,126780,Timber,Timber,True,0.01,balanced,0.39710126460458817
attr_decking_material,attr_decking_material,data/processed/train/attr_decking_material_train.csv,data/features/dinov3_vitb16_attr_decking_material_assets.csv,classification,dinov3_frozen_embeddings_logistic_regression_tuned,logistic_regression_tuned,GroupKFold,3,5,127165,Timber,Timber,True,0.01,balanced,0.39710126460458817
attr_decking_material,attr_decking_material,data/processed/train/attr_decking_material_train.csv,data/features/dinov3_vitb16_attr_decking_material_assets.csv,classification,dinov3_frozen_embeddings_logistic_regression_tuned,logistic_regression_tuned,GroupKFold,3,5,127242,Timber,Timber,True,0.01,balanced,0.39710126460458817
attr_decking_material,attr_decking_material,data/processed/train/attr_decking_material_train.csv,data/features/dinov3_vitb16_attr_decking_material_assets.csv,classification,dinov3_frozen_embeddings_logistic_regression_tuned,logistic_regression_tuned,GroupKFold,3,5,127653,Timber,Timber,True,0.01,balanced,0.39710126460458817
attr_decking_material,attr_decking_material,data/processed/train/attr_decking_material_train.csv,data/features/dinov3_vitb16_attr_decking_material_assets.csv,classification,dinov3_frozen_embeddings_logistic_regression_tuned,logistic_regression_tuned,GroupKFold,3,5,127756,Timber,Timber,True,0.01,balanced,0.39710126460458817
attr_decking_material,attr_decking_material,data/processed/train/attr_decking_material_train.csv,data/features/dinov3_vitb16_attr_decking_material_assets.csv,classification,dinov3_frozen_embeddings_logistic_regression_tuned,logistic_regression_tuned,GroupKFold,3,5,89766,Timber,Timber,True,0.01,balanced,0.39710126460458817
attr_decking_material,attr_decking_material,data/processed/train/attr_decking_material_train.csv,data/features/dinov3_vitb16_attr_decking_material_assets.csv,classification,dinov3_frozen_embeddings_logistic_regression_tuned,logistic_regression_tuned,GroupKFold,3,5,103626,Timber,Steel,False,0.01,balanced,0.39710126460458817
attr_decking_material,attr_decking_material,data/processed/train/attr_decking_material_train.csv,data/features/dinov3_vitb16_attr_decking_material_assets.csv,classification,dinov3_frozen_embeddings_logistic_regression_tuned,logistic_regression_tuned,GroupKFold,3,5,104871,Timber,Timber,True,0.01,balanced,0.39710126460458817
attr_decking_material,attr_decking_material,data/processed/train/attr_decking_material_train.csv,data/features/dinov3_vitb16_attr_decking_material_assets.csv,classification,dinov3_frozen_embeddings_logistic_regression_tuned,logistic_regression_tuned,GroupKFold,3,5,109183,Timber,Timber,True,0.01,balanced,0.39710126460458817
attr_decking_material,attr_decking_material,data/processed/train/attr_decking_material_train.csv,data/features/dinov3_vitb16_attr_decking_material_assets.csv,classification,dinov3_frozen_embeddings_logistic_regression_tuned,logistic_regression_tuned,GroupKFold,3,5,109185,Timber,Timber,True,0.01,balanced,0.39710126460458817
attr_decking_material,attr_decking_material,data/processed/train/attr_decking_material_train.csv,data/features/dinov3_vitb16_attr_decking_material_assets.csv,classification,dinov3_frozen_embeddings_logistic_regression_tuned,logistic_regression_tuned,GroupKFold,3,5,110257,Timber,Timber,True,0.01,balanced,0.39710126460458817
attr_decking_material,attr_decking_material,data/processed/train/attr_decking_material_train.csv,data/features/dinov3_vitb16_attr_decking_material_assets.csv,classification,dinov3_frozen_embeddings_logistic_regression_tuned,logistic_regression_tuned,GroupKFold,3,5,112068,Timber,Timber,True,0.01,balanced,0.39710126460458817
attr_decking_material,attr_decking_material,data/processed/train/attr_decking_material_train.csv,data/features/dinov3_vitb16_attr_decking_material_assets.csv,classification,dinov3_frozen_embeddings_logistic_regression_tuned,logistic_regression_tuned,GroupKFold,3,5,114049,Timber,Timber,True,0.01,balanced,0.39710126460458817
attr_decking_material,attr_decking_material,data/processed/train/attr_decking_material_train.csv,data/features/dinov3_vitb16_attr_decking_material_assets.csv,classification,dinov3_frozen_embeddings_logistic_regression_tuned,logistic_regression_tuned,GroupKFold,3,5,114182,Timber,Timber,True,0.01,balanced,0.39710126460458817
attr_decking_material,attr_decking_material,data/processed/train/attr_decking_material_train.csv,data/features/dinov3_vitb16_attr_decking_material_assets.csv,classification,dinov3_frozen_embeddings_logistic_regression_tuned,logistic_regression_tuned,GroupKFold,3,5,114245,Timber,Timber,True,0.01,balanced,0.39710126460458817
attr_decking_material,attr_decking_material,data/processed/train/attr_decking_material_train.csv,data/features/dinov3_vitb16_attr_decking_material_assets.csv,classification,dinov3_frozen_embeddings_logistic_regression_tuned,logistic_regression_tuned,GroupKFold,3,5,114247,Timber,Steel,False,0.01,balanced,0.39710126460458817
attr_decking_material,attr_decking_material,data/processed/train/attr_decking_material_train.csv,data/features/dinov3_vitb16_attr_decking_material_assets.csv,classification,dinov3_frozen_embeddings_logistic_regression_tuned,logistic_regression_tuned,GroupKFold,3,5,114272,Timber,Timber,True,0.01,balanced,0.39710126460458817
attr_decking_material,attr_decking_material,data/processed/train/attr_decking_material_train.csv,data/features/dinov3_vitb16_attr_decking_material_assets.csv,classification,dinov3_frozen_embeddings_logistic_regression_tuned,logistic_regression_tuned,GroupKFold,3,5,122440,Timber,Timber,True,0.01,balanced,0.39710126460458817
attr_decking_material,attr_decking_material,data/processed/train/attr_decking_material_train.csv,data/features/dinov3_vitb16_attr_decking_material_assets.csv,classification,dinov3_frozen_embeddings_logistic_regression_tuned,logistic_regression_tuned,GroupKFold,3,5,128878,Timber,Timber,True,0.01,balanced,0.39710126460458817
attr_decking_material,attr_decking_material,data/processed/train/attr_decking_material_train.csv,data/features/dinov3_vitb16_attr_decking_material_assets.csv,classification,dinov3_frozen_embeddings_logistic_regression_tuned,logistic_regression_tuned,GroupKFold,3,5,129397,Timber,Timber,True,0.01,balanced,0.39710126460458817
attr_decking_material,attr_decking_material,data/processed/train/attr_decking_material_train.csv,data/features/dinov3_vitb16_attr_decking_material_assets.csv,classification,dinov3_frozen_embeddings_logistic_regression_tuned,logistic_regression_tuned,GroupKFold,3,5,46340,Timber,Timber,True,0.01,balanced,0.39710126460458817
attr_decking_material,attr_decking_material,data/processed/train/attr_decking_material_train.csv,data/features/dinov3_vitb16_attr_decking_material_assets.csv,classification,dinov3_frozen_embeddings_logistic_regression_tuned,logistic_regression_tuned,GroupKFold,3,5,46922,Timber,Timber,True,0.01,balanced,0.39710126460458817
attr_decking_material,attr_decking_material,data/processed/train/attr_decking_material_train.csv,data/features/dinov3_vitb16_attr_decking_material_assets.csv,classification,dinov3_frozen_embeddings_logistic_regression_tuned,logistic_regression_tuned,GroupKFold,3,5,46924,Timber,Timber,True,0.01,balanced,0.39710126460458817
attr_decking_material,attr_decking_material,data/processed/train/attr_decking_material_train.csv,data/features/dinov3_vitb16_attr_decking_material_assets.csv,classification,dinov3_frozen_embeddings_logistic_regression_tuned,logistic_regression_tuned,GroupKFold,3,5,46932,Timber,Timber,True,0.01,balanced,0.39710126460458817
attr_decking_material,attr_decking_material,data/processed/train/attr_decking_material_train.csv,data/features/dinov3_vitb16_attr_decking_material_assets.csv,classification,dinov3_frozen_embeddings_logistic_regression_tuned,logistic_regression_tuned,GroupKFold,3,5,48345,Timber,Timber,True,0.01,balanced,0.39710126460458817
attr_decking_material,attr_decking_material,data/processed/train/attr_decking_material_train.csv,data/features/dinov3_vitb16_attr_decking_material_assets.csv,classification,dinov3_frozen_embeddings_logistic_regression_tuned,logistic_regression_tuned,GroupKFold,3,5,49058,Timber,Timber,True,0.01,balanced,0.39710126460458817
attr_decking_material,attr_decking_material,data/processed/train/attr_decking_material_train.csv,data/features/dinov3_vitb16_attr_decking_material_assets.csv,classification,dinov3_frozen_embeddings_logistic_regression_tuned,logistic_regression_tuned,GroupKFold,3,5,49059,Timber,Timber,True,0.01,balanced,0.39710126460458817
attr_decking_material,attr_decking_material,data/processed/train/attr_decking_material_train.csv,data/features/dinov3_vitb16_attr_decking_material_assets.csv,classification,dinov3_frozen_embeddings_logistic_regression_tuned,logistic_regression_tuned,GroupKFold,3,5,49062,Asphalt,Concrete,False,0.01,balanced,0.39710126460458817
attr_decking_material,attr_decking_material,data/processed/train/attr_decking_material_train.csv,data/features/dinov3_vitb16_attr_decking_material_assets.csv,classification,dinov3_frozen_embeddings_logistic_regression_tuned,logistic_regression_tuned,GroupKFold,3,5,49244,Timber,Timber,True,0.01,balanced,0.39710126460458817
attr_decking_material,attr_decking_material,data/processed/train/attr_decking_material_train.csv,data/features/dinov3_vitb16_attr_decking_material_assets.csv,classification,dinov3_frozen_embeddings_logistic_regression_tuned,logistic_regression_tuned,GroupKFold,3,5,50821,Timber,Timber,True,0.01,balanced,0.39710126460458817
attr_decking_material,attr_decking_material,data/processed/train/attr_decking_material_train.csv,data/features/dinov3_vitb16_attr_decking_material_assets.csv,classification,dinov3_frozen_embeddings_logistic_regression_tuned,logistic_regression_tuned,GroupKFold,3,5,51525,Steel,Steel,True,0.01,balanced,0.39710126460458817
attr_decking_material,attr_decking_material,data/processed/train/attr_decking_material_train.csv,data/features/dinov3_vitb16_attr_decking_material_assets.csv,classification,dinov3_frozen_embeddings_logistic_regression_tuned,logistic_regression_tuned,GroupKFold,3,5,51533,Timber,Timber,True,0.01,balanced,0.39710126460458817
attr_decking_material,attr_decking_material,data/processed/train/attr_decking_material_train.csv,data/features/dinov3_vitb16_attr_decking_material_assets.csv,classification,dinov3_frozen_embeddings_logistic_regression_tuned,logistic_regression_tuned,GroupKFold,3,5,51799,Timber,Timber,True,0.01,balanced,0.39710126460458817
attr_decking_material,attr_decking_material,data/processed/train/attr_decking_material_train.csv,data/features/dinov3_vitb16_attr_decking_material_assets.csv,classification,dinov3_frozen_embeddings_logistic_regression_tuned,logistic_regression_tuned,GroupKFold,3,5,53193,Timber,Timber,True,0.01,balanced,0.39710126460458817
attr_decking_material,attr_decking_material,data/processed/train/attr_decking_material_train.csv,data/features/dinov3_vitb16_attr_decking_material_assets.csv,classification,dinov3_frozen_embeddings_logistic_regression_tuned,logistic_regression_tuned,GroupKFold,3,5,53798,Timber,Timber,True,0.01,balanced,0.39710126460458817
attr_decking_material,attr_decking_material,data/processed/train/attr_decking_material_train.csv,data/features/dinov3_vitb16_attr_decking_material_assets.csv,classification,dinov3_frozen_embeddings_logistic_regression_tuned,logistic_regression_tuned,GroupKFold,3,5,53984,Timber,Timber,True,0.01,balanced,0.39710126460458817
attr_decking_material,attr_decking_material,data/processed/train/attr_decking_material_train.csv,data/features/dinov3_vitb16_attr_decking_material_assets.csv,classification,dinov3_frozen_embeddings_logistic_regression_tuned,logistic_regression_tuned,GroupKFold,3,5,54321,Timber,Timber,True,0.01,balanced,0.39710126460458817
attr_decking_material,attr_decking_material,data/processed/train/attr_decking_material_train.csv,data/features/dinov3_vitb16_attr_decking_material_assets.csv,classification,dinov3_frozen_embeddings_logistic_regression_tuned,logistic_regression_tuned,GroupKFold,3,5,54325,Timber,Timber,True,0.01,balanced,0.39710126460458817
attr_decking_material,attr_decking_material,data/processed/train/attr_decking_material_train.csv,data/features/dinov3_vitb16_attr_decking_material_assets.csv,classification,dinov3_frozen_embeddings_logistic_regression_tuned,logistic_regression_tuned,GroupKFold,3,5,54327,Timber,Timber,True,0.01,balanced,0.39710126460458817
attr_decking_material,attr_decking_material,data/processed/train/attr_decking_material_train.csv,data/features/dinov3_vitb16_attr_decking_material_assets.csv,classification,dinov3_frozen_embeddings_logistic_regression_tuned,logistic_regression_tuned,GroupKFold,3,5,55116,Timber,Steel,False,0.01,balanced,0.39710126460458817
attr_decking_material,attr_decking_material,data/processed/train/attr_decking_material_train.csv,data/features/dinov3_vitb16_attr_decking_material_assets.csv,classification,dinov3_frozen_embeddings_logistic_regression_tuned,logistic_regression_tuned,GroupKFold,3,5,55638,Timber,Timber,True,0.01,balanced,0.39710126460458817
attr_decking_material,attr_decking_material,data/processed/train/attr_decking_material_train.csv,data/features/dinov3_vitb16_attr_decking_material_assets.csv,classification,dinov3_frozen_embeddings_logistic_regression_tuned,logistic_regression_tuned,GroupKFold,3,5,56470,Timber,Timber,True,0.01,balanced,0.39710126460458817
attr_decking_material,attr_decking_material,data/processed/train/attr_decking_material_train.csv,data/features/dinov3_vitb16_attr_decking_material_assets.csv,classification,dinov3_frozen_embeddings_logistic_regression_tuned,logistic_regression_tuned,GroupKFold,3,5,56533,Timber,Timber,True,0.01,balanced,0.39710126460458817
attr_decking_material,attr_decking_material,data/processed/train/attr_decking_material_train.csv,data/features/dinov3_vitb16_attr_decking_material_assets.csv,classification,dinov3_frozen_embeddings_logistic_regression_tuned,logistic_regression_tuned,GroupKFold,3,5,56858,Timber,Timber,True,0.01,balanced,0.39710126460458817
attr_decking_material,attr_decking_material,data/processed/train/attr_decking_material_train.csv,data/features/dinov3_vitb16_attr_decking_material_assets.csv,classification,dinov3_frozen_embeddings_logistic_regression_tuned,logistic_regression_tuned,GroupKFold,3,5,56876,Timber,Timber,True,0.01,balanced,0.39710126460458817
attr_decking_material,attr_decking_material,data/processed/train/attr_decking_material_train.csv,data/features/dinov3_vitb16_attr_decking_material_assets.csv,classification,dinov3_frozen_embeddings_logistic_regression_tuned,logistic_regression_tuned,GroupKFold,3,5,58954,Timber,Timber,True,0.01,balanced,0.39710126460458817
attr_decking_material,attr_decking_material,data/processed/train/attr_decking_material_train.csv,data/features/dinov3_vitb16_attr_decking_material_assets.csv,classification,dinov3_frozen_embeddings_logistic_regression_tuned,logistic_regression_tuned,GroupKFold,3,5,58955,Timber,Timber,True,0.01,balanced,0.39710126460458817
attr_decking_material,attr_decking_material,data/processed/train/attr_decking_material_train.csv,data/features/dinov3_vitb16_attr_decking_material_assets.csv,classification,dinov3_frozen_embeddings_logistic_regression_tuned,logistic_regression_tuned,GroupKFold,3,5,59060,Timber,Timber,True,0.01,balanced,0.39710126460458817
attr_decking_material,attr_decking_material,data/processed/train/attr_decking_material_train.csv,data/features/dinov3_vitb16_attr_decking_material_assets.csv,classification,dinov3_frozen_embeddings_logistic_regression_tuned,logistic_regression_tuned,GroupKFold,3,5,61003,Timber,Timber,True,0.01,balanced,0.39710126460458817
attr_decking_material,attr_decking_material,data/processed/train/attr_decking_material_train.csv,data/features/dinov3_vitb16_attr_decking_material_assets.csv,classification,dinov3_frozen_embeddings_logistic_regression_tuned,logistic_regression_tuned,GroupKFold,3,5,62443,Timber,Timber,True,0.01,balanced,0.39710126460458817
attr_decking_material,attr_decking_material,data/processed/train/attr_decking_material_train.csv,data/features/dinov3_vitb16_attr_decking_material_assets.csv,classification,dinov3_frozen_embeddings_logistic_regression_tuned,logistic_regression_tuned,GroupKFold,3,5,63633,Timber,Timber,True,0.01,balanced,0.39710126460458817
attr_decking_material,attr_decking_material,data/processed/train/attr_decking_material_train.csv,data/features/dinov3_vitb16_attr_decking_material_assets.csv,classification,dinov3_frozen_embeddings_logistic_regression_tuned,logistic_regression_tuned,GroupKFold,3,5,64128,Timber,Timber,True,0.01,balanced,0.39710126460458817
attr_decking_material,attr_decking_material,data/processed/train/attr_decking_material_train.csv,data/features/dinov3_vitb16_attr_decking_material_assets.csv,classification,dinov3_frozen_embeddings_logistic_regression_tuned,logistic_regression_tuned,GroupKFold,3,5,64131,Timber,Timber,True,0.01,balanced,0.39710126460458817
attr_decking_material,attr_decking_material,data/processed/train/attr_decking_material_train.csv,data/features/dinov3_vitb16_attr_decking_material_assets.csv,classification,dinov3_frozen_embeddings_logistic_regression_tuned,logistic_regression_tuned,GroupKFold,3,5,64138,Timber,Timber,True,0.01,balanced,0.39710126460458817
attr_decking_material,attr_decking_material,data/processed/train/attr_decking_material_train.csv,data/features/dinov3_vitb16_attr_decking_material_assets.csv,classification,dinov3_frozen_embeddings_logistic_regression_tuned,logistic_regression_tuned,GroupKFold,3,5,65424,Steel,Steel,True,0.01,balanced,0.39710126460458817
attr_decking_material,attr_decking_material,data/processed/train/attr_decking_material_train.csv,data/features/dinov3_vitb16_attr_decking_material_assets.csv,classification,dinov3_frozen_embeddings_logistic_regression_tuned,logistic_regression_tuned,GroupKFold,3,5,65609,Concrete,Concrete,True,0.01,balanced,0.39710126460458817
attr_decking_material,attr_decking_material,data/processed/train/attr_decking_material_train.csv,data/features/dinov3_vitb16_attr_decking_material_assets.csv,classification,dinov3_frozen_embeddings_logistic_regression_tuned,logistic_regression_tuned,GroupKFold,3,5,66922,Timber,Timber,True,0.01,balanced,0.39710126460458817
attr_decking_material,attr_decking_material,data/processed/train/attr_decking_material_train.csv,data/features/dinov3_vitb16_attr_decking_material_assets.csv,classification,dinov3_frozen_embeddings_logistic_regression_tuned,logistic_regression_tuned,GroupKFold,3,5,66923,Timber,Timber,True,0.01,balanced,0.39710126460458817
attr_decking_material,attr_decking_material,data/processed/train/attr_decking_material_train.csv,data/features/dinov3_vitb16_attr_decking_material_assets.csv,classification,dinov3_frozen_embeddings_logistic_regression_tuned,logistic_regression_tuned,GroupKFold,3,5,67205,Timber,Concrete,False,0.01,balanced,0.39710126460458817
attr_decking_material,attr_decking_material,data/processed/train/attr_decking_material_train.csv,data/features/dinov3_vitb16_attr_decking_material_assets.csv,classification,dinov3_frozen_embeddings_logistic_regression_tuned,logistic_regression_tuned,GroupKFold,3,5,67465,Timber,Timber,True,0.01,balanced,0.39710126460458817
attr_decking_material,attr_decking_material,data/processed/train/attr_decking_material_train.csv,data/features/dinov3_vitb16_attr_decking_material_assets.csv,classification,dinov3_frozen_embeddings_logistic_regression_tuned,logistic_regression_tuned,GroupKFold,3,5,83116,Timber,Timber,True,0.01,balanced,0.39710126460458817
attr_decking_material,attr_decking_material,data/processed/train/attr_decking_material_train.csv,data/features/dinov3_vitb16_attr_decking_material_assets.csv,classification,dinov3_frozen_embeddings_logistic_regression_tuned,logistic_regression_tuned,GroupKFold,3,5,83154,Timber,Timber,True,0.01,balanced,0.39710126460458817
attr_decking_material,attr_decking_material,data/processed/train/attr_decking_material_train.csv,data/features/dinov3_vitb16_attr_decking_material_assets.csv,classification,dinov3_frozen_embeddings_logistic_regression_tuned,logistic_regression_tuned,GroupKFold,3,5,83946,Timber,Timber,True,0.01,balanced,0.39710126460458817
attr_decking_material,attr_decking_material,data/processed/train/attr_decking_material_train.csv,data/features/dinov3_vitb16_attr_decking_material_assets.csv,classification,dinov3_frozen_embeddings_logistic_regression_tuned,logistic_regression_tuned,GroupKFold,3,5,85148,Timber,Timber,True,0.01,balanced,0.39710126460458817
attr_decking_material,attr_decking_material,data/processed/train/attr_decking_material_train.csv,data/features/dinov3_vitb16_attr_decking_material_assets.csv,classification,dinov3_frozen_embeddings_logistic_regression_tuned,logistic_regression_tuned,GroupKFold,3,5,85149,Timber,Timber,True,0.01,balanced,0.39710126460458817
attr_decking_material,attr_decking_material,data/processed/train/attr_decking_material_train.csv,data/features/dinov3_vitb16_attr_decking_material_assets.csv,classification,dinov3_frozen_embeddings_logistic_regression_tuned,logistic_regression_tuned,GroupKFold,3,5,85364,Timber,Timber,True,0.01,balanced,0.39710126460458817
attr_decking_material,attr_decking_material,data/processed/train/attr_decking_material_train.csv,data/features/dinov3_vitb16_attr_decking_material_assets.csv,classification,dinov3_frozen_embeddings_logistic_regression_tuned,logistic_regression_tuned,GroupKFold,3,5,86518,Timber,Timber,True,0.01,balanced,0.39710126460458817
attr_decking_material,attr_decking_material,data/processed/train/attr_decking_material_train.csv,data/features/dinov3_vitb16_attr_decking_material_assets.csv,classification,dinov3_frozen_embeddings_logistic_regression_tuned,logistic_regression_tuned,GroupKFold,3,5,87832,Timber,Timber,True,0.01,balanced,0.39710126460458817
attr_decking_material,attr_decking_material,data/processed/train/attr_decking_material_train.csv,data/features/dinov3_vitb16_attr_decking_material_assets.csv,classification,dinov3_frozen_embeddings_logistic_regression_tuned,logistic_regression_tuned,GroupKFold,3,5,88836,Timber,Timber,True,0.01,balanced,0.39710126460458817
attr_decking_material,attr_decking_material,data/processed/train/attr_decking_material_train.csv,data/features/dinov3_vitb16_attr_decking_material_assets.csv,classification,dinov3_frozen_embeddings_logistic_regression_tuned,logistic_regression_tuned,GroupKFold,3,5,88856,Timber,Timber,True,0.01,balanced,0.39710126460458817
attr_decking_material,attr_decking_material,data/processed/train/attr_decking_material_train.csv,data/features/dinov3_vitb16_attr_decking_material_assets.csv,classification,dinov3_frozen_embeddings_logistic_regression_tuned,logistic_regression_tuned,GroupKFold,3,5,88859,Timber,Timber,True,0.01,balanced,0.39710126460458817
attr_decking_material,attr_decking_material,data/processed/train/attr_decking_material_train.csv,data/features/dinov3_vitb16_attr_decking_material_assets.csv,classification,dinov3_frozen_embeddings_logistic_regression_tuned,logistic_regression_tuned,GroupKFold,3,5,89437,Timber,Timber,True,0.01,balanced,0.39710126460458817
attr_decking_material,attr_decking_material,data/processed/train/attr_decking_material_train.csv,data/features/dinov3_vitb16_attr_decking_material_assets.csv,classification,dinov3_frozen_embeddings_logistic_regression_tuned,logistic_regression_tuned,GroupKFold,3,5,89440,Timber,Timber,True,0.01,balanced,0.39710126460458817
attr_decking_material,attr_decking_material,data/processed/train/attr_decking_material_train.csv,data/features/dinov3_vitb16_attr_decking_material_assets.csv,classification,dinov3_frozen_embeddings_logistic_regression_tuned,logistic_regression_tuned,GroupKFold,3,5,89443,Timber,Timber,True,0.01,balanced,0.39710126460458817
attr_decking_material,attr_decking_material,data/processed/train/attr_decking_material_train.csv,data/features/dinov3_vitb16_attr_decking_material_assets.csv,classification,dinov3_frozen_embeddings_logistic_regression_tuned,logistic_regression_tuned,GroupKFold,3,5,89449,Timber,Timber,True,0.01,balanced,0.39710126460458817
attr_decking_material,attr_decking_material,data/processed/train/attr_decking_material_train.csv,data/features/dinov3_vitb16_attr_decking_material_assets.csv,classification,dinov3_frozen_embeddings_logistic_regression_tuned,logistic_regression_tuned,GroupKFold,3,5,89450,Timber,Timber,True,0.01,balanced,0.39710126460458817
attr_decking_material,attr_decking_material,data/processed/train/attr_decking_material_train.csv,data/features/dinov3_vitb16_attr_decking_material_assets.csv,classification,dinov3_frozen_embeddings_logistic_regression_tuned,logistic_regression_tuned,GroupKFold,3,5,89580,Timber,Timber,True,0.01,balanced,0.39710126460458817
attr_decking_material,attr_decking_material,data/processed/train/attr_decking_material_train.csv,data/features/dinov3_vitb16_attr_decking_material_assets.csv,classification,dinov3_frozen_embeddings_logistic_regression_tuned,logistic_regression_tuned,GroupKFold,3,5,89589,Timber,Timber,True,0.01,balanced,0.39710126460458817
attr_decking_material,attr_decking_material,data/processed/train/attr_decking_material_train.csv,data/features/dinov3_vitb16_attr_decking_material_assets.csv,classification,dinov3_frozen_embeddings_logistic_regression_tuned,logistic_regression_tuned,GroupKFold,3,5,89727,Timber,Timber,True,0.01,balanced,0.39710126460458817
attr_decking_material,attr_decking_material,data/processed/train/attr_decking_material_train.csv,data/features/dinov3_vitb16_attr_decking_material_assets.csv,classification,dinov3_frozen_embeddings_logistic_regression_tuned,logistic_regression_tuned,GroupKFold,3,5,90539,Timber,Timber,True,0.01,balanced,0.39710126460458817
attr_decking_material,attr_decking_material,data/processed/train/attr_decking_material_train.csv,data/features/dinov3_vitb16_attr_decking_material_assets.csv,classification,dinov3_frozen_embeddings_logistic_regression_tuned,logistic_regression_tuned,GroupKFold,3,5,92039,Timber,Timber,True,0.01,balanced,0.39710126460458817
attr_decking_material,attr_decking_material,data/processed/train/attr_decking_material_train.csv,data/features/dinov3_vitb16_attr_decking_material_assets.csv,classification,dinov3_frozen_embeddings_logistic_regression_tuned,logistic_regression_tuned,GroupKFold,3,5,92152,Timber,Timber,True,0.01,balanced,0.39710126460458817
attr_decking_material,attr_decking_material,data/processed/train/attr_decking_material_train.csv,data/features/dinov3_vitb16_attr_decking_material_assets.csv,classification,dinov3_frozen_embeddings_logistic_regression_tuned,logistic_regression_tuned,GroupKFold,3,5,92800,Timber,Timber,True,0.01,balanced,0.39710126460458817
attr_decking_material,attr_decking_material,data/processed/train/attr_decking_material_train.csv,data/features/dinov3_vitb16_attr_decking_material_assets.csv,classification,dinov3_frozen_embeddings_logistic_regression_tuned,logistic_regression_tuned,GroupKFold,3,5,94170,Timber,Timber,True,0.01,balanced,0.39710126460458817
attr_decking_material,attr_decking_material,data/processed/train/attr_decking_material_train.csv,data/features/dinov3_vitb16_attr_decking_material_assets.csv,classification,dinov3_frozen_embeddings_logistic_regression_tuned,logistic_regression_tuned,GroupKFold,3,5,94177,Timber,Timber,True,0.01,balanced,0.39710126460458817
attr_decking_material,attr_decking_material,data/processed/train/attr_decking_material_train.csv,data/features/dinov3_vitb16_attr_decking_material_assets.csv,classification,dinov3_frozen_embeddings_logistic_regression_tuned,logistic_regression_tuned,GroupKFold,3,5,94777,Timber,Timber,True,0.01,balanced,0.39710126460458817
attr_decking_material,attr_decking_material,data/processed/train/attr_decking_material_train.csv,data/features/dinov3_vitb16_attr_decking_material_assets.csv,classification,dinov3_frozen_embeddings_logistic_regression_tuned,logistic_regression_tuned,GroupKFold,3,5,98498,Timber,Timber,True,0.01,balanced,0.39710126460458817
attr_decking_material,attr_decking_material,data/processed/train/attr_decking_material_train.csv,data/features/dinov3_vitb16_attr_decking_material_assets.csv,classification,dinov3_frozen_embeddings_logistic_regression_tuned,logistic_regression_tuned,GroupKFold,3,5,99459,Timber,Timber,True,0.01,balanced,0.39710126460458817
attr_decking_material,attr_decking_material,data/processed/train/attr_decking_material_train.csv,data/features/dinov3_vitb16_attr_decking_material_assets.csv,classification,dinov3_frozen_embeddings_logistic_regression_tuned,logistic_regression_tuned,GroupKFold,3,5,99614,Timber,Timber,True,0.01,balanced,0.39710126460458817
attr_decking_material,attr_decking_material,data/processed/train/attr_decking_material_train.csv,data/features/dinov3_vitb16_attr_decking_material_assets.csv,classification,dinov3_frozen_embeddings_logistic_regression_tuned,logistic_regression_tuned,GroupKFold,3,5,99814,Timber,Steel,False,0.01,balanced,0.39710126460458817
attr_decking_material,attr_decking_material,data/processed/train/attr_decking_material_train.csv,data/features/dinov3_vitb16_attr_decking_material_assets.csv,classification,dinov3_frozen_embeddings_logistic_regression_tuned,logistic_regression_tuned,GroupKFold,3,5,100138,Timber,Timber,True,0.01,balanced,0.39710126460458817
attr_decking_material,attr_decking_material,data/processed/train/attr_decking_material_train.csv,data/features/dinov3_vitb16_attr_decking_material_assets.csv,classification,dinov3_frozen_embeddings_logistic_regression_tuned,logistic_regression_tuned,GroupKFold,3,5,100177,Timber,Timber,True,0.01,balanced,0.39710126460458817
attr_decking_material,attr_decking_material,data/processed/train/attr_decking_material_train.csv,data/features/dinov3_vitb16_attr_decking_material_assets.csv,classification,dinov3_frozen_embeddings_logistic_regression_tuned,logistic_regression_tuned,GroupKFold,3,5,100269,Timber,Timber,True,0.01,balanced,0.39710126460458817
attr_decking_material,attr_decking_material,data/processed/train/attr_decking_material_train.csv,data/features/dinov3_vitb16_attr_decking_material_assets.csv,classification,dinov3_frozen_embeddings_logistic_regression_tuned,logistic_regression_tuned,GroupKFold,3,5,100347,Timber,Timber,True,0.01,balanced,0.39710126460458817
attr_decking_material,attr_decking_material,data/processed/train/attr_decking_material_train.csv,data/features/dinov3_vitb16_attr_decking_material_assets.csv,classification,dinov3_frozen_embeddings_logistic_regression_tuned,logistic_regression_tuned,GroupKFold,3,5,100758,Timber,Timber,True,0.01,balanced,0.39710126460458817
attr_decking_material,attr_decking_material,data/processed/train/attr_decking_material_train.csv,data/features/dinov3_vitb16_attr_decking_material_assets.csv,classification,dinov3_frozen_embeddings_logistic_regression_tuned,logistic_regression_tuned,GroupKFold,3,5,101869,Timber,Timber,True,0.01,balanced,0.39710126460458817
attr_decking_material,attr_decking_material,data/processed/train/attr_decking_material_train.csv,data/features/dinov3_vitb16_attr_decking_material_assets.csv,classification,dinov3_frozen_embeddings_logistic_regression_tuned,logistic_regression_tuned,GroupKFold,3,5,101890,Timber,Timber,True,0.01,balanced,0.39710126460458817
attr_decking_material,attr_decking_material,data/processed/train/attr_decking_material_train.csv,data/features/dinov3_vitb16_attr_decking_material_assets.csv,classification,dinov3_frozen_embeddings_logistic_regression_tuned,logistic_regression_tuned,GroupKFold,3,5,101988,Timber,Timber,True,0.01,balanced,0.39710126460458817
attr_decking_material,attr_decking_material,data/processed/train/attr_decking_material_train.csv,data/features/dinov3_vitb16_attr_decking_material_assets.csv,classification,dinov3_frozen_embeddings_logistic_regression_tuned,logistic_regression_tuned,GroupKFold,3,5,102359,Timber,Timber,True,0.01,balanced,0.39710126460458817
attr_decking_material,attr_decking_material,data/processed/train/attr_decking_material_train.csv,data/features/dinov3_vitb16_attr_decking_material_assets.csv,classification,dinov3_frozen_embeddings_logistic_regression_tuned,logistic_regression_tuned,GroupKFold,3,5,102360,Timber,Timber,True,0.01,balanced,0.39710126460458817
attr_decking_material,attr_decking_material,data/processed/train/attr_decking_material_train.csv,data/features/dinov3_vitb16_attr_decking_material_assets.csv,classification,dinov3_frozen_embeddings_logistic_regression_tuned,logistic_regression_tuned,GroupKFold,3,5,102365,Timber,Timber,True,0.01,balanced,0.39710126460458817
attr_decking_material,attr_decking_material,data/processed/train/attr_decking_material_train.csv,data/features/dinov3_vitb16_attr_decking_material_assets.csv,classification,dinov3_frozen_embeddings_logistic_regression_tuned,logistic_regression_tuned,GroupKFold,3,5,102373,Timber,Timber,True,0.01,balanced,0.39710126460458817
attr_decking_material,attr_decking_material,data/processed/train/attr_decking_material_train.csv,data/features/dinov3_vitb16_attr_decking_material_assets.csv,classification,dinov3_frozen_embeddings_logistic_regression_tuned,logistic_regression_tuned,GroupKFold,3,5,102816,Timber,Timber,True,0.01,balanced,0.39710126460458817
attr_decking_material,attr_decking_material,data/processed/train/attr_decking_material_train.csv,data/features/dinov3_vitb16_attr_decking_material_assets.csv,classification,dinov3_frozen_embeddings_logistic_regression_tuned,logistic_regression_tuned,GroupKFold,3,5,102851,Timber,Timber,True,0.01,balanced,0.39710126460458817
attr_decking_material,attr_decking_material,data/processed/train/attr_decking_material_train.csv,data/features/dinov3_vitb16_attr_decking_material_assets.csv,classification,dinov3_frozen_embeddings_logistic_regression_tuned,logistic_regression_tuned,GroupKFold,3,5,105439,Timber,Timber,True,0.01,balanced,0.39710126460458817
attr_decking_material,attr_decking_material,data/processed/train/attr_decking_material_train.csv,data/features/dinov3_vitb16_attr_decking_material_assets.csv,classification,dinov3_frozen_embeddings_logistic_regression_tuned,logistic_regression_tuned,GroupKFold,3,5,105442,Timber,Timber,True,0.01,balanced,0.39710126460458817
attr_decking_material,attr_decking_material,data/processed/train/attr_decking_material_train.csv,data/features/dinov3_vitb16_attr_decking_material_assets.csv,classification,dinov3_frozen_embeddings_logistic_regression_tuned,logistic_regression_tuned,GroupKFold,3,5,105449,Timber,Timber,True,0.01,balanced,0.39710126460458817
attr_decking_material,attr_decking_material,data/processed/train/attr_decking_material_train.csv,data/features/dinov3_vitb16_attr_decking_material_assets.csv,classification,dinov3_frozen_embeddings_logistic_regression_tuned,logistic_regression_tuned,GroupKFold,3,5,106030,Timber,Timber,True,0.01,balanced,0.39710126460458817
attr_decking_material,attr_decking_material,data/processed/train/attr_decking_material_train.csv,data/features/dinov3_vitb16_attr_decking_material_assets.csv,classification,dinov3_frozen_embeddings_logistic_regression_tuned,logistic_regression_tuned,GroupKFold,3,5,106266,Timber,Timber,True,0.01,balanced,0.39710126460458817
attr_decking_material,attr_decking_material,data/processed/train/attr_decking_material_train.csv,data/features/dinov3_vitb16_attr_decking_material_assets.csv,classification,dinov3_frozen_embeddings_logistic_regression_tuned,logistic_regression_tuned,GroupKFold,3,5,106636,Timber,Timber,True,0.01,balanced,0.39710126460458817
attr_decking_material,attr_decking_material,data/processed/train/attr_decking_material_train.csv,data/features/dinov3_vitb16_attr_decking_material_assets.csv,classification,dinov3_frozen_embeddings_logistic_regression_tuned,logistic_regression_tuned,GroupKFold,3,5,106920,Timber,Timber,True,0.01,balanced,0.39710126460458817
attr_decking_material,attr_decking_material,data/processed/train/attr_decking_material_train.csv,data/features/dinov3_vitb16_attr_decking_material_assets.csv,classification,dinov3_frozen_embeddings_logistic_regression_tuned,logistic_regression_tuned,GroupKFold,3,5,107473,Timber,Timber,True,0.01,balanced,0.39710126460458817
attr_decking_material,attr_decking_material,data/processed/train/attr_decking_material_train.csv,data/features/dinov3_vitb16_attr_decking_material_assets.csv,classification,dinov3_frozen_embeddings_logistic_regression_tuned,logistic_regression_tuned,GroupKFold,3,5,107890,Steel,Steel,True,0.01,balanced,0.39710126460458817
attr_decking_material,attr_decking_material,data/processed/train/attr_decking_material_train.csv,data/features/dinov3_vitb16_attr_decking_material_assets.csv,classification,dinov3_frozen_embeddings_logistic_regression_tuned,logistic_regression_tuned,GroupKFold,3,5,107898,Timber,Timber,True,0.01,balanced,0.39710126460458817
attr_decking_material,attr_decking_material,data/processed/train/attr_decking_material_train.csv,data/features/dinov3_vitb16_attr_decking_material_assets.csv,classification,dinov3_frozen_embeddings_logistic_regression_tuned,logistic_regression_tuned,GroupKFold,3,5,107952,Timber,Timber,True,0.01,balanced,0.39710126460458817
attr_decking_material,attr_decking_material,data/processed/train/attr_decking_material_train.csv,data/features/dinov3_vitb16_attr_decking_material_assets.csv,classification,dinov3_frozen_embeddings_logistic_regression_tuned,logistic_regression_tuned,GroupKFold,3,5,107955,Steel,Aluminum,False,0.01,balanced,0.39710126460458817
attr_decking_material,attr_decking_material,data/processed/train/attr_decking_material_train.csv,data/features/dinov3_vitb16_attr_decking_material_assets.csv,classification,dinov3_frozen_embeddings_logistic_regression_tuned,logistic_regression_tuned,GroupKFold,3,5,107998,Timber,Timber,True,0.01,balanced,0.39710126460458817
attr_decking_material,attr_decking_material,data/processed/train/attr_decking_material_train.csv,data/features/dinov3_vitb16_attr_decking_material_assets.csv,classification,dinov3_frozen_embeddings_logistic_regression_tuned,logistic_regression_tuned,GroupKFold,3,5,108107,Timber,Timber,True,0.01,balanced,0.39710126460458817
attr_decking_material,attr_decking_material,data/processed/train/attr_decking_material_train.csv,data/features/dinov3_vitb16_attr_decking_material_assets.csv,classification,dinov3_frozen_embeddings_logistic_regression_tuned,logistic_regression_tuned,GroupKFold,3,5,108378,Timber,Timber,True,0.01,balanced,0.39710126460458817
attr_decking_material,attr_decking_material,data/processed/train/attr_decking_material_train.csv,data/features/dinov3_vitb16_attr_decking_material_assets.csv,classification,dinov3_frozen_embeddings_logistic_regression_tuned,logistic_regression_tuned,GroupKFold,3,5,108380,Timber,Timber,True,0.01,balanced,0.39710126460458817
attr_decking_material,attr_decking_material,data/processed/train/attr_decking_material_train.csv,data/features/dinov3_vitb16_attr_decking_material_assets.csv,classification,dinov3_frozen_embeddings_logistic_regression_tuned,logistic_regression_tuned,GroupKFold,3,5,108725,Timber,Timber,True,0.01,balanced,0.39710126460458817
attr_decking_material,attr_decking_material,data/processed/train/attr_decking_material_train.csv,data/features/dinov3_vitb16_attr_decking_material_assets.csv,classification,dinov3_frozen_embeddings_logistic_regression_tuned,logistic_regression_tuned,GroupKFold,3,5,108730,Timber,Timber,True,0.01,balanced,0.39710126460458817
attr_decking_material,attr_decking_material,data/processed/train/attr_decking_material_train.csv,data/features/dinov3_vitb16_attr_decking_material_assets.csv,classification,dinov3_frozen_embeddings_logistic_regression_tuned,logistic_regression_tuned,GroupKFold,3,5,108731,Timber,Timber,True,0.01,balanced,0.39710126460458817
attr_decking_material,attr_decking_material,data/processed/train/attr_decking_material_train.csv,data/features/dinov3_vitb16_attr_decking_material_assets.csv,classification,dinov3_frozen_embeddings_logistic_regression_tuned,logistic_regression_tuned,GroupKFold,3,5,109166,Timber,Timber,True,0.01,balanced,0.39710126460458817
attr_decking_material,attr_decking_material,data/processed/train/attr_decking_material_train.csv,data/features/dinov3_vitb16_attr_decking_material_assets.csv,classification,dinov3_frozen_embeddings_logistic_regression_tuned,logistic_regression_tuned,GroupKFold,3,5,110139,Timber,Steel,False,0.01,balanced,0.39710126460458817
attr_decking_material,attr_decking_material,data/processed/train/attr_decking_material_train.csv,data/features/dinov3_vitb16_attr_decking_material_assets.csv,classification,dinov3_frozen_embeddings_logistic_regression_tuned,logistic_regression_tuned,GroupKFold,3,5,110171,Timber,Timber,True,0.01,balanced,0.39710126460458817
attr_decking_material,attr_decking_material,data/processed/train/attr_decking_material_train.csv,data/features/dinov3_vitb16_attr_decking_material_assets.csv,classification,dinov3_frozen_embeddings_logistic_regression_tuned,logistic_regression_tuned,GroupKFold,3,5,110868,Timber,Timber,True,0.01,balanced,0.39710126460458817
attr_decking_material,attr_decking_material,data/processed/train/attr_decking_material_train.csv,data/features/dinov3_vitb16_attr_decking_material_assets.csv,classification,dinov3_frozen_embeddings_logistic_regression_tuned,logistic_regression_tuned,GroupKFold,3,5,111782,Timber,Timber,True,0.01,balanced,0.39710126460458817
attr_decking_material,attr_decking_material,data/processed/train/attr_decking_material_train.csv,data/features/dinov3_vitb16_attr_decking_material_assets.csv,classification,dinov3_frozen_embeddings_logistic_regression_tuned,logistic_regression_tuned,GroupKFold,3,5,111862,Timber,Timber,True,0.01,balanced,0.39710126460458817
attr_decking_material,attr_decking_material,data/processed/train/attr_decking_material_train.csv,data/features/dinov3_vitb16_attr_decking_material_assets.csv,classification,dinov3_frozen_embeddings_logistic_regression_tuned,logistic_regression_tuned,GroupKFold,3,5,111942,Timber,Timber,True,0.01,balanced,0.39710126460458817
attr_decking_material,attr_decking_material,data/processed/train/attr_decking_material_train.csv,data/features/dinov3_vitb16_attr_decking_material_assets.csv,classification,dinov3_frozen_embeddings_logistic_regression_tuned,logistic_regression_tuned,GroupKFold,3,5,111952,Timber,Timber,True,0.01,balanced,0.39710126460458817
attr_decking_material,attr_decking_material,data/processed/train/attr_decking_material_train.csv,data/features/dinov3_vitb16_attr_decking_material_assets.csv,classification,dinov3_frozen_embeddings_logistic_regression_tuned,logistic_regression_tuned,GroupKFold,3,5,113126,Timber,Timber,True,0.01,balanced,0.39710126460458817
attr_decking_material,attr_decking_material,data/processed/train/attr_decking_material_train.csv,data/features/dinov3_vitb16_attr_decking_material_assets.csv,classification,dinov3_frozen_embeddings_logistic_regression_tuned,logistic_regression_tuned,GroupKFold,3,5,113805,Timber,Timber,True,0.01,balanced,0.39710126460458817
attr_decking_material,attr_decking_material,data/processed/train/attr_decking_material_train.csv,data/features/dinov3_vitb16_attr_decking_material_assets.csv,classification,dinov3_frozen_embeddings_logistic_regression_tuned,logistic_regression_tuned,GroupKFold,3,5,113952,Timber,Steel,False,0.01,balanced,0.39710126460458817
attr_decking_material,attr_decking_material,data/processed/train/attr_decking_material_train.csv,data/features/dinov3_vitb16_attr_decking_material_assets.csv,classification,dinov3_frozen_embeddings_logistic_regression_tuned,logistic_regression_tuned,GroupKFold,3,5,113958,Timber,Timber,True,0.01,balanced,0.39710126460458817
attr_decking_material,attr_decking_material,data/processed/train/attr_decking_material_train.csv,data/features/dinov3_vitb16_attr_decking_material_assets.csv,classification,dinov3_frozen_embeddings_logistic_regression_tuned,logistic_regression_tuned,GroupKFold,3,5,114090,Timber,Timber,True,0.01,balanced,0.39710126460458817
attr_decking_material,attr_decking_material,data/processed/train/attr_decking_material_train.csv,data/features/dinov3_vitb16_attr_decking_material_assets.csv,classification,dinov3_frozen_embeddings_logistic_regression_tuned,logistic_regression_tuned,GroupKFold,3,5,114635,Timber,Steel,False,0.01,balanced,0.39710126460458817
attr_decking_material,attr_decking_material,data/processed/train/attr_decking_material_train.csv,data/features/dinov3_vitb16_attr_decking_material_assets.csv,classification,dinov3_frozen_embeddings_logistic_regression_tuned,logistic_regression_tuned,GroupKFold,3,5,114702,Timber,Timber,True,0.01,balanced,0.39710126460458817
attr_decking_material,attr_decking_material,data/processed/train/attr_decking_material_train.csv,data/features/dinov3_vitb16_attr_decking_material_assets.csv,classification,dinov3_frozen_embeddings_logistic_regression_tuned,logistic_regression_tuned,GroupKFold,3,5,115268,Timber,Timber,True,0.01,balanced,0.39710126460458817
attr_decking_material,attr_decking_material,data/processed/train/attr_decking_material_train.csv,data/features/dinov3_vitb16_attr_decking_material_assets.csv,classification,dinov3_frozen_embeddings_logistic_regression_tuned,logistic_regression_tuned,GroupKFold,3,5,115806,Timber,Timber,True,0.01,balanced,0.39710126460458817
attr_decking_material,attr_decking_material,data/processed/train/attr_decking_material_train.csv,data/features/dinov3_vitb16_attr_decking_material_assets.csv,classification,dinov3_frozen_embeddings_logistic_regression_tuned,logistic_regression_tuned,GroupKFold,3,5,116619,Timber,Timber,True,0.01,balanced,0.39710126460458817
attr_decking_material,attr_decking_material,data/processed/train/attr_decking_material_train.csv,data/features/dinov3_vitb16_attr_decking_material_assets.csv,classification,dinov3_frozen_embeddings_logistic_regression_tuned,logistic_regression_tuned,GroupKFold,3,5,116850,Timber,Steel,False,0.01,balanced,0.39710126460458817
attr_decking_material,attr_decking_material,data/processed/train/attr_decking_material_train.csv,data/features/dinov3_vitb16_attr_decking_material_assets.csv,classification,dinov3_frozen_embeddings_logistic_regression_tuned,logistic_regression_tuned,GroupKFold,3,5,117195,Steel,Steel,True,0.01,balanced,0.39710126460458817
attr_decking_material,attr_decking_material,data/processed/train/attr_decking_material_train.csv,data/features/dinov3_vitb16_attr_decking_material_assets.csv,classification,dinov3_frozen_embeddings_logistic_regression_tuned,logistic_regression_tuned,GroupKFold,3,5,117196,Steel,Steel,True,0.01,balanced,0.39710126460458817
attr_decking_material,attr_decking_material,data/processed/train/attr_decking_material_train.csv,data/features/dinov3_vitb16_attr_decking_material_assets.csv,classification,dinov3_frozen_embeddings_logistic_regression_tuned,logistic_regression_tuned,GroupKFold,3,5,117211,Steel,Steel,True,0.01,balanced,0.39710126460458817
attr_decking_material,attr_decking_material,data/processed/train/attr_decking_material_train.csv,data/features/dinov3_vitb16_attr_decking_material_assets.csv,classification,dinov3_frozen_embeddings_logistic_regression_tuned,logistic_regression_tuned,GroupKFold,3,5,118143,Timber,Timber,True,0.01,balanced,0.39710126460458817
attr_decking_material,attr_decking_material,data/processed/train/attr_decking_material_train.csv,data/features/dinov3_vitb16_attr_decking_material_assets.csv,classification,dinov3_frozen_embeddings_logistic_regression_tuned,logistic_regression_tuned,GroupKFold,3,5,119844,Timber,Timber,True,0.01,balanced,0.39710126460458817
attr_decking_material,attr_decking_material,data/processed/train/attr_decking_material_train.csv,data/features/dinov3_vitb16_attr_decking_material_assets.csv,classification,dinov3_frozen_embeddings_logistic_regression_tuned,logistic_regression_tuned,GroupKFold,3,5,120299,Timber,Timber,True,0.01,balanced,0.39710126460458817
attr_decking_material,attr_decking_material,data/processed/train/attr_decking_material_train.csv,data/features/dinov3_vitb16_attr_decking_material_assets.csv,classification,dinov3_frozen_embeddings_logistic_regression_tuned,logistic_regression_tuned,GroupKFold,3,5,121993,Timber,Timber,True,0.01,balanced,0.39710126460458817
attr_decking_material,attr_decking_material,data/processed/train/attr_decking_material_train.csv,data/features/dinov3_vitb16_attr_decking_material_assets.csv,classification,dinov3_frozen_embeddings_logistic_regression_tuned,logistic_regression_tuned,GroupKFold,3,5,122439,Timber,Timber,True,0.01,balanced,0.39710126460458817
attr_decking_material,attr_decking_material,data/processed/train/attr_decking_material_train.csv,data/features/dinov3_vitb16_attr_decking_material_assets.csv,classification,dinov3_frozen_embeddings_logistic_regression_tuned,logistic_regression_tuned,GroupKFold,3,5,122725,Timber,Timber,True,0.01,balanced,0.39710126460458817
attr_decking_material,attr_decking_material,data/processed/train/attr_decking_material_train.csv,data/features/dinov3_vitb16_attr_decking_material_assets.csv,classification,dinov3_frozen_embeddings_logistic_regression_tuned,logistic_regression_tuned,GroupKFold,3,5,122980,Timber,Timber,True,0.01,balanced,0.39710126460458817
attr_decking_material,attr_decking_material,data/processed/train/attr_decking_material_train.csv,data/features/dinov3_vitb16_attr_decking_material_assets.csv,classification,dinov3_frozen_embeddings_logistic_regression_tuned,logistic_regression_tuned,GroupKFold,3,5,122830,Timber,Steel,False,0.01,balanced,0.39710126460458817
attr_decking_material,attr_decking_material,data/processed/train/attr_decking_material_train.csv,data/features/dinov3_vitb16_attr_decking_material_assets.csv,classification,dinov3_frozen_embeddings_logistic_regression_tuned,logistic_regression_tuned,GroupKFold,3,5,123219,Timber,Timber,True,0.01,balanced,0.39710126460458817
attr_decking_material,attr_decking_material,data/processed/train/attr_decking_material_train.csv,data/features/dinov3_vitb16_attr_decking_material_assets.csv,classification,dinov3_frozen_embeddings_logistic_regression_tuned,logistic_regression_tuned,GroupKFold,3,5,126199,Timber,Steel,False,0.01,balanced,0.39710126460458817
attr_decking_material,attr_decking_material,data/processed/train/attr_decking_material_train.csv,data/features/dinov3_vitb16_attr_decking_material_assets.csv,classification,dinov3_frozen_embeddings_logistic_regression_tuned,logistic_regression_tuned,GroupKFold,3,5,126779,Steel,Steel,True,0.01,balanced,0.39710126460458817
attr_decking_material,attr_decking_material,data/processed/train/attr_decking_material_train.csv,data/features/dinov3_vitb16_attr_decking_material_assets.csv,classification,dinov3_frozen_embeddings_logistic_regression_tuned,logistic_regression_tuned,GroupKFold,3,5,126915,Timber,Timber,True,0.01,balanced,0.39710126460458817
attr_decking_material,attr_decking_material,data/processed/train/attr_decking_material_train.csv,data/features/dinov3_vitb16_attr_decking_material_assets.csv,classification,dinov3_frozen_embeddings_logistic_regression_tuned,logistic_regression_tuned,GroupKFold,3,5,127205,Timber,Timber,True,0.01,balanced,0.39710126460458817
attr_decking_material,attr_decking_material,data/processed/train/attr_decking_material_train.csv,data/features/dinov3_vitb16_attr_decking_material_assets.csv,classification,dinov3_frozen_embeddings_logistic_regression_tuned,logistic_regression_tuned,GroupKFold,3,5,127525,Timber,Timber,True,0.01,balanced,0.39710126460458817
attr_decking_material,attr_decking_material,data/processed/train/attr_decking_material_train.csv,data/features/dinov3_vitb16_attr_decking_material_assets.csv,classification,dinov3_frozen_embeddings_logistic_regression_tuned,logistic_regression_tuned,GroupKFold,3,5,129491,Timber,Timber,True,0.01,balanced,0.39710126460458817
attr_decking_material,attr_decking_material,data/processed/train/attr_decking_material_train.csv,data/features/dinov3_vitb16_attr_decking_material_assets.csv,classification,dinov3_frozen_embeddings_logistic_regression_tuned,logistic_regression_tuned,GroupKFold,3,5,46617,Timber,Timber,True,0.01,balanced,0.39710126460458817
attr_decking_material,attr_decking_material,data/processed/train/attr_decking_material_train.csv,data/features/dinov3_vitb16_attr_decking_material_assets.csv,classification,dinov3_frozen_embeddings_logistic_regression_tuned,logistic_regression_tuned,GroupKFold,3,5,46619,Timber,Timber,True,0.01,balanced,0.39710126460458817
attr_decking_material,attr_decking_material,data/processed/train/attr_decking_material_train.csv,data/features/dinov3_vitb16_attr_decking_material_assets.csv,classification,dinov3_frozen_embeddings_logistic_regression_tuned,logistic_regression_tuned,GroupKFold,3,5,48252,Timber,Timber,True,0.01,balanced,0.39710126460458817
attr_decking_material,attr_decking_material,data/processed/train/attr_decking_material_train.csv,data/features/dinov3_vitb16_attr_decking_material_assets.csv,classification,dinov3_frozen_embeddings_logistic_regression_tuned,logistic_regression_tuned,GroupKFold,3,5,51548,Steel,Steel,True,0.01,balanced,0.39710126460458817
attr_decking_material,attr_decking_material,data/processed/train/attr_decking_material_train.csv,data/features/dinov3_vitb16_attr_decking_material_assets.csv,classification,dinov3_frozen_embeddings_logistic_regression_tuned,logistic_regression_tuned,GroupKFold,3,5,51864,Timber,Timber,True,0.01,balanced,0.39710126460458817
attr_decking_material,attr_decking_material,data/processed/train/attr_decking_material_train.csv,data/features/dinov3_vitb16_attr_decking_material_assets.csv,classification,dinov3_frozen_embeddings_logistic_regression_tuned,logistic_regression_tuned,GroupKFold,3,5,52250,Timber,Timber,True,0.01,balanced,0.39710126460458817
attr_decking_material,attr_decking_material,data/processed/train/attr_decking_material_train.csv,data/features/dinov3_vitb16_attr_decking_material_assets.csv,classification,dinov3_frozen_embeddings_logistic_regression_tuned,logistic_regression_tuned,GroupKFold,3,5,56786,Timber,Timber,True,0.01,balanced,0.39710126460458817
attr_decking_material,attr_decking_material,data/processed/train/attr_decking_material_train.csv,data/features/dinov3_vitb16_attr_decking_material_assets.csv,classification,dinov3_frozen_embeddings_logistic_regression_tuned,logistic_regression_tuned,GroupKFold,3,5,57298,Timber,Timber,True,0.01,balanced,0.39710126460458817
attr_decking_material,attr_decking_material,data/processed/train/attr_decking_material_train.csv,data/features/dinov3_vitb16_attr_decking_material_assets.csv,classification,dinov3_frozen_embeddings_logistic_regression_tuned,logistic_regression_tuned,GroupKFold,3,5,64463,Timber,Timber,True,0.01,balanced,0.39710126460458817
attr_decking_material,attr_decking_material,data/processed/train/attr_decking_material_train.csv,data/features/dinov3_vitb16_attr_decking_material_assets.csv,classification,dinov3_frozen_embeddings_logistic_regression_tuned,logistic_regression_tuned,GroupKFold,3,5,68016,Timber,Steel,False,0.01,balanced,0.39710126460458817
attr_decking_material,attr_decking_material,data/processed/train/attr_decking_material_train.csv,data/features/dinov3_vitb16_attr_decking_material_assets.csv,classification,dinov3_frozen_embeddings_logistic_regression_tuned,logistic_regression_tuned,GroupKFold,3,5,74895,Timber,Timber,True,0.01,balanced,0.39710126460458817
attr_decking_material,attr_decking_material,data/processed/train/attr_decking_material_train.csv,data/features/dinov3_vitb16_attr_decking_material_assets.csv,classification,dinov3_frozen_embeddings_logistic_regression_tuned,logistic_regression_tuned,GroupKFold,3,5,82850,Timber,Timber,True,0.01,balanced,0.39710126460458817
attr_decking_material,attr_decking_material,data/processed/train/attr_decking_material_train.csv,data/features/dinov3_vitb16_attr_decking_material_assets.csv,classification,dinov3_frozen_embeddings_logistic_regression_tuned,logistic_regression_tuned,GroupKFold,4,5,48637,Timber,Timber,True,1.0,balanced,0.43845500984618074
attr_decking_material,attr_decking_material,data/processed/train/attr_decking_material_train.csv,data/features/dinov3_vitb16_attr_decking_material_assets.csv,classification,dinov3_frozen_embeddings_logistic_regression_tuned,logistic_regression_tuned,GroupKFold,4,5,48933,Timber,Timber,True,1.0,balanced,0.43845500984618074
attr_decking_material,attr_decking_material,data/processed/train/attr_decking_material_train.csv,data/features/dinov3_vitb16_attr_decking_material_assets.csv,classification,dinov3_frozen_embeddings_logistic_regression_tuned,logistic_regression_tuned,GroupKFold,4,5,48935,Timber,Timber,True,1.0,balanced,0.43845500984618074
attr_decking_material,attr_decking_material,data/processed/train/attr_decking_material_train.csv,data/features/dinov3_vitb16_attr_decking_material_assets.csv,classification,dinov3_frozen_embeddings_logistic_regression_tuned,logistic_regression_tuned,GroupKFold,4,5,51256,Timber,Timber,True,1.0,balanced,0.43845500984618074
attr_decking_material,attr_decking_material,data/processed/train/attr_decking_material_train.csv,data/features/dinov3_vitb16_attr_decking_material_assets.csv,classification,dinov3_frozen_embeddings_logistic_regression_tuned,logistic_regression_tuned,GroupKFold,4,5,51942,Timber,Timber,True,1.0,balanced,0.43845500984618074
attr_decking_material,attr_decking_material,data/processed/train/attr_decking_material_train.csv,data/features/dinov3_vitb16_attr_decking_material_assets.csv,classification,dinov3_frozen_embeddings_logistic_regression_tuned,logistic_regression_tuned,GroupKFold,4,5,56344,Timber,Timber,True,1.0,balanced,0.43845500984618074
attr_decking_material,attr_decking_material,data/processed/train/attr_decking_material_train.csv,data/features/dinov3_vitb16_attr_decking_material_assets.csv,classification,dinov3_frozen_embeddings_logistic_regression_tuned,logistic_regression_tuned,GroupKFold,4,5,58824,Timber,Timber,True,1.0,balanced,0.43845500984618074
attr_decking_material,attr_decking_material,data/processed/train/attr_decking_material_train.csv,data/features/dinov3_vitb16_attr_decking_material_assets.csv,classification,dinov3_frozen_embeddings_logistic_regression_tuned,logistic_regression_tuned,GroupKFold,4,5,58171,Timber,Timber,True,1.0,balanced,0.43845500984618074
attr_decking_material,attr_decking_material,data/processed/train/attr_decking_material_train.csv,data/features/dinov3_vitb16_attr_decking_material_assets.csv,classification,dinov3_frozen_embeddings_logistic_regression_tuned,logistic_regression_tuned,GroupKFold,4,5,61114,Timber,Timber,True,1.0,balanced,0.43845500984618074
attr_decking_material,attr_decking_material,data/processed/train/attr_decking_material_train.csv,data/features/dinov3_vitb16_attr_decking_material_assets.csv,classification,dinov3_frozen_embeddings_logistic_regression_tuned,logistic_regression_tuned,GroupKFold,4,5,64220,Timber,Timber,True,1.0,balanced,0.43845500984618074
attr_decking_material,attr_decking_material,data/processed/train/attr_decking_material_train.csv,data/features/dinov3_vitb16_attr_decking_material_assets.csv,classification,dinov3_frozen_embeddings_logistic_regression_tuned,logistic_regression_tuned,GroupKFold,4,5,64274,Timber,Timber,True,1.0,balanced,0.43845500984618074
attr_decking_material,attr_decking_material,data/processed/train/attr_decking_material_train.csv,data/features/dinov3_vitb16_attr_decking_material_assets.csv,classification,dinov3_frozen_embeddings_logistic_regression_tuned,logistic_regression_tuned,GroupKFold,4,5,65428,Timber,Timber,True,1.0,balanced,0.43845500984618074
attr_decking_material,attr_decking_material,data/processed/train/attr_decking_material_train.csv,data/features/dinov3_vitb16_attr_decking_material_assets.csv,classification,dinov3_frozen_embeddings_logistic_regression_tuned,logistic_regression_tuned,GroupKFold,4,5,66539,Timber,Timber,True,1.0,balanced,0.43845500984618074
attr_decking_material,attr_decking_material,data/processed/train/attr_decking_material_train.csv,data/features/dinov3_vitb16_attr_decking_material_assets.csv,classification,dinov3_frozen_embeddings_logistic_regression_tuned,logistic_regression_tuned,GroupKFold,4,5,83943,Timber,Timber,True,1.0,balanced,0.43845500984618074
attr_decking_material,attr_decking_material,data/processed/train/attr_decking_material_train.csv,data/features/dinov3_vitb16_attr_decking_material_assets.csv,classification,dinov3_frozen_embeddings_logistic_regression_tuned,logistic_regression_tuned,GroupKFold,4,5,84095,Timber,Timber,True,1.0,balanced,0.43845500984618074
attr_decking_material,attr_decking_material,data/processed/train/attr_decking_material_train.csv,data/features/dinov3_vitb16_attr_decking_material_assets.csv,classification,dinov3_frozen_embeddings_logistic_regression_tuned,logistic_regression_tuned,GroupKFold,4,5,85495,Timber,Timber,True,1.0,balanced,0.43845500984618074
attr_decking_material,attr_decking_material,data/processed/train/attr_decking_material_train.csv,data/features/dinov3_vitb16_attr_decking_material_assets.csv,classification,dinov3_frozen_embeddings_logistic_regression_tuned,logistic_regression_tuned,GroupKFold,4,5,85500,Timber,Timber,True,1.0,balanced,0.43845500984618074
attr_decking_material,attr_decking_material,data/processed/train/attr_decking_material_train.csv,data/features/dinov3_vitb16_attr_decking_material_assets.csv,classification,dinov3_frozen_embeddings_logistic_regression_tuned,logistic_regression_tuned,GroupKFold,4,5,85508,Timber,Timber,True,1.0,balanced,0.43845500984618074
attr_decking_material,attr_decking_material,data/processed/train/attr_decking_material_train.csv,data/features/dinov3_vitb16_attr_decking_material_assets.csv,classification,dinov3_frozen_embeddings_logistic_regression_tuned,logistic_regression_tuned,GroupKFold,4,5,86034,Timber,Timber,True,1.0,balanced,0.43845500984618074
attr_decking_material,attr_decking_material,data/processed/train/attr_decking_material_train.csv,data/features/dinov3_vitb16_attr_decking_material_assets.csv,classification,dinov3_frozen_embeddings_logistic_regression_tuned,logistic_regression_tuned,GroupKFold,4,5,86068,Timber,Timber,True,1.0,balanced,0.43845500984618074
attr_decking_material,attr_decking_material,data/processed/train/attr_decking_material_train.csv,data/features/dinov3_vitb16_attr_decking_material_assets.csv,classification,dinov3_frozen_embeddings_logistic_regression_tuned,logistic_regression_tuned,GroupKFold,4,5,86069,Timber,Timber,True,1.0,balanced,0.43845500984618074
attr_decking_material,attr_decking_material,data/processed/train/attr_decking_material_train.csv,data/features/dinov3_vitb16_attr_decking_material_assets.csv,classification,dinov3_frozen_embeddings_logistic_regression_tuned,logistic_regression_tuned,GroupKFold,4,5,86093,Timber,Timber,True,1.0,balanced,0.43845500984618074
attr_decking_material,attr_decking_material,data/processed/train/attr_decking_material_train.csv,data/features/dinov3_vitb16_attr_decking_material_assets.csv,classification,dinov3_frozen_embeddings_logistic_regression_tuned,logistic_regression_tuned,GroupKFold,4,5,86095,Timber,Timber,True,1.0,balanced,0.43845500984618074
attr_decking_material,attr_decking_material,data/processed/train/attr_decking_material_train.csv,data/features/dinov3_vitb16_attr_decking_material_assets.csv,classification,dinov3_frozen_embeddings_logistic_regression_tuned,logistic_regression_tuned,GroupKFold,4,5,86087,Timber,Timber,True,1.0,balanced,0.43845500984618074
attr_decking_material,attr_decking_material,data/processed/train/attr_decking_material_train.csv,data/features/dinov3_vitb16_attr_decking_material_assets.csv,classification,dinov3_frozen_embeddings_logistic_regression_tuned,logistic_regression_tuned,GroupKFold,4,5,86115,Timber,Timber,True,1.0,balanced,0.43845500984618074
attr_decking_material,attr_decking_material,data/processed/train/attr_decking_material_train.csv,data/features/dinov3_vitb16_attr_decking_material_assets.csv,classification,dinov3_frozen_embeddings_logistic_regression_tuned,logistic_regression_tuned,GroupKFold,4,5,86119,Timber,Timber,True,1.0,balanced,0.43845500984618074
attr_decking_material,attr_decking_material,data/processed/train/attr_decking_material_train.csv,data/features/dinov3_vitb16_attr_decking_material_assets.csv,classification,dinov3_frozen_embeddings_logistic_regression_tuned,logistic_regression_tuned,GroupKFold,4,5,86126,Timber,Timber,True,1.0,balanced,0.43845500984618074
attr_decking_material,attr_decking_material,data/processed/train/attr_decking_material_train.csv,data/features/dinov3_vitb16_attr_decking_material_assets.csv,classification,dinov3_frozen_embeddings_logistic_regression_tuned,logistic_regression_tuned,GroupKFold,4,5,86127,Timber,Timber,True,1.0,balanced,0.43845500984618074
attr_decking_material,attr_decking_material,data/processed/train/attr_decking_material_train.csv,data/features/dinov3_vitb16_attr_decking_material_assets.csv,classification,dinov3_frozen_embeddings_logistic_regression_tuned,logistic_regression_tuned,GroupKFold,4,5,86133,Timber,Timber,True,1.0,balanced,0.43845500984618074
attr_decking_material,attr_decking_material,data/processed/train/attr_decking_material_train.csv,data/features/dinov3_vitb16_attr_decking_material_assets.csv,classification,dinov3_frozen_embeddings_logistic_regression_tuned,logistic_regression_tuned,GroupKFold,4,5,86146,Timber,Timber,True,1.0,balanced,0.43845500984618074
attr_decking_material,attr_decking_material,data/processed/train/attr_decking_material_train.csv,data/features/dinov3_vitb16_attr_decking_material_assets.csv,classification,dinov3_frozen_embeddings_logistic_regression_tuned,logistic_regression_tuned,GroupKFold,4,5,86155,Timber,Timber,True,1.0,balanced,0.43845500984618074
attr_decking_material,attr_decking_material,data/processed/train/attr_decking_material_train.csv,data/features/dinov3_vitb16_attr_decking_material_assets.csv,classification,dinov3_frozen_embeddings_logistic_regression_tuned,logistic_regression_tuned,GroupKFold,4,5,86164,Timber,Timber,True,1.0,balanced,0.43845500984618074
attr_decking_material,attr_decking_material,data/processed/train/attr_decking_material_train.csv,data/features/dinov3_vitb16_attr_decking_material_assets.csv,classification,dinov3_frozen_embeddings_logistic_regression_tuned,logistic_regression_tuned,GroupKFold,4,5,86187,Timber,Timber,True,1.0,balanced,0.43845500984618074
attr_decking_material,attr_decking_material,data/processed/train/attr_decking_material_train.csv,data/features/dinov3_vitb16_attr_decking_material_assets.csv,classification,dinov3_frozen_embeddings_logistic_regression_tuned,logistic_regression_tuned,GroupKFold,4,5,86204,Timber,Timber,True,1.0,balanced,0.43845500984618074
attr_decking_material,attr_decking_material,data/processed/train/attr_decking_material_train.csv,data/features/dinov3_vitb16_attr_decking_material_assets.csv,classification,dinov3_frozen_embeddings_logistic_regression_tuned,logistic_regression_tuned,GroupKFold,4,5,86205,Timber,Timber,True,1.0,balanced,0.43845500984618074
attr_decking_material,attr_decking_material,data/processed/train/attr_decking_material_train.csv,data/features/dinov3_vitb16_attr_decking_material_assets.csv,classification,dinov3_frozen_embeddings_logistic_regression_tuned,logistic_regression_tuned,GroupKFold,4,5,86213,Timber,Timber,True,1.0,balanced,0.43845500984618074
attr_decking_material,attr_decking_material,data/processed/train/attr_decking_material_train.csv,data/features/dinov3_vitb16_attr_decking_material_assets.csv,classification,dinov3_frozen_embeddings_logistic_regression_tuned,logistic_regression_tuned,GroupKFold,4,5,86222,Timber,Timber,True,1.0,balanced,0.43845500984618074
attr_decking_material,attr_decking_material,data/processed/train/attr_decking_material_train.csv,data/features/dinov3_vitb16_attr_decking_material_assets.csv,classification,dinov3_frozen_embeddings_logistic_regression_tuned,logistic_regression_tuned,GroupKFold,4,5,86219,Timber,Timber,True,1.0,balanced,0.43845500984618074
attr_decking_material,attr_decking_material,data/processed/train/attr_decking_material_train.csv,data/features/dinov3_vitb16_attr_decking_material_assets.csv,classification,dinov3_frozen_embeddings_logistic_regression_tuned,logistic_regression_tuned,GroupKFold,4,5,86228,Timber,Timber,True,1.0,balanced,0.43845500984618074
attr_decking_material,attr_decking_material,data/processed/train/attr_decking_material_train.csv,data/features/dinov3_vitb16_attr_decking_material_assets.csv,classification,dinov3_frozen_embeddings_logistic_regression_tuned,logistic_regression_tuned,GroupKFold,4,5,86247,Timber,Timber,True,1.0,balanced,0.43845500984618074
attr_decking_material,attr_decking_material,data/processed/train/attr_decking_material_train.csv,data/features/dinov3_vitb16_attr_decking_material_assets.csv,classification,dinov3_frozen_embeddings_logistic_regression_tuned,logistic_regression_tuned,GroupKFold,4,5,86251,Timber,Timber,True,1.0,balanced,0.43845500984618074
attr_decking_material,attr_decking_material,data/processed/train/attr_decking_material_train.csv,data/features/dinov3_vitb16_attr_decking_material_assets.csv,classification,dinov3_frozen_embeddings_logistic_regression_tuned,logistic_regression_tuned,GroupKFold,4,5,86256,Timber,Timber,True,1.0,balanced,0.43845500984618074
attr_decking_material,attr_decking_material,data/processed/train/attr_decking_material_train.csv,data/features/dinov3_vitb16_attr_decking_material_assets.csv,classification,dinov3_frozen_embeddings_logistic_regression_tuned,logistic_regression_tuned,GroupKFold,4,5,86255,Timber,Timber,True,1.0,balanced,0.43845500984618074
attr_decking_material,attr_decking_material,data/processed/train/attr_decking_material_train.csv,data/features/dinov3_vitb16_attr_decking_material_assets.csv,classification,dinov3_frozen_embeddings_logistic_regression_tuned,logistic_regression_tuned,GroupKFold,4,5,87530,Timber,Timber,True,1.0,balanced,0.43845500984618074
attr_decking_material,attr_decking_material,data/processed/train/attr_decking_material_train.csv,data/features/dinov3_vitb16_attr_decking_material_assets.csv,classification,dinov3_frozen_embeddings_logistic_regression_tuned,logistic_regression_tuned,GroupKFold,4,5,87516,Timber,Timber,True,1.0,balanced,0.43845500984618074
attr_decking_material,attr_decking_material,data/processed/train/attr_decking_material_train.csv,data/features/dinov3_vitb16_attr_decking_material_assets.csv,classification,dinov3_frozen_embeddings_logistic_regression_tuned,logistic_regression_tuned,GroupKFold,4,5,87575,Timber,Timber,True,1.0,balanced,0.43845500984618074
attr_decking_material,attr_decking_material,data/processed/train/attr_decking_material_train.csv,data/features/dinov3_vitb16_attr_decking_material_assets.csv,classification,dinov3_frozen_embeddings_logistic_regression_tuned,logistic_regression_tuned,GroupKFold,4,5,87583,Timber,Timber,True,1.0,balanced,0.43845500984618074
attr_decking_material,attr_decking_material,data/processed/train/attr_decking_material_train.csv,data/features/dinov3_vitb16_attr_decking_material_assets.csv,classification,dinov3_frozen_embeddings_logistic_regression_tuned,logistic_regression_tuned,GroupKFold,4,5,88282,Timber,Timber,True,1.0,balanced,0.43845500984618074
attr_decking_material,attr_decking_material,data/processed/train/attr_decking_material_train.csv,data/features/dinov3_vitb16_attr_decking_material_assets.csv,classification,dinov3_frozen_embeddings_logistic_regression_tuned,logistic_regression_tuned,GroupKFold,4,5,88674,Timber,Timber,True,1.0,balanced,0.43845500984618074
attr_decking_material,attr_decking_material,data/processed/train/attr_decking_material_train.csv,data/features/dinov3_vitb16_attr_decking_material_assets.csv,classification,dinov3_frozen_embeddings_logistic_regression_tuned,logistic_regression_tuned,GroupKFold,4,5,89575,Timber,Timber,True,1.0,balanced,0.43845500984618074
attr_decking_material,attr_decking_material,data/processed/train/attr_decking_material_train.csv,data/features/dinov3_vitb16_attr_decking_material_assets.csv,classification,dinov3_frozen_embeddings_logistic_regression_tuned,logistic_regression_tuned,GroupKFold,4,5,89714,Timber,Timber,True,1.0,balanced,0.43845500984618074
attr_decking_material,attr_decking_material,data/processed/train/attr_decking_material_train.csv,data/features/dinov3_vitb16_attr_decking_material_assets.csv,classification,dinov3_frozen_embeddings_logistic_regression_tuned,logistic_regression_tuned,GroupKFold,4,5,89715,Timber,Timber,True,1.0,balanced,0.43845500984618074
attr_decking_material,attr_decking_material,data/processed/train/attr_decking_material_train.csv,data/features/dinov3_vitb16_attr_decking_material_assets.csv,classification,dinov3_frozen_embeddings_logistic_regression_tuned,logistic_regression_tuned,GroupKFold,4,5,89734,Timber,Timber,True,1.0,balanced,0.43845500984618074
attr_decking_material,attr_decking_material,data/processed/train/attr_decking_material_train.csv,data/features/dinov3_vitb16_attr_decking_material_assets.csv,classification,dinov3_frozen_embeddings_logistic_regression_tuned,logistic_regression_tuned,GroupKFold,4,5,90327,Timber,Timber,True,1.0,balanced,0.43845500984618074
attr_decking_material,attr_decking_material,data/processed/train/attr_decking_material_train.csv,data/features/dinov3_vitb16_attr_decking_material_assets.csv,classification,dinov3_frozen_embeddings_logistic_regression_tuned,logistic_regression_tuned,GroupKFold,4,5,90337,Timber,Timber,True,1.0,balanced,0.43845500984618074
attr_decking_material,attr_decking_material,data/processed/train/attr_decking_material_train.csv,data/features/dinov3_vitb16_attr_decking_material_assets.csv,classification,dinov3_frozen_embeddings_logistic_regression_tuned,logistic_regression_tuned,GroupKFold,4,5,90347,Timber,Timber,True,1.0,balanced,0.43845500984618074
attr_decking_material,attr_decking_material,data/processed/train/attr_decking_material_train.csv,data/features/dinov3_vitb16_attr_decking_material_assets.csv,classification,dinov3_frozen_embeddings_logistic_regression_tuned,logistic_regression_tuned,GroupKFold,4,5,90351,Timber,Timber,True,1.0,balanced,0.43845500984618074
attr_decking_material,attr_decking_material,data/processed/train/attr_decking_material_train.csv,data/features/dinov3_vitb16_attr_decking_material_assets.csv,classification,dinov3_frozen_embeddings_logistic_regression_tuned,logistic_regression_tuned,GroupKFold,4,5,90367,Timber,Timber,True,1.0,balanced,0.43845500984618074
attr_decking_material,attr_decking_material,data/processed/train/attr_decking_material_train.csv,data/features/dinov3_vitb16_attr_decking_material_assets.csv,classification,dinov3_frozen_embeddings_logistic_regression_tuned,logistic_regression_tuned,GroupKFold,4,5,90382,Timber,Timber,True,1.0,balanced,0.43845500984618074
attr_decking_material,attr_decking_material,data/processed/train/attr_decking_material_train.csv,data/features/dinov3_vitb16_attr_decking_material_assets.csv,classification,dinov3_frozen_embeddings_logistic_regression_tuned,logistic_regression_tuned,GroupKFold,4,5,90394,Timber,Timber,True,1.0,balanced,0.43845500984618074
attr_decking_material,attr_decking_material,data/processed/train/attr_decking_material_train.csv,data/features/dinov3_vitb16_attr_decking_material_assets.csv,classification,dinov3_frozen_embeddings_logistic_regression_tuned,logistic_regression_tuned,GroupKFold,4,5,90397,Timber,Timber,True,1.0,balanced,0.43845500984618074
attr_decking_material,attr_decking_material,data/processed/train/attr_decking_material_train.csv,data/features/dinov3_vitb16_attr_decking_material_assets.csv,classification,dinov3_frozen_embeddings_logistic_regression_tuned,logistic_regression_tuned,GroupKFold,4,5,91943,Timber,Timber,True,1.0,balanced,0.43845500984618074
attr_decking_material,attr_decking_material,data/processed/train/attr_decking_material_train.csv,data/features/dinov3_vitb16_attr_decking_material_assets.csv,classification,dinov3_frozen_embeddings_logistic_regression_tuned,logistic_regression_tuned,GroupKFold,4,5,92004,Timber,Timber,True,1.0,balanced,0.43845500984618074
attr_decking_material,attr_decking_material,data/processed/train/attr_decking_material_train.csv,data/features/dinov3_vitb16_attr_decking_material_assets.csv,classification,dinov3_frozen_embeddings_logistic_regression_tuned,logistic_regression_tuned,GroupKFold,4,5,92006,Timber,Timber,True,1.0,balanced,0.43845500984618074
attr_decking_material,attr_decking_material,data/processed/train/attr_decking_material_train.csv,data/features/dinov3_vitb16_attr_decking_material_assets.csv,classification,dinov3_frozen_embeddings_logistic_regression_tuned,logistic_regression_tuned,GroupKFold,4,5,92012,Timber,Timber,True,1.0,balanced,0.43845500984618074
attr_decking_material,attr_decking_material,data/processed/train/attr_decking_material_train.csv,data/features/dinov3_vitb16_attr_decking_material_assets.csv,classification,dinov3_frozen_embeddings_logistic_regression_tuned,logistic_regression_tuned,GroupKFold,4,5,92020,Timber,Timber,True,1.0,balanced,0.43845500984618074
attr_decking_material,attr_decking_material,data/processed/train/attr_decking_material_train.csv,data/features/dinov3_vitb16_attr_decking_material_assets.csv,classification,dinov3_frozen_embeddings_logistic_regression_tuned,logistic_regression_tuned,GroupKFold,4,5,92027,Timber,Timber,True,1.0,balanced,0.43845500984618074
attr_decking_material,attr_decking_material,data/processed/train/attr_decking_material_train.csv,data/features/dinov3_vitb16_attr_decking_material_assets.csv,classification,dinov3_frozen_embeddings_logistic_regression_tuned,logistic_regression_tuned,GroupKFold,4,5,92034,Timber,Timber,True,1.0,balanced,0.43845500984618074
attr_decking_material,attr_decking_material,data/processed/train/attr_decking_material_train.csv,data/features/dinov3_vitb16_attr_decking_material_assets.csv,classification,dinov3_frozen_embeddings_logistic_regression_tuned,logistic_regression_tuned,GroupKFold,4,5,92038,Timber,Timber,True,1.0,balanced,0.43845500984618074
attr_decking_material,attr_decking_material,data/processed/train/attr_decking_material_train.csv,data/features/dinov3_vitb16_attr_decking_material_assets.csv,classification,dinov3_frozen_embeddings_logistic_regression_tuned,logistic_regression_tuned,GroupKFold,4,5,92054,Timber,Timber,True,1.0,balanced,0.43845500984618074
attr_decking_material,attr_decking_material,data/processed/train/attr_decking_material_train.csv,data/features/dinov3_vitb16_attr_decking_material_assets.csv,classification,dinov3_frozen_embeddings_logistic_regression_tuned,logistic_regression_tuned,GroupKFold,4,5,92056,Timber,Timber,True,1.0,balanced,0.43845500984618074
attr_decking_material,attr_decking_material,data/processed/train/attr_decking_material_train.csv,data/features/dinov3_vitb16_attr_decking_material_assets.csv,classification,dinov3_frozen_embeddings_logistic_regression_tuned,logistic_regression_tuned,GroupKFold,4,5,92842,Timber,Timber,True,1.0,balanced,0.43845500984618074
attr_decking_material,attr_decking_material,data/processed/train/attr_decking_material_train.csv,data/features/dinov3_vitb16_attr_decking_material_assets.csv,classification,dinov3_frozen_embeddings_logistic_regression_tuned,logistic_regression_tuned,GroupKFold,4,5,93028,Timber,Timber,True,1.0,balanced,0.43845500984618074
attr_decking_material,attr_decking_material,data/processed/train/attr_decking_material_train.csv,data/features/dinov3_vitb16_attr_decking_material_assets.csv,classification,dinov3_frozen_embeddings_logistic_regression_tuned,logistic_regression_tuned,GroupKFold,4,5,94265,Timber,Timber,True,1.0,balanced,0.43845500984618074
attr_decking_material,attr_decking_material,data/processed/train/attr_decking_material_train.csv,data/features/dinov3_vitb16_attr_decking_material_assets.csv,classification,dinov3_frozen_embeddings_logistic_regression_tuned,logistic_regression_tuned,GroupKFold,4,5,94275,Timber,Timber,True,1.0,balanced,0.43845500984618074
attr_decking_material,attr_decking_material,data/processed/train/attr_decking_material_train.csv,data/features/dinov3_vitb16_attr_decking_material_assets.csv,classification,dinov3_frozen_embeddings_logistic_regression_tuned,logistic_regression_tuned,GroupKFold,4,5,94278,Timber,Timber,True,1.0,balanced,0.43845500984618074
attr_decking_material,attr_decking_material,data/processed/train/attr_decking_material_train.csv,data/features/dinov3_vitb16_attr_decking_material_assets.csv,classification,dinov3_frozen_embeddings_logistic_regression_tuned,logistic_regression_tuned,GroupKFold,4,5,94281,Timber,Timber,True,1.0,balanced,0.43845500984618074
attr_decking_material,attr_decking_material,data/processed/train/attr_decking_material_train.csv,data/features/dinov3_vitb16_attr_decking_material_assets.csv,classification,dinov3_frozen_embeddings_logistic_regression_tuned,logistic_regression_tuned,GroupKFold,4,5,94282,Timber,Timber,True,1.0,balanced,0.43845500984618074
attr_decking_material,attr_decking_material,data/processed/train/attr_decking_material_train.csv,data/features/dinov3_vitb16_attr_decking_material_assets.csv,classification,dinov3_frozen_embeddings_logistic_regression_tuned,logistic_regression_tuned,GroupKFold,4,5,94284,Timber,Timber,True,1.0,balanced,0.43845500984618074
attr_decking_material,attr_decking_material,data/processed/train/attr_decking_material_train.csv,data/features/dinov3_vitb16_attr_decking_material_assets.csv,classification,dinov3_frozen_embeddings_logistic_regression_tuned,logistic_regression_tuned,GroupKFold,4,5,94285,Timber,Timber,True,1.0,balanced,0.43845500984618074
attr_decking_material,attr_decking_material,data/processed/train/attr_decking_material_train.csv,data/features/dinov3_vitb16_attr_decking_material_assets.csv,classification,dinov3_frozen_embeddings_logistic_regression_tuned,logistic_regression_tuned,GroupKFold,4,5,94288,Timber,Timber,True,1.0,balanced,0.43845500984618074
attr_decking_material,attr_decking_material,data/processed/train/attr_decking_material_train.csv,data/features/dinov3_vitb16_attr_decking_material_assets.csv,classification,dinov3_frozen_embeddings_logistic_regression_tuned,logistic_regression_tuned,GroupKFold,4,5,94289,Timber,Timber,True,1.0,balanced,0.43845500984618074
attr_decking_material,attr_decking_material,data/processed/train/attr_decking_material_train.csv,data/features/dinov3_vitb16_attr_decking_material_assets.csv,classification,dinov3_frozen_embeddings_logistic_regression_tuned,logistic_regression_tuned,GroupKFold,4,5,94290,Timber,Timber,True,1.0,balanced,0.43845500984618074
attr_decking_material,attr_decking_material,data/processed/train/attr_decking_material_train.csv,data/features/dinov3_vitb16_attr_decking_material_assets.csv,classification,dinov3_frozen_embeddings_logistic_regression_tuned,logistic_regression_tuned,GroupKFold,4,5,94309,Timber,Timber,True,1.0,balanced,0.43845500984618074
attr_decking_material,attr_decking_material,data/processed/train/attr_decking_material_train.csv,data/features/dinov3_vitb16_attr_decking_material_assets.csv,classification,dinov3_frozen_embeddings_logistic_regression_tuned,logistic_regression_tuned,GroupKFold,4,5,94316,Timber,Timber,True,1.0,balanced,0.43845500984618074
attr_decking_material,attr_decking_material,data/processed/train/attr_decking_material_train.csv,data/features/dinov3_vitb16_attr_decking_material_assets.csv,classification,dinov3_frozen_embeddings_logistic_regression_tuned,logistic_regression_tuned,GroupKFold,4,5,94326,Timber,Timber,True,1.0,balanced,0.43845500984618074
attr_decking_material,attr_decking_material,data/processed/train/attr_decking_material_train.csv,data/features/dinov3_vitb16_attr_decking_material_assets.csv,classification,dinov3_frozen_embeddings_logistic_regression_tuned,logistic_regression_tuned,GroupKFold,4,5,94336,Timber,Timber,True,1.0,balanced,0.43845500984618074
attr_decking_material,attr_decking_material,data/processed/train/attr_decking_material_train.csv,data/features/dinov3_vitb16_attr_decking_material_assets.csv,classification,dinov3_frozen_embeddings_logistic_regression_tuned,logistic_regression_tuned,GroupKFold,4,5,94337,Timber,Timber,True,1.0,balanced,0.43845500984618074
attr_decking_material,attr_decking_material,data/processed/train/attr_decking_material_train.csv,data/features/dinov3_vitb16_attr_decking_material_assets.csv,classification,dinov3_frozen_embeddings_logistic_regression_tuned,logistic_regression_tuned,GroupKFold,4,5,94350,Timber,Timber,True,1.0,balanced,0.43845500984618074
attr_decking_material,attr_decking_material,data/processed/train/attr_decking_material_train.csv,data/features/dinov3_vitb16_attr_decking_material_assets.csv,classification,dinov3_frozen_embeddings_logistic_regression_tuned,logistic_regression_tuned,GroupKFold,4,5,94355,Timber,Timber,True,1.0,balanced,0.43845500984618074
attr_decking_material,attr_decking_material,data/processed/train/attr_decking_material_train.csv,data/features/dinov3_vitb16_attr_decking_material_assets.csv,classification,dinov3_frozen_embeddings_logistic_regression_tuned,logistic_regression_tuned,GroupKFold,4,5,94373,Timber,Timber,True,1.0,balanced,0.43845500984618074
attr_decking_material,attr_decking_material,data/processed/train/attr_decking_material_train.csv,data/features/dinov3_vitb16_attr_decking_material_assets.csv,classification,dinov3_frozen_embeddings_logistic_regression_tuned,logistic_regression_tuned,GroupKFold,4,5,94374,Timber,Timber,True,1.0,balanced,0.43845500984618074
attr_decking_material,attr_decking_material,data/processed/train/attr_decking_material_train.csv,data/features/dinov3_vitb16_attr_decking_material_assets.csv,classification,dinov3_frozen_embeddings_logistic_regression_tuned,logistic_regression_tuned,GroupKFold,4,5,94380,Timber,Timber,True,1.0,balanced,0.43845500984618074
attr_decking_material,attr_decking_material,data/processed/train/attr_decking_material_train.csv,data/features/dinov3_vitb16_attr_decking_material_assets.csv,classification,dinov3_frozen_embeddings_logistic_regression_tuned,logistic_regression_tuned,GroupKFold,4,5,94381,Timber,Timber,True,1.0,balanced,0.43845500984618074
attr_decking_material,attr_decking_material,data/processed/train/attr_decking_material_train.csv,data/features/dinov3_vitb16_attr_decking_material_assets.csv,classification,dinov3_frozen_embeddings_logistic_regression_tuned,logistic_regression_tuned,GroupKFold,4,5,94391,Timber,Timber,True,1.0,balanced,0.43845500984618074
attr_decking_material,attr_decking_material,data/processed/train/attr_decking_material_train.csv,data/features/dinov3_vitb16_attr_decking_material_assets.csv,classification,dinov3_frozen_embeddings_logistic_regression_tuned,logistic_regression_tuned,GroupKFold,4,5,94395,Timber,Timber,True,1.0,balanced,0.43845500984618074
attr_decking_material,attr_decking_material,data/processed/train/attr_decking_material_train.csv,data/features/dinov3_vitb16_attr_decking_material_assets.csv,classification,dinov3_frozen_embeddings_logistic_regression_tuned,logistic_regression_tuned,GroupKFold,4,5,94421,Timber,Timber,True,1.0,balanced,0.43845500984618074
attr_decking_material,attr_decking_material,data/processed/train/attr_decking_material_train.csv,data/features/dinov3_vitb16_attr_decking_material_assets.csv,classification,dinov3_frozen_embeddings_logistic_regression_tuned,logistic_regression_tuned,GroupKFold,4,5,94780,Timber,Timber,True,1.0,balanced,0.43845500984618074
attr_decking_material,attr_decking_material,data/processed/train/attr_decking_material_train.csv,data/features/dinov3_vitb16_attr_decking_material_assets.csv,classification,dinov3_frozen_embeddings_logistic_regression_tuned,logistic_regression_tuned,GroupKFold,4,5,94781,Timber,Timber,True,1.0,balanced,0.43845500984618074
attr_decking_material,attr_decking_material,data/processed/train/attr_decking_material_train.csv,data/features/dinov3_vitb16_attr_decking_material_assets.csv,classification,dinov3_frozen_embeddings_logistic_regression_tuned,logistic_regression_tuned,GroupKFold,4,5,95730,Timber,Timber,True,1.0,balanced,0.43845500984618074
attr_decking_material,attr_decking_material,data/processed/train/attr_decking_material_train.csv,data/features/dinov3_vitb16_attr_decking_material_assets.csv,classification,dinov3_frozen_embeddings_logistic_regression_tuned,logistic_regression_tuned,GroupKFold,4,5,96358,Timber,Timber,True,1.0,balanced,0.43845500984618074
attr_decking_material,attr_decking_material,data/processed/train/attr_decking_material_train.csv,data/features/dinov3_vitb16_attr_decking_material_assets.csv,classification,dinov3_frozen_embeddings_logistic_regression_tuned,logistic_regression_tuned,GroupKFold,4,5,99815,Timber,Timber,True,1.0,balanced,0.43845500984618074
attr_decking_material,attr_decking_material,data/processed/train/attr_decking_material_train.csv,data/features/dinov3_vitb16_attr_decking_material_assets.csv,classification,dinov3_frozen_embeddings_logistic_regression_tuned,logistic_regression_tuned,GroupKFold,4,5,99891,Timber,Timber,True,1.0,balanced,0.43845500984618074
attr_decking_material,attr_decking_material,data/processed/train/attr_decking_material_train.csv,data/features/dinov3_vitb16_attr_decking_material_assets.csv,classification,dinov3_frozen_embeddings_logistic_regression_tuned,logistic_regression_tuned,GroupKFold,4,5,99892,Timber,Timber,True,1.0,balanced,0.43845500984618074
attr_decking_material,attr_decking_material,data/processed/train/attr_decking_material_train.csv,data/features/dinov3_vitb16_attr_decking_material_assets.csv,classification,dinov3_frozen_embeddings_logistic_regression_tuned,logistic_regression_tuned,GroupKFold,4,5,100345,Timber,Timber,True,1.0,balanced,0.43845500984618074
attr_decking_material,attr_decking_material,data/processed/train/attr_decking_material_train.csv,data/features/dinov3_vitb16_attr_decking_material_assets.csv,classification,dinov3_frozen_embeddings_logistic_regression_tuned,logistic_regression_tuned,GroupKFold,4,5,100550,Timber,Timber,True,1.0,balanced,0.43845500984618074
attr_decking_material,attr_decking_material,data/processed/train/attr_decking_material_train.csv,data/features/dinov3_vitb16_attr_decking_material_assets.csv,classification,dinov3_frozen_embeddings_logistic_regression_tuned,logistic_regression_tuned,GroupKFold,4,5,100555,Timber,Timber,True,1.0,balanced,0.43845500984618074
attr_decking_material,attr_decking_material,data/processed/train/attr_decking_material_train.csv,data/features/dinov3_vitb16_attr_decking_material_assets.csv,classification,dinov3_frozen_embeddings_logistic_regression_tuned,logistic_regression_tuned,GroupKFold,4,5,100556,Timber,Timber,True,1.0,balanced,0.43845500984618074
attr_decking_material,attr_decking_material,data/processed/train/attr_decking_material_train.csv,data/features/dinov3_vitb16_attr_decking_material_assets.csv,classification,dinov3_frozen_embeddings_logistic_regression_tuned,logistic_regression_tuned,GroupKFold,4,5,100999,Timber,Timber,True,1.0,balanced,0.43845500984618074
attr_decking_material,attr_decking_material,data/processed/train/attr_decking_material_train.csv,data/features/dinov3_vitb16_attr_decking_material_assets.csv,classification,dinov3_frozen_embeddings_logistic_regression_tuned,logistic_regression_tuned,GroupKFold,4,5,102356,Timber,Timber,True,1.0,balanced,0.43845500984618074
attr_decking_material,attr_decking_material,data/processed/train/attr_decking_material_train.csv,data/features/dinov3_vitb16_attr_decking_material_assets.csv,classification,dinov3_frozen_embeddings_logistic_regression_tuned,logistic_regression_tuned,GroupKFold,4,5,102372,Timber,Timber,True,1.0,balanced,0.43845500984618074
attr_decking_material,attr_decking_material,data/processed/train/attr_decking_material_train.csv,data/features/dinov3_vitb16_attr_decking_material_assets.csv,classification,dinov3_frozen_embeddings_logistic_regression_tuned,logistic_regression_tuned,GroupKFold,4,5,102428,Timber,Timber,True,1.0,balanced,0.43845500984618074
attr_decking_material,attr_decking_material,data/processed/train/attr_decking_material_train.csv,data/features/dinov3_vitb16_attr_decking_material_assets.csv,classification,dinov3_frozen_embeddings_logistic_regression_tuned,logistic_regression_tuned,GroupKFold,4,5,102536,Timber,Timber,True,1.0,balanced,0.43845500984618074
attr_decking_material,attr_decking_material,data/processed/train/attr_decking_material_train.csv,data/features/dinov3_vitb16_attr_decking_material_assets.csv,classification,dinov3_frozen_embeddings_logistic_regression_tuned,logistic_regression_tuned,GroupKFold,4,5,102538,Timber,Timber,True,1.0,balanced,0.43845500984618074
attr_decking_material,attr_decking_material,data/processed/train/attr_decking_material_train.csv,data/features/dinov3_vitb16_attr_decking_material_assets.csv,classification,dinov3_frozen_embeddings_logistic_regression_tuned,logistic_regression_tuned,GroupKFold,4,5,103624,Timber,Timber,True,1.0,balanced,0.43845500984618074
attr_decking_material,attr_decking_material,data/processed/train/attr_decking_material_train.csv,data/features/dinov3_vitb16_attr_decking_material_assets.csv,classification,dinov3_frozen_embeddings_logistic_regression_tuned,logistic_regression_tuned,GroupKFold,4,5,103712,Timber,Timber,True,1.0,balanced,0.43845500984618074
attr_decking_material,attr_decking_material,data/processed/train/attr_decking_material_train.csv,data/features/dinov3_vitb16_attr_decking_material_assets.csv,classification,dinov3_frozen_embeddings_logistic_regression_tuned,logistic_regression_tuned,GroupKFold,4,5,103740,Timber,Timber,True,1.0,balanced,0.43845500984618074
attr_decking_material,attr_decking_material,data/processed/train/attr_decking_material_train.csv,data/features/dinov3_vitb16_attr_decking_material_assets.csv,classification,dinov3_frozen_embeddings_logistic_regression_tuned,logistic_regression_tuned,GroupKFold,4,5,103742,Timber,Timber,True,1.0,balanced,0.43845500984618074
attr_decking_material,attr_decking_material,data/processed/train/attr_decking_material_train.csv,data/features/dinov3_vitb16_attr_decking_material_assets.csv,classification,dinov3_frozen_embeddings_logistic_regression_tuned,logistic_regression_tuned,GroupKFold,4,5,103747,Timber,Timber,True,1.0,balanced,0.43845500984618074
attr_decking_material,attr_decking_material,data/processed/train/attr_decking_material_train.csv,data/features/dinov3_vitb16_attr_decking_material_assets.csv,classification,dinov3_frozen_embeddings_logistic_regression_tuned,logistic_regression_tuned,GroupKFold,4,5,105250,Timber,Timber,True,1.0,balanced,0.43845500984618074
attr_decking_material,attr_decking_material,data/processed/train/attr_decking_material_train.csv,data/features/dinov3_vitb16_attr_decking_material_assets.csv,classification,dinov3_frozen_embeddings_logistic_regression_tuned,logistic_regression_tuned,GroupKFold,4,5,105280,Timber,Timber,True,1.0,balanced,0.43845500984618074
attr_decking_material,attr_decking_material,data/processed/train/attr_decking_material_train.csv,data/features/dinov3_vitb16_attr_decking_material_assets.csv,classification,dinov3_frozen_embeddings_logistic_regression_tuned,logistic_regression_tuned,GroupKFold,4,5,106401,Timber,Timber,True,1.0,balanced,0.43845500984618074
attr_decking_material,attr_decking_material,data/processed/train/attr_decking_material_train.csv,data/features/dinov3_vitb16_attr_decking_material_assets.csv,classification,dinov3_frozen_embeddings_logistic_regression_tuned,logistic_regression_tuned,GroupKFold,4,5,107063,Timber,Timber,True,1.0,balanced,0.43845500984618074
attr_decking_material,attr_decking_material,data/processed/train/attr_decking_material_train.csv,data/features/dinov3_vitb16_attr_decking_material_assets.csv,classification,dinov3_frozen_embeddings_logistic_regression_tuned,logistic_regression_tuned,GroupKFold,4,5,107284,Timber,Timber,True,1.0,balanced,0.43845500984618074
attr_decking_material,attr_decking_material,data/processed/train/attr_decking_material_train.csv,data/features/dinov3_vitb16_attr_decking_material_assets.csv,classification,dinov3_frozen_embeddings_logistic_regression_tuned,logistic_regression_tuned,GroupKFold,4,5,107320,Timber,Timber,True,1.0,balanced,0.43845500984618074
attr_decking_material,attr_decking_material,data/processed/train/attr_decking_material_train.csv,data/features/dinov3_vitb16_attr_decking_material_assets.csv,classification,dinov3_frozen_embeddings_logistic_regression_tuned,logistic_regression_tuned,GroupKFold,4,5,107345,Timber,Timber,True,1.0,balanced,0.43845500984618074
attr_decking_material,attr_decking_material,data/processed/train/attr_decking_material_train.csv,data/features/dinov3_vitb16_attr_decking_material_assets.csv,classification,dinov3_frozen_embeddings_logistic_regression_tuned,logistic_regression_tuned,GroupKFold,4,5,107358,Timber,Timber,True,1.0,balanced,0.43845500984618074
attr_decking_material,attr_decking_material,data/processed/train/attr_decking_material_train.csv,data/features/dinov3_vitb16_attr_decking_material_assets.csv,classification,dinov3_frozen_embeddings_logistic_regression_tuned,logistic_regression_tuned,GroupKFold,4,5,107370,Timber,Timber,True,1.0,balanced,0.43845500984618074
attr_decking_material,attr_decking_material,data/processed/train/attr_decking_material_train.csv,data/features/dinov3_vitb16_attr_decking_material_assets.csv,classification,dinov3_frozen_embeddings_logistic_regression_tuned,logistic_regression_tuned,GroupKFold,4,5,107900,Timber,Timber,True,1.0,balanced,0.43845500984618074
attr_decking_material,attr_decking_material,data/processed/train/attr_decking_material_train.csv,data/features/dinov3_vitb16_attr_decking_material_assets.csv,classification,dinov3_frozen_embeddings_logistic_regression_tuned,logistic_regression_tuned,GroupKFold,4,5,107920,Timber,Timber,True,1.0,balanced,0.43845500984618074
attr_decking_material,attr_decking_material,data/processed/train/attr_decking_material_train.csv,data/features/dinov3_vitb16_attr_decking_material_assets.csv,classification,dinov3_frozen_embeddings_logistic_regression_tuned,logistic_regression_tuned,GroupKFold,4,5,107959,Timber,Timber,True,1.0,balanced,0.43845500984618074
attr_decking_material,attr_decking_material,data/processed/train/attr_decking_material_train.csv,data/features/dinov3_vitb16_attr_decking_material_assets.csv,classification,dinov3_frozen_embeddings_logistic_regression_tuned,logistic_regression_tuned,GroupKFold,4,5,108021,Timber,Timber,True,1.0,balanced,0.43845500984618074
attr_decking_material,attr_decking_material,data/processed/train/attr_decking_material_train.csv,data/features/dinov3_vitb16_attr_decking_material_assets.csv,classification,dinov3_frozen_embeddings_logistic_regression_tuned,logistic_regression_tuned,GroupKFold,4,5,108031,Timber,Timber,True,1.0,balanced,0.43845500984618074
attr_decking_material,attr_decking_material,data/processed/train/attr_decking_material_train.csv,data/features/dinov3_vitb16_attr_decking_material_assets.csv,classification,dinov3_frozen_embeddings_logistic_regression_tuned,logistic_regression_tuned,GroupKFold,4,5,108353,Timber,Steel,False,1.0,balanced,0.43845500984618074
attr_decking_material,attr_decking_material,data/processed/train/attr_decking_material_train.csv,data/features/dinov3_vitb16_attr_decking_material_assets.csv,classification,dinov3_frozen_embeddings_logistic_regression_tuned,logistic_regression_tuned,GroupKFold,4,5,108373,Timber,Timber,True,1.0,balanced,0.43845500984618074
attr_decking_material,attr_decking_material,data/processed/train/attr_decking_material_train.csv,data/features/dinov3_vitb16_attr_decking_material_assets.csv,classification,dinov3_frozen_embeddings_logistic_regression_tuned,logistic_regression_tuned,GroupKFold,4,5,108661,Timber,Timber,True,1.0,balanced,0.43845500984618074
attr_decking_material,attr_decking_material,data/processed/train/attr_decking_material_train.csv,data/features/dinov3_vitb16_attr_decking_material_assets.csv,classification,dinov3_frozen_embeddings_logistic_regression_tuned,logistic_regression_tuned,GroupKFold,4,5,108733,Timber,Timber,True,1.0,balanced,0.43845500984618074
attr_decking_material,attr_decking_material,data/processed/train/attr_decking_material_train.csv,data/features/dinov3_vitb16_attr_decking_material_assets.csv,classification,dinov3_frozen_embeddings_logistic_regression_tuned,logistic_regression_tuned,GroupKFold,4,5,108787,Timber,Timber,True,1.0,balanced,0.43845500984618074
attr_decking_material,attr_decking_material,data/processed/train/attr_decking_material_train.csv,data/features/dinov3_vitb16_attr_decking_material_assets.csv,classification,dinov3_frozen_embeddings_logistic_regression_tuned,logistic_regression_tuned,GroupKFold,4,5,108790,Timber,Timber,True,1.0,balanced,0.43845500984618074
attr_decking_material,attr_decking_material,data/processed/train/attr_decking_material_train.csv,data/features/dinov3_vitb16_attr_decking_material_assets.csv,classification,dinov3_frozen_embeddings_logistic_regression_tuned,logistic_regression_tuned,GroupKFold,4,5,109614,Timber,Timber,True,1.0,balanced,0.43845500984618074
attr_decking_material,attr_decking_material,data/processed/train/attr_decking_material_train.csv,data/features/dinov3_vitb16_attr_decking_material_assets.csv,classification,dinov3_frozen_embeddings_logistic_regression_tuned,logistic_regression_tuned,GroupKFold,4,5,109617,Timber,Timber,True,1.0,balanced,0.43845500984618074
attr_decking_material,attr_decking_material,data/processed/train/attr_decking_material_train.csv,data/features/dinov3_vitb16_attr_decking_material_assets.csv,classification,dinov3_frozen_embeddings_logistic_regression_tuned,logistic_regression_tuned,GroupKFold,4,5,109618,Timber,Timber,True,1.0,balanced,0.43845500984618074
attr_decking_material,attr_decking_material,data/processed/train/attr_decking_material_train.csv,data/features/dinov3_vitb16_attr_decking_material_assets.csv,classification,dinov3_frozen_embeddings_logistic_regression_tuned,logistic_regression_tuned,GroupKFold,4,5,109622,Timber,Timber,True,1.0,balanced,0.43845500984618074
attr_decking_material,attr_decking_material,data/processed/train/attr_decking_material_train.csv,data/features/dinov3_vitb16_attr_decking_material_assets.csv,classification,dinov3_frozen_embeddings_logistic_regression_tuned,logistic_regression_tuned,GroupKFold,4,5,109824,Timber,Timber,True,1.0,balanced,0.43845500984618074
attr_decking_material,attr_decking_material,data/processed/train/attr_decking_material_train.csv,data/features/dinov3_vitb16_attr_decking_material_assets.csv,classification,dinov3_frozen_embeddings_logistic_regression_tuned,logistic_regression_tuned,GroupKFold,4,5,110268,Timber,Timber,True,1.0,balanced,0.43845500984618074
attr_decking_material,attr_decking_material,data/processed/train/attr_decking_material_train.csv,data/features/dinov3_vitb16_attr_decking_material_assets.csv,classification,dinov3_frozen_embeddings_logistic_regression_tuned,logistic_regression_tuned,GroupKFold,4,5,110300,Timber,Timber,True,1.0,balanced,0.43845500984618074
attr_decking_material,attr_decking_material,data/processed/train/attr_decking_material_train.csv,data/features/dinov3_vitb16_attr_decking_material_assets.csv,classification,dinov3_frozen_embeddings_logistic_regression_tuned,logistic_regression_tuned,GroupKFold,4,5,110821,Timber,Timber,True,1.0,balanced,0.43845500984618074
attr_decking_material,attr_decking_material,data/processed/train/attr_decking_material_train.csv,data/features/dinov3_vitb16_attr_decking_material_assets.csv,classification,dinov3_frozen_embeddings_logistic_regression_tuned,logistic_regression_tuned,GroupKFold,4,5,110873,Timber,Timber,True,1.0,balanced,0.43845500984618074
attr_decking_material,attr_decking_material,data/processed/train/attr_decking_material_train.csv,data/features/dinov3_vitb16_attr_decking_material_assets.csv,classification,dinov3_frozen_embeddings_logistic_regression_tuned,logistic_regression_tuned,GroupKFold,4,5,110960,Timber,Timber,True,1.0,balanced,0.43845500984618074
attr_decking_material,attr_decking_material,data/processed/train/attr_decking_material_train.csv,data/features/dinov3_vitb16_attr_decking_material_assets.csv,classification,dinov3_frozen_embeddings_logistic_regression_tuned,logistic_regression_tuned,GroupKFold,4,5,110963,Timber,Timber,True,1.0,balanced,0.43845500984618074
attr_decking_material,attr_decking_material,data/processed/train/attr_decking_material_train.csv,data/features/dinov3_vitb16_attr_decking_material_assets.csv,classification,dinov3_frozen_embeddings_logistic_regression_tuned,logistic_regression_tuned,GroupKFold,4,5,110972,Timber,Timber,True,1.0,balanced,0.43845500984618074
attr_decking_material,attr_decking_material,data/processed/train/attr_decking_material_train.csv,data/features/dinov3_vitb16_attr_decking_material_assets.csv,classification,dinov3_frozen_embeddings_logistic_regression_tuned,logistic_regression_tuned,GroupKFold,4,5,110977,Timber,Timber,True,1.0,balanced,0.43845500984618074
attr_decking_material,attr_decking_material,data/processed/train/attr_decking_material_train.csv,data/features/dinov3_vitb16_attr_decking_material_assets.csv,classification,dinov3_frozen_embeddings_logistic_regression_tuned,logistic_regression_tuned,GroupKFold,4,5,111741,Timber,Timber,True,1.0,balanced,0.43845500984618074
attr_decking_material,attr_decking_material,data/processed/train/attr_decking_material_train.csv,data/features/dinov3_vitb16_attr_decking_material_assets.csv,classification,dinov3_frozen_embeddings_logistic_regression_tuned,logistic_regression_tuned,GroupKFold,4,5,111767,Timber,Timber,True,1.0,balanced,0.43845500984618074
attr_decking_material,attr_decking_material,data/processed/train/attr_decking_material_train.csv,data/features/dinov3_vitb16_attr_decking_material_assets.csv,classification,dinov3_frozen_embeddings_logistic_regression_tuned,logistic_regression_tuned,GroupKFold,4,5,111803,Timber,Timber,True,1.0,balanced,0.43845500984618074
attr_decking_material,attr_decking_material,data/processed/train/attr_decking_material_train.csv,data/features/dinov3_vitb16_attr_decking_material_assets.csv,classification,dinov3_frozen_embeddings_logistic_regression_tuned,logistic_regression_tuned,GroupKFold,4,5,111805,Timber,Timber,True,1.0,balanced,0.43845500984618074
attr_decking_material,attr_decking_material,data/processed/train/attr_decking_material_train.csv,data/features/dinov3_vitb16_attr_decking_material_assets.csv,classification,dinov3_frozen_embeddings_logistic_regression_tuned,logistic_regression_tuned,GroupKFold,4,5,111807,Timber,Timber,True,1.0,balanced,0.43845500984618074
attr_decking_material,attr_decking_material,data/processed/train/attr_decking_material_train.csv,data/features/dinov3_vitb16_attr_decking_material_assets.csv,classification,dinov3_frozen_embeddings_logistic_regression_tuned,logistic_regression_tuned,GroupKFold,4,5,112033,Timber,Timber,True,1.0,balanced,0.43845500984618074
attr_decking_material,attr_decking_material,data/processed/train/attr_decking_material_train.csv,data/features/dinov3_vitb16_attr_decking_material_assets.csv,classification,dinov3_frozen_embeddings_logistic_regression_tuned,logistic_regression_tuned,GroupKFold,4,5,112326,Timber,Timber,True,1.0,balanced,0.43845500984618074
attr_decking_material,attr_decking_material,data/processed/train/attr_decking_material_train.csv,data/features/dinov3_vitb16_attr_decking_material_assets.csv,classification,dinov3_frozen_embeddings_logistic_regression_tuned,logistic_regression_tuned,GroupKFold,4,5,113188,Timber,Timber,True,1.0,balanced,0.43845500984618074
attr_decking_material,attr_decking_material,data/processed/train/attr_decking_material_train.csv,data/features/dinov3_vitb16_attr_decking_material_assets.csv,classification,dinov3_frozen_embeddings_logistic_regression_tuned,logistic_regression_tuned,GroupKFold,4,5,114946,Timber,Timber,True,1.0,balanced,0.43845500984618074
attr_decking_material,attr_decking_material,data/processed/train/attr_decking_material_train.csv,data/features/dinov3_vitb16_attr_decking_material_assets.csv,classification,dinov3_frozen_embeddings_logistic_regression_tuned,logistic_regression_tuned,GroupKFold,4,5,114954,Timber,Timber,True,1.0,balanced,0.43845500984618074
attr_decking_material,attr_decking_material,data/processed/train/attr_decking_material_train.csv,data/features/dinov3_vitb16_attr_decking_material_assets.csv,classification,dinov3_frozen_embeddings_logistic_regression_tuned,logistic_regression_tuned,GroupKFold,4,5,114973,Timber,Timber,True,1.0,balanced,0.43845500984618074
attr_decking_material,attr_decking_material,data/processed/train/attr_decking_material_train.csv,data/features/dinov3_vitb16_attr_decking_material_assets.csv,classification,dinov3_frozen_embeddings_logistic_regression_tuned,logistic_regression_tuned,GroupKFold,4,5,115449,Timber,Timber,True,1.0,balanced,0.43845500984618074
attr_decking_material,attr_decking_material,data/processed/train/attr_decking_material_train.csv,data/features/dinov3_vitb16_attr_decking_material_assets.csv,classification,dinov3_frozen_embeddings_logistic_regression_tuned,logistic_regression_tuned,GroupKFold,4,5,116621,Timber,Timber,True,1.0,balanced,0.43845500984618074
attr_decking_material,attr_decking_material,data/processed/train/attr_decking_material_train.csv,data/features/dinov3_vitb16_attr_decking_material_assets.csv,classification,dinov3_frozen_embeddings_logistic_regression_tuned,logistic_regression_tuned,GroupKFold,4,5,117013,Timber,Timber,True,1.0,balanced,0.43845500984618074
attr_decking_material,attr_decking_material,data/processed/train/attr_decking_material_train.csv,data/features/dinov3_vitb16_attr_decking_material_assets.csv,classification,dinov3_frozen_embeddings_logistic_regression_tuned,logistic_regression_tuned,GroupKFold,4,5,117015,Timber,Timber,True,1.0,balanced,0.43845500984618074
attr_decking_material,attr_decking_material,data/processed/train/attr_decking_material_train.csv,data/features/dinov3_vitb16_attr_decking_material_assets.csv,classification,dinov3_frozen_embeddings_logistic_regression_tuned,logistic_regression_tuned,GroupKFold,4,5,117580,Timber,Timber,True,1.0,balanced,0.43845500984618074
attr_decking_material,attr_decking_material,data/processed/train/attr_decking_material_train.csv,data/features/dinov3_vitb16_attr_decking_material_assets.csv,classification,dinov3_frozen_embeddings_logistic_regression_tuned,logistic_regression_tuned,GroupKFold,4,5,118203,Timber,Timber,True,1.0,balanced,0.43845500984618074
attr_decking_material,attr_decking_material,data/processed/train/attr_decking_material_train.csv,data/features/dinov3_vitb16_attr_decking_material_assets.csv,classification,dinov3_frozen_embeddings_logistic_regression_tuned,logistic_regression_tuned,GroupKFold,4,5,120664,Steel,Steel,True,1.0,balanced,0.43845500984618074
attr_decking_material,attr_decking_material,data/processed/train/attr_decking_material_train.csv,data/features/dinov3_vitb16_attr_decking_material_assets.csv,classification,dinov3_frozen_embeddings_logistic_regression_tuned,logistic_regression_tuned,GroupKFold,4,5,120666,Steel,Steel,True,1.0,balanced,0.43845500984618074
attr_decking_material,attr_decking_material,data/processed/train/attr_decking_material_train.csv,data/features/dinov3_vitb16_attr_decking_material_assets.csv,classification,dinov3_frozen_embeddings_logistic_regression_tuned,logistic_regression_tuned,GroupKFold,4,5,92011,Timber,Timber,True,1.0,balanced,0.43845500984618074
attr_decking_material,attr_decking_material,data/processed/train/attr_decking_material_train.csv,data/features/dinov3_vitb16_attr_decking_material_assets.csv,classification,dinov3_frozen_embeddings_logistic_regression_tuned,logistic_regression_tuned,GroupKFold,4,5,120681,Steel,Timber,False,1.0,balanced,0.43845500984618074
attr_decking_material,attr_decking_material,data/processed/train/attr_decking_material_train.csv,data/features/dinov3_vitb16_attr_decking_material_assets.csv,classification,dinov3_frozen_embeddings_logistic_regression_tuned,logistic_regression_tuned,GroupKFold,4,5,120685,Steel,Steel,True,1.0,balanced,0.43845500984618074
attr_decking_material,attr_decking_material,data/processed/train/attr_decking_material_train.csv,data/features/dinov3_vitb16_attr_decking_material_assets.csv,classification,dinov3_frozen_embeddings_logistic_regression_tuned,logistic_regression_tuned,GroupKFold,4,5,120909,Timber,Timber,True,1.0,balanced,0.43845500984618074
attr_decking_material,attr_decking_material,data/processed/train/attr_decking_material_train.csv,data/features/dinov3_vitb16_attr_decking_material_assets.csv,classification,dinov3_frozen_embeddings_logistic_regression_tuned,logistic_regression_tuned,GroupKFold,4,5,121002,Timber,Timber,True,1.0,balanced,0.43845500984618074
attr_decking_material,attr_decking_material,data/processed/train/attr_decking_material_train.csv,data/features/dinov3_vitb16_attr_decking_material_assets.csv,classification,dinov3_frozen_embeddings_logistic_regression_tuned,logistic_regression_tuned,GroupKFold,4,5,121575,Timber,Timber,True,1.0,balanced,0.43845500984618074
attr_decking_material,attr_decking_material,data/processed/train/attr_decking_material_train.csv,data/features/dinov3_vitb16_attr_decking_material_assets.csv,classification,dinov3_frozen_embeddings_logistic_regression_tuned,logistic_regression_tuned,GroupKFold,4,5,121584,Timber,Timber,True,1.0,balanced,0.43845500984618074
attr_decking_material,attr_decking_material,data/processed/train/attr_decking_material_train.csv,data/features/dinov3_vitb16_attr_decking_material_assets.csv,classification,dinov3_frozen_embeddings_logistic_regression_tuned,logistic_regression_tuned,GroupKFold,4,5,121672,Timber,Timber,True,1.0,balanced,0.43845500984618074
attr_decking_material,attr_decking_material,data/processed/train/attr_decking_material_train.csv,data/features/dinov3_vitb16_attr_decking_material_assets.csv,classification,dinov3_frozen_embeddings_logistic_regression_tuned,logistic_regression_tuned,GroupKFold,4,5,121736,Steel,Steel,True,1.0,balanced,0.43845500984618074
attr_decking_material,attr_decking_material,data/processed/train/attr_decking_material_train.csv,data/features/dinov3_vitb16_attr_decking_material_assets.csv,classification,dinov3_frozen_embeddings_logistic_regression_tuned,logistic_regression_tuned,GroupKFold,4,5,121737,Steel,Steel,True,1.0,balanced,0.43845500984618074
attr_decking_material,attr_decking_material,data/processed/train/attr_decking_material_train.csv,data/features/dinov3_vitb16_attr_decking_material_assets.csv,classification,dinov3_frozen_embeddings_logistic_regression_tuned,logistic_regression_tuned,GroupKFold,4,5,121739,Steel,Steel,True,1.0,balanced,0.43845500984618074
attr_decking_material,attr_decking_material,data/processed/train/attr_decking_material_train.csv,data/features/dinov3_vitb16_attr_decking_material_assets.csv,classification,dinov3_frozen_embeddings_logistic_regression_tuned,logistic_regression_tuned,GroupKFold,4,5,121777,Timber,Timber,True,1.0,balanced,0.43845500984618074
attr_decking_material,attr_decking_material,data/processed/train/attr_decking_material_train.csv,data/features/dinov3_vitb16_attr_decking_material_assets.csv,classification,dinov3_frozen_embeddings_logistic_regression_tuned,logistic_regression_tuned,GroupKFold,4,5,121785,Timber,Timber,True,1.0,balanced,0.43845500984618074
attr_decking_material,attr_decking_material,data/processed/train/attr_decking_material_train.csv,data/features/dinov3_vitb16_attr_decking_material_assets.csv,classification,dinov3_frozen_embeddings_logistic_regression_tuned,logistic_regression_tuned,GroupKFold,4,5,121789,Timber,Timber,True,1.0,balanced,0.43845500984618074
attr_decking_material,attr_decking_material,data/processed/train/attr_decking_material_train.csv,data/features/dinov3_vitb16_attr_decking_material_assets.csv,classification,dinov3_frozen_embeddings_logistic_regression_tuned,logistic_regression_tuned,GroupKFold,4,5,121792,Timber,Timber,True,1.0,balanced,0.43845500984618074
attr_decking_material,attr_decking_material,data/processed/train/attr_decking_material_train.csv,data/features/dinov3_vitb16_attr_decking_material_assets.csv,classification,dinov3_frozen_embeddings_logistic_regression_tuned,logistic_regression_tuned,GroupKFold,4,5,122831,Timber,Timber,True,1.0,balanced,0.43845500984618074
attr_decking_material,attr_decking_material,data/processed/train/attr_decking_material_train.csv,data/features/dinov3_vitb16_attr_decking_material_assets.csv,classification,dinov3_frozen_embeddings_logistic_regression_tuned,logistic_regression_tuned,GroupKFold,4,5,123778,Timber,Timber,True,1.0,balanced,0.43845500984618074
attr_decking_material,attr_decking_material,data/processed/train/attr_decking_material_train.csv,data/features/dinov3_vitb16_attr_decking_material_assets.csv,classification,dinov3_frozen_embeddings_logistic_regression_tuned,logistic_regression_tuned,GroupKFold,4,5,124885,Timber,Timber,True,1.0,balanced,0.43845500984618074
attr_decking_material,attr_decking_material,data/processed/train/attr_decking_material_train.csv,data/features/dinov3_vitb16_attr_decking_material_assets.csv,classification,dinov3_frozen_embeddings_logistic_regression_tuned,logistic_regression_tuned,GroupKFold,4,5,124886,Timber,Timber,True,1.0,balanced,0.43845500984618074
attr_decking_material,attr_decking_material,data/processed/train/attr_decking_material_train.csv,data/features/dinov3_vitb16_attr_decking_material_assets.csv,classification,dinov3_frozen_embeddings_logistic_regression_tuned,logistic_regression_tuned,GroupKFold,4,5,125629,Timber,Timber,True,1.0,balanced,0.43845500984618074
attr_decking_material,attr_decking_material,data/processed/train/attr_decking_material_train.csv,data/features/dinov3_vitb16_attr_decking_material_assets.csv,classification,dinov3_frozen_embeddings_logistic_regression_tuned,logistic_regression_tuned,GroupKFold,4,5,126778,Timber,Timber,True,1.0,balanced,0.43845500984618074
attr_decking_material,attr_decking_material,data/processed/train/attr_decking_material_train.csv,data/features/dinov3_vitb16_attr_decking_material_assets.csv,classification,dinov3_frozen_embeddings_logistic_regression_tuned,logistic_regression_tuned,GroupKFold,4,5,126807,Timber,Timber,True,1.0,balanced,0.43845500984618074
attr_decking_material,attr_decking_material,data/processed/train/attr_decking_material_train.csv,data/features/dinov3_vitb16_attr_decking_material_assets.csv,classification,dinov3_frozen_embeddings_logistic_regression_tuned,logistic_regression_tuned,GroupKFold,4,5,127067,Timber,Timber,True,1.0,balanced,0.43845500984618074
attr_decking_material,attr_decking_material,data/processed/train/attr_decking_material_train.csv,data/features/dinov3_vitb16_attr_decking_material_assets.csv,classification,dinov3_frozen_embeddings_logistic_regression_tuned,logistic_regression_tuned,GroupKFold,4,5,127167,Timber,Timber,True,1.0,balanced,0.43845500984618074
attr_decking_material,attr_decking_material,data/processed/train/attr_decking_material_train.csv,data/features/dinov3_vitb16_attr_decking_material_assets.csv,classification,dinov3_frozen_embeddings_logistic_regression_tuned,logistic_regression_tuned,GroupKFold,4,5,127229,Timber,Timber,True,1.0,balanced,0.43845500984618074
attr_decking_material,attr_decking_material,data/processed/train/attr_decking_material_train.csv,data/features/dinov3_vitb16_attr_decking_material_assets.csv,classification,dinov3_frozen_embeddings_logistic_regression_tuned,logistic_regression_tuned,GroupKFold,4,5,127507,Timber,Steel,False,1.0,balanced,0.43845500984618074
attr_decking_material,attr_decking_material,data/processed/train/attr_decking_material_train.csv,data/features/dinov3_vitb16_attr_decking_material_assets.csv,classification,dinov3_frozen_embeddings_logistic_regression_tuned,logistic_regression_tuned,GroupKFold,4,5,127650,Timber,Timber,True,1.0,balanced,0.43845500984618074
attr_decking_material,attr_decking_material,data/processed/train/attr_decking_material_train.csv,data/features/dinov3_vitb16_attr_decking_material_assets.csv,classification,dinov3_frozen_embeddings_logistic_regression_tuned,logistic_regression_tuned,GroupKFold,4,5,128875,Timber,Timber,True,1.0,balanced,0.43845500984618074
attr_decking_material,attr_decking_material,data/processed/train/attr_decking_material_train.csv,data/features/dinov3_vitb16_attr_decking_material_assets.csv,classification,dinov3_frozen_embeddings_logistic_regression_tuned,logistic_regression_tuned,GroupKFold,4,5,129378,Composite,Timber,False,1.0,balanced,0.43845500984618074
attr_decking_material,attr_decking_material,data/processed/train/attr_decking_material_train.csv,data/features/dinov3_vitb16_attr_decking_material_assets.csv,classification,dinov3_frozen_embeddings_logistic_regression_tuned,logistic_regression_tuned,GroupKFold,4,5,129399,Timber,Timber,True,1.0,balanced,0.43845500984618074
attr_decking_material,attr_decking_material,data/processed/train/attr_decking_material_train.csv,data/features/dinov3_vitb16_attr_decking_material_assets.csv,classification,dinov3_frozen_embeddings_logistic_regression_tuned,logistic_regression_tuned,GroupKFold,4,5,101550,Timber,Timber,True,1.0,balanced,0.43845500984618074
attr_decking_material,attr_decking_material,data/processed/train/attr_decking_material_train.csv,data/features/dinov3_vitb16_attr_decking_material_assets.csv,classification,dinov3_frozen_embeddings_logistic_regression_tuned,logistic_regression_tuned,GroupKFold,4,5,107014,Timber,Timber,True,1.0,balanced,0.43845500984618074
attr_decking_material,attr_decking_material,data/processed/train/attr_decking_material_train.csv,data/features/dinov3_vitb16_attr_decking_material_assets.csv,classification,dinov3_frozen_embeddings_logistic_regression_tuned,logistic_regression_tuned,GroupKFold,4,5,107055,Timber,Timber,True,1.0,balanced,0.43845500984618074
attr_decking_material,attr_decking_material,data/processed/train/attr_decking_material_train.csv,data/features/dinov3_vitb16_attr_decking_material_assets.csv,classification,dinov3_frozen_embeddings_logistic_regression_tuned,logistic_regression_tuned,GroupKFold,4,5,109179,Timber,Timber,True,1.0,balanced,0.43845500984618074
attr_decking_material,attr_decking_material,data/processed/train/attr_decking_material_train.csv,data/features/dinov3_vitb16_attr_decking_material_assets.csv,classification,dinov3_frozen_embeddings_logistic_regression_tuned,logistic_regression_tuned,GroupKFold,4,5,109189,Timber,Timber,True,1.0,balanced,0.43845500984618074
attr_decking_material,attr_decking_material,data/processed/train/attr_decking_material_train.csv,data/features/dinov3_vitb16_attr_decking_material_assets.csv,classification,dinov3_frozen_embeddings_logistic_regression_tuned,logistic_regression_tuned,GroupKFold,4,5,110256,Timber,Timber,True,1.0,balanced,0.43845500984618074
attr_decking_material,attr_decking_material,data/processed/train/attr_decking_material_train.csv,data/features/dinov3_vitb16_attr_decking_material_assets.csv,classification,dinov3_frozen_embeddings_logistic_regression_tuned,logistic_regression_tuned,GroupKFold,4,5,110276,Timber,Timber,True,1.0,balanced,0.43845500984618074
attr_decking_material,attr_decking_material,data/processed/train/attr_decking_material_train.csv,data/features/dinov3_vitb16_attr_decking_material_assets.csv,classification,dinov3_frozen_embeddings_logistic_regression_tuned,logistic_regression_tuned,GroupKFold,4,5,114261,Timber,Timber,True,1.0,balanced,0.43845500984618074
attr_decking_material,attr_decking_material,data/processed/train/attr_decking_material_train.csv,data/features/dinov3_vitb16_attr_decking_material_assets.csv,classification,dinov3_frozen_embeddings_logistic_regression_tuned,logistic_regression_tuned,GroupKFold,4,5,114262,Timber,Timber,True,1.0,balanced,0.43845500984618074
attr_decking_material,attr_decking_material,data/processed/train/attr_decking_material_train.csv,data/features/dinov3_vitb16_attr_decking_material_assets.csv,classification,dinov3_frozen_embeddings_logistic_regression_tuned,logistic_regression_tuned,GroupKFold,4,5,114283,Timber,Timber,True,1.0,balanced,0.43845500984618074
attr_decking_material,attr_decking_material,data/processed/train/attr_decking_material_train.csv,data/features/dinov3_vitb16_attr_decking_material_assets.csv,classification,dinov3_frozen_embeddings_logistic_regression_tuned,logistic_regression_tuned,GroupKFold,4,5,117294,Timber,Timber,True,1.0,balanced,0.43845500984618074
attr_decking_material,attr_decking_material,data/processed/train/attr_decking_material_train.csv,data/features/dinov3_vitb16_attr_decking_material_assets.csv,classification,dinov3_frozen_embeddings_logistic_regression_tuned,logistic_regression_tuned,GroupKFold,4,5,122443,Timber,Timber,True,1.0,balanced,0.43845500984618074
attr_decking_material,attr_decking_material,data/processed/train/attr_decking_material_train.csv,data/features/dinov3_vitb16_attr_decking_material_assets.csv,classification,dinov3_frozen_embeddings_logistic_regression_tuned,logistic_regression_tuned,GroupKFold,4,5,126795,Timber,Timber,True,1.0,balanced,0.43845500984618074
attr_decking_material,attr_decking_material,data/processed/train/attr_decking_material_train.csv,data/features/dinov3_vitb16_attr_decking_material_assets.csv,classification,dinov3_frozen_embeddings_logistic_regression_tuned,logistic_regression_tuned,GroupKFold,4,5,127071,Timber,Timber,True,1.0,balanced,0.43845500984618074
attr_decking_material,attr_decking_material,data/processed/train/attr_decking_material_train.csv,data/features/dinov3_vitb16_attr_decking_material_assets.csv,classification,dinov3_frozen_embeddings_logistic_regression_tuned,logistic_regression_tuned,GroupKFold,4,5,128874,Timber,Timber,True,1.0,balanced,0.43845500984618074
attr_decking_material,attr_decking_material,data/processed/train/attr_decking_material_train.csv,data/features/dinov3_vitb16_attr_decking_material_assets.csv,classification,dinov3_frozen_embeddings_logistic_regression_tuned,logistic_regression_tuned,GroupKFold,4,5,120684,Steel,Steel,True,1.0,balanced,0.43845500984618074
attr_decking_material,attr_decking_material,data/processed/train/attr_decking_material_train.csv,data/features/dinov3_vitb16_attr_decking_material_assets.csv,classification,dinov3_frozen_embeddings_logistic_regression_tuned,logistic_regression_tuned,GroupKFold,4,5,46926,Timber,Timber,True,1.0,balanced,0.43845500984618074
attr_decking_material,attr_decking_material,data/processed/train/attr_decking_material_train.csv,data/features/dinov3_vitb16_attr_decking_material_assets.csv,classification,dinov3_frozen_embeddings_logistic_regression_tuned,logistic_regression_tuned,GroupKFold,4,5,46931,Timber,Steel,False,1.0,balanced,0.43845500984618074
attr_decking_material,attr_decking_material,data/processed/train/attr_decking_material_train.csv,data/features/dinov3_vitb16_attr_decking_material_assets.csv,classification,dinov3_frozen_embeddings_logistic_regression_tuned,logistic_regression_tuned,GroupKFold,4,5,47533,Timber,Timber,True,1.0,balanced,0.43845500984618074
attr_decking_material,attr_decking_material,data/processed/train/attr_decking_material_train.csv,data/features/dinov3_vitb16_attr_decking_material_assets.csv,classification,dinov3_frozen_embeddings_logistic_regression_tuned,logistic_regression_tuned,GroupKFold,4,5,47633,Timber,Timber,True,1.0,balanced,0.43845500984618074
attr_decking_material,attr_decking_material,data/processed/train/attr_decking_material_train.csv,data/features/dinov3_vitb16_attr_decking_material_assets.csv,classification,dinov3_frozen_embeddings_logistic_regression_tuned,logistic_regression_tuned,GroupKFold,4,5,47637,Timber,Timber,True,1.0,balanced,0.43845500984618074
attr_decking_material,attr_decking_material,data/processed/train/attr_decking_material_train.csv,data/features/dinov3_vitb16_attr_decking_material_assets.csv,classification,dinov3_frozen_embeddings_logistic_regression_tuned,logistic_regression_tuned,GroupKFold,4,5,48112,Timber,Timber,True,1.0,balanced,0.43845500984618074
attr_decking_material,attr_decking_material,data/processed/train/attr_decking_material_train.csv,data/features/dinov3_vitb16_attr_decking_material_assets.csv,classification,dinov3_frozen_embeddings_logistic_regression_tuned,logistic_regression_tuned,GroupKFold,4,5,48296,Timber,Timber,True,1.0,balanced,0.43845500984618074
attr_decking_material,attr_decking_material,data/processed/train/attr_decking_material_train.csv,data/features/dinov3_vitb16_attr_decking_material_assets.csv,classification,dinov3_frozen_embeddings_logistic_regression_tuned,logistic_regression_tuned,GroupKFold,4,5,49063,Timber,Steel,False,1.0,balanced,0.43845500984618074
attr_decking_material,attr_decking_material,data/processed/train/attr_decking_material_train.csv,data/features/dinov3_vitb16_attr_decking_material_assets.csv,classification,dinov3_frozen_embeddings_logistic_regression_tuned,logistic_regression_tuned,GroupKFold,4,5,50654,Timber,Timber,True,1.0,balanced,0.43845500984618074
attr_decking_material,attr_decking_material,data/processed/train/attr_decking_material_train.csv,data/features/dinov3_vitb16_attr_decking_material_assets.csv,classification,dinov3_frozen_embeddings_logistic_regression_tuned,logistic_regression_tuned,GroupKFold,4,5,51526,Timber,Timber,True,1.0,balanced,0.43845500984618074
attr_decking_material,attr_decking_material,data/processed/train/attr_decking_material_train.csv,data/features/dinov3_vitb16_attr_decking_material_assets.csv,classification,dinov3_frozen_embeddings_logistic_regression_tuned,logistic_regression_tuned,GroupKFold,4,5,51528,Timber,Timber,True,1.0,balanced,0.43845500984618074
attr_decking_material,attr_decking_material,data/processed/train/attr_decking_material_train.csv,data/features/dinov3_vitb16_attr_decking_material_assets.csv,classification,dinov3_frozen_embeddings_logistic_regression_tuned,logistic_regression_tuned,GroupKFold,4,5,51800,Timber,Timber,True,1.0,balanced,0.43845500984618074
attr_decking_material,attr_decking_material,data/processed/train/attr_decking_material_train.csv,data/features/dinov3_vitb16_attr_decking_material_assets.csv,classification,dinov3_frozen_embeddings_logistic_regression_tuned,logistic_regression_tuned,GroupKFold,4,5,53195,Concrete,Steel,False,1.0,balanced,0.43845500984618074
attr_decking_material,attr_decking_material,data/processed/train/attr_decking_material_train.csv,data/features/dinov3_vitb16_attr_decking_material_assets.csv,classification,dinov3_frozen_embeddings_logistic_regression_tuned,logistic_regression_tuned,GroupKFold,4,5,53200,Timber,Timber,True,1.0,balanced,0.43845500984618074
attr_decking_material,attr_decking_material,data/processed/train/attr_decking_material_train.csv,data/features/dinov3_vitb16_attr_decking_material_assets.csv,classification,dinov3_frozen_embeddings_logistic_regression_tuned,logistic_regression_tuned,GroupKFold,4,5,53983,Timber,Timber,True,1.0,balanced,0.43845500984618074
attr_decking_material,attr_decking_material,data/processed/train/attr_decking_material_train.csv,data/features/dinov3_vitb16_attr_decking_material_assets.csv,classification,dinov3_frozen_embeddings_logistic_regression_tuned,logistic_regression_tuned,GroupKFold,4,5,54324,Steel,Steel,True,1.0,balanced,0.43845500984618074
attr_decking_material,attr_decking_material,data/processed/train/attr_decking_material_train.csv,data/features/dinov3_vitb16_attr_decking_material_assets.csv,classification,dinov3_frozen_embeddings_logistic_regression_tuned,logistic_regression_tuned,GroupKFold,4,5,55633,Timber,Steel,False,1.0,balanced,0.43845500984618074
attr_decking_material,attr_decking_material,data/processed/train/attr_decking_material_train.csv,data/features/dinov3_vitb16_attr_decking_material_assets.csv,classification,dinov3_frozen_embeddings_logistic_regression_tuned,logistic_regression_tuned,GroupKFold,4,5,55637,Timber,Timber,True,1.0,balanced,0.43845500984618074
attr_decking_material,attr_decking_material,data/processed/train/attr_decking_material_train.csv,data/features/dinov3_vitb16_attr_decking_material_assets.csv,classification,dinov3_frozen_embeddings_logistic_regression_tuned,logistic_regression_tuned,GroupKFold,4,5,55642,Timber,Timber,True,1.0,balanced,0.43845500984618074
attr_decking_material,attr_decking_material,data/processed/train/attr_decking_material_train.csv,data/features/dinov3_vitb16_attr_decking_material_assets.csv,classification,dinov3_frozen_embeddings_logistic_regression_tuned,logistic_regression_tuned,GroupKFold,4,5,57833,Timber,Timber,True,1.0,balanced,0.43845500984618074
attr_decking_material,attr_decking_material,data/processed/train/attr_decking_material_train.csv,data/features/dinov3_vitb16_attr_decking_material_assets.csv,classification,dinov3_frozen_embeddings_logistic_regression_tuned,logistic_regression_tuned,GroupKFold,4,5,58161,Timber,Steel,False,1.0,balanced,0.43845500984618074
attr_decking_material,attr_decking_material,data/processed/train/attr_decking_material_train.csv,data/features/dinov3_vitb16_attr_decking_material_assets.csv,classification,dinov3_frozen_embeddings_logistic_regression_tuned,logistic_regression_tuned,GroupKFold,4,5,58169,Timber,Timber,True,1.0,balanced,0.43845500984618074
attr_decking_material,attr_decking_material,data/processed/train/attr_decking_material_train.csv,data/features/dinov3_vitb16_attr_decking_material_assets.csv,classification,dinov3_frozen_embeddings_logistic_regression_tuned,logistic_regression_tuned,GroupKFold,4,5,58409,Timber,Timber,True,1.0,balanced,0.43845500984618074
attr_decking_material,attr_decking_material,data/processed/train/attr_decking_material_train.csv,data/features/dinov3_vitb16_attr_decking_material_assets.csv,classification,dinov3_frozen_embeddings_logistic_regression_tuned,logistic_regression_tuned,GroupKFold,4,5,60633,Timber,Timber,True,1.0,balanced,0.43845500984618074
attr_decking_material,attr_decking_material,data/processed/train/attr_decking_material_train.csv,data/features/dinov3_vitb16_attr_decking_material_assets.csv,classification,dinov3_frozen_embeddings_logistic_regression_tuned,logistic_regression_tuned,GroupKFold,4,5,61004,Timber,Timber,True,1.0,balanced,0.43845500984618074
attr_decking_material,attr_decking_material,data/processed/train/attr_decking_material_train.csv,data/features/dinov3_vitb16_attr_decking_material_assets.csv,classification,dinov3_frozen_embeddings_logistic_regression_tuned,logistic_regression_tuned,GroupKFold,4,5,61499,Timber,Timber,True,1.0,balanced,0.43845500984618074
attr_decking_material,attr_decking_material,data/processed/train/attr_decking_material_train.csv,data/features/dinov3_vitb16_attr_decking_material_assets.csv,classification,dinov3_frozen_embeddings_logistic_regression_tuned,logistic_regression_tuned,GroupKFold,4,5,67206,Timber,Timber,True,1.0,balanced,0.43845500984618074
attr_decking_material,attr_decking_material,data/processed/train/attr_decking_material_train.csv,data/features/dinov3_vitb16_attr_decking_material_assets.csv,classification,dinov3_frozen_embeddings_logistic_regression_tuned,logistic_regression_tuned,GroupKFold,4,5,82379,Timber,Timber,True,1.0,balanced,0.43845500984618074
attr_decking_material,attr_decking_material,data/processed/train/attr_decking_material_train.csv,data/features/dinov3_vitb16_attr_decking_material_assets.csv,classification,dinov3_frozen_embeddings_logistic_regression_tuned,logistic_regression_tuned,GroupKFold,4,5,83134,Timber,Timber,True,1.0,balanced,0.43845500984618074
attr_decking_material,attr_decking_material,data/processed/train/attr_decking_material_train.csv,data/features/dinov3_vitb16_attr_decking_material_assets.csv,classification,dinov3_frozen_embeddings_logistic_regression_tuned,logistic_regression_tuned,GroupKFold,4,5,83135,Timber,Timber,True,1.0,balanced,0.43845500984618074
attr_decking_material,attr_decking_material,data/processed/train/attr_decking_material_train.csv,data/features/dinov3_vitb16_attr_decking_material_assets.csv,classification,dinov3_frozen_embeddings_logistic_regression_tuned,logistic_regression_tuned,GroupKFold,4,5,83937,Timber,Timber,True,1.0,balanced,0.43845500984618074
attr_decking_material,attr_decking_material,data/processed/train/attr_decking_material_train.csv,data/features/dinov3_vitb16_attr_decking_material_assets.csv,classification,dinov3_frozen_embeddings_logistic_regression_tuned,logistic_regression_tuned,GroupKFold,4,5,85150,Timber,Timber,True,1.0,balanced,0.43845500984618074
attr_decking_material,attr_decking_material,data/processed/train/attr_decking_material_train.csv,data/features/dinov3_vitb16_attr_decking_material_assets.csv,classification,dinov3_frozen_embeddings_logistic_regression_tuned,logistic_regression_tuned,GroupKFold,4,5,87483,Timber,Timber,True,1.0,balanced,0.43845500984618074
attr_decking_material,attr_decking_material,data/processed/train/attr_decking_material_train.csv,data/features/dinov3_vitb16_attr_decking_material_assets.csv,classification,dinov3_frozen_embeddings_logistic_regression_tuned,logistic_regression_tuned,GroupKFold,4,5,87734,Timber,Timber,True,1.0,balanced,0.43845500984618074
attr_decking_material,attr_decking_material,data/processed/train/attr_decking_material_train.csv,data/features/dinov3_vitb16_attr_decking_material_assets.csv,classification,dinov3_frozen_embeddings_logistic_regression_tuned,logistic_regression_tuned,GroupKFold,4,5,87769,Timber,Timber,True,1.0,balanced,0.43845500984618074
attr_decking_material,attr_decking_material,data/processed/train/attr_decking_material_train.csv,data/features/dinov3_vitb16_attr_decking_material_assets.csv,classification,dinov3_frozen_embeddings_logistic_regression_tuned,logistic_regression_tuned,GroupKFold,4,5,87928,Timber,Timber,True,1.0,balanced,0.43845500984618074
attr_decking_material,attr_decking_material,data/processed/train/attr_decking_material_train.csv,data/features/dinov3_vitb16_attr_decking_material_assets.csv,classification,dinov3_frozen_embeddings_logistic_regression_tuned,logistic_regression_tuned,GroupKFold,4,5,88812,Timber,Timber,True,1.0,balanced,0.43845500984618074
attr_decking_material,attr_decking_material,data/processed/train/attr_decking_material_train.csv,data/features/dinov3_vitb16_attr_decking_material_assets.csv,classification,dinov3_frozen_embeddings_logistic_regression_tuned,logistic_regression_tuned,GroupKFold,4,5,88818,Timber,Timber,True,1.0,balanced,0.43845500984618074
attr_decking_material,attr_decking_material,data/processed/train/attr_decking_material_train.csv,data/features/dinov3_vitb16_attr_decking_material_assets.csv,classification,dinov3_frozen_embeddings_logistic_regression_tuned,logistic_regression_tuned,GroupKFold,4,5,88842,Timber,Timber,True,1.0,balanced,0.43845500984618074
attr_decking_material,attr_decking_material,data/processed/train/attr_decking_material_train.csv,data/features/dinov3_vitb16_attr_decking_material_assets.csv,classification,dinov3_frozen_embeddings_logistic_regression_tuned,logistic_regression_tuned,GroupKFold,4,5,89445,Timber,Timber,True,1.0,balanced,0.43845500984618074
attr_decking_material,attr_decking_material,data/processed/train/attr_decking_material_train.csv,data/features/dinov3_vitb16_attr_decking_material_assets.csv,classification,dinov3_frozen_embeddings_logistic_regression_tuned,logistic_regression_tuned,GroupKFold,4,5,89447,Timber,Timber,True,1.0,balanced,0.43845500984618074
attr_decking_material,attr_decking_material,data/processed/train/attr_decking_material_train.csv,data/features/dinov3_vitb16_attr_decking_material_assets.csv,classification,dinov3_frozen_embeddings_logistic_regression_tuned,logistic_regression_tuned,GroupKFold,4,5,89596,Timber,Timber,True,1.0,balanced,0.43845500984618074
attr_decking_material,attr_decking_material,data/processed/train/attr_decking_material_train.csv,data/features/dinov3_vitb16_attr_decking_material_assets.csv,classification,dinov3_frozen_embeddings_logistic_regression_tuned,logistic_regression_tuned,GroupKFold,4,5,89986,Timber,Timber,True,1.0,balanced,0.43845500984618074
attr_decking_material,attr_decking_material,data/processed/train/attr_decking_material_train.csv,data/features/dinov3_vitb16_attr_decking_material_assets.csv,classification,dinov3_frozen_embeddings_logistic_regression_tuned,logistic_regression_tuned,GroupKFold,4,5,91832,Timber,Timber,True,1.0,balanced,0.43845500984618074
attr_decking_material,attr_decking_material,data/processed/train/attr_decking_material_train.csv,data/features/dinov3_vitb16_attr_decking_material_assets.csv,classification,dinov3_frozen_embeddings_logistic_regression_tuned,logistic_regression_tuned,GroupKFold,4,5,92147,Timber,Timber,True,1.0,balanced,0.43845500984618074
attr_decking_material,attr_decking_material,data/processed/train/attr_decking_material_train.csv,data/features/dinov3_vitb16_attr_decking_material_assets.csv,classification,dinov3_frozen_embeddings_logistic_regression_tuned,logistic_regression_tuned,GroupKFold,4,5,92149,Timber,Timber,True,1.0,balanced,0.43845500984618074
attr_decking_material,attr_decking_material,data/processed/train/attr_decking_material_train.csv,data/features/dinov3_vitb16_attr_decking_material_assets.csv,classification,dinov3_frozen_embeddings_logistic_regression_tuned,logistic_regression_tuned,GroupKFold,4,5,92150,Timber,Timber,True,1.0,balanced,0.43845500984618074
attr_decking_material,attr_decking_material,data/processed/train/attr_decking_material_train.csv,data/features/dinov3_vitb16_attr_decking_material_assets.csv,classification,dinov3_frozen_embeddings_logistic_regression_tuned,logistic_regression_tuned,GroupKFold,4,5,92801,Timber,Timber,True,1.0,balanced,0.43845500984618074
attr_decking_material,attr_decking_material,data/processed/train/attr_decking_material_train.csv,data/features/dinov3_vitb16_attr_decking_material_assets.csv,classification,dinov3_frozen_embeddings_logistic_regression_tuned,logistic_regression_tuned,GroupKFold,4,5,93038,Timber,Timber,True,1.0,balanced,0.43845500984618074
attr_decking_material,attr_decking_material,data/processed/train/attr_decking_material_train.csv,data/features/dinov3_vitb16_attr_decking_material_assets.csv,classification,dinov3_frozen_embeddings_logistic_regression_tuned,logistic_regression_tuned,GroupKFold,4,5,94144,Composite,Timber,False,1.0,balanced,0.43845500984618074
attr_decking_material,attr_decking_material,data/processed/train/attr_decking_material_train.csv,data/features/dinov3_vitb16_attr_decking_material_assets.csv,classification,dinov3_frozen_embeddings_logistic_regression_tuned,logistic_regression_tuned,GroupKFold,4,5,95938,Steel,Steel,True,1.0,balanced,0.43845500984618074
attr_decking_material,attr_decking_material,data/processed/train/attr_decking_material_train.csv,data/features/dinov3_vitb16_attr_decking_material_assets.csv,classification,dinov3_frozen_embeddings_logistic_regression_tuned,logistic_regression_tuned,GroupKFold,4,5,96291,Timber,Timber,True,1.0,balanced,0.43845500984618074
attr_decking_material,attr_decking_material,data/processed/train/attr_decking_material_train.csv,data/features/dinov3_vitb16_attr_decking_material_assets.csv,classification,dinov3_frozen_embeddings_logistic_regression_tuned,logistic_regression_tuned,GroupKFold,4,5,96292,Timber,Timber,True,1.0,balanced,0.43845500984618074
attr_decking_material,attr_decking_material,data/processed/train/attr_decking_material_train.csv,data/features/dinov3_vitb16_attr_decking_material_assets.csv,classification,dinov3_frozen_embeddings_logistic_regression_tuned,logistic_regression_tuned,GroupKFold,4,5,97816,Timber,Timber,True,1.0,balanced,0.43845500984618074
attr_decking_material,attr_decking_material,data/processed/train/attr_decking_material_train.csv,data/features/dinov3_vitb16_attr_decking_material_assets.csv,classification,dinov3_frozen_embeddings_logistic_regression_tuned,logistic_regression_tuned,GroupKFold,4,5,98336,Timber,Timber,True,1.0,balanced,0.43845500984618074
attr_decking_material,attr_decking_material,data/processed/train/attr_decking_material_train.csv,data/features/dinov3_vitb16_attr_decking_material_assets.csv,classification,dinov3_frozen_embeddings_logistic_regression_tuned,logistic_regression_tuned,GroupKFold,4,5,99615,Timber,Timber,True,1.0,balanced,0.43845500984618074
attr_decking_material,attr_decking_material,data/processed/train/attr_decking_material_train.csv,data/features/dinov3_vitb16_attr_decking_material_assets.csv,classification,dinov3_frozen_embeddings_logistic_regression_tuned,logistic_regression_tuned,GroupKFold,4,5,99844,Timber,Timber,True,1.0,balanced,0.43845500984618074
attr_decking_material,attr_decking_material,data/processed/train/attr_decking_material_train.csv,data/features/dinov3_vitb16_attr_decking_material_assets.csv,classification,dinov3_frozen_embeddings_logistic_regression_tuned,logistic_regression_tuned,GroupKFold,4,5,100270,Timber,Timber,True,1.0,balanced,0.43845500984618074
attr_decking_material,attr_decking_material,data/processed/train/attr_decking_material_train.csv,data/features/dinov3_vitb16_attr_decking_material_assets.csv,classification,dinov3_frozen_embeddings_logistic_regression_tuned,logistic_regression_tuned,GroupKFold,4,5,100274,Timber,Timber,True,1.0,balanced,0.43845500984618074
attr_decking_material,attr_decking_material,data/processed/train/attr_decking_material_train.csv,data/features/dinov3_vitb16_attr_decking_material_assets.csv,classification,dinov3_frozen_embeddings_logistic_regression_tuned,logistic_regression_tuned,GroupKFold,4,5,100446,Timber,Timber,True,1.0,balanced,0.43845500984618074
attr_decking_material,attr_decking_material,data/processed/train/attr_decking_material_train.csv,data/features/dinov3_vitb16_attr_decking_material_assets.csv,classification,dinov3_frozen_embeddings_logistic_regression_tuned,logistic_regression_tuned,GroupKFold,4,5,100450,Timber,Timber,True,1.0,balanced,0.43845500984618074
attr_decking_material,attr_decking_material,data/processed/train/attr_decking_material_train.csv,data/features/dinov3_vitb16_attr_decking_material_assets.csv,classification,dinov3_frozen_embeddings_logistic_regression_tuned,logistic_regression_tuned,GroupKFold,4,5,101132,Timber,Timber,True,1.0,balanced,0.43845500984618074
attr_decking_material,attr_decking_material,data/processed/train/attr_decking_material_train.csv,data/features/dinov3_vitb16_attr_decking_material_assets.csv,classification,dinov3_frozen_embeddings_logistic_regression_tuned,logistic_regression_tuned,GroupKFold,4,5,102341,Timber,Timber,True,1.0,balanced,0.43845500984618074
attr_decking_material,attr_decking_material,data/processed/train/attr_decking_material_train.csv,data/features/dinov3_vitb16_attr_decking_material_assets.csv,classification,dinov3_frozen_embeddings_logistic_regression_tuned,logistic_regression_tuned,GroupKFold,4,5,102352,Timber,Timber,True,1.0,balanced,0.43845500984618074
attr_decking_material,attr_decking_material,data/processed/train/attr_decking_material_train.csv,data/features/dinov3_vitb16_attr_decking_material_assets.csv,classification,dinov3_frozen_embeddings_logistic_regression_tuned,logistic_regression_tuned,GroupKFold,4,5,102355,Timber,Timber,True,1.0,balanced,0.43845500984618074
attr_decking_material,attr_decking_material,data/processed/train/attr_decking_material_train.csv,data/features/dinov3_vitb16_attr_decking_material_assets.csv,classification,dinov3_frozen_embeddings_logistic_regression_tuned,logistic_regression_tuned,GroupKFold,4,5,102370,Timber,Timber,True,1.0,balanced,0.43845500984618074
attr_decking_material,attr_decking_material,data/processed/train/attr_decking_material_train.csv,data/features/dinov3_vitb16_attr_decking_material_assets.csv,classification,dinov3_frozen_embeddings_logistic_regression_tuned,logistic_regression_tuned,GroupKFold,4,5,102422,Timber,Timber,True,1.0,balanced,0.43845500984618074
attr_decking_material,attr_decking_material,data/processed/train/attr_decking_material_train.csv,data/features/dinov3_vitb16_attr_decking_material_assets.csv,classification,dinov3_frozen_embeddings_logistic_regression_tuned,logistic_regression_tuned,GroupKFold,4,5,102471,Steel,Steel,True,1.0,balanced,0.43845500984618074
attr_decking_material,attr_decking_material,data/processed/train/attr_decking_material_train.csv,data/features/dinov3_vitb16_attr_decking_material_assets.csv,classification,dinov3_frozen_embeddings_logistic_regression_tuned,logistic_regression_tuned,GroupKFold,4,5,103526,Timber,Timber,True,1.0,balanced,0.43845500984618074
attr_decking_material,attr_decking_material,data/processed/train/attr_decking_material_train.csv,data/features/dinov3_vitb16_attr_decking_material_assets.csv,classification,dinov3_frozen_embeddings_logistic_regression_tuned,logistic_regression_tuned,GroupKFold,4,5,104086,Timber,Timber,True,1.0,balanced,0.43845500984618074
attr_decking_material,attr_decking_material,data/processed/train/attr_decking_material_train.csv,data/features/dinov3_vitb16_attr_decking_material_assets.csv,classification,dinov3_frozen_embeddings_logistic_regression_tuned,logistic_regression_tuned,GroupKFold,4,5,104159,Timber,Timber,True,1.0,balanced,0.43845500984618074
attr_decking_material,attr_decking_material,data/processed/train/attr_decking_material_train.csv,data/features/dinov3_vitb16_attr_decking_material_assets.csv,classification,dinov3_frozen_embeddings_logistic_regression_tuned,logistic_regression_tuned,GroupKFold,4,5,104170,Timber,Timber,True,1.0,balanced,0.43845500984618074
attr_decking_material,attr_decking_material,data/processed/train/attr_decking_material_train.csv,data/features/dinov3_vitb16_attr_decking_material_assets.csv,classification,dinov3_frozen_embeddings_logistic_regression_tuned,logistic_regression_tuned,GroupKFold,4,5,104732,Timber,Timber,True,1.0,balanced,0.43845500984618074
attr_decking_material,attr_decking_material,data/processed/train/attr_decking_material_train.csv,data/features/dinov3_vitb16_attr_decking_material_assets.csv,classification,dinov3_frozen_embeddings_logistic_regression_tuned,logistic_regression_tuned,GroupKFold,4,5,106027,Timber,Timber,True,1.0,balanced,0.43845500984618074
attr_decking_material,attr_decking_material,data/processed/train/attr_decking_material_train.csv,data/features/dinov3_vitb16_attr_decking_material_assets.csv,classification,dinov3_frozen_embeddings_logistic_regression_tuned,logistic_regression_tuned,GroupKFold,4,5,106028,Timber,Timber,True,1.0,balanced,0.43845500984618074
attr_decking_material,attr_decking_material,data/processed/train/attr_decking_material_train.csv,data/features/dinov3_vitb16_attr_decking_material_assets.csv,classification,dinov3_frozen_embeddings_logistic_regression_tuned,logistic_regression_tuned,GroupKFold,4,5,106037,Timber,Timber,True,1.0,balanced,0.43845500984618074
attr_decking_material,attr_decking_material,data/processed/train/attr_decking_material_train.csv,data/features/dinov3_vitb16_attr_decking_material_assets.csv,classification,dinov3_frozen_embeddings_logistic_regression_tuned,logistic_regression_tuned,GroupKFold,4,5,106273,Timber,Timber,True,1.0,balanced,0.43845500984618074
attr_decking_material,attr_decking_material,data/processed/train/attr_decking_material_train.csv,data/features/dinov3_vitb16_attr_decking_material_assets.csv,classification,dinov3_frozen_embeddings_logistic_regression_tuned,logistic_regression_tuned,GroupKFold,4,5,106922,Timber,Timber,True,1.0,balanced,0.43845500984618074
attr_decking_material,attr_decking_material,data/processed/train/attr_decking_material_train.csv,data/features/dinov3_vitb16_attr_decking_material_assets.csv,classification,dinov3_frozen_embeddings_logistic_regression_tuned,logistic_regression_tuned,GroupKFold,4,5,107069,Timber,Timber,True,1.0,balanced,0.43845500984618074
attr_decking_material,attr_decking_material,data/processed/train/attr_decking_material_train.csv,data/features/dinov3_vitb16_attr_decking_material_assets.csv,classification,dinov3_frozen_embeddings_logistic_regression_tuned,logistic_regression_tuned,GroupKFold,4,5,107295,Timber,Timber,True,1.0,balanced,0.43845500984618074
attr_decking_material,attr_decking_material,data/processed/train/attr_decking_material_train.csv,data/features/dinov3_vitb16_attr_decking_material_assets.csv,classification,dinov3_frozen_embeddings_logistic_regression_tuned,logistic_regression_tuned,GroupKFold,4,5,107907,Timber,Timber,True,1.0,balanced,0.43845500984618074
attr_decking_material,attr_decking_material,data/processed/train/attr_decking_material_train.csv,data/features/dinov3_vitb16_attr_decking_material_assets.csv,classification,dinov3_frozen_embeddings_logistic_regression_tuned,logistic_regression_tuned,GroupKFold,4,5,107908,Timber,Timber,True,1.0,balanced,0.43845500984618074
attr_decking_material,attr_decking_material,data/processed/train/attr_decking_material_train.csv,data/features/dinov3_vitb16_attr_decking_material_assets.csv,classification,dinov3_frozen_embeddings_logistic_regression_tuned,logistic_regression_tuned,GroupKFold,4,5,107912,Timber,Timber,True,1.0,balanced,0.43845500984618074
attr_decking_material,attr_decking_material,data/processed/train/attr_decking_material_train.csv,data/features/dinov3_vitb16_attr_decking_material_assets.csv,classification,dinov3_frozen_embeddings_logistic_regression_tuned,logistic_regression_tuned,GroupKFold,4,5,107914,Timber,Timber,True,1.0,balanced,0.43845500984618074
attr_decking_material,attr_decking_material,data/processed/train/attr_decking_material_train.csv,data/features/dinov3_vitb16_attr_decking_material_assets.csv,classification,dinov3_frozen_embeddings_logistic_regression_tuned,logistic_regression_tuned,GroupKFold,4,5,107973,Steel,Steel,True,1.0,balanced,0.43845500984618074
attr_decking_material,attr_decking_material,data/processed/train/attr_decking_material_train.csv,data/features/dinov3_vitb16_attr_decking_material_assets.csv,classification,dinov3_frozen_embeddings_logistic_regression_tuned,logistic_regression_tuned,GroupKFold,4,5,108019,Timber,Timber,True,1.0,balanced,0.43845500984618074
attr_decking_material,attr_decking_material,data/processed/train/attr_decking_material_train.csv,data/features/dinov3_vitb16_attr_decking_material_assets.csv,classification,dinov3_frozen_embeddings_logistic_regression_tuned,logistic_regression_tuned,GroupKFold,4,5,108037,Steel,Steel,True,1.0,balanced,0.43845500984618074
attr_decking_material,attr_decking_material,data/processed/train/attr_decking_material_train.csv,data/features/dinov3_vitb16_attr_decking_material_assets.csv,classification,dinov3_frozen_embeddings_logistic_regression_tuned,logistic_regression_tuned,GroupKFold,4,5,108040,Timber,Timber,True,1.0,balanced,0.43845500984618074
attr_decking_material,attr_decking_material,data/processed/train/attr_decking_material_train.csv,data/features/dinov3_vitb16_attr_decking_material_assets.csv,classification,dinov3_frozen_embeddings_logistic_regression_tuned,logistic_regression_tuned,GroupKFold,4,5,108662,Timber,Timber,True,1.0,balanced,0.43845500984618074
attr_decking_material,attr_decking_material,data/processed/train/attr_decking_material_train.csv,data/features/dinov3_vitb16_attr_decking_material_assets.csv,classification,dinov3_frozen_embeddings_logistic_regression_tuned,logistic_regression_tuned,GroupKFold,4,5,108740,Timber,Timber,True,1.0,balanced,0.43845500984618074
attr_decking_material,attr_decking_material,data/processed/train/attr_decking_material_train.csv,data/features/dinov3_vitb16_attr_decking_material_assets.csv,classification,dinov3_frozen_embeddings_logistic_regression_tuned,logistic_regression_tuned,GroupKFold,4,5,108797,Timber,Timber,True,1.0,balanced,0.43845500984618074
attr_decking_material,attr_decking_material,data/processed/train/attr_decking_material_train.csv,data/features/dinov3_vitb16_attr_decking_material_assets.csv,classification,dinov3_frozen_embeddings_logistic_regression_tuned,logistic_regression_tuned,GroupKFold,4,5,108799,Timber,Timber,True,1.0,balanced,0.43845500984618074
attr_decking_material,attr_decking_material,data/processed/train/attr_decking_material_train.csv,data/features/dinov3_vitb16_attr_decking_material_assets.csv,classification,dinov3_frozen_embeddings_logistic_regression_tuned,logistic_regression_tuned,GroupKFold,4,5,109169,Timber,Timber,True,1.0,balanced,0.43845500984618074
attr_decking_material,attr_decking_material,data/processed/train/attr_decking_material_train.csv,data/features/dinov3_vitb16_attr_decking_material_assets.csv,classification,dinov3_frozen_embeddings_logistic_regression_tuned,logistic_regression_tuned,GroupKFold,4,5,109172,Timber,Timber,True,1.0,balanced,0.43845500984618074
attr_decking_material,attr_decking_material,data/processed/train/attr_decking_material_train.csv,data/features/dinov3_vitb16_attr_decking_material_assets.csv,classification,dinov3_frozen_embeddings_logistic_regression_tuned,logistic_regression_tuned,GroupKFold,4,5,110167,Timber,Timber,True,1.0,balanced,0.43845500984618074
attr_decking_material,attr_decking_material,data/processed/train/attr_decking_material_train.csv,data/features/dinov3_vitb16_attr_decking_material_assets.csv,classification,dinov3_frozen_embeddings_logistic_regression_tuned,logistic_regression_tuned,GroupKFold,4,5,110299,Timber,Timber,True,1.0,balanced,0.43845500984618074
attr_decking_material,attr_decking_material,data/processed/train/attr_decking_material_train.csv,data/features/dinov3_vitb16_attr_decking_material_assets.csv,classification,dinov3_frozen_embeddings_logistic_regression_tuned,logistic_regression_tuned,GroupKFold,4,5,112422,Timber,Timber,True,1.0,balanced,0.43845500984618074
attr_decking_material,attr_decking_material,data/processed/train/attr_decking_material_train.csv,data/features/dinov3_vitb16_attr_decking_material_assets.csv,classification,dinov3_frozen_embeddings_logistic_regression_tuned,logistic_regression_tuned,GroupKFold,4,5,113163,Timber,Timber,True,1.0,balanced,0.43845500984618074
attr_decking_material,attr_decking_material,data/processed/train/attr_decking_material_train.csv,data/features/dinov3_vitb16_attr_decking_material_assets.csv,classification,dinov3_frozen_embeddings_logistic_regression_tuned,logistic_regression_tuned,GroupKFold,4,5,113168,Timber,Timber,True,1.0,balanced,0.43845500984618074
attr_decking_material,attr_decking_material,data/processed/train/attr_decking_material_train.csv,data/features/dinov3_vitb16_attr_decking_material_assets.csv,classification,dinov3_frozen_embeddings_logistic_regression_tuned,logistic_regression_tuned,GroupKFold,4,5,113184,Timber,Timber,True,1.0,balanced,0.43845500984618074
attr_decking_material,attr_decking_material,data/processed/train/attr_decking_material_train.csv,data/features/dinov3_vitb16_attr_decking_material_assets.csv,classification,dinov3_frozen_embeddings_logistic_regression_tuned,logistic_regression_tuned,GroupKFold,4,5,114574,Timber,Timber,True,1.0,balanced,0.43845500984618074
attr_decking_material,attr_decking_material,data/processed/train/attr_decking_material_train.csv,data/features/dinov3_vitb16_attr_decking_material_assets.csv,classification,dinov3_frozen_embeddings_logistic_regression_tuned,logistic_regression_tuned,GroupKFold,4,5,114923,Timber,Timber,True,1.0,balanced,0.43845500984618074
attr_decking_material,attr_decking_material,data/processed/train/attr_decking_material_train.csv,data/features/dinov3_vitb16_attr_decking_material_assets.csv,classification,dinov3_frozen_embeddings_logistic_regression_tuned,logistic_regression_tuned,GroupKFold,4,5,116737,Timber,Steel,False,1.0,balanced,0.43845500984618074
attr_decking_material,attr_decking_material,data/processed/train/attr_decking_material_train.csv,data/features/dinov3_vitb16_attr_decking_material_assets.csv,classification,dinov3_frozen_embeddings_logistic_regression_tuned,logistic_regression_tuned,GroupKFold,4,5,117193,Steel,Steel,True,1.0,balanced,0.43845500984618074
attr_decking_material,attr_decking_material,data/processed/train/attr_decking_material_train.csv,data/features/dinov3_vitb16_attr_decking_material_assets.csv,classification,dinov3_frozen_embeddings_logistic_regression_tuned,logistic_regression_tuned,GroupKFold,4,5,117221,Steel,Steel,True,1.0,balanced,0.43845500984618074
attr_decking_material,attr_decking_material,data/processed/train/attr_decking_material_train.csv,data/features/dinov3_vitb16_attr_decking_material_assets.csv,classification,dinov3_frozen_embeddings_logistic_regression_tuned,logistic_regression_tuned,GroupKFold,4,5,117304,Timber,Timber,True,1.0,balanced,0.43845500984618074
attr_decking_material,attr_decking_material,data/processed/train/attr_decking_material_train.csv,data/features/dinov3_vitb16_attr_decking_material_assets.csv,classification,dinov3_frozen_embeddings_logistic_regression_tuned,logistic_regression_tuned,GroupKFold,4,5,117365,Timber,Timber,True,1.0,balanced,0.43845500984618074
attr_decking_material,attr_decking_material,data/processed/train/attr_decking_material_train.csv,data/features/dinov3_vitb16_attr_decking_material_assets.csv,classification,dinov3_frozen_embeddings_logistic_regression_tuned,logistic_regression_tuned,GroupKFold,4,5,118750,Timber,Timber,True,1.0,balanced,0.43845500984618074
attr_decking_material,attr_decking_material,data/processed/train/attr_decking_material_train.csv,data/features/dinov3_vitb16_attr_decking_material_assets.csv,classification,dinov3_frozen_embeddings_logistic_regression_tuned,logistic_regression_tuned,GroupKFold,4,5,118757,Timber,Timber,True,1.0,balanced,0.43845500984618074
attr_decking_material,attr_decking_material,data/processed/train/attr_decking_material_train.csv,data/features/dinov3_vitb16_attr_decking_material_assets.csv,classification,dinov3_frozen_embeddings_logistic_regression_tuned,logistic_regression_tuned,GroupKFold,4,5,118797,Timber,Timber,True,1.0,balanced,0.43845500984618074
attr_decking_material,attr_decking_material,data/processed/train/attr_decking_material_train.csv,data/features/dinov3_vitb16_attr_decking_material_assets.csv,classification,dinov3_frozen_embeddings_logistic_regression_tuned,logistic_regression_tuned,GroupKFold,4,5,119099,Timber,Timber,True,1.0,balanced,0.43845500984618074
attr_decking_material,attr_decking_material,data/processed/train/attr_decking_material_train.csv,data/features/dinov3_vitb16_attr_decking_material_assets.csv,classification,dinov3_frozen_embeddings_logistic_regression_tuned,logistic_regression_tuned,GroupKFold,4,5,119811,Timber,Timber,True,1.0,balanced,0.43845500984618074
attr_decking_material,attr_decking_material,data/processed/train/attr_decking_material_train.csv,data/features/dinov3_vitb16_attr_decking_material_assets.csv,classification,dinov3_frozen_embeddings_logistic_regression_tuned,logistic_regression_tuned,GroupKFold,4,5,120706,Timber,Steel,False,1.0,balanced,0.43845500984618074
attr_decking_material,attr_decking_material,data/processed/train/attr_decking_material_train.csv,data/features/dinov3_vitb16_attr_decking_material_assets.csv,classification,dinov3_frozen_embeddings_logistic_regression_tuned,logistic_regression_tuned,GroupKFold,4,5,121504,Timber,Timber,True,1.0,balanced,0.43845500984618074
attr_decking_material,attr_decking_material,data/processed/train/attr_decking_material_train.csv,data/features/dinov3_vitb16_attr_decking_material_assets.csv,classification,dinov3_frozen_embeddings_logistic_regression_tuned,logistic_regression_tuned,GroupKFold,4,5,122181,Timber,Timber,True,1.0,balanced,0.43845500984618074
attr_decking_material,attr_decking_material,data/processed/train/attr_decking_material_train.csv,data/features/dinov3_vitb16_attr_decking_material_assets.csv,classification,dinov3_frozen_embeddings_logistic_regression_tuned,logistic_regression_tuned,GroupKFold,4,5,122223,Timber,Timber,True,1.0,balanced,0.43845500984618074
attr_decking_material,attr_decking_material,data/processed/train/attr_decking_material_train.csv,data/features/dinov3_vitb16_attr_decking_material_assets.csv,classification,dinov3_frozen_embeddings_logistic_regression_tuned,logistic_regression_tuned,GroupKFold,4,5,126356,Steel,Timber,False,1.0,balanced,0.43845500984618074
attr_decking_material,attr_decking_material,data/processed/train/attr_decking_material_train.csv,data/features/dinov3_vitb16_attr_decking_material_assets.csv,classification,dinov3_frozen_embeddings_logistic_regression_tuned,logistic_regression_tuned,GroupKFold,4,5,126740,Timber,Timber,True,1.0,balanced,0.43845500984618074
attr_decking_material,attr_decking_material,data/processed/train/attr_decking_material_train.csv,data/features/dinov3_vitb16_attr_decking_material_assets.csv,classification,dinov3_frozen_embeddings_logistic_regression_tuned,logistic_regression_tuned,GroupKFold,4,5,126798,Steel,Steel,True,1.0,balanced,0.43845500984618074
attr_decking_material,attr_decking_material,data/processed/train/attr_decking_material_train.csv,data/features/dinov3_vitb16_attr_decking_material_assets.csv,classification,dinov3_frozen_embeddings_logistic_regression_tuned,logistic_regression_tuned,GroupKFold,4,5,127136,Aluminum,Steel,False,1.0,balanced,0.43845500984618074
attr_decking_material,attr_decking_material,data/processed/train/attr_decking_material_train.csv,data/features/dinov3_vitb16_attr_decking_material_assets.csv,classification,dinov3_frozen_embeddings_logistic_regression_tuned,logistic_regression_tuned,GroupKFold,4,5,127145,Timber,Timber,True,1.0,balanced,0.43845500984618074
attr_decking_material,attr_decking_material,data/processed/train/attr_decking_material_train.csv,data/features/dinov3_vitb16_attr_decking_material_assets.csv,classification,dinov3_frozen_embeddings_logistic_regression_tuned,logistic_regression_tuned,GroupKFold,4,5,127204,Timber,Timber,True,1.0,balanced,0.43845500984618074
attr_decking_material,attr_decking_material,data/processed/train/attr_decking_material_train.csv,data/features/dinov3_vitb16_attr_decking_material_assets.csv,classification,dinov3_frozen_embeddings_logistic_regression_tuned,logistic_regression_tuned,GroupKFold,4,5,127388,Concrete,Steel,False,1.0,balanced,0.43845500984618074
attr_decking_material,attr_decking_material,data/processed/train/attr_decking_material_train.csv,data/features/dinov3_vitb16_attr_decking_material_assets.csv,classification,dinov3_frozen_embeddings_logistic_regression_tuned,logistic_regression_tuned,GroupKFold,4,5,128041,Timber,Timber,True,1.0,balanced,0.43845500984618074
attr_decking_material,attr_decking_material,data/processed/train/attr_decking_material_train.csv,data/features/dinov3_vitb16_attr_decking_material_assets.csv,classification,dinov3_frozen_embeddings_logistic_regression_tuned,logistic_regression_tuned,GroupKFold,4,5,129739,Timber,Timber,True,1.0,balanced,0.43845500984618074
attr_decking_material,attr_decking_material,data/processed/train/attr_decking_material_train.csv,data/features/dinov3_vitb16_attr_decking_material_assets.csv,classification,dinov3_frozen_embeddings_logistic_regression_tuned,logistic_regression_tuned,GroupKFold,4,5,46618,Timber,Timber,True,1.0,balanced,0.43845500984618074
attr_decking_material,attr_decking_material,data/processed/train/attr_decking_material_train.csv,data/features/dinov3_vitb16_attr_decking_material_assets.csv,classification,dinov3_frozen_embeddings_logistic_regression_tuned,logistic_regression_tuned,GroupKFold,4,5,54338,Timber,Timber,True,1.0,balanced,0.43845500984618074
attr_decking_material,attr_decking_material,data/processed/train/attr_decking_material_train.csv,data/features/dinov3_vitb16_attr_decking_material_assets.csv,classification,dinov3_frozen_embeddings_logistic_regression_tuned,logistic_regression_tuned,GroupKFold,4,5,56692,Timber,Timber,True,1.0,balanced,0.43845500984618074
attr_decking_material,attr_decking_material,data/processed/train/attr_decking_material_train.csv,data/features/dinov3_vitb16_attr_decking_material_assets.csv,classification,dinov3_frozen_embeddings_logistic_regression_tuned,logistic_regression_tuned,GroupKFold,4,5,62340,Concrete,Timber,False,1.0,balanced,0.43845500984618074
attr_decking_material,attr_decking_material,data/processed/train/attr_decking_material_train.csv,data/features/dinov3_vitb16_attr_decking_material_assets.csv,classification,dinov3_frozen_embeddings_logistic_regression_tuned,logistic_regression_tuned,GroupKFold,4,5,62341,Concrete,Timber,False,1.0,balanced,0.43845500984618074
attr_decking_material,attr_decking_material,data/processed/train/attr_decking_material_train.csv,data/features/dinov3_vitb16_attr_decking_material_assets.csv,classification,dinov3_frozen_embeddings_logistic_regression_tuned,logistic_regression_tuned,GroupKFold,4,5,66960,Timber,Timber,True,1.0,balanced,0.43845500984618074
attr_decking_material,attr_decking_material,data/processed/train/attr_decking_material_train.csv,data/features/dinov3_vitb16_attr_decking_material_assets.csv,classification,dinov3_frozen_embeddings_logistic_regression_tuned,logistic_regression_tuned,GroupKFold,4,5,68019,Timber,Timber,True,1.0,balanced,0.43845500984618074
attr_decking_material,attr_decking_material,data/processed/train/attr_decking_material_train.csv,data/features/dinov3_vitb16_attr_decking_material_assets.csv,classification,dinov3_frozen_embeddings_logistic_regression_tuned,logistic_regression_tuned,GroupKFold,4,5,68020,Timber,Timber,True,1.0,balanced,0.43845500984618074
attr_decking_material,attr_decking_material,data/processed/train/attr_decking_material_train.csv,data/features/dinov3_vitb16_attr_decking_material_assets.csv,classification,dinov3_frozen_embeddings_logistic_regression_tuned,logistic_regression_tuned,GroupKFold,4,5,74944,Timber,Steel,False,1.0,balanced,0.43845500984618074
attr_decking_material,attr_decking_material,data/processed/train/attr_decking_material_train.csv,data/features/dinov3_vitb16_attr_decking_material_assets.csv,classification,dinov3_frozen_embeddings_logistic_regression_tuned,logistic_regression_tuned,GroupKFold,4,5,113948,Timber,Timber,True,1.0,balanced,0.43845500984618074
attr_decking_material,attr_decking_material,data/processed/train/attr_decking_material_train.csv,data/features/dinov3_vitb16_attr_decking_material_assets.csv,classification,dinov3_frozen_embeddings_logistic_regression_tuned,logistic_regression_tuned,GroupKFold,4,5,121455,Timber,Timber,True,1.0,balanced,0.43845500984618074
attr_decking_material,attr_decking_material,data/processed/train/attr_decking_material_train.csv,data/features/dinov3_vitb16_attr_decking_material_assets.csv,classification,dinov3_frozen_embeddings_logistic_regression_tuned,logistic_regression_tuned,GroupKFold,4,5,122778,Timber,Timber,True,1.0,balanced,0.43845500984618074
attr_decking_material,attr_decking_material,data/processed/train/attr_decking_material_train.csv,data/features/dinov3_vitb16_attr_decking_material_assets.csv,classification,dinov3_frozen_embeddings_logistic_regression_tuned,logistic_regression_tuned,GroupKFold,4,5,129405,Composite,Composite,True,1.0,balanced,0.43845500984618074
attr_decking_material,attr_decking_material,data/processed/train/attr_decking_material_train.csv,data/features/dinov3_vitb16_attr_decking_material_assets.csv,classification,dinov3_frozen_embeddings_logistic_regression_tuned,logistic_regression_tuned,GroupKFold,5,5,47664,Timber,Timber,True,0.1,balanced,0.5294688799059448
attr_decking_material,attr_decking_material,data/processed/train/attr_decking_material_train.csv,data/features/dinov3_vitb16_attr_decking_material_assets.csv,classification,dinov3_frozen_embeddings_logistic_regression_tuned,logistic_regression_tuned,GroupKFold,5,5,46935,Timber,Timber,True,0.1,balanced,0.5294688799059448
attr_decking_material,attr_decking_material,data/processed/train/attr_decking_material_train.csv,data/features/dinov3_vitb16_attr_decking_material_assets.csv,classification,dinov3_frozen_embeddings_logistic_regression_tuned,logistic_regression_tuned,GroupKFold,5,5,48121,Timber,Timber,True,0.1,balanced,0.5294688799059448
attr_decking_material,attr_decking_material,data/processed/train/attr_decking_material_train.csv,data/features/dinov3_vitb16_attr_decking_material_assets.csv,classification,dinov3_frozen_embeddings_logistic_regression_tuned,logistic_regression_tuned,GroupKFold,5,5,48934,Timber,Timber,True,0.1,balanced,0.5294688799059448
attr_decking_material,attr_decking_material,data/processed/train/attr_decking_material_train.csv,data/features/dinov3_vitb16_attr_decking_material_assets.csv,classification,dinov3_frozen_embeddings_logistic_regression_tuned,logistic_regression_tuned,GroupKFold,5,5,48634,Timber,Timber,True,0.1,balanced,0.5294688799059448
attr_decking_material,attr_decking_material,data/processed/train/attr_decking_material_train.csv,data/features/dinov3_vitb16_attr_decking_material_assets.csv,classification,dinov3_frozen_embeddings_logistic_regression_tuned,logistic_regression_tuned,GroupKFold,5,5,53103,Timber,Timber,True,0.1,balanced,0.5294688799059448
attr_decking_material,attr_decking_material,data/processed/train/attr_decking_material_train.csv,data/features/dinov3_vitb16_attr_decking_material_assets.csv,classification,dinov3_frozen_embeddings_logistic_regression_tuned,logistic_regression_tuned,GroupKFold,5,5,53556,Timber,Timber,True,0.1,balanced,0.5294688799059448
attr_decking_material,attr_decking_material,data/processed/train/attr_decking_material_train.csv,data/features/dinov3_vitb16_attr_decking_material_assets.csv,classification,dinov3_frozen_embeddings_logistic_regression_tuned,logistic_regression_tuned,GroupKFold,5,5,55466,Timber,Timber,True,0.1,balanced,0.5294688799059448
attr_decking_material,attr_decking_material,data/processed/train/attr_decking_material_train.csv,data/features/dinov3_vitb16_attr_decking_material_assets.csv,classification,dinov3_frozen_embeddings_logistic_regression_tuned,logistic_regression_tuned,GroupKFold,5,5,55646,Timber,Timber,True,0.1,balanced,0.5294688799059448
attr_decking_material,attr_decking_material,data/processed/train/attr_decking_material_train.csv,data/features/dinov3_vitb16_attr_decking_material_assets.csv,classification,dinov3_frozen_embeddings_logistic_regression_tuned,logistic_regression_tuned,GroupKFold,5,5,55648,Timber,Timber,True,0.1,balanced,0.5294688799059448
attr_decking_material,attr_decking_material,data/processed/train/attr_decking_material_train.csv,data/features/dinov3_vitb16_attr_decking_material_assets.csv,classification,dinov3_frozen_embeddings_logistic_regression_tuned,logistic_regression_tuned,GroupKFold,5,5,56778,Timber,Timber,True,0.1,balanced,0.5294688799059448
attr_decking_material,attr_decking_material,data/processed/train/attr_decking_material_train.csv,data/features/dinov3_vitb16_attr_decking_material_assets.csv,classification,dinov3_frozen_embeddings_logistic_regression_tuned,logistic_regression_tuned,GroupKFold,5,5,58826,Timber,Timber,True,0.1,balanced,0.5294688799059448
attr_decking_material,attr_decking_material,data/processed/train/attr_decking_material_train.csv,data/features/dinov3_vitb16_attr_decking_material_assets.csv,classification,dinov3_frozen_embeddings_logistic_regression_tuned,logistic_regression_tuned,GroupKFold,5,5,58825,Timber,Timber,True,0.1,balanced,0.5294688799059448
attr_decking_material,attr_decking_material,data/processed/train/attr_decking_material_train.csv,data/features/dinov3_vitb16_attr_decking_material_assets.csv,classification,dinov3_frozen_embeddings_logistic_regression_tuned,logistic_regression_tuned,GroupKFold,5,5,62067,Timber,Timber,True,0.1,balanced,0.5294688799059448
attr_decking_material,attr_decking_material,data/processed/train/attr_decking_material_train.csv,data/features/dinov3_vitb16_attr_decking_material_assets.csv,classification,dinov3_frozen_embeddings_logistic_regression_tuned,logistic_regression_tuned,GroupKFold,5,5,61958,Timber,Timber,True,0.1,balanced,0.5294688799059448
attr_decking_material,attr_decking_material,data/processed/train/attr_decking_material_train.csv,data/features/dinov3_vitb16_attr_decking_material_assets.csv,classification,dinov3_frozen_embeddings_logistic_regression_tuned,logistic_regression_tuned,GroupKFold,5,5,63220,Timber,Timber,True,0.1,balanced,0.5294688799059448
attr_decking_material,attr_decking_material,data/processed/train/attr_decking_material_train.csv,data/features/dinov3_vitb16_attr_decking_material_assets.csv,classification,dinov3_frozen_embeddings_logistic_regression_tuned,logistic_regression_tuned,GroupKFold,5,5,64207,Timber,Timber,True,0.1,balanced,0.5294688799059448
attr_decking_material,attr_decking_material,data/processed/train/attr_decking_material_train.csv,data/features/dinov3_vitb16_attr_decking_material_assets.csv,classification,dinov3_frozen_embeddings_logistic_regression_tuned,logistic_regression_tuned,GroupKFold,5,5,64236,Timber,Timber,True,0.1,balanced,0.5294688799059448
attr_decking_material,attr_decking_material,data/processed/train/attr_decking_material_train.csv,data/features/dinov3_vitb16_attr_decking_material_assets.csv,classification,dinov3_frozen_embeddings_logistic_regression_tuned,logistic_regression_tuned,GroupKFold,5,5,65422,Timber,Timber,True,0.1,balanced,0.5294688799059448
attr_decking_material,attr_decking_material,data/processed/train/attr_decking_material_train.csv,data/features/dinov3_vitb16_attr_decking_material_assets.csv,classification,dinov3_frozen_embeddings_logistic_regression_tuned,logistic_regression_tuned,GroupKFold,5,5,81889,Timber,Timber,True,0.1,balanced,0.5294688799059448
attr_decking_material,attr_decking_material,data/processed/train/attr_decking_material_train.csv,data/features/dinov3_vitb16_attr_decking_material_assets.csv,classification,dinov3_frozen_embeddings_logistic_regression_tuned,logistic_regression_tuned,GroupKFold,5,5,83146,Timber,Timber,True,0.1,balanced,0.5294688799059448
attr_decking_material,attr_decking_material,data/processed/train/attr_decking_material_train.csv,data/features/dinov3_vitb16_attr_decking_material_assets.csv,classification,dinov3_frozen_embeddings_logistic_regression_tuned,logistic_regression_tuned,GroupKFold,5,5,83898,Timber,Timber,True,0.1,balanced,0.5294688799059448
attr_decking_material,attr_decking_material,data/processed/train/attr_decking_material_train.csv,data/features/dinov3_vitb16_attr_decking_material_assets.csv,classification,dinov3_frozen_embeddings_logistic_regression_tuned,logistic_regression_tuned,GroupKFold,5,5,85091,Timber,Timber,True,0.1,balanced,0.5294688799059448
attr_decking_material,attr_decking_material,data/processed/train/attr_decking_material_train.csv,data/features/dinov3_vitb16_attr_decking_material_assets.csv,classification,dinov3_frozen_embeddings_logistic_regression_tuned,logistic_regression_tuned,GroupKFold,5,5,85484,Timber,Timber,True,0.1,balanced,0.5294688799059448
attr_decking_material,attr_decking_material,data/processed/train/attr_decking_material_train.csv,data/features/dinov3_vitb16_attr_decking_material_assets.csv,classification,dinov3_frozen_embeddings_logistic_regression_tuned,logistic_regression_tuned,GroupKFold,5,5,85498,Timber,Timber,True,0.1,balanced,0.5294688799059448
attr_decking_material,attr_decking_material,data/processed/train/attr_decking_material_train.csv,data/features/dinov3_vitb16_attr_decking_material_assets.csv,classification,dinov3_frozen_embeddings_logistic_regression_tuned,logistic_regression_tuned,GroupKFold,5,5,85558,Timber,Timber,True,0.1,balanced,0.5294688799059448
attr_decking_material,attr_decking_material,data/processed/train/attr_decking_material_train.csv,data/features/dinov3_vitb16_attr_decking_material_assets.csv,classification,dinov3_frozen_embeddings_logistic_regression_tuned,logistic_regression_tuned,GroupKFold,5,5,86014,Timber,Timber,True,0.1,balanced,0.5294688799059448
attr_decking_material,attr_decking_material,data/processed/train/attr_decking_material_train.csv,data/features/dinov3_vitb16_attr_decking_material_assets.csv,classification,dinov3_frozen_embeddings_logistic_regression_tuned,logistic_regression_tuned,GroupKFold,5,5,86104,Timber,Timber,True,0.1,balanced,0.5294688799059448
attr_decking_material,attr_decking_material,data/processed/train/attr_decking_material_train.csv,data/features/dinov3_vitb16_attr_decking_material_assets.csv,classification,dinov3_frozen_embeddings_logistic_regression_tuned,logistic_regression_tuned,GroupKFold,5,5,86103,Timber,Timber,True,0.1,balanced,0.5294688799059448
attr_decking_material,attr_decking_material,data/processed/train/attr_decking_material_train.csv,data/features/dinov3_vitb16_attr_decking_material_assets.csv,classification,dinov3_frozen_embeddings_logistic_regression_tuned,logistic_regression_tuned,GroupKFold,5,5,86112,Timber,Timber,True,0.1,balanced,0.5294688799059448
attr_decking_material,attr_decking_material,data/processed/train/attr_decking_material_train.csv,data/features/dinov3_vitb16_attr_decking_material_assets.csv,classification,dinov3_frozen_embeddings_logistic_regression_tuned,logistic_regression_tuned,GroupKFold,5,5,86114,Timber,Timber,True,0.1,balanced,0.5294688799059448
attr_decking_material,attr_decking_material,data/processed/train/attr_decking_material_train.csv,data/features/dinov3_vitb16_attr_decking_material_assets.csv,classification,dinov3_frozen_embeddings_logistic_regression_tuned,logistic_regression_tuned,GroupKFold,5,5,86117,Timber,Timber,True,0.1,balanced,0.5294688799059448
attr_decking_material,attr_decking_material,data/processed/train/attr_decking_material_train.csv,data/features/dinov3_vitb16_attr_decking_material_assets.csv,classification,dinov3_frozen_embeddings_logistic_regression_tuned,logistic_regression_tuned,GroupKFold,5,5,86121,Timber,Timber,True,0.1,balanced,0.5294688799059448
attr_decking_material,attr_decking_material,data/processed/train/attr_decking_material_train.csv,data/features/dinov3_vitb16_attr_decking_material_assets.csv,classification,dinov3_frozen_embeddings_logistic_regression_tuned,logistic_regression_tuned,GroupKFold,5,5,86123,Timber,Timber,True,0.1,balanced,0.5294688799059448
attr_decking_material,attr_decking_material,data/processed/train/attr_decking_material_train.csv,data/features/dinov3_vitb16_attr_decking_material_assets.csv,classification,dinov3_frozen_embeddings_logistic_regression_tuned,logistic_regression_tuned,GroupKFold,5,5,86130,Timber,Timber,True,0.1,balanced,0.5294688799059448
attr_decking_material,attr_decking_material,data/processed/train/attr_decking_material_train.csv,data/features/dinov3_vitb16_attr_decking_material_assets.csv,classification,dinov3_frozen_embeddings_logistic_regression_tuned,logistic_regression_tuned,GroupKFold,5,5,86134,Timber,Timber,True,0.1,balanced,0.5294688799059448
attr_decking_material,attr_decking_material,data/processed/train/attr_decking_material_train.csv,data/features/dinov3_vitb16_attr_decking_material_assets.csv,classification,dinov3_frozen_embeddings_logistic_regression_tuned,logistic_regression_tuned,GroupKFold,5,5,86135,Timber,Timber,True,0.1,balanced,0.5294688799059448
attr_decking_material,attr_decking_material,data/processed/train/attr_decking_material_train.csv,data/features/dinov3_vitb16_attr_decking_material_assets.csv,classification,dinov3_frozen_embeddings_logistic_regression_tuned,logistic_regression_tuned,GroupKFold,5,5,86136,Timber,Timber,True,0.1,balanced,0.5294688799059448
attr_decking_material,attr_decking_material,data/processed/train/attr_decking_material_train.csv,data/features/dinov3_vitb16_attr_decking_material_assets.csv,classification,dinov3_frozen_embeddings_logistic_regression_tuned,logistic_regression_tuned,GroupKFold,5,5,86137,Timber,Timber,True,0.1,balanced,0.5294688799059448
attr_decking_material,attr_decking_material,data/processed/train/attr_decking_material_train.csv,data/features/dinov3_vitb16_attr_decking_material_assets.csv,classification,dinov3_frozen_embeddings_logistic_regression_tuned,logistic_regression_tuned,GroupKFold,5,5,86145,Timber,Timber,True,0.1,balanced,0.5294688799059448
attr_decking_material,attr_decking_material,data/processed/train/attr_decking_material_train.csv,data/features/dinov3_vitb16_attr_decking_material_assets.csv,classification,dinov3_frozen_embeddings_logistic_regression_tuned,logistic_regression_tuned,GroupKFold,5,5,86167,Timber,Timber,True,0.1,balanced,0.5294688799059448
attr_decking_material,attr_decking_material,data/processed/train/attr_decking_material_train.csv,data/features/dinov3_vitb16_attr_decking_material_assets.csv,classification,dinov3_frozen_embeddings_logistic_regression_tuned,logistic_regression_tuned,GroupKFold,5,5,86194,Timber,Timber,True,0.1,balanced,0.5294688799059448
attr_decking_material,attr_decking_material,data/processed/train/attr_decking_material_train.csv,data/features/dinov3_vitb16_attr_decking_material_assets.csv,classification,dinov3_frozen_embeddings_logistic_regression_tuned,logistic_regression_tuned,GroupKFold,5,5,86201,Timber,Timber,True,0.1,balanced,0.5294688799059448
attr_decking_material,attr_decking_material,data/processed/train/attr_decking_material_train.csv,data/features/dinov3_vitb16_attr_decking_material_assets.csv,classification,dinov3_frozen_embeddings_logistic_regression_tuned,logistic_regression_tuned,GroupKFold,5,5,86216,Timber,Timber,True,0.1,balanced,0.5294688799059448
attr_decking_material,attr_decking_material,data/processed/train/attr_decking_material_train.csv,data/features/dinov3_vitb16_attr_decking_material_assets.csv,classification,dinov3_frozen_embeddings_logistic_regression_tuned,logistic_regression_tuned,GroupKFold,5,5,86220,Timber,Timber,True,0.1,balanced,0.5294688799059448
attr_decking_material,attr_decking_material,data/processed/train/attr_decking_material_train.csv,data/features/dinov3_vitb16_attr_decking_material_assets.csv,classification,dinov3_frozen_embeddings_logistic_regression_tuned,logistic_regression_tuned,GroupKFold,5,5,86226,Timber,Timber,True,0.1,balanced,0.5294688799059448
attr_decking_material,attr_decking_material,data/processed/train/attr_decking_material_train.csv,data/features/dinov3_vitb16_attr_decking_material_assets.csv,classification,dinov3_frozen_embeddings_logistic_regression_tuned,logistic_regression_tuned,GroupKFold,5,5,86231,Timber,Timber,True,0.1,balanced,0.5294688799059448
attr_decking_material,attr_decking_material,data/processed/train/attr_decking_material_train.csv,data/features/dinov3_vitb16_attr_decking_material_assets.csv,classification,dinov3_frozen_embeddings_logistic_regression_tuned,logistic_regression_tuned,GroupKFold,5,5,86236,Timber,Timber,True,0.1,balanced,0.5294688799059448
attr_decking_material,attr_decking_material,data/processed/train/attr_decking_material_train.csv,data/features/dinov3_vitb16_attr_decking_material_assets.csv,classification,dinov3_frozen_embeddings_logistic_regression_tuned,logistic_regression_tuned,GroupKFold,5,5,86243,Timber,Timber,True,0.1,balanced,0.5294688799059448
attr_decking_material,attr_decking_material,data/processed/train/attr_decking_material_train.csv,data/features/dinov3_vitb16_attr_decking_material_assets.csv,classification,dinov3_frozen_embeddings_logistic_regression_tuned,logistic_regression_tuned,GroupKFold,5,5,86253,Timber,Timber,True,0.1,balanced,0.5294688799059448
attr_decking_material,attr_decking_material,data/processed/train/attr_decking_material_train.csv,data/features/dinov3_vitb16_attr_decking_material_assets.csv,classification,dinov3_frozen_embeddings_logistic_regression_tuned,logistic_regression_tuned,GroupKFold,5,5,86249,Timber,Timber,True,0.1,balanced,0.5294688799059448
attr_decking_material,attr_decking_material,data/processed/train/attr_decking_material_train.csv,data/features/dinov3_vitb16_attr_decking_material_assets.csv,classification,dinov3_frozen_embeddings_logistic_regression_tuned,logistic_regression_tuned,GroupKFold,5,5,87505,Timber,Timber,True,0.1,balanced,0.5294688799059448
attr_decking_material,attr_decking_material,data/processed/train/attr_decking_material_train.csv,data/features/dinov3_vitb16_attr_decking_material_assets.csv,classification,dinov3_frozen_embeddings_logistic_regression_tuned,logistic_regression_tuned,GroupKFold,5,5,87534,Timber,Timber,True,0.1,balanced,0.5294688799059448
attr_decking_material,attr_decking_material,data/processed/train/attr_decking_material_train.csv,data/features/dinov3_vitb16_attr_decking_material_assets.csv,classification,dinov3_frozen_embeddings_logistic_regression_tuned,logistic_regression_tuned,GroupKFold,5,5,88273,Timber,Timber,True,0.1,balanced,0.5294688799059448
attr_decking_material,attr_decking_material,data/processed/train/attr_decking_material_train.csv,data/features/dinov3_vitb16_attr_decking_material_assets.csv,classification,dinov3_frozen_embeddings_logistic_regression_tuned,logistic_regression_tuned,GroupKFold,5,5,88279,Timber,Timber,True,0.1,balanced,0.5294688799059448
attr_decking_material,attr_decking_material,data/processed/train/attr_decking_material_train.csv,data/features/dinov3_vitb16_attr_decking_material_assets.csv,classification,dinov3_frozen_embeddings_logistic_regression_tuned,logistic_regression_tuned,GroupKFold,5,5,89448,Timber,Timber,True,0.1,balanced,0.5294688799059448
attr_decking_material,attr_decking_material,data/processed/train/attr_decking_material_train.csv,data/features/dinov3_vitb16_attr_decking_material_assets.csv,classification,dinov3_frozen_embeddings_logistic_regression_tuned,logistic_regression_tuned,GroupKFold,5,5,89582,Timber,Timber,True,0.1,balanced,0.5294688799059448
attr_decking_material,attr_decking_material,data/processed/train/attr_decking_material_train.csv,data/features/dinov3_vitb16_attr_decking_material_assets.csv,classification,dinov3_frozen_embeddings_logistic_regression_tuned,logistic_regression_tuned,GroupKFold,5,5,89593,Timber,Timber,True,0.1,balanced,0.5294688799059448
attr_decking_material,attr_decking_material,data/processed/train/attr_decking_material_train.csv,data/features/dinov3_vitb16_attr_decking_material_assets.csv,classification,dinov3_frozen_embeddings_logistic_regression_tuned,logistic_regression_tuned,GroupKFold,5,5,89705,Timber,Timber,True,0.1,balanced,0.5294688799059448
attr_decking_material,attr_decking_material,data/processed/train/attr_decking_material_train.csv,data/features/dinov3_vitb16_attr_decking_material_assets.csv,classification,dinov3_frozen_embeddings_logistic_regression_tuned,logistic_regression_tuned,GroupKFold,5,5,89708,Timber,Timber,True,0.1,balanced,0.5294688799059448
attr_decking_material,attr_decking_material,data/processed/train/attr_decking_material_train.csv,data/features/dinov3_vitb16_attr_decking_material_assets.csv,classification,dinov3_frozen_embeddings_logistic_regression_tuned,logistic_regression_tuned,GroupKFold,5,5,89709,Timber,Timber,True,0.1,balanced,0.5294688799059448
attr_decking_material,attr_decking_material,data/processed/train/attr_decking_material_train.csv,data/features/dinov3_vitb16_attr_decking_material_assets.csv,classification,dinov3_frozen_embeddings_logistic_regression_tuned,logistic_regression_tuned,GroupKFold,5,5,89710,Timber,Timber,True,0.1,balanced,0.5294688799059448
attr_decking_material,attr_decking_material,data/processed/train/attr_decking_material_train.csv,data/features/dinov3_vitb16_attr_decking_material_assets.csv,classification,dinov3_frozen_embeddings_logistic_regression_tuned,logistic_regression_tuned,GroupKFold,5,5,89764,Timber,Timber,True,0.1,balanced,0.5294688799059448
attr_decking_material,attr_decking_material,data/processed/train/attr_decking_material_train.csv,data/features/dinov3_vitb16_attr_decking_material_assets.csv,classification,dinov3_frozen_embeddings_logistic_regression_tuned,logistic_regression_tuned,GroupKFold,5,5,90326,Timber,Timber,True,0.1,balanced,0.5294688799059448
attr_decking_material,attr_decking_material,data/processed/train/attr_decking_material_train.csv,data/features/dinov3_vitb16_attr_decking_material_assets.csv,classification,dinov3_frozen_embeddings_logistic_regression_tuned,logistic_regression_tuned,GroupKFold,5,5,90333,Timber,Timber,True,0.1,balanced,0.5294688799059448
attr_decking_material,attr_decking_material,data/processed/train/attr_decking_material_train.csv,data/features/dinov3_vitb16_attr_decking_material_assets.csv,classification,dinov3_frozen_embeddings_logistic_regression_tuned,logistic_regression_tuned,GroupKFold,5,5,90343,Timber,Timber,True,0.1,balanced,0.5294688799059448
attr_decking_material,attr_decking_material,data/processed/train/attr_decking_material_train.csv,data/features/dinov3_vitb16_attr_decking_material_assets.csv,classification,dinov3_frozen_embeddings_logistic_regression_tuned,logistic_regression_tuned,GroupKFold,5,5,90354,Timber,Timber,True,0.1,balanced,0.5294688799059448
attr_decking_material,attr_decking_material,data/processed/train/attr_decking_material_train.csv,data/features/dinov3_vitb16_attr_decking_material_assets.csv,classification,dinov3_frozen_embeddings_logistic_regression_tuned,logistic_regression_tuned,GroupKFold,5,5,90378,Timber,Timber,True,0.1,balanced,0.5294688799059448
attr_decking_material,attr_decking_material,data/processed/train/attr_decking_material_train.csv,data/features/dinov3_vitb16_attr_decking_material_assets.csv,classification,dinov3_frozen_embeddings_logistic_regression_tuned,logistic_regression_tuned,GroupKFold,5,5,90384,Timber,Timber,True,0.1,balanced,0.5294688799059448
attr_decking_material,attr_decking_material,data/processed/train/attr_decking_material_train.csv,data/features/dinov3_vitb16_attr_decking_material_assets.csv,classification,dinov3_frozen_embeddings_logistic_regression_tuned,logistic_regression_tuned,GroupKFold,5,5,90393,Timber,Timber,True,0.1,balanced,0.5294688799059448
attr_decking_material,attr_decking_material,data/processed/train/attr_decking_material_train.csv,data/features/dinov3_vitb16_attr_decking_material_assets.csv,classification,dinov3_frozen_embeddings_logistic_regression_tuned,logistic_regression_tuned,GroupKFold,5,5,91578,Timber,Timber,True,0.1,balanced,0.5294688799059448
attr_decking_material,attr_decking_material,data/processed/train/attr_decking_material_train.csv,data/features/dinov3_vitb16_attr_decking_material_assets.csv,classification,dinov3_frozen_embeddings_logistic_regression_tuned,logistic_regression_tuned,GroupKFold,5,5,92021,Timber,Timber,True,0.1,balanced,0.5294688799059448
attr_decking_material,attr_decking_material,data/processed/train/attr_decking_material_train.csv,data/features/dinov3_vitb16_attr_decking_material_assets.csv,classification,dinov3_frozen_embeddings_logistic_regression_tuned,logistic_regression_tuned,GroupKFold,5,5,92048,Timber,Timber,True,0.1,balanced,0.5294688799059448
attr_decking_material,attr_decking_material,data/processed/train/attr_decking_material_train.csv,data/features/dinov3_vitb16_attr_decking_material_assets.csv,classification,dinov3_frozen_embeddings_logistic_regression_tuned,logistic_regression_tuned,GroupKFold,5,5,92051,Timber,Timber,True,0.1,balanced,0.5294688799059448
attr_decking_material,attr_decking_material,data/processed/train/attr_decking_material_train.csv,data/features/dinov3_vitb16_attr_decking_material_assets.csv,classification,dinov3_frozen_embeddings_logistic_regression_tuned,logistic_regression_tuned,GroupKFold,5,5,92057,Timber,Timber,True,0.1,balanced,0.5294688799059448
attr_decking_material,attr_decking_material,data/processed/train/attr_decking_material_train.csv,data/features/dinov3_vitb16_attr_decking_material_assets.csv,classification,dinov3_frozen_embeddings_logistic_regression_tuned,logistic_regression_tuned,GroupKFold,5,5,92060,Timber,Timber,True,0.1,balanced,0.5294688799059448
attr_decking_material,attr_decking_material,data/processed/train/attr_decking_material_train.csv,data/features/dinov3_vitb16_attr_decking_material_assets.csv,classification,dinov3_frozen_embeddings_logistic_regression_tuned,logistic_regression_tuned,GroupKFold,5,5,93025,Timber,Timber,True,0.1,balanced,0.5294688799059448
attr_decking_material,attr_decking_material,data/processed/train/attr_decking_material_train.csv,data/features/dinov3_vitb16_attr_decking_material_assets.csv,classification,dinov3_frozen_embeddings_logistic_regression_tuned,logistic_regression_tuned,GroupKFold,5,5,94267,Timber,Timber,True,0.1,balanced,0.5294688799059448
attr_decking_material,attr_decking_material,data/processed/train/attr_decking_material_train.csv,data/features/dinov3_vitb16_attr_decking_material_assets.csv,classification,dinov3_frozen_embeddings_logistic_regression_tuned,logistic_regression_tuned,GroupKFold,5,5,94274,Timber,Timber,True,0.1,balanced,0.5294688799059448
attr_decking_material,attr_decking_material,data/processed/train/attr_decking_material_train.csv,data/features/dinov3_vitb16_attr_decking_material_assets.csv,classification,dinov3_frozen_embeddings_logistic_regression_tuned,logistic_regression_tuned,GroupKFold,5,5,94279,Timber,Timber,True,0.1,balanced,0.5294688799059448
attr_decking_material,attr_decking_material,data/processed/train/attr_decking_material_train.csv,data/features/dinov3_vitb16_attr_decking_material_assets.csv,classification,dinov3_frozen_embeddings_logistic_regression_tuned,logistic_regression_tuned,GroupKFold,5,5,94292,Timber,Timber,True,0.1,balanced,0.5294688799059448
attr_decking_material,attr_decking_material,data/processed/train/attr_decking_material_train.csv,data/features/dinov3_vitb16_attr_decking_material_assets.csv,classification,dinov3_frozen_embeddings_logistic_regression_tuned,logistic_regression_tuned,GroupKFold,5,5,94303,Timber,Timber,True,0.1,balanced,0.5294688799059448
attr_decking_material,attr_decking_material,data/processed/train/attr_decking_material_train.csv,data/features/dinov3_vitb16_attr_decking_material_assets.csv,classification,dinov3_frozen_embeddings_logistic_regression_tuned,logistic_regression_tuned,GroupKFold,5,5,94304,Timber,Timber,True,0.1,balanced,0.5294688799059448
attr_decking_material,attr_decking_material,data/processed/train/attr_decking_material_train.csv,data/features/dinov3_vitb16_attr_decking_material_assets.csv,classification,dinov3_frozen_embeddings_logistic_regression_tuned,logistic_regression_tuned,GroupKFold,5,5,94305,Timber,Timber,True,0.1,balanced,0.5294688799059448
attr_decking_material,attr_decking_material,data/processed/train/attr_decking_material_train.csv,data/features/dinov3_vitb16_attr_decking_material_assets.csv,classification,dinov3_frozen_embeddings_logistic_regression_tuned,logistic_regression_tuned,GroupKFold,5,5,94310,Timber,Timber,True,0.1,balanced,0.5294688799059448
attr_decking_material,attr_decking_material,data/processed/train/attr_decking_material_train.csv,data/features/dinov3_vitb16_attr_decking_material_assets.csv,classification,dinov3_frozen_embeddings_logistic_regression_tuned,logistic_regression_tuned,GroupKFold,5,5,94345,Timber,Timber,True,0.1,balanced,0.5294688799059448
attr_decking_material,attr_decking_material,data/processed/train/attr_decking_material_train.csv,data/features/dinov3_vitb16_attr_decking_material_assets.csv,classification,dinov3_frozen_embeddings_logistic_regression_tuned,logistic_regression_tuned,GroupKFold,5,5,94348,Timber,Timber,True,0.1,balanced,0.5294688799059448
attr_decking_material,attr_decking_material,data/processed/train/attr_decking_material_train.csv,data/features/dinov3_vitb16_attr_decking_material_assets.csv,classification,dinov3_frozen_embeddings_logistic_regression_tuned,logistic_regression_tuned,GroupKFold,5,5,94351,Timber,Timber,True,0.1,balanced,0.5294688799059448
attr_decking_material,attr_decking_material,data/processed/train/attr_decking_material_train.csv,data/features/dinov3_vitb16_attr_decking_material_assets.csv,classification,dinov3_frozen_embeddings_logistic_regression_tuned,logistic_regression_tuned,GroupKFold,5,5,94357,Timber,Timber,True,0.1,balanced,0.5294688799059448
attr_decking_material,attr_decking_material,data/processed/train/attr_decking_material_train.csv,data/features/dinov3_vitb16_attr_decking_material_assets.csv,classification,dinov3_frozen_embeddings_logistic_regression_tuned,logistic_regression_tuned,GroupKFold,5,5,94358,Timber,Timber,True,0.1,balanced,0.5294688799059448
attr_decking_material,attr_decking_material,data/processed/train/attr_decking_material_train.csv,data/features/dinov3_vitb16_attr_decking_material_assets.csv,classification,dinov3_frozen_embeddings_logistic_regression_tuned,logistic_regression_tuned,GroupKFold,5,5,94365,Timber,Timber,True,0.1,balanced,0.5294688799059448
attr_decking_material,attr_decking_material,data/processed/train/attr_decking_material_train.csv,data/features/dinov3_vitb16_attr_decking_material_assets.csv,classification,dinov3_frozen_embeddings_logistic_regression_tuned,logistic_regression_tuned,GroupKFold,5,5,94382,Timber,Timber,True,0.1,balanced,0.5294688799059448
attr_decking_material,attr_decking_material,data/processed/train/attr_decking_material_train.csv,data/features/dinov3_vitb16_attr_decking_material_assets.csv,classification,dinov3_frozen_embeddings_logistic_regression_tuned,logistic_regression_tuned,GroupKFold,5,5,94386,Timber,Timber,True,0.1,balanced,0.5294688799059448
attr_decking_material,attr_decking_material,data/processed/train/attr_decking_material_train.csv,data/features/dinov3_vitb16_attr_decking_material_assets.csv,classification,dinov3_frozen_embeddings_logistic_regression_tuned,logistic_regression_tuned,GroupKFold,5,5,94387,Timber,Timber,True,0.1,balanced,0.5294688799059448
attr_decking_material,attr_decking_material,data/processed/train/attr_decking_material_train.csv,data/features/dinov3_vitb16_attr_decking_material_assets.csv,classification,dinov3_frozen_embeddings_logistic_regression_tuned,logistic_regression_tuned,GroupKFold,5,5,94394,Timber,Timber,True,0.1,balanced,0.5294688799059448
attr_decking_material,attr_decking_material,data/processed/train/attr_decking_material_train.csv,data/features/dinov3_vitb16_attr_decking_material_assets.csv,classification,dinov3_frozen_embeddings_logistic_regression_tuned,logistic_regression_tuned,GroupKFold,5,5,94407,Timber,Timber,True,0.1,balanced,0.5294688799059448
attr_decking_material,attr_decking_material,data/processed/train/attr_decking_material_train.csv,data/features/dinov3_vitb16_attr_decking_material_assets.csv,classification,dinov3_frozen_embeddings_logistic_regression_tuned,logistic_regression_tuned,GroupKFold,5,5,94408,Timber,Timber,True,0.1,balanced,0.5294688799059448
attr_decking_material,attr_decking_material,data/processed/train/attr_decking_material_train.csv,data/features/dinov3_vitb16_attr_decking_material_assets.csv,classification,dinov3_frozen_embeddings_logistic_regression_tuned,logistic_regression_tuned,GroupKFold,5,5,94422,Timber,Timber,True,0.1,balanced,0.5294688799059448
attr_decking_material,attr_decking_material,data/processed/train/attr_decking_material_train.csv,data/features/dinov3_vitb16_attr_decking_material_assets.csv,classification,dinov3_frozen_embeddings_logistic_regression_tuned,logistic_regression_tuned,GroupKFold,5,5,100260,Timber,Timber,True,0.1,balanced,0.5294688799059448
attr_decking_material,attr_decking_material,data/processed/train/attr_decking_material_train.csv,data/features/dinov3_vitb16_attr_decking_material_assets.csv,classification,dinov3_frozen_embeddings_logistic_regression_tuned,logistic_regression_tuned,GroupKFold,5,5,100548,Timber,Timber,True,0.1,balanced,0.5294688799059448
attr_decking_material,attr_decking_material,data/processed/train/attr_decking_material_train.csv,data/features/dinov3_vitb16_attr_decking_material_assets.csv,classification,dinov3_frozen_embeddings_logistic_regression_tuned,logistic_regression_tuned,GroupKFold,5,5,100551,Timber,Timber,True,0.1,balanced,0.5294688799059448
attr_decking_material,attr_decking_material,data/processed/train/attr_decking_material_train.csv,data/features/dinov3_vitb16_attr_decking_material_assets.csv,classification,dinov3_frozen_embeddings_logistic_regression_tuned,logistic_regression_tuned,GroupKFold,5,5,101005,Timber,Timber,True,0.1,balanced,0.5294688799059448
attr_decking_material,attr_decking_material,data/processed/train/attr_decking_material_train.csv,data/features/dinov3_vitb16_attr_decking_material_assets.csv,classification,dinov3_frozen_embeddings_logistic_regression_tuned,logistic_regression_tuned,GroupKFold,5,5,102430,Timber,Timber,True,0.1,balanced,0.5294688799059448
attr_decking_material,attr_decking_material,data/processed/train/attr_decking_material_train.csv,data/features/dinov3_vitb16_attr_decking_material_assets.csv,classification,dinov3_frozen_embeddings_logistic_regression_tuned,logistic_regression_tuned,GroupKFold,5,5,102431,Timber,Timber,True,0.1,balanced,0.5294688799059448
attr_decking_material,attr_decking_material,data/processed/train/attr_decking_material_train.csv,data/features/dinov3_vitb16_attr_decking_material_assets.csv,classification,dinov3_frozen_embeddings_logistic_regression_tuned,logistic_regression_tuned,GroupKFold,5,5,103710,Timber,Timber,True,0.1,balanced,0.5294688799059448
attr_decking_material,attr_decking_material,data/processed/train/attr_decking_material_train.csv,data/features/dinov3_vitb16_attr_decking_material_assets.csv,classification,dinov3_frozen_embeddings_logistic_regression_tuned,logistic_regression_tuned,GroupKFold,5,5,103726,Timber,Timber,True,0.1,balanced,0.5294688799059448
attr_decking_material,attr_decking_material,data/processed/train/attr_decking_material_train.csv,data/features/dinov3_vitb16_attr_decking_material_assets.csv,classification,dinov3_frozen_embeddings_logistic_regression_tuned,logistic_regression_tuned,GroupKFold,5,5,103729,Timber,Timber,True,0.1,balanced,0.5294688799059448
attr_decking_material,attr_decking_material,data/processed/train/attr_decking_material_train.csv,data/features/dinov3_vitb16_attr_decking_material_assets.csv,classification,dinov3_frozen_embeddings_logistic_regression_tuned,logistic_regression_tuned,GroupKFold,5,5,103743,Timber,Timber,True,0.1,balanced,0.5294688799059448
attr_decking_material,attr_decking_material,data/processed/train/attr_decking_material_train.csv,data/features/dinov3_vitb16_attr_decking_material_assets.csv,classification,dinov3_frozen_embeddings_logistic_regression_tuned,logistic_regression_tuned,GroupKFold,5,5,107053,Timber,Timber,True,0.1,balanced,0.5294688799059448
attr_decking_material,attr_decking_material,data/processed/train/attr_decking_material_train.csv,data/features/dinov3_vitb16_attr_decking_material_assets.csv,classification,dinov3_frozen_embeddings_logistic_regression_tuned,logistic_regression_tuned,GroupKFold,5,5,107060,Timber,Timber,True,0.1,balanced,0.5294688799059448
attr_decking_material,attr_decking_material,data/processed/train/attr_decking_material_train.csv,data/features/dinov3_vitb16_attr_decking_material_assets.csv,classification,dinov3_frozen_embeddings_logistic_regression_tuned,logistic_regression_tuned,GroupKFold,5,5,107065,Timber,Timber,True,0.1,balanced,0.5294688799059448
attr_decking_material,attr_decking_material,data/processed/train/attr_decking_material_train.csv,data/features/dinov3_vitb16_attr_decking_material_assets.csv,classification,dinov3_frozen_embeddings_logistic_regression_tuned,logistic_regression_tuned,GroupKFold,5,5,107079,Timber,Timber,True,0.1,balanced,0.5294688799059448
attr_decking_material,attr_decking_material,data/processed/train/attr_decking_material_train.csv,data/features/dinov3_vitb16_attr_decking_material_assets.csv,classification,dinov3_frozen_embeddings_logistic_regression_tuned,logistic_regression_tuned,GroupKFold,5,5,107340,Timber,Timber,True,0.1,balanced,0.5294688799059448
attr_decking_material,attr_decking_material,data/processed/train/attr_decking_material_train.csv,data/features/dinov3_vitb16_attr_decking_material_assets.csv,classification,dinov3_frozen_embeddings_logistic_regression_tuned,logistic_regression_tuned,GroupKFold,5,5,107360,Timber,Timber,True,0.1,balanced,0.5294688799059448
attr_decking_material,attr_decking_material,data/processed/train/attr_decking_material_train.csv,data/features/dinov3_vitb16_attr_decking_material_assets.csv,classification,dinov3_frozen_embeddings_logistic_regression_tuned,logistic_regression_tuned,GroupKFold,5,5,107361,Timber,Timber,True,0.1,balanced,0.5294688799059448
attr_decking_material,attr_decking_material,data/processed/train/attr_decking_material_train.csv,data/features/dinov3_vitb16_attr_decking_material_assets.csv,classification,dinov3_frozen_embeddings_logistic_regression_tuned,logistic_regression_tuned,GroupKFold,5,5,107867,Timber,Timber,True,0.1,balanced,0.5294688799059448
attr_decking_material,attr_decking_material,data/processed/train/attr_decking_material_train.csv,data/features/dinov3_vitb16_attr_decking_material_assets.csv,classification,dinov3_frozen_embeddings_logistic_regression_tuned,logistic_regression_tuned,GroupKFold,5,5,107896,Timber,Timber,True,0.1,balanced,0.5294688799059448
attr_decking_material,attr_decking_material,data/processed/train/attr_decking_material_train.csv,data/features/dinov3_vitb16_attr_decking_material_assets.csv,classification,dinov3_frozen_embeddings_logistic_regression_tuned,logistic_regression_tuned,GroupKFold,5,5,107906,Timber,Timber,True,0.1,balanced,0.5294688799059448
attr_decking_material,attr_decking_material,data/processed/train/attr_decking_material_train.csv,data/features/dinov3_vitb16_attr_decking_material_assets.csv,classification,dinov3_frozen_embeddings_logistic_regression_tuned,logistic_regression_tuned,GroupKFold,5,5,107919,Timber,Timber,True,0.1,balanced,0.5294688799059448
attr_decking_material,attr_decking_material,data/processed/train/attr_decking_material_train.csv,data/features/dinov3_vitb16_attr_decking_material_assets.csv,classification,dinov3_frozen_embeddings_logistic_regression_tuned,logistic_regression_tuned,GroupKFold,5,5,107957,Timber,Timber,True,0.1,balanced,0.5294688799059448
attr_decking_material,attr_decking_material,data/processed/train/attr_decking_material_train.csv,data/features/dinov3_vitb16_attr_decking_material_assets.csv,classification,dinov3_frozen_embeddings_logistic_regression_tuned,logistic_regression_tuned,GroupKFold,5,5,107978,Timber,Timber,True,0.1,balanced,0.5294688799059448
attr_decking_material,attr_decking_material,data/processed/train/attr_decking_material_train.csv,data/features/dinov3_vitb16_attr_decking_material_assets.csv,classification,dinov3_frozen_embeddings_logistic_regression_tuned,logistic_regression_tuned,GroupKFold,5,5,108000,Timber,Steel,False,0.1,balanced,0.5294688799059448
attr_decking_material,attr_decking_material,data/processed/train/attr_decking_material_train.csv,data/features/dinov3_vitb16_attr_decking_material_assets.csv,classification,dinov3_frozen_embeddings_logistic_regression_tuned,logistic_regression_tuned,GroupKFold,5,5,108023,Timber,Timber,True,0.1,balanced,0.5294688799059448
attr_decking_material,attr_decking_material,data/processed/train/attr_decking_material_train.csv,data/features/dinov3_vitb16_attr_decking_material_assets.csv,classification,dinov3_frozen_embeddings_logistic_regression_tuned,logistic_regression_tuned,GroupKFold,5,5,108297,Timber,Timber,True,0.1,balanced,0.5294688799059448
attr_decking_material,attr_decking_material,data/processed/train/attr_decking_material_train.csv,data/features/dinov3_vitb16_attr_decking_material_assets.csv,classification,dinov3_frozen_embeddings_logistic_regression_tuned,logistic_regression_tuned,GroupKFold,5,5,108395,Timber,Timber,True,0.1,balanced,0.5294688799059448
attr_decking_material,attr_decking_material,data/processed/train/attr_decking_material_train.csv,data/features/dinov3_vitb16_attr_decking_material_assets.csv,classification,dinov3_frozen_embeddings_logistic_regression_tuned,logistic_regression_tuned,GroupKFold,5,5,108397,Timber,Timber,True,0.1,balanced,0.5294688799059448
attr_decking_material,attr_decking_material,data/processed/train/attr_decking_material_train.csv,data/features/dinov3_vitb16_attr_decking_material_assets.csv,classification,dinov3_frozen_embeddings_logistic_regression_tuned,logistic_regression_tuned,GroupKFold,5,5,108660,Timber,Timber,True,0.1,balanced,0.5294688799059448
attr_decking_material,attr_decking_material,data/processed/train/attr_decking_material_train.csv,data/features/dinov3_vitb16_attr_decking_material_assets.csv,classification,dinov3_frozen_embeddings_logistic_regression_tuned,logistic_regression_tuned,GroupKFold,5,5,108728,Timber,Timber,True,0.1,balanced,0.5294688799059448
attr_decking_material,attr_decking_material,data/processed/train/attr_decking_material_train.csv,data/features/dinov3_vitb16_attr_decking_material_assets.csv,classification,dinov3_frozen_embeddings_logistic_regression_tuned,logistic_regression_tuned,GroupKFold,5,5,108729,Timber,Timber,True,0.1,balanced,0.5294688799059448
attr_decking_material,attr_decking_material,data/processed/train/attr_decking_material_train.csv,data/features/dinov3_vitb16_attr_decking_material_assets.csv,classification,dinov3_frozen_embeddings_logistic_regression_tuned,logistic_regression_tuned,GroupKFold,5,5,108780,Timber,Timber,True,0.1,balanced,0.5294688799059448
attr_decking_material,attr_decking_material,data/processed/train/attr_decking_material_train.csv,data/features/dinov3_vitb16_attr_decking_material_assets.csv,classification,dinov3_frozen_embeddings_logistic_regression_tuned,logistic_regression_tuned,GroupKFold,5,5,108784,Timber,Timber,True,0.1,balanced,0.5294688799059448
attr_decking_material,attr_decking_material,data/processed/train/attr_decking_material_train.csv,data/features/dinov3_vitb16_attr_decking_material_assets.csv,classification,dinov3_frozen_embeddings_logistic_regression_tuned,logistic_regression_tuned,GroupKFold,5,5,108794,Timber,Timber,True,0.1,balanced,0.5294688799059448
attr_decking_material,attr_decking_material,data/processed/train/attr_decking_material_train.csv,data/features/dinov3_vitb16_attr_decking_material_assets.csv,classification,dinov3_frozen_embeddings_logistic_regression_tuned,logistic_regression_tuned,GroupKFold,5,5,108795,Timber,Timber,True,0.1,balanced,0.5294688799059448
attr_decking_material,attr_decking_material,data/processed/train/attr_decking_material_train.csv,data/features/dinov3_vitb16_attr_decking_material_assets.csv,classification,dinov3_frozen_embeddings_logistic_regression_tuned,logistic_regression_tuned,GroupKFold,5,5,108796,Timber,Timber,True,0.1,balanced,0.5294688799059448
attr_decking_material,attr_decking_material,data/processed/train/attr_decking_material_train.csv,data/features/dinov3_vitb16_attr_decking_material_assets.csv,classification,dinov3_frozen_embeddings_logistic_regression_tuned,logistic_regression_tuned,GroupKFold,5,5,110221,Timber,Timber,True,0.1,balanced,0.5294688799059448
attr_decking_material,attr_decking_material,data/processed/train/attr_decking_material_train.csv,data/features/dinov3_vitb16_attr_decking_material_assets.csv,classification,dinov3_frozen_embeddings_logistic_regression_tuned,logistic_regression_tuned,GroupKFold,5,5,110282,Timber,Timber,True,0.1,balanced,0.5294688799059448
attr_decking_material,attr_decking_material,data/processed/train/attr_decking_material_train.csv,data/features/dinov3_vitb16_attr_decking_material_assets.csv,classification,dinov3_frozen_embeddings_logistic_regression_tuned,logistic_regression_tuned,GroupKFold,5,5,110293,Timber,Timber,True,0.1,balanced,0.5294688799059448
attr_decking_material,attr_decking_material,data/processed/train/attr_decking_material_train.csv,data/features/dinov3_vitb16_attr_decking_material_assets.csv,classification,dinov3_frozen_embeddings_logistic_regression_tuned,logistic_regression_tuned,GroupKFold,5,5,110965,Timber,Timber,True,0.1,balanced,0.5294688799059448
attr_decking_material,attr_decking_material,data/processed/train/attr_decking_material_train.csv,data/features/dinov3_vitb16_attr_decking_material_assets.csv,classification,dinov3_frozen_embeddings_logistic_regression_tuned,logistic_regression_tuned,GroupKFold,5,5,110969,Timber,Timber,True,0.1,balanced,0.5294688799059448
attr_decking_material,attr_decking_material,data/processed/train/attr_decking_material_train.csv,data/features/dinov3_vitb16_attr_decking_material_assets.csv,classification,dinov3_frozen_embeddings_logistic_regression_tuned,logistic_regression_tuned,GroupKFold,5,5,111005,Timber,Timber,True,0.1,balanced,0.5294688799059448
attr_decking_material,attr_decking_material,data/processed/train/attr_decking_material_train.csv,data/features/dinov3_vitb16_attr_decking_material_assets.csv,classification,dinov3_frozen_embeddings_logistic_regression_tuned,logistic_regression_tuned,GroupKFold,5,5,111677,Timber,Timber,True,0.1,balanced,0.5294688799059448
attr_decking_material,attr_decking_material,data/processed/train/attr_decking_material_train.csv,data/features/dinov3_vitb16_attr_decking_material_assets.csv,classification,dinov3_frozen_embeddings_logistic_regression_tuned,logistic_regression_tuned,GroupKFold,5,5,111686,Timber,Timber,True,0.1,balanced,0.5294688799059448
attr_decking_material,attr_decking_material,data/processed/train/attr_decking_material_train.csv,data/features/dinov3_vitb16_attr_decking_material_assets.csv,classification,dinov3_frozen_embeddings_logistic_regression_tuned,logistic_regression_tuned,GroupKFold,5,5,111691,Timber,Timber,True,0.1,balanced,0.5294688799059448
attr_decking_material,attr_decking_material,data/processed/train/attr_decking_material_train.csv,data/features/dinov3_vitb16_attr_decking_material_assets.csv,classification,dinov3_frozen_embeddings_logistic_regression_tuned,logistic_regression_tuned,GroupKFold,5,5,111783,Timber,Timber,True,0.1,balanced,0.5294688799059448
attr_decking_material,attr_decking_material,data/processed/train/attr_decking_material_train.csv,data/features/dinov3_vitb16_attr_decking_material_assets.csv,classification,dinov3_frozen_embeddings_logistic_regression_tuned,logistic_regression_tuned,GroupKFold,5,5,111786,Timber,Timber,True,0.1,balanced,0.5294688799059448
attr_decking_material,attr_decking_material,data/processed/train/attr_decking_material_train.csv,data/features/dinov3_vitb16_attr_decking_material_assets.csv,classification,dinov3_frozen_embeddings_logistic_regression_tuned,logistic_regression_tuned,GroupKFold,5,5,111788,Timber,Timber,True,0.1,balanced,0.5294688799059448
attr_decking_material,attr_decking_material,data/processed/train/attr_decking_material_train.csv,data/features/dinov3_vitb16_attr_decking_material_assets.csv,classification,dinov3_frozen_embeddings_logistic_regression_tuned,logistic_regression_tuned,GroupKFold,5,5,111802,Timber,Timber,True,0.1,balanced,0.5294688799059448
attr_decking_material,attr_decking_material,data/processed/train/attr_decking_material_train.csv,data/features/dinov3_vitb16_attr_decking_material_assets.csv,classification,dinov3_frozen_embeddings_logistic_regression_tuned,logistic_regression_tuned,GroupKFold,5,5,111811,Timber,Timber,True,0.1,balanced,0.5294688799059448
attr_decking_material,attr_decking_material,data/processed/train/attr_decking_material_train.csv,data/features/dinov3_vitb16_attr_decking_material_assets.csv,classification,dinov3_frozen_embeddings_logistic_regression_tuned,logistic_regression_tuned,GroupKFold,5,5,112032,Timber,Timber,True,0.1,balanced,0.5294688799059448
attr_decking_material,attr_decking_material,data/processed/train/attr_decking_material_train.csv,data/features/dinov3_vitb16_attr_decking_material_assets.csv,classification,dinov3_frozen_embeddings_logistic_regression_tuned,logistic_regression_tuned,GroupKFold,5,5,112037,Timber,Timber,True,0.1,balanced,0.5294688799059448
attr_decking_material,attr_decking_material,data/processed/train/attr_decking_material_train.csv,data/features/dinov3_vitb16_attr_decking_material_assets.csv,classification,dinov3_frozen_embeddings_logistic_regression_tuned,logistic_regression_tuned,GroupKFold,5,5,112330,Timber,Timber,True,0.1,balanced,0.5294688799059448
attr_decking_material,attr_decking_material,data/processed/train/attr_decking_material_train.csv,data/features/dinov3_vitb16_attr_decking_material_assets.csv,classification,dinov3_frozen_embeddings_logistic_regression_tuned,logistic_regression_tuned,GroupKFold,5,5,113128,Timber,Timber,True,0.1,balanced,0.5294688799059448
attr_decking_material,attr_decking_material,data/processed/train/attr_decking_material_train.csv,data/features/dinov3_vitb16_attr_decking_material_assets.csv,classification,dinov3_frozen_embeddings_logistic_regression_tuned,logistic_regression_tuned,GroupKFold,5,5,114039,Timber,Timber,True,0.1,balanced,0.5294688799059448
attr_decking_material,attr_decking_material,data/processed/train/attr_decking_material_train.csv,data/features/dinov3_vitb16_attr_decking_material_assets.csv,classification,dinov3_frozen_embeddings_logistic_regression_tuned,logistic_regression_tuned,GroupKFold,5,5,114937,Timber,Timber,True,0.1,balanced,0.5294688799059448
attr_decking_material,attr_decking_material,data/processed/train/attr_decking_material_train.csv,data/features/dinov3_vitb16_attr_decking_material_assets.csv,classification,dinov3_frozen_embeddings_logistic_regression_tuned,logistic_regression_tuned,GroupKFold,5,5,114953,Timber,Timber,True,0.1,balanced,0.5294688799059448
attr_decking_material,attr_decking_material,data/processed/train/attr_decking_material_train.csv,data/features/dinov3_vitb16_attr_decking_material_assets.csv,classification,dinov3_frozen_embeddings_logistic_regression_tuned,logistic_regression_tuned,GroupKFold,5,5,115444,Timber,Timber,True,0.1,balanced,0.5294688799059448
attr_decking_material,attr_decking_material,data/processed/train/attr_decking_material_train.csv,data/features/dinov3_vitb16_attr_decking_material_assets.csv,classification,dinov3_frozen_embeddings_logistic_regression_tuned,logistic_regression_tuned,GroupKFold,5,5,115447,Timber,Timber,True,0.1,balanced,0.5294688799059448
attr_decking_material,attr_decking_material,data/processed/train/attr_decking_material_train.csv,data/features/dinov3_vitb16_attr_decking_material_assets.csv,classification,dinov3_frozen_embeddings_logistic_regression_tuned,logistic_regression_tuned,GroupKFold,5,5,116744,Timber,Timber,True,0.1,balanced,0.5294688799059448
attr_decking_material,attr_decking_material,data/processed/train/attr_decking_material_train.csv,data/features/dinov3_vitb16_attr_decking_material_assets.csv,classification,dinov3_frozen_embeddings_logistic_regression_tuned,logistic_regression_tuned,GroupKFold,5,5,116746,Timber,Timber,True,0.1,balanced,0.5294688799059448
attr_decking_material,attr_decking_material,data/processed/train/attr_decking_material_train.csv,data/features/dinov3_vitb16_attr_decking_material_assets.csv,classification,dinov3_frozen_embeddings_logistic_regression_tuned,logistic_regression_tuned,GroupKFold,5,5,116765,Timber,Timber,True,0.1,balanced,0.5294688799059448
attr_decking_material,attr_decking_material,data/processed/train/attr_decking_material_train.csv,data/features/dinov3_vitb16_attr_decking_material_assets.csv,classification,dinov3_frozen_embeddings_logistic_regression_tuned,logistic_regression_tuned,GroupKFold,5,5,116769,Timber,Timber,True,0.1,balanced,0.5294688799059448
attr_decking_material,attr_decking_material,data/processed/train/attr_decking_material_train.csv,data/features/dinov3_vitb16_attr_decking_material_assets.csv,classification,dinov3_frozen_embeddings_logistic_regression_tuned,logistic_regression_tuned,GroupKFold,5,5,116848,Timber,Timber,True,0.1,balanced,0.5294688799059448
attr_decking_material,attr_decking_material,data/processed/train/attr_decking_material_train.csv,data/features/dinov3_vitb16_attr_decking_material_assets.csv,classification,dinov3_frozen_embeddings_logistic_regression_tuned,logistic_regression_tuned,GroupKFold,5,5,117213,Timber,Timber,True,0.1,balanced,0.5294688799059448
attr_decking_material,attr_decking_material,data/processed/train/attr_decking_material_train.csv,data/features/dinov3_vitb16_attr_decking_material_assets.csv,classification,dinov3_frozen_embeddings_logistic_regression_tuned,logistic_regression_tuned,GroupKFold,5,5,117217,Timber,Timber,True,0.1,balanced,0.5294688799059448
attr_decking_material,attr_decking_material,data/processed/train/attr_decking_material_train.csv,data/features/dinov3_vitb16_attr_decking_material_assets.csv,classification,dinov3_frozen_embeddings_logistic_regression_tuned,logistic_regression_tuned,GroupKFold,5,5,117218,Timber,Timber,True,0.1,balanced,0.5294688799059448
attr_decking_material,attr_decking_material,data/processed/train/attr_decking_material_train.csv,data/features/dinov3_vitb16_attr_decking_material_assets.csv,classification,dinov3_frozen_embeddings_logistic_regression_tuned,logistic_regression_tuned,GroupKFold,5,5,117362,Timber,Timber,True,0.1,balanced,0.5294688799059448
attr_decking_material,attr_decking_material,data/processed/train/attr_decking_material_train.csv,data/features/dinov3_vitb16_attr_decking_material_assets.csv,classification,dinov3_frozen_embeddings_logistic_regression_tuned,logistic_regression_tuned,GroupKFold,5,5,117594,Timber,Timber,True,0.1,balanced,0.5294688799059448
attr_decking_material,attr_decking_material,data/processed/train/attr_decking_material_train.csv,data/features/dinov3_vitb16_attr_decking_material_assets.csv,classification,dinov3_frozen_embeddings_logistic_regression_tuned,logistic_regression_tuned,GroupKFold,5,5,117596,Timber,Timber,True,0.1,balanced,0.5294688799059448
attr_decking_material,attr_decking_material,data/processed/train/attr_decking_material_train.csv,data/features/dinov3_vitb16_attr_decking_material_assets.csv,classification,dinov3_frozen_embeddings_logistic_regression_tuned,logistic_regression_tuned,GroupKFold,5,5,117598,Timber,Timber,True,0.1,balanced,0.5294688799059448
attr_decking_material,attr_decking_material,data/processed/train/attr_decking_material_train.csv,data/features/dinov3_vitb16_attr_decking_material_assets.csv,classification,dinov3_frozen_embeddings_logistic_regression_tuned,logistic_regression_tuned,GroupKFold,5,5,118202,Timber,Timber,True,0.1,balanced,0.5294688799059448
attr_decking_material,attr_decking_material,data/processed/train/attr_decking_material_train.csv,data/features/dinov3_vitb16_attr_decking_material_assets.csv,classification,dinov3_frozen_embeddings_logistic_regression_tuned,logistic_regression_tuned,GroupKFold,5,5,118770,Timber,Timber,True,0.1,balanced,0.5294688799059448
attr_decking_material,attr_decking_material,data/processed/train/attr_decking_material_train.csv,data/features/dinov3_vitb16_attr_decking_material_assets.csv,classification,dinov3_frozen_embeddings_logistic_regression_tuned,logistic_regression_tuned,GroupKFold,5,5,120296,Timber,Timber,True,0.1,balanced,0.5294688799059448
attr_decking_material,attr_decking_material,data/processed/train/attr_decking_material_train.csv,data/features/dinov3_vitb16_attr_decking_material_assets.csv,classification,dinov3_frozen_embeddings_logistic_regression_tuned,logistic_regression_tuned,GroupKFold,5,5,120659,Steel,Steel,True,0.1,balanced,0.5294688799059448
attr_decking_material,attr_decking_material,data/processed/train/attr_decking_material_train.csv,data/features/dinov3_vitb16_attr_decking_material_assets.csv,classification,dinov3_frozen_embeddings_logistic_regression_tuned,logistic_regression_tuned,GroupKFold,5,5,120660,Steel,Timber,False,0.1,balanced,0.5294688799059448
attr_decking_material,attr_decking_material,data/processed/train/attr_decking_material_train.csv,data/features/dinov3_vitb16_attr_decking_material_assets.csv,classification,dinov3_frozen_embeddings_logistic_regression_tuned,logistic_regression_tuned,GroupKFold,5,5,120663,Steel,Timber,False,0.1,balanced,0.5294688799059448
attr_decking_material,attr_decking_material,data/processed/train/attr_decking_material_train.csv,data/features/dinov3_vitb16_attr_decking_material_assets.csv,classification,dinov3_frozen_embeddings_logistic_regression_tuned,logistic_regression_tuned,GroupKFold,5,5,120671,Steel,Steel,True,0.1,balanced,0.5294688799059448
attr_decking_material,attr_decking_material,data/processed/train/attr_decking_material_train.csv,data/features/dinov3_vitb16_attr_decking_material_assets.csv,classification,dinov3_frozen_embeddings_logistic_regression_tuned,logistic_regression_tuned,GroupKFold,5,5,120680,Steel,Steel,True,0.1,balanced,0.5294688799059448
attr_decking_material,attr_decking_material,data/processed/train/attr_decking_material_train.csv,data/features/dinov3_vitb16_attr_decking_material_assets.csv,classification,dinov3_frozen_embeddings_logistic_regression_tuned,logistic_regression_tuned,GroupKFold,5,5,92014,Timber,Timber,True,0.1,balanced,0.5294688799059448
attr_decking_material,attr_decking_material,data/processed/train/attr_decking_material_train.csv,data/features/dinov3_vitb16_attr_decking_material_assets.csv,classification,dinov3_frozen_embeddings_logistic_regression_tuned,logistic_regression_tuned,GroupKFold,5,5,120687,Steel,Steel,True,0.1,balanced,0.5294688799059448
attr_decking_material,attr_decking_material,data/processed/train/attr_decking_material_train.csv,data/features/dinov3_vitb16_attr_decking_material_assets.csv,classification,dinov3_frozen_embeddings_logistic_regression_tuned,logistic_regression_tuned,GroupKFold,5,5,120688,Steel,Steel,True,0.1,balanced,0.5294688799059448
attr_decking_material,attr_decking_material,data/processed/train/attr_decking_material_train.csv,data/features/dinov3_vitb16_attr_decking_material_assets.csv,classification,dinov3_frozen_embeddings_logistic_regression_tuned,logistic_regression_tuned,GroupKFold,5,5,120689,Steel,Steel,True,0.1,balanced,0.5294688799059448
attr_decking_material,attr_decking_material,data/processed/train/attr_decking_material_train.csv,data/features/dinov3_vitb16_attr_decking_material_assets.csv,classification,dinov3_frozen_embeddings_logistic_regression_tuned,logistic_regression_tuned,GroupKFold,5,5,120920,Timber,Timber,True,0.1,balanced,0.5294688799059448
attr_decking_material,attr_decking_material,data/processed/train/attr_decking_material_train.csv,data/features/dinov3_vitb16_attr_decking_material_assets.csv,classification,dinov3_frozen_embeddings_logistic_regression_tuned,logistic_regression_tuned,GroupKFold,5,5,121070,Timber,Timber,True,0.1,balanced,0.5294688799059448
attr_decking_material,attr_decking_material,data/processed/train/attr_decking_material_train.csv,data/features/dinov3_vitb16_attr_decking_material_assets.csv,classification,dinov3_frozen_embeddings_logistic_regression_tuned,logistic_regression_tuned,GroupKFold,5,5,121577,Timber,Timber,True,0.1,balanced,0.5294688799059448
attr_decking_material,attr_decking_material,data/processed/train/attr_decking_material_train.csv,data/features/dinov3_vitb16_attr_decking_material_assets.csv,classification,dinov3_frozen_embeddings_logistic_regression_tuned,logistic_regression_tuned,GroupKFold,5,5,121578,Timber,Timber,True,0.1,balanced,0.5294688799059448
attr_decking_material,attr_decking_material,data/processed/train/attr_decking_material_train.csv,data/features/dinov3_vitb16_attr_decking_material_assets.csv,classification,dinov3_frozen_embeddings_logistic_regression_tuned,logistic_regression_tuned,GroupKFold,5,5,121597,Timber,Timber,True,0.1,balanced,0.5294688799059448
attr_decking_material,attr_decking_material,data/processed/train/attr_decking_material_train.csv,data/features/dinov3_vitb16_attr_decking_material_assets.csv,classification,dinov3_frozen_embeddings_logistic_regression_tuned,logistic_regression_tuned,GroupKFold,5,5,121676,Timber,Steel,False,0.1,balanced,0.5294688799059448
attr_decking_material,attr_decking_material,data/processed/train/attr_decking_material_train.csv,data/features/dinov3_vitb16_attr_decking_material_assets.csv,classification,dinov3_frozen_embeddings_logistic_regression_tuned,logistic_regression_tuned,GroupKFold,5,5,121728,Steel,Steel,True,0.1,balanced,0.5294688799059448
attr_decking_material,attr_decking_material,data/processed/train/attr_decking_material_train.csv,data/features/dinov3_vitb16_attr_decking_material_assets.csv,classification,dinov3_frozen_embeddings_logistic_regression_tuned,logistic_regression_tuned,GroupKFold,5,5,121732,Steel,Steel,True,0.1,balanced,0.5294688799059448
attr_decking_material,attr_decking_material,data/processed/train/attr_decking_material_train.csv,data/features/dinov3_vitb16_attr_decking_material_assets.csv,classification,dinov3_frozen_embeddings_logistic_regression_tuned,logistic_regression_tuned,GroupKFold,5,5,121743,Steel,Steel,True,0.1,balanced,0.5294688799059448
attr_decking_material,attr_decking_material,data/processed/train/attr_decking_material_train.csv,data/features/dinov3_vitb16_attr_decking_material_assets.csv,classification,dinov3_frozen_embeddings_logistic_regression_tuned,logistic_regression_tuned,GroupKFold,5,5,121745,Steel,Steel,True,0.1,balanced,0.5294688799059448
attr_decking_material,attr_decking_material,data/processed/train/attr_decking_material_train.csv,data/features/dinov3_vitb16_attr_decking_material_assets.csv,classification,dinov3_frozen_embeddings_logistic_regression_tuned,logistic_regression_tuned,GroupKFold,5,5,121776,Timber,Timber,True,0.1,balanced,0.5294688799059448
attr_decking_material,attr_decking_material,data/processed/train/attr_decking_material_train.csv,data/features/dinov3_vitb16_attr_decking_material_assets.csv,classification,dinov3_frozen_embeddings_logistic_regression_tuned,logistic_regression_tuned,GroupKFold,5,5,121788,Timber,Timber,True,0.1,balanced,0.5294688799059448
attr_decking_material,attr_decking_material,data/processed/train/attr_decking_material_train.csv,data/features/dinov3_vitb16_attr_decking_material_assets.csv,classification,dinov3_frozen_embeddings_logistic_regression_tuned,logistic_regression_tuned,GroupKFold,5,5,122368,Timber,Timber,True,0.1,balanced,0.5294688799059448
attr_decking_material,attr_decking_material,data/processed/train/attr_decking_material_train.csv,data/features/dinov3_vitb16_attr_decking_material_assets.csv,classification,dinov3_frozen_embeddings_logistic_regression_tuned,logistic_regression_tuned,GroupKFold,5,5,123103,Timber,Steel,False,0.1,balanced,0.5294688799059448
attr_decking_material,attr_decking_material,data/processed/train/attr_decking_material_train.csv,data/features/dinov3_vitb16_attr_decking_material_assets.csv,classification,dinov3_frozen_embeddings_logistic_regression_tuned,logistic_regression_tuned,GroupKFold,5,5,123105,Timber,Timber,True,0.1,balanced,0.5294688799059448
attr_decking_material,attr_decking_material,data/processed/train/attr_decking_material_train.csv,data/features/dinov3_vitb16_attr_decking_material_assets.csv,classification,dinov3_frozen_embeddings_logistic_regression_tuned,logistic_regression_tuned,GroupKFold,5,5,124741,Timber,Timber,True,0.1,balanced,0.5294688799059448
attr_decking_material,attr_decking_material,data/processed/train/attr_decking_material_train.csv,data/features/dinov3_vitb16_attr_decking_material_assets.csv,classification,dinov3_frozen_embeddings_logistic_regression_tuned,logistic_regression_tuned,GroupKFold,5,5,126129,Timber,Timber,True,0.1,balanced,0.5294688799059448
attr_decking_material,attr_decking_material,data/processed/train/attr_decking_material_train.csv,data/features/dinov3_vitb16_attr_decking_material_assets.csv,classification,dinov3_frozen_embeddings_logistic_regression_tuned,logistic_regression_tuned,GroupKFold,5,5,126697,Timber,Timber,True,0.1,balanced,0.5294688799059448
attr_decking_material,attr_decking_material,data/processed/train/attr_decking_material_train.csv,data/features/dinov3_vitb16_attr_decking_material_assets.csv,classification,dinov3_frozen_embeddings_logistic_regression_tuned,logistic_regression_tuned,GroupKFold,5,5,126704,Timber,Timber,True,0.1,balanced,0.5294688799059448
attr_decking_material,attr_decking_material,data/processed/train/attr_decking_material_train.csv,data/features/dinov3_vitb16_attr_decking_material_assets.csv,classification,dinov3_frozen_embeddings_logistic_regression_tuned,logistic_regression_tuned,GroupKFold,5,5,126789,Timber,Timber,True,0.1,balanced,0.5294688799059448
attr_decking_material,attr_decking_material,data/processed/train/attr_decking_material_train.csv,data/features/dinov3_vitb16_attr_decking_material_assets.csv,classification,dinov3_frozen_embeddings_logistic_regression_tuned,logistic_regression_tuned,GroupKFold,5,5,126833,Timber,Timber,True,0.1,balanced,0.5294688799059448
attr_decking_material,attr_decking_material,data/processed/train/attr_decking_material_train.csv,data/features/dinov3_vitb16_attr_decking_material_assets.csv,classification,dinov3_frozen_embeddings_logistic_regression_tuned,logistic_regression_tuned,GroupKFold,5,5,126836,Timber,Timber,True,0.1,balanced,0.5294688799059448
attr_decking_material,attr_decking_material,data/processed/train/attr_decking_material_train.csv,data/features/dinov3_vitb16_attr_decking_material_assets.csv,classification,dinov3_frozen_embeddings_logistic_regression_tuned,logistic_regression_tuned,GroupKFold,5,5,127140,Timber,Timber,True,0.1,balanced,0.5294688799059448
attr_decking_material,attr_decking_material,data/processed/train/attr_decking_material_train.csv,data/features/dinov3_vitb16_attr_decking_material_assets.csv,classification,dinov3_frozen_embeddings_logistic_regression_tuned,logistic_regression_tuned,GroupKFold,5,5,127151,Timber,Timber,True,0.1,balanced,0.5294688799059448
attr_decking_material,attr_decking_material,data/processed/train/attr_decking_material_train.csv,data/features/dinov3_vitb16_attr_decking_material_assets.csv,classification,dinov3_frozen_embeddings_logistic_regression_tuned,logistic_regression_tuned,GroupKFold,5,5,127154,Timber,Timber,True,0.1,balanced,0.5294688799059448
attr_decking_material,attr_decking_material,data/processed/train/attr_decking_material_train.csv,data/features/dinov3_vitb16_attr_decking_material_assets.csv,classification,dinov3_frozen_embeddings_logistic_regression_tuned,logistic_regression_tuned,GroupKFold,5,5,127156,Timber,Timber,True,0.1,balanced,0.5294688799059448
attr_decking_material,attr_decking_material,data/processed/train/attr_decking_material_train.csv,data/features/dinov3_vitb16_attr_decking_material_assets.csv,classification,dinov3_frozen_embeddings_logistic_regression_tuned,logistic_regression_tuned,GroupKFold,5,5,127459,Timber,Timber,True,0.1,balanced,0.5294688799059448
attr_decking_material,attr_decking_material,data/processed/train/attr_decking_material_train.csv,data/features/dinov3_vitb16_attr_decking_material_assets.csv,classification,dinov3_frozen_embeddings_logistic_regression_tuned,logistic_regression_tuned,GroupKFold,5,5,129402,Timber,Timber,True,0.1,balanced,0.5294688799059448
attr_decking_material,attr_decking_material,data/processed/train/attr_decking_material_train.csv,data/features/dinov3_vitb16_attr_decking_material_assets.csv,classification,dinov3_frozen_embeddings_logistic_regression_tuned,logistic_regression_tuned,GroupKFold,5,5,90486,Timber,Timber,True,0.1,balanced,0.5294688799059448
attr_decking_material,attr_decking_material,data/processed/train/attr_decking_material_train.csv,data/features/dinov3_vitb16_attr_decking_material_assets.csv,classification,dinov3_frozen_embeddings_logistic_regression_tuned,logistic_regression_tuned,GroupKFold,5,5,92846,Timber,Timber,True,0.1,balanced,0.5294688799059448
attr_decking_material,attr_decking_material,data/processed/train/attr_decking_material_train.csv,data/features/dinov3_vitb16_attr_decking_material_assets.csv,classification,dinov3_frozen_embeddings_logistic_regression_tuned,logistic_regression_tuned,GroupKFold,5,5,100342,Timber,Timber,True,0.1,balanced,0.5294688799059448
attr_decking_material,attr_decking_material,data/processed/train/attr_decking_material_train.csv,data/features/dinov3_vitb16_attr_decking_material_assets.csv,classification,dinov3_frozen_embeddings_logistic_regression_tuned,logistic_regression_tuned,GroupKFold,5,5,100344,Timber,Steel,False,0.1,balanced,0.5294688799059448
attr_decking_material,attr_decking_material,data/processed/train/attr_decking_material_train.csv,data/features/dinov3_vitb16_attr_decking_material_assets.csv,classification,dinov3_frozen_embeddings_logistic_regression_tuned,logistic_regression_tuned,GroupKFold,5,5,103725,Timber,Timber,True,0.1,balanced,0.5294688799059448
attr_decking_material,attr_decking_material,data/processed/train/attr_decking_material_train.csv,data/features/dinov3_vitb16_attr_decking_material_assets.csv,classification,dinov3_frozen_embeddings_logistic_regression_tuned,logistic_regression_tuned,GroupKFold,5,5,107064,Timber,Timber,True,0.1,balanced,0.5294688799059448
attr_decking_material,attr_decking_material,data/processed/train/attr_decking_material_train.csv,data/features/dinov3_vitb16_attr_decking_material_assets.csv,classification,dinov3_frozen_embeddings_logistic_regression_tuned,logistic_regression_tuned,GroupKFold,5,5,107070,Timber,Timber,True,0.1,balanced,0.5294688799059448
attr_decking_material,attr_decking_material,data/processed/train/attr_decking_material_train.csv,data/features/dinov3_vitb16_attr_decking_material_assets.csv,classification,dinov3_frozen_embeddings_logistic_regression_tuned,logistic_regression_tuned,GroupKFold,5,5,109181,Timber,Timber,True,0.1,balanced,0.5294688799059448
attr_decking_material,attr_decking_material,data/processed/train/attr_decking_material_train.csv,data/features/dinov3_vitb16_attr_decking_material_assets.csv,classification,dinov3_frozen_embeddings_logistic_regression_tuned,logistic_regression_tuned,GroupKFold,5,5,114184,Timber,Timber,True,0.1,balanced,0.5294688799059448
attr_decking_material,attr_decking_material,data/processed/train/attr_decking_material_train.csv,data/features/dinov3_vitb16_attr_decking_material_assets.csv,classification,dinov3_frozen_embeddings_logistic_regression_tuned,logistic_regression_tuned,GroupKFold,5,5,114280,Timber,Timber,True,0.1,balanced,0.5294688799059448
attr_decking_material,attr_decking_material,data/processed/train/attr_decking_material_train.csv,data/features/dinov3_vitb16_attr_decking_material_assets.csv,classification,dinov3_frozen_embeddings_logistic_regression_tuned,logistic_regression_tuned,GroupKFold,5,5,116552,Timber,Timber,True,0.1,balanced,0.5294688799059448
attr_decking_material,attr_decking_material,data/processed/train/attr_decking_material_train.csv,data/features/dinov3_vitb16_attr_decking_material_assets.csv,classification,dinov3_frozen_embeddings_logistic_regression_tuned,logistic_regression_tuned,GroupKFold,5,5,117576,Timber,Timber,True,0.1,balanced,0.5294688799059448
attr_decking_material,attr_decking_material,data/processed/train/attr_decking_material_train.csv,data/features/dinov3_vitb16_attr_decking_material_assets.csv,classification,dinov3_frozen_embeddings_logistic_regression_tuned,logistic_regression_tuned,GroupKFold,5,5,118805,Timber,Timber,True,0.1,balanced,0.5294688799059448
attr_decking_material,attr_decking_material,data/processed/train/attr_decking_material_train.csv,data/features/dinov3_vitb16_attr_decking_material_assets.csv,classification,dinov3_frozen_embeddings_logistic_regression_tuned,logistic_regression_tuned,GroupKFold,5,5,121006,Timber,Timber,True,0.1,balanced,0.5294688799059448
attr_decking_material,attr_decking_material,data/processed/train/attr_decking_material_train.csv,data/features/dinov3_vitb16_attr_decking_material_assets.csv,classification,dinov3_frozen_embeddings_logistic_regression_tuned,logistic_regression_tuned,GroupKFold,5,5,127153,Timber,Timber,True,0.1,balanced,0.5294688799059448
attr_decking_material,attr_decking_material,data/processed/train/attr_decking_material_train.csv,data/features/dinov3_vitb16_attr_decking_material_assets.csv,classification,dinov3_frozen_embeddings_logistic_regression_tuned,logistic_regression_tuned,GroupKFold,5,5,120682,Steel,Steel,True,0.1,balanced,0.5294688799059448
attr_decking_material,attr_decking_material,data/processed/train/attr_decking_material_train.csv,data/features/dinov3_vitb16_attr_decking_material_assets.csv,classification,dinov3_frozen_embeddings_logistic_regression_tuned,logistic_regression_tuned,GroupKFold,5,5,46614,Timber,Timber,True,0.1,balanced,0.5294688799059448
attr_decking_material,attr_decking_material,data/processed/train/attr_decking_material_train.csv,data/features/dinov3_vitb16_attr_decking_material_assets.csv,classification,dinov3_frozen_embeddings_logistic_regression_tuned,logistic_regression_tuned,GroupKFold,5,5,46925,Timber,Timber,True,0.1,balanced,0.5294688799059448
attr_decking_material,attr_decking_material,data/processed/train/attr_decking_material_train.csv,data/features/dinov3_vitb16_attr_decking_material_assets.csv,classification,dinov3_frozen_embeddings_logistic_regression_tuned,logistic_regression_tuned,GroupKFold,5,5,47299,Timber,Timber,True,0.1,balanced,0.5294688799059448
attr_decking_material,attr_decking_material,data/processed/train/attr_decking_material_train.csv,data/features/dinov3_vitb16_attr_decking_material_assets.csv,classification,dinov3_frozen_embeddings_logistic_regression_tuned,logistic_regression_tuned,GroupKFold,5,5,48111,Timber,Timber,True,0.1,balanced,0.5294688799059448
attr_decking_material,attr_decking_material,data/processed/train/attr_decking_material_train.csv,data/features/dinov3_vitb16_attr_decking_material_assets.csv,classification,dinov3_frozen_embeddings_logistic_regression_tuned,logistic_regression_tuned,GroupKFold,5,5,49057,Timber,Timber,True,0.1,balanced,0.5294688799059448
attr_decking_material,attr_decking_material,data/processed/train/attr_decking_material_train.csv,data/features/dinov3_vitb16_attr_decking_material_assets.csv,classification,dinov3_frozen_embeddings_logistic_regression_tuned,logistic_regression_tuned,GroupKFold,5,5,50822,Timber,Steel,False,0.1,balanced,0.5294688799059448
attr_decking_material,attr_decking_material,data/processed/train/attr_decking_material_train.csv,data/features/dinov3_vitb16_attr_decking_material_assets.csv,classification,dinov3_frozen_embeddings_logistic_regression_tuned,logistic_regression_tuned,GroupKFold,5,5,51531,Timber,Timber,True,0.1,balanced,0.5294688799059448
attr_decking_material,attr_decking_material,data/processed/train/attr_decking_material_train.csv,data/features/dinov3_vitb16_attr_decking_material_assets.csv,classification,dinov3_frozen_embeddings_logistic_regression_tuned,logistic_regression_tuned,GroupKFold,5,5,53985,Timber,Steel,False,0.1,balanced,0.5294688799059448
attr_decking_material,attr_decking_material,data/processed/train/attr_decking_material_train.csv,data/features/dinov3_vitb16_attr_decking_material_assets.csv,classification,dinov3_frozen_embeddings_logistic_regression_tuned,logistic_regression_tuned,GroupKFold,5,5,54322,Steel,Steel,True,0.1,balanced,0.5294688799059448
attr_decking_material,attr_decking_material,data/processed/train/attr_decking_material_train.csv,data/features/dinov3_vitb16_attr_decking_material_assets.csv,classification,dinov3_frozen_embeddings_logistic_regression_tuned,logistic_regression_tuned,GroupKFold,5,5,56469,Timber,Timber,True,0.1,balanced,0.5294688799059448
attr_decking_material,attr_decking_material,data/processed/train/attr_decking_material_train.csv,data/features/dinov3_vitb16_attr_decking_material_assets.csv,classification,dinov3_frozen_embeddings_logistic_regression_tuned,logistic_regression_tuned,GroupKFold,5,5,57834,Timber,Timber,True,0.1,balanced,0.5294688799059448
attr_decking_material,attr_decking_material,data/processed/train/attr_decking_material_train.csv,data/features/dinov3_vitb16_attr_decking_material_assets.csv,classification,dinov3_frozen_embeddings_logistic_regression_tuned,logistic_regression_tuned,GroupKFold,5,5,58162,Steel,Steel,True,0.1,balanced,0.5294688799059448
attr_decking_material,attr_decking_material,data/processed/train/attr_decking_material_train.csv,data/features/dinov3_vitb16_attr_decking_material_assets.csv,classification,dinov3_frozen_embeddings_logistic_regression_tuned,logistic_regression_tuned,GroupKFold,5,5,58163,Timber,Timber,True,0.1,balanced,0.5294688799059448
attr_decking_material,attr_decking_material,data/processed/train/attr_decking_material_train.csv,data/features/dinov3_vitb16_attr_decking_material_assets.csv,classification,dinov3_frozen_embeddings_logistic_regression_tuned,logistic_regression_tuned,GroupKFold,5,5,58164,Timber,Timber,True,0.1,balanced,0.5294688799059448
attr_decking_material,attr_decking_material,data/processed/train/attr_decking_material_train.csv,data/features/dinov3_vitb16_attr_decking_material_assets.csv,classification,dinov3_frozen_embeddings_logistic_regression_tuned,logistic_regression_tuned,GroupKFold,5,5,58956,Timber,Timber,True,0.1,balanced,0.5294688799059448
attr_decking_material,attr_decking_material,data/processed/train/attr_decking_material_train.csv,data/features/dinov3_vitb16_attr_decking_material_assets.csv,classification,dinov3_frozen_embeddings_logistic_regression_tuned,logistic_regression_tuned,GroupKFold,5,5,62290,Timber,Timber,True,0.1,balanced,0.5294688799059448
attr_decking_material,attr_decking_material,data/processed/train/attr_decking_material_train.csv,data/features/dinov3_vitb16_attr_decking_material_assets.csv,classification,dinov3_frozen_embeddings_logistic_regression_tuned,logistic_regression_tuned,GroupKFold,5,5,63067,Timber,Timber,True,0.1,balanced,0.5294688799059448
attr_decking_material,attr_decking_material,data/processed/train/attr_decking_material_train.csv,data/features/dinov3_vitb16_attr_decking_material_assets.csv,classification,dinov3_frozen_embeddings_logistic_regression_tuned,logistic_regression_tuned,GroupKFold,5,5,63539,Timber,Timber,True,0.1,balanced,0.5294688799059448
attr_decking_material,attr_decking_material,data/processed/train/attr_decking_material_train.csv,data/features/dinov3_vitb16_attr_decking_material_assets.csv,classification,dinov3_frozen_embeddings_logistic_regression_tuned,logistic_regression_tuned,GroupKFold,5,5,63540,Timber,Timber,True,0.1,balanced,0.5294688799059448
attr_decking_material,attr_decking_material,data/processed/train/attr_decking_material_train.csv,data/features/dinov3_vitb16_attr_decking_material_assets.csv,classification,dinov3_frozen_embeddings_logistic_regression_tuned,logistic_regression_tuned,GroupKFold,5,5,64102,Timber,Timber,True,0.1,balanced,0.5294688799059448
attr_decking_material,attr_decking_material,data/processed/train/attr_decking_material_train.csv,data/features/dinov3_vitb16_attr_decking_material_assets.csv,classification,dinov3_frozen_embeddings_logistic_regression_tuned,logistic_regression_tuned,GroupKFold,5,5,64104,Timber,Timber,True,0.1,balanced,0.5294688799059448
attr_decking_material,attr_decking_material,data/processed/train/attr_decking_material_train.csv,data/features/dinov3_vitb16_attr_decking_material_assets.csv,classification,dinov3_frozen_embeddings_logistic_regression_tuned,logistic_regression_tuned,GroupKFold,5,5,64109,Timber,Timber,True,0.1,balanced,0.5294688799059448
attr_decking_material,attr_decking_material,data/processed/train/attr_decking_material_train.csv,data/features/dinov3_vitb16_attr_decking_material_assets.csv,classification,dinov3_frozen_embeddings_logistic_regression_tuned,logistic_regression_tuned,GroupKFold,5,5,65154,Timber,Timber,True,0.1,balanced,0.5294688799059448
attr_decking_material,attr_decking_material,data/processed/train/attr_decking_material_train.csv,data/features/dinov3_vitb16_attr_decking_material_assets.csv,classification,dinov3_frozen_embeddings_logistic_regression_tuned,logistic_regression_tuned,GroupKFold,5,5,65790,Timber,Timber,True,0.1,balanced,0.5294688799059448
attr_decking_material,attr_decking_material,data/processed/train/attr_decking_material_train.csv,data/features/dinov3_vitb16_attr_decking_material_assets.csv,classification,dinov3_frozen_embeddings_logistic_regression_tuned,logistic_regression_tuned,GroupKFold,5,5,66917,Timber,Timber,True,0.1,balanced,0.5294688799059448
attr_decking_material,attr_decking_material,data/processed/train/attr_decking_material_train.csv,data/features/dinov3_vitb16_attr_decking_material_assets.csv,classification,dinov3_frozen_embeddings_logistic_regression_tuned,logistic_regression_tuned,GroupKFold,5,5,79958,Timber,Timber,True,0.1,balanced,0.5294688799059448
attr_decking_material,attr_decking_material,data/processed/train/attr_decking_material_train.csv,data/features/dinov3_vitb16_attr_decking_material_assets.csv,classification,dinov3_frozen_embeddings_logistic_regression_tuned,logistic_regression_tuned,GroupKFold,5,5,82385,Timber,Timber,True,0.1,balanced,0.5294688799059448
attr_decking_material,attr_decking_material,data/processed/train/attr_decking_material_train.csv,data/features/dinov3_vitb16_attr_decking_material_assets.csv,classification,dinov3_frozen_embeddings_logistic_regression_tuned,logistic_regression_tuned,GroupKFold,5,5,83513,Timber,Timber,True,0.1,balanced,0.5294688799059448
attr_decking_material,attr_decking_material,data/processed/train/attr_decking_material_train.csv,data/features/dinov3_vitb16_attr_decking_material_assets.csv,classification,dinov3_frozen_embeddings_logistic_regression_tuned,logistic_regression_tuned,GroupKFold,5,5,86597,Timber,Timber,True,0.1,balanced,0.5294688799059448
attr_decking_material,attr_decking_material,data/processed/train/attr_decking_material_train.csv,data/features/dinov3_vitb16_attr_decking_material_assets.csv,classification,dinov3_frozen_embeddings_logistic_regression_tuned,logistic_regression_tuned,GroupKFold,5,5,88280,Timber,Timber,True,0.1,balanced,0.5294688799059448
attr_decking_material,attr_decking_material,data/processed/train/attr_decking_material_train.csv,data/features/dinov3_vitb16_attr_decking_material_assets.csv,classification,dinov3_frozen_embeddings_logistic_regression_tuned,logistic_regression_tuned,GroupKFold,5,5,88838,Timber,Timber,True,0.1,balanced,0.5294688799059448
attr_decking_material,attr_decking_material,data/processed/train/attr_decking_material_train.csv,data/features/dinov3_vitb16_attr_decking_material_assets.csv,classification,dinov3_frozen_embeddings_logistic_regression_tuned,logistic_regression_tuned,GroupKFold,5,5,88857,Timber,Timber,True,0.1,balanced,0.5294688799059448
attr_decking_material,attr_decking_material,data/processed/train/attr_decking_material_train.csv,data/features/dinov3_vitb16_attr_decking_material_assets.csv,classification,dinov3_frozen_embeddings_logistic_regression_tuned,logistic_regression_tuned,GroupKFold,5,5,90361,Timber,Timber,True,0.1,balanced,0.5294688799059448
attr_decking_material,attr_decking_material,data/processed/train/attr_decking_material_train.csv,data/features/dinov3_vitb16_attr_decking_material_assets.csv,classification,dinov3_frozen_embeddings_logistic_regression_tuned,logistic_regression_tuned,GroupKFold,5,5,90408,Timber,Timber,True,0.1,balanced,0.5294688799059448
attr_decking_material,attr_decking_material,data/processed/train/attr_decking_material_train.csv,data/features/dinov3_vitb16_attr_decking_material_assets.csv,classification,dinov3_frozen_embeddings_logistic_regression_tuned,logistic_regression_tuned,GroupKFold,5,5,90412,Timber,Timber,True,0.1,balanced,0.5294688799059448
attr_decking_material,attr_decking_material,data/processed/train/attr_decking_material_train.csv,data/features/dinov3_vitb16_attr_decking_material_assets.csv,classification,dinov3_frozen_embeddings_logistic_regression_tuned,logistic_regression_tuned,GroupKFold,5,5,90424,Timber,Timber,True,0.1,balanced,0.5294688799059448
attr_decking_material,attr_decking_material,data/processed/train/attr_decking_material_train.csv,data/features/dinov3_vitb16_attr_decking_material_assets.csv,classification,dinov3_frozen_embeddings_logistic_regression_tuned,logistic_regression_tuned,GroupKFold,5,5,91248,Timber,Timber,True,0.1,balanced,0.5294688799059448
attr_decking_material,attr_decking_material,data/processed/train/attr_decking_material_train.csv,data/features/dinov3_vitb16_attr_decking_material_assets.csv,classification,dinov3_frozen_embeddings_logistic_regression_tuned,logistic_regression_tuned,GroupKFold,5,5,91253,Timber,Timber,True,0.1,balanced,0.5294688799059448
attr_decking_material,attr_decking_material,data/processed/train/attr_decking_material_train.csv,data/features/dinov3_vitb16_attr_decking_material_assets.csv,classification,dinov3_frozen_embeddings_logistic_regression_tuned,logistic_regression_tuned,GroupKFold,5,5,92854,Timber,Timber,True,0.1,balanced,0.5294688799059448
attr_decking_material,attr_decking_material,data/processed/train/attr_decking_material_train.csv,data/features/dinov3_vitb16_attr_decking_material_assets.csv,classification,dinov3_frozen_embeddings_logistic_regression_tuned,logistic_regression_tuned,GroupKFold,5,5,93041,Timber,Timber,True,0.1,balanced,0.5294688799059448
attr_decking_material,attr_decking_material,data/processed/train/attr_decking_material_train.csv,data/features/dinov3_vitb16_attr_decking_material_assets.csv,classification,dinov3_frozen_embeddings_logistic_regression_tuned,logistic_regression_tuned,GroupKFold,5,5,94779,Timber,Timber,True,0.1,balanced,0.5294688799059448
attr_decking_material,attr_decking_material,data/processed/train/attr_decking_material_train.csv,data/features/dinov3_vitb16_attr_decking_material_assets.csv,classification,dinov3_frozen_embeddings_logistic_regression_tuned,logistic_regression_tuned,GroupKFold,5,5,96561,Steel,Steel,True,0.1,balanced,0.5294688799059448
attr_decking_material,attr_decking_material,data/processed/train/attr_decking_material_train.csv,data/features/dinov3_vitb16_attr_decking_material_assets.csv,classification,dinov3_frozen_embeddings_logistic_regression_tuned,logistic_regression_tuned,GroupKFold,5,5,98531,Timber,Steel,False,0.1,balanced,0.5294688799059448
attr_decking_material,attr_decking_material,data/processed/train/attr_decking_material_train.csv,data/features/dinov3_vitb16_attr_decking_material_assets.csv,classification,dinov3_frozen_embeddings_logistic_regression_tuned,logistic_regression_tuned,GroupKFold,5,5,100111,Timber,Timber,True,0.1,balanced,0.5294688799059448
attr_decking_material,attr_decking_material,data/processed/train/attr_decking_material_train.csv,data/features/dinov3_vitb16_attr_decking_material_assets.csv,classification,dinov3_frozen_embeddings_logistic_regression_tuned,logistic_regression_tuned,GroupKFold,5,5,100140,Timber,Timber,True,0.1,balanced,0.5294688799059448
attr_decking_material,attr_decking_material,data/processed/train/attr_decking_material_train.csv,data/features/dinov3_vitb16_attr_decking_material_assets.csv,classification,dinov3_frozen_embeddings_logistic_regression_tuned,logistic_regression_tuned,GroupKFold,5,5,100184,Timber,Timber,True,0.1,balanced,0.5294688799059448
attr_decking_material,attr_decking_material,data/processed/train/attr_decking_material_train.csv,data/features/dinov3_vitb16_attr_decking_material_assets.csv,classification,dinov3_frozen_embeddings_logistic_regression_tuned,logistic_regression_tuned,GroupKFold,5,5,100475,Timber,Timber,True,0.1,balanced,0.5294688799059448
attr_decking_material,attr_decking_material,data/processed/train/attr_decking_material_train.csv,data/features/dinov3_vitb16_attr_decking_material_assets.csv,classification,dinov3_frozen_embeddings_logistic_regression_tuned,logistic_regression_tuned,GroupKFold,5,5,100479,Timber,Timber,True,0.1,balanced,0.5294688799059448
attr_decking_material,attr_decking_material,data/processed/train/attr_decking_material_train.csv,data/features/dinov3_vitb16_attr_decking_material_assets.csv,classification,dinov3_frozen_embeddings_logistic_regression_tuned,logistic_regression_tuned,GroupKFold,5,5,101779,Timber,Steel,False,0.1,balanced,0.5294688799059448
attr_decking_material,attr_decking_material,data/processed/train/attr_decking_material_train.csv,data/features/dinov3_vitb16_attr_decking_material_assets.csv,classification,dinov3_frozen_embeddings_logistic_regression_tuned,logistic_regression_tuned,GroupKFold,5,5,101826,Steel,Steel,True,0.1,balanced,0.5294688799059448
attr_decking_material,attr_decking_material,data/processed/train/attr_decking_material_train.csv,data/features/dinov3_vitb16_attr_decking_material_assets.csv,classification,dinov3_frozen_embeddings_logistic_regression_tuned,logistic_regression_tuned,GroupKFold,5,5,103721,Timber,Timber,True,0.1,balanced,0.5294688799059448
attr_decking_material,attr_decking_material,data/processed/train/attr_decking_material_train.csv,data/features/dinov3_vitb16_attr_decking_material_assets.csv,classification,dinov3_frozen_embeddings_logistic_regression_tuned,logistic_regression_tuned,GroupKFold,5,5,104857,Timber,Timber,True,0.1,balanced,0.5294688799059448
attr_decking_material,attr_decking_material,data/processed/train/attr_decking_material_train.csv,data/features/dinov3_vitb16_attr_decking_material_assets.csv,classification,dinov3_frozen_embeddings_logistic_regression_tuned,logistic_regression_tuned,GroupKFold,5,5,105042,Timber,Timber,True,0.1,balanced,0.5294688799059448
attr_decking_material,attr_decking_material,data/processed/train/attr_decking_material_train.csv,data/features/dinov3_vitb16_attr_decking_material_assets.csv,classification,dinov3_frozen_embeddings_logistic_regression_tuned,logistic_regression_tuned,GroupKFold,5,5,105287,Timber,Timber,True,0.1,balanced,0.5294688799059448
attr_decking_material,attr_decking_material,data/processed/train/attr_decking_material_train.csv,data/features/dinov3_vitb16_attr_decking_material_assets.csv,classification,dinov3_frozen_embeddings_logistic_regression_tuned,logistic_regression_tuned,GroupKFold,5,5,106035,Timber,Timber,True,0.1,balanced,0.5294688799059448
attr_decking_material,attr_decking_material,data/processed/train/attr_decking_material_train.csv,data/features/dinov3_vitb16_attr_decking_material_assets.csv,classification,dinov3_frozen_embeddings_logistic_regression_tuned,logistic_regression_tuned,GroupKFold,5,5,107041,Timber,Timber,True,0.1,balanced,0.5294688799059448
attr_decking_material,attr_decking_material,data/processed/train/attr_decking_material_train.csv,data/features/dinov3_vitb16_attr_decking_material_assets.csv,classification,dinov3_frozen_embeddings_logistic_regression_tuned,logistic_regression_tuned,GroupKFold,5,5,107058,Timber,Timber,True,0.1,balanced,0.5294688799059448
attr_decking_material,attr_decking_material,data/processed/train/attr_decking_material_train.csv,data/features/dinov3_vitb16_attr_decking_material_assets.csv,classification,dinov3_frozen_embeddings_logistic_regression_tuned,logistic_regression_tuned,GroupKFold,5,5,107885,Steel,Steel,True,0.1,balanced,0.5294688799059448
attr_decking_material,attr_decking_material,data/processed/train/attr_decking_material_train.csv,data/features/dinov3_vitb16_attr_decking_material_assets.csv,classification,dinov3_frozen_embeddings_logistic_regression_tuned,logistic_regression_tuned,GroupKFold,5,5,107895,Steel,Steel,True,0.1,balanced,0.5294688799059448
attr_decking_material,attr_decking_material,data/processed/train/attr_decking_material_train.csv,data/features/dinov3_vitb16_attr_decking_material_assets.csv,classification,dinov3_frozen_embeddings_logistic_regression_tuned,logistic_regression_tuned,GroupKFold,5,5,108330,Timber,Timber,True,0.1,balanced,0.5294688799059448
attr_decking_material,attr_decking_material,data/processed/train/attr_decking_material_train.csv,data/features/dinov3_vitb16_attr_decking_material_assets.csv,classification,dinov3_frozen_embeddings_logistic_regression_tuned,logistic_regression_tuned,GroupKFold,5,5,108663,Timber,Timber,True,0.1,balanced,0.5294688799059448
attr_decking_material,attr_decking_material,data/processed/train/attr_decking_material_train.csv,data/features/dinov3_vitb16_attr_decking_material_assets.csv,classification,dinov3_frozen_embeddings_logistic_regression_tuned,logistic_regression_tuned,GroupKFold,5,5,108665,Timber,Timber,True,0.1,balanced,0.5294688799059448
attr_decking_material,attr_decking_material,data/processed/train/attr_decking_material_train.csv,data/features/dinov3_vitb16_attr_decking_material_assets.csv,classification,dinov3_frozen_embeddings_logistic_regression_tuned,logistic_regression_tuned,GroupKFold,5,5,109138,Steel,Timber,False,0.1,balanced,0.5294688799059448
attr_decking_material,attr_decking_material,data/processed/train/attr_decking_material_train.csv,data/features/dinov3_vitb16_attr_decking_material_assets.csv,classification,dinov3_frozen_embeddings_logistic_regression_tuned,logistic_regression_tuned,GroupKFold,5,5,109160,Timber,Timber,True,0.1,balanced,0.5294688799059448
attr_decking_material,attr_decking_material,data/processed/train/attr_decking_material_train.csv,data/features/dinov3_vitb16_attr_decking_material_assets.csv,classification,dinov3_frozen_embeddings_logistic_regression_tuned,logistic_regression_tuned,GroupKFold,5,5,109407,Timber,Timber,True,0.1,balanced,0.5294688799059448
attr_decking_material,attr_decking_material,data/processed/train/attr_decking_material_train.csv,data/features/dinov3_vitb16_attr_decking_material_assets.csv,classification,dinov3_frozen_embeddings_logistic_regression_tuned,logistic_regression_tuned,GroupKFold,5,5,109534,Timber,Timber,True,0.1,balanced,0.5294688799059448
attr_decking_material,attr_decking_material,data/processed/train/attr_decking_material_train.csv,data/features/dinov3_vitb16_attr_decking_material_assets.csv,classification,dinov3_frozen_embeddings_logistic_regression_tuned,logistic_regression_tuned,GroupKFold,5,5,109535,Timber,Timber,True,0.1,balanced,0.5294688799059448
attr_decking_material,attr_decking_material,data/processed/train/attr_decking_material_train.csv,data/features/dinov3_vitb16_attr_decking_material_assets.csv,classification,dinov3_frozen_embeddings_logistic_regression_tuned,logistic_regression_tuned,GroupKFold,5,5,109537,Timber,Timber,True,0.1,balanced,0.5294688799059448
attr_decking_material,attr_decking_material,data/processed/train/attr_decking_material_train.csv,data/features/dinov3_vitb16_attr_decking_material_assets.csv,classification,dinov3_frozen_embeddings_logistic_regression_tuned,logistic_regression_tuned,GroupKFold,5,5,109619,Timber,Timber,True,0.1,balanced,0.5294688799059448
attr_decking_material,attr_decking_material,data/processed/train/attr_decking_material_train.csv,data/features/dinov3_vitb16_attr_decking_material_assets.csv,classification,dinov3_frozen_embeddings_logistic_regression_tuned,logistic_regression_tuned,GroupKFold,5,5,110788,Timber,Timber,True,0.1,balanced,0.5294688799059448
attr_decking_material,attr_decking_material,data/processed/train/attr_decking_material_train.csv,data/features/dinov3_vitb16_attr_decking_material_assets.csv,classification,dinov3_frozen_embeddings_logistic_regression_tuned,logistic_regression_tuned,GroupKFold,5,5,111002,Timber,Timber,True,0.1,balanced,0.5294688799059448
attr_decking_material,attr_decking_material,data/processed/train/attr_decking_material_train.csv,data/features/dinov3_vitb16_attr_decking_material_assets.csv,classification,dinov3_frozen_embeddings_logistic_regression_tuned,logistic_regression_tuned,GroupKFold,5,5,111914,Timber,Timber,True,0.1,balanced,0.5294688799059448
attr_decking_material,attr_decking_material,data/processed/train/attr_decking_material_train.csv,data/features/dinov3_vitb16_attr_decking_material_assets.csv,classification,dinov3_frozen_embeddings_logistic_regression_tuned,logistic_regression_tuned,GroupKFold,5,5,113804,Timber,Timber,True,0.1,balanced,0.5294688799059448
attr_decking_material,attr_decking_material,data/processed/train/attr_decking_material_train.csv,data/features/dinov3_vitb16_attr_decking_material_assets.csv,classification,dinov3_frozen_embeddings_logistic_regression_tuned,logistic_regression_tuned,GroupKFold,5,5,114081,Timber,Timber,True,0.1,balanced,0.5294688799059448
attr_decking_material,attr_decking_material,data/processed/train/attr_decking_material_train.csv,data/features/dinov3_vitb16_attr_decking_material_assets.csv,classification,dinov3_frozen_embeddings_logistic_regression_tuned,logistic_regression_tuned,GroupKFold,5,5,114291,Timber,Timber,True,0.1,balanced,0.5294688799059448
attr_decking_material,attr_decking_material,data/processed/train/attr_decking_material_train.csv,data/features/dinov3_vitb16_attr_decking_material_assets.csv,classification,dinov3_frozen_embeddings_logistic_regression_tuned,logistic_regression_tuned,GroupKFold,5,5,114815,Timber,Steel,False,0.1,balanced,0.5294688799059448
attr_decking_material,attr_decking_material,data/processed/train/attr_decking_material_train.csv,data/features/dinov3_vitb16_attr_decking_material_assets.csv,classification,dinov3_frozen_embeddings_logistic_regression_tuned,logistic_regression_tuned,GroupKFold,5,5,114947,Timber,Timber,True,0.1,balanced,0.5294688799059448
attr_decking_material,attr_decking_material,data/processed/train/attr_decking_material_train.csv,data/features/dinov3_vitb16_attr_decking_material_assets.csv,classification,dinov3_frozen_embeddings_logistic_regression_tuned,logistic_regression_tuned,GroupKFold,5,5,114951,Timber,Timber,True,0.1,balanced,0.5294688799059448
attr_decking_material,attr_decking_material,data/processed/train/attr_decking_material_train.csv,data/features/dinov3_vitb16_attr_decking_material_assets.csv,classification,dinov3_frozen_embeddings_logistic_regression_tuned,logistic_regression_tuned,GroupKFold,5,5,115209,Timber,Timber,True,0.1,balanced,0.5294688799059448
attr_decking_material,attr_decking_material,data/processed/train/attr_decking_material_train.csv,data/features/dinov3_vitb16_attr_decking_material_assets.csv,classification,dinov3_frozen_embeddings_logistic_regression_tuned,logistic_regression_tuned,GroupKFold,5,5,115814,Timber,Timber,True,0.1,balanced,0.5294688799059448
attr_decking_material,attr_decking_material,data/processed/train/attr_decking_material_train.csv,data/features/dinov3_vitb16_attr_decking_material_assets.csv,classification,dinov3_frozen_embeddings_logistic_regression_tuned,logistic_regression_tuned,GroupKFold,5,5,115870,Timber,Timber,True,0.1,balanced,0.5294688799059448
attr_decking_material,attr_decking_material,data/processed/train/attr_decking_material_train.csv,data/features/dinov3_vitb16_attr_decking_material_assets.csv,classification,dinov3_frozen_embeddings_logistic_regression_tuned,logistic_regression_tuned,GroupKFold,5,5,116051,Timber,Timber,True,0.1,balanced,0.5294688799059448
attr_decking_material,attr_decking_material,data/processed/train/attr_decking_material_train.csv,data/features/dinov3_vitb16_attr_decking_material_assets.csv,classification,dinov3_frozen_embeddings_logistic_regression_tuned,logistic_regression_tuned,GroupKFold,5,5,116853,Timber,Timber,True,0.1,balanced,0.5294688799059448
attr_decking_material,attr_decking_material,data/processed/train/attr_decking_material_train.csv,data/features/dinov3_vitb16_attr_decking_material_assets.csv,classification,dinov3_frozen_embeddings_logistic_regression_tuned,logistic_regression_tuned,GroupKFold,5,5,117197,Steel,Steel,True,0.1,balanced,0.5294688799059448
attr_decking_material,attr_decking_material,data/processed/train/attr_decking_material_train.csv,data/features/dinov3_vitb16_attr_decking_material_assets.csv,classification,dinov3_frozen_embeddings_logistic_regression_tuned,logistic_regression_tuned,GroupKFold,5,5,117204,Steel,Steel,True,0.1,balanced,0.5294688799059448
attr_decking_material,attr_decking_material,data/processed/train/attr_decking_material_train.csv,data/features/dinov3_vitb16_attr_decking_material_assets.csv,classification,dinov3_frozen_embeddings_logistic_regression_tuned,logistic_regression_tuned,GroupKFold,5,5,117216,Steel,Steel,True,0.1,balanced,0.5294688799059448
attr_decking_material,attr_decking_material,data/processed/train/attr_decking_material_train.csv,data/features/dinov3_vitb16_attr_decking_material_assets.csv,classification,dinov3_frozen_embeddings_logistic_regression_tuned,logistic_regression_tuned,GroupKFold,5,5,117297,Timber,Timber,True,0.1,balanced,0.5294688799059448
attr_decking_material,attr_decking_material,data/processed/train/attr_decking_material_train.csv,data/features/dinov3_vitb16_attr_decking_material_assets.csv,classification,dinov3_frozen_embeddings_logistic_regression_tuned,logistic_regression_tuned,GroupKFold,5,5,118759,Timber,Timber,True,0.1,balanced,0.5294688799059448
attr_decking_material,attr_decking_material,data/processed/train/attr_decking_material_train.csv,data/features/dinov3_vitb16_attr_decking_material_assets.csv,classification,dinov3_frozen_embeddings_logistic_regression_tuned,logistic_regression_tuned,GroupKFold,5,5,118878,Timber,Timber,True,0.1,balanced,0.5294688799059448
attr_decking_material,attr_decking_material,data/processed/train/attr_decking_material_train.csv,data/features/dinov3_vitb16_attr_decking_material_assets.csv,classification,dinov3_frozen_embeddings_logistic_regression_tuned,logistic_regression_tuned,GroupKFold,5,5,118923,Steel,Concrete,False,0.1,balanced,0.5294688799059448
attr_decking_material,attr_decking_material,data/processed/train/attr_decking_material_train.csv,data/features/dinov3_vitb16_attr_decking_material_assets.csv,classification,dinov3_frozen_embeddings_logistic_regression_tuned,logistic_regression_tuned,GroupKFold,5,5,119977,Timber,Timber,True,0.1,balanced,0.5294688799059448
attr_decking_material,attr_decking_material,data/processed/train/attr_decking_material_train.csv,data/features/dinov3_vitb16_attr_decking_material_assets.csv,classification,dinov3_frozen_embeddings_logistic_regression_tuned,logistic_regression_tuned,GroupKFold,5,5,120294,Timber,Timber,True,0.1,balanced,0.5294688799059448
attr_decking_material,attr_decking_material,data/processed/train/attr_decking_material_train.csv,data/features/dinov3_vitb16_attr_decking_material_assets.csv,classification,dinov3_frozen_embeddings_logistic_regression_tuned,logistic_regression_tuned,GroupKFold,5,5,120999,Timber,Timber,True,0.1,balanced,0.5294688799059448
attr_decking_material,attr_decking_material,data/processed/train/attr_decking_material_train.csv,data/features/dinov3_vitb16_attr_decking_material_assets.csv,classification,dinov3_frozen_embeddings_logistic_regression_tuned,logistic_regression_tuned,GroupKFold,5,5,121698,Timber,Timber,True,0.1,balanced,0.5294688799059448
attr_decking_material,attr_decking_material,data/processed/train/attr_decking_material_train.csv,data/features/dinov3_vitb16_attr_decking_material_assets.csv,classification,dinov3_frozen_embeddings_logistic_regression_tuned,logistic_regression_tuned,GroupKFold,5,5,121755,Timber,Timber,True,0.1,balanced,0.5294688799059448
attr_decking_material,attr_decking_material,data/processed/train/attr_decking_material_train.csv,data/features/dinov3_vitb16_attr_decking_material_assets.csv,classification,dinov3_frozen_embeddings_logistic_regression_tuned,logistic_regression_tuned,GroupKFold,5,5,122034,Timber,Timber,True,0.1,balanced,0.5294688799059448
attr_decking_material,attr_decking_material,data/processed/train/attr_decking_material_train.csv,data/features/dinov3_vitb16_attr_decking_material_assets.csv,classification,dinov3_frozen_embeddings_logistic_regression_tuned,logistic_regression_tuned,GroupKFold,5,5,122178,Timber,Timber,True,0.1,balanced,0.5294688799059448
attr_decking_material,attr_decking_material,data/processed/train/attr_decking_material_train.csv,data/features/dinov3_vitb16_attr_decking_material_assets.csv,classification,dinov3_frozen_embeddings_logistic_regression_tuned,logistic_regression_tuned,GroupKFold,5,5,122244,Timber,Timber,True,0.1,balanced,0.5294688799059448
attr_decking_material,attr_decking_material,data/processed/train/attr_decking_material_train.csv,data/features/dinov3_vitb16_attr_decking_material_assets.csv,classification,dinov3_frozen_embeddings_logistic_regression_tuned,logistic_regression_tuned,GroupKFold,5,5,122445,Timber,Timber,True,0.1,balanced,0.5294688799059448
attr_decking_material,attr_decking_material,data/processed/train/attr_decking_material_train.csv,data/features/dinov3_vitb16_attr_decking_material_assets.csv,classification,dinov3_frozen_embeddings_logistic_regression_tuned,logistic_regression_tuned,GroupKFold,5,5,122456,Timber,Timber,True,0.1,balanced,0.5294688799059448
attr_decking_material,attr_decking_material,data/processed/train/attr_decking_material_train.csv,data/features/dinov3_vitb16_attr_decking_material_assets.csv,classification,dinov3_frozen_embeddings_logistic_regression_tuned,logistic_regression_tuned,GroupKFold,5,5,122981,Timber,Timber,True,0.1,balanced,0.5294688799059448
attr_decking_material,attr_decking_material,data/processed/train/attr_decking_material_train.csv,data/features/dinov3_vitb16_attr_decking_material_assets.csv,classification,dinov3_frozen_embeddings_logistic_regression_tuned,logistic_regression_tuned,GroupKFold,5,5,123000,Timber,Timber,True,0.1,balanced,0.5294688799059448
attr_decking_material,attr_decking_material,data/processed/train/attr_decking_material_train.csv,data/features/dinov3_vitb16_attr_decking_material_assets.csv,classification,dinov3_frozen_embeddings_logistic_regression_tuned,logistic_regression_tuned,GroupKFold,5,5,123161,Timber,Timber,True,0.1,balanced,0.5294688799059448
attr_decking_material,attr_decking_material,data/processed/train/attr_decking_material_train.csv,data/features/dinov3_vitb16_attr_decking_material_assets.csv,classification,dinov3_frozen_embeddings_logistic_regression_tuned,logistic_regression_tuned,GroupKFold,5,5,123164,Timber,Timber,True,0.1,balanced,0.5294688799059448
attr_decking_material,attr_decking_material,data/processed/train/attr_decking_material_train.csv,data/features/dinov3_vitb16_attr_decking_material_assets.csv,classification,dinov3_frozen_embeddings_logistic_regression_tuned,logistic_regression_tuned,GroupKFold,5,5,123182,Timber,Timber,True,0.1,balanced,0.5294688799059448
attr_decking_material,attr_decking_material,data/processed/train/attr_decking_material_train.csv,data/features/dinov3_vitb16_attr_decking_material_assets.csv,classification,dinov3_frozen_embeddings_logistic_regression_tuned,logistic_regression_tuned,GroupKFold,5,5,123218,Timber,Timber,True,0.1,balanced,0.5294688799059448
attr_decking_material,attr_decking_material,data/processed/train/attr_decking_material_train.csv,data/features/dinov3_vitb16_attr_decking_material_assets.csv,classification,dinov3_frozen_embeddings_logistic_regression_tuned,logistic_regression_tuned,GroupKFold,5,5,123364,Timber,Timber,True,0.1,balanced,0.5294688799059448
attr_decking_material,attr_decking_material,data/processed/train/attr_decking_material_train.csv,data/features/dinov3_vitb16_attr_decking_material_assets.csv,classification,dinov3_frozen_embeddings_logistic_regression_tuned,logistic_regression_tuned,GroupKFold,5,5,124926,Steel,Steel,True,0.1,balanced,0.5294688799059448
attr_decking_material,attr_decking_material,data/processed/train/attr_decking_material_train.csv,data/features/dinov3_vitb16_attr_decking_material_assets.csv,classification,dinov3_frozen_embeddings_logistic_regression_tuned,logistic_regression_tuned,GroupKFold,5,5,126334,Timber,Timber,True,0.1,balanced,0.5294688799059448
attr_decking_material,attr_decking_material,data/processed/train/attr_decking_material_train.csv,data/features/dinov3_vitb16_attr_decking_material_assets.csv,classification,dinov3_frozen_embeddings_logistic_regression_tuned,logistic_regression_tuned,GroupKFold,5,5,126340,Steel,Steel,True,0.1,balanced,0.5294688799059448
attr_decking_material,attr_decking_material,data/processed/train/attr_decking_material_train.csv,data/features/dinov3_vitb16_attr_decking_material_assets.csv,classification,dinov3_frozen_embeddings_logistic_regression_tuned,logistic_regression_tuned,GroupKFold,5,5,126683,Timber,Steel,False,0.1,balanced,0.5294688799059448
attr_decking_material,attr_decking_material,data/processed/train/attr_decking_material_train.csv,data/features/dinov3_vitb16_attr_decking_material_assets.csv,classification,dinov3_frozen_embeddings_logistic_regression_tuned,logistic_regression_tuned,GroupKFold,5,5,126736,Steel,Steel,True,0.1,balanced,0.5294688799059448
attr_decking_material,attr_decking_material,data/processed/train/attr_decking_material_train.csv,data/features/dinov3_vitb16_attr_decking_material_assets.csv,classification,dinov3_frozen_embeddings_logistic_regression_tuned,logistic_regression_tuned,GroupKFold,5,5,126774,Steel,Steel,True,0.1,balanced,0.5294688799059448
attr_decking_material,attr_decking_material,data/processed/train/attr_decking_material_train.csv,data/features/dinov3_vitb16_attr_decking_material_assets.csv,classification,dinov3_frozen_embeddings_logistic_regression_tuned,logistic_regression_tuned,GroupKFold,5,5,126804,Aluminum,Steel,False,0.1,balanced,0.5294688799059448
attr_decking_material,attr_decking_material,data/processed/train/attr_decking_material_train.csv,data/features/dinov3_vitb16_attr_decking_material_assets.csv,classification,dinov3_frozen_embeddings_logistic_regression_tuned,logistic_regression_tuned,GroupKFold,5,5,127159,Timber,Timber,True,0.1,balanced,0.5294688799059448
attr_decking_material,attr_decking_material,data/processed/train/attr_decking_material_train.csv,data/features/dinov3_vitb16_attr_decking_material_assets.csv,classification,dinov3_frozen_embeddings_logistic_regression_tuned,logistic_regression_tuned,GroupKFold,5,5,127203,Timber,Timber,True,0.1,balanced,0.5294688799059448
attr_decking_material,attr_decking_material,data/processed/train/attr_decking_material_train.csv,data/features/dinov3_vitb16_attr_decking_material_assets.csv,classification,dinov3_frozen_embeddings_logistic_regression_tuned,logistic_regression_tuned,GroupKFold,5,5,127582,Timber,Timber,True,0.1,balanced,0.5294688799059448
attr_decking_material,attr_decking_material,data/processed/train/attr_decking_material_train.csv,data/features/dinov3_vitb16_attr_decking_material_assets.csv,classification,dinov3_frozen_embeddings_logistic_regression_tuned,logistic_regression_tuned,GroupKFold,5,5,128831,Timber,Timber,True,0.1,balanced,0.5294688799059448
attr_decking_material,attr_decking_material,data/processed/train/attr_decking_material_train.csv,data/features/dinov3_vitb16_attr_decking_material_assets.csv,classification,dinov3_frozen_embeddings_logistic_regression_tuned,logistic_regression_tuned,GroupKFold,5,5,54072,Timber,Timber,True,0.1,balanced,0.5294688799059448
attr_decking_material,attr_decking_material,data/processed/train/attr_decking_material_train.csv,data/features/dinov3_vitb16_attr_decking_material_assets.csv,classification,dinov3_frozen_embeddings_logistic_regression_tuned,logistic_regression_tuned,GroupKFold,5,5,102358,Timber,Timber,True,0.1,balanced,0.5294688799059448
attr_decking_material,attr_decking_material,data/processed/train/attr_decking_material_train.csv,data/features/dinov3_vitb16_attr_decking_material_assets.csv,classification,dinov3_frozen_embeddings_logistic_regression_tuned,logistic_regression_tuned,GroupKFold,5,5,57509,Timber,Timber,True,0.1,balanced,0.5294688799059448
attr_decking_material,attr_decking_material,data/processed/train/attr_decking_material_train.csv,data/features/dinov3_vitb16_attr_decking_material_assets.csv,classification,dinov3_frozen_embeddings_logistic_regression_tuned,logistic_regression_tuned,GroupKFold,5,5,64468,Timber,Timber,True,0.1,balanced,0.5294688799059448
attr_decking_material,attr_decking_material,data/processed/train/attr_decking_material_train.csv,data/features/dinov3_vitb16_attr_decking_material_assets.csv,classification,dinov3_frozen_embeddings_logistic_regression_tuned,logistic_regression_tuned,GroupKFold,5,5,66956,Timber,Timber,True,0.1,balanced,0.5294688799059448
attr_decking_material,attr_decking_material,data/processed/train/attr_decking_material_train.csv,data/features/dinov3_vitb16_attr_decking_material_assets.csv,classification,dinov3_frozen_embeddings_logistic_regression_tuned,logistic_regression_tuned,GroupKFold,5,5,66957,Timber,Timber,True,0.1,balanced,0.5294688799059448
attr_decking_material,attr_decking_material,data/processed/train/attr_decking_material_train.csv,data/features/dinov3_vitb16_attr_decking_material_assets.csv,classification,dinov3_frozen_embeddings_logistic_regression_tuned,logistic_regression_tuned,GroupKFold,5,5,68018,Timber,Timber,True,0.1,balanced,0.5294688799059448
attr_decking_material,attr_decking_material,data/processed/train/attr_decking_material_train.csv,data/features/dinov3_vitb16_attr_decking_material_assets.csv,classification,dinov3_frozen_embeddings_logistic_regression_tuned,logistic_regression_tuned,GroupKFold,5,5,85146,Timber,Timber,True,0.1,balanced,0.5294688799059448
attr_decking_material,attr_decking_material,data/processed/train/attr_decking_material_train.csv,data/features/dinov3_vitb16_attr_decking_material_assets.csv,classification,dinov3_frozen_embeddings_logistic_regression_tuned,logistic_regression_tuned,GroupKFold,5,5,87775,Composite,Concrete,False,0.1,balanced,0.5294688799059448
attr_decking_material,attr_decking_material,data/processed/train/attr_decking_material_train.csv,data/features/dinov3_vitb16_attr_decking_material_assets.csv,classification,dinov3_frozen_embeddings_logistic_regression_tuned,logistic_regression_tuned,GroupKFold,5,5,90699,Timber,Timber,True,0.1,balanced,0.5294688799059448
attr_decking_material,attr_decking_material,data/processed/train/attr_decking_material_train.csv,data/features/dinov3_vitb16_attr_decking_material_assets.csv,classification,dinov3_frozen_embeddings_logistic_regression_tuned,logistic_regression_tuned,GroupKFold,5,5,97887,Timber,Concrete,False,0.1,balanced,0.5294688799059448
